os,cpu,gpu,ram,kernel,driver,cpuscheduler
CachyOS,AMD Ryzen 7 9800X3D 8-Core Processor,NVIDIA GeForce RTX 4090,98499656,6.17.9-2-cachyos,,performance
fps,frametime,cpu_load,cpu_power,gpu_load,cpu_temp,gpu_temp,gpu_core_clock,gpu_mem_clock,gpu_vram_used,gpu_power,ram_used,swap_used,process_rss,cpu_mhz,elapsed
556.795,1.79599,44.4733,0,86,66,44,2760,10501,5.12965,166,16.8729,0,0,5444,48816866
365.245,2.73789,44.4733,0,86,66,44,2760,10501,5.12965,166,16.8729,0,0,5444,51555112
390.036,2.56386,44.4733,0,86,66,44,2760,10501,5.12965,166,16.8729,0,0,5444,54119324
363.691,2.74958,44.4733,0,86,66,44,2760,10501,5.12965,166,16.8729,0,0,5444,56869186
383.897,2.60487,44.4733,0,86,66,44,2760,10501,5.12965,166,16.8729,0,0,5444,59474418
372.946,2.68135,44.4733,0,86,66,44,2760,10501,5.12965,166,16.8729,0,0,5444,62156181
217.922,4.58881,44.4733,0,86,66,44,2760,10501,5.12965,166,16.8729,0,0,5444,66745471
462.982,2.15991,44.4733,0,86,66,44,2760,10501,5.12965,166,16.8729,0,0,5444,68905524
545.527,1.83309,44.4733,0,86,66,44,2760,10501,5.12965,166,16.8729,0,0,5444,70739086
227.18,4.40179,44.4733,0,86,66,44,2760,10501,5.12965,166,16.8729,0,0,5444,75141109
609.729,1.64007,44.4733,0,86,66,44,2760,10501,5.12965,166,16.8729,0,0,5444,76781463
448.429,2.23001,44.4733,0,86,66,44,2760,10501,5.12965,166,16.8729,0,0,5444,79012028
405.582,2.46559,44.4733,0,86,66,44,2760,10501,5.12965,166,16.8729,0,0,5444,81477852
379.039,2.63825,44.4733,0,86,66,44,2760,10501,5.12965,166,16.8729,0,0,5444,84116402
380.147,2.63056,44.4733,0,86,66,44,2760,10501,5.12965,166,16.8729,0,0,5444,86747337
349.835,2.85849,44.4733,0,86,66,44,2760,10501,5.12965,166,16.8729,0,0,5444,89606010
352.851,2.83406,44.4733,0,86,66,44,2760,10501,5.12965,166,16.8729,0,0,5444,92440452
440.309,2.27113,44.4733,0,86,66,44,2760,10501,5.12965,166,16.8729,0,0,5444,94711971
329.024,3.03929,44.4733,0,86,66,44,2760,10501,5.12965,166,16.8729,0,0,5444,97751525
214.937,4.65253,44.4733,0,86,66,44,2760,10501,5.12965,166,16.8729,0,0,5444,102404528
738.722,1.35369,44.4733,0,86,66,44,2760,10501,5.12965,166,16.8729,0,0,5444,103758343
491.351,2.0352,44.4733,0,86,66,44,2760,10501,5.12965,166,16.8729,0,0,5444,105793921
391.119,2.55677,44.4733,0,86,66,44,2760,10501,5.12965,166,16.8729,0,0,5444,108351017
344.621,2.90174,44.4733,0,86,66,44,2760,10501,5.12965,166,16.8729,0,0,5444,111253067
384.967,2.59763,44.4733,0,86,66,44,2760,10501,5.12965,166,16.8729,0,0,5444,113850923
371,2.69542,44.4733,0,86,66,44,2760,10501,5.12965,166,16.8729,0,0,5444,116546995
339.274,2.94747,44.4733,0,86,66,44,2760,10501,5.12965,166,16.8729,0,0,5444,119494623
414.025,2.41531,44.4733,0,86,66,44,2760,10501,5.12965,166,16.8729,0,0,5444,121910156
331.93,3.01269,44.4733,0,86,66,44,2760,10501,5.12965,166,16.8729,0,0,5444,124923114
297.814,3.35781,44.4733,0,86,66,44,2760,10501,5.12965,166,16.8729,0,0,5444,128281275
674.203,1.48323,44.4733,0,86,66,44,2760,10501,5.12965,166,16.8729,0,0,5444,129764700
352.901,2.83365,44.4733,0,86,66,44,2760,10501,5.12965,166,16.8729,0,0,5444,132598767
367.025,2.72461,44.4733,0,86,66,44,2760,10501,5.12965,166,16.8729,0,0,5444,135323878
355.846,2.8102,44.4733,0,86,66,44,2760,10501,5.12965,166,16.8729,0,0,5444,138134251
360.127,2.77679,44.4733,0,86,66,44,2760,10501,5.12965,166,16.8729,0,0,5444,140911374
355.904,2.80975,44.4733,0,86,66,44,2760,10501,5.12965,166,16.8729,0,0,5444,143721343
415.255,2.40816,44.4733,0,86,66,44,2760,10501,5.12965,166,16.8729,0,0,5444,146129925
370.669,2.69782,44.4733,0,86,66,44,2760,10501,5.12965,166,16.8729,0,0,5444,148828044
354.815,2.81837,44.4733,0,86,66,44,2760,10501,5.12965,166,16.8729,0,0,5444,151646889
190.407,5.2519,44.4733,0,86,66,44,2760,10501,5.12965,166,16.8729,0,0,5444,156899057
565.297,1.76898,44.4733,0,86,66,44,2760,10501,5.12965,166,16.8729,0,0,5444,158668443
305.213,3.2764,44.4733,0,86,66,44,2760,10501,5.12965,166,16.8729,0,0,5444,161945159
2976.69,0.335944,44.4733,0,86,66,44,2760,10501,5.12965,166,16.8729,0,0,5444,162281103
354.103,2.82404,44.4733,0,86,66,44,2760,10501,5.12965,166,16.8729,0,0,5444,165105593
364.109,2.74643,44.4733,0,86,66,44,2760,10501,5.12965,166,16.8729,0,0,5444,167852541
378.129,2.6446,44.4733,0,86,66,44,2760,10501,5.12965,166,16.8729,0,0,5444,170497476
336.292,2.97361,44.4733,0,86,66,44,2760,10501,5.12965,166,16.8729,0,0,5444,173471317
335.427,2.98127,44.4733,0,86,66,44,2760,10501,5.12965,166,16.8729,0,0,5444,176452908
421.165,2.37437,44.4733,0,86,66,44,2760,10501,5.12965,166,16.8729,0,0,5444,178827603
212.21,4.71231,44.4733,0,86,66,44,2760,10501,5.12965,166,16.8729,0,0,5444,183540204
619.292,1.61475,44.4733,0,86,66,44,2760,10501,5.12965,166,16.8729,0,0,5444,185155230
491.54,2.03442,44.4733,0,86,66,44,2760,10501,5.12965,166,16.8729,0,0,5444,187190020
394.119,2.53731,44.4733,0,86,66,44,2760,10501,5.12965,166,16.8729,0,0,5444,189727653
394.071,2.53761,44.4733,0,86,66,44,2760,10501,5.12965,166,16.8729,0,0,5444,192265777
360.22,2.77608,44.4733,0,86,66,44,2760,10501,5.12965,166,16.8729,0,0,5444,195042092
374.991,2.66673,44.4733,0,86,66,44,2760,10501,5.12965,166,16.8729,0,0,5444,197709355
372.075,2.68763,44.4733,0,86,66,44,2760,10501,5.12965,166,16.8729,0,0,5444,200397359
340.578,2.93619,44.4733,0,86,66,44,2760,10501,5.12965,166,16.8729,0,0,5444,203333756
356.849,2.80231,44.4733,0,86,66,44,2760,10501,5.12965,166,16.8729,0,0,5444,206136408
271.888,3.67799,44.4733,0,86,66,44,2760,10501,5.12965,166,16.8729,0,0,5444,209814734
495.625,2.01765,44.4733,0,86,66,44,2760,10501,5.12965,166,16.8729,0,0,5444,211832677
600.068,1.66648,44.4733,0,86,66,44,2760,10501,5.12965,166,16.8729,0,0,5444,213499445
286.761,3.48722,44.4733,0,86,66,44,2760,10501,5.12965,166,16.8729,0,0,5444,216986947
427.169,2.34099,44.4733,0,86,66,44,2760,10501,5.12965,166,16.8729,0,0,5444,219328430
341.003,2.93252,44.4733,0,86,66,44,2760,10501,5.12965,166,16.8729,0,0,5444,222261067
428.698,2.33265,44.4733,0,86,66,44,2760,10501,5.12965,166,16.8729,0,0,5444,224594174
249.013,4.01586,44.4733,0,86,66,44,2760,10501,5.12965,166,16.8729,0,0,5444,228610204
755.541,1.32355,44.4733,0,86,66,44,2760,10501,5.12965,166,16.8729,0,0,5444,229934249
363.387,2.75189,44.4733,0,86,66,44,2760,10501,5.12965,166,16.8729,0,0,5444,232686418
228.09,4.38422,44.4733,0,86,66,44,2760,10501,5.12965,166,16.8729,0,0,5444,237070951
494.184,2.02354,44.4733,0,86,66,44,2760,10501,5.12965,166,16.8729,0,0,5444,239094923
433.158,2.30863,44.4733,0,86,66,44,2760,10501,5.12965,166,16.8729,0,0,5444,241403818
264.128,3.78604,44.4733,0,86,66,44,2760,10501,5.12965,166,16.8729,0,0,5444,245190359
642.41,1.55664,44.4733,0,86,66,44,2760,10501,5.12965,166,16.8729,0,0,5444,246747267
275.262,3.6329,44.4733,0,86,66,44,2760,10501,5.12965,166,16.8729,0,0,5444,250380495
552.632,1.80952,44.4733,0,86,66,44,2760,10501,5.12965,166,16.8729,0,0,5444,252190191
366.003,2.73222,44.4733,0,86,66,44,2760,10501,5.12965,166,16.8729,0,0,5444,254922764
377.638,2.64804,44.4733,0,86,66,44,2760,10501,5.12965,166,16.8729,0,0,5444,257571180
358.589,2.78871,44.4733,0,86,66,44,2760,10501,5.12965,166,16.8729,0,0,5444,260360274
234.948,4.25626,44.4733,0,86,66,44,2760,10501,5.12965,166,16.8729,0,0,5444,264617013
375.101,2.66595,44.4733,0,86,66,44,2760,10501,5.12965,166,16.8729,0,0,5444,267283286
440.327,2.27104,44.4733,0,86,66,44,2760,10501,5.12965,166,16.8729,0,0,5444,269554651
476.312,2.09946,44.4733,0,86,66,44,2760,10501,5.12965,166,16.8729,0,0,5444,271654376
383.796,2.60555,44.4733,0,86,66,44,2760,10501,5.12965,166,16.8729,0,0,5444,274260271
453.256,2.20626,44.4733,0,86,66,44,2760,10501,5.12965,166,16.8729,0,0,5444,276466836
362.462,2.75891,44.4733,0,86,66,44,2760,10501,5.12965,166,16.8729,0,0,5444,279226063
373.508,2.67732,44.4733,0,86,66,44,2760,10501,5.12965,166,16.8729,0,0,5444,281903740
367.628,2.72014,44.4733,0,86,66,44,2760,10501,5.12965,166,16.8729,0,0,5444,284624293
362.892,2.75564,44.4733,0,86,66,44,2760,10501,5.12965,166,16.8729,0,0,5444,287380242
249.367,4.01015,44.4733,0,86,66,44,2760,10501,5.12965,166,16.8729,0,0,5444,291390877
637.132,1.56953,44.4733,0,86,66,44,2760,10501,5.12965,166,16.8729,0,0,5444,292960555
448.649,2.22891,44.4733,0,86,66,44,2760,10501,5.12965,166,16.8729,0,0,5444,295189823
359.193,2.78402,44.4733,0,86,66,44,2760,10501,5.12965,166,16.8729,0,0,5444,297974147
366.732,2.72678,44.4733,0,86,66,44,2760,10501,5.12965,166,16.8729,0,0,5444,300701422
376.218,2.65803,44.4733,0,86,66,44,2760,10501,5.12965,166,16.8729,0,0,5444,303359684
366.14,2.7312,44.4733,0,86,66,44,2760,10501,5.12965,166,16.8729,0,0,5444,306091161
230.242,4.34326,44.4733,0,86,66,44,2760,10501,5.12965,166,16.8729,0,0,5444,310434711
1777.75,0.562509,44.4733,0,86,66,44,2760,10501,5.12965,166,16.8729,0,0,5444,310997567
350.668,2.8517,44.4733,0,86,66,44,2760,10501,5.12965,166,16.8729,0,0,5444,313849557
247.121,4.04661,44.4733,0,86,66,44,2760,10501,5.12965,166,16.8729,0,0,5444,317896607
506.386,1.97478,44.4733,0,86,66,44,2760,10501,5.12965,166,16.8729,0,0,5444,319871568
473.447,2.11217,44.4733,0,86,66,44,2760,10501,5.12965,166,16.8729,0,0,5444,321983995
400.612,2.49618,44.4733,0,86,66,44,2760,10501,5.12965,166,16.8729,0,0,5444,324480502
361.991,2.7625,44.4733,0,86,66,44,2760,10501,5.12965,166,16.8729,0,0,5444,327243441
356.733,2.80322,44.4733,0,86,66,44,2760,10501,5.12965,166,16.8729,0,0,5444,330046968
354.162,2.82357,44.4733,0,86,66,44,2760,10501,5.12965,166,16.8729,0,0,5444,332870842
293.518,3.40694,44.4733,0,86,66,44,2760,10501,5.12965,166,16.8729,0,0,5444,336278101
488.416,2.04743,44.4733,0,86,66,44,2760,10501,5.12965,166,16.8729,0,0,5444,338325805
412.667,2.42326,44.4733,0,86,66,44,2760,10501,5.12965,166,16.8729,0,0,5444,340749329
176.545,5.66427,44.4733,0,86,66,44,2760,10501,5.12965,166,16.8729,0,0,5444,346414049
364.633,2.74249,44.4733,0,86,66,44,2760,10501,5.12965,166,16.8729,0,0,5444,349156891
489.54,2.04273,44.4733,0,86,66,44,2760,10501,5.12965,166,16.8729,0,0,5444,351199912
2609.37,0.383234,44.4733,0,86,66,44,2760,10501,5.12965,166,16.8729,0,0,5444,351583300
284.263,3.51787,44.4733,0,86,66,44,2760,10501,5.12965,166,16.8729,0,0,5444,355101553
385.957,2.59096,44.4733,0,86,66,44,2760,10501,5.12965,166,16.8729,0,0,5444,357692881
369.778,2.70432,44.4733,0,86,66,44,2760,10501,5.12965,166,16.8729,0,0,5444,360397664
411.937,2.42755,44.4733,0,86,66,44,2760,10501,5.12965,166,16.8729,0,0,5444,362825448
427.863,2.33719,44.4733,0,86,66,44,2760,10501,5.12965,166,16.8729,0,0,5444,365163094
327.465,3.05377,44.4733,0,86,66,44,2760,10501,5.12965,166,16.8729,0,0,5444,368217303
315.869,3.16587,44.4733,0,86,66,44,2760,10501,5.12965,166,16.8729,0,0,5444,371383486
321.19,3.11342,44.4733,0,86,66,44,2760,10501,5.12965,166,16.8729,0,0,5444,374497168
592.258,1.68845,44.4733,0,86,66,44,2760,10501,5.12965,166,16.8729,0,0,5444,376185937
286.209,3.49394,44.4733,0,86,66,44,2760,10501,5.12965,166,16.8729,0,0,5444,379680391
502.073,1.99174,44.4733,0,86,66,44,2760,10501,5.12965,166,16.8729,0,0,5444,381672400
353.817,2.82632,44.4733,0,86,66,44,2760,10501,5.12965,166,16.8729,0,0,5444,384499111
396.7,2.5208,44.4733,0,86,66,44,2760,10501,5.12965,166,16.8729,0,0,5444,387020138
322.33,3.10241,44.4733,0,86,66,44,2760,10501,5.12965,166,16.8729,0,0,5444,390123022
450.922,2.21768,44.4733,0,86,66,44,2760,10501,5.12965,166,16.8729,0,0,5444,392341077
351.521,2.84478,44.4733,0,86,66,44,2760,10501,5.12965,166,16.8729,0,0,5444,395186385
294.507,3.39551,44.4733,0,86,66,44,2760,10501,5.12965,166,16.8729,0,0,5444,398582086
558.547,1.79036,44.4733,0,86,66,44,2760,10501,5.12965,166,16.8729,0,0,5444,400372800
363.873,2.74821,44.4733,0,86,66,44,2760,10501,5.12965,166,16.8729,0,0,5444,403121392
358.285,2.79107,44.4733,0,86,66,44,2760,10501,5.12965,166,16.8729,0,0,5444,405912861
407.866,2.45178,44.4733,0,86,66,44,2760,10501,5.12965,166,16.8729,0,0,5444,408365165
193.887,5.15764,44.4733,0,86,66,44,2760,10501,5.12965,166,16.8729,0,0,5444,413523137
1289.29,0.775623,44.4733,0,86,66,44,2760,10501,5.12965,166,16.8729,0,0,5444,414299221
533.367,1.87488,44.4733,0,86,66,44,2760,10501,5.12965,166,16.8729,0,0,5444,416174400
352.778,2.83464,44.4733,0,86,66,44,2760,10501,5.12965,166,16.8729,0,0,5444,419009284
334.523,2.98933,44.4733,0,86,66,44,2760,10501,5.12965,166,16.8729,0,0,5444,421999029
316.184,3.16271,44.4733,0,86,66,44,2760,10501,5.12965,166,16.8729,0,0,5444,425162260
485.398,2.06017,44.4733,0,86,66,44,2760,10501,5.12965,166,16.8729,0,0,5444,427222647
336.377,2.97285,44.4733,0,86,66,44,2760,10501,5.12965,166,16.8729,0,0,5444,430195843
430.909,2.32067,44.4733,0,86,66,44,2760,10501,5.12965,166,16.8729,0,0,5444,432516739
332.659,3.00608,44.4733,0,86,66,44,2760,10501,5.12965,166,16.8729,0,0,5444,435523330
394.692,2.53362,44.4733,0,86,66,44,2760,10501,5.12965,166,16.8729,0,0,5444,438057166
334.72,2.98757,44.4733,0,86,66,44,2760,10501,5.12965,166,16.8729,0,0,5444,441045055
285.265,3.50551,44.4733,0,86,66,44,2760,10501,5.12965,166,16.8729,0,0,5444,444550808
397.288,2.51707,44.4733,0,86,66,44,2760,10501,5.12965,166,16.8729,0,0,5444,447068325
297.698,3.35911,44.4733,0,86,66,44,2760,10501,5.12965,166,16.8729,0,0,5444,450427688
614.459,1.62745,44.4733,0,86,66,44,2760,10501,5.12965,166,16.8729,0,0,5444,452062099
274.782,3.63925,44.4733,0,86,66,44,2760,10501,5.12965,166,16.8729,0,0,5444,455701770
457.502,2.18579,44.4733,0,86,66,44,2760,10501,5.12965,166,16.8729,0,0,5444,457887767
557.556,1.79354,44.4733,0,86,66,44,2760,10501,5.12965,166,16.8729,0,0,5444,459681702
342.6,2.91886,44.4733,0,86,66,44,2760,10501,5.12965,166,16.8729,0,0,5444,462600887
347.35,2.87894,44.4733,0,86,66,44,2760,10501,5.12965,166,16.8729,0,0,5444,465480321
468.972,2.13232,44.4733,0,86,66,44,2760,10501,5.12965,166,16.8729,0,0,5444,467612873
372.057,2.68776,44.4733,0,86,66,44,2760,10501,5.12965,166,16.8729,0,0,5444,470300906
380.372,2.629,44.4733,0,86,66,44,2760,10501,5.12965,166,16.8729,0,0,5444,472930216
360.709,2.77232,44.4733,0,86,66,44,2760,10501,5.12965,166,16.8729,0,0,5444,475702858
314.094,3.18376,44.4733,0,86,66,44,2760,10501,5.12965,166,16.8729,0,0,5444,478886888
533.398,1.87477,44.4733,0,86,66,44,2760,10501,5.12965,166,16.8729,0,0,5444,480762230
275.396,3.63113,44.4733,0,86,66,44,2760,10501,5.12965,166,16.8729,0,0,5444,484393497
405.587,2.46556,44.4733,0,86,66,44,2760,10501,5.12965,166,16.8729,0,0,5444,486859541
409.771,2.44039,44.4733,0,86,66,44,2760,10501,5.12965,166,16.8729,0,0,5444,489300171
336.797,2.96915,44.4733,0,86,66,44,2760,10501,5.12965,166,16.8729,0,0,5444,492269714
475.078,2.10492,44.4733,0,86,66,44,2760,10501,5.12965,166,16.8729,0,0,5444,494374871
397.136,2.51803,44.4733,0,86,66,44,2760,10501,5.12965,166,16.8729,0,0,5444,496893408
265.916,3.76059,44.4733,0,86,66,44,2760,10501,5.12965,166,16.8729,0,0,5444,500654160
236.526,4.22786,44.4733,0,86,66,44,2760,10501,5.12965,166,16.8729,0,0,5444,504882456
561.679,1.78038,44.4733,0,86,66,44,2760,10501,5.12965,166,16.8729,0,0,5444,506663324
387.733,2.5791,44.4733,0,86,66,44,2760,10501,5.12965,166,16.8729,0,0,5444,509242613
755.503,1.32362,44.4733,0,86,66,44,2760,10501,5.12965,166,16.8729,0,0,5444,510566677
387.451,2.58097,44.4733,0,86,66,44,2760,10501,5.12965,166,16.8729,0,0,5444,513147889
376.124,2.6587,44.4733,0,86,66,44,2760,10501,5.12965,166,16.8729,0,0,5444,515806920
390.916,2.5581,44.4733,0,86,66,44,2760,10501,5.12965,166,16.8729,0,0,5444,518365459
372.942,2.68138,44.4733,0,86,66,44,2760,10501,5.12965,166,16.8729,0,0,5444,521047039
312.155,3.20354,44.4733,0,86,66,44,2760,10501,5.12965,166,16.8729,0,0,5444,524250907
438.937,2.27823,44.4733,0,86,66,44,2760,10501,5.12965,166,16.8729,0,0,5444,526529455
395.952,2.52556,44.4733,0,86,66,44,2760,10501,5.12965,166,16.8729,0,0,5444,529055386
303.984,3.28965,44.4733,0,86,66,44,2760,10501,5.12965,166,16.8729,0,0,5444,532345382
345.98,2.89034,44.4733,0,86,66,44,2760,10501,5.12965,166,16.8729,0,0,5444,535236027
390.979,2.55768,44.4733,0,86,66,44,2760,10501,5.12965,166,16.8729,0,0,5444,537794084
410.46,2.43629,44.4733,0,86,66,44,2760,10501,5.12965,166,16.8729,0,0,5444,540230878
487.238,2.05239,44.4733,0,86,66,44,2760,10501,5.12965,166,16.8729,0,0,5444,542283592
385.558,2.59365,44.4733,0,86,66,44,2760,10501,5.12965,166,16.8729,0,0,5444,544879727
322.468,3.10108,45.2196,0,86,66,44,2760,10501,5.12926,165,16.8733,0,0,5441,547979033
424.845,2.3538,45.2196,0,86,66,44,2760,10501,5.12926,165,16.8733,0,0,5441,550333113
372.664,2.68338,45.2196,0,86,66,44,2760,10501,5.12926,165,16.8733,0,0,5441,553016809
195.982,5.10251,45.2196,0,86,66,44,2760,10501,5.12926,165,16.8733,0,0,5441,558119818
929.669,1.07565,45.2196,0,86,66,44,2760,10501,5.12926,165,16.8733,0,0,5441,559195642
565.884,1.76715,45.2196,0,86,66,44,2760,10501,5.12926,165,16.8733,0,0,5441,560963125
348.486,2.86956,45.2196,0,86,66,44,2760,10501,5.12926,165,16.8733,0,0,5441,563833049
392.818,2.54571,45.2196,0,86,66,44,2760,10501,5.12926,165,16.8733,0,0,5441,566379057
361.106,2.76927,45.2196,0,86,66,44,2760,10501,5.12926,165,16.8733,0,0,5441,569148564
329.764,3.03247,45.2196,0,86,66,44,2760,10501,5.12926,165,16.8733,0,0,5441,572181378
393.858,2.53899,45.2196,0,86,66,44,2760,10501,5.12926,165,16.8733,0,0,5441,574720838
322.415,3.10159,45.2196,0,86,66,44,2760,10501,5.12926,165,16.8733,0,0,5441,577822674
467.528,2.13891,45.2196,0,86,66,44,2760,10501,5.12926,165,16.8733,0,0,5441,579962015
370.202,2.70123,45.2196,0,86,66,44,2760,10501,5.12926,165,16.8733,0,0,5441,582663452
276.116,3.62166,45.2196,0,86,66,44,2760,10501,5.12926,165,16.8733,0,0,5441,586285440
539.796,1.85255,45.2196,0,86,66,44,2760,10501,5.12926,165,16.8733,0,0,5441,588138281
384.034,2.60393,45.2196,0,86,66,44,2760,10501,5.12926,165,16.8733,0,0,5441,590742465
366.993,2.72485,45.2196,0,86,66,44,2760,10501,5.12926,165,16.8733,0,0,5441,593467672
330.737,3.02355,45.2196,0,86,66,44,2760,10501,5.12926,165,16.8733,0,0,5441,596491543
378.96,2.6388,45.2196,0,86,66,44,2760,10501,5.12926,165,16.8733,0,0,5441,599130651
367.947,2.71778,45.2196,0,86,66,44,2760,10501,5.12926,165,16.8733,0,0,5441,601848858
382.46,2.61466,45.2196,0,86,66,44,2760,10501,5.12926,165,16.8733,0,0,5441,604463802
334.479,2.98973,45.2196,0,86,66,44,2760,10501,5.12926,165,16.8733,0,0,5441,607453778
398.105,2.5119,45.2196,0,86,66,44,2760,10501,5.12926,165,16.8733,0,0,5441,609966199
273.281,3.65924,45.2196,0,86,66,44,2760,10501,5.12926,165,16.8733,0,0,5441,613625698
358.644,2.78828,45.2196,0,86,66,44,2760,10501,5.12926,165,16.8733,0,0,5441,616414292
701.598,1.42532,45.2196,0,86,66,44,2760,10501,5.12926,165,16.8733,0,0,5441,617839926
365.213,2.73813,45.2196,0,86,66,44,2760,10501,5.12926,165,16.8733,0,0,5441,620578345
278.688,3.58825,45.2196,0,86,66,44,2760,10501,5.12926,165,16.8733,0,0,5441,624166947
539.549,1.8534,45.2196,0,86,66,44,2760,10501,5.12926,165,16.8733,0,0,5441,626020673
298.683,3.34804,45.2196,0,86,66,44,2760,10501,5.12926,165,16.8733,0,0,5441,629368997
204.004,4.90186,45.2196,0,86,66,44,2760,10501,5.12926,165,16.8733,0,0,5441,634271489
2396.68,0.417244,45.2196,0,86,66,44,2760,10501,5.12926,165,16.8733,0,0,5441,634688629
368.807,2.71145,45.2196,0,86,66,44,2760,10501,5.12926,165,16.8733,0,0,5441,637400681
220.35,4.53824,45.2196,0,86,66,44,2760,10501,5.12926,165,16.8733,0,0,5441,641939238
277.755,3.60029,45.2196,0,86,66,44,2760,10501,5.12926,165,16.8733,0,0,5441,645540100
344.482,2.90291,45.2196,0,86,66,44,2760,10501,5.12926,165,16.8733,0,0,5441,648443121
1805.12,0.55398,45.2196,0,86,66,44,2760,10501,5.12926,165,16.8733,0,0,5441,648997399
309.623,3.22973,45.2196,0,86,66,44,2760,10501,5.12926,165,16.8733,0,0,5441,652227479
239.042,4.18336,45.2196,0,86,66,44,2760,10501,5.12926,165,16.8733,0,0,5441,656411149
755.196,1.32416,45.2196,0,86,66,44,2760,10501,5.12926,165,16.8733,0,0,5441,657735597
243.098,4.11357,45.2196,0,86,66,44,2760,10501,5.12926,165,16.8733,0,0,5441,661849602
1790.64,0.558461,45.2196,0,86,66,44,2760,10501,5.12926,165,16.8733,0,0,5441,662408370
393.983,2.53818,45.2196,0,86,66,44,2760,10501,5.12926,165,16.8733,0,0,5441,664946831
320.801,3.1172,45.2196,0,86,66,44,2760,10501,5.12926,165,16.8733,0,0,5441,668064263
191.901,5.21103,45.2196,0,86,66,44,2760,10501,5.12926,165,16.8733,0,0,5441,673275756
1446.02,0.691552,45.2196,0,86,66,44,2760,10501,5.12926,165,16.8733,0,0,5441,673967721
650.808,1.53655,45.2196,0,86,66,44,2760,10501,5.12926,165,16.8733,0,0,5441,675504427
248.199,4.02902,45.2196,0,86,66,44,2760,10501,5.12926,165,16.8733,0,0,5441,679533813
431.077,2.31977,45.2196,0,86,66,44,2760,10501,5.12926,165,16.8733,0,0,5441,681853949
398.48,2.50954,45.2196,0,86,66,44,2760,10501,5.12926,165,16.8733,0,0,5441,684363735
358.889,2.78637,45.2196,0,86,66,44,2760,10501,5.12926,165,16.8733,0,0,5441,687150608
215.439,4.64169,45.2196,0,86,66,44,2760,10501,5.12926,165,16.8733,0,0,5441,691792707
599.746,1.66737,45.2196,0,86,66,44,2760,10501,5.12926,165,16.8733,0,0,5441,693460513
486.122,2.0571,45.2196,0,86,66,44,2760,10501,5.12926,165,16.8733,0,0,5441,695517928
542.947,1.8418,45.2196,0,86,66,44,2760,10501,5.12926,165,16.8733,0,0,5441,697360183
175.096,5.71114,45.2196,0,86,66,44,2760,10501,5.12926,165,16.8733,0,0,5441,703071731
689.728,1.44985,45.2196,0,86,66,44,2760,10501,5.12926,165,16.8733,0,0,5441,704522059
423.751,2.35988,45.2196,0,86,66,44,2760,10501,5.12926,165,16.8733,0,0,5441,706882138
427.654,2.33834,45.2196,0,86,66,44,2760,10501,5.12926,165,16.8733,0,0,5441,709220813
415.944,2.40417,45.2196,0,86,66,44,2760,10501,5.12926,165,16.8733,0,0,5441,711625337
347.674,2.87626,45.2196,0,86,66,44,2760,10501,5.12926,165,16.8733,0,0,5441,714501905
235.999,4.23731,45.2196,0,86,66,44,2760,10501,5.12926,165,16.8733,0,0,5441,718739721
282.171,3.54395,45.2196,0,86,66,44,2760,10501,5.12926,165,16.8733,0,0,5441,722284100
975.257,1.02537,45.2196,0,86,66,44,2760,10501,5.12926,165,16.8733,0,0,5441,723309903
431.705,2.3164,45.2196,0,86,66,44,2760,10501,5.12926,165,16.8733,0,0,5441,725626616
364.615,2.74262,45.2196,0,86,66,44,2760,10501,5.12926,165,16.8733,0,0,5441,728369391
469.195,2.13131,45.2196,0,86,66,44,2760,10501,5.12926,165,16.8733,0,0,5441,730500963
181.252,5.51719,45.2196,0,86,66,44,2760,10501,5.12926,165,16.8733,0,0,5441,736018764
569.678,1.75538,45.2196,0,86,66,44,2760,10501,5.12926,165,16.8733,0,0,5441,737774574
908.29,1.10097,45.2196,0,86,66,44,2760,10501,5.12926,165,16.8733,0,0,5441,738875524
387.353,2.58163,45.2196,0,86,66,44,2760,10501,5.12926,165,16.8733,0,0,5441,741457563
425.908,2.34792,45.2196,0,86,66,44,2760,10501,5.12926,165,16.8733,0,0,5441,743805825
355.519,2.81279,45.2196,0,86,66,44,2760,10501,5.12926,165,16.8733,0,0,5441,746618910
331.344,3.01801,45.2196,0,86,66,44,2760,10501,5.12926,165,16.8733,0,0,5441,749637406
439.635,2.27462,45.2196,0,86,66,44,2760,10501,5.12926,165,16.8733,0,0,5441,751912252
427.433,2.33955,45.2196,0,86,66,44,2760,10501,5.12926,165,16.8733,0,0,5441,754252071
312.718,3.19777,45.2196,0,86,66,44,2760,10501,5.12926,165,16.8733,0,0,5441,757450131
424.178,2.3575,45.2196,0,86,66,44,2760,10501,5.12926,165,16.8733,0,0,5441,759808066
292.235,3.4219,45.2196,0,86,66,44,2760,10501,5.12926,165,16.8733,0,0,5441,763230220
539.762,1.85267,45.2196,0,86,66,44,2760,10501,5.12926,165,16.8733,0,0,5441,765083417
228.139,4.3833,45.2196,0,86,66,44,2760,10501,5.12926,165,16.8733,0,0,5441,769467161
292.488,3.41894,45.2196,0,86,66,44,2760,10501,5.12926,165,16.8733,0,0,5441,772886391
336.945,2.96784,45.2196,0,86,66,44,2760,10501,5.12926,165,16.8733,0,0,5441,775854789
333.281,3.00047,45.2196,0,86,66,44,2760,10501,5.12926,165,16.8733,0,0,5441,778855621
1484.75,0.673513,45.2196,0,86,66,44,2760,10501,5.12926,165,16.8733,0,0,5441,779529375
304.541,3.28363,45.2196,0,86,66,44,2760,10501,5.12926,165,16.8733,0,0,5441,782813553
844.765,1.18376,45.2196,0,86,66,44,2760,10501,5.12926,165,16.8733,0,0,5441,783997641
399.957,2.50027,45.2196,0,86,66,44,2760,10501,5.12926,165,16.8733,0,0,5441,786498350
371.037,2.69515,45.2196,0,86,66,44,2760,10501,5.12926,165,16.8733,0,0,5441,789193672
404.533,2.47199,45.2196,0,86,66,44,2760,10501,5.12926,165,16.8733,0,0,5441,791665986
347.475,2.8779,45.2196,0,86,66,44,2760,10501,5.12926,165,16.8733,0,0,5441,794544188
264.104,3.78639,45.2196,0,86,66,44,2760,10501,5.12926,165,16.8733,0,0,5441,798330922
450.27,2.22089,45.2196,0,86,66,44,2760,10501,5.12926,165,16.8733,0,0,5441,800552122
292.004,3.42461,45.2196,0,86,66,44,2760,10501,5.12926,165,16.8733,0,0,5441,803977074
269.994,3.70379,45.2196,0,86,66,44,2760,10501,5.12926,165,16.8733,0,0,5441,807681189
569.011,1.75743,45.2196,0,86,66,44,2760,10501,5.12926,165,16.8733,0,0,5441,809438960
341.163,2.93115,45.2196,0,86,66,44,2760,10501,5.12926,165,16.8733,0,0,5441,812370664
497.858,2.00861,45.2196,0,86,66,44,2760,10501,5.12926,165,16.8733,0,0,5441,814379482
338.303,2.95593,45.2196,0,86,66,44,2760,10501,5.12926,165,16.8733,0,0,5441,817335851
397.66,2.51471,45.2196,0,86,66,44,2760,10501,5.12926,165,16.8733,0,0,5441,819850907
436.777,2.2895,45.2196,0,86,66,44,2760,10501,5.12926,165,16.8733,0,0,5441,822140609
140.08,7.1388,45.2196,0,86,66,44,2760,10501,5.12926,165,16.8733,0,0,5441,829279821
782.252,1.27836,45.2196,0,86,66,44,2760,10501,5.12926,165,16.8733,0,0,5441,830558364
418.451,2.38976,45.2196,0,86,66,44,2760,10501,5.12926,165,16.8733,0,0,5441,832948646
464.22,2.15415,45.2196,0,86,66,44,2760,10501,5.12926,165,16.8733,0,0,5441,835103074
305.248,3.27602,45.2196,0,86,66,44,2760,10501,5.12926,165,16.8733,0,0,5441,838379473
240.829,4.15232,45.2196,0,86,66,44,2760,10501,5.12926,165,16.8733,0,0,5441,842532267
1179.46,0.847846,45.2196,0,86,66,44,2760,10501,5.12926,165,16.8733,0,0,5441,843380450
408.679,2.44691,45.2196,0,86,66,44,2760,10501,5.12926,165,16.8733,0,0,5441,845827734
434.12,2.30351,45.2196,0,86,66,44,2760,10501,5.12926,165,16.8733,0,0,5441,848131764
216.057,4.62841,45.2196,0,86,66,44,2760,10501,5.12926,165,16.8733,0,0,5441,852760612
147.357,6.78625,45.2196,0,86,66,44,2760,10501,5.12926,165,16.8733,0,0,5441,859547619
2267.7,0.440976,45.2196,0,86,66,44,2760,10501,5.12926,165,16.8733,0,0,5441,859988423
479.501,2.0855,45.2196,0,86,66,44,2760,10501,5.12926,165,16.8733,0,0,5441,862074330
299.713,3.33653,45.2196,0,86,66,44,2760,10501,5.12926,165,16.8733,0,0,5441,865411173
201.457,4.96385,45.2196,0,86,66,44,2760,10501,5.12926,165,16.8733,0,0,5441,870375427
2028.29,0.493026,45.2196,0,86,66,44,2760,10501,5.12926,165,16.8733,0,0,5441,870868520
483.991,2.06616,45.2196,0,86,66,44,2760,10501,5.12926,165,16.8733,0,0,5441,872935215
376.803,2.65391,45.2196,0,86,66,44,2760,10501,5.12926,165,16.8733,0,0,5441,875589525
294.066,3.40059,45.2196,0,86,66,44,2760,10501,5.12926,165,16.8733,0,0,5441,878990544
493.358,2.02692,45.2196,0,86,66,44,2760,10501,5.12926,165,16.8733,0,0,5441,881017843
210.598,4.74839,45.2196,0,86,66,44,2760,10501,5.12926,165,16.8733,0,0,5441,885766791
399.127,2.50547,45.2196,0,86,66,44,2760,10501,5.12926,165,16.8733,0,0,5441,888272607
673.879,1.48395,45.2196,0,86,66,44,2760,10501,5.12926,165,16.8733,0,0,5441,889756916
330.535,3.0254,45.2196,0,86,66,44,2760,10501,5.12926,165,16.8733,0,0,5441,892782720
542.357,1.8438,45.2196,0,86,66,44,2760,10501,5.12926,165,16.8733,0,0,5441,894626888
387.987,2.5774,45.2196,0,86,66,44,2760,10501,5.12926,165,16.8733,0,0,5441,897204706
317.887,3.14577,45.2196,0,86,66,44,2760,10501,5.12926,165,16.8733,0,0,5441,900351014
330.169,3.02876,45.2196,0,86,66,44,2760,10501,5.12926,165,16.8733,0,0,5441,903380077
319.544,3.12946,45.2196,0,86,66,44,2760,10501,5.12926,165,16.8733,0,0,5441,906509837
605.903,1.65043,45.2196,0,86,66,44,2760,10501,5.12926,165,16.8733,0,0,5441,908160556
281.294,3.555,45.2196,0,86,66,44,2760,10501,5.12926,165,16.8733,0,0,5441,911716002
267.984,3.73157,45.2196,0,86,66,44,2760,10501,5.12926,165,16.8733,0,0,5441,915447945
313.81,3.18664,45.2196,0,86,66,44,2760,10501,5.12926,165,16.8733,0,0,5441,918635111
1886.25,0.530153,45.2196,0,86,66,44,2760,10501,5.12926,165,16.8733,0,0,5441,919165407
416.928,2.39849,45.2196,0,86,66,44,2760,10501,5.12926,165,16.8733,0,0,5441,921564152
243.925,4.09962,45.2196,0,86,66,44,2760,10501,5.12926,165,16.8733,0,0,5441,925664222
588.532,1.69914,45.2196,0,86,66,44,2760,10501,5.12926,165,16.8733,0,0,5441,927363587
500.185,1.99926,45.2196,0,86,66,44,2760,10501,5.12926,165,16.8733,0,0,5441,929363174
410.304,2.43722,45.2196,0,86,66,44,2760,10501,5.12926,165,16.8733,0,0,5441,931800814
320.417,3.12093,45.2196,0,86,66,44,2760,10501,5.12926,165,16.8733,0,0,5441,934922015
260.933,3.8324,45.2196,0,86,66,44,2760,10501,5.12926,165,16.8733,0,0,5441,938754740
649.779,1.53899,45.2196,0,86,66,44,2760,10501,5.12926,165,16.8733,0,0,5441,940294138
423.526,2.36113,45.2196,0,86,66,44,2760,10501,5.12926,165,16.8733,0,0,5441,942655430
298.266,3.35271,45.2196,0,86,66,44,2760,10501,5.12926,165,16.8733,0,0,5441,946008706
498.335,2.00668,45.2196,0,86,66,44,2760,10501,5.12926,165,16.8733,0,0,5441,948015697
371.693,2.69039,45.2196,0,86,66,44,2760,10501,5.12926,165,16.8733,0,0,5441,950706393
400.23,2.49856,45.2196,0,86,66,44,2760,10501,5.12926,165,16.8733,0,0,5441,953205247
338.552,2.95375,45.2196,0,86,66,44,2760,10501,5.12926,165,16.8733,0,0,5441,956159288
347.327,2.87913,45.2196,0,86,66,44,2760,10501,5.12926,165,16.8733,0,0,5441,959038712
289.742,3.45135,45.2196,0,86,66,44,2760,10501,5.12926,165,16.8733,0,0,5441,962490358
283.658,3.52537,45.2196,0,86,66,44,2760,10501,5.12926,165,16.8733,0,0,5441,966016303
811.693,1.23199,45.2196,0,86,66,44,2760,10501,5.12926,165,16.8733,0,0,5441,967248403
449.542,2.22449,45.2196,0,86,66,44,2760,10501,5.12926,165,16.8733,0,0,5441,969473410
389.106,2.56999,45.2196,0,86,66,44,2760,10501,5.12926,165,16.8733,0,0,5441,972043670
325.53,3.07191,45.2196,0,86,66,44,2760,10501,5.12926,165,16.8733,0,0,5441,975116081
397.214,2.51754,45.2196,0,86,66,44,2760,10501,5.12926,165,16.8733,0,0,5441,977634022
355.825,2.81037,45.2196,0,86,66,44,2760,10501,5.12926,165,16.8733,0,0,5441,980444895
361.026,2.76988,45.2196,0,86,66,44,2760,10501,5.12926,165,16.8733,0,0,5441,983214960
357.672,2.79585,45.2196,0,86,66,44,2760,10501,5.12926,165,16.8733,0,0,5441,986011131
415.84,2.40477,45.2196,0,86,66,44,2760,10501,5.12926,165,16.8733,0,0,5441,988416212
189.82,5.26816,45.2196,0,86,66,44,2760,10501,5.12926,165,16.8733,0,0,5441,993684688
1950.5,0.51269,45.2196,0,86,66,44,2760,10501,5.12926,165,16.8733,0,0,5441,994197618
332.831,3.00452,45.2196,0,86,66,44,2760,10501,5.12926,165,16.8733,0,0,5441,997202412
476.685,2.09782,45.2196,0,86,66,44,2760,10501,5.12926,165,16.8733,0,0,5441,999300675
310.814,3.21736,45.2196,0,86,66,44,2760,10501,5.12926,165,16.8733,0,0,5441,1002518255
562.018,1.7793,45.2196,0,86,66,44,2760,10501,5.12926,165,16.8733,0,0,5441,1004297699
261.724,3.82081,45.2196,0,86,66,44,2760,10501,5.12926,165,16.8733,0,0,5441,1008119001
475.178,2.10447,45.2196,0,86,66,44,2760,10501,5.12926,165,16.8733,0,0,5441,1010223793
426.437,2.34501,45.2196,0,86,66,44,2760,10501,5.12926,165,16.8733,0,0,5441,1012569228
390.051,2.56377,45.2196,0,86,66,44,2760,10501,5.12926,165,16.8733,0,0,5441,1015133228
177.814,5.62384,45.2196,0,86,66,44,2760,10501,5.12926,165,16.8733,0,0,5441,1020757398
1654.55,0.604395,45.2196,0,86,66,44,2760,10501,5.12926,165,16.8733,0,0,5441,1021361928
403.198,2.48017,45.2196,0,86,66,44,2760,10501,5.12926,165,16.8733,0,0,5441,1023842444
381.945,2.61818,45.2196,0,86,66,44,2760,10501,5.12926,165,16.8733,0,0,5441,1026461052
387.895,2.57802,45.2196,0,86,66,44,2760,10501,5.12926,165,16.8733,0,0,5441,1029039110
385.589,2.59343,45.2196,0,86,66,44,2760,10501,5.12926,165,16.8733,0,0,5441,1031632995
268.798,3.72027,45.2196,0,86,66,44,2760,10501,5.12926,165,16.8733,0,0,5441,1035353621
496.041,2.01596,45.2196,0,86,66,44,2760,10501,5.12926,165,16.8733,0,0,5441,1037369891
260.751,3.83507,45.2196,0,86,66,44,2760,10501,5.12926,165,16.8733,0,0,5441,1041205241
411.273,2.43148,45.2196,0,86,66,44,2760,10501,5.12926,165,16.8733,0,0,5441,1043637121
352.691,2.83535,45.2196,0,86,66,44,2760,10501,5.12926,165,16.8733,0,0,5441,1046475428
592.836,1.68681,48.6521,0,86,66,44,2760,10501,5.1316,165,16.909,0,0,5438,1048159889
313.204,3.19281,48.6521,0,86,66,44,2760,10501,5.1316,165,16.909,0,0,5438,1051353025
357.74,2.79533,48.6521,0,86,66,44,2760,10501,5.1316,165,16.909,0,0,5438,1054148629
236.197,4.23376,48.6521,0,86,66,44,2760,10501,5.1316,165,16.909,0,0,5438,1058382858
377.106,2.65177,48.6521,0,86,66,44,2760,10501,5.1316,165,16.909,0,0,5438,1061034986
659.567,1.51615,48.6521,0,86,66,44,2760,10501,5.1316,165,16.909,0,0,5438,1062551364
567.831,1.76109,48.6521,0,86,66,44,2760,10501,5.1316,165,16.909,0,0,5438,1064312847
260.088,3.84485,48.6521,0,86,66,44,2760,10501,5.1316,165,16.909,0,0,5438,1068157918
706.099,1.41623,48.6521,0,86,66,44,2760,10501,5.1316,165,16.909,0,0,5438,1069574562
205.387,4.86887,48.6521,0,86,66,44,2760,10501,5.1316,165,16.909,0,0,5438,1074443842
268.878,3.71916,48.6521,0,86,66,44,2760,10501,5.1316,165,16.909,0,0,5438,1078163448
1037.09,0.964234,48.6521,0,86,66,44,2760,10501,5.1316,165,16.909,0,0,5438,1079127942
550.528,1.81644,48.6521,0,86,66,44,2760,10501,5.1316,165,16.909,0,0,5438,1080944647
422.161,2.36876,48.6521,0,86,66,44,2760,10501,5.1316,165,16.909,0,0,5438,1083313785
412.357,2.42508,48.6521,0,86,66,44,2760,10501,5.1316,165,16.909,0,0,5438,1085739357
359.588,2.78096,48.6521,0,86,66,44,2760,10501,5.1316,165,16.909,0,0,5438,1088520682
383.918,2.60472,48.6521,0,86,66,44,2760,10501,5.1316,165,16.909,0,0,5438,1091125587
303.324,3.2968,48.6521,0,86,66,44,2760,10501,5.1316,165,16.909,0,0,5438,1094422832
456.882,2.18875,48.6521,0,86,66,44,2760,10501,5.1316,165,16.909,0,0,5438,1096611848
228.952,4.36772,48.6521,0,86,66,44,2760,10501,5.1316,165,16.909,0,0,5438,1100979880
654.272,1.52842,48.6521,0,86,66,44,2760,10501,5.1316,165,16.909,0,0,5438,1102508538
449.761,2.2234,48.6521,0,86,66,44,2760,10501,5.1316,165,16.909,0,0,5438,1104732353
274.262,3.64614,48.6521,0,86,66,44,2760,10501,5.1316,165,16.909,0,0,5438,1108378908
675.135,1.48118,48.6521,0,86,66,44,2760,10501,5.1316,165,16.909,0,0,5438,1109860381
361.672,2.76494,48.6521,0,86,66,44,2760,10501,5.1316,165,16.909,0,0,5438,1112625503
345.057,2.89807,48.6521,0,86,66,44,2760,10501,5.1316,165,16.909,0,0,5438,1115523890
178.802,5.59276,48.6521,0,86,66,44,2760,10501,5.1316,165,16.909,0,0,5438,1121117203
1620.44,0.617117,48.6521,0,86,66,44,2760,10501,5.1316,165,16.909,0,0,5438,1121734628
561.858,1.77981,48.6521,0,86,66,44,2760,10501,5.1316,165,16.909,0,0,5438,1123514630
166.217,6.01623,48.6521,0,86,66,44,2760,10501,5.1316,165,16.909,0,0,5438,1129531381
402.855,2.48229,48.6521,0,86,66,44,2760,10501,5.1316,165,16.909,0,0,5438,1132014022
1641.64,0.609146,48.6521,0,86,66,44,2760,10501,5.1316,165,16.909,0,0,5438,1132623447
457.401,2.18627,48.6521,0,86,66,44,2760,10501,5.1316,165,16.909,0,0,5438,1134810088
320.158,3.12346,48.6521,0,86,66,44,2760,10501,5.1316,165,16.909,0,0,5438,1137933827
409.901,2.43961,48.6521,0,86,66,44,2760,10501,5.1316,165,16.909,0,0,5438,1140373727
416.683,2.39991,48.6521,0,86,66,44,2760,10501,5.1316,165,16.909,0,0,5438,1142773971
269.353,3.71261,48.6521,0,86,66,44,2760,10501,5.1316,165,16.909,0,0,5438,1146487145
548.143,1.82434,48.6521,0,86,66,44,2760,10501,5.1316,165,16.909,0,0,5438,1148311600
383.482,2.60768,48.6521,0,86,66,44,2760,10501,5.1316,165,16.909,0,0,5438,1150919852
248.891,4.01782,48.6521,0,86,66,44,2760,10501,5.1316,165,16.909,0,0,5438,1154937824
647.457,1.5445,48.6521,0,86,66,44,2760,10501,5.1316,165,16.909,0,0,5438,1156482626
329.6,3.03398,48.6521,0,86,66,44,2760,10501,5.1316,165,16.909,0,0,5438,1159516901
360.265,2.77574,48.6521,0,86,66,44,2760,10501,5.1316,165,16.909,0,0,5438,1162293052
414.911,2.41016,48.6521,0,86,66,44,2760,10501,5.1316,165,16.909,0,0,5438,1164703518
371.498,2.6918,48.6521,0,86,66,44,2760,10501,5.1316,165,16.909,0,0,5438,1167395734
352.164,2.83959,48.6521,0,86,66,44,2760,10501,5.1316,165,16.909,0,0,5438,1170235704
376.728,2.65444,48.6521,0,86,66,44,2760,10501,5.1316,165,16.909,0,0,5438,1172890246
327.298,3.05532,48.6521,0,86,66,44,2760,10501,5.1316,165,16.909,0,0,5438,1175946003
409.098,2.4444,48.6521,0,86,66,44,2760,10501,5.1316,165,16.909,0,0,5438,1178390614
243.034,4.11465,48.6521,0,86,66,44,2760,10501,5.1316,165,16.909,0,0,5438,1182505685
793.751,1.25984,48.6521,0,86,66,44,2760,10501,5.1316,165,16.909,0,0,5438,1183765766
376.454,2.65637,48.6521,0,86,66,44,2760,10501,5.1316,165,16.909,0,0,5438,1186422461
478.319,2.09066,48.6521,0,86,66,44,2760,10501,5.1316,165,16.909,0,0,5438,1188513417
269.12,3.71581,48.6521,0,86,66,44,2760,10501,5.1316,165,16.909,0,0,5438,1192229801
422.069,2.36928,48.6521,0,86,66,44,2760,10501,5.1316,165,16.909,0,0,5438,1194599295
425.408,2.35068,48.6521,0,86,66,44,2760,10501,5.1316,165,16.909,0,0,5438,1196950268
375.004,2.66664,48.6521,0,86,66,44,2760,10501,5.1316,165,16.909,0,0,5438,1199617195
440.766,2.26878,48.6521,0,86,66,44,2760,10501,5.1316,165,16.909,0,0,5438,1201886444
332.244,3.00983,48.6521,0,86,66,44,2760,10501,5.1316,165,16.909,0,0,5438,1204896497
370.234,2.70099,48.6521,0,86,66,44,2760,10501,5.1316,165,16.909,0,0,5438,1207597944
300.009,3.33323,48.6521,0,86,66,44,2760,10501,5.1316,165,16.909,0,0,5438,1210931374
515.102,1.94136,48.6521,0,86,66,44,2760,10501,5.1316,165,16.909,0,0,5438,1212872968
319.419,3.13068,48.6521,0,86,66,44,2760,10501,5.1316,165,16.909,0,0,5438,1216004381
458.169,2.1826,48.6521,0,86,66,44,2760,10501,5.1316,165,16.909,0,0,5438,1218187272
375.246,2.66492,48.6521,0,86,66,44,2760,10501,5.1316,165,16.909,0,0,5438,1220852458
337.778,2.96052,48.6521,0,86,66,44,2760,10501,5.1316,165,16.909,0,0,5438,1223813318
389.131,2.56983,48.6521,0,86,66,44,2760,10501,5.1316,165,16.909,0,0,5438,1226383606
356.747,2.8031,48.6521,0,86,66,44,2760,10501,5.1316,165,16.909,0,0,5438,1229186931
297.703,3.35906,48.6521,0,86,66,44,2760,10501,5.1316,165,16.909,0,0,5438,1232546477
228.139,4.38329,48.6521,0,86,66,44,2760,10501,5.1316,165,16.909,0,0,5438,1236930096
396.402,2.52269,48.6521,0,86,66,44,2760,10501,5.1316,165,16.909,0,0,5438,1239453191
1111.32,0.899829,48.6521,0,86,66,44,2760,10501,5.1316,165,16.909,0,0,5438,1240353125
440.643,2.26941,48.6521,0,86,66,44,2760,10501,5.1316,165,16.909,0,0,5438,1242622913
345.638,2.8932,48.6521,0,86,66,44,2760,10501,5.1316,165,16.909,0,0,5438,1245516386
365.359,2.73704,48.6521,0,86,66,44,2760,10501,5.1316,165,16.909,0,0,5438,1248253737
418.787,2.38785,48.6521,0,86,66,44,2760,10501,5.1316,165,16.909,0,0,5438,1250641856
243.702,4.10337,48.6521,0,86,66,44,2760,10501,5.1316,165,16.909,0,0,5438,1254745648
539.44,1.85377,48.6521,0,86,66,44,2760,10501,5.1316,165,16.909,0,0,5438,1256599749
364.012,2.74716,48.6521,0,86,66,44,2760,10501,5.1316,165,16.909,0,0,5438,1259347361
311.132,3.21407,48.6521,0,86,66,44,2760,10501,5.1316,165,16.909,0,0,5438,1262561585
370.144,2.70165,48.6521,0,86,66,44,2760,10501,5.1316,165,16.909,0,0,5438,1265263561
585.283,1.70858,48.6521,0,86,66,44,2760,10501,5.1316,165,16.909,0,0,5438,1266972464
392.116,2.55027,48.6521,0,86,66,44,2760,10501,5.1316,165,16.909,0,0,5438,1269523060
382.471,2.61458,48.6521,0,86,66,44,2760,10501,5.1316,165,16.909,0,0,5438,1272138081
375.069,2.66618,48.6521,0,86,66,44,2760,10501,5.1316,165,16.909,0,0,5438,1274804459
387.616,2.57987,48.6521,0,86,66,44,2760,10501,5.1316,165,16.909,0,0,5438,1277384921
305.415,3.27424,48.6521,0,86,66,44,2760,10501,5.1316,165,16.909,0,0,5438,1280659195
387.389,2.58138,48.6521,0,86,66,44,2760,10501,5.1316,165,16.909,0,0,5438,1283240897
287.872,3.47376,48.6521,0,86,66,44,2760,10501,5.1316,165,16.909,0,0,5438,1286715043
363.186,2.75341,48.6521,0,86,66,44,2760,10501,5.1316,165,16.909,0,0,5438,1289468770
540.127,1.85142,48.6521,0,86,66,44,2760,10501,5.1316,165,16.909,0,0,5438,1291320602
397.359,2.51661,48.6521,0,86,66,44,2760,10501,5.1316,165,16.909,0,0,5438,1293837456
299.61,3.33767,48.6521,0,86,66,44,2760,10501,5.1316,165,16.909,0,0,5438,1297175424
459.708,2.1753,48.6521,0,86,66,44,2760,10501,5.1316,165,16.909,0,0,5438,1299350978
425.307,2.35124,48.6521,0,86,66,44,2760,10501,5.1316,165,16.909,0,0,5438,1301702692
333.662,2.99704,48.6521,0,86,66,44,2760,10501,5.1316,165,16.909,0,0,5438,1304699957
420.387,2.37876,48.6521,0,86,66,44,2760,10501,5.1316,165,16.909,0,0,5438,1307079239
351.608,2.84408,48.6521,0,86,66,44,2760,10501,5.1316,165,16.909,0,0,5438,1309923421
442.076,2.26206,48.6521,0,86,66,44,2760,10501,5.1316,165,16.909,0,0,5438,1312185892
299.55,3.33834,48.6521,0,86,66,44,2760,10501,5.1316,165,16.909,0,0,5438,1315524524
376.909,2.65316,48.6521,0,86,66,44,2760,10501,5.1316,165,16.909,0,0,5438,1318178084
456.045,2.19277,48.6521,0,86,66,44,2760,10501,5.1316,165,16.909,0,0,5438,1320371129
431.876,2.31548,48.6521,0,86,66,44,2760,10501,5.1316,165,16.909,0,0,5438,1322686919
284.808,3.51114,48.6521,0,86,66,44,2760,10501,5.1316,165,16.909,0,0,5438,1326198364
404.251,2.47371,48.6521,0,86,66,44,2760,10501,5.1316,165,16.909,0,0,5438,1328672342
359.792,2.77938,48.6521,0,86,66,44,2760,10501,5.1316,165,16.909,0,0,5438,1331452031
477.875,2.0926,48.6521,0,86,66,44,2760,10501,5.1316,165,16.909,0,0,5438,1333544929
319.904,3.12594,48.6521,0,86,66,44,2760,10501,5.1316,165,16.909,0,0,5438,1336671169
460.322,2.17239,48.6521,0,86,66,44,2760,10501,5.1316,165,16.909,0,0,5438,1338843905
367.327,2.72237,48.6521,0,86,66,44,2760,10501,5.1316,165,16.909,0,0,5438,1341566603
328.91,3.04034,48.6521,0,86,66,44,2760,10501,5.1316,165,16.909,0,0,5438,1344607350
420.909,2.37581,48.6521,0,86,66,44,2760,10501,5.1316,165,16.909,0,0,5438,1346983593
354.218,2.82312,48.6521,0,86,66,44,2760,10501,5.1316,165,16.909,0,0,5438,1349807150
372.552,2.68419,48.6521,0,86,66,44,2760,10501,5.1316,165,16.909,0,0,5438,1352491721
188.758,5.29778,48.6521,0,86,66,44,2760,10501,5.1316,165,16.909,0,0,5438,1357789900
715.869,1.3969,48.6521,0,86,66,44,2760,10501,5.1316,165,16.909,0,0,5438,1359187101
582.44,1.71691,48.6521,0,86,66,44,2760,10501,5.1316,165,16.909,0,0,5438,1360904370
363.26,2.75285,48.6521,0,86,66,44,2760,10501,5.1316,165,16.909,0,0,5438,1363657636
383.714,2.60611,48.6521,0,86,66,44,2760,10501,5.1316,165,16.909,0,0,5438,1366263983
241.701,4.13734,48.6521,0,86,66,44,2760,10501,5.1316,165,16.909,0,0,5438,1370401594
843.422,1.18565,48.6521,0,86,66,44,2760,10501,5.1316,165,16.909,0,0,5438,1371587538
306.601,3.26157,48.6521,0,86,66,44,2760,10501,5.1316,165,16.909,0,0,5438,1374849427
574.478,1.74071,48.6521,0,86,66,44,2760,10501,5.1316,165,16.909,0,0,5438,1376590408
375.189,2.66532,48.6521,0,86,66,44,2760,10501,5.1316,165,16.909,0,0,5438,1379256065
355.505,2.8129,48.6521,0,86,66,44,2760,10501,5.1316,165,16.909,0,0,5438,1382069670
343.076,2.91481,48.6521,0,86,66,44,2760,10501,5.1316,165,16.909,0,0,5438,1384984778
369.189,2.70864,48.6521,0,86,66,44,2760,10501,5.1316,165,16.909,0,0,5438,1387693754
238.612,4.1909,48.6521,0,86,66,44,2760,10501,5.1316,165,16.909,0,0,5438,1391885039
684.413,1.46111,48.6521,0,86,66,44,2760,10501,5.1316,165,16.909,0,0,5438,1393346281
225.922,4.4263,48.6521,0,86,66,44,2760,10501,5.1316,165,16.909,0,0,5438,1397773170
1187.35,0.842211,48.6521,0,86,66,44,2760,10501,5.1316,165,16.909,0,0,5438,1398615554
444.793,2.24824,48.6521,0,86,66,44,2760,10501,5.1316,165,16.909,0,0,5438,1400864024
376.402,2.65673,48.6521,0,86,66,44,2760,10501,5.1316,165,16.909,0,0,5438,1403521191
348.513,2.86934,48.6521,0,86,66,44,2760,10501,5.1316,165,16.909,0,0,5438,1406390739
448.917,2.22759,48.6521,0,86,66,44,2760,10501,5.1316,165,16.909,0,0,5438,1408618622
337.19,2.96569,48.6521,0,86,66,44,2760,10501,5.1316,165,16.909,0,0,5438,1411584597
360.08,2.77716,48.6521,0,86,66,44,2760,10501,5.1316,165,16.909,0,0,5438,1414362268
387.9,2.57798,48.6521,0,86,66,44,2760,10501,5.1316,165,16.909,0,0,5438,1416940393
366.993,2.72485,48.6521,0,86,66,44,2760,10501,5.1316,165,16.909,0,0,5438,1419665744
327.008,3.05803,48.6521,0,86,66,44,2760,10501,5.1316,165,16.909,0,0,5438,1422723915
309.166,3.23451,48.6521,0,86,66,44,2760,10501,5.1316,165,16.909,0,0,5438,1425958755
225.759,4.4295,48.6521,0,86,66,44,2760,10501,5.1316,165,16.909,0,0,5438,1430388721
1451.31,0.689033,48.6521,0,86,66,44,2760,10501,5.1316,165,16.909,0,0,5438,1431078052
576.823,1.73363,48.6521,0,86,66,44,2760,10501,5.1316,165,16.909,0,0,5438,1432814841
267.593,3.73702,48.6521,0,86,66,44,2760,10501,5.1316,165,16.909,0,0,5438,1436550833
483.502,2.06824,48.6521,0,86,66,44,2760,10501,5.1316,165,16.909,0,0,5438,1438619210
200.162,4.99596,48.6521,0,86,66,44,2760,10501,5.1316,165,16.909,0,0,5438,1443615705
689.998,1.44928,48.6521,0,86,66,44,2760,10501,5.1316,165,16.909,0,0,5438,1445065129
355.991,2.80906,48.6521,0,86,66,44,2760,10501,5.1316,165,16.909,0,0,5438,1447874532
468.873,2.13277,48.6521,0,86,66,44,2760,10501,5.1316,165,16.909,0,0,5438,1450007642
328.155,3.04734,48.6521,0,86,66,44,2760,10501,5.1316,165,16.909,0,0,5438,1453055341
208.961,4.78557,48.6521,0,86,66,44,2760,10501,5.1316,165,16.909,0,0,5438,1457841214
1211.22,0.825615,48.6521,0,86,66,44,2760,10501,5.1316,165,16.909,0,0,5438,1458667318
578.125,1.72973,48.6521,0,86,66,44,2760,10501,5.1316,165,16.909,0,0,5438,1460397261
304.725,3.28165,48.6521,0,86,66,44,2760,10501,5.1316,165,16.909,0,0,5438,1463679237
335.814,2.97784,48.6521,0,86,66,44,2760,10501,5.1316,165,16.909,0,0,5438,1466657386
438.432,2.28085,48.6521,0,86,66,44,2760,10501,5.1316,165,16.909,0,0,5438,1468938472
337.719,2.96104,48.6521,0,86,66,44,2760,10501,5.1316,165,16.909,0,0,5438,1471899870
289.314,3.45645,48.6521,0,86,66,44,2760,10501,5.1316,165,16.909,0,0,5438,1475356602
340.15,2.93988,48.6521,0,86,66,44,2760,10501,5.1316,165,16.909,0,0,5438,1478296999
406.595,2.45945,48.6521,0,86,66,44,2760,10501,5.1316,165,16.909,0,0,5438,1480756688
406.56,2.45966,48.6521,0,86,66,44,2760,10501,5.1316,165,16.909,0,0,5438,1483216665
559.278,1.78802,48.6521,0,86,66,44,2760,10501,5.1316,165,16.909,0,0,5438,1485004927
219.01,4.566,48.6521,0,86,66,44,2760,10501,5.1316,165,16.909,0,0,5438,1489571696
547.102,1.82781,48.6521,0,86,66,44,2760,10501,5.1316,165,16.909,0,0,5438,1491399758
413.72,2.41709,48.6521,0,86,66,44,2760,10501,5.1316,165,16.909,0,0,5438,1493817407
501.128,1.9955,48.6521,0,86,66,44,2760,10501,5.1316,165,16.909,0,0,5438,1495813060
281.787,3.54877,48.6521,0,86,66,44,2760,10501,5.1316,165,16.909,0,0,5438,1499362372
428.521,2.33361,48.6521,0,86,66,44,2760,10501,5.1316,165,16.909,0,0,5438,1501696143
208.867,4.78773,48.6521,0,86,66,44,2760,10501,5.1316,165,16.909,0,0,5438,1506484334
656.254,1.5238,48.6521,0,86,66,44,2760,10501,5.1316,165,16.909,0,0,5438,1508008337
428.099,2.33591,48.6521,0,86,66,44,2760,10501,5.1316,165,16.909,0,0,5438,1510344627
240.869,4.15163,48.6521,0,86,66,44,2760,10501,5.1316,165,16.909,0,0,5438,1514496584
299.418,3.33981,48.6521,0,86,66,44,2760,10501,5.1316,165,16.909,0,0,5438,1517836899
311.477,3.21051,48.6521,0,86,66,44,2760,10501,5.1316,165,16.909,0,0,5438,1521047719
628.841,1.59023,48.6521,0,86,66,44,2760,10501,5.1316,165,16.909,0,0,5438,1522638157
803.112,1.24516,48.6521,0,86,66,44,2760,10501,5.1316,165,16.909,0,0,5438,1523883699
327.201,3.05623,48.6521,0,86,66,44,2760,10501,5.1316,165,16.909,0,0,5438,1526940465
460.233,2.17281,48.6521,0,86,66,44,2760,10501,5.1316,165,16.909,0,0,5438,1529113519
192.25,5.20156,48.6521,0,86,66,44,2760,10501,5.1316,165,16.909,0,0,5438,1534315435
1969.41,0.507767,48.6521,0,86,66,44,2760,10501,5.1316,165,16.909,0,0,5438,1534823077
514.697,1.94289,48.6521,0,86,66,44,2760,10501,5.1316,165,16.909,0,0,5438,1536766633
280.886,3.56017,48.6521,0,86,66,44,2760,10501,5.1316,165,16.909,0,0,5438,1540327089
415.229,2.40831,48.6521,0,86,66,44,2760,10501,5.1316,165,16.909,0,0,5438,1542735699
363.394,2.75183,48.6521,0,86,66,44,2760,10501,5.1316,165,16.909,0,0,5438,1545487850
373.814,2.67513,48.6521,0,86,66,44,2760,10501,5.1316,165,16.909,0,0,5438,1548165075
394.572,2.53439,45.4198,0,86,66,44,2760,10501,5.13395,165,16.9114,0,0,5444,1550698025
343.828,2.90844,45.4198,0,86,66,44,2760,10501,5.13395,165,16.9114,0,0,5444,1553606797
414.205,2.41426,45.4198,0,86,66,44,2760,10501,5.13395,165,16.9114,0,0,5444,1556021330
244.584,4.08857,45.4198,0,86,66,44,2760,10501,5.13395,165,16.9114,0,0,5444,1560110352
600.622,1.66494,45.4198,0,86,66,44,2760,10501,5.13395,165,16.9114,0,0,5444,1561775524
426.156,2.34656,45.4198,0,86,66,44,2760,10501,5.13395,165,16.9114,0,0,5444,1564122420
398.303,2.51065,45.4198,0,86,66,44,2760,10501,5.13395,165,16.9114,0,0,5444,1566633389
362.834,2.75608,45.4198,0,86,66,44,2760,10501,5.13395,165,16.9114,0,0,5444,1569389944
371.407,2.69247,45.4198,0,86,66,44,2760,10501,5.13395,165,16.9114,0,0,5444,1572082602
348.792,2.86704,45.4198,0,86,66,44,2760,10501,5.13395,165,16.9114,0,0,5444,1574966064
423.92,2.35894,45.4198,0,86,66,44,2760,10501,5.13395,165,16.9114,0,0,5444,1577309230
380.641,2.62715,45.4198,0,86,66,44,2760,10501,5.13395,165,16.9114,0,0,5444,1579936636
409.458,2.44226,45.4198,0,86,66,44,2760,10501,5.13395,165,16.9114,0,0,5444,1582379199
329.579,3.03417,45.4198,0,86,66,44,2760,10501,5.13395,165,16.9114,0,0,5444,1585413820
337.48,2.96314,45.4198,0,86,66,44,2760,10501,5.13395,165,16.9114,0,0,5444,1588377170
413.989,2.41552,45.4198,0,86,66,44,2760,10501,5.13395,165,16.9114,0,0,5444,1590793030
222.437,4.49565,45.4198,0,86,66,44,2760,10501,5.13395,165,16.9114,0,0,5444,1595289153
611.334,1.63577,45.4198,0,86,66,44,2760,10501,5.13395,165,16.9114,0,0,5444,1596925179
407.127,2.45624,45.4198,0,86,66,44,2760,10501,5.13395,165,16.9114,0,0,5444,1599381685
302.522,3.30555,45.4198,0,86,66,44,2760,10501,5.13395,165,16.9114,0,0,5444,1602687547
491.749,2.03356,45.4198,0,86,66,44,2760,10501,5.13395,165,16.9114,0,0,5444,1604721538
368.569,2.7132,45.4198,0,86,66,44,2760,10501,5.13395,165,16.9114,0,0,5444,1607434976
369.648,2.70527,45.4198,0,86,66,44,2760,10501,5.13395,165,16.9114,0,0,5444,1610140548
199.529,5.01181,45.4198,0,86,66,44,2760,10501,5.13395,165,16.9114,0,0,5444,1615152996
813.693,1.22896,45.4198,0,86,66,44,2760,10501,5.13395,165,16.9114,0,0,5444,1616382325
509.847,1.96137,45.4198,0,86,66,44,2760,10501,5.13395,165,16.9114,0,0,5444,1618343680
387.675,2.57948,45.4198,0,86,66,44,2760,10501,5.13395,165,16.9114,0,0,5444,1620923459
291.648,3.42879,45.4198,0,86,66,44,2760,10501,5.13395,165,16.9114,0,0,5444,1624352546
321.103,3.11427,45.4198,0,86,66,44,2760,10501,5.13395,165,16.9114,0,0,5444,1627467295
560.429,1.78435,45.4198,0,86,66,44,2760,10501,5.13395,165,16.9114,0,0,5444,1629251865
362.782,2.75648,45.4198,0,86,66,44,2760,10501,5.13395,165,16.9114,0,0,5444,1632008698
308.793,3.23842,45.4198,0,86,66,44,2760,10501,5.13395,165,16.9114,0,0,5444,1635247452
574.531,1.74055,45.4198,0,86,66,44,2760,10501,5.13395,165,16.9114,0,0,5444,1636988241
197.024,5.07552,45.4198,0,86,66,44,2760,10501,5.13395,165,16.9114,0,0,5444,1642064066
395.108,2.53095,45.4198,0,86,66,44,2760,10501,5.13395,165,16.9114,0,0,5444,1644595440
563.364,1.77505,45.4198,0,86,66,44,2760,10501,5.13395,165,16.9114,0,0,5444,1646370817
702.408,1.42367,45.4198,0,86,66,44,2760,10501,5.13395,165,16.9114,0,0,5444,1647794730
342.836,2.91685,45.4198,0,86,66,44,2760,10501,5.13395,165,16.9114,0,0,5444,1650711905
354.382,2.82182,45.4198,0,86,66,44,2760,10501,5.13395,165,16.9114,0,0,5444,1653534154
344.601,2.90191,45.4198,0,86,66,44,2760,10501,5.13395,165,16.9114,0,0,5444,1656436223
385.02,2.59727,45.4198,0,86,66,44,2760,10501,5.13395,165,16.9114,0,0,5444,1659033811
427.204,2.3408,45.4198,0,86,66,44,2760,10501,5.13395,165,16.9114,0,0,5444,1661374909
330.941,3.02169,45.4198,0,86,66,44,2760,10501,5.13395,165,16.9114,0,0,5444,1664397059
269.107,3.71599,45.4198,0,86,66,44,2760,10501,5.13395,165,16.9114,0,0,5444,1668113501
629.721,1.588,45.4198,0,86,66,44,2760,10501,5.13395,165,16.9114,0,0,5444,1669701805
341.344,2.9296,45.4198,0,86,66,44,2760,10501,5.13395,165,16.9114,0,0,5444,1672631788
421.975,2.36981,45.4198,0,86,66,44,2760,10501,5.13395,165,16.9114,0,0,5444,1675001743
351.857,2.84207,45.4198,0,86,66,44,2760,10501,5.13395,165,16.9114,0,0,5444,1677844147
389.582,2.56686,45.4198,0,86,66,44,2760,10501,5.13395,165,16.9114,0,0,5444,1680411300
340.682,2.93529,45.4198,0,86,66,44,2760,10501,5.13395,165,16.9114,0,0,5444,1683346928
370.751,2.69723,45.4198,0,86,66,44,2760,10501,5.13395,165,16.9114,0,0,5444,1686044471
376.488,2.65613,45.4198,0,86,66,44,2760,10501,5.13395,165,16.9114,0,0,5444,1688705734
403.494,2.47835,45.4198,0,86,66,44,2760,10501,5.13395,165,16.9114,0,0,5444,1691179673
262.536,3.80899,45.4198,0,86,66,44,2760,10501,5.13395,165,16.9114,0,0,5444,1694989042
436.966,2.28851,45.4198,0,86,66,44,2760,10501,5.13395,165,16.9114,0,0,5444,1697277763
366.418,2.72912,45.4198,0,86,66,44,2760,10501,5.13395,165,16.9114,0,0,5444,1700007393
471.733,2.11984,45.4198,0,86,66,44,2760,10501,5.13395,165,16.9114,0,0,5444,1702127561
347.27,2.87961,45.4198,0,86,66,44,2760,10501,5.13395,165,16.9114,0,0,5444,1705007427
406.257,2.4615,45.4198,0,86,66,44,2760,10501,5.13395,165,16.9114,0,0,5444,1707469376
490.644,2.03814,45.4198,0,86,66,44,2760,10501,5.13395,165,16.9114,0,0,5444,1709507867
354.149,2.82367,45.4198,0,86,66,44,2760,10501,5.13395,165,16.9114,0,0,5444,1712331790
265.384,3.76812,45.4198,0,86,66,44,2760,10501,5.13395,165,16.9114,0,0,5444,1716100215
491.405,2.03498,45.4198,0,86,66,44,2760,10501,5.13395,165,16.9114,0,0,5444,1718135495
275.082,3.63528,45.4198,0,86,66,44,2760,10501,5.13395,165,16.9114,0,0,5444,1721771060
545.819,1.83211,45.4198,0,86,66,44,2760,10501,5.13395,165,16.9114,0,0,5444,1723603458
303.969,3.28981,45.4198,0,86,66,44,2760,10501,5.13395,165,16.9114,0,0,5444,1726893501
499.986,2.00006,45.4198,0,86,66,44,2760,10501,5.13395,165,16.9114,0,0,5444,1728893876
427.645,2.33839,45.4198,0,86,66,44,2760,10501,5.13395,165,16.9114,0,0,5444,1731232561
368.47,2.71393,45.4198,0,86,66,44,2760,10501,5.13395,165,16.9114,0,0,5444,1733946854
323.841,3.08793,45.4198,0,86,66,44,2760,10501,5.13395,165,16.9114,0,0,5444,1737035160
508.299,1.96735,45.4198,0,86,66,44,2760,10501,5.13395,165,16.9114,0,0,5444,1739002813
220.26,4.54009,45.4198,0,86,66,44,2760,10501,5.13395,165,16.9114,0,0,5444,1743543370
1063.74,0.94008,45.4198,0,86,66,44,2760,10501,5.13395,165,16.9114,0,0,5444,1744483710
250.398,3.99364,45.4198,0,86,66,44,2760,10501,5.13395,165,16.9114,0,0,5444,1748477767
518.063,1.93027,45.4198,0,86,66,44,2760,10501,5.13395,165,16.9114,0,0,5444,1750408380
297.328,3.36329,45.4198,0,86,66,44,2760,10501,5.13395,165,16.9114,0,0,5444,1753772042
379.253,2.63676,45.4198,0,86,66,44,2760,10501,5.13395,165,16.9114,0,0,5444,1756409121
558.296,1.79117,45.4198,0,86,66,44,2760,10501,5.13395,165,16.9114,0,0,5444,1758200537
343.74,2.90917,45.4198,0,86,66,44,2760,10501,5.13395,165,16.9114,0,0,5444,1761110020
384.644,2.59981,45.4198,0,86,66,44,2760,10501,5.13395,165,16.9114,0,0,5444,1763710261
434.65,2.3007,45.4198,0,86,66,44,2760,10501,5.13395,165,16.9114,0,0,5444,1766011185
359.795,2.77936,45.4198,0,86,66,44,2760,10501,5.13395,165,16.9114,0,0,5444,1768790884
387.312,2.5819,45.4198,0,86,66,44,2760,10501,5.13395,165,16.9114,0,0,5444,1771373308
415.702,2.40557,45.4198,0,86,66,44,2760,10501,5.13395,165,16.9114,0,0,5444,1773779216
292.014,3.42449,45.4198,0,86,66,44,2760,10501,5.13395,165,16.9114,0,0,5444,1777204245
272.006,3.67639,45.4198,0,86,66,44,2760,10501,5.13395,165,16.9114,0,0,5444,1780880965
506.719,1.97348,45.4198,0,86,66,44,2760,10501,5.13395,165,16.9114,0,0,5444,1782854724
563.868,1.77346,45.4198,0,86,66,44,2760,10501,5.13395,165,16.9114,0,0,5444,1784628476
358.437,2.78989,45.4198,0,86,66,44,2760,10501,5.13395,165,16.9114,0,0,5444,1787418656
264.302,3.78355,45.4198,0,86,66,44,2760,10501,5.13395,165,16.9114,0,0,5444,1791202515
696.29,1.43618,45.4198,0,86,66,44,2760,10501,5.13395,165,16.9114,0,0,5444,1792639015
342.729,2.91776,45.4198,0,86,66,44,2760,10501,5.13395,165,16.9114,0,0,5444,1795557075
365.381,2.73687,45.4198,0,86,66,44,2760,10501,5.13395,165,16.9114,0,0,5444,1798294350
222.635,4.49166,45.4198,0,86,66,44,2760,10501,5.13395,165,16.9114,0,0,5444,1802786424
690.672,1.44787,45.4198,0,86,66,44,2760,10501,5.13395,165,16.9114,0,0,5444,1804234444
355.063,2.8164,45.4198,0,86,66,44,2760,10501,5.13395,165,16.9114,0,0,5444,1807051164
423.192,2.36299,45.4198,0,86,66,44,2760,10501,5.13395,165,16.9114,0,0,5444,1809414465
299.875,3.33473,45.4198,0,86,66,44,2760,10501,5.13395,165,16.9114,0,0,5444,1812749664
523.927,1.90866,45.4198,0,86,66,44,2760,10501,5.13395,165,16.9114,0,0,5444,1814658507
326.784,3.06012,45.4198,0,86,66,44,2760,10501,5.13395,165,16.9114,0,0,5444,1817718927
418.127,2.39162,45.4198,0,86,66,44,2760,10501,5.13395,165,16.9114,0,0,5444,1820110960
315.707,3.16749,45.4198,0,86,66,44,2760,10501,5.13395,165,16.9114,0,0,5444,1823278855
466.898,2.14179,45.4198,0,86,66,44,2760,10501,5.13395,165,16.9114,0,0,5444,1825421004
250.783,3.98752,45.4198,0,86,66,44,2760,10501,5.13395,165,16.9114,0,0,5444,1829408898
619.982,1.61295,45.4198,0,86,66,44,2760,10501,5.13395,165,16.9114,0,0,5444,1831022280
318.939,3.13539,45.4198,0,86,66,44,2760,10501,5.13395,165,16.9114,0,0,5444,1834157866
425.429,2.35057,45.4198,0,86,66,44,2760,10501,5.13395,165,16.9114,0,0,5444,1836508714
369.036,2.70976,45.4198,0,86,66,44,2760,10501,5.13395,165,16.9114,0,0,5444,1839218844
399.613,2.50242,45.4198,0,86,66,44,2760,10501,5.13395,165,16.9114,0,0,5444,1841721554
388.4,2.57466,45.4198,0,86,66,44,2760,10501,5.13395,165,16.9114,0,0,5444,1844296506
348.236,2.87162,45.4198,0,86,66,44,2760,10501,5.13395,165,16.9114,0,0,5444,1847168449
385.145,2.59642,45.4198,0,86,66,44,2760,10501,5.13395,165,16.9114,0,0,5444,1849765180
361.634,2.76523,45.4198,0,86,66,44,2760,10501,5.13395,165,16.9114,0,0,5444,1852530870
262.858,3.80433,45.4198,0,86,66,44,2760,10501,5.13395,165,16.9114,0,0,5444,1856335594
543.602,1.83958,45.4198,0,86,66,44,2760,10501,5.13395,165,16.9114,0,0,5444,1858175358
378.967,2.63875,45.4198,0,86,66,44,2760,10501,5.13395,165,16.9114,0,0,5444,1860814610
358.405,2.79014,45.4198,0,86,66,44,2760,10501,5.13395,165,16.9114,0,0,5444,1863604993
459.31,2.17718,45.4198,0,86,66,44,2760,10501,5.13395,165,16.9114,0,0,5444,1865782624
352.734,2.835,45.4198,0,86,66,44,2760,10501,5.13395,165,16.9114,0,0,5444,1868618075
343.14,2.91426,45.4198,0,86,66,44,2760,10501,5.13395,165,16.9114,0,0,5444,1871532568
376.757,2.65423,45.4198,0,86,66,44,2760,10501,5.13395,165,16.9114,0,0,5444,1874187167
338.713,2.95235,45.4198,0,86,66,44,2760,10501,5.13395,165,16.9114,0,0,5444,1877139766
321.424,3.11115,45.4198,0,86,66,44,2760,10501,5.13395,165,16.9114,0,0,5444,1880251227
189,5.291,45.4198,0,86,66,44,2760,10501,5.13395,165,16.9114,0,0,5444,1885542636
369.156,2.70888,45.4198,0,86,66,44,2760,10501,5.13395,165,16.9114,0,0,5444,1888251852
426.584,2.3442,45.4198,0,86,66,44,2760,10501,5.13395,165,16.9114,0,0,5444,1890596431
336.044,2.9758,45.4198,0,86,66,44,2760,10501,5.13395,165,16.9114,0,0,5444,1893572416
537,1.8622,45.4198,0,86,66,44,2760,10501,5.13395,165,16.9114,0,0,5444,1895435085
691.048,1.44708,45.4198,0,86,66,44,2760,10501,5.13395,165,16.9114,0,0,5444,1896882345
272.708,3.66693,45.4198,0,86,66,44,2760,10501,5.13395,165,16.9114,0,0,5444,1900549584
601.275,1.66313,45.4198,0,86,66,44,2760,10501,5.13395,165,16.9114,0,0,5444,1902213063
338.584,2.95347,45.4198,0,86,66,44,2760,10501,5.13395,165,16.9114,0,0,5444,1905166865
359.365,2.78269,45.4198,0,86,66,44,2760,10501,5.13395,165,16.9114,0,0,5444,1907949872
351.548,2.84456,45.4198,0,86,66,44,2760,10501,5.13395,165,16.9114,0,0,5444,1910794929
496.432,2.01438,45.4198,0,86,66,44,2760,10501,5.13395,165,16.9114,0,0,5444,1912809526
297.921,3.35659,45.4198,0,86,66,44,2760,10501,5.13395,165,16.9114,0,0,5444,1916166533
400.284,2.49823,45.4198,0,86,66,44,2760,10501,5.13395,165,16.9114,0,0,5444,1918664983
215.58,4.63865,45.4198,0,86,66,44,2760,10501,5.13395,165,16.9114,0,0,5444,1923304332
401.495,2.49069,45.4198,0,86,66,44,2760,10501,5.13395,165,16.9114,0,0,5444,1925795396
627.195,1.5944,45.4198,0,86,66,44,2760,10501,5.13395,165,16.9114,0,0,5444,1927390200
476.233,2.09981,45.4198,0,86,66,44,2760,10501,5.13395,165,16.9114,0,0,5444,1929490261
370.32,2.70037,45.4198,0,86,66,44,2760,10501,5.13395,165,16.9114,0,0,5444,1932190958
495.958,2.0163,45.4198,0,86,66,44,2760,10501,5.13395,165,16.9114,0,0,5444,1934236892
202.527,4.93762,45.4198,0,86,66,44,2760,10501,5.13395,165,16.9114,0,0,5444,1939145539
1409.34,0.709552,45.4198,0,86,66,44,2760,10501,5.13395,165,16.9114,0,0,5444,1939855274
382.664,2.61326,45.4198,0,86,66,44,2760,10501,5.13395,165,16.9114,0,0,5444,1942468939
399.845,2.50097,45.4198,0,86,66,44,2760,10501,5.13395,165,16.9114,0,0,5444,1944970264
349.011,2.86524,45.4198,0,86,66,44,2760,10501,5.13395,165,16.9114,0,0,5444,1947836004
396.78,2.52029,45.4198,0,86,66,44,2760,10501,5.13395,165,16.9114,0,0,5444,1950356609
352.95,2.83326,45.4198,0,86,66,44,2760,10501,5.13395,165,16.9114,0,0,5444,1953190252
351.541,2.84461,45.4198,0,86,66,44,2760,10501,5.13395,165,16.9114,0,0,5444,1956035165
287.578,3.47732,45.4198,0,86,66,44,2760,10501,5.13395,165,16.9114,0,0,5444,1959512859
563.529,1.77453,45.4198,0,86,66,44,2760,10501,5.13395,165,16.9114,0,0,5444,1961287842
207.705,4.81453,45.4198,0,86,66,44,2760,10501,5.13395,165,16.9114,0,0,5444,1966102591
1785.01,0.560221,45.4198,0,86,66,44,2760,10501,5.13395,165,16.9114,0,0,5444,1966663331
401.916,2.48808,45.4198,0,86,66,44,2760,10501,5.13395,165,16.9114,0,0,5444,1969151713
353.401,2.82964,45.4198,0,86,66,44,2760,10501,5.13395,165,16.9114,0,0,5444,1971981809
390.465,2.56105,45.4198,0,86,66,44,2760,10501,5.13395,165,16.9114,0,0,5444,1974542876
331.307,3.01835,45.4198,0,86,66,44,2760,10501,5.13395,165,16.9114,0,0,5444,1977561535
417.308,2.39631,45.4198,0,86,66,44,2760,10501,5.13395,165,16.9114,0,0,5444,1979958231
349.372,2.86228,45.4198,0,86,66,44,2760,10501,5.13395,165,16.9114,0,0,5444,1982820837
380.324,2.62934,45.4198,0,86,66,44,2760,10501,5.13395,165,16.9114,0,0,5444,1985450609
375.42,2.66369,45.4198,0,86,66,44,2760,10501,5.13395,165,16.9114,0,0,5444,1988114698
235.544,4.24549,45.4198,0,86,66,44,2760,10501,5.13395,165,16.9114,0,0,5444,1992360524
646.652,1.54643,45.4198,0,86,66,44,2760,10501,5.13395,165,16.9114,0,0,5444,1993907105
458.207,2.18242,45.4198,0,86,66,44,2760,10501,5.13395,165,16.9114,0,0,5444,1996089909
365.156,2.73855,45.4198,0,86,66,44,2760,10501,5.13395,165,16.9114,0,0,5444,1998829098
338.994,2.94991,45.4198,0,86,66,44,2760,10501,5.13395,165,16.9114,0,0,5444,2001779149
282.279,3.54259,45.4198,0,86,66,44,2760,10501,5.13395,165,16.9114,0,0,5444,2005322009
489.672,2.04218,45.4198,0,86,66,44,2760,10501,5.13395,165,16.9114,0,0,5444,2007364568
363.003,2.7548,45.4198,0,86,66,44,2760,10501,5.13395,165,16.9114,0,0,5444,2010119632
435.261,2.29747,45.4198,0,86,66,44,2760,10501,5.13395,165,16.9114,0,0,5444,2012417421
383.127,2.6101,45.4198,0,86,66,44,2760,10501,5.13395,165,16.9114,0,0,5444,2015027865
240.633,4.1557,45.4198,0,86,66,44,2760,10501,5.13395,165,16.9114,0,0,5444,2019183851
634.578,1.57585,45.4198,0,86,66,44,2760,10501,5.13395,165,16.9114,0,0,5444,2020759981
353.916,2.82553,45.4198,0,86,66,44,2760,10501,5.13395,165,16.9114,0,0,5444,2023585855
390.415,2.56137,45.4198,0,86,66,44,2760,10501,5.13395,165,16.9114,0,0,5444,2026147518
356.229,2.80718,45.4198,0,86,66,44,2760,10501,5.13395,165,16.9114,0,0,5444,2028954969
414.078,2.415,45.4198,0,86,66,44,2760,10501,5.13395,165,16.9114,0,0,5444,2031370329
360.866,2.77111,45.4198,0,86,66,44,2760,10501,5.13395,165,16.9114,0,0,5444,2034141884
237.142,4.21688,45.4198,0,86,66,44,2760,10501,5.13395,165,16.9114,0,0,5444,2038359305
564.649,1.77101,45.4198,0,86,66,44,2760,10501,5.13395,165,16.9114,0,0,5444,2040130567
452.946,2.20777,45.4198,0,86,66,44,2760,10501,5.13395,165,16.9114,0,0,5444,2042338631
251.773,3.97183,45.4198,0,86,66,44,2760,10501,5.13395,165,16.9114,0,0,5444,2046310890
639.411,1.56394,45.4198,0,86,66,44,2760,10501,5.13395,165,16.9114,0,0,5444,2047875020
349.61,2.86033,45.4198,0,86,66,44,2760,10501,5.13395,165,16.9114,0,0,5444,2050737328
340.226,2.93922,45.8122,0,85,66,44,2760,10501,5.1316,165,16.9127,0,0,5437,2053675186
357.079,2.8005,45.8122,0,85,66,44,2760,10501,5.1316,165,16.9127,0,0,5437,2056476002
461.211,2.16821,45.8122,0,85,66,44,2760,10501,5.1316,165,16.9127,0,0,5437,2058644498
216.555,4.61777,45.8122,0,85,66,44,2760,10501,5.1316,165,16.9127,0,0,5437,2063262606
560.069,1.78549,45.8122,0,85,66,44,2760,10501,5.1316,165,16.9127,0,0,5437,2065048406
595.388,1.67958,45.8122,0,85,66,44,2760,10501,5.1316,165,16.9127,0,0,5437,2066728261
387.634,2.57975,45.8122,0,85,66,44,2760,10501,5.1316,165,16.9127,0,0,5437,2069308329
168.402,5.93817,45.8122,0,85,66,44,2760,10501,5.1316,165,16.9127,0,0,5437,2075246808
1170.16,0.854586,45.8122,0,85,66,44,2760,10501,5.1316,165,16.9127,0,0,5437,2076101817
322.258,3.10311,45.8122,0,85,66,44,2760,10501,5.1316,165,16.9127,0,0,5437,2079205191
338.045,2.95819,45.8122,0,85,66,44,2760,10501,5.1316,165,16.9127,0,0,5437,2082163945
2046.21,0.488709,45.8122,0,85,66,44,2760,10501,5.1316,165,16.9127,0,0,5437,2082652528
370.096,2.702,45.8122,0,85,66,44,2760,10501,5.1316,165,16.9127,0,0,5437,2085355052
345.624,2.89332,45.8122,0,85,66,44,2760,10501,5.1316,165,16.9127,0,0,5437,2088248659
382.263,2.616,45.8122,0,85,66,44,2760,10501,5.1316,165,16.9127,0,0,5437,2090864872
355.182,2.81546,45.8122,0,85,66,44,2760,10501,5.1316,165,16.9127,0,0,5437,2093680688
402.028,2.48739,45.8122,0,85,66,44,2760,10501,5.1316,165,16.9127,0,0,5437,2096168484
246.949,4.04942,45.8122,0,85,66,44,2760,10501,5.1316,165,16.9127,0,0,5437,2100218101
593.157,1.68589,45.8122,0,85,66,44,2760,10501,5.1316,165,16.9127,0,0,5437,2101904341
368.773,2.7117,45.8122,0,85,66,44,2760,10501,5.1316,165,16.9127,0,0,5437,2104616490
380.41,2.62874,45.8122,0,85,66,44,2760,10501,5.1316,165,16.9127,0,0,5437,2107245511
379.167,2.63736,45.8122,0,85,66,44,2760,10501,5.1316,165,16.9127,0,0,5437,2109883215
389.503,2.56737,45.8122,0,85,66,44,2760,10501,5.1316,165,16.9127,0,0,5437,2112450888
272.782,3.66593,45.8122,0,85,66,44,2760,10501,5.1316,165,16.9127,0,0,5437,2116117156
235.344,4.24909,45.8122,0,85,66,44,2760,10501,5.1316,165,16.9127,0,0,5437,2120366549
899.119,1.1122,45.8122,0,85,66,44,2760,10501,5.1316,165,16.9127,0,0,5437,2121479048
454.54,2.20003,45.8122,0,85,66,44,2760,10501,5.1316,165,16.9127,0,0,5437,2123679363
222.259,4.49925,45.8122,0,85,66,44,2760,10501,5.1316,165,16.9127,0,0,5437,2128179101
517.424,1.93265,45.8122,0,85,66,44,2760,10501,5.1316,165,16.9127,0,0,5437,2130112031
454.161,2.20186,45.8122,0,85,66,44,2760,10501,5.1316,165,16.9127,0,0,5437,2132314279
505.96,1.97644,45.8122,0,85,66,44,2760,10501,5.1316,165,16.9127,0,0,5437,2134290807
348.224,2.87171,45.8122,0,85,66,44,2760,10501,5.1316,165,16.9127,0,0,5437,2137163048
351.189,2.84747,45.8122,0,85,66,44,2760,10501,5.1316,165,16.9127,0,0,5437,2140010884
256.349,3.90093,45.8122,0,85,66,44,2760,10501,5.1316,165,16.9127,0,0,5437,2143912227
618.515,1.61678,45.8122,0,85,66,44,2760,10501,5.1316,165,16.9127,0,0,5437,2145529234
414.205,2.41426,45.8122,0,85,66,44,2760,10501,5.1316,165,16.9127,0,0,5437,2147943988
410.92,2.43356,45.8122,0,85,66,44,2760,10501,5.1316,165,16.9127,0,0,5437,2150377686
183.844,5.4394,45.8122,0,85,66,44,2760,10501,5.1316,165,16.9127,0,0,5437,2155817465
1836.87,0.544403,45.8122,0,85,66,44,2760,10501,5.1316,165,16.9127,0,0,5437,2156362224
470.408,2.12581,45.8122,0,85,66,44,2760,10501,5.1316,165,16.9127,0,0,5437,2158488199
207.826,4.81173,45.8122,0,85,66,44,2760,10501,5.1316,165,16.9127,0,0,5437,2163300284
445.356,2.24539,45.8122,0,85,66,44,2760,10501,5.1316,165,16.9127,0,0,5437,2165545956
659.956,1.51525,45.8122,0,85,66,44,2760,10501,5.1316,165,16.9127,0,0,5437,2167061536
417.648,2.39436,45.8122,0,85,66,44,2760,10501,5.1316,165,16.9127,0,0,5437,2169456328
439.416,2.27575,45.8122,0,85,66,44,2760,10501,5.1316,165,16.9127,0,0,5437,2171732444
336.213,2.9743,45.8122,0,85,66,44,2760,10501,5.1316,165,16.9127,0,0,5437,2174707169
349.607,2.86036,45.8122,0,85,66,44,2760,10501,5.1316,165,16.9127,0,0,5437,2177567669
283.412,3.52843,45.8122,0,85,66,44,2760,10501,5.1316,165,16.9127,0,0,5437,2181096577
379.947,2.63194,45.8122,0,85,66,44,2760,10501,5.1316,165,16.9127,0,0,5437,2183728800
452.188,2.21147,45.8122,0,85,66,44,2760,10501,5.1316,165,16.9127,0,0,5437,2185940624
458.419,2.18141,45.8122,0,85,66,44,2760,10501,5.1316,165,16.9127,0,0,5437,2188122265
349.306,2.86282,45.8122,0,85,66,44,2760,10501,5.1316,165,16.9127,0,0,5437,2190985410
402.744,2.48297,45.8122,0,85,66,44,2760,10501,5.1316,165,16.9127,0,0,5437,2193468628
350.02,2.85698,45.8122,0,85,66,44,2760,10501,5.1316,165,16.9127,0,0,5437,2196326099
338.975,2.95007,45.8122,0,85,66,44,2760,10501,5.1316,165,16.9127,0,0,5437,2199276401
326.458,3.06318,45.8122,0,85,66,44,2760,10501,5.1316,165,16.9127,0,0,5437,2202339908
493.358,2.02692,45.8122,0,85,66,44,2760,10501,5.1316,165,16.9127,0,0,5437,2204366976
202.04,4.94952,45.8122,0,85,66,44,2760,10501,5.1316,165,16.9127,0,0,5437,2209316970
377.65,2.64795,45.8122,0,85,66,44,2760,10501,5.1316,165,16.9127,0,0,5437,2211965473
643.583,1.5538,45.8122,0,85,66,44,2760,10501,5.1316,165,16.9127,0,0,5437,2213519467
465.746,2.14709,45.8122,0,85,66,44,2760,10501,5.1316,165,16.9127,0,0,5437,2215666895
253.077,3.95137,45.8122,0,85,66,44,2760,10501,5.1316,165,16.9127,0,0,5437,2219618875
583.11,1.71494,45.8122,0,85,66,44,2760,10501,5.1316,165,16.9127,0,0,5437,2221333981
317.51,3.14951,45.8122,0,85,66,44,2760,10501,5.1316,165,16.9127,0,0,5437,2224483596
238.503,4.19282,45.8122,0,85,66,44,2760,10501,5.1316,165,16.9127,0,0,5437,2228677045
1328.98,0.752458,45.8122,0,85,66,44,2760,10501,5.1316,165,16.9127,0,0,5437,2229429311
405.298,2.46732,45.8122,0,85,66,44,2760,10501,5.1316,165,16.9127,0,0,5437,2231897096
208.083,4.80578,45.8122,0,85,66,44,2760,10501,5.1316,165,16.9127,0,0,5437,2236703220
392.297,2.54909,45.8122,0,85,66,44,2760,10501,5.1316,165,16.9127,0,0,5437,2239252652
441.7,2.26398,45.8122,0,85,66,44,2760,10501,5.1316,165,16.9127,0,0,5437,2241517036
464.511,2.1528,45.8122,0,85,66,44,2760,10501,5.1316,165,16.9127,0,0,5437,2243670204
337.16,2.96596,45.8122,0,85,66,44,2760,10501,5.1316,165,16.9127,0,0,5437,2246636727
399.363,2.50399,45.8122,0,85,66,44,2760,10501,5.1316,165,16.9127,0,0,5437,2249140773
352.979,2.83303,45.8122,0,85,66,44,2760,10501,5.1316,165,16.9127,0,0,5437,2251974138
179.241,5.57908,45.8122,0,85,66,44,2760,10501,5.1316,165,16.9127,0,0,5437,2257553672
1244.48,0.803546,45.8122,0,85,66,44,2760,10501,5.1316,165,16.9127,0,0,5437,2258357690
570.078,1.75415,45.8122,0,85,66,44,2760,10501,5.1316,165,16.9127,0,0,5437,2260111980
346.324,2.88747,45.8122,0,85,66,44,2760,10501,5.1316,165,16.9127,0,0,5437,2262999798
351.922,2.84154,45.8122,0,85,66,44,2760,10501,5.1316,165,16.9127,0,0,5437,2265841586
214.948,4.65229,45.8122,0,85,66,44,2760,10501,5.1316,165,16.9127,0,0,5437,2270494358
766.213,1.30512,45.8122,0,85,66,44,2760,10501,5.1316,165,16.9127,0,0,5437,2271799662
411.005,2.43306,45.8122,0,85,66,44,2760,10501,5.1316,165,16.9127,0,0,5437,2274232975
422.779,2.3653,45.8122,0,85,66,44,2760,10501,5.1316,165,16.9127,0,0,5437,2276598689
478.464,2.09002,45.8122,0,85,66,44,2760,10501,5.1316,165,16.9127,0,0,5437,2278689000
293.542,3.40667,45.8122,0,85,66,44,2760,10501,5.1316,165,16.9127,0,0,5437,2282095980
431.519,2.3174,45.8122,0,85,66,44,2760,10501,5.1316,165,16.9127,0,0,5437,2284413693
280.277,3.5679,45.8122,0,85,66,44,2760,10501,5.1316,165,16.9127,0,0,5437,2287981919
381.159,2.62358,45.8122,0,85,66,44,2760,10501,5.1316,165,16.9127,0,0,5437,2290605978
416.769,2.39941,45.8122,0,85,66,44,2760,10501,5.1316,165,16.9127,0,0,5437,2293005530
561.136,1.7821,45.8122,0,85,66,44,2760,10501,5.1316,165,16.9127,0,0,5437,2294787956
270.934,3.69093,45.8122,0,85,66,44,2760,10501,5.1316,165,16.9127,0,0,5437,2298479311
487.224,2.05244,45.8122,0,85,66,44,2760,10501,5.1316,165,16.9127,0,0,5437,2300532121
412.581,2.42376,45.8122,0,85,66,44,2760,10501,5.1316,165,16.9127,0,0,5437,2302956356
342.421,2.92038,45.8122,0,85,66,44,2760,10501,5.1316,165,16.9127,0,0,5437,2305877051
403.998,2.47526,45.8122,0,85,66,44,2760,10501,5.1316,165,16.9127,0,0,5437,2308352653
211.251,4.73371,45.8122,0,85,66,44,2760,10501,5.1316,165,16.9127,0,0,5437,2313086640
1931.91,0.517623,45.8122,0,85,66,44,2760,10501,5.1316,165,16.9127,0,0,5437,2313604311
174.222,5.73982,45.8122,0,85,66,44,2760,10501,5.1316,165,16.9127,0,0,5437,2319344764
1364.46,0.73289,45.8122,0,85,66,44,2760,10501,5.1316,165,16.9127,0,0,5437,2320077885
513.895,1.94592,45.8122,0,85,66,44,2760,10501,5.1316,165,16.9127,0,0,5437,2322024085
415.988,2.40392,45.8122,0,85,66,44,2760,10501,5.1316,165,16.9127,0,0,5437,2324428310
326.583,3.06201,45.8122,0,85,66,44,2760,10501,5.1316,165,16.9127,0,0,5437,2327490539
351.841,2.84219,45.8122,0,85,66,44,2760,10501,5.1316,165,16.9127,0,0,5437,2330333077
343.273,2.91314,45.8122,0,85,66,44,2760,10501,5.1316,165,16.9127,0,0,5437,2333246723
554.157,1.80454,45.8122,0,85,66,44,2760,10501,5.1316,165,16.9127,0,0,5437,2335051476
294.03,3.40101,45.8122,0,85,66,44,2760,10501,5.1316,165,16.9127,0,0,5437,2338452812
422.894,2.36466,45.8122,0,85,66,44,2760,10501,5.1316,165,16.9127,0,0,5437,2340817718
314.076,3.18394,45.8122,0,85,66,44,2760,10501,5.1316,165,16.9127,0,0,5437,2344001960
305.953,3.26848,45.8122,0,85,66,44,2760,10501,5.1316,165,16.9127,0,0,5437,2347270801
483.572,2.06795,45.8122,0,85,66,44,2760,10501,5.1316,165,16.9127,0,0,5437,2349339246
453.707,2.20406,45.8122,0,85,66,44,2760,10501,5.1316,165,16.9127,0,0,5437,2351543493
330.612,3.0247,45.8122,0,85,66,44,2760,10501,5.1316,165,16.9127,0,0,5437,2354568624
418.949,2.38693,45.8122,0,85,66,44,2760,10501,5.1316,165,16.9127,0,0,5437,2356955782
384.803,2.59873,45.8122,0,85,66,44,2760,10501,5.1316,165,16.9127,0,0,5437,2359555244
284.811,3.5111,45.8122,0,85,66,44,2760,10501,5.1316,165,16.9127,0,0,5437,2363066689
464.889,2.15105,45.8122,0,85,66,44,2760,10501,5.1316,165,16.9127,0,0,5437,2365218089
408.289,2.44925,45.8122,0,85,66,44,2760,10501,5.1316,165,16.9127,0,0,5437,2367667662
198.348,5.04163,45.8122,0,85,66,44,2760,10501,5.1316,165,16.9127,0,0,5437,2372709610
1813.33,0.551471,45.8122,0,85,66,44,2760,10501,5.1316,165,16.9127,0,0,5437,2373261225
401.474,2.49082,45.8122,0,85,66,44,2760,10501,5.1316,165,16.9127,0,0,5437,2375752444
287.277,3.48096,45.8122,0,85,66,44,2760,10501,5.1316,165,16.9127,0,0,5437,2379233936
403.3,2.47955,45.8122,0,85,66,44,2760,10501,5.1316,165,16.9127,0,0,5437,2381713731
476.547,2.09843,45.8122,0,85,66,44,2760,10501,5.1316,165,16.9127,0,0,5437,2383812465
330.513,3.0256,45.8122,0,85,66,44,2760,10501,5.1316,165,16.9127,0,0,5437,2386838481
380.712,2.62666,45.8122,0,85,66,44,2760,10501,5.1316,165,16.9127,0,0,5437,2389465512
387.795,2.57868,45.8122,0,85,66,44,2760,10501,5.1316,165,16.9127,0,0,5437,2392044502
335.454,2.98103,45.8122,0,85,66,44,2760,10501,5.1316,165,16.9127,0,0,5437,2395025737
189.223,5.28478,45.8122,0,85,66,44,2760,10501,5.1316,165,16.9127,0,0,5437,2400310916
1178.08,0.848837,45.8122,0,85,66,44,2760,10501,5.1316,165,16.9127,0,0,5437,2401160069
699.654,1.42928,45.8122,0,85,66,44,2760,10501,5.1316,165,16.9127,0,0,5437,2402589569
302.124,3.3099,45.8122,0,85,66,44,2760,10501,5.1316,165,16.9127,0,0,5437,2405899979
423.778,2.35972,45.8122,0,85,66,44,2760,10501,5.1316,165,16.9127,0,0,5437,2408259914
396.991,2.51895,45.8122,0,85,66,44,2760,10501,5.1316,165,16.9127,0,0,5437,2410779288
314.163,3.18306,45.8122,0,85,66,44,2760,10501,5.1316,165,16.9127,0,0,5437,2413962645
452.157,2.21162,45.8122,0,85,66,44,2760,10501,5.1316,165,16.9127,0,0,5437,2416174681
338.14,2.95736,45.8122,0,85,66,44,2760,10501,5.1316,165,16.9127,0,0,5437,2419132348
361.223,2.76837,45.8122,0,85,66,44,2760,10501,5.1316,165,16.9127,0,0,5437,2421901124
240.675,4.15498,45.8122,0,85,66,44,2760,10501,5.1316,165,16.9127,0,0,5437,2426056639
469.294,2.13086,45.8122,0,85,66,44,2760,10501,5.1316,165,16.9127,0,0,5437,2428187836
446.715,2.23857,45.8122,0,85,66,44,2760,10501,5.1316,165,16.9127,0,0,5437,2430426604
446.383,2.24023,45.8122,0,85,66,44,2760,10501,5.1316,165,16.9127,0,0,5437,2432667189
359.16,2.78428,45.8122,0,85,66,44,2760,10501,5.1316,165,16.9127,0,0,5437,2435452032
399.254,2.50467,45.8122,0,85,66,44,2760,10501,5.1316,165,16.9127,0,0,5437,2437956896
368.521,2.71355,45.8122,0,85,66,44,2760,10501,5.1316,165,16.9127,0,0,5437,2440670939
259.173,3.85843,45.8122,0,85,66,44,2760,10501,5.1316,165,16.9127,0,0,5437,2444529588
572.917,1.74545,45.8122,0,85,66,44,2760,10501,5.1316,165,16.9127,0,0,5437,2446275580
200.557,4.98611,45.8122,0,85,66,44,2760,10501,5.1316,165,16.9127,0,0,5437,2451262046
444.935,2.24752,45.8122,0,85,66,44,2760,10501,5.1316,165,16.9127,0,0,5437,2453509804
353.094,2.8321,45.8122,0,85,66,44,2760,10501,5.1316,165,16.9127,0,0,5437,2456342304
454.355,2.20092,45.8122,0,85,66,44,2760,10501,5.1316,165,16.9127,0,0,5437,2458543532
503.608,1.98567,45.8122,0,85,66,44,2760,10501,5.1316,165,16.9127,0,0,5437,2460529531
334.393,2.99049,45.8122,0,85,66,44,2760,10501,5.1316,165,16.9127,0,0,5437,2463520363
564,1.77305,45.8122,0,85,66,44,2760,10501,5.1316,165,16.9127,0,0,5437,2465293817
343.772,2.90891,45.8122,0,85,66,44,2760,10501,5.1316,165,16.9127,0,0,5437,2468203184
359.116,2.78461,45.8122,0,85,66,44,2760,10501,5.1316,165,16.9127,0,0,5437,2470988115
314.919,3.17542,45.8122,0,85,66,44,2760,10501,5.1316,165,16.9127,0,0,5437,2474163808
232.419,4.30258,45.8122,0,85,66,44,2760,10501,5.1316,165,16.9127,0,0,5437,2478466867
741.582,1.34847,45.8122,0,85,66,44,2760,10501,5.1316,165,16.9127,0,0,5437,2479815624
212.449,4.70701,45.8122,0,85,66,44,2760,10501,5.1316,165,16.9127,0,0,5437,2484522994
995.182,1.00484,45.8122,0,85,66,44,2760,10501,5.1316,165,16.9127,0,0,5437,2485528287
369.656,2.70522,45.8122,0,85,66,44,2760,10501,5.1316,165,16.9127,0,0,5437,2488233859
501.768,1.99295,45.8122,0,85,66,44,2760,10501,5.1316,165,16.9127,0,0,5437,2490227023
382.564,2.61394,45.8122,0,85,66,44,2760,10501,5.1316,165,16.9127,0,0,5437,2492841370
364.409,2.74417,45.8122,0,85,66,44,2760,10501,5.1316,165,16.9127,0,0,5437,2495585819
421.35,2.37332,45.8122,0,85,66,44,2760,10501,5.1316,165,16.9127,0,0,5437,2497959572
315.69,3.16767,45.8122,0,85,66,44,2760,10501,5.1316,165,16.9127,0,0,5437,2501127486
434.699,2.30044,45.8122,0,85,66,44,2760,10501,5.1316,165,16.9127,0,0,5437,2503428246
210.695,4.74621,45.8122,0,85,66,44,2760,10501,5.1316,165,16.9127,0,0,5437,2508174868
1616,0.61881,45.8122,0,85,66,44,2760,10501,5.1316,165,16.9127,0,0,5437,2508793821
386.787,2.5854,45.8122,0,85,66,44,2760,10501,5.1316,165,16.9127,0,0,5437,2511379572
348.228,2.87168,45.8122,0,85,66,44,2760,10501,5.1316,165,16.9127,0,0,5437,2514251717
337.605,2.96204,45.8122,0,85,66,44,2760,10501,5.1316,165,16.9127,0,0,5437,2517214009
236.007,4.23716,45.8122,0,85,66,44,2760,10501,5.1316,165,16.9127,0,0,5437,2521451623
1224.78,0.81647,45.8122,0,85,66,44,2760,10501,5.1316,165,16.9127,0,0,5437,2522268343
410.327,2.43708,45.8122,0,85,66,44,2760,10501,5.1316,165,16.9127,0,0,5437,2524705733
327.593,3.05257,45.8122,0,85,66,44,2760,10501,5.1316,165,16.9127,0,0,5437,2527758605
446.19,2.2412,45.8122,0,85,66,44,2760,10501,5.1316,165,16.9127,0,0,5437,2530000151
266.421,3.75346,45.8122,0,85,66,44,2760,10501,5.1316,165,16.9127,0,0,5437,2533754066
603.042,1.65826,45.8122,0,85,66,44,2760,10501,5.1316,165,16.9127,0,0,5437,2535412391
388.212,2.57591,45.8122,0,85,66,44,2760,10501,5.1316,165,16.9127,0,0,5437,2537988709
337.79,2.96042,45.8122,0,85,66,44,2760,10501,5.1316,165,16.9127,0,0,5437,2540949443
359.051,2.78512,45.8122,0,85,66,44,2760,10501,5.1316,165,16.9127,0,0,5437,2543735008
373.1,2.68024,45.8122,0,85,66,44,2760,10501,5.1316,165,16.9127,0,0,5437,2546415493
371.122,2.69453,45.8122,0,85,66,44,2760,10501,5.1316,165,16.9127,0,0,5437,2549110353
355.059,2.81643,45.8122,0,85,66,44,2760,10501,5.1316,165,16.9127,0,0,5437,2551929188
284.147,3.51931,44.4444,0,85,66,44,2760,10501,5.13199,165,16.9149,0,0,5444,2555446720
493.335,2.02702,44.4444,0,85,66,44,2760,10501,5.13199,165,16.9149,0,0,5444,2557474241
314.569,3.17895,44.4444,0,85,66,44,2760,10501,5.13199,165,16.9149,0,0,5444,2560653386
275.712,3.62698,44.4444,0,85,66,44,2760,10501,5.13199,165,16.9149,0,0,5444,2564280672
683.051,1.46402,44.4444,0,85,66,44,2760,10501,5.13199,165,16.9149,0,0,5444,2565744981
375.918,2.66016,44.4444,0,85,66,44,2760,10501,5.13199,165,16.9149,0,0,5444,2568405455
507.174,1.97171,44.4444,0,85,66,44,2760,10501,5.13199,165,16.9149,0,0,5444,2570377493
244.642,4.08761,44.4444,0,85,66,44,2760,10501,5.13199,165,16.9149,0,0,5444,2574465467
510.58,1.95856,44.4444,0,85,66,44,2760,10501,5.13199,165,16.9149,0,0,5444,2576424341
422.53,2.36669,44.4444,0,85,66,44,2760,10501,5.13199,165,16.9149,0,0,5444,2578791594
365.834,2.73348,44.4444,0,85,66,44,2760,10501,5.13199,165,16.9149,0,0,5444,2581525272
328.709,3.04221,44.4444,0,85,66,44,2760,10501,5.13199,165,16.9149,0,0,5444,2584567596
340.462,2.93719,44.4444,0,85,66,44,2760,10501,5.13199,165,16.9149,0,0,5444,2587505128
433.505,2.30678,44.4444,0,85,66,44,2760,10501,5.13199,165,16.9149,0,0,5444,2589812244
322.718,3.09868,44.4444,0,85,66,44,2760,10501,5.13199,165,16.9149,0,0,5444,2592911242
385.516,2.59392,44.4444,0,85,66,44,2760,10501,5.13199,165,16.9149,0,0,5444,2595505484
343.061,2.91493,44.4444,0,85,66,44,2760,10501,5.13199,165,16.9149,0,0,5444,2598420765
339.404,2.94634,44.4444,0,85,66,44,2760,10501,5.13199,165,16.9149,0,0,5444,2601367450
541.161,1.84788,44.4444,0,85,66,44,2760,10501,5.13199,165,16.9149,0,0,5444,2603215657
319.061,3.1342,44.4444,0,85,66,44,2760,10501,5.13199,165,16.9149,0,0,5444,2606350195
350.667,2.85171,44.4444,0,85,66,44,2760,10501,5.13199,165,16.9149,0,0,5444,2609202205
457.981,2.1835,44.4444,0,85,66,44,2760,10501,5.13199,165,16.9149,0,0,5444,2611386067
342.922,2.91612,44.4444,0,85,66,44,2760,10501,5.13199,165,16.9149,0,0,5444,2614302521
409.448,2.44231,44.4444,0,85,66,44,2760,10501,5.13199,165,16.9149,0,0,5444,2616745257
346.409,2.88676,44.4444,0,85,66,44,2760,10501,5.13199,165,16.9149,0,0,5444,2619632220
386.16,2.5896,44.4444,0,85,66,44,2760,10501,5.13199,165,16.9149,0,0,5444,2622223913
389.294,2.56875,44.4444,0,85,66,44,2760,10501,5.13199,165,16.9149,0,0,5444,2624791288
315.018,3.17442,44.4444,0,85,66,44,2760,10501,5.13199,165,16.9149,0,0,5444,2627966049
537.677,1.85985,44.4444,0,85,66,44,2760,10501,5.13199,165,16.9149,0,0,5444,2629826246
330.241,3.02809,44.4444,0,85,66,44,2760,10501,5.13199,165,16.9149,0,0,5444,2632854627
388.393,2.57471,44.4444,0,85,66,44,2760,10501,5.13199,165,16.9149,0,0,5444,2635429666
370.683,2.69773,44.4444,0,85,66,44,2760,10501,5.13199,165,16.9149,0,0,5444,2638127833
298.169,3.35381,44.4444,0,85,66,44,2760,10501,5.13199,165,16.9149,0,0,5444,2641482014
279.513,3.57765,44.4444,0,85,66,44,2760,10501,5.13199,165,16.9149,0,0,5444,2645059923
640.12,1.56221,44.4444,0,85,66,44,2760,10501,5.13199,165,16.9149,0,0,5444,2646622399
465.186,2.14968,44.4444,0,85,66,44,2760,10501,5.13199,165,16.9149,0,0,5444,2648772365
339.457,2.94588,44.4444,0,85,66,44,2760,10501,5.13199,165,16.9149,0,0,5444,2651718686
288.247,3.46925,44.4444,0,85,66,44,2760,10501,5.13199,165,16.9149,0,0,5444,2655188466
544.159,1.8377,44.4444,0,85,66,44,2760,10501,5.13199,165,16.9149,0,0,5444,2657026653
354.135,2.82378,44.4444,0,85,66,44,2760,10501,5.13199,165,16.9149,0,0,5444,2659850642
295.257,3.38688,44.4444,0,85,66,44,2760,10501,5.13199,165,16.9149,0,0,5444,2663237891
523.68,1.90956,44.4444,0,85,66,44,2760,10501,5.13199,165,16.9149,0,0,5444,2665147907
245.709,4.06986,44.4444,0,85,66,44,2760,10501,5.13199,165,16.9149,0,0,5444,2669218150
418.977,2.38676,44.4444,0,85,66,44,2760,10501,5.13199,165,16.9149,0,0,5444,2671605039
522.792,1.9128,44.4444,0,85,66,44,2760,10501,5.13199,165,16.9149,0,0,5444,2673518247
433.452,2.30706,44.4444,0,85,66,44,2760,10501,5.13199,165,16.9149,0,0,5444,2675825613
341.584,2.92754,44.4444,0,85,66,44,2760,10501,5.13199,165,16.9149,0,0,5444,2678753472
304.493,3.28415,44.4444,0,85,66,44,2760,10501,5.13199,165,16.9149,0,0,5444,2682037938
448.079,2.23175,44.4444,0,85,66,44,2760,10501,5.13199,165,16.9149,0,0,5444,2684270138
213.314,4.68792,44.4444,0,85,66,44,2760,10501,5.13199,165,16.9149,0,0,5444,2688958268
1827,0.547345,44.4444,0,85,66,44,2760,10501,5.13199,165,16.9149,0,0,5444,2689505988
194.691,5.13634,44.4444,0,85,66,44,2760,10501,5.13199,165,16.9149,0,0,5444,2694642796
1591.45,0.628358,44.4444,0,85,66,44,2760,10501,5.13199,165,16.9149,0,0,5444,2695271375
514.826,1.9424,44.4444,0,85,66,44,2760,10501,5.13199,165,16.9149,0,0,5444,2697214161
371.048,2.69507,44.4444,0,85,66,44,2760,10501,5.13199,165,16.9149,0,0,5444,2699909560
363.717,2.74939,44.4444,0,85,66,44,2760,10501,5.13199,165,16.9149,0,0,5444,2702659412
350.735,2.85115,44.4444,0,85,66,44,2760,10501,5.13199,165,16.9149,0,0,5444,2705511248
353.143,2.83171,44.4444,0,85,66,44,2760,10501,5.13199,165,16.9149,0,0,5444,2708342988
366.443,2.72894,44.4444,0,85,66,44,2760,10501,5.13199,165,16.9149,0,0,5444,2711072234
391.549,2.55396,44.4444,0,85,66,44,2760,10501,5.13199,165,16.9149,0,0,5444,2713626522
370.586,2.69843,44.4444,0,85,66,44,2760,10501,5.13199,165,16.9149,0,0,5444,2716325267
373.283,2.67894,44.4444,0,85,66,44,2760,10501,5.13199,165,16.9149,0,0,5444,2719004636
264.023,3.78755,44.4444,0,85,66,44,2760,10501,5.13199,165,16.9149,0,0,5444,2722792610
400.342,2.49786,44.4444,0,85,66,44,2760,10501,5.13199,165,16.9149,0,0,5444,2725290665
660.933,1.51301,44.4444,0,85,66,44,2760,10501,5.13199,165,16.9149,0,0,5444,2726804004
352.282,2.83863,44.4444,0,85,66,44,2760,10501,5.13199,165,16.9149,0,0,5444,2729643158
376.288,2.65754,44.4444,0,85,66,44,2760,10501,5.13199,165,16.9149,0,0,5444,2732300863
386.05,2.59034,44.4444,0,85,66,44,2760,10501,5.13199,165,16.9149,0,0,5444,2734891546
291.593,3.42943,44.4444,0,85,66,44,2760,10501,5.13199,165,16.9149,0,0,5444,2738321364
420.152,2.38009,44.4444,0,85,66,44,2760,10501,5.13199,165,16.9149,0,0,5444,2740701694
423.397,2.36185,44.4444,0,85,66,44,2760,10501,5.13199,165,16.9149,0,0,5444,2743064072
299.783,3.33575,44.4444,0,85,66,44,2760,10501,5.13199,165,16.9149,0,0,5444,2746400222
316.009,3.16446,44.4444,0,85,66,44,2760,10501,5.13199,165,16.9149,0,0,5444,2749564964
630.595,1.5858,44.4444,0,85,66,44,2760,10501,5.13199,165,16.9149,0,0,5444,2751151075
355.733,2.81109,44.4444,0,85,66,44,2760,10501,5.13199,165,16.9149,0,0,5444,2753962439
390.333,2.56191,44.4444,0,85,66,44,2760,10501,5.13199,165,16.9149,0,0,5444,2756524794
329.468,3.0352,44.4444,0,85,66,44,2760,10501,5.13199,165,16.9149,0,0,5444,2759560118
359.64,2.78056,44.4444,0,85,66,44,2760,10501,5.13199,165,16.9149,0,0,5444,2762341135
481.267,2.07785,44.4444,0,85,66,44,2760,10501,5.13199,165,16.9149,0,0,5444,2764419378
321.061,3.11467,44.4444,0,85,66,44,2760,10501,5.13199,165,16.9149,0,0,5444,2767534300
366.973,2.72499,44.4444,0,85,66,44,2760,10501,5.13199,165,16.9149,0,0,5444,2770259642
391.955,2.55132,44.4444,0,85,66,44,2760,10501,5.13199,165,16.9149,0,0,5444,2772811237
192.479,5.19537,44.4444,0,85,66,44,2760,10501,5.13199,165,16.9149,0,0,5444,2778006903
494.31,2.02302,44.4444,0,85,66,44,2760,10501,5.13199,165,16.9149,0,0,5444,2780030240
317.362,3.15097,44.4444,0,85,66,44,2760,10501,5.13199,165,16.9149,0,0,5444,2783181577
495.693,2.01738,44.4444,0,85,66,44,2760,10501,5.13199,165,16.9149,0,0,5444,2785199203
434.361,2.30223,44.4444,0,85,66,44,2760,10501,5.13199,165,16.9149,0,0,5444,2787502002
388.431,2.57446,44.4444,0,85,66,44,2760,10501,5.13199,165,16.9149,0,0,5444,2790076665
304.446,3.28466,44.4444,0,85,66,44,2760,10501,5.13199,165,16.9149,0,0,5444,2793361651
432.675,2.3112,44.4444,0,85,66,44,2760,10501,5.13199,165,16.9149,0,0,5444,2795673143
368.447,2.71409,44.4444,0,85,66,44,2760,10501,5.13199,165,16.9149,0,0,5444,2798387571
354.872,2.81792,44.4444,0,85,66,44,2760,10501,5.13199,165,16.9149,0,0,5444,2801205771
394.883,2.53239,44.4444,0,85,66,44,2760,10501,5.13199,165,16.9149,0,0,5444,2803738491
336.468,2.97205,44.4444,0,85,66,44,2760,10501,5.13199,165,16.9149,0,0,5444,2806711072
395.323,2.52958,44.4444,0,85,66,44,2760,10501,5.13199,165,16.9149,0,0,5444,2809240744
409.421,2.44248,44.4444,0,85,66,44,2760,10501,5.13199,165,16.9149,0,0,5444,2811683576
193.33,5.17251,44.4444,0,85,66,44,2760,10501,5.13199,165,16.9149,0,0,5444,2816856779
232.033,4.30973,44.4444,0,85,66,44,2760,10501,5.13199,165,16.9149,0,0,5444,2821166559
2120.39,0.471612,44.4444,0,85,66,44,2760,10501,5.13199,165,16.9149,0,0,5444,2821638518
593.326,1.68541,44.4444,0,85,66,44,2760,10501,5.13199,165,16.9149,0,0,5444,2823324190
266.942,3.74613,44.4444,0,85,66,44,2760,10501,5.13199,165,16.9149,0,0,5444,2827070749
270.401,3.69821,44.4444,0,85,66,44,2760,10501,5.13199,165,16.9149,0,0,5444,2830769287
707.348,1.41373,44.4444,0,85,66,44,2760,10501,5.13199,165,16.9149,0,0,5444,2832183296
470.46,2.12558,44.4444,0,85,66,44,2760,10501,5.13199,165,16.9149,0,0,5444,2834309406
362.8,2.75634,44.4444,0,85,66,44,2760,10501,5.13199,165,16.9149,0,0,5444,2837065874
387.245,2.58235,44.4444,0,85,66,44,2760,10501,5.13199,165,16.9149,0,0,5444,2839648701
370.485,2.69917,44.4444,0,85,66,44,2760,10501,5.13199,165,16.9149,0,0,5444,2842348148
343.849,2.90825,44.4444,0,85,66,44,2760,10501,5.13199,165,16.9149,0,0,5444,2845256679
345.732,2.89242,44.4444,0,85,66,44,2760,10501,5.13199,165,16.9149,0,0,5444,2848149401
428.553,2.33343,44.4444,0,85,66,44,2760,10501,5.13199,165,16.9149,0,0,5444,2850483220
354.494,2.82092,44.4444,0,85,66,44,2760,10501,5.13199,165,16.9149,0,0,5444,2853304748
237.871,4.20396,44.4444,0,85,66,44,2760,10501,5.13199,165,16.9149,0,0,5444,2857509024
346.989,2.88193,44.4444,0,85,66,44,2760,10501,5.13199,165,16.9149,0,0,5444,2860391295
543.537,1.8398,44.4444,0,85,66,44,2760,10501,5.13199,165,16.9149,0,0,5444,2862231462
621.138,1.60995,44.4444,0,85,66,44,2760,10501,5.13199,165,16.9149,0,0,5444,2863841632
305.344,3.275,44.4444,0,85,66,44,2760,10501,5.13199,165,16.9149,0,0,5444,2867116858
454.447,2.20048,44.4444,0,85,66,44,2760,10501,5.13199,165,16.9149,0,0,5444,2869317730
222.405,4.4963,44.4444,0,85,66,44,2760,10501,5.13199,165,16.9149,0,0,5444,2873814487
721.251,1.38648,44.4444,0,85,66,44,2760,10501,5.13199,165,16.9149,0,0,5444,2875201169
477.611,2.09375,44.4444,0,85,66,44,2760,10501,5.13199,165,16.9149,0,0,5444,2877295364
387.082,2.58343,44.4444,0,85,66,44,2760,10501,5.13199,165,16.9149,0,0,5444,2879879115
225.541,4.43378,44.4444,0,85,66,44,2760,10501,5.13199,165,16.9149,0,0,5444,2884313370
345.172,2.89711,44.4444,0,85,66,44,2760,10501,5.13199,165,16.9149,0,0,5444,2887210718
597.781,1.67285,44.4444,0,85,66,44,2760,10501,5.13199,165,16.9149,0,0,5444,2888883812
487.807,2.04999,44.4444,0,85,66,44,2760,10501,5.13199,165,16.9149,0,0,5444,2890934093
328.608,3.04314,44.4444,0,85,66,44,2760,10501,5.13199,165,16.9149,0,0,5444,2893977599
306.379,3.26393,44.4444,0,85,66,44,2760,10501,5.13199,165,16.9149,0,0,5444,2897241883
561.175,1.78197,44.4444,0,85,66,44,2760,10501,5.13199,165,16.9149,0,0,5444,2899024039
425.814,2.34844,44.4444,0,85,66,44,2760,10501,5.13199,165,16.9149,0,0,5444,2901372858
336.984,2.9675,44.4444,0,85,66,44,2760,10501,5.13199,165,16.9149,0,0,5444,2904340670
342.202,2.92225,44.4444,0,85,66,44,2760,10501,5.13199,165,16.9149,0,0,5444,2907263268
223.017,4.48397,44.4444,0,85,66,44,2760,10501,5.13199,165,16.9149,0,0,5444,2911747564
390.017,2.56399,44.4444,0,85,66,44,2760,10501,5.13199,165,16.9149,0,0,5444,2914312015
583.251,1.71453,44.4444,0,85,66,44,2760,10501,5.13199,165,16.9149,0,0,5444,2916026958
437.146,2.28757,44.4444,0,85,66,44,2760,10501,5.13199,165,16.9149,0,0,5444,2918314698
341.954,2.92437,44.4444,0,85,66,44,2760,10501,5.13199,165,16.9149,0,0,5444,2921239480
372.896,2.68172,44.4444,0,85,66,44,2760,10501,5.13199,165,16.9149,0,0,5444,2923921512
397.565,2.51532,44.4444,0,85,66,44,2760,10501,5.13199,165,16.9149,0,0,5444,2926437059
415.336,2.40769,44.4444,0,85,66,44,2760,10501,5.13199,165,16.9149,0,0,5444,2928845044
350.081,2.85648,44.4444,0,85,66,44,2760,10501,5.13199,165,16.9149,0,0,5444,2931701794
380.649,2.62709,44.4444,0,85,66,44,2760,10501,5.13199,165,16.9149,0,0,5444,2934329402
205.864,4.85757,44.4444,0,85,66,44,2760,10501,5.13199,165,16.9149,0,0,5444,2939187258
387.256,2.58227,44.4444,0,85,66,44,2760,10501,5.13199,165,16.9149,0,0,5444,2941769979
1071.91,0.932916,44.4444,0,85,66,44,2760,10501,5.13199,165,16.9149,0,0,5444,2942703357
323.504,3.09115,44.4444,0,85,66,44,2760,10501,5.13199,165,16.9149,0,0,5444,2945794874
391.07,2.55709,44.4444,0,85,66,44,2760,10501,5.13199,165,16.9149,0,0,5444,2948352249
485.618,2.05923,44.4444,0,85,66,44,2760,10501,5.13199,165,16.9149,0,0,5444,2950411790
351.565,2.84442,44.4444,0,85,66,44,2760,10501,5.13199,165,16.9149,0,0,5444,2953256655
346.199,2.88851,44.4444,0,85,66,44,2760,10501,5.13199,165,16.9149,0,0,5444,2956145492
390.671,2.5597,44.4444,0,85,66,44,2760,10501,5.13199,165,16.9149,0,0,5444,2958705502
264.287,3.78376,44.4444,0,85,66,44,2760,10501,5.13199,165,16.9149,0,0,5444,2962489687
320.103,3.12399,44.4444,0,85,66,44,2760,10501,5.13199,165,16.9149,0,0,5444,2965614013
402.992,2.48144,44.4444,0,85,66,44,2760,10501,5.13199,165,16.9149,0,0,5444,2968095924
234.95,4.25623,44.4444,0,85,66,44,2760,10501,5.13199,165,16.9149,0,0,5444,2972352346
1724.45,0.579895,44.4444,0,85,66,44,2760,10501,5.13199,165,16.9149,0,0,5444,2972932308
451.119,2.21671,44.4444,0,85,66,44,2760,10501,5.13199,165,16.9149,0,0,5444,2975149585
318.978,3.13501,44.4444,0,85,66,44,2760,10501,5.13199,165,16.9149,0,0,5444,2978284806
270.159,3.70153,44.4444,0,85,66,44,2760,10501,5.13199,165,16.9149,0,0,5444,2981986834
675.745,1.47985,44.4444,0,85,66,44,2760,10501,5.13199,165,16.9149,0,0,5444,2983466942
395.187,2.53045,44.4444,0,85,66,44,2760,10501,5.13199,165,16.9149,0,0,5444,2985997633
282.204,3.54353,44.4444,0,85,66,44,2760,10501,5.13199,165,16.9149,0,0,5444,2989541599
341.429,2.92887,44.4444,0,85,66,44,2760,10501,5.13199,165,16.9149,0,0,5444,2992470755
487.382,2.05178,44.4444,0,85,66,44,2760,10501,5.13199,165,16.9149,0,0,5444,2994522795
391.438,2.55468,44.4444,0,85,66,44,2760,10501,5.13199,165,16.9149,0,0,5444,2997077843
380.393,2.62886,44.4444,0,85,66,44,2760,10501,5.13199,165,16.9149,0,0,5444,2999707201
227.108,4.40319,44.4444,0,85,66,44,2760,10501,5.13199,165,16.9149,0,0,5444,3004110801
1101.6,0.907771,44.4444,0,85,66,44,2760,10501,5.13199,165,16.9149,0,0,5444,3005018697
366.224,2.73057,44.4444,0,85,66,44,2760,10501,5.13199,165,16.9149,0,0,5444,3007749616
363.904,2.74798,44.4444,0,85,66,44,2760,10501,5.13199,165,16.9149,0,0,5444,3010497901
414.588,2.41203,44.4444,0,85,66,44,2760,10501,5.13199,165,16.9149,0,0,5444,3012910261
342.146,2.92273,44.4444,0,85,66,44,2760,10501,5.13199,165,16.9149,0,0,5444,3015833292
281.061,3.55795,44.4444,0,85,66,44,2760,10501,5.13199,165,16.9149,0,0,5444,3019391681
403.211,2.48009,44.4444,0,85,66,44,2760,10501,5.13199,165,16.9149,0,0,5444,3021871938
214.891,4.65351,44.4444,0,85,66,44,2760,10501,5.13199,165,16.9149,0,0,5444,3026525999
925.508,1.08049,44.4444,0,85,66,44,2760,10501,5.13199,165,16.9149,0,0,5444,3027606747
482.82,2.07117,44.4444,0,85,66,44,2760,10501,5.13199,165,16.9149,0,0,5444,3029678163
450.418,2.22016,44.4444,0,85,66,44,2760,10501,5.13199,165,16.9149,0,0,5444,3031898603
267.397,3.73975,44.4444,0,85,66,44,2760,10501,5.13199,165,16.9149,0,0,5444,3035638892
486.056,2.05738,44.4444,0,85,66,44,2760,10501,5.13199,165,16.9149,0,0,5444,3037696404
382.717,2.6129,44.4444,0,85,66,44,2760,10501,5.13199,165,16.9149,0,0,5444,3040309781
347.748,2.87564,44.4444,0,85,66,44,2760,10501,5.13199,165,16.9149,0,0,5444,3043185647
323.465,3.09153,44.4444,0,85,66,44,2760,10501,5.13199,165,16.9149,0,0,5444,3046277674
511.565,1.95479,44.4444,0,85,66,44,2760,10501,5.13199,165,16.9149,0,0,5444,3048232653
389.534,2.56717,44.4444,0,85,66,44,2760,10501,5.13199,165,16.9149,0,0,5444,3050800144
381.444,2.62162,44.4444,0,85,66,44,2760,10501,5.13199,165,16.9149,0,0,5444,3053425819
332.454,3.00794,47.2611,0,85,66,44,2760,10501,5.1316,165,16.9204,0,0,5436,3056430218
383.466,2.60779,47.2611,0,85,66,44,2760,10501,5.1316,165,16.9204,0,0,5436,3059038373
373.406,2.67805,47.2611,0,85,66,44,2760,10501,5.1316,165,16.9204,0,0,5436,3061716694
287.817,3.47443,47.2611,0,85,66,44,2760,10501,5.1316,165,16.9204,0,0,5436,3065191475
473.82,2.1105,47.2611,0,85,66,44,2760,10501,5.1316,165,16.9204,0,0,5436,3067302373
355.123,2.81592,47.2611,0,85,66,44,2760,10501,5.1316,165,16.9204,0,0,5436,3070118593
179.751,5.56325,47.2611,0,85,66,44,2760,10501,5.1316,165,16.9204,0,0,5436,3075682319
748.15,1.33663,47.2611,0,85,66,44,2760,10501,5.1316,165,16.9204,0,0,5436,3077019171
512.758,1.95024,47.2611,0,85,66,44,2760,10501,5.1316,165,16.9204,0,0,5436,3078969920
351.713,2.84323,47.2611,0,85,66,44,2760,10501,5.1316,165,16.9204,0,0,5436,3081813333
349.999,2.85715,47.2611,0,85,66,44,2760,10501,5.1316,165,16.9204,0,0,5436,3084670814
382.524,2.61421,47.2611,0,85,66,44,2760,10501,5.1316,165,16.9204,0,0,5436,3087285354
388.322,2.57518,47.2611,0,85,66,44,2760,10501,5.1316,165,16.9204,0,0,5436,3089860797
421.766,2.37098,47.2611,0,85,66,44,2760,10501,5.1316,165,16.9204,0,0,5436,3092232136
361.32,2.76763,47.2611,0,85,66,44,2760,10501,5.1316,165,16.9204,0,0,5436,3094999999
178.124,5.61407,47.2611,0,85,66,44,2760,10501,5.1316,165,16.9204,0,0,5436,3100614438
1396.53,0.716062,47.2611,0,85,66,44,2760,10501,5.1316,165,16.9204,0,0,5436,3101330837
327.275,3.05554,47.2611,0,85,66,44,2760,10501,5.1316,165,16.9204,0,0,5436,3104386853
598.3,1.6714,47.2611,0,85,66,44,2760,10501,5.1316,165,16.9204,0,0,5436,3106058544
315.601,3.16856,47.2611,0,85,66,44,2760,10501,5.1316,165,16.9204,0,0,5436,3109227430
524.483,1.90664,47.2611,0,85,66,44,2760,10501,5.1316,165,16.9204,0,0,5436,3111134456
305.906,3.26898,47.2611,0,85,66,44,2760,10501,5.1316,165,16.9204,0,0,5436,3114403768
480.833,2.07972,47.2611,0,85,66,44,2760,10501,5.1316,165,16.9204,0,0,5436,3116483703
351.538,2.84464,47.2611,0,85,66,44,2760,10501,5.1316,165,16.9204,0,0,5436,3119328674
356.892,2.80197,47.2611,0,85,66,44,2760,10501,5.1316,165,16.9204,0,0,5436,3122131009
355.053,2.81648,47.2611,0,85,66,44,2760,10501,5.1316,165,16.9204,0,0,5436,3124947950
329.333,3.03644,47.2611,0,85,66,44,2760,10501,5.1316,165,16.9204,0,0,5436,3127984649
262.694,3.8067,47.2611,0,85,66,44,2760,10501,5.1316,165,16.9204,0,0,5436,3131791777
683.275,1.46354,47.2611,0,85,66,44,2760,10501,5.1316,165,16.9204,0,0,5436,3133255557
338.999,2.94986,47.2611,0,85,66,44,2760,10501,5.1316,165,16.9204,0,0,5436,3136205810
435.104,2.2983,47.2611,0,85,66,44,2760,10501,5.1316,165,16.9204,0,0,5436,3138504349
343.142,2.91424,47.2611,0,85,66,44,2760,10501,5.1316,165,16.9204,0,0,5436,3141418861
350.785,2.85075,47.2611,0,85,66,44,2760,10501,5.1316,165,16.9204,0,0,5436,3144269938
359.084,2.78486,47.2611,0,85,66,44,2760,10501,5.1316,165,16.9204,0,0,5436,3147055214
413.227,2.41998,47.2611,0,85,66,44,2760,10501,5.1316,165,16.9204,0,0,5436,3149475575
355.269,2.81477,47.2611,0,85,66,44,2760,10501,5.1316,165,16.9204,0,0,5436,3152290593
345.77,2.8921,47.2611,0,85,66,44,2760,10501,5.1316,165,16.9204,0,0,5436,3155183161
393.055,2.54417,47.2611,0,85,66,44,2760,10501,5.1316,165,16.9204,0,0,5436,3157727516
343.162,2.91408,47.2611,0,85,66,44,2760,10501,5.1316,165,16.9204,0,0,5436,3160641941
222.279,4.49885,47.2611,0,85,66,44,2760,10501,5.1316,165,16.9204,0,0,5436,3165141170
963.805,1.03755,47.2611,0,85,66,44,2760,10501,5.1316,165,16.9204,0,0,5436,3166179013
374.246,2.67204,47.2611,0,85,66,44,2760,10501,5.1316,165,16.9204,0,0,5436,3168851545
309.447,3.23157,47.2611,0,85,66,44,2760,10501,5.1316,165,16.9204,0,0,5436,3172086212
465.367,2.14884,47.2611,0,85,66,44,2760,10501,5.1316,165,16.9204,0,0,5436,3174232572
370.306,2.70047,47.2611,0,85,66,44,2760,10501,5.1316,165,16.9204,0,0,5436,3176933471
197.842,5.05454,47.2611,0,85,66,44,2760,10501,5.1316,165,16.9204,0,0,5436,3181988440
581.187,1.72062,47.2611,0,85,66,44,2760,10501,5.1316,165,16.9204,0,0,5436,3183709392
816.741,1.22438,47.2611,0,85,66,44,2760,10501,5.1316,165,16.9204,0,0,5436,3184934202
357.935,2.79381,47.2611,0,85,66,44,2760,10501,5.1316,165,16.9204,0,0,5436,3187728191
393.049,2.54421,47.2611,0,85,66,44,2760,10501,5.1316,165,16.9204,0,0,5436,3190272719
413.038,2.42108,47.2611,0,85,66,44,2760,10501,5.1316,165,16.9204,0,0,5436,3192694118
334.99,2.98517,47.2611,0,85,66,44,2760,10501,5.1316,165,16.9204,0,0,5436,3195679718
361.645,2.76514,47.2611,0,85,66,44,2760,10501,5.1316,165,16.9204,0,0,5436,3198445225
267.722,3.73522,47.2611,0,85,66,44,2760,10501,5.1316,165,16.9204,0,0,5436,3202180745
588.232,1.70001,47.2611,0,85,66,44,2760,10501,5.1316,165,16.9204,0,0,5436,3203881100
204.964,4.8789,47.2611,0,85,66,44,2760,10501,5.1316,165,16.9204,0,0,5436,3208760361
317.323,3.15137,47.2611,0,85,66,44,2760,10501,5.1316,165,16.9204,0,0,5436,3211912208
378.952,2.63886,47.2611,0,85,66,44,2760,10501,5.1316,165,16.9204,0,0,5436,3214551210
918.178,1.08911,47.2611,0,85,66,44,2760,10501,5.1316,165,16.9204,0,0,5436,3215640631
495.883,2.01661,47.2611,0,85,66,44,2760,10501,5.1316,165,16.9204,0,0,5436,3217657709
326.247,3.06516,47.2611,0,85,66,44,2760,10501,5.1316,165,16.9204,0,0,5436,3220723081
420.378,2.37881,47.2611,0,85,66,44,2760,10501,5.1316,165,16.9204,0,0,5436,3223102238
332.728,3.00546,47.2611,0,85,66,44,2760,10501,5.1316,165,16.9204,0,0,5436,3226108099
285.048,3.50818,47.2611,0,85,66,44,2760,10501,5.1316,165,16.9204,0,0,5436,3229616602
589.646,1.69593,47.2611,0,85,66,44,2760,10501,5.1316,165,16.9204,0,0,5436,3231312871
234.326,4.26756,47.2611,0,85,66,44,2760,10501,5.1316,165,16.9204,0,0,5436,3235580630
488.006,2.04916,47.2611,0,85,66,44,2760,10501,5.1316,165,16.9204,0,0,5436,3237630430
535.416,1.86771,47.2611,0,85,66,44,2760,10501,5.1316,165,16.9204,0,0,5436,3239498339
344.654,2.90146,47.2611,0,85,66,44,2760,10501,5.1316,165,16.9204,0,0,5436,3242400110
407.612,2.45331,47.2611,0,85,66,44,2760,10501,5.1316,165,16.9204,0,0,5436,3244853837
297.363,3.36289,47.2611,0,85,66,44,2760,10501,5.1316,165,16.9204,0,0,5436,3248216950
485.058,2.06161,47.2611,0,85,66,44,2760,10501,5.1316,165,16.9204,0,0,5436,3250278952
341.146,2.9313,47.2611,0,85,66,44,2760,10501,5.1316,165,16.9204,0,0,5436,3253210465
352.168,2.83956,47.2611,0,85,66,44,2760,10501,5.1316,165,16.9204,0,0,5436,3256050435
402.409,2.48504,47.2611,0,85,66,44,2760,10501,5.1316,165,16.9204,0,0,5436,3258535875
186.029,5.3755,47.2611,0,85,66,44,2760,10501,5.1316,165,16.9204,0,0,5436,3263911768
1716.91,0.582443,47.2611,0,85,66,44,2760,10501,5.1316,165,16.9204,0,0,5436,3264494153
326.736,3.06057,47.2611,0,85,66,44,2760,10501,5.1316,165,16.9204,0,0,5436,3267555140
395.824,2.52637,47.2611,0,85,66,44,2760,10501,5.1316,165,16.9204,0,0,5436,3270081947
473.337,2.11266,47.2611,0,85,66,44,2760,10501,5.1316,165,16.9204,0,0,5436,3272194970
342.742,2.91765,47.2611,0,85,66,44,2760,10501,5.1316,165,16.9204,0,0,5436,3275113039
427.054,2.34163,47.2611,0,85,66,44,2760,10501,5.1316,165,16.9204,0,0,5436,3277454878
361.464,2.76653,47.2611,0,85,66,44,2760,10501,5.1316,165,16.9204,0,0,5436,3280221740
356.25,2.80702,47.2611,0,85,66,44,2760,10501,5.1316,165,16.9204,0,0,5436,3283029133
314.902,3.17559,47.2611,0,85,66,44,2760,10501,5.1316,165,16.9204,0,0,5436,3286205211
300.511,3.32766,47.2611,0,85,66,44,2760,10501,5.1316,165,16.9204,0,0,5436,3289533150
609.914,1.63958,47.2611,0,85,66,44,2760,10501,5.1316,165,16.9204,0,0,5436,3291173071
379.312,2.63635,47.2611,0,85,66,44,2760,10501,5.1316,165,16.9204,0,0,5436,3293810025
405.704,2.46485,47.2611,0,85,66,44,2760,10501,5.1316,165,16.9204,0,0,5436,3296275031
347.875,2.8746,47.2611,0,85,66,44,2760,10501,5.1316,165,16.9204,0,0,5436,3299150051
373.427,2.6779,47.2611,0,85,66,44,2760,10501,5.1316,165,16.9204,0,0,5436,3301828141
287.139,3.48264,47.2611,0,85,66,44,2760,10501,5.1316,165,16.9204,0,0,5436,3305311057
545.392,1.83354,47.2611,0,85,66,44,2760,10501,5.1316,165,16.9204,0,0,5436,3307144965
316.624,3.15832,47.2611,0,85,66,44,2760,10501,5.1316,165,16.9204,0,0,5436,3310303687
476.582,2.09827,47.2611,0,85,66,44,2760,10501,5.1316,165,16.9204,0,0,5436,3312402219
231.059,4.32791,47.2611,0,85,66,44,2760,10501,5.1316,165,16.9204,0,0,5436,3316730442
601.584,1.66228,47.2611,0,85,66,44,2760,10501,5.1316,165,16.9204,0,0,5436,3318392959
390.245,2.56249,47.2611,0,85,66,44,2760,10501,5.1316,165,16.9204,0,0,5436,3320955786
360.801,2.77161,47.2611,0,85,66,44,2760,10501,5.1316,165,16.9204,0,0,5436,3323727735
243.401,4.10845,47.2611,0,85,66,44,2760,10501,5.1316,165,16.9204,0,0,5436,3327836479
755.635,1.32339,47.2611,0,85,66,44,2760,10501,5.1316,165,16.9204,0,0,5436,3329160207
410.732,2.43468,47.2611,0,85,66,44,2760,10501,5.1316,165,16.9204,0,0,5436,3331595433
381.424,2.62175,47.2611,0,85,66,44,2760,10501,5.1316,165,16.9204,0,0,5436,3334217444
382.931,2.61143,47.2611,0,85,66,44,2760,10501,5.1316,165,16.9204,0,0,5436,3336829167
353.308,2.83039,47.2611,0,85,66,44,2760,10501,5.1316,165,16.9204,0,0,5436,3339659936
184.884,5.40881,47.2611,0,85,66,44,2760,10501,5.1316,165,16.9204,0,0,5436,3345069022
1817.99,0.550057,47.2611,0,85,66,44,2760,10501,5.1316,165,16.9204,0,0,5436,3345619454
525.166,1.90416,47.2611,0,85,66,44,2760,10501,5.1316,165,16.9204,0,0,5436,3347523922
317.516,3.14944,47.2611,0,85,66,44,2760,10501,5.1316,165,16.9204,0,0,5436,3350673807
367.03,2.72457,47.2611,0,85,66,44,2760,10501,5.1316,165,16.9204,0,0,5436,3353398620
315.366,3.17092,47.2611,0,85,66,44,2760,10501,5.1316,165,16.9204,0,0,5436,3356570111
457.322,2.18664,47.2611,0,85,66,44,2760,10501,5.1316,165,16.9204,0,0,5436,3358757079
361.699,2.76473,47.2611,0,85,66,44,2760,10501,5.1316,165,16.9204,0,0,5436,3361522240
374.905,2.66734,47.2611,0,85,66,44,2760,10501,5.1316,165,16.9204,0,0,5436,3364189964
344.385,2.90372,47.2611,0,85,66,44,2760,10501,5.1316,165,16.9204,0,0,5436,3367093995
235.725,4.24223,47.2611,0,85,66,44,2760,10501,5.1316,165,16.9204,0,0,5436,3371336772
683.913,1.46218,47.2611,0,85,66,44,2760,10501,5.1316,165,16.9204,0,0,5436,3372799264
373.599,2.67667,47.2611,0,85,66,44,2760,10501,5.1316,165,16.9204,0,0,5436,3375476123
261.671,3.82159,47.2611,0,85,66,44,2760,10501,5.1316,165,16.9204,0,0,5436,3379298137
594.32,1.6826,47.2611,0,85,66,44,2760,10501,5.1316,165,16.9204,0,0,5436,3380981030
347.194,2.88023,47.2611,0,85,66,44,2760,10501,5.1316,165,16.9204,0,0,5436,3383861704
213.75,4.67837,47.2611,0,85,66,44,2760,10501,5.1316,165,16.9204,0,0,5436,3388540573
2249.89,0.444467,47.2611,0,85,66,44,2760,10501,5.1316,165,16.9204,0,0,5436,3388985290
311.824,3.20693,47.2611,0,85,66,44,2760,10501,5.1316,165,16.9204,0,0,5436,3392192600
373.226,2.67934,47.2611,0,85,66,44,2760,10501,5.1316,165,16.9204,0,0,5436,3394872219
249.772,4.00365,47.2611,0,85,66,44,2760,10501,5.1316,165,16.9204,0,0,5436,3398876248
909.609,1.09937,47.2611,0,85,66,44,2760,10501,5.1316,165,16.9204,0,0,5436,3399975930
405.791,2.46432,47.2611,0,85,66,44,2760,10501,5.1316,165,16.9204,0,0,5436,3402440580
305.294,3.27553,47.2611,0,85,66,44,2760,10501,5.1316,165,16.9204,0,0,5436,3405716431
543.972,1.83833,47.2611,0,85,66,44,2760,10501,5.1316,165,16.9204,0,0,5436,3407555041
375.449,2.66347,47.2611,0,85,66,44,2760,10501,5.1316,165,16.9204,0,0,5436,3410218852
388.971,2.57088,47.2611,0,85,66,44,2760,10501,5.1316,165,16.9204,0,0,5436,3412790015
199.742,5.00646,47.2611,0,85,66,44,2760,10501,5.1316,165,16.9204,0,0,5436,3417796847
1207.98,0.827826,47.2611,0,85,66,44,2760,10501,5.1316,165,16.9204,0,0,5436,3418625039
433.447,2.30709,47.2611,0,85,66,44,2760,10501,5.1316,165,16.9204,0,0,5436,3420932424
197.103,5.07349,47.2611,0,85,66,44,2760,10501,5.1316,165,16.9204,0,0,5436,3426006345
760.825,1.31436,47.2611,0,85,66,44,2760,10501,5.1316,165,16.9204,0,0,5436,3427321168
325.054,3.07641,47.2611,0,85,66,44,2760,10501,5.1316,165,16.9204,0,0,5436,3430397839
369.152,2.70891,47.2611,0,85,66,44,2760,10501,5.1316,165,16.9204,0,0,5436,3433107008
445.191,2.24623,47.2611,0,85,66,44,2760,10501,5.1316,165,16.9204,0,0,5436,3435353708
317.175,3.15284,47.2611,0,85,66,44,2760,10501,5.1316,165,16.9204,0,0,5436,3438506795
476.729,2.09763,47.2611,0,85,66,44,2760,10501,5.1316,165,16.9204,0,0,5436,3440604693
351.793,2.84258,47.2611,0,85,66,44,2760,10501,5.1316,165,16.9204,0,0,5436,3443447606
323.099,3.09503,47.2611,0,85,66,44,2760,10501,5.1316,165,16.9204,0,0,5436,3446543133
418.347,2.39036,47.2611,0,85,66,44,2760,10501,5.1316,165,16.9204,0,0,5436,3448933781
175.771,5.68921,47.2611,0,85,66,44,2760,10501,5.1316,165,16.9204,0,0,5436,3454623415
495.953,2.01632,47.2611,0,85,66,44,2760,10501,5.1316,165,16.9204,0,0,5436,3456640233
698.756,1.43112,47.2611,0,85,66,44,2760,10501,5.1316,165,16.9204,0,0,5436,3458071455
429.454,2.32854,47.2611,0,85,66,44,2760,10501,5.1316,165,16.9204,0,0,5436,3460400341
387.462,2.58089,47.2611,0,85,66,44,2760,10501,5.1316,165,16.9204,0,0,5436,3462981716
310.535,3.22025,47.2611,0,85,66,44,2760,10501,5.1316,165,16.9204,0,0,5436,3466202219
451.839,2.21318,47.2611,0,85,66,44,2760,10501,5.1316,165,16.9204,0,0,5436,3468415707
437.817,2.28406,47.2611,0,85,66,44,2760,10501,5.1316,165,16.9204,0,0,5436,3470700111
269.316,3.71312,47.2611,0,85,66,44,2760,10501,5.1316,165,16.9204,0,0,5436,3474413534
537.75,1.8596,47.2611,0,85,66,44,2760,10501,5.1316,165,16.9204,0,0,5436,3476273424
365.15,2.7386,47.2611,0,85,66,44,2760,10501,5.1316,165,16.9204,0,0,5436,3479012343
387.607,2.57993,47.2611,0,85,66,44,2760,10501,5.1316,165,16.9204,0,0,5436,3481592872
304.54,3.28364,47.2611,0,85,66,44,2760,10501,5.1316,165,16.9204,0,0,5436,3484876502
454.612,2.19968,47.2611,0,85,66,44,2760,10501,5.1316,165,16.9204,0,0,5436,3487076740
204.9,4.88042,47.2611,0,85,66,44,2760,10501,5.1316,165,16.9204,0,0,5436,3491957327
1071.61,0.933176,47.2611,0,85,66,44,2760,10501,5.1316,165,16.9204,0,0,5436,3492890705
422.019,2.36956,47.2611,0,85,66,44,2760,10501,5.1316,165,16.9204,0,0,5436,3495260592
354.176,2.82345,47.2611,0,85,66,44,2760,10501,5.1316,165,16.9204,0,0,5436,3498084390
408.332,2.44899,47.2611,0,85,66,44,2760,10501,5.1316,165,16.9204,0,0,5436,3500533703
380.457,2.62842,47.2611,0,85,66,44,2760,10501,5.1316,165,16.9204,0,0,5436,3503162503
257.763,3.87953,47.2611,0,85,66,44,2760,10501,5.1316,165,16.9204,0,0,5436,3507042432
303.269,3.2974,47.2611,0,85,66,44,2760,10501,5.1316,165,16.9204,0,0,5436,3510340370
403.591,2.47776,47.2611,0,85,66,44,2760,10501,5.1316,165,16.9204,0,0,5436,3512818165
288.633,3.46461,47.2611,0,85,66,44,2760,10501,5.1316,165,16.9204,0,0,5436,3516283301
619.211,1.61496,47.2611,0,85,66,44,2760,10501,5.1316,165,16.9204,0,0,5436,3517898567
406.925,2.45746,47.2611,0,85,66,44,2760,10501,5.1316,165,16.9204,0,0,5436,3520356332
386.297,2.58868,47.2611,0,85,66,44,2760,10501,5.1316,165,16.9204,0,0,5436,3522945477
499.16,2.00337,47.2611,0,85,66,44,2760,10501,5.1316,165,16.9204,0,0,5436,3524949189
273.239,3.6598,47.2611,0,85,66,44,2760,10501,5.1316,165,16.9204,0,0,5436,3528609284
552.87,1.80874,47.2611,0,85,66,44,2760,10501,5.1316,165,16.9204,0,0,5436,3530418239
293.549,3.40659,47.2611,0,85,66,44,2760,10501,5.1316,165,16.9204,0,0,5436,3533825257
289.626,3.45273,47.2611,0,85,66,44,2760,10501,5.1316,165,16.9204,0,0,5436,3537278249
700.11,1.42835,47.2611,0,85,66,44,2760,10501,5.1316,165,16.9204,0,0,5436,3538706835
390.289,2.5622,47.2611,0,85,66,44,2760,10501,5.1316,165,16.9204,0,0,5436,3541269383
372.178,2.68689,47.2611,0,85,66,44,2760,10501,5.1316,165,16.9204,0,0,5436,3543956589
337.775,2.96055,47.2611,0,85,66,44,2760,10501,5.1316,165,16.9204,0,0,5436,3546917689
390.225,2.56262,47.2611,0,85,66,44,2760,10501,5.1316,165,16.9204,0,0,5436,3549480612
370.768,2.6971,47.2611,0,85,66,44,2760,10501,5.1316,165,16.9204,0,0,5436,3552177924
366.31,2.72993,47.2611,0,85,66,44,2760,10501,5.1316,165,16.9204,0,0,5436,3554911055
395.549,2.52813,46.2745,0,86,66,44,2760,10501,5.13317,166,16.9226,0,0,5444,3557436793
282.757,3.53661,46.2745,0,86,66,44,2760,10501,5.13317,166,16.9226,0,0,5444,3560973576
250.333,3.99468,46.2745,0,86,66,44,2760,10501,5.13317,166,16.9226,0,0,5444,3564968567
2204.72,0.453573,46.2745,0,86,66,44,2760,10501,5.13317,166,16.9226,0,0,5444,3565422409
367.875,2.71831,46.2745,0,86,66,44,2760,10501,5.13317,166,16.9226,0,0,5444,3568141058
321.152,3.11379,46.2745,0,86,66,44,2760,10501,5.13317,166,16.9226,0,0,5444,3571255144
392.858,2.54545,46.2745,0,86,66,44,2760,10501,5.13317,166,16.9226,0,0,5444,3573800960
335.322,2.98221,46.2745,0,86,66,44,2760,10501,5.13317,166,16.9226,0,0,5444,3576783436
315.618,3.16839,46.2745,0,86,66,44,2760,10501,5.13317,166,16.9226,0,0,5444,3579952091
794.977,1.2579,46.2745,0,86,66,44,2760,10501,5.13317,166,16.9226,0,0,5444,3581210335
321.568,3.10976,46.2745,0,86,66,44,2760,10501,5.13317,166,16.9226,0,0,5444,3584320401
256.726,3.89521,46.2745,0,86,66,44,2760,10501,5.13317,166,16.9226,0,0,5444,3588215946
418.033,2.39216,46.2745,0,86,66,44,2760,10501,5.13317,166,16.9226,0,0,5444,3590608411
571.174,1.75078,46.2745,0,86,66,44,2760,10501,5.13317,166,16.9226,0,0,5444,3592359499
391.391,2.55499,46.2745,0,86,66,44,2760,10501,5.13317,166,16.9226,0,0,5444,3594915028
336.668,2.97028,46.2745,0,86,66,44,2760,10501,5.13317,166,16.9226,0,0,5444,3597885522
294.934,3.39058,46.2745,0,86,66,44,2760,10501,5.13317,166,16.9226,0,0,5444,3601276607
478.755,2.08875,46.2745,0,86,66,44,2760,10501,5.13317,166,16.9226,0,0,5444,3603365524
350.165,2.8558,46.2745,0,86,66,44,2760,10501,5.13317,166,16.9226,0,0,5444,3606221755
408.851,2.44588,46.2745,0,86,66,44,2760,10501,5.13317,166,16.9226,0,0,5444,3608667808
280.334,3.56718,46.2745,0,86,66,44,2760,10501,5.13317,166,16.9226,0,0,5444,3612235525
373.415,2.67798,46.2745,0,86,66,44,2760,10501,5.13317,166,16.9226,0,0,5444,3614913577
466.672,2.14283,46.2745,0,86,66,44,2760,10501,5.13317,166,16.9226,0,0,5444,3617056764
413.423,2.41883,46.2745,0,86,66,44,2760,10501,5.13317,166,16.9226,0,0,5444,3619475980
207.762,4.8132,46.2745,0,86,66,44,2760,10501,5.13317,166,16.9226,0,0,5444,3624289489
2357.08,0.424254,46.2745,0,86,66,44,2760,10501,5.13317,166,16.9226,0,0,5444,3624714061
355.64,2.81184,46.2745,0,86,66,44,2760,10501,5.13317,166,16.9226,0,0,5444,3627526338
359.587,2.78097,46.2745,0,86,66,44,2760,10501,5.13317,166,16.9226,0,0,5444,3630307682
397.361,2.5166,46.2745,0,86,66,44,2760,10501,5.13317,166,16.9226,0,0,5444,3632824545
265.864,3.76132,46.2745,0,86,66,44,2760,10501,5.13317,166,16.9226,0,0,5444,3636586182
542.035,1.8449,46.2745,0,86,66,44,2760,10501,5.13317,166,16.9226,0,0,5444,3638431369
308.329,3.24329,46.2745,0,86,66,44,2760,10501,5.13317,166,16.9226,0,0,5444,3641675123
473.654,2.11124,46.2745,0,86,66,44,2760,10501,5.13317,166,16.9226,0,0,5444,3643786665
393.03,2.54434,46.2745,0,86,66,44,2760,10501,5.13317,166,16.9226,0,0,5444,3646331337
358.694,2.78789,46.2745,0,86,66,44,2760,10501,5.13317,166,16.9226,0,0,5444,3649119575
322.964,3.09632,46.2745,0,86,66,44,2760,10501,5.13317,166,16.9226,0,0,5444,3652216266
383.822,2.60538,46.2745,0,86,66,44,2760,10501,5.13317,166,16.9226,0,0,5444,3654821960
396.553,2.52173,46.2745,0,86,66,44,2760,10501,5.13317,166,16.9226,0,0,5444,3657343958
232.452,4.30197,46.2745,0,86,66,44,2760,10501,5.13317,166,16.9226,0,0,5444,3661646305
890.435,1.12305,46.2745,0,86,66,44,2760,10501,5.13317,166,16.9226,0,0,5444,3662769516
430.524,2.32275,46.2745,0,86,66,44,2760,10501,5.13317,166,16.9226,0,0,5444,3665092758
269.311,3.71317,46.2745,0,86,66,44,2760,10501,5.13317,166,16.9226,0,0,5444,3668812316
408.089,2.45045,46.2745,0,86,66,44,2760,10501,5.13317,166,16.9226,0,0,5444,3671263033
465.319,2.14906,46.2745,0,86,66,44,2760,10501,5.13317,166,16.9226,0,0,5444,3673412404
393.492,2.54134,46.2745,0,86,66,44,2760,10501,5.13317,166,16.9226,0,0,5444,3675954095
297.942,3.35636,46.2745,0,86,66,44,2760,10501,5.13317,166,16.9226,0,0,5444,3679310862
457.236,2.18705,46.2745,0,86,66,44,2760,10501,5.13317,166,16.9226,0,0,5444,3681498176
375.877,2.66045,46.2745,0,86,66,44,2760,10501,5.13317,166,16.9226,0,0,5444,3684158968
198.369,5.04112,46.2745,0,86,66,44,2760,10501,5.13317,166,16.9226,0,0,5444,3689200580
1587.22,0.630031,46.2745,0,86,66,44,2760,10501,5.13317,166,16.9226,0,0,5444,3689830620
400.913,2.4943,46.2745,0,86,66,44,2760,10501,5.13317,166,16.9226,0,0,5444,3692325358
264.307,3.78347,46.2745,0,86,66,44,2760,10501,5.13317,166,16.9226,0,0,5444,3696109140
516.214,1.93718,46.2745,0,86,66,44,2760,10501,5.13317,166,16.9226,0,0,5444,3698046657
365.277,2.73765,46.2745,0,86,66,44,2760,10501,5.13317,166,16.9226,0,0,5444,3700784547
386.805,2.58528,46.2745,0,86,66,44,2760,10501,5.13317,166,16.9226,0,0,5444,3703370346
347.969,2.87382,46.2745,0,86,66,44,2760,10501,5.13317,166,16.9226,0,0,5444,3706244308
325.167,3.07534,46.2745,0,86,66,44,2760,10501,5.13317,166,16.9226,0,0,5444,3709319989
523.219,1.91125,46.2745,0,86,66,44,2760,10501,5.13317,166,16.9226,0,0,5444,3711231745
340.02,2.941,46.2745,0,86,66,44,2760,10501,5.13317,166,16.9226,0,0,5444,3714172902
284.464,3.51539,46.2745,0,86,66,44,2760,10501,5.13317,166,16.9226,0,0,5444,3717688723
486.274,2.05645,46.2745,0,86,66,44,2760,10501,5.13317,166,16.9226,0,0,5444,3719745561
207.197,4.82634,46.2745,0,86,66,44,2760,10501,5.13317,166,16.9226,0,0,5444,3724572358
461.735,2.16575,46.2745,0,86,66,44,2760,10501,5.13317,166,16.9226,0,0,5444,3726738499
503.41,1.98645,46.2745,0,86,66,44,2760,10501,5.13317,166,16.9226,0,0,5444,3728725114
466.555,2.14337,46.2745,0,86,66,44,2760,10501,5.13317,166,16.9226,0,0,5444,3730869022
496.048,2.01593,46.2745,0,86,66,44,2760,10501,5.13317,166,16.9226,0,0,5444,3732885138
400.011,2.49993,46.2745,0,86,66,44,2760,10501,5.13317,166,16.9226,0,0,5444,3735385502
263.542,3.79446,46.2745,0,86,66,44,2760,10501,5.13317,166,16.9226,0,0,5444,3739180399
390.231,2.56259,46.2745,0,86,66,44,2760,10501,5.13317,166,16.9226,0,0,5444,3741743187
447.433,2.23497,46.2745,0,86,66,44,2760,10501,5.13317,166,16.9226,0,0,5444,3743978522
405.353,2.46699,46.2745,0,86,66,44,2760,10501,5.13317,166,16.9226,0,0,5444,3746445980
254.307,3.93226,46.2745,0,86,66,44,2760,10501,5.13317,166,16.9226,0,0,5444,3750378411
575.237,1.73841,46.2745,0,86,66,44,2760,10501,5.13317,166,16.9226,0,0,5444,3752117315
366.559,2.72807,46.2745,0,86,66,44,2760,10501,5.13317,166,16.9226,0,0,5444,3754845609
379.198,2.63715,46.2745,0,86,66,44,2760,10501,5.13317,166,16.9226,0,0,5444,3757483169
385.305,2.59535,46.2745,0,86,66,44,2760,10501,5.13317,166,16.9226,0,0,5444,3760078863
328.704,3.04225,46.2745,0,86,66,44,2760,10501,5.13317,166,16.9226,0,0,5444,3763121455
366.301,2.73,46.2745,0,86,66,44,2760,10501,5.13317,166,16.9226,0,0,5444,3765851884
368.982,2.71016,46.2745,0,86,66,44,2760,10501,5.13317,166,16.9226,0,0,5444,3768562312
267.937,3.73222,46.2745,0,86,66,44,2760,10501,5.13317,166,16.9226,0,0,5444,3772294899
475.752,2.10194,46.2745,0,86,66,44,2760,10501,5.13317,166,16.9226,0,0,5444,3774397297
310.302,3.22267,46.2745,0,86,66,44,2760,10501,5.13317,166,16.9226,0,0,5444,3777620329
537.189,1.86154,46.2745,0,86,66,44,2760,10501,5.13317,166,16.9226,0,0,5444,3779482093
425.093,2.35243,46.2745,0,86,66,44,2760,10501,5.13317,166,16.9226,0,0,5444,3781834692
330.337,3.02721,46.2745,0,86,66,44,2760,10501,5.13317,166,16.9226,0,0,5444,3784862294
363.965,2.74751,46.2745,0,86,66,44,2760,10501,5.13317,166,16.9226,0,0,5444,3787610290
436.94,2.28865,46.2745,0,86,66,44,2760,10501,5.13317,166,16.9226,0,0,5444,3789899166
348.597,2.86864,46.2745,0,86,66,44,2760,10501,5.13317,166,16.9226,0,0,5444,3792768166
371.854,2.68922,46.2745,0,86,66,44,2760,10501,5.13317,166,16.9226,0,0,5444,3795457718
379.246,2.63681,46.2745,0,86,66,44,2760,10501,5.13317,166,16.9226,0,0,5444,3798094788
352.547,2.8365,46.2745,0,86,66,44,2760,10501,5.13317,166,16.9226,0,0,5444,3800931653
231.43,4.32095,46.2745,0,86,66,44,2760,10501,5.13317,166,16.9226,0,0,5444,3805253068
584.388,1.71119,46.2745,0,86,66,44,2760,10501,5.13317,166,16.9226,0,0,5444,3806964693
571.453,1.74993,46.2745,0,86,66,44,2760,10501,5.13317,166,16.9226,0,0,5444,3808714992
357.871,2.79431,46.2745,0,86,66,44,2760,10501,5.13317,166,16.9226,0,0,5444,3811509663
387.856,2.57828,46.2745,0,86,66,44,2760,10501,5.13317,166,16.9226,0,0,5444,3814088202
382.964,2.61121,46.2745,0,86,66,44,2760,10501,5.13317,166,16.9226,0,0,5444,3816699703
333.457,2.99889,46.2745,0,86,66,44,2760,10501,5.13317,166,16.9226,0,0,5444,3819699026
324.786,3.07895,46.2745,0,86,66,44,2760,10501,5.13317,166,16.9226,0,0,5444,3822778418
392.416,2.54832,46.2745,0,86,66,44,2760,10501,5.13317,166,16.9226,0,0,5444,3825327061
428.636,2.33298,46.2745,0,86,66,44,2760,10501,5.13317,166,16.9226,0,0,5444,3827660275
262.749,3.80592,46.2745,0,86,66,44,2760,10501,5.13317,166,16.9226,0,0,5444,3831466807
612.62,1.63233,46.2745,0,86,66,44,2760,10501,5.13317,166,16.9226,0,0,5444,3833099198
359.172,2.78418,46.2745,0,86,66,44,2760,10501,5.13317,166,16.9226,0,0,5444,3835883869
344.566,2.9022,46.2745,0,86,66,44,2760,10501,5.13317,166,16.9226,0,0,5444,3838786265
418.807,2.38773,46.2745,0,86,66,44,2760,10501,5.13317,166,16.9226,0,0,5444,3841174307
415.906,2.40439,46.2745,0,86,66,44,2760,10501,5.13317,166,16.9226,0,0,5444,3843579128
361.575,2.76568,46.2745,0,86,66,44,2760,10501,5.13317,166,16.9226,0,0,5444,3846345097
326.189,3.06571,46.2745,0,86,66,44,2760,10501,5.13317,166,16.9226,0,0,5444,3849411248
504.96,1.98036,46.2745,0,86,66,44,2760,10501,5.13317,166,16.9226,0,0,5444,3851391824
208.769,4.78998,46.2745,0,86,66,44,2760,10501,5.13317,166,16.9226,0,0,5444,3856182322
766.84,1.30405,46.2745,0,86,66,44,2760,10501,5.13317,166,16.9226,0,0,5444,3857486674
375.001,2.66666,46.2745,0,86,66,44,2760,10501,5.13317,166,16.9226,0,0,5444,3860153591
392.711,2.5464,46.2745,0,86,66,44,2760,10501,5.13317,166,16.9226,0,0,5444,3862700350
335.741,2.97849,46.2745,0,86,66,44,2760,10501,5.13317,166,16.9226,0,0,5444,3865679133
536.751,1.86306,46.2745,0,86,66,44,2760,10501,5.13317,166,16.9226,0,0,5444,3867542686
246.624,4.05475,46.2745,0,86,66,44,2760,10501,5.13317,166,16.9226,0,0,5444,3871597621
620.138,1.61255,46.2745,0,86,66,44,2760,10501,5.13317,166,16.9226,0,0,5444,3873210656
296.953,3.36754,46.2745,0,86,66,44,2760,10501,5.13317,166,16.9226,0,0,5444,3876578442
579.342,1.7261,46.2745,0,86,66,44,2760,10501,5.13317,166,16.9226,0,0,5444,3878304952
333.267,3.0006,46.2745,0,86,66,44,2760,10501,5.13317,166,16.9226,0,0,5444,3881305919
212.171,4.71318,46.2745,0,86,66,44,2760,10501,5.13317,166,16.9226,0,0,5444,3886019616
659.948,1.51527,46.2745,0,86,66,44,2760,10501,5.13317,166,16.9226,0,0,5444,3887535061
424.803,2.35403,46.2745,0,86,66,44,2760,10501,5.13317,166,16.9226,0,0,5444,3889889516
280.329,3.56723,46.2745,0,86,66,44,2760,10501,5.13317,166,16.9226,0,0,5444,3893457040
548.288,1.82386,46.2745,0,86,66,44,2760,10501,5.13317,166,16.9226,0,0,5444,3895281217
363.46,2.75133,46.2745,0,86,66,44,2760,10501,5.13317,166,16.9226,0,0,5444,3898033011
389.494,2.56743,46.2745,0,86,66,44,2760,10501,5.13317,166,16.9226,0,0,5444,3900600771
294.203,3.39902,46.2745,0,86,66,44,2760,10501,5.13317,166,16.9226,0,0,5444,3904000155
489.958,2.04099,46.2745,0,86,66,44,2760,10501,5.13317,166,16.9226,0,0,5444,3906041445
368.774,2.71169,46.2745,0,86,66,44,2760,10501,5.13317,166,16.9226,0,0,5444,3908753517
242.138,4.12988,46.2745,0,86,66,44,2760,10501,5.13317,166,16.9226,0,0,5444,3912883723
505.859,1.97684,46.2745,0,86,66,44,2760,10501,5.13317,166,16.9226,0,0,5444,3914861117
416.216,2.4026,46.2745,0,86,66,44,2760,10501,5.13317,166,16.9226,0,0,5444,3917263871
310.131,3.22445,46.2745,0,86,66,44,2760,10501,5.13317,166,16.9226,0,0,5444,3920488739
556.789,1.79601,46.2745,0,86,66,44,2760,10501,5.13317,166,16.9226,0,0,5444,3922285069
325.672,3.07057,46.2745,0,86,66,44,2760,10501,5.13317,166,16.9226,0,0,5444,3925356048
219.589,4.55397,46.2745,0,86,66,44,2760,10501,5.13317,166,16.9226,0,0,5444,3929910499
861.825,1.16033,46.2745,0,86,66,44,2760,10501,5.13317,166,16.9226,0,0,5444,3931071106
424.01,2.35843,46.2745,0,86,66,44,2760,10501,5.13317,166,16.9226,0,0,5444,3933429877
250.323,3.99484,46.2745,0,86,66,44,2760,10501,5.13317,166,16.9226,0,0,5444,3937425358
333.336,2.99998,46.2745,0,86,66,44,2760,10501,5.13317,166,16.9226,0,0,5444,3940425603
588.532,1.69914,46.2745,0,86,66,44,2760,10501,5.13317,166,16.9226,0,0,5444,3942124882
410.047,2.43875,46.2745,0,86,66,44,2760,10501,5.13317,166,16.9226,0,0,5444,3944564118
355.792,2.81063,46.2745,0,86,66,44,2760,10501,5.13317,166,16.9226,0,0,5444,3947374924
405.192,2.46797,46.2745,0,86,66,44,2760,10501,5.13317,166,16.9226,0,0,5444,3949843238
284.211,3.51851,46.2745,0,86,66,44,2760,10501,5.13317,166,16.9226,0,0,5444,3953362059
372.885,2.68179,46.2745,0,86,66,44,2760,10501,5.13317,166,16.9226,0,0,5444,3956044264
229.636,4.35472,46.2745,0,86,66,44,2760,10501,5.13317,166,16.9226,0,0,5444,3960399228
1057.25,0.945849,46.2745,0,86,66,44,2760,10501,5.13317,166,16.9226,0,0,5444,3961345241
464.432,2.15317,46.2745,0,86,66,44,2760,10501,5.13317,166,16.9226,0,0,5444,3963498804
294.314,3.39773,46.2745,0,86,66,44,2760,10501,5.13317,166,16.9226,0,0,5444,3966896813
376.452,2.65638,46.2745,0,86,66,44,2760,10501,5.13317,166,16.9226,0,0,5444,3969553662
547.169,1.82759,46.2745,0,86,66,44,2760,10501,5.13317,166,16.9226,0,0,5444,3971381502
341.774,2.92591,46.2745,0,86,66,44,2760,10501,5.13317,166,16.9226,0,0,5444,3974307639
327.141,3.05679,46.2745,0,86,66,44,2760,10501,5.13317,166,16.9226,0,0,5444,3977364742
415.063,2.40927,46.2745,0,86,66,44,2760,10501,5.13317,166,16.9226,0,0,5444,3979774352
380.829,2.62585,46.2745,0,86,66,44,2760,10501,5.13317,166,16.9226,0,0,5444,3982400518
372.936,2.68143,46.2745,0,86,66,44,2760,10501,5.13317,166,16.9226,0,0,5444,3985082253
306.281,3.26498,46.2745,0,86,66,44,2760,10501,5.13317,166,16.9226,0,0,5444,3988347526
413.869,2.41622,46.2745,0,86,66,44,2760,10501,5.13317,166,16.9226,0,0,5444,3990764136
234.727,4.26027,46.2745,0,86,66,44,2760,10501,5.13317,166,16.9226,0,0,5444,3995024809
260.785,3.83457,46.2745,0,86,66,44,2760,10501,5.13317,166,16.9226,0,0,5444,3998859601
2390.01,0.418408,46.2745,0,86,66,44,2760,10501,5.13317,166,16.9226,0,0,5444,3999277981
373.277,2.67898,46.2745,0,86,66,44,2760,10501,5.13317,166,16.9226,0,0,5444,4001957408
386.68,2.58612,46.2745,0,86,66,44,2760,10501,5.13317,166,16.9226,0,0,5444,4004543841
363.802,2.74875,46.2745,0,86,66,44,2760,10501,5.13317,166,16.9226,0,0,5444,4007293136
386.209,2.58927,46.2745,0,86,66,44,2760,10501,5.13317,166,16.9226,0,0,5444,4009882598
292.469,3.41916,46.2745,0,86,66,44,2760,10501,5.13317,166,16.9226,0,0,5444,4013302165
486.083,2.05726,46.2745,0,86,66,44,2760,10501,5.13317,166,16.9226,0,0,5444,4015359696
405.693,2.46492,46.2745,0,86,66,44,2760,10501,5.13317,166,16.9226,0,0,5444,4017825019
340.56,2.93634,46.2745,0,86,66,44,2760,10501,5.13317,166,16.9226,0,0,5444,4020761589
359.58,2.78103,46.2745,0,86,66,44,2760,10501,5.13317,166,16.9226,0,0,5444,4023543029
363.144,2.75373,46.2745,0,86,66,44,2760,10501,5.13317,166,16.9226,0,0,5444,4026297247
457.302,2.18674,46.2745,0,86,66,44,2760,10501,5.13317,166,16.9226,0,0,5444,4028484109
302.921,3.30119,46.2745,0,86,66,44,2760,10501,5.13317,166,16.9226,0,0,5444,4031785576
361.15,2.76893,46.2745,0,86,66,44,2760,10501,5.13317,166,16.9226,0,0,5444,4034554862
369.197,2.70858,46.2745,0,86,66,44,2760,10501,5.13317,166,16.9226,0,0,5444,4037263646
315.429,3.17029,46.2745,0,86,66,44,2760,10501,5.13317,166,16.9226,0,0,5444,4040434464
509.644,1.96215,46.2745,0,86,66,44,2760,10501,5.13317,166,16.9226,0,0,5444,4042396876
169.092,5.91395,46.2745,0,86,66,44,2760,10501,5.13317,166,16.9226,0,0,5444,4048311268
1712.47,0.583952,46.2745,0,86,66,44,2760,10501,5.13317,166,16.9226,0,0,5444,4048895249
385.198,2.59607,46.2745,0,86,66,44,2760,10501,5.13317,166,16.9226,0,0,5444,4051491740
376.856,2.65353,46.2745,0,86,66,44,2760,10501,5.13317,166,16.9226,0,0,5444,4054145561
314.895,3.17566,46.2745,0,86,66,44,2760,10501,5.13317,166,16.9226,0,0,5444,4057323254
365.855,2.73332,47.4774,0,84,66,44,2760,10501,5.13199,165,16.924,0,0,5448,4060055221
513.839,1.94613,47.4774,0,84,66,44,2760,10501,5.13199,165,16.924,0,0,5448,4062001710
351.878,2.84189,47.4774,0,84,66,44,2760,10501,5.13199,165,16.924,0,0,5448,4064843960
353.455,2.82921,47.4774,0,84,66,44,2760,10501,5.13199,165,16.924,0,0,5448,4067673497
215.478,4.64084,47.4774,0,84,66,44,2760,10501,5.13199,165,16.924,0,0,5448,4072314836
360.442,2.77437,47.4774,0,84,66,44,2760,10501,5.13199,165,16.924,0,0,5448,4075089391
568.318,1.75958,47.4774,0,84,66,44,2760,10501,5.13199,165,16.924,0,0,5448,4076849422
453.998,2.20265,47.4774,0,84,66,44,2760,10501,5.13199,165,16.924,0,0,5448,4079052486
401.805,2.48877,47.4774,0,84,66,44,2760,10501,5.13199,165,16.924,0,0,5448,4081541397
343.592,2.91042,47.4774,0,84,66,44,2760,10501,5.13199,165,16.924,0,0,5448,4084452207
386.778,2.58546,47.4774,0,84,66,44,2760,10501,5.13199,165,16.924,0,0,5448,4087038159
302.064,3.31055,47.4774,0,84,66,44,2760,10501,5.13199,165,16.924,0,0,5448,4090348992
487.078,2.05306,47.4774,0,84,66,44,2760,10501,5.13199,165,16.924,0,0,5448,4092402475
357.169,2.7998,47.4774,0,84,66,44,2760,10501,5.13199,165,16.924,0,0,5448,4095202656
349.081,2.86466,47.4774,0,84,66,44,2760,10501,5.13199,165,16.924,0,0,5448,4098067810
253.942,3.9379,47.4774,0,84,66,44,2760,10501,5.13199,165,16.924,0,0,5448,4102006010
606.836,1.64789,47.4774,0,84,66,44,2760,10501,5.13199,165,16.924,0,0,5448,4103654248
390.814,2.55876,47.4774,0,84,66,44,2760,10501,5.13199,165,16.924,0,0,5448,4106213383
266.428,3.75336,47.4774,0,84,66,44,2760,10501,5.13199,165,16.924,0,0,5448,4109966980
622.503,1.60642,47.4774,0,84,66,44,2760,10501,5.13199,165,16.924,0,0,5448,4111573823
217.466,4.59842,47.4774,0,84,66,44,2760,10501,5.13199,165,16.924,0,0,5448,4116172593
320.273,3.12234,47.4774,0,84,66,44,2760,10501,5.13199,165,16.924,0,0,5448,4119295189
526.519,1.89927,47.4774,0,84,66,44,2760,10501,5.13199,165,16.924,0,0,5448,4121194955
904.679,1.10536,47.4774,0,84,66,44,2760,10501,5.13199,165,16.924,0,0,5448,4122300540
333.134,3.00179,47.4774,0,84,66,44,2760,10501,5.13199,165,16.924,0,0,5448,4125302660
288.199,3.46982,47.4774,0,84,66,44,2760,10501,5.13199,165,16.924,0,0,5448,4128772950
478.132,2.09147,47.4774,0,84,66,44,2760,10501,5.13199,165,16.924,0,0,5448,4130864838
454.608,2.1997,47.4774,0,84,66,44,2760,10501,5.13199,165,16.924,0,0,5448,4133064835
325.701,3.0703,47.4774,0,84,66,44,2760,10501,5.13199,165,16.924,0,0,5448,4136135410
412.652,2.42335,47.4774,0,84,66,44,2760,10501,5.13199,165,16.924,0,0,5448,4138559146
313.142,3.19343,47.4774,0,84,66,44,2760,10501,5.13199,165,16.924,0,0,5448,4141752878
452.948,2.20776,47.4774,0,84,66,44,2760,10501,5.13199,165,16.924,0,0,5448,4143960914
311.912,3.20603,47.4774,0,84,66,44,2760,10501,5.13199,165,16.924,0,0,5448,4147167291
427.549,2.33892,47.4774,0,84,66,44,2760,10501,5.13199,165,16.924,0,0,5448,4149506505
361.08,2.76947,47.4774,0,84,66,44,2760,10501,5.13199,165,16.924,0,0,5448,4152276252
252.357,3.96263,47.4774,0,84,66,44,2760,10501,5.13199,165,16.924,0,0,5448,4156239386
441.691,2.26403,47.4774,0,84,66,44,2760,10501,5.13199,165,16.924,0,0,5448,4158503635
550.741,1.81573,47.4774,0,84,66,44,2760,10501,5.13199,165,16.924,0,0,5448,4160319812
353.568,2.82831,47.4774,0,84,66,44,2760,10501,5.13199,165,16.924,0,0,5448,4163148330
358.836,2.78679,47.4774,0,84,66,44,2760,10501,5.13199,165,16.924,0,0,5448,4165935443
312.258,3.20248,47.4774,0,84,66,44,2760,10501,5.13199,165,16.924,0,0,5448,4169138282
421.306,2.37357,47.4774,0,84,66,44,2760,10501,5.13199,165,16.924,0,0,5448,4171512160
384.847,2.59843,47.4774,0,84,66,44,2760,10501,5.13199,165,16.924,0,0,5448,4174110911
433.93,2.30452,47.4774,0,84,66,44,2760,10501,5.13199,165,16.924,0,0,5448,4176415989
378.577,2.64147,47.4774,0,84,66,44,2760,10501,5.13199,165,16.924,0,0,5448,4179057530
210.912,4.74131,47.4774,0,84,66,44,2760,10501,5.13199,165,16.924,0,0,5448,4183799420
558.316,1.7911,47.4774,0,84,66,44,2760,10501,5.13199,165,16.924,0,0,5448,4185590923
581.177,1.72064,47.4774,0,84,66,44,2760,10501,5.13199,165,16.924,0,0,5448,4187311721
254.879,3.92343,47.4774,0,84,66,44,2760,10501,5.13199,165,16.924,0,0,5448,4191235546
705.535,1.41736,47.4774,0,84,66,44,2760,10501,5.13199,165,16.924,0,0,5448,4192653324
379.14,2.63755,47.4774,0,84,66,44,2760,10501,5.13199,165,16.924,0,0,5448,4195291259
329.189,3.03777,47.4774,0,84,66,44,2760,10501,5.13199,165,16.924,0,0,5448,4198329381
346.241,2.88816,47.4774,0,84,66,44,2760,10501,5.13199,165,16.924,0,0,5448,4201217872
359.325,2.783,47.4774,0,84,66,44,2760,10501,5.13199,165,16.924,0,0,5448,4204001082
390.3,2.56213,47.4774,0,84,66,44,2760,10501,5.13199,165,16.924,0,0,5448,4206563783
273.389,3.6578,47.4774,0,84,66,44,2760,10501,5.13199,165,16.924,0,0,5448,4210221772
330.525,3.02549,47.4774,0,84,66,44,2760,10501,5.13199,165,16.924,0,0,5448,4213247701
561.333,1.78147,47.4774,0,84,66,44,2760,10501,5.13199,165,16.924,0,0,5448,4215029453
303.827,3.29135,47.4774,0,84,66,44,2760,10501,5.13199,165,16.924,0,0,5448,4218321141
525.893,1.90153,47.4774,0,84,66,44,2760,10501,5.13199,165,16.924,0,0,5448,4220223013
436.487,2.29102,47.4774,0,84,66,44,2760,10501,5.13199,165,16.924,0,0,5448,4222514350
368.479,2.71386,47.4774,0,84,66,44,2760,10501,5.13199,165,16.924,0,0,5448,4225228614
216.882,4.6108,47.4774,0,84,66,44,2760,10501,5.13199,165,16.924,0,0,5448,4229839722
1343.59,0.744275,47.4774,0,84,66,44,2760,10501,5.13199,165,16.924,0,0,5448,4230584449
433.194,2.30843,47.4774,0,84,66,44,2760,10501,5.13199,165,16.924,0,0,5448,4232893161
205.177,4.87384,47.4774,0,84,66,44,2760,10501,5.13199,165,16.924,0,0,5448,4237767585
620.782,1.61087,47.4774,0,84,66,44,2760,10501,5.13199,165,16.924,0,0,5448,4239378803
476.044,2.10065,47.4774,0,84,66,44,2760,10501,5.13199,165,16.924,0,0,5448,4241479691
385.691,2.59275,47.4774,0,84,66,44,2760,10501,5.13199,165,16.924,0,0,5448,4244072874
396.627,2.52126,47.4774,0,84,66,44,2760,10501,5.13199,165,16.924,0,0,5448,4246594507
301.375,3.31812,47.4774,0,84,66,44,2760,10501,5.13199,165,16.924,0,0,5448,4249912879
299.34,3.34068,47.4774,0,84,66,44,2760,10501,5.13199,165,16.924,0,0,5448,4253253876
570.053,1.75422,47.4774,0,84,66,44,2760,10501,5.13199,165,16.924,0,0,5448,4255008397
192.796,5.18684,47.4774,0,84,66,44,2760,10501,5.13199,165,16.924,0,0,5448,4260195668
810.877,1.23323,47.4774,0,84,66,44,2760,10501,5.13199,165,16.924,0,0,5448,4261429228
445.084,2.24677,47.4774,0,84,66,44,2760,10501,5.13199,165,16.924,0,0,5448,4263676314
396.954,2.51918,47.4774,0,84,66,44,2760,10501,5.13199,165,16.924,0,0,5448,4266195928
411.577,2.42968,47.4774,0,84,66,44,2760,10501,5.13199,165,16.924,0,0,5448,4268625846
377.988,2.64559,47.4774,0,84,66,44,2760,10501,5.13199,165,16.924,0,0,5448,4271271627
386.58,2.58679,47.4774,0,84,66,44,2760,10501,5.13199,165,16.924,0,0,5448,4273858936
339.59,2.94472,47.4774,0,84,66,44,2760,10501,5.13199,165,16.924,0,0,5448,4276803977
405.49,2.46615,47.4774,0,84,66,44,2760,10501,5.13199,165,16.924,0,0,5448,4279270580
204.626,4.88697,47.4774,0,84,66,44,2760,10501,5.13199,165,16.924,0,0,5448,4284157802
1019.5,0.98087,47.4774,0,84,66,44,2760,10501,5.13199,165,16.924,0,0,5448,4285138950
316.632,3.15824,47.4774,0,84,66,44,2760,10501,5.13199,165,16.924,0,0,5448,4288297643
290.639,3.44069,47.4774,0,84,66,44,2760,10501,5.13199,165,16.924,0,0,5448,4291738596
375.596,2.66244,47.4774,0,84,66,44,2760,10501,5.13199,165,16.924,0,0,5448,4294401474
473.605,2.11146,47.4774,0,84,66,44,2760,10501,5.13199,165,16.924,0,0,5448,4296513305
556.712,1.79626,47.4774,0,84,66,44,2760,10501,5.13199,165,16.924,0,0,5448,4298309856
352.153,2.83967,47.4774,0,84,66,44,2760,10501,5.13199,165,16.924,0,0,5448,4301149875
362.759,2.75665,47.4774,0,84,66,44,2760,10501,5.13199,165,16.924,0,0,5448,4303906833
288.34,3.46813,47.4774,0,84,66,44,2760,10501,5.13199,165,16.924,0,0,5448,4307375315
332.109,3.01106,47.4774,0,84,66,44,2760,10501,5.13199,165,16.924,0,0,5448,4310386686
574.643,1.74021,47.4774,0,84,66,44,2760,10501,5.13199,165,16.924,0,0,5448,4312127360
390.007,2.56406,47.4774,0,84,66,44,2760,10501,5.13199,165,16.924,0,0,5448,4314691610
199.085,5.02299,47.4774,0,84,66,44,2760,10501,5.13199,165,16.924,0,0,5448,4319714904
404.807,2.47031,47.4774,0,84,66,44,2760,10501,5.13199,165,16.924,0,0,5448,4322185680
628.807,1.59031,47.4774,0,84,66,44,2760,10501,5.13199,165,16.924,0,0,5448,4323776233
563.682,1.77405,47.4774,0,84,66,44,2760,10501,5.13199,165,16.924,0,0,5448,4325550707
365.409,2.73666,47.4774,0,84,66,44,2760,10501,5.13199,165,16.924,0,0,5448,4328287578
402.906,2.48197,47.4774,0,84,66,44,2760,10501,5.13199,165,16.924,0,0,5448,4330770017
315.387,3.17071,47.4774,0,84,66,44,2760,10501,5.13199,165,16.924,0,0,5448,4333941037
314.41,3.18056,47.4774,0,84,66,44,2760,10501,5.13199,165,16.924,0,0,5448,4337121991
516.804,1.93497,47.4774,0,84,66,44,2760,10501,5.13199,165,16.924,0,0,5448,4339057364
333.39,2.99949,47.4774,0,84,66,44,2760,10501,5.13199,165,16.924,0,0,5448,4342057119
173.319,5.76972,47.4774,0,84,66,44,2760,10501,5.13199,165,16.924,0,0,5448,4347827303
996.498,1.00351,47.4774,0,84,66,44,2760,10501,5.13199,165,16.924,0,0,5448,4348831203
553.68,1.8061,47.4774,0,84,66,44,2760,10501,5.13199,165,16.924,0,0,5448,4350637552
375.839,2.66072,47.4774,0,84,66,44,2760,10501,5.13199,165,16.924,0,0,5448,4353298719
291.642,3.42886,47.4774,0,84,66,44,2760,10501,5.13199,165,16.924,0,0,5448,4356727853
486.426,2.05581,47.4774,0,84,66,44,2760,10501,5.13199,165,16.924,0,0,5448,4358783951
311.978,3.20536,47.4774,0,84,66,44,2760,10501,5.13199,165,16.924,0,0,5448,4361989656
368.308,2.71512,47.4774,0,84,66,44,2760,10501,5.13199,165,16.924,0,0,5448,4364705074
399.526,2.50297,47.4774,0,84,66,44,2760,10501,5.13199,165,16.924,0,0,5448,4367208380
388.19,2.57606,47.4774,0,84,66,44,2760,10501,5.13199,165,16.924,0,0,5448,4369784851
279.363,3.57957,47.4774,0,84,66,44,2760,10501,5.13199,165,16.924,0,0,5448,4373364712
466.289,2.14459,47.4774,0,84,66,44,2760,10501,5.13199,165,16.924,0,0,5448,4375509573
434.053,2.30387,47.4774,0,84,66,44,2760,10501,5.13199,165,16.924,0,0,5448,4377813795
262.904,3.80367,47.4774,0,84,66,44,2760,10501,5.13199,165,16.924,0,0,5448,4381617836
606.995,1.64746,47.4774,0,84,66,44,2760,10501,5.13199,165,16.924,0,0,5448,4383265661
233.437,4.28382,47.4774,0,84,66,44,2760,10501,5.13199,165,16.924,0,0,5448,4387549969
567.159,1.76318,47.4774,0,84,66,44,2760,10501,5.13199,165,16.924,0,0,5448,4389313451
444.562,2.2494,47.4774,0,84,66,44,2760,10501,5.13199,165,16.924,0,0,5448,4391563123
347.647,2.87648,47.4774,0,84,66,44,2760,10501,5.13199,165,16.924,0,0,5448,4394440086
316.98,3.15477,47.4774,0,84,66,44,2760,10501,5.13199,165,16.924,0,0,5448,4397595173
384.365,2.60169,47.4774,0,84,66,44,2760,10501,5.13199,165,16.924,0,0,5448,4400197097
486.839,2.05407,47.4774,0,84,66,44,2760,10501,5.13199,165,16.924,0,0,5448,4402251445
397.34,2.51674,47.4774,0,84,66,44,2760,10501,5.13199,165,16.924,0,0,5448,4404768616
331.273,3.01866,47.4774,0,84,66,44,2760,10501,5.13199,165,16.924,0,0,5448,4407787535
378.174,2.64428,47.4774,0,84,66,44,2760,10501,5.13199,165,16.924,0,0,5448,4410432134
357.596,2.79645,47.4774,0,84,66,44,2760,10501,5.13199,165,16.924,0,0,5448,4413228930
255.574,3.91277,47.4774,0,84,66,44,2760,10501,5.13199,165,16.924,0,0,5448,4417141995
611.191,1.63615,47.4774,0,84,66,44,2760,10501,5.13199,165,16.924,0,0,5448,4418778464
431.858,2.31558,47.4774,0,84,66,44,2760,10501,5.13199,165,16.924,0,0,5448,4421094359
315.961,3.16494,47.4774,0,84,66,44,2760,10501,5.13199,165,16.924,0,0,5448,4424259735
327.932,3.04941,47.4774,0,84,66,44,2760,10501,5.13199,165,16.924,0,0,5448,4427309386
541.691,1.84607,47.4774,0,84,66,44,2760,10501,5.13199,165,16.924,0,0,5448,4429155736
331.477,3.0168,47.4774,0,84,66,44,2760,10501,5.13199,165,16.924,0,0,5448,4432172934
356.425,2.80564,47.4774,0,84,66,44,2760,10501,5.13199,165,16.924,0,0,5448,4434978942
436.384,2.29156,47.4774,0,84,66,44,2760,10501,5.13199,165,16.924,0,0,5448,4437270827
363.376,2.75197,47.4774,0,84,66,44,2760,10501,5.13199,165,16.924,0,0,5448,4440023151
277.636,3.60183,47.4774,0,84,66,44,2760,10501,5.13199,165,16.924,0,0,5448,4443625368
388.879,2.57149,47.4774,0,84,66,44,2760,10501,5.13199,165,16.924,0,0,5448,4446197032
499.203,2.00319,47.4774,0,84,66,44,2760,10501,5.13199,165,16.924,0,0,5448,4448200647
340.221,2.93926,47.4774,0,84,66,44,2760,10501,5.13199,165,16.924,0,0,5448,4451140208
291.441,3.43122,47.4774,0,84,66,44,2760,10501,5.13199,165,16.924,0,0,5448,4454571766
489.699,2.04207,47.4774,0,84,66,44,2760,10501,5.13199,165,16.924,0,0,5448,4456614171
347.238,2.87987,47.4774,0,84,66,44,2760,10501,5.13199,165,16.924,0,0,5448,4459494374
539.748,1.85272,47.4774,0,84,66,44,2760,10501,5.13199,165,16.924,0,0,5448,4461347388
354.644,2.81973,47.4774,0,84,66,44,2760,10501,5.13199,165,16.924,0,0,5448,4464167455
375.688,2.66178,47.4774,0,84,66,44,2760,10501,5.13199,165,16.924,0,0,5448,4466829660
372.242,2.68643,47.4774,0,84,66,44,2760,10501,5.13199,165,16.924,0,0,5448,4469516337
268.903,3.71882,47.4774,0,84,66,44,2760,10501,5.13199,165,16.924,0,0,5448,4473235520
552.374,1.81037,47.4774,0,84,66,44,2760,10501,5.13199,165,16.924,0,0,5448,4475046273
371.706,2.6903,47.4774,0,84,66,44,2760,10501,5.13199,165,16.924,0,0,5448,4477736864
259.607,3.85198,47.4774,0,84,66,44,2760,10501,5.13199,165,16.924,0,0,5448,4481589186
464.627,2.15227,47.4774,0,84,66,44,2760,10501,5.13199,165,16.924,0,0,5448,4483741758
215.778,4.63439,47.4774,0,84,66,44,2760,10501,5.13199,165,16.924,0,0,5448,4488376655
572.882,1.74556,47.4774,0,84,66,44,2760,10501,5.13199,165,16.924,0,0,5448,4490122435
415.328,2.40774,47.4774,0,84,66,44,2760,10501,5.13199,165,16.924,0,0,5448,4492530593
436.042,2.29336,47.4774,0,84,66,44,2760,10501,5.13199,165,16.924,0,0,5448,4494824180
462.383,2.16271,47.4774,0,84,66,44,2760,10501,5.13199,165,16.924,0,0,5448,4496987349
324.147,3.08502,47.4774,0,84,66,44,2760,10501,5.13199,165,16.924,0,0,5448,4500072626
408.185,2.44987,47.4774,0,84,66,44,2760,10501,5.13199,165,16.924,0,0,5448,4502522795
405.184,2.46802,47.4774,0,84,66,44,2760,10501,5.13199,165,16.924,0,0,5448,4504991119
159.169,6.28263,47.4774,0,84,66,44,2760,10501,5.13199,165,16.924,0,0,5448,4511274311
1310.11,0.763295,47.4774,0,84,66,44,2760,10501,5.13199,165,16.924,0,0,5448,4512037952
520.214,1.92229,47.4774,0,84,66,44,2760,10501,5.13199,165,16.924,0,0,5448,4513960383
338.407,2.95502,47.4774,0,84,66,44,2760,10501,5.13199,165,16.924,0,0,5448,4516915867
266.44,3.75318,47.4774,0,84,66,44,2760,10501,5.13199,165,16.924,0,0,5448,4520669407
318.136,3.14331,47.4774,0,84,66,44,2760,10501,5.13199,165,16.924,0,0,5448,4523813138
732.256,1.36564,47.4774,0,84,66,44,2760,10501,5.13199,165,16.924,0,0,5448,4525179164
372.206,2.68669,47.4774,0,84,66,44,2760,10501,5.13199,165,16.924,0,0,5448,4527866111
388.984,2.5708,47.4774,0,84,66,44,2760,10501,5.13199,165,16.924,0,0,5448,4530437207
273.836,3.65182,47.4774,0,84,66,44,2760,10501,5.13199,165,16.924,0,0,5448,4534089215
447.769,2.2333,47.4774,0,84,66,44,2760,10501,5.13199,165,16.924,0,0,5448,4536323002
398.509,2.50935,47.4774,0,84,66,44,2760,10501,5.13199,165,16.924,0,0,5448,4538832721
469.14,2.13156,47.4774,0,84,66,44,2760,10501,5.13199,165,16.924,0,0,5448,4540964398
321.436,3.11104,47.4774,0,84,66,44,2760,10501,5.13199,165,16.924,0,0,5448,4544075878
477.383,2.09475,47.4774,0,84,66,44,2760,10501,5.13199,165,16.924,0,0,5448,4546170814
356.637,2.80397,47.4774,0,84,66,44,2760,10501,5.13199,165,16.924,0,0,5448,4548975216
322.347,3.10225,47.4774,0,84,66,44,2760,10501,5.13199,165,16.924,0,0,5448,4552077840
421.226,2.37402,47.4774,0,84,66,44,2760,10501,5.13199,165,16.924,0,0,5448,4554452189
316.605,3.15851,47.4774,0,84,66,44,2760,10501,5.13199,165,16.924,0,0,5448,4557613430
310.07,3.22508,47.1129,0,84,66,44,2760,10501,5.13278,165,16.9255,0,0,5434,4560836385
371.896,2.68893,47.1129,0,84,66,44,2760,10501,5.13278,165,16.9255,0,0,5434,4563525755
519.884,1.92351,47.1129,0,84,66,44,2760,10501,5.13278,165,16.9255,0,0,5434,4565449493
313.508,3.18971,47.1129,0,84,66,44,2760,10501,5.13278,165,16.9255,0,0,5434,4568639667
551.317,1.81384,47.1129,0,84,66,44,2760,10501,5.13278,165,16.9255,0,0,5434,4570453738
264.642,3.7787,47.1129,0,84,66,44,2760,10501,5.13278,165,16.9255,0,0,5434,4574232664
280.408,3.56624,47.1129,0,84,66,44,2760,10501,5.13278,165,16.9255,0,0,5434,4577799361
1423.4,0.702543,47.1129,0,84,66,44,2760,10501,5.13278,165,16.9255,0,0,5434,4578502115
339.788,2.94301,47.1129,0,84,66,44,2760,10501,5.13278,165,16.9255,0,0,5434,4581445368
437.247,2.28704,47.1129,0,84,66,44,2760,10501,5.13278,165,16.9255,0,0,5434,4583732782
374.457,2.67053,47.1129,0,84,66,44,2760,10501,5.13278,165,16.9255,0,0,5434,4586403747
181.666,5.50462,47.1129,0,84,66,44,2760,10501,5.13278,165,16.9255,0,0,5434,4591908836
361.839,2.76366,47.1129,0,84,66,44,2760,10501,5.13278,165,16.9255,0,0,5434,4594672602
1641.07,0.609357,47.1129,0,84,66,44,2760,10501,5.13278,165,16.9255,0,0,5434,4595282306
391.295,2.55561,47.1129,0,84,66,44,2760,10501,5.13278,165,16.9255,0,0,5434,4597838324
368.133,2.71641,47.1129,0,84,66,44,2760,10501,5.13278,165,16.9255,0,0,5434,4600555041
393.196,2.54326,47.1129,0,84,66,44,2760,10501,5.13278,165,16.9255,0,0,5434,4603122243
301.863,3.31276,47.1129,0,84,66,44,2760,10501,5.13278,165,16.9255,0,0,5434,4606411796
473.84,2.11042,47.1129,0,84,66,44,2760,10501,5.13278,165,16.9255,0,0,5434,4608522406
364.539,2.74319,47.1129,0,84,66,44,2760,10501,5.13278,165,16.9255,0,0,5434,4611266037
298.317,3.35214,47.1129,0,84,66,44,2760,10501,5.13278,165,16.9255,0,0,5434,4614618544
329.306,3.03669,47.1129,0,84,66,44,2760,10501,5.13278,165,16.9255,0,0,5434,4617655531
526.791,1.89829,47.1129,0,84,66,44,2760,10501,5.13278,165,16.9255,0,0,5434,4619554143
353.98,2.82502,47.1129,0,84,66,44,2760,10501,5.13278,165,16.9255,0,0,5434,4622379748
498.562,2.00577,47.1129,0,84,66,44,2760,10501,5.13278,165,16.9255,0,0,5434,4624385806
360.747,2.77203,47.1129,0,84,66,44,2760,10501,5.13278,165,16.9255,0,0,5434,4627158111
289.293,3.4567,47.1129,0,84,66,44,2760,10501,5.13278,165,16.9255,0,0,5434,4630615150
477.046,2.09623,47.1129,0,84,66,44,2760,10501,5.13278,165,16.9255,0,0,5434,4632711875
255.525,3.91351,47.1129,0,84,66,44,2760,10501,5.13278,165,16.9255,0,0,5434,4636625516
712.349,1.40381,47.1129,0,84,66,44,2760,10501,5.13278,165,16.9255,0,0,5434,4638029602
349.458,2.86158,47.1129,0,84,66,44,2760,10501,5.13278,165,16.9255,0,0,5434,4640891564
272.223,3.67346,47.1129,0,84,66,44,2760,10501,5.13278,165,16.9255,0,0,5434,4644565351
341.594,2.92745,47.1129,0,84,66,44,2760,10501,5.13278,165,16.9255,0,0,5434,4647493180
708.268,1.41189,47.1129,0,84,66,44,2760,10501,5.13278,165,16.9255,0,0,5434,4648905334
222.977,4.48478,47.1129,0,84,66,44,2760,10501,5.13278,165,16.9255,0,0,5434,4653390466
1868.12,0.535297,47.1129,0,84,66,44,2760,10501,5.13278,165,16.9255,0,0,5434,4653926080
350.658,2.85178,47.1129,0,84,66,44,2760,10501,5.13278,165,16.9255,0,0,5434,4656778186
391.704,2.55295,47.1129,0,84,66,44,2760,10501,5.13278,165,16.9255,0,0,5434,4659331541
296.334,3.37457,47.1129,0,84,66,44,2760,10501,5.13278,165,16.9255,0,0,5434,4662706520
401.484,2.49076,47.1129,0,84,66,44,2760,10501,5.13278,165,16.9255,0,0,5434,4665197508
454.33,2.20105,47.1129,0,84,66,44,2760,10501,5.13278,165,16.9255,0,0,5434,4667398870
237.723,4.20658,47.1129,0,84,66,44,2760,10501,5.13278,165,16.9255,0,0,5434,4671605897
550.949,1.81505,47.1129,0,84,66,44,2760,10501,5.13278,165,16.9255,0,0,5434,4673421314
317.178,3.15281,47.1129,0,84,66,44,2760,10501,5.13278,165,16.9255,0,0,5434,4676574459
501.78,1.9929,47.1129,0,84,66,44,2760,10501,5.13278,165,16.9255,0,0,5434,4678567670
352.169,2.83955,47.1129,0,84,66,44,2760,10501,5.13278,165,16.9255,0,0,5434,4681407573
342.957,2.91582,47.1129,0,84,66,44,2760,10501,5.13278,165,16.9255,0,0,5434,4684323633
346.325,2.88746,47.1129,0,84,66,44,2760,10501,5.13278,165,16.9255,0,0,5434,4687211413
442.113,2.26186,47.1129,0,84,66,44,2760,10501,5.13278,165,16.9255,0,0,5434,4689473614
420.122,2.38026,47.1129,0,84,66,44,2760,10501,5.13278,165,16.9255,0,0,5434,4691854185
291.012,3.43628,47.1129,0,84,66,44,2760,10501,5.13278,165,16.9255,0,0,5434,4695290858
325.91,3.06833,47.1129,0,84,66,44,2760,10501,5.13278,165,16.9255,0,0,5434,4698359443
447.353,2.23537,47.1129,0,84,66,44,2760,10501,5.13278,165,16.9255,0,0,5434,4700595335
613.024,1.63126,47.1129,0,84,66,44,2760,10501,5.13278,165,16.9255,0,0,5434,4702226881
322.287,3.10283,47.1129,0,84,66,44,2760,10501,5.13278,165,16.9255,0,0,5434,4705330014
409.14,2.44415,47.1129,0,84,66,44,2760,10501,5.13278,165,16.9255,0,0,5434,4707774577
263.76,3.79132,47.1129,0,84,66,44,2760,10501,5.13278,165,16.9255,0,0,5434,4711566157
652.753,1.53197,47.1129,0,84,66,44,2760,10501,5.13278,165,16.9255,0,0,5434,4713098382
291.85,3.42642,47.1129,0,84,66,44,2760,10501,5.13278,165,16.9255,0,0,5434,4716525209
355.717,2.81122,47.1129,0,84,66,44,2760,10501,5.13278,165,16.9255,0,0,5434,4719336746
398.988,2.50634,47.1129,0,84,66,44,2760,10501,5.13278,165,16.9255,0,0,5434,4721843397
269.645,3.70858,47.1129,0,84,66,44,2760,10501,5.13278,165,16.9255,0,0,5434,4725552417
530.267,1.88584,47.1129,0,84,66,44,2760,10501,5.13278,165,16.9255,0,0,5434,4727438528
513.669,1.94678,47.1129,0,84,66,44,2760,10501,5.13278,165,16.9255,0,0,5434,4729385623
204.019,4.90151,47.1129,0,84,66,44,2760,10501,5.13278,165,16.9255,0,0,5434,4734287605
542.796,1.84231,47.1129,0,84,66,44,2760,10501,5.13278,165,16.9255,0,0,5434,4736130100
432.533,2.31196,47.1129,0,84,66,44,2760,10501,5.13278,165,16.9255,0,0,5434,4738442351
671.14,1.49,47.1129,0,84,66,44,2760,10501,5.13278,165,16.9255,0,0,5434,4739932671
318.648,3.13826,47.1129,0,84,66,44,2760,10501,5.13278,165,16.9255,0,0,5434,4743071392
417.601,2.39463,47.1129,0,84,66,44,2760,10501,5.13278,165,16.9255,0,0,5434,4745466222
359.328,2.78297,47.1129,0,84,66,44,2760,10501,5.13278,165,16.9255,0,0,5434,4748249537
186.402,5.36474,47.1129,0,84,66,44,2760,10501,5.13278,165,16.9255,0,0,5434,4753614766
765.338,1.30661,47.1129,0,84,66,44,2760,10501,5.13278,165,16.9255,0,0,5434,4754921579
642.374,1.55673,47.1129,0,84,66,44,2760,10501,5.13278,165,16.9255,0,0,5434,4756478728
340.172,2.93969,47.1129,0,84,66,44,2760,10501,5.13278,165,16.9255,0,0,5434,4759418741
430.617,2.32225,47.1129,0,84,66,44,2760,10501,5.13278,165,16.9255,0,0,5434,4761741415
345.685,2.89281,47.1129,0,84,66,44,2760,10501,5.13278,165,16.9255,0,0,5434,4764634570
480.176,2.08257,47.1129,0,84,66,44,2760,10501,5.13278,165,16.9255,0,0,5434,4766717477
312.66,3.19836,47.1129,0,84,66,44,2760,10501,5.13278,165,16.9255,0,0,5434,4769916123
377.082,2.65195,47.1129,0,84,66,44,2760,10501,5.13278,165,16.9255,0,0,5434,4772568328
458.336,2.1818,47.1129,0,84,66,44,2760,10501,5.13278,165,16.9255,0,0,5434,4774750488
172.341,5.80244,47.1129,0,84,66,44,2760,10501,5.13278,165,16.9255,0,0,5434,4780553482
614.807,1.62653,47.1129,0,84,66,44,2760,10501,5.13278,165,16.9255,0,0,5434,4782180354
1471.77,0.679455,47.1129,0,84,66,44,2760,10501,5.13278,165,16.9255,0,0,5434,4782859992
361.615,2.76537,47.1129,0,84,66,44,2760,10501,5.13278,165,16.9255,0,0,5434,4785625672
316.64,3.15816,47.1129,0,84,66,44,2760,10501,5.13278,165,16.9255,0,0,5434,4788784326
459.741,2.17514,47.1129,0,84,66,44,2760,10501,5.13278,165,16.9255,0,0,5434,4790959659
390.193,2.56284,47.1129,0,84,66,44,2760,10501,5.13278,165,16.9255,0,0,5434,4793522967
329.363,3.03616,47.1129,0,84,66,44,2760,10501,5.13278,165,16.9255,0,0,5434,4796559454
396.121,2.52448,47.1129,0,84,66,44,2760,10501,5.13278,165,16.9255,0,0,5434,4799084347
340.904,2.93338,47.1129,0,84,66,44,2760,10501,5.13278,165,16.9255,0,0,5434,4802017859
341.868,2.92511,47.1129,0,84,66,44,2760,10501,5.13278,165,16.9255,0,0,5434,4804943294
353.2,2.83126,47.1129,0,84,66,44,2760,10501,5.13278,165,16.9255,0,0,5434,4807774870
359.41,2.78234,47.1129,0,84,66,44,2760,10501,5.13278,165,16.9255,0,0,5434,4810557685
268.771,3.72063,47.1129,0,84,66,44,2760,10501,5.13278,165,16.9255,0,0,5434,4814278734
426.757,2.34325,47.1129,0,84,66,44,2760,10501,5.13278,165,16.9255,0,0,5434,4816622130
510.51,1.95883,47.1129,0,84,66,44,2760,10501,5.13278,165,16.9255,0,0,5434,4818581513
525.206,1.90402,47.1129,0,84,66,44,2760,10501,5.13278,165,16.9255,0,0,5434,4820485616
324.927,3.07761,47.1129,0,84,66,44,2760,10501,5.13278,165,16.9255,0,0,5434,4823563556
440.462,2.27035,47.1129,0,84,66,44,2760,10501,5.13278,165,16.9255,0,0,5434,4825834229
283.88,3.52262,47.1129,0,84,66,44,2760,10501,5.13278,165,16.9255,0,0,5434,4829357213
507.243,1.97144,47.1129,0,84,66,44,2760,10501,5.13278,165,16.9255,0,0,5434,4831328943
281.539,3.55191,47.1129,0,84,66,44,2760,10501,5.13278,165,16.9255,0,0,5434,4834881293
397.047,2.51859,47.1129,0,84,66,44,2760,10501,5.13278,165,16.9255,0,0,5434,4837400128
414.142,2.41463,47.1129,0,84,66,44,2760,10501,5.13278,165,16.9255,0,0,5434,4839815017
333.716,2.99656,47.1129,0,84,66,44,2760,10501,5.13278,165,16.9255,0,0,5434,4842811907
516.861,1.93476,47.1129,0,84,66,44,2760,10501,5.13278,165,16.9255,0,0,5434,4844746981
353.823,2.82627,47.1129,0,84,66,44,2760,10501,5.13278,165,16.9255,0,0,5434,4847573721
337.523,2.96276,47.1129,0,84,66,44,2760,10501,5.13278,165,16.9255,0,0,5434,4850536686
445.734,2.24349,47.1129,0,84,66,44,2760,10501,5.13278,165,16.9255,0,0,5434,4852780618
326.028,3.06722,47.1129,0,84,66,44,2760,10501,5.13278,165,16.9255,0,0,5434,4855848279
198.591,5.03548,47.1129,0,84,66,44,2760,10501,5.13278,165,16.9255,0,0,5434,4860883871
539.029,1.85519,47.1129,0,84,66,44,2760,10501,5.13278,165,16.9255,0,0,5434,4862739559
577.495,1.73162,47.1129,0,84,66,44,2760,10501,5.13278,165,16.9255,0,0,5434,4864471367
403.699,2.47709,47.1129,0,84,66,44,2760,10501,5.13278,165,16.9255,0,0,5434,4866948720
326.902,3.05902,47.1129,0,84,66,44,2760,10501,5.13278,165,16.9255,0,0,5434,4870026526
385.685,2.59279,47.1129,0,84,66,44,2760,10501,5.13278,165,16.9255,0,0,5434,4872619642
380.688,2.62682,47.1129,0,84,66,44,2760,10501,5.13278,165,16.9255,0,0,5434,4875246788
322.451,3.10125,47.1129,0,84,66,44,2760,10501,5.13278,165,16.9255,0,0,5434,4878348450
387.152,2.58296,47.1129,0,84,66,44,2760,10501,5.13278,165,16.9255,0,0,5434,4880931768
385.959,2.59095,47.1129,0,84,66,44,2760,10501,5.13278,165,16.9255,0,0,5434,4883523105
214.782,4.65588,47.1129,0,84,66,44,2760,10501,5.13278,165,16.9255,0,0,5434,4888179464
657.632,1.52061,47.1129,0,84,66,44,2760,10501,5.13278,165,16.9255,0,0,5434,4889700439
481.116,2.0785,47.1129,0,84,66,44,2760,10501,5.13278,165,16.9255,0,0,5434,4891779124
390.144,2.56315,47.1129,0,84,66,44,2760,10501,5.13278,165,16.9255,0,0,5434,4894342585
353.68,2.82741,47.1129,0,84,66,44,2760,10501,5.13278,165,16.9255,0,0,5434,4897170258
394.897,2.53231,47.1129,0,84,66,44,2760,10501,5.13278,165,16.9255,0,0,5434,4899702872
328.495,3.04419,47.1129,0,84,66,44,2760,10501,5.13278,165,16.9255,0,0,5434,4902747532
274.98,3.63663,47.1129,0,84,66,44,2760,10501,5.13278,165,16.9255,0,0,5434,4906384578
528.006,1.89392,47.1129,0,84,66,44,2760,10501,5.13278,165,16.9255,0,0,5434,4908278738
463.79,2.15615,47.1129,0,84,66,44,2760,10501,5.13278,165,16.9255,0,0,5434,4910435262
205.644,4.86277,47.1129,0,84,66,44,2760,10501,5.13278,165,16.9255,0,0,5434,4915298253
326.241,3.06522,47.1129,0,84,66,44,2760,10501,5.13278,165,16.9255,0,0,5434,4918364039
1557.72,0.641964,47.1129,0,84,66,44,2760,10501,5.13278,165,16.9255,0,0,5434,4919005926
379.691,2.63372,47.1129,0,84,66,44,2760,10501,5.13278,165,16.9255,0,0,5434,4921640140
298.292,3.35242,47.1129,0,84,66,44,2760,10501,5.13278,165,16.9255,0,0,5434,4924992811
439.293,2.27638,47.1129,0,84,66,44,2760,10501,5.13278,165,16.9255,0,0,5434,4927269647
409.292,2.44324,47.1129,0,84,66,44,2760,10501,5.13278,165,16.9255,0,0,5434,4929713133
417.35,2.39607,47.1129,0,84,66,44,2760,10501,5.13278,165,16.9255,0,0,5434,4932109608
369.046,2.70969,47.1129,0,84,66,44,2760,10501,5.13278,165,16.9255,0,0,5434,4934819536
345.828,2.89161,47.1129,0,84,66,44,2760,10501,5.13278,165,16.9255,0,0,5434,4937711470
209.108,4.78221,47.1129,0,84,66,44,2760,10501,5.13278,165,16.9255,0,0,5434,4942494189
414.21,2.41424,47.1129,0,84,66,44,2760,10501,5.13278,165,16.9255,0,0,5434,4944908587
533.48,1.87449,47.1129,0,84,66,44,2760,10501,5.13278,165,16.9255,0,0,5434,4946783487
548.432,1.82338,47.1129,0,84,66,44,2760,10501,5.13278,165,16.9255,0,0,5434,4948607279
366.664,2.72729,47.1129,0,84,66,44,2760,10501,5.13278,165,16.9255,0,0,5434,4951334785
376.919,2.65309,47.1129,0,84,66,44,2760,10501,5.13278,165,16.9255,0,0,5434,4953988192
224.006,4.46416,47.1129,0,84,66,44,2760,10501,5.13278,165,16.9255,0,0,5434,4958452755
459.828,2.17473,47.1129,0,84,66,44,2760,10501,5.13278,165,16.9255,0,0,5434,4960627848
692.327,1.4444,47.1129,0,84,66,44,2760,10501,5.13278,165,16.9255,0,0,5434,4962072454
315.21,3.17249,47.1129,0,84,66,44,2760,10501,5.13278,165,16.9255,0,0,5434,4965245446
236.773,4.22346,47.1129,0,84,66,44,2760,10501,5.13278,165,16.9255,0,0,5434,4969469059
733.884,1.36261,47.1129,0,84,66,44,2760,10501,5.13278,165,16.9255,0,0,5434,4970832009
517.192,1.93352,47.1129,0,84,66,44,2760,10501,5.13278,165,16.9255,0,0,5434,4972765949
338.883,2.95087,47.1129,0,84,66,44,2760,10501,5.13278,165,16.9255,0,0,5434,4975717030
379.047,2.63819,47.1129,0,84,66,44,2760,10501,5.13278,165,16.9255,0,0,5434,4978355618
357.22,2.79939,47.1129,0,84,66,44,2760,10501,5.13278,165,16.9255,0,0,5434,4981155319
437.155,2.28752,47.1129,0,84,66,44,2760,10501,5.13278,165,16.9255,0,0,5434,4983443126
243.965,4.09895,47.1129,0,84,66,44,2760,10501,5.13278,165,16.9255,0,0,5434,4987542370
513.34,1.94803,47.1129,0,84,66,44,2760,10501,5.13278,165,16.9255,0,0,5434,4989490715
369.901,2.70343,47.1129,0,84,66,44,2760,10501,5.13278,165,16.9255,0,0,5434,4992194479
252.971,3.95303,47.1129,0,84,66,44,2760,10501,5.13278,165,16.9255,0,0,5434,4996148055
305.135,3.27724,47.1129,0,84,66,44,2760,10501,5.13278,165,16.9255,0,0,5434,4999425723
1139.69,0.877433,47.1129,0,84,66,44,2760,10501,5.13278,165,16.9255,0,0,5434,5000303281
386.722,2.58584,47.1129,0,84,66,44,2760,10501,5.13278,165,16.9255,0,0,5434,5002889541
388.807,2.57197,47.1129,0,84,66,44,2760,10501,5.13278,165,16.9255,0,0,5434,5005461724
311.389,3.21142,47.1129,0,84,66,44,2760,10501,5.13278,165,16.9255,0,0,5434,5008673505
370.607,2.69827,47.1129,0,84,66,44,2760,10501,5.13278,165,16.9255,0,0,5434,5011372241
462.7,2.16123,47.1129,0,84,66,44,2760,10501,5.13278,165,16.9255,0,0,5434,5013533640
311.539,3.20987,47.1129,0,84,66,44,2760,10501,5.13278,165,16.9255,0,0,5434,5016743826
390.726,2.55934,47.1129,0,84,66,44,2760,10501,5.13278,165,16.9255,0,0,5434,5019303498
252.136,3.96611,47.1129,0,84,66,44,2760,10501,5.13278,165,16.9255,0,0,5434,5023269969
691.392,1.44636,47.1129,0,84,66,44,2760,10501,5.13278,165,16.9255,0,0,5434,5024716758
449.608,2.22416,47.1129,0,84,66,44,2760,10501,5.13278,165,16.9255,0,0,5434,5026941265
207.454,4.82033,47.1129,0,84,66,44,2760,10501,5.13278,165,16.9255,0,0,5434,5031761937
670.655,1.49108,47.1129,0,84,66,44,2760,10501,5.13278,165,16.9255,0,0,5434,5033253266
639.565,1.56356,47.1129,0,84,66,44,2760,10501,5.13278,165,16.9255,0,0,5434,5034817300
284.34,3.51692,47.1129,0,84,66,44,2760,10501,5.13278,165,16.9255,0,0,5434,5038334447
227.409,4.39736,47.1129,0,84,66,44,2760,10501,5.13278,165,16.9255,0,0,5434,5042732144
514.646,1.94308,47.1129,0,84,66,44,2760,10501,5.13278,165,16.9255,0,0,5434,5044675709
1077.83,0.927791,47.1129,0,84,66,44,2760,10501,5.13278,165,16.9255,0,0,5434,5045603577
191.604,5.21911,47.1129,0,84,66,44,2760,10501,5.13278,165,16.9255,0,0,5434,5050823128
834.797,1.1979,47.1129,0,84,66,44,2760,10501,5.13278,165,16.9255,0,0,5434,5052021476
267.64,3.73636,47.1129,0,84,66,44,2760,10501,5.13278,165,16.9255,0,0,5434,5055758006
617.721,1.61885,47.1129,0,84,66,44,2760,10501,5.13278,165,16.9255,0,0,5434,5057377262
480.318,2.08195,47.1129,0,84,66,44,2760,10501,5.13278,165,16.9255,0,0,5434,5059461832
359.01,2.78544,47.2042,0,85,66,44,2760,10501,5.1316,166,16.9276,0,0,5439,5062245243
411.994,2.42722,47.2042,0,85,66,44,2760,10501,5.1316,166,16.9276,0,0,5439,5064672989
345.162,2.89719,47.2042,0,85,66,44,2760,10501,5.1316,166,16.9276,0,0,5439,5067570288
395.573,2.52798,47.2042,0,85,66,44,2760,10501,5.1316,166,16.9276,0,0,5439,5070098595
366.422,2.72909,47.2042,0,85,66,44,2760,10501,5.1316,166,16.9276,0,0,5439,5072828042
234.768,4.25952,47.2042,0,85,66,44,2760,10501,5.1316,166,16.9276,0,0,5439,5077087869
729.263,1.37125,47.2042,0,85,66,44,2760,10501,5.1316,166,16.9276,0,0,5439,5078459434
315.716,3.1674,47.2042,0,85,66,44,2760,10501,5.1316,166,16.9276,0,0,5439,5081627166
524.165,1.90779,47.2042,0,85,66,44,2760,10501,5.1316,166,16.9276,0,0,5439,5083535326
301.364,3.31825,47.2042,0,85,66,44,2760,10501,5.1316,166,16.9276,0,0,5439,5086853832
474.296,2.10839,47.2042,0,85,66,44,2760,10501,5.1316,166,16.9276,0,0,5439,5088962538
381.416,2.62181,47.2042,0,85,66,44,2760,10501,5.1316,166,16.9276,0,0,5439,5091584848
329.288,3.03685,47.2042,0,85,66,44,2760,10501,5.1316,166,16.9276,0,0,5439,5094621825
358.55,2.78901,47.2042,0,85,66,44,2760,10501,5.1316,166,16.9276,0,0,5439,5097411130
467.245,2.14021,47.2042,0,85,66,44,2760,10501,5.1316,166,16.9276,0,0,5439,5099551626
191.321,5.22682,47.2042,0,85,66,44,2760,10501,5.1316,166,16.9276,0,0,5439,5104778859
468.069,2.13644,47.2042,0,85,66,44,2760,10501,5.1316,166,16.9276,0,0,5439,5106915624
537.92,1.85901,47.2042,0,85,66,44,2760,10501,5.1316,166,16.9276,0,0,5439,5108774985
551.667,1.81269,47.2042,0,85,66,44,2760,10501,5.1316,166,16.9276,0,0,5439,5110587901
398.103,2.51191,47.2042,0,85,66,44,2760,10501,5.1316,166,16.9276,0,0,5439,5113100149
344.567,2.90219,47.2042,0,85,66,44,2760,10501,5.1316,166,16.9276,0,0,5439,5116002747
372.204,2.6867,47.2042,0,85,66,44,2760,10501,5.1316,166,16.9276,0,0,5439,5118689597
363.753,2.74912,47.2042,0,85,66,44,2760,10501,5.1316,166,16.9276,0,0,5439,5121439152
373.52,2.67723,47.2042,0,85,66,44,2760,10501,5.1316,166,16.9276,0,0,5439,5124116790
324.354,3.08306,47.2042,0,85,66,44,2760,10501,5.1316,166,16.9276,0,0,5439,5127200182
339.783,2.94305,47.2042,0,85,66,44,2760,10501,5.1316,166,16.9276,0,0,5439,5130143426
460.186,2.17303,47.2042,0,85,66,44,2760,10501,5.1316,166,16.9276,0,0,5439,5132316730
323.945,3.08694,47.2042,0,85,66,44,2760,10501,5.1316,166,16.9276,0,0,5439,5135403959
420.545,2.37787,47.2042,0,85,66,44,2760,10501,5.1316,166,16.9276,0,0,5439,5137782135
368.945,2.71043,47.2042,0,85,66,44,2760,10501,5.1316,166,16.9276,0,0,5439,5140493101
348.734,2.86752,47.2042,0,85,66,44,2760,10501,5.1316,166,16.9276,0,0,5439,5143361198
465.734,2.14715,47.2042,0,85,66,44,2760,10501,5.1316,166,16.9276,0,0,5439,5145508299
348.42,2.8701,47.2042,0,85,66,44,2760,10501,5.1316,166,16.9276,0,0,5439,5148378752
339.108,2.94892,47.2042,0,85,66,44,2760,10501,5.1316,166,16.9276,0,0,5439,5151327995
320.85,3.11672,47.2042,0,85,66,44,2760,10501,5.1316,166,16.9276,0,0,5439,5154445216
359.734,2.77983,47.2042,0,85,66,44,2760,10501,5.1316,166,16.9276,0,0,5439,5157225300
254.54,3.92865,47.2042,0,85,66,44,2760,10501,5.1316,166,16.9276,0,0,5439,5161154307
639.742,1.56313,47.2042,0,85,66,44,2760,10501,5.1316,166,16.9276,0,0,5439,5162717773
537.092,1.86188,47.2042,0,85,66,44,2760,10501,5.1316,166,16.9276,0,0,5439,5164580067
449.353,2.22542,47.2042,0,85,66,44,2760,10501,5.1316,166,16.9276,0,0,5439,5166805709
365.453,2.73633,47.2042,0,85,66,44,2760,10501,5.1316,166,16.9276,0,0,5439,5169542407
196.125,5.0988,47.2042,0,85,66,44,2760,10501,5.1316,166,16.9276,0,0,5439,5174641531
626.583,1.59596,47.2042,0,85,66,44,2760,10501,5.1316,166,16.9276,0,0,5439,5176237806
449.107,2.22664,47.2042,0,85,66,44,2760,10501,5.1316,166,16.9276,0,0,5439,5178464785
473.443,2.11219,47.2042,0,85,66,44,2760,10501,5.1316,166,16.9276,0,0,5439,5180577346
274.119,3.64806,47.2042,0,85,66,44,2760,10501,5.1316,166,16.9276,0,0,5439,5184225633
526.981,1.8976,47.2042,0,85,66,44,2760,10501,5.1316,166,16.9276,0,0,5439,5186123504
386.673,2.58616,47.2042,0,85,66,44,2760,10501,5.1316,166,16.9276,0,0,5439,5188710169
366.935,2.72528,47.2042,0,85,66,44,2760,10501,5.1316,166,16.9276,0,0,5439,5191435799
361.049,2.76971,47.2042,0,85,66,44,2760,10501,5.1316,166,16.9276,0,0,5439,5194205835
341.447,2.92871,47.2042,0,85,66,44,2760,10501,5.1316,166,16.9276,0,0,5439,5197134904
402.298,2.48572,47.2042,0,85,66,44,2760,10501,5.1316,166,16.9276,0,0,5439,5199620863
372.738,2.68285,47.2042,0,85,66,44,2760,10501,5.1316,166,16.9276,0,0,5439,5202304059
360.016,2.77765,47.2042,0,85,66,44,2760,10501,5.1316,166,16.9276,0,0,5439,5205082028
307.146,3.25578,47.2042,0,85,66,44,2760,10501,5.1316,166,16.9276,0,0,5439,5208338253
216.94,4.60958,47.2042,0,85,66,44,2760,10501,5.1316,166,16.9276,0,0,5439,5212948216
492.391,2.03091,47.2042,0,85,66,44,2760,10501,5.1316,166,16.9276,0,0,5439,5214979467
493.811,2.02507,47.2042,0,85,66,44,2760,10501,5.1316,166,16.9276,0,0,5439,5217004939
698.376,1.43189,47.2042,0,85,66,44,2760,10501,5.1316,166,16.9276,0,0,5439,5218437055
235.2,4.2517,47.2042,0,85,66,44,2760,10501,5.1316,166,16.9276,0,0,5439,5222689044
573.097,1.7449,47.2042,0,85,66,44,2760,10501,5.1316,166,16.9276,0,0,5439,5224434238
370.529,2.69884,47.2042,0,85,66,44,2760,10501,5.1316,166,16.9276,0,0,5439,5227133444
422.271,2.36815,47.2042,0,85,66,44,2760,10501,5.1316,166,16.9276,0,0,5439,5229501889
395.678,2.52731,47.2042,0,85,66,44,2760,10501,5.1316,166,16.9276,0,0,5439,5232029705
376.225,2.65798,47.2042,0,85,66,44,2760,10501,5.1316,166,16.9276,0,0,5439,5234687804
288.073,3.47135,47.2042,0,85,66,44,2760,10501,5.1316,166,16.9276,0,0,5439,5238159614
293.271,3.40982,47.2042,0,85,66,44,2760,10501,5.1316,166,16.9276,0,0,5439,5241569758
599.822,1.66716,47.2042,0,85,66,44,2760,10501,5.1316,166,16.9276,0,0,5439,5243237189
446.571,2.23929,47.2042,0,85,66,44,2760,10501,5.1316,166,16.9276,0,0,5439,5245476812
260.699,3.83584,47.2042,0,85,66,44,2760,10501,5.1316,166,16.9276,0,0,5439,5249312970
489.271,2.04386,47.2042,0,85,66,44,2760,10501,5.1316,166,16.9276,0,0,5439,5251357155
415.652,2.40586,47.2042,0,85,66,44,2760,10501,5.1316,166,16.9276,0,0,5439,5253763447
351.357,2.84611,47.2042,0,85,66,44,2760,10501,5.1316,166,16.9276,0,0,5439,5256609784
188.882,5.29431,47.2042,0,85,66,44,2760,10501,5.1316,166,16.9276,0,0,5439,5261904654
2185.26,0.457612,47.2042,0,85,66,44,2760,10501,5.1316,166,16.9276,0,0,5439,5262361929
405.356,2.46697,47.2042,0,85,66,44,2760,10501,5.1316,166,16.9276,0,0,5439,5264829551
203.979,4.90247,47.2042,0,85,66,44,2760,10501,5.1316,166,16.9276,0,0,5439,5269732341
1909.52,0.523691,47.2042,0,85,66,44,2760,10501,5.1316,166,16.9276,0,0,5439,5270256215
396.225,2.52382,47.2042,0,85,66,44,2760,10501,5.1316,166,16.9276,0,0,5439,5272780434
450.348,2.22051,47.2042,0,85,66,44,2760,10501,5.1316,166,16.9276,0,0,5439,5275001269
297.188,3.36487,47.2042,0,85,66,44,2760,10501,5.1316,166,16.9276,0,0,5439,5278366661
337.694,2.96126,47.2042,0,85,66,44,2760,10501,5.1316,166,16.9276,0,0,5439,5281328194
490.691,2.03794,47.2042,0,85,66,44,2760,10501,5.1316,166,16.9276,0,0,5439,5283366397
325.489,3.0723,47.2042,0,85,66,44,2760,10501,5.1316,166,16.9276,0,0,5439,5286439039
369.337,2.70755,47.2042,0,85,66,44,2760,10501,5.1316,166,16.9276,0,0,5439,5289146899
221.344,4.51785,47.2042,0,85,66,44,2760,10501,5.1316,166,16.9276,0,0,5439,5293665350
600.816,1.6644,47.2042,0,85,66,44,2760,10501,5.1316,166,16.9276,0,0,5439,5295330040
527.585,1.89543,47.2042,0,85,66,44,2760,10501,5.1316,166,16.9276,0,0,5439,5297225710
455.579,2.19501,47.2042,0,85,66,44,2760,10501,5.1316,166,16.9276,0,0,5439,5299421092
347.877,2.87458,47.2042,0,85,66,44,2760,10501,5.1316,166,16.9276,0,0,5439,5302295871
409.082,2.4445,47.2042,0,85,66,44,2760,10501,5.1316,166,16.9276,0,0,5439,5304740752
351.587,2.84425,47.2042,0,85,66,44,2760,10501,5.1316,166,16.9276,0,0,5439,5307585367
270.272,3.69997,47.2042,0,85,66,44,2760,10501,5.1316,166,16.9276,0,0,5439,5311285655
606.348,1.64922,47.2042,0,85,66,44,2760,10501,5.1316,166,16.9276,0,0,5439,5312935191
312.916,3.19574,47.2042,0,85,66,44,2760,10501,5.1316,166,16.9276,0,0,5439,5316131337
220.732,4.53038,47.2042,0,85,66,44,2760,10501,5.1316,166,16.9276,0,0,5439,5320661981
1447.96,0.690629,47.2042,0,85,66,44,2760,10501,5.1316,166,16.9276,0,0,5439,5321352927
333.029,3.00275,47.2042,0,85,66,44,2760,10501,5.1316,166,16.9276,0,0,5439,5324356163
437.804,2.28413,47.2042,0,85,66,44,2760,10501,5.1316,166,16.9276,0,0,5439,5326640461
438.208,2.28202,47.2042,0,85,66,44,2760,10501,5.1316,166,16.9276,0,0,5439,5328922759
302.254,3.30848,47.2042,0,85,66,44,2760,10501,5.1316,166,16.9276,0,0,5439,5332231582
400.824,2.49486,47.2042,0,85,66,44,2760,10501,5.1316,166,16.9276,0,0,5439,5334726772
464.795,2.15149,47.2042,0,85,66,44,2760,10501,5.1316,166,16.9276,0,0,5439,5336878527
324.474,3.08191,47.2042,0,85,66,44,2760,10501,5.1316,166,16.9276,0,0,5439,5339960794
390.385,2.56158,47.2042,0,85,66,44,2760,10501,5.1316,166,16.9276,0,0,5439,5342522698
204.787,4.88313,47.2042,0,85,66,44,2760,10501,5.1316,166,16.9276,0,0,5439,5347406151
919.72,1.08729,47.2042,0,85,66,44,2760,10501,5.1316,166,16.9276,0,0,5439,5348493736
351.497,2.84497,47.2042,0,85,66,44,2760,10501,5.1316,166,16.9276,0,0,5439,5351339062
485.119,2.06135,47.2042,0,85,66,44,2760,10501,5.1316,166,16.9276,0,0,5439,5353400680
388.464,2.57424,47.2042,0,85,66,44,2760,10501,5.1316,166,16.9276,0,0,5439,5355975219
363.6,2.75028,47.2042,0,85,66,44,2760,10501,5.1316,166,16.9276,0,0,5439,5358725821
369.289,2.70791,47.2042,0,85,66,44,2760,10501,5.1316,166,16.9276,0,0,5439,5361434018
383.12,2.61015,47.2042,0,85,66,44,2760,10501,5.1316,166,16.9276,0,0,5439,5364044558
373.833,2.67499,47.2042,0,85,66,44,2760,10501,5.1316,166,16.9276,0,0,5439,5366720004
248.319,4.02708,47.2042,0,85,66,44,2760,10501,5.1316,166,16.9276,0,0,5439,5370747389
278.049,3.59649,47.2042,0,85,66,44,2760,10501,5.1316,166,16.9276,0,0,5439,5374344145
632.755,1.58039,47.2042,0,85,66,44,2760,10501,5.1316,166,16.9276,0,0,5439,5375924910
493.923,2.02461,47.2042,0,85,66,44,2760,10501,5.1316,166,16.9276,0,0,5439,5377949776
324.871,3.07814,47.2042,0,85,66,44,2760,10501,5.1316,166,16.9276,0,0,5439,5381028342
449.442,2.22498,47.2042,0,85,66,44,2760,10501,5.1316,166,16.9276,0,0,5439,5383253811
351.481,2.84511,47.2042,0,85,66,44,2760,10501,5.1316,166,16.9276,0,0,5439,5386099205
313.968,3.18504,47.2042,0,85,66,44,2760,10501,5.1316,166,16.9276,0,0,5439,5389284553
476.497,2.09865,47.2042,0,85,66,44,2760,10501,5.1316,166,16.9276,0,0,5439,5391383537
258.117,3.87422,47.2042,0,85,66,44,2760,10501,5.1316,166,16.9276,0,0,5439,5395258014
493.663,2.02567,47.2042,0,85,66,44,2760,10501,5.1316,166,16.9276,0,0,5439,5397283986
322.327,3.10244,47.2042,0,85,66,44,2760,10501,5.1316,166,16.9276,0,0,5439,5400386840
503.854,1.9847,47.2042,0,85,66,44,2760,10501,5.1316,166,16.9276,0,0,5439,5402371830
409.485,2.44209,47.2042,0,85,66,44,2760,10501,5.1316,166,16.9276,0,0,5439,5404814384
406.111,2.46238,47.2042,0,85,66,44,2760,10501,5.1316,166,16.9276,0,0,5439,5407277015
326.91,3.05895,47.2042,0,85,66,44,2760,10501,5.1316,166,16.9276,0,0,5439,5410336281
490.129,2.04028,47.2042,0,85,66,44,2760,10501,5.1316,166,16.9276,0,0,5439,5412377033
275.102,3.63502,47.2042,0,85,66,44,2760,10501,5.1316,166,16.9276,0,0,5439,5416012299
546.717,1.8291,47.2042,0,85,66,44,2760,10501,5.1316,166,16.9276,0,0,5439,5417841678
320.745,3.11774,47.2042,0,85,66,44,2760,10501,5.1316,166,16.9276,0,0,5439,5420959880
312.589,3.19909,47.2042,0,85,66,44,2760,10501,5.1316,166,16.9276,0,0,5439,5424159382
321.236,3.11298,47.2042,0,85,66,44,2760,10501,5.1316,166,16.9276,0,0,5439,5427272756
275.514,3.62958,47.2042,0,85,66,44,2760,10501,5.1316,166,16.9276,0,0,5439,5430902494
1593.3,0.627627,47.2042,0,85,66,44,2760,10501,5.1316,166,16.9276,0,0,5439,5431530284
379.256,2.63674,47.2042,0,85,66,44,2760,10501,5.1316,166,16.9276,0,0,5439,5434167421
307.478,3.25226,47.2042,0,85,66,44,2760,10501,5.1316,166,16.9276,0,0,5439,5437420021
539.233,1.85449,47.2042,0,85,66,44,2760,10501,5.1316,166,16.9276,0,0,5439,5439274968
323.528,3.09092,47.2042,0,85,66,44,2760,10501,5.1316,166,16.9276,0,0,5439,5442366293
383.174,2.60978,47.2042,0,85,66,44,2760,10501,5.1316,166,16.9276,0,0,5439,5444976189
374.562,2.66978,47.2042,0,85,66,44,2760,10501,5.1316,166,16.9276,0,0,5439,5447646327
335.64,2.97938,47.2042,0,85,66,44,2760,10501,5.1316,166,16.9276,0,0,5439,5450626004
273.691,3.65376,47.2042,0,85,66,44,2760,10501,5.1316,166,16.9276,0,0,5439,5454280070
385.263,2.59563,47.2042,0,85,66,44,2760,10501,5.1316,166,16.9276,0,0,5439,5456876167
611.726,1.63472,47.2042,0,85,66,44,2760,10501,5.1316,166,16.9276,0,0,5439,5458511126
342.493,2.91977,47.2042,0,85,66,44,2760,10501,5.1316,166,16.9276,0,0,5439,5461431234
363.171,2.75353,47.2042,0,85,66,44,2760,10501,5.1316,166,16.9276,0,0,5439,5464185057
459.217,2.17762,47.2042,0,85,66,44,2760,10501,5.1316,166,16.9276,0,0,5439,5466363112
253.15,3.95023,47.2042,0,85,66,44,2760,10501,5.1316,166,16.9276,0,0,5439,5470313610
452.29,2.21097,47.2042,0,85,66,44,2760,10501,5.1316,166,16.9276,0,0,5439,5472524896
350.264,2.85499,47.2042,0,85,66,44,2760,10501,5.1316,166,16.9276,0,0,5439,5475380223
517.844,1.93108,47.2042,0,85,66,44,2760,10501,5.1316,166,16.9276,0,0,5439,5477311663
264.183,3.78525,47.2042,0,85,66,44,2760,10501,5.1316,166,16.9276,0,0,5439,5481097223
523.561,1.91,47.2042,0,85,66,44,2760,10501,5.1316,166,16.9276,0,0,5439,5483007557
475.102,2.10481,47.2042,0,85,66,44,2760,10501,5.1316,166,16.9276,0,0,5439,5485112666
298.113,3.35443,47.2042,0,85,66,44,2760,10501,5.1316,166,16.9276,0,0,5439,5488467539
475.336,2.10377,47.2042,0,85,66,44,2760,10501,5.1316,166,16.9276,0,0,5439,5490571735
273.496,3.65636,47.2042,0,85,66,44,2760,10501,5.1316,166,16.9276,0,0,5439,5494228387
397.945,2.51291,47.2042,0,85,66,44,2760,10501,5.1316,166,16.9276,0,0,5439,5496741712
464.814,2.1514,47.2042,0,85,66,44,2760,10501,5.1316,166,16.9276,0,0,5439,5498893429
344.46,2.9031,47.2042,0,85,66,44,2760,10501,5.1316,166,16.9276,0,0,5439,5501796998
289.02,3.45997,47.2042,0,85,66,44,2760,10501,5.1316,166,16.9276,0,0,5439,5505257220
203.528,4.91334,47.2042,0,85,66,44,2760,10501,5.1316,166,16.9276,0,0,5439,5510170924
675.022,1.48143,47.2042,0,85,66,44,2760,10501,5.1316,166,16.9276,0,0,5439,5511652734
398.102,2.51192,47.2042,0,85,66,44,2760,10501,5.1316,166,16.9276,0,0,5439,5514164770
396.428,2.52253,47.2042,0,85,66,44,2760,10501,5.1316,166,16.9276,0,0,5439,5516687807
374.827,2.6679,47.2042,0,85,66,44,2760,10501,5.1316,166,16.9276,0,0,5439,5519355936
358.384,2.79031,47.2042,0,85,66,44,2760,10501,5.1316,166,16.9276,0,0,5439,5522146655
396.845,2.51987,47.2042,0,85,66,44,2760,10501,5.1316,166,16.9276,0,0,5439,5524666759
400.921,2.49426,47.2042,0,85,66,44,2760,10501,5.1316,166,16.9276,0,0,5439,5527161362
353.181,2.83141,47.2042,0,85,66,44,2760,10501,5.1316,166,16.9276,0,0,5439,5529993054
367.688,2.7197,47.2042,0,85,66,44,2760,10501,5.1316,166,16.9276,0,0,5439,5532713049
329.976,3.03052,47.2042,0,85,66,44,2760,10501,5.1316,166,16.9276,0,0,5439,5535743873
505.046,1.98002,47.2042,0,85,66,44,2760,10501,5.1316,166,16.9276,0,0,5439,5537724199
342.344,2.92104,47.2042,0,85,66,44,2760,10501,5.1316,166,16.9276,0,0,5439,5540645567
357.035,2.80084,47.2042,0,85,66,44,2760,10501,5.1316,166,16.9276,0,0,5439,5543446776
393.938,2.53847,47.2042,0,85,66,44,2760,10501,5.1316,166,16.9276,0,0,5439,5545985641
307.597,3.251,47.2042,0,85,66,44,2760,10501,5.1316,166,16.9276,0,0,5439,5549236789
480.975,2.07911,47.2042,0,85,66,44,2760,10501,5.1316,166,16.9276,0,0,5439,5551316205
362.221,2.76075,47.2042,0,85,66,44,2760,10501,5.1316,166,16.9276,0,0,5439,5554077539
362.292,2.76021,47.2042,0,85,66,44,2760,10501,5.1316,166,16.9276,0,0,5439,5556837834
300.153,3.33163,47.2042,0,85,66,44,2760,10501,5.1316,166,16.9276,0,0,5439,5560172696
385.419,2.59458,47.1354,0,85,66,44,2760,10501,5.13395,166,16.9298,0,0,5434,5562764783
318.445,3.14026,47.1354,0,85,66,44,2760,10501,5.13395,166,16.9298,0,0,5434,5565905620
601.191,1.66336,47.1354,0,85,66,44,2760,10501,5.13395,166,16.9298,0,0,5434,5567569041
333.041,3.00263,47.1354,0,85,66,44,2760,10501,5.13395,166,16.9298,0,0,5434,5570572162
386.697,2.586,47.1354,0,85,66,44,2760,10501,5.13395,166,16.9298,0,0,5434,5573158383
204.149,4.89839,47.1354,0,85,66,44,2760,10501,5.13395,166,16.9298,0,0,5434,5578057433
1993.45,0.501642,47.1354,0,85,66,44,2760,10501,5.13395,166,16.9298,0,0,5434,5578559219
356.848,2.80231,47.1354,0,85,66,44,2760,10501,5.13395,166,16.9298,0,0,5434,5581362112
390.036,2.56386,47.1354,0,85,66,44,2760,10501,5.13395,166,16.9298,0,0,5434,5583931035
357.968,2.79355,47.1354,0,85,66,44,2760,10501,5.13395,166,16.9298,0,0,5434,5586719975
284.025,3.52081,47.1354,0,85,66,44,2760,10501,5.13395,166,16.9298,0,0,5434,5590241171
440.094,2.27224,47.1354,0,85,66,44,2760,10501,5.13395,166,16.9298,0,0,5434,5592513661
368.74,2.71194,47.1354,0,85,66,44,2760,10501,5.13395,166,16.9298,0,0,5434,5595225935
259.325,3.85616,47.1354,0,85,66,44,2760,10501,5.13395,166,16.9298,0,0,5434,5599082584
882.149,1.1336,47.1354,0,85,66,44,2760,10501,5.13395,166,16.9298,0,0,5434,5600216353
294.626,3.39413,47.1354,0,85,66,44,2760,10501,5.13395,166,16.9298,0,0,5434,5603610823
567.15,1.7632,47.1354,0,85,66,44,2760,10501,5.13395,166,16.9298,0,0,5434,5605374392
330.629,3.02453,47.1354,0,85,66,44,2760,10501,5.13395,166,16.9298,0,0,5434,5608399186
413.165,2.42034,47.1354,0,85,66,44,2760,10501,5.13395,166,16.9298,0,0,5434,5610819855
344.162,2.90561,47.1354,0,85,66,44,2760,10501,5.13395,166,16.9298,0,0,5434,5613725827
368.558,2.71327,47.1354,0,85,66,44,2760,10501,5.13395,166,16.9298,0,0,5434,5616439640
372.056,2.68776,47.1354,0,85,66,44,2760,10501,5.13395,166,16.9298,0,0,5434,5619127577
333.511,2.9984,47.1354,0,85,66,44,2760,10501,5.13395,166,16.9298,0,0,5434,5622126274
551.472,1.81333,47.1354,0,85,66,44,2760,10501,5.13395,166,16.9298,0,0,5434,5623939999
365.454,2.73632,47.1354,0,85,66,44,2760,10501,5.13395,166,16.9298,0,0,5434,5626676562
386.191,2.5894,47.1354,0,85,66,44,2760,10501,5.13395,166,16.9298,0,0,5434,5629266313
366.003,2.73222,47.1354,0,85,66,44,2760,10501,5.13395,166,16.9298,0,0,5434,5631998818
346.113,2.88923,47.1354,0,85,66,44,2760,10501,5.13395,166,16.9298,0,0,5434,5634888339
351.673,2.84355,47.1354,0,85,66,44,2760,10501,5.13395,166,16.9298,0,0,5434,5637732233
362.583,2.75799,47.1354,0,85,66,44,2760,10501,5.13395,166,16.9298,0,0,5434,5640490537
334.031,2.99374,47.1354,0,85,66,44,2760,10501,5.13395,166,16.9298,0,0,5434,5643484551
437.153,2.28753,47.1354,0,85,66,44,2760,10501,5.13395,166,16.9298,0,0,5434,5645772523
389.988,2.56418,47.1354,0,85,66,44,2760,10501,5.13395,166,16.9298,0,0,5434,5648337090
339.307,2.94719,47.1354,0,85,66,44,2760,10501,5.13395,166,16.9298,0,0,5434,5651284660
363.088,2.75415,47.1354,0,85,66,44,2760,10501,5.13395,166,16.9298,0,0,5434,5654039244
383.53,2.60736,47.1354,0,85,66,44,2760,10501,5.13395,166,16.9298,0,0,5434,5656647024
352.839,2.83415,47.1354,0,85,66,44,2760,10501,5.13395,166,16.9298,0,0,5434,5659481302
386.311,2.58859,47.1354,0,85,66,44,2760,10501,5.13395,166,16.9298,0,0,5434,5662070264
357.802,2.79485,47.1354,0,85,66,44,2760,10501,5.13395,166,16.9298,0,0,5434,5664865455
318.879,3.13599,47.1354,0,85,66,44,2760,10501,5.13395,166,16.9298,0,0,5434,5668001762
443.289,2.25586,47.1354,0,85,66,44,2760,10501,5.13395,166,16.9298,0,0,5434,5670257906
346.223,2.88831,47.1354,0,85,66,44,2760,10501,5.13395,166,16.9298,0,0,5434,5673146570
361.224,2.76836,47.1354,0,85,66,44,2760,10501,5.13395,166,16.9298,0,0,5434,5675915356
309.402,3.23204,47.1354,0,85,66,44,2760,10501,5.13395,166,16.9298,0,0,5434,5679147763
605.158,1.65246,47.1354,0,85,66,44,2760,10501,5.13395,166,16.9298,0,0,5434,5680800463
190.231,5.25677,47.1354,0,85,66,44,2760,10501,5.13395,166,16.9298,0,0,5434,5686057688
436.26,2.29221,47.1354,0,85,66,44,2760,10501,5.13395,166,16.9298,0,0,5434,5688350092
376.684,2.65474,47.1354,0,85,66,44,2760,10501,5.13395,166,16.9298,0,0,5434,5691005249
376.5,2.65604,47.1354,0,85,66,44,2760,10501,5.13395,166,16.9298,0,0,5434,5693661675
346.344,2.8873,47.1354,0,85,66,44,2760,10501,5.13395,166,16.9298,0,0,5434,5696549186
513.872,1.94601,47.1354,0,85,66,44,2760,10501,5.13395,166,16.9298,0,0,5434,5698495646
455.709,2.19438,47.1354,0,85,66,44,2760,10501,5.13395,166,16.9298,0,0,5434,5700690268
361.893,2.76325,47.1354,0,85,66,44,2760,10501,5.13395,166,16.9298,0,0,5434,5703453938
205.281,4.87137,47.1354,0,85,66,44,2760,10501,5.13395,166,16.9298,0,0,5434,5708325842
407.457,2.45425,47.1354,0,85,66,44,2760,10501,5.13395,166,16.9298,0,0,5434,5710780550
278.494,3.59074,47.1354,0,85,66,44,2760,10501,5.13395,166,16.9298,0,0,5434,5714371517
326.385,3.06386,47.1354,0,85,66,44,2760,10501,5.13395,166,16.9298,0,0,5434,5717435832
490.489,2.03878,47.1354,0,85,66,44,2760,10501,5.13395,166,16.9298,0,0,5434,5719474814
716.98,1.39474,47.1354,0,85,66,44,2760,10501,5.13395,166,16.9298,0,0,5434,5720869909
331.557,3.01607,47.1354,0,85,66,44,2760,10501,5.13395,166,16.9298,0,0,5434,5723886444
256.886,3.89278,47.1354,0,85,66,44,2760,10501,5.13395,166,16.9298,0,0,5434,5727779738
1565.36,0.63883,47.1354,0,85,66,44,2760,10501,5.13395,166,16.9298,0,0,5434,5728418712
357.294,2.79882,47.1354,0,85,66,44,2760,10501,5.13395,166,16.9298,0,0,5434,5731217902
310.981,3.21563,47.1354,0,85,66,44,2760,10501,5.13395,166,16.9298,0,0,5434,5734433732
488.898,2.04541,47.1354,0,85,66,44,2760,10501,5.13395,166,16.9298,0,0,5434,5736479503
298.233,3.35308,47.1354,0,85,66,44,2760,10501,5.13395,166,16.9298,0,0,5434,5739832866
489.144,2.04439,47.1354,0,85,66,44,2760,10501,5.13395,166,16.9298,0,0,5434,5741877559
250.622,3.99007,47.1354,0,85,66,44,2760,10501,5.13395,166,16.9298,0,0,5434,5745868261
203.585,4.91196,47.1354,0,85,66,44,2760,10501,5.13395,166,16.9298,0,0,5434,5750780552
339.645,2.94425,47.1354,0,85,66,44,2760,10501,5.13395,166,16.9298,0,0,5434,5753725170
2028.37,0.493007,47.1354,0,85,66,44,2760,10501,5.13395,166,16.9298,0,0,5434,5754218254
232.441,4.30216,47.1354,0,85,66,44,2760,10501,5.13395,166,16.9298,0,0,5434,5758521063
1638.85,0.610184,47.1354,0,85,66,44,2760,10501,5.13395,166,16.9298,0,0,5434,5759131487
413.584,2.41789,47.1354,0,85,66,44,2760,10501,5.13395,166,16.9298,0,0,5434,5761549703
274.354,3.64492,47.1354,0,85,66,44,2760,10501,5.13395,166,16.9298,0,0,5434,5765194855
464.61,2.15234,47.1354,0,85,66,44,2760,10501,5.13395,166,16.9298,0,0,5434,5767347687
488.749,2.04604,47.1354,0,85,66,44,2760,10501,5.13395,166,16.9298,0,0,5434,5769394025
390.352,2.56179,47.1354,0,85,66,44,2760,10501,5.13395,166,16.9298,0,0,5434,5771956179
327.155,3.05665,47.1354,0,85,66,44,2760,10501,5.13395,166,16.9298,0,0,5434,5775013051
267.743,3.73492,47.1354,0,85,66,44,2760,10501,5.13395,166,16.9298,0,0,5434,5778748446
300.369,3.32924,47.1354,0,85,66,44,2760,10501,5.13395,166,16.9298,0,0,5434,5782078164
846.919,1.18075,47.1354,0,85,66,44,2760,10501,5.13395,166,16.9298,0,0,5434,5783259060
380.722,2.62659,47.1354,0,85,66,44,2760,10501,5.13395,166,16.9298,0,0,5434,5785885994
297.236,3.36434,47.1354,0,85,66,44,2760,10501,5.13395,166,16.9298,0,0,5434,5789250627
468.069,2.13644,47.1354,0,85,66,44,2760,10501,5.13395,166,16.9298,0,0,5434,5791387353
341.609,2.92732,47.1354,0,85,66,44,2760,10501,5.13395,166,16.9298,0,0,5434,5794315125
380.265,2.62974,47.1354,0,85,66,44,2760,10501,5.13395,166,16.9298,0,0,5434,5796945184
341.077,2.93189,47.1354,0,85,66,44,2760,10501,5.13395,166,16.9298,0,0,5434,5799877293
503.208,1.98725,47.1354,0,85,66,44,2760,10501,5.13395,166,16.9298,0,0,5434,5801864860
266.002,3.75938,47.1354,0,85,66,44,2760,10501,5.13395,166,16.9298,0,0,5434,5805624640
235.514,4.24604,47.1354,0,85,66,44,2760,10501,5.13395,166,16.9298,0,0,5434,5809871476
1137.54,0.879088,47.1354,0,85,66,44,2760,10501,5.13395,166,16.9298,0,0,5434,5810750688
445.341,2.24547,47.1354,0,85,66,44,2760,10501,5.13395,166,16.9298,0,0,5434,5812996552
342.506,2.91966,47.1354,0,85,66,44,2760,10501,5.13395,166,16.9298,0,0,5434,5815916458
378.596,2.64134,47.1354,0,85,66,44,2760,10501,5.13395,166,16.9298,0,0,5434,5818558105
173.367,5.76813,47.1354,0,85,66,44,2760,10501,5.13395,166,16.9298,0,0,5434,5824326847
297.608,3.36012,47.1354,0,85,66,44,2760,10501,5.13395,166,16.9298,0,0,5434,5827687028
552.999,1.80832,47.1354,0,85,66,44,2760,10501,5.13395,166,16.9298,0,0,5434,5829495858
868.417,1.15152,47.1354,0,85,66,44,2760,10501,5.13395,166,16.9298,0,0,5434,5830647570
233.144,4.2892,47.1354,0,85,66,44,2760,10501,5.13395,166,16.9298,0,0,5434,5834937215
321.709,3.1084,47.1354,0,85,66,44,2760,10501,5.13395,166,16.9298,0,0,5434,5838045819
558.944,1.78909,47.1354,0,85,66,44,2760,10501,5.13395,166,16.9298,0,0,5434,5839835216
462.669,2.16137,47.1354,0,85,66,44,2760,10501,5.13395,166,16.9298,0,0,5434,5841996953
444.901,2.24769,47.1354,0,85,66,44,2760,10501,5.13395,166,16.9298,0,0,5434,5844244826
423.677,2.36029,47.1354,0,85,66,44,2760,10501,5.13395,166,16.9298,0,0,5434,5846605425
211.829,4.72079,47.1354,0,85,66,44,2760,10501,5.13395,166,16.9298,0,0,5434,5851326892
424.308,2.35678,47.1354,0,85,66,44,2760,10501,5.13395,166,16.9298,0,0,5434,5853684048
358.365,2.79045,47.1354,0,85,66,44,2760,10501,5.13395,166,16.9298,0,0,5434,5856474902
317.502,3.14959,47.1354,0,85,66,44,2760,10501,5.13395,166,16.9298,0,0,5434,5859624758
283.928,3.52202,47.1354,0,85,66,44,2760,10501,5.13395,166,16.9298,0,0,5434,5863147425
740.42,1.35058,47.1354,0,85,66,44,2760,10501,5.13395,166,16.9298,0,0,5434,5864498403
289.509,3.45413,47.1354,0,85,66,44,2760,10501,5.13395,166,16.9298,0,0,5434,5867952846
567.605,1.76179,47.1354,0,85,66,44,2760,10501,5.13395,166,16.9298,0,0,5434,5869715165
202.26,4.94414,47.1354,0,85,66,44,2760,10501,5.13395,166,16.9298,0,0,5434,5874659553
326.141,3.06616,47.1354,0,85,66,44,2760,10501,5.13395,166,16.9298,0,0,5434,5877726310
505.674,1.97756,47.1354,0,85,66,44,2760,10501,5.13395,166,16.9298,0,0,5434,5879704483
1649.14,0.606376,47.1354,0,85,66,44,2760,10501,5.13395,166,16.9298,0,0,5434,5880310590
168.335,5.94055,47.1354,0,85,66,44,2760,10501,5.13395,166,16.9298,0,0,5434,5886251857
1268.64,0.788248,47.1354,0,85,66,44,2760,10501,5.13395,166,16.9298,0,0,5434,5887040288
495.582,2.01783,47.1354,0,85,66,44,2760,10501,5.13395,166,16.9298,0,0,5434,5889058596
417.662,2.39428,47.1354,0,85,66,44,2760,10501,5.13395,166,16.9298,0,0,5434,5891453225
368.936,2.71049,47.1354,0,85,66,44,2760,10501,5.13395,166,16.9298,0,0,5434,5894163951
196.641,5.0854,47.1354,0,85,66,44,2760,10501,5.13395,166,16.9298,0,0,5434,5899249891
515.794,1.93876,47.1354,0,85,66,44,2760,10501,5.13395,166,16.9298,0,0,5434,5901188851
663.382,1.50743,47.1354,0,85,66,44,2760,10501,5.13395,166,16.9298,0,0,5434,5902696421
218.394,4.57889,47.1354,0,85,66,44,2760,10501,5.13395,166,16.9298,0,0,5434,5907276210
449.709,2.22366,47.1354,0,85,66,44,2760,10501,5.13395,166,16.9298,0,0,5434,5909499862
554.051,1.80489,47.1354,0,85,66,44,2760,10501,5.13395,166,16.9298,0,0,5434,5911305192
250.557,3.99111,47.1354,0,85,66,44,2760,10501,5.13395,166,16.9298,0,0,5434,5915296769
415.604,2.40614,47.1354,0,85,66,44,2760,10501,5.13395,166,16.9298,0,0,5434,5917703071
368.107,2.7166,47.1354,0,85,66,44,2760,10501,5.13395,166,16.9298,0,0,5434,5920420153
344.832,2.89996,47.1354,0,85,66,44,2760,10501,5.13395,166,16.9298,0,0,5434,5923320299
585.25,1.70867,47.1354,0,85,66,44,2760,10501,5.13395,166,16.9298,0,0,5434,5925029299
373.92,2.67437,47.1354,0,85,66,44,2760,10501,5.13395,166,16.9298,0,0,5434,5927704023
217.195,4.60417,47.1354,0,85,66,44,2760,10501,5.13395,166,16.9298,0,0,5434,5932308717
960.654,1.04096,47.1354,0,85,66,44,2760,10501,5.13395,166,16.9298,0,0,5434,5933349829
394.337,2.5359,47.1354,0,85,66,44,2760,10501,5.13395,166,16.9298,0,0,5434,5935886097
347.516,2.87757,47.1354,0,85,66,44,2760,10501,5.13395,166,16.9298,0,0,5434,5938764108
283.033,3.53316,47.1354,0,85,66,44,2760,10501,5.13395,166,16.9298,0,0,5434,5942297486
572.28,1.7474,47.1354,0,85,66,44,2760,10501,5.13395,166,16.9298,0,0,5434,5944045180
302.416,3.3067,47.1354,0,85,66,44,2760,10501,5.13395,166,16.9298,0,0,5434,5947352234
415.879,2.40454,47.1354,0,85,66,44,2760,10501,5.13395,166,16.9298,0,0,5434,5949757199
385.502,2.59402,47.1354,0,85,66,44,2760,10501,5.13395,166,16.9298,0,0,5434,5952351729
198.664,5.03363,47.1354,0,85,66,44,2760,10501,5.13395,166,16.9298,0,0,5434,5957385851
418.416,2.38997,47.1354,0,85,66,44,2760,10501,5.13395,166,16.9298,0,0,5434,5959776133
380.939,2.62509,47.1354,0,85,66,44,2760,10501,5.13395,166,16.9298,0,0,5434,5962401548
519.637,1.92442,47.1354,0,85,66,44,2760,10501,5.13395,166,16.9298,0,0,5434,5964326306
202.74,4.93243,47.1354,0,85,66,44,2760,10501,5.13395,166,16.9298,0,0,5434,5969259376
888.745,1.12518,47.1354,0,85,66,44,2760,10501,5.13395,166,16.9298,0,0,5434,5970384760
333.473,2.99875,47.1354,0,85,66,44,2760,10501,5.13395,166,16.9298,0,0,5434,5973383861
469.576,2.12958,47.1354,0,85,66,44,2760,10501,5.13395,166,16.9298,0,0,5434,5975513856
315.621,3.16836,47.1354,0,85,66,44,2760,10501,5.13395,166,16.9298,0,0,5434,5978682664
369.612,2.70554,47.1354,0,85,66,44,2760,10501,5.13395,166,16.9298,0,0,5434,5981388688
566.18,1.76622,47.1354,0,85,66,44,2760,10501,5.13395,166,16.9298,0,0,5434,5983155248
304.227,3.28701,47.1354,0,85,66,44,2760,10501,5.13395,166,16.9298,0,0,5434,5986442628
372.659,2.68342,47.1354,0,85,66,44,2760,10501,5.13395,166,16.9298,0,0,5434,5989126353
386.294,2.5887,47.1354,0,85,66,44,2760,10501,5.13395,166,16.9298,0,0,5434,5991715305
183.786,5.44112,47.1354,0,85,66,44,2760,10501,5.13395,166,16.9298,0,0,5434,5997157248
434.169,2.30325,47.1354,0,85,66,44,2760,10501,5.13395,166,16.9298,0,0,5434,5999460509
227.696,4.39183,47.1354,0,85,66,44,2760,10501,5.13395,166,16.9298,0,0,5434,6003853186
2219.45,0.450563,47.1354,0,85,66,44,2760,10501,5.13395,166,16.9298,0,0,5434,6004303422
408.057,2.45064,47.1354,0,85,66,44,2760,10501,5.13395,166,16.9298,0,0,5434,6006754543
335.575,2.97996,47.1354,0,85,66,44,2760,10501,5.13395,166,16.9298,0,0,5434,6009734826
434.323,2.30243,47.1354,0,85,66,44,2760,10501,5.13395,166,16.9298,0,0,5434,6012037673
291.254,3.43343,47.1354,0,85,66,44,2760,10501,5.13395,166,16.9298,0,0,5434,6015471519
544.091,1.83793,47.1354,0,85,66,44,2760,10501,5.13395,166,16.9298,0,0,5434,6017309841
318.618,3.13856,47.1354,0,85,66,44,2760,10501,5.13395,166,16.9298,0,0,5434,6020448735
172.799,5.78707,47.1354,0,85,66,44,2760,10501,5.13395,166,16.9298,0,0,5434,6026236430
749.621,1.33401,47.1354,0,85,66,44,2760,10501,5.13395,166,16.9298,0,0,5434,6027570754
436.597,2.29044,47.1354,0,85,66,44,2760,10501,5.13395,166,16.9298,0,0,5434,6029861427
371.951,2.68852,47.1354,0,85,66,44,2760,10501,5.13395,166,16.9298,0,0,5434,6032550470
642.16,1.55725,47.1354,0,85,66,44,2760,10501,5.13395,166,16.9298,0,0,5434,6034107792
362.927,2.75537,47.1354,0,85,66,44,2760,10501,5.13395,166,16.9298,0,0,5434,6036863673
256.54,3.89804,47.1354,0,85,66,44,2760,10501,5.13395,166,16.9298,0,0,5434,6040762247
516.337,1.93672,47.1354,0,85,66,44,2760,10501,5.13395,166,16.9298,0,0,5434,6042699187
361.379,2.76718,47.1354,0,85,66,44,2760,10501,5.13395,166,16.9298,0,0,5434,6045466675
318.558,3.13914,47.1354,0,85,66,44,2760,10501,5.13395,166,16.9298,0,0,5434,6048606126
313.575,3.18903,47.1354,0,85,66,44,2760,10501,5.13395,166,16.9298,0,0,5434,6051795619
276.573,3.61568,47.1354,0,85,66,44,2760,10501,5.13395,166,16.9298,0,0,5434,6055411519
341.408,2.92905,47.1354,0,85,66,44,2760,10501,5.13395,166,16.9298,0,0,5434,6058341022
336.871,2.96849,47.1354,0,85,66,44,2760,10501,5.13395,166,16.9298,0,0,5434,6061311891
459.533,2.17612,48.8312,0,85,67,44,2760,10501,5.13395,166,16.9365,0,0,5430,6063486743
473.721,2.11095,48.8312,0,85,67,44,2760,10501,5.13395,166,16.9365,0,0,5430,6065597776
618.578,1.61661,48.8312,0,85,67,44,2760,10501,5.13395,166,16.9365,0,0,5430,6067214734
326.767,3.06029,48.8312,0,85,67,44,2760,10501,5.13395,166,16.9365,0,0,5430,6070275491
292.255,3.42167,48.8312,0,85,67,44,2760,10501,5.13395,166,16.9365,0,0,5430,6073697530
382.257,2.61604,48.8312,0,85,67,44,2760,10501,5.13395,166,16.9365,0,0,5430,6076313752
258.997,3.86104,48.8312,0,85,67,44,2760,10501,5.13395,166,16.9365,0,0,5430,6080175104
684.008,1.46197,48.8312,0,85,67,44,2760,10501,5.13395,166,16.9365,0,0,5430,6081637365
213.603,4.68158,48.8312,0,85,67,44,2760,10501,5.13395,166,16.9365,0,0,5430,6086319407
350.844,2.85027,48.8312,0,85,67,44,2760,10501,5.13395,166,16.9365,0,0,5430,6089170128
814.809,1.22728,48.8312,0,85,67,44,2760,10501,5.13395,166,16.9365,0,0,5430,6090397650
272.551,3.66904,48.8312,0,85,67,44,2760,10501,5.13395,166,16.9365,0,0,5430,6094067101
702.138,1.42422,48.8312,0,85,67,44,2760,10501,5.13395,166,16.9365,0,0,5430,6095491504
510.31,1.95959,48.8312,0,85,67,44,2760,10501,5.13395,166,16.9365,0,0,5430,6097451378
315.871,3.16585,48.8312,0,85,67,44,2760,10501,5.13395,166,16.9365,0,0,5430,6100617581
382.609,2.61364,48.8312,0,85,67,44,2760,10501,5.13395,166,16.9365,0,0,5430,6103231525
211.291,4.73281,48.8312,0,85,67,44,2760,10501,5.13395,166,16.9365,0,0,5430,6107964675
895.379,1.11685,48.8312,0,85,67,44,2760,10501,5.13395,166,16.9365,0,0,5430,6109081789
231.465,4.32031,48.8312,0,85,67,44,2760,10501,5.13395,166,16.9365,0,0,5430,6113402445
667.586,1.49794,48.8312,0,85,67,44,2760,10501,5.13395,166,16.9365,0,0,5430,6114900610
593.32,1.68543,48.8312,0,85,67,44,2760,10501,5.13395,166,16.9365,0,0,5430,6116586513
297.335,3.36321,48.8312,0,85,67,44,2760,10501,5.13395,166,16.9365,0,0,5430,6119950021
305.415,3.27424,48.8312,0,85,67,44,2760,10501,5.13395,166,16.9365,0,0,5430,6123224583
557.744,1.79294,48.8312,0,85,67,44,2760,10501,5.13395,166,16.9365,0,0,5430,6125017701
312.279,3.20226,48.8312,0,85,67,44,2760,10501,5.13395,166,16.9365,0,0,5430,6128220377
515.856,1.93853,48.8312,0,85,67,44,2760,10501,5.13395,166,16.9365,0,0,5430,6130159336
217.143,4.60525,48.8312,0,85,67,44,2760,10501,5.13395,166,16.9365,0,0,5430,6134766799
666.277,1.50088,48.8312,0,85,67,44,2760,10501,5.13395,166,16.9365,0,0,5430,6136266744
386.069,2.59021,48.8312,0,85,67,44,2760,10501,5.13395,166,16.9365,0,0,5430,6138857274
392.474,2.54794,48.8312,0,85,67,44,2760,10501,5.13395,166,16.9365,0,0,5430,6141405629
371.148,2.69434,48.8312,0,85,67,44,2760,10501,5.13395,166,16.9365,0,0,5430,6144100229
269.2,3.71471,48.8312,0,85,67,44,2760,10501,5.13395,166,16.9365,0,0,5430,6147815345
513.173,1.94866,48.8312,0,85,67,44,2760,10501,5.13395,166,16.9365,0,0,5430,6149764285
419.075,2.3862,48.8312,0,85,67,44,2760,10501,5.13395,166,16.9365,0,0,5430,6152150991
331.14,3.01987,48.8312,0,85,67,44,2760,10501,5.13395,166,16.9365,0,0,5430,6155171141
299.502,3.33887,48.8312,0,85,67,44,2760,10501,5.13395,166,16.9365,0,0,5430,6158510349
278.239,3.59403,48.8312,0,85,67,44,2760,10501,5.13395,166,16.9365,0,0,5430,6162104817
632.628,1.58071,48.8312,0,85,67,44,2760,10501,5.13395,166,16.9365,0,0,5430,6163685706
396.635,2.52121,48.8312,0,85,67,44,2760,10501,5.13395,166,16.9365,0,0,5430,6166207311
450.513,2.21969,48.8312,0,85,67,44,2760,10501,5.13395,166,16.9365,0,0,5430,6168427414
257.719,3.8802,48.8312,0,85,67,44,2760,10501,5.13395,166,16.9365,0,0,5430,6172307920
593.811,1.68404,48.8312,0,85,67,44,2760,10501,5.13395,166,16.9365,0,0,5430,6173992198
360.644,2.77281,48.8312,0,85,67,44,2760,10501,5.13395,166,16.9365,0,0,5430,6176765522
329.069,3.03887,48.8312,0,85,67,44,2760,10501,5.13395,166,16.9365,0,0,5430,6179804615
443.732,2.25361,48.8312,0,85,67,44,2760,10501,5.13395,166,16.9365,0,0,5430,6182058662
331.41,3.01741,48.8312,0,85,67,44,2760,10501,5.13395,166,16.9365,0,0,5430,6185076437
283.263,3.53029,48.8312,0,85,67,44,2760,10501,5.13395,166,16.9365,0,0,5430,6188606931
630.29,1.58657,48.8312,0,85,67,44,2760,10501,5.13395,166,16.9365,0,0,5430,6190193753
248.767,4.01983,48.8312,0,85,67,44,2760,10501,5.13395,166,16.9365,0,0,5430,6194214062
424.659,2.35483,48.8312,0,85,67,44,2760,10501,5.13395,166,16.9365,0,0,5430,6196569113
666.213,1.50102,48.8312,0,85,67,44,2760,10501,5.13395,166,16.9365,0,0,5430,6198070442
371.405,2.69248,48.8312,0,85,67,44,2760,10501,5.13395,166,16.9365,0,0,5430,6200763437
368.803,2.71147,48.8312,0,85,67,44,2760,10501,5.13395,166,16.9365,0,0,5430,6203475268
305.985,3.26813,48.8312,0,85,67,44,2760,10501,5.13395,166,16.9365,0,0,5430,6206743773
530.421,1.8853,48.8312,0,85,67,44,2760,10501,5.13395,166,16.9365,0,0,5430,6208629279
393.283,2.5427,48.8312,0,85,67,44,2760,10501,5.13395,166,16.9365,0,0,5430,6211172278
195.87,5.10542,48.8312,0,85,67,44,2760,10501,5.13395,166,16.9365,0,0,5430,6216278036
472.602,2.11595,48.8312,0,85,67,44,2760,10501,5.13395,166,16.9365,0,0,5430,6218394473
413.303,2.41953,48.8312,0,85,67,44,2760,10501,5.13395,166,16.9365,0,0,5430,6220814333
581.965,1.71832,48.8312,0,85,67,44,2760,10501,5.13395,166,16.9365,0,0,5430,6222532988
168.241,5.94385,48.8312,0,85,67,44,2760,10501,5.13395,166,16.9365,0,0,5430,6228477072
1180.12,0.847375,48.8312,0,85,67,44,2760,10501,5.13395,166,16.9365,0,0,5430,6229324784
348.881,2.86631,48.8312,0,85,67,44,2760,10501,5.13395,166,16.9365,0,0,5430,6232191688
681.859,1.46658,48.8312,0,85,67,44,2760,10501,5.13395,166,16.9365,0,0,5430,6233658478
300.216,3.33093,48.8312,0,85,67,44,2760,10501,5.13395,166,16.9365,0,0,5430,6236989994
355.174,2.81552,48.8312,0,85,67,44,2760,10501,5.13395,166,16.9365,0,0,5430,6239805906
316.274,3.16182,48.8312,0,85,67,44,2760,10501,5.13395,166,16.9365,0,0,5430,6242968138
401.579,2.49017,48.8312,0,85,67,44,2760,10501,5.13395,166,16.9365,0,0,5430,6245458645
346.009,2.8901,48.8312,0,85,67,44,2760,10501,5.13395,166,16.9365,0,0,5430,6248349021
638.823,1.56538,48.8312,0,85,67,44,2760,10501,5.13395,166,16.9365,0,0,5430,6249914737
299.277,3.34139,48.8312,0,85,67,44,2760,10501,5.13395,166,16.9365,0,0,5430,6253256446
471.571,2.12057,48.8312,0,85,67,44,2760,10501,5.13395,166,16.9365,0,0,5430,6255377364
364.627,2.74253,48.8312,0,85,67,44,2760,10501,5.13395,166,16.9365,0,0,5430,6258120341
366.882,2.72567,48.8312,0,85,67,44,2760,10501,5.13395,166,16.9365,0,0,5430,6260846231
208.169,4.80379,48.8312,0,85,67,44,2760,10501,5.13395,166,16.9365,0,0,5430,6265650469
619.359,1.61457,48.8312,0,85,67,44,2760,10501,5.13395,166,16.9365,0,0,5430,6267265197
369.281,2.70797,48.8312,0,85,67,44,2760,10501,5.13395,166,16.9365,0,0,5430,6269973471
446.245,2.24092,48.8312,0,85,67,44,2760,10501,5.13395,166,16.9365,0,0,5430,6272214700
478.871,2.08824,48.8312,0,85,67,44,2760,10501,5.13395,166,16.9365,0,0,5430,6274303242
327.09,3.05727,48.8312,0,85,67,44,2760,10501,5.13395,166,16.9365,0,0,5430,6277360960
374.352,2.67128,48.8312,0,85,67,44,2760,10501,5.13395,166,16.9365,0,0,5430,6280032771
372.07,2.68767,48.8312,0,85,67,44,2760,10501,5.13395,166,16.9365,0,0,5430,6282720804
345.618,2.89337,48.8312,0,85,67,44,2760,10501,5.13395,166,16.9365,0,0,5430,6285614604
297.299,3.36361,48.8312,0,85,67,44,2760,10501,5.13395,166,16.9365,0,0,5430,6288978505
413.64,2.41756,48.8312,0,85,67,44,2760,10501,5.13395,166,16.9365,0,0,5430,6291396625
490.897,2.03709,48.8312,0,85,67,44,2760,10501,5.13395,166,16.9365,0,0,5430,6293433694
207.795,4.81243,48.8312,0,85,67,44,2760,10501,5.13395,166,16.9365,0,0,5430,6298246424
743.74,1.34456,48.8312,0,85,67,44,2760,10501,5.13395,166,16.9365,0,0,5430,6299591411
312.729,3.19766,48.8312,0,85,67,44,2760,10501,5.13395,166,16.9365,0,0,5430,6302789423
406.502,2.46002,48.8312,0,85,67,44,2760,10501,5.13395,166,16.9365,0,0,5430,6305249756
514.16,1.94492,48.8312,0,85,67,44,2760,10501,5.13395,166,16.9365,0,0,5430,6307194927
277.382,3.60513,48.8312,0,85,67,44,2760,10501,5.13395,166,16.9365,0,0,5430,6310800568
558.164,1.79159,48.8312,0,85,67,44,2760,10501,5.13395,166,16.9365,0,0,5430,6312592397
185.561,5.38907,48.8312,0,85,67,44,2760,10501,5.13395,166,16.9365,0,0,5430,6317981858
2112.29,0.47342,48.8312,0,85,67,44,2760,10501,5.13395,166,16.9365,0,0,5430,6318455547
177.905,5.62098,48.8312,0,85,67,44,2760,10501,5.13395,166,16.9365,0,0,5430,6324076861
383.949,2.60451,48.8312,0,85,67,44,2760,10501,5.13395,166,16.9365,0,0,5430,6326681795
815.429,1.22635,48.8312,0,85,67,44,2760,10501,5.13395,166,16.9365,0,0,5430,6327908558
606.946,1.64759,48.8312,0,85,67,44,2760,10501,5.13395,166,16.9365,0,0,5430,6329556411
343.37,2.91231,48.8312,0,85,67,44,2760,10501,5.13395,166,16.9365,0,0,5430,6332469029
317.207,3.15252,48.8312,0,85,67,44,2760,10501,5.13395,166,16.9365,0,0,5430,6335621895
481.501,2.07684,48.8312,0,85,67,44,2760,10501,5.13395,166,16.9365,0,0,5430,6337699080
374.146,2.67275,48.8312,0,85,67,44,2760,10501,5.13395,166,16.9365,0,0,5430,6340372151
395.46,2.5287,48.8312,0,85,67,44,2760,10501,5.13395,166,16.9365,0,0,5430,6342901198
305.279,3.27569,48.8312,0,85,67,44,2760,10501,5.13395,166,16.9365,0,0,5430,6346177221
449.238,2.22599,48.8312,0,85,67,44,2760,10501,5.13395,166,16.9365,0,0,5430,6348403614
274.033,3.6492,48.8312,0,85,67,44,2760,10501,5.13395,166,16.9365,0,0,5430,6352053131
315.847,3.16609,48.8312,0,85,67,44,2760,10501,5.13395,166,16.9365,0,0,5430,6355219603
601.905,1.66139,48.8312,0,85,67,44,2760,10501,5.13395,166,16.9365,0,0,5430,6356881178
418.885,2.38729,48.8312,0,85,67,44,2760,10501,5.13395,166,16.9365,0,0,5430,6359268797
340.345,2.93819,48.8312,0,85,67,44,2760,10501,5.13395,166,16.9365,0,0,5430,6362207290
411.538,2.42991,48.8312,0,85,67,44,2760,10501,5.13395,166,16.9365,0,0,5430,6364637526
328.843,3.04097,48.8312,0,85,67,44,2760,10501,5.13395,166,16.9365,0,0,5430,6367678783
450.285,2.22082,48.8312,0,85,67,44,2760,10501,5.13395,166,16.9365,0,0,5430,6369899877
400.222,2.49861,48.8312,0,85,67,44,2760,10501,5.13395,166,16.9365,0,0,5430,6372399038
176.359,5.67026,48.8312,0,85,67,44,2760,10501,5.13395,166,16.9365,0,0,5430,6378069469
719.834,1.38921,48.8312,0,85,67,44,2760,10501,5.13395,166,16.9365,0,0,5430,6379459228
260.725,3.83546,48.8312,0,85,67,44,2760,10501,5.13395,166,16.9365,0,0,5430,6383295030
512.015,1.95307,48.8312,0,85,67,44,2760,10501,5.13395,166,16.9365,0,0,5430,6385248336
449.462,2.22488,48.8312,0,85,67,44,2760,10501,5.13395,166,16.9365,0,0,5430,6387473709
443.008,2.2573,48.8312,0,85,67,44,2760,10501,5.13395,166,16.9365,0,0,5430,6389731305
465.627,2.14764,48.8312,0,85,67,44,2760,10501,5.13395,166,16.9365,0,0,5430,6391879348
345.305,2.89599,48.8312,0,85,67,44,2760,10501,5.13395,166,16.9365,0,0,5430,6394775551
215.861,4.63262,48.8312,0,85,67,44,2760,10501,5.13395,166,16.9365,0,0,5430,6399408698
597.146,1.67463,48.8312,0,85,67,44,2760,10501,5.13395,166,16.9365,0,0,5430,6401083351
627.623,1.59331,48.8312,0,85,67,44,2760,10501,5.13395,166,16.9365,0,0,5430,6402676991
262.04,3.81622,48.8312,0,85,67,44,2760,10501,5.13395,166,16.9365,0,0,5430,6406493667
489.676,2.04217,48.8312,0,85,67,44,2760,10501,5.13395,166,16.9365,0,0,5430,6408536092
328.122,3.04765,48.8312,0,85,67,44,2760,10501,5.13395,166,16.9365,0,0,5430,6411584012
224.442,4.4555,48.8312,0,85,67,44,2760,10501,5.13395,166,16.9365,0,0,5430,6416039893
1862.9,0.536797,48.8312,0,85,67,44,2760,10501,5.13395,166,16.9365,0,0,5430,6416577084
437.171,2.28743,48.8312,0,85,67,44,2760,10501,5.13395,166,16.9365,0,0,5430,6418864988
291.368,3.43209,48.8312,0,85,67,44,2760,10501,5.13395,166,16.9365,0,0,5430,6422297181
443.21,2.25627,48.8312,0,85,67,44,2760,10501,5.13395,166,16.9365,0,0,5430,6424553766
209.592,4.77118,48.8312,0,85,67,44,2760,10501,5.13395,166,16.9365,0,0,5430,6429325254
1687.6,0.592558,48.8312,0,85,67,44,2760,10501,5.13395,166,16.9365,0,0,5430,6429918140
271.161,3.68784,48.8312,0,85,67,44,2760,10501,5.13395,166,16.9365,0,0,5430,6433606350
277.334,3.60577,48.8312,0,85,67,44,2760,10501,5.13395,166,16.9365,0,0,5430,6437212731
824.506,1.21285,48.8312,0,85,67,44,2760,10501,5.13395,166,16.9365,0,0,5430,6438425888
197.997,5.05059,48.8312,0,85,67,44,2760,10501,5.13395,166,16.9365,0,0,5430,6443477183
460.569,2.17123,48.8312,0,85,67,44,2760,10501,5.13395,166,16.9365,0,0,5430,6445648593
2300.86,0.43462,48.8312,0,85,67,44,2760,10501,5.13395,166,16.9365,0,0,5430,6446083136
316.157,3.16298,48.8312,0,85,67,44,2760,10501,5.13395,166,16.9365,0,0,5430,6449246589
475.615,2.10254,48.8312,0,85,67,44,2760,10501,5.13395,166,16.9365,0,0,5430,6451349477
337.815,2.9602,48.8312,0,85,67,44,2760,10501,5.13395,166,16.9365,0,0,5430,6454309990
325.746,3.06987,48.8312,0,85,67,44,2760,10501,5.13395,166,16.9365,0,0,5430,6457380305
262.272,3.81284,48.8312,0,85,67,44,2760,10501,5.13395,166,16.9365,0,0,5430,6461193434
626.278,1.59674,48.8312,0,85,67,44,2760,10501,5.13395,166,16.9365,0,0,5430,6462790430
329.529,3.03463,48.8312,0,85,67,44,2760,10501,5.13395,166,16.9365,0,0,5430,6465825513
400.331,2.49793,48.8312,0,85,67,44,2760,10501,5.13395,166,16.9365,0,0,5430,6468323770
335.061,2.98453,48.8312,0,85,67,44,2760,10501,5.13395,166,16.9365,0,0,5430,6471308698
312.147,3.20362,48.8312,0,85,67,44,2760,10501,5.13395,166,16.9365,0,0,5430,6474512662
612.505,1.63264,48.8312,0,85,67,44,2760,10501,5.13395,166,16.9365,0,0,5430,6476145697
401.3,2.4919,48.8312,0,85,67,44,2760,10501,5.13395,166,16.9365,0,0,5430,6478638002
324.306,3.08351,48.8312,0,85,67,44,2760,10501,5.13395,166,16.9365,0,0,5430,6481722097
337.138,2.96615,48.8312,0,85,67,44,2760,10501,5.13395,166,16.9365,0,0,5430,6484688476
239.68,4.17224,48.8312,0,85,67,44,2760,10501,5.13395,166,16.9365,0,0,5430,6488861039
642.616,1.55614,48.8312,0,85,67,44,2760,10501,5.13395,166,16.9365,0,0,5430,6490417659
420.207,2.37978,48.8312,0,85,67,44,2760,10501,5.13395,166,16.9365,0,0,5430,6492797614
277.676,3.60131,48.8312,0,85,67,44,2760,10501,5.13395,166,16.9365,0,0,5430,6496399466
675.684,1.47998,48.8312,0,85,67,44,2760,10501,5.13395,166,16.9365,0,0,5430,6497879709
364.135,2.74624,48.8312,0,85,67,44,2760,10501,5.13395,166,16.9365,0,0,5430,6500626272
277.099,3.60882,48.8312,0,85,67,44,2760,10501,5.13395,166,16.9365,0,0,5430,6504235375
468.993,2.13223,48.8312,0,85,67,44,2760,10501,5.13395,166,16.9365,0,0,5430,6506368014
446.498,2.23965,48.8312,0,85,67,44,2760,10501,5.13395,166,16.9365,0,0,5430,6508607907
264.8,3.77643,48.8312,0,85,67,44,2760,10501,5.13395,166,16.9365,0,0,5430,6512384870
231.524,4.31921,48.8312,0,85,67,44,2760,10501,5.13395,166,16.9365,0,0,5430,6516704314
314.504,3.17961,48.8312,0,85,67,44,2760,10501,5.13395,166,16.9365,0,0,5430,6519884335
1402.82,0.71285,48.8312,0,85,67,44,2760,10501,5.13395,166,16.9365,0,0,5430,6520597368
472.804,2.11504,48.8312,0,85,67,44,2760,10501,5.13395,166,16.9365,0,0,5430,6522712795
349.337,2.86257,48.8312,0,85,67,44,2760,10501,5.13395,166,16.9365,0,0,5430,6525575796
414.795,2.41083,48.8312,0,85,67,44,2760,10501,5.13395,166,16.9365,0,0,5430,6527987002
344.905,2.89935,48.8312,0,85,67,44,2760,10501,5.13395,166,16.9365,0,0,5430,6530886580
275.622,3.62816,48.8312,0,85,67,44,2760,10501,5.13395,166,16.9365,0,0,5430,6534515203
426.817,2.34293,48.8312,0,85,67,44,2760,10501,5.13395,166,16.9365,0,0,5430,6536858436
295.134,3.38829,48.8312,0,85,67,44,2760,10501,5.13395,166,16.9365,0,0,5430,6540247175
403.647,2.47741,48.8312,0,85,67,44,2760,10501,5.13395,166,16.9365,0,0,5430,6542724749
527.149,1.897,48.8312,0,85,67,44,2760,10501,5.13395,166,16.9365,0,0,5430,6544622072
362.802,2.75632,48.8312,0,85,67,44,2760,10501,5.13395,166,16.9365,0,0,5430,6547378742
446.866,2.23781,48.8312,0,85,67,44,2760,10501,5.13395,166,16.9365,0,0,5430,6549616846
206.859,4.8342,48.8312,0,85,67,44,2760,10501,5.13395,166,16.9365,0,0,5430,6554451500
641.047,1.55995,48.8312,0,85,67,44,2760,10501,5.13395,166,16.9365,0,0,5430,6556011658
392.336,2.54884,48.8312,0,85,67,44,2760,10501,5.13395,166,16.9365,0,0,5430,6558560840
405.56,2.46573,48.8312,0,85,67,44,2760,10501,5.13395,166,16.9365,0,0,5430,6561026856
418.004,2.39232,48.8312,0,85,67,44,2760,10501,5.13395,166,16.9365,0,0,5430,6563421821
340.122,2.94012,48.9004,0,86,67,44,2760,10501,5.13668,166,16.9689,0,0,5431,6566359987
304.644,3.28252,48.9004,0,86,67,44,2760,10501,5.13668,166,16.9689,0,0,5431,6569642848
389.761,2.56567,48.9004,0,86,67,44,2760,10501,5.13668,166,16.9689,0,0,5431,6572208954
400.01,2.49994,48.9004,0,86,67,44,2760,10501,5.13668,166,16.9689,0,0,5431,6574709134
304.398,3.28517,48.9004,0,86,67,44,2760,10501,5.13668,166,16.9689,0,0,5431,6577994668
550.806,1.81552,48.9004,0,86,67,44,2760,10501,5.13668,166,16.9689,0,0,5431,6579810768
391.979,2.55115,48.9004,0,86,67,44,2760,10501,5.13668,166,16.9689,0,0,5431,6582361979
253.245,3.94874,48.9004,0,86,67,44,2760,10501,5.13668,166,16.9689,0,0,5431,6586311092
272.023,3.67615,48.9004,0,86,67,44,2760,10501,5.13668,166,16.9689,0,0,5431,6589987505
556.149,1.79808,48.9004,0,86,67,44,2760,10501,5.13668,166,16.9689,0,0,5431,6591785863
455.645,2.19469,48.9004,0,86,67,44,2760,10501,5.13668,166,16.9689,0,0,5431,6593980928
264.389,3.7823,48.9004,0,86,67,44,2760,10501,5.13668,166,16.9689,0,0,5431,6597763555
648.847,1.5412,48.9004,0,86,67,44,2760,10501,5.13668,166,16.9689,0,0,5431,6599305136
321.759,3.10791,48.9004,0,86,67,44,2760,10501,5.13668,166,16.9689,0,0,5431,6602413298
452.277,2.21104,48.9004,0,86,67,44,2760,10501,5.13668,166,16.9689,0,0,5431,6604624777
347.269,2.87962,48.9004,0,86,67,44,2760,10501,5.13668,166,16.9689,0,0,5431,6607504903
356.454,2.80541,48.9004,0,86,67,44,2760,10501,5.13668,166,16.9689,0,0,5431,6610310411
402.722,2.4831,48.9004,0,86,67,44,2760,10501,5.13668,166,16.9689,0,0,5431,6612794062
380.038,2.63132,48.9004,0,86,67,44,2760,10501,5.13668,166,16.9689,0,0,5431,6615425670
378.059,2.64509,48.9004,0,86,67,44,2760,10501,5.13668,166,16.9689,0,0,5431,6618071018
359.993,2.77783,48.9004,0,86,67,44,2760,10501,5.13668,166,16.9689,0,0,5431,6620849151
264.596,3.77935,48.9004,0,86,67,44,2760,10501,5.13668,166,16.9689,0,0,5431,6624628845
649.231,1.54028,48.9004,0,86,67,44,2760,10501,5.13668,166,16.9689,0,0,5431,6626169455
350.152,2.8559,48.9004,0,86,67,44,2760,10501,5.13668,166,16.9689,0,0,5431,6629025599
407.109,2.45634,48.9004,0,86,67,44,2760,10501,5.13668,166,16.9689,0,0,5431,6631482259
348.326,2.87087,48.9004,0,86,67,44,2760,10501,5.13668,166,16.9689,0,0,5431,6634353538
320.763,3.11757,48.9004,0,86,67,44,2760,10501,5.13668,166,16.9689,0,0,5431,6637471393
369.223,2.70839,48.9004,0,86,67,44,2760,10501,5.13668,166,16.9689,0,0,5431,6640180206
264.607,3.7792,48.9004,0,86,67,44,2760,10501,5.13668,166,16.9689,0,0,5431,6643959852
409.532,2.44181,48.9004,0,86,67,44,2760,10501,5.13668,166,16.9689,0,0,5431,6646401858
447.921,2.23254,48.9004,0,86,67,44,2760,10501,5.13668,166,16.9689,0,0,5431,6648634673
211.26,4.7335,48.9004,0,86,67,44,2760,10501,5.13668,166,16.9689,0,0,5431,6653368650
213.194,4.69056,48.9004,0,86,67,44,2760,10501,5.13668,166,16.9689,0,0,5431,6658059626
1399.08,0.714755,48.9004,0,86,67,44,2760,10501,5.13668,166,16.9689,0,0,5431,6658774534
637.011,1.56983,48.9004,0,86,67,44,2760,10501,5.13668,166,16.9689,0,0,5431,6660344674
338.469,2.95448,48.9004,0,86,67,44,2760,10501,5.13668,166,16.9689,0,0,5431,6663299591
403.19,2.48022,48.9004,0,86,67,44,2760,10501,5.13668,166,16.9689,0,0,5431,6665780136
320.7,3.11818,48.9004,0,86,67,44,2760,10501,5.13668,166,16.9689,0,0,5431,6668898597
389.566,2.56696,48.9004,0,86,67,44,2760,10501,5.13668,166,16.9689,0,0,5431,6671465885
320.91,3.11613,48.9004,0,86,67,44,2760,10501,5.13668,166,16.9689,0,0,5431,6674582442
453.087,2.20708,48.9004,0,86,67,44,2760,10501,5.13668,166,16.9689,0,0,5431,6676789766
322.659,3.09925,48.9004,0,86,67,44,2760,10501,5.13668,166,16.9689,0,0,5431,6679889323
371.502,2.69177,48.9004,0,86,67,44,2760,10501,5.13668,166,16.9689,0,0,5431,6682581548
524.443,1.90679,48.9004,0,86,67,44,2760,10501,5.13668,166,16.9689,0,0,5431,6684488584
375.91,2.66021,48.9004,0,86,67,44,2760,10501,5.13668,166,16.9689,0,0,5431,6687149087
255.971,3.9067,48.9004,0,86,67,44,2760,10501,5.13668,166,16.9689,0,0,5431,6691056093
249.652,4.00558,48.9004,0,86,67,44,2760,10501,5.13668,166,16.9689,0,0,5431,6695062171
434.457,2.30172,48.9004,0,86,67,44,2760,10501,5.13668,166,16.9689,0,0,5431,6697364229
700.625,1.4273,48.9004,0,86,67,44,2760,10501,5.13668,166,16.9689,0,0,5431,6698791671
292.17,3.42266,48.9004,0,86,67,44,2760,10501,5.13668,166,16.9689,0,0,5431,6702214777
204.354,4.89346,48.9004,0,86,67,44,2760,10501,5.13668,166,16.9689,0,0,5431,6707108519
635.808,1.5728,48.9004,0,86,67,44,2760,10501,5.13668,166,16.9689,0,0,5431,6708681591
576.081,1.73587,48.9004,0,86,67,44,2760,10501,5.13668,166,16.9689,0,0,5431,6710417803
343.737,2.9092,48.9004,0,86,67,44,2760,10501,5.13668,166,16.9689,0,0,5431,6713327315
366.23,2.73053,48.9004,0,86,67,44,2760,10501,5.13668,166,16.9689,0,0,5431,6716058176
402.756,2.48289,48.9004,0,86,67,44,2760,10501,5.13668,166,16.9689,0,0,5431,6718541394
333.068,3.00239,48.9004,0,86,67,44,2760,10501,5.13668,166,16.9689,0,0,5431,6721544101
398.041,2.51231,48.9004,0,86,67,44,2760,10501,5.13668,166,16.9689,0,0,5431,6724056878
324.051,3.08593,48.9004,0,86,67,44,2760,10501,5.13668,166,16.9689,0,0,5431,6727143040
319.512,3.12977,48.9004,0,86,67,44,2760,10501,5.13668,166,16.9689,0,0,5431,6730273319
570.231,1.75367,48.9004,0,86,67,44,2760,10501,5.13668,166,16.9689,0,0,5431,6732027147
333.274,3.00053,48.9004,0,86,67,44,2760,10501,5.13668,166,16.9689,0,0,5431,6735028008
400.385,2.49759,48.9004,0,86,67,44,2760,10501,5.13668,166,16.9689,0,0,5431,6737526005
315.564,3.16893,48.9004,0,86,67,44,2760,10501,5.13668,166,16.9689,0,0,5431,6740695266
433.595,2.3063,48.9004,0,86,67,44,2760,10501,5.13668,166,16.9689,0,0,5431,6743001776
336.256,2.97393,48.9004,0,86,67,44,2760,10501,5.13668,166,16.9689,0,0,5431,6745976040
284.089,3.52002,48.9004,0,86,67,44,2760,10501,5.13668,166,16.9689,0,0,5431,6749496361
759.531,1.3166,48.9004,0,86,67,44,2760,10501,5.13668,166,16.9689,0,0,5431,6750813319
308.949,3.23678,48.9004,0,86,67,44,2760,10501,5.13668,166,16.9689,0,0,5431,6754050543
344.267,2.90472,48.9004,0,86,67,44,2760,10501,5.13668,166,16.9689,0,0,5431,6756955795
287.238,3.48143,48.9004,0,86,67,44,2760,10501,5.13668,166,16.9689,0,0,5431,6760437585
613.031,1.63124,48.9004,0,86,67,44,2760,10501,5.13668,166,16.9689,0,0,5431,6762068977
345.616,2.89339,48.9004,0,86,67,44,2760,10501,5.13668,166,16.9689,0,0,5431,6764962699
410.165,2.43804,48.9004,0,86,67,44,2760,10501,5.13668,166,16.9689,0,0,5431,6767401089
345.58,2.89368,48.9004,0,86,67,44,2760,10501,5.13668,166,16.9689,0,0,5431,6770295158
424.847,2.35379,48.9004,0,86,67,44,2760,10501,5.13668,166,16.9689,0,0,5431,6772649276
361.708,2.76466,48.9004,0,86,67,44,2760,10501,5.13668,166,16.9689,0,0,5431,6775414378
321.05,3.11478,48.9004,0,86,67,44,2760,10501,5.13668,166,16.9689,0,0,5431,6778529368
380.29,2.62957,48.9004,0,86,67,44,2760,10501,5.13668,166,16.9689,0,0,5431,6781159447
304.939,3.27934,48.9004,0,86,67,44,2760,10501,5.13668,166,16.9689,0,0,5431,6784439211
253.145,3.95031,48.9004,0,86,67,44,2760,10501,5.13668,166,16.9689,0,0,5431,6788389835
358.28,2.79111,48.9004,0,86,67,44,2760,10501,5.13668,166,16.9689,0,0,5431,6791181275
1550.33,0.645022,48.9004,0,86,67,44,2760,10501,5.13668,166,16.9689,0,0,5431,6791826460
479.717,2.08456,48.9004,0,86,67,44,2760,10501,5.13668,166,16.9689,0,0,5431,6793911473
208.848,4.78816,48.9004,0,86,67,44,2760,10501,5.13668,166,16.9689,0,0,5431,6798700173
365.205,2.73819,48.9004,0,86,67,44,2760,10501,5.13668,166,16.9689,0,0,5431,6801438726
476.753,2.09752,48.9004,0,86,67,44,2760,10501,5.13668,166,16.9689,0,0,5431,6803536374
264.191,3.78514,48.9004,0,86,67,44,2760,10501,5.13668,166,16.9689,0,0,5431,6807321896
374.611,2.66944,48.9004,0,86,67,44,2760,10501,5.13668,166,16.9689,0,0,5431,6809991832
736.937,1.35697,48.9004,0,86,67,44,2760,10501,5.13668,166,16.9689,0,0,5431,6811349166
505.367,1.97876,48.9004,0,86,67,44,2760,10501,5.13668,166,16.9689,0,0,5431,6813328262
379.261,2.6367,48.9004,0,86,67,44,2760,10501,5.13668,166,16.9689,0,0,5431,6815965351
347.448,2.87813,48.9004,0,86,67,44,2760,10501,5.13668,166,16.9689,0,0,5431,6818843717
338.218,2.95668,48.9004,0,86,67,44,2760,10501,5.13668,166,16.9689,0,0,5431,6821800759
361.865,2.76346,48.9004,0,86,67,44,2760,10501,5.13668,166,16.9689,0,0,5431,6824564487
320.824,3.11697,48.9004,0,86,67,44,2760,10501,5.13668,166,16.9689,0,0,5431,6827681919
566.34,1.76572,48.9004,0,86,67,44,2760,10501,5.13668,166,16.9689,0,0,5431,6829447930
345.131,2.89745,48.9004,0,86,67,44,2760,10501,5.13668,166,16.9689,0,0,5431,6832345633
329.013,3.03939,48.9004,0,86,67,44,2760,10501,5.13668,166,16.9689,0,0,5431,6835385370
353.034,2.83259,48.9004,0,86,67,44,2760,10501,5.13668,166,16.9689,0,0,5431,6838218254
189.965,5.26412,48.9004,0,86,67,44,2760,10501,5.13668,166,16.9689,0,0,5431,6843483105
581.955,1.71835,48.9004,0,86,67,44,2760,10501,5.13668,166,16.9689,0,0,5431,6845201672
317.512,3.14949,48.9004,0,86,67,44,2760,10501,5.13668,166,16.9689,0,0,5431,6848351673
459.71,2.17529,48.9004,0,86,67,44,2760,10501,5.13668,166,16.9689,0,0,5431,6850527323
919.022,1.08811,48.9004,0,86,67,44,2760,10501,5.13668,166,16.9689,0,0,5431,6851615783
383.735,2.60596,48.9004,0,86,67,44,2760,10501,5.13668,166,16.9689,0,0,5431,6854222053
404.777,2.4705,48.9004,0,86,67,44,2760,10501,5.13668,166,16.9689,0,0,5431,6856692848
335.6,2.97973,48.9004,0,86,67,44,2760,10501,5.13668,166,16.9689,0,0,5431,6859672862
261.398,3.82558,48.9004,0,86,67,44,2760,10501,5.13668,166,16.9689,0,0,5431,6863498885
507.533,1.97032,48.9004,0,86,67,44,2760,10501,5.13668,166,16.9689,0,0,5431,6865469596
478.422,2.0902,48.9004,0,86,67,44,2760,10501,5.13668,166,16.9689,0,0,5431,6867560060
390.863,2.55844,48.9004,0,86,67,44,2760,10501,5.13668,166,16.9689,0,0,5431,6870118829
346.966,2.88213,48.9004,0,86,67,44,2760,10501,5.13668,166,16.9689,0,0,5431,6873001301
272.369,3.67149,48.9004,0,86,67,44,2760,10501,5.13668,166,16.9689,0,0,5431,6876673194
415.209,2.40843,48.9004,0,86,67,44,2760,10501,5.13668,166,16.9689,0,0,5431,6879082026
428.935,2.33136,48.9004,0,86,67,44,2760,10501,5.13668,166,16.9689,0,0,5431,6881413633
413.259,2.41979,48.9004,0,86,67,44,2760,10501,5.13668,166,16.9689,0,0,5431,6883833772
328.779,3.04155,48.9004,0,86,67,44,2760,10501,5.13668,166,16.9689,0,0,5431,6886875557
367.078,2.72422,48.9004,0,86,67,44,2760,10501,5.13668,166,16.9689,0,0,5431,6889600274
421.088,2.3748,48.9004,0,86,67,44,2760,10501,5.13668,166,16.9689,0,0,5431,6891975210
192.04,5.20724,48.9004,0,86,67,44,2760,10501,5.13668,166,16.9689,0,0,5431,6897182982
1896.95,0.527162,48.9004,0,86,67,44,2760,10501,5.13668,166,16.9689,0,0,5431,6897710317
527.144,1.89702,48.9004,0,86,67,44,2760,10501,5.13668,166,16.9689,0,0,5431,6899607679
308.046,3.24627,48.9004,0,86,67,44,2760,10501,5.13668,166,16.9689,0,0,5431,6902854432
319.308,3.13177,48.9004,0,86,67,44,2760,10501,5.13668,166,16.9689,0,0,5431,6905986403
467.31,2.13991,48.9004,0,86,67,44,2760,10501,5.13668,166,16.9689,0,0,5431,6908126687
351.924,2.84152,48.9004,0,86,67,44,2760,10501,5.13668,166,16.9689,0,0,5431,6910968446
341.019,2.93239,48.9004,0,86,67,44,2760,10501,5.13668,166,16.9689,0,0,5431,6913901199
381.149,2.62365,48.9004,0,86,67,44,2760,10501,5.13668,166,16.9689,0,0,5431,6916525182
230.619,4.33616,48.9004,0,86,67,44,2760,10501,5.13668,166,16.9689,0,0,5431,6920861789
428.001,2.33644,48.9004,0,86,67,44,2760,10501,5.13668,166,16.9689,0,0,5431,6923198435
604.315,1.65477,48.9004,0,86,67,44,2760,10501,5.13668,166,16.9689,0,0,5431,6924853587
394.297,2.53616,48.9004,0,86,67,44,2760,10501,5.13668,166,16.9689,0,0,5431,6927390038
356.658,2.80381,48.9004,0,86,67,44,2760,10501,5.13668,166,16.9689,0,0,5431,6930194344
385.837,2.59177,48.9004,0,86,67,44,2760,10501,5.13668,166,16.9689,0,0,5431,6932786403
291.09,3.43537,48.9004,0,86,67,44,2760,10501,5.13668,166,16.9689,0,0,5431,6936222009
326.448,3.06328,48.9004,0,86,67,44,2760,10501,5.13668,166,16.9689,0,0,5431,6939285574
444.715,2.24863,48.9004,0,86,67,44,2760,10501,5.13668,166,16.9689,0,0,5431,6941534572
500.604,1.99759,48.9004,0,86,67,44,2760,10501,5.13668,166,16.9689,0,0,5431,6943532630
368.368,2.71468,48.9004,0,86,67,44,2760,10501,5.13668,166,16.9689,0,0,5431,6946247635
248.742,4.02022,48.9004,0,86,67,44,2760,10501,5.13668,166,16.9689,0,0,5431,6950268078
584.23,1.71165,48.9004,0,86,67,44,2760,10501,5.13668,166,16.9689,0,0,5431,6951980069
426.889,2.34253,48.9004,0,86,67,44,2760,10501,5.13668,166,16.9689,0,0,5431,6954322907
298.342,3.35186,48.9004,0,86,67,44,2760,10501,5.13668,166,16.9689,0,0,5431,6957675126
394.662,2.53382,48.9004,0,86,67,44,2760,10501,5.13668,166,16.9689,0,0,5431,6960209308
398.515,2.50932,48.9004,0,86,67,44,2760,10501,5.13668,166,16.9689,0,0,5431,6962719094
281.064,3.55791,48.9004,0,86,67,44,2760,10501,5.13668,166,16.9689,0,0,5431,6966277406
444.409,2.25018,48.9004,0,86,67,44,2760,10501,5.13668,166,16.9689,0,0,5431,6968527819
276.775,3.61304,48.9004,0,86,67,44,2760,10501,5.13668,166,16.9689,0,0,5431,6972141094
512.278,1.95206,48.9004,0,86,67,44,2760,10501,5.13668,166,16.9689,0,0,5431,6974093468
231.354,4.32238,48.9004,0,86,67,44,2760,10501,5.13668,166,16.9689,0,0,5431,6978416392
282.95,3.5342,48.9004,0,86,67,44,2760,10501,5.13668,166,16.9689,0,0,5431,6981950983
1244.2,0.803729,48.9004,0,86,67,44,2760,10501,5.13668,166,16.9689,0,0,5431,6982754904
439.624,2.27467,48.9004,0,86,67,44,2760,10501,5.13668,166,16.9689,0,0,5431,6985029884
381.657,2.62016,48.9004,0,86,67,44,2760,10501,5.13668,166,16.9689,0,0,5431,6987650569
346.15,2.88893,48.9004,0,86,67,44,2760,10501,5.13668,166,16.9689,0,0,5431,6990539618
381.824,2.61901,48.9004,0,86,67,44,2760,10501,5.13668,166,16.9689,0,0,5431,6993158966
208.853,4.78805,48.9004,0,86,67,44,2760,10501,5.13668,166,16.9689,0,0,5431,6997947262
1403.18,0.712668,48.9004,0,86,67,44,2760,10501,5.13668,166,16.9689,0,0,5431,6998660392
366.685,2.72714,48.9004,0,86,67,44,2760,10501,5.13668,166,16.9689,0,0,5431,7001387791
217.713,4.5932,48.9004,0,86,67,44,2760,10501,5.13668,166,16.9689,0,0,5431,7005981273
773.933,1.2921,48.9004,0,86,67,44,2760,10501,5.13668,166,16.9689,0,0,5431,7007273692
471.554,2.12065,48.9004,0,86,67,44,2760,10501,5.13668,166,16.9689,0,0,5431,7009394753
445.103,2.24667,48.9004,0,86,67,44,2760,10501,5.13668,166,16.9689,0,0,5431,7011641646
350.363,2.85418,48.9004,0,86,67,44,2760,10501,5.13668,166,16.9689,0,0,5431,7014496262
350.992,2.84907,48.9004,0,86,67,44,2760,10501,5.13668,166,16.9689,0,0,5431,7017345521
402.129,2.48677,48.9004,0,86,67,44,2760,10501,5.13668,166,16.9689,0,0,5431,7019832971
213.574,4.68223,48.9004,0,86,67,44,2760,10501,5.13668,166,16.9689,0,0,5431,7024515186
680,1.47059,48.9004,0,86,67,44,2760,10501,5.13668,166,16.9689,0,0,5431,7025986159
491.071,2.03637,48.9004,0,86,67,44,2760,10501,5.13668,166,16.9689,0,0,5431,7028022785
224.295,4.45842,48.9004,0,86,67,44,2760,10501,5.13668,166,16.9689,0,0,5431,7032481531
451.051,2.21705,48.9004,0,86,67,44,2760,10501,5.13668,166,16.9689,0,0,5431,7034698952
587.936,1.70087,48.9004,0,86,67,44,2760,10501,5.13668,166,16.9689,0,0,5431,7036400135
426.339,2.34555,48.9004,0,86,67,44,2760,10501,5.13668,166,16.9689,0,0,5431,7038746118
391.382,2.55505,48.9004,0,86,67,44,2760,10501,5.13668,166,16.9689,0,0,5431,7041301540
405.823,2.46413,48.9004,0,86,67,44,2760,10501,5.13668,166,16.9689,0,0,5431,7043765921
358.416,2.79006,48.9004,0,86,67,44,2760,10501,5.13668,166,16.9689,0,0,5431,7046556371
354.614,2.81997,48.9004,0,86,67,44,2760,10501,5.13668,166,16.9689,0,0,5431,7049376851
392.382,2.54854,48.9004,0,86,67,44,2760,10501,5.13668,166,16.9689,0,0,5431,7051925725
375.327,2.66434,48.9004,0,86,67,44,2760,10501,5.13668,166,16.9689,0,0,5431,7054590373
227.72,4.39136,48.9004,0,86,67,44,2760,10501,5.13668,166,16.9689,0,0,5431,7058984271
667.388,1.49838,48.9004,0,86,67,44,2760,10501,5.13668,166,16.9689,0,0,5431,7060481994
398.105,2.5119,48.9004,0,86,67,44,2760,10501,5.13668,166,16.9689,0,0,5431,7062994223
403.383,2.47904,48.9004,0,86,67,44,2760,10501,5.13668,166,16.9689,0,0,5431,7065475778
364.571,2.74295,48.057,0,85,67,44,2760,10501,5.13629,165,16.9775,0,0,5430,7068216966
340.973,2.93278,48.057,0,85,67,44,2760,10501,5.13629,165,16.9775,0,0,5430,7071150267
387.649,2.57965,48.057,0,85,67,44,2760,10501,5.13629,165,16.9775,0,0,5430,7073730239
217.007,4.60815,48.057,0,85,67,44,2760,10501,5.13629,165,16.9775,0,0,5430,7078338827
495.129,2.01967,48.057,0,85,67,44,2760,10501,5.13629,165,16.9775,0,0,5430,7080358856
243.433,4.10791,48.057,0,85,67,44,2760,10501,5.13629,165,16.9775,0,0,5430,7084466976
314.256,3.18212,48.057,0,85,67,44,2760,10501,5.13629,165,16.9775,0,0,5430,7087649583
1107.23,0.903155,48.057,0,85,67,44,2760,10501,5.13629,165,16.9775,0,0,5430,7088552883
489.299,2.04374,48.057,0,85,67,44,2760,10501,5.13629,165,16.9775,0,0,5430,7090596971
342.645,2.91847,48.057,0,85,67,44,2760,10501,5.13629,165,16.9775,0,0,5430,7093515761
196.748,5.08265,48.057,0,85,67,44,2760,10501,5.13629,165,16.9775,0,0,5430,7098598990
736.655,1.35749,48.057,0,85,67,44,2760,10501,5.13629,165,16.9775,0,0,5430,7099956853
427.519,2.33908,48.057,0,85,67,44,2760,10501,5.13629,165,16.9775,0,0,5430,7102296355
421.655,2.37161,48.057,0,85,67,44,2760,10501,5.13629,165,16.9775,0,0,5430,7104668060
359.289,2.78328,48.057,0,85,67,44,2760,10501,5.13629,165,16.9775,0,0,5430,7107451664
471.798,2.11955,48.057,0,85,67,44,2760,10501,5.13629,165,16.9775,0,0,5430,7109571514
196.387,5.09198,48.057,0,85,67,44,2760,10501,5.13629,165,16.9775,0,0,5430,7114663945
716.387,1.39589,48.057,0,85,67,44,2760,10501,5.13629,165,16.9775,0,0,5430,7116060213
544.964,1.83499,48.057,0,85,67,44,2760,10501,5.13629,165,16.9775,0,0,5430,7117895362
377.835,2.64666,48.057,0,85,67,44,2760,10501,5.13629,165,16.9775,0,0,5430,7120542374
337.99,2.95867,48.057,0,85,67,44,2760,10501,5.13629,165,16.9775,0,0,5430,7123501368
399.456,2.5034,48.057,0,85,67,44,2760,10501,5.13629,165,16.9775,0,0,5430,7126005068
361.221,2.76839,48.057,0,85,67,44,2760,10501,5.13629,165,16.9775,0,0,5430,7128773786
412.034,2.42699,48.057,0,85,67,44,2760,10501,5.13629,165,16.9775,0,0,5430,7131201224
360.599,2.77316,48.057,0,85,67,44,2760,10501,5.13629,165,16.9775,0,0,5430,7133974625
342.265,2.92171,48.057,0,85,67,44,2760,10501,5.13629,165,16.9775,0,0,5430,7136896685
188.001,5.31913,48.057,0,85,67,44,2760,10501,5.13629,165,16.9775,0,0,5430,7142216104
412.437,2.42461,48.057,0,85,67,44,2760,10501,5.13629,165,16.9775,0,0,5430,7144641157
1232.24,0.811527,48.057,0,85,67,44,2760,10501,5.13629,165,16.9775,0,0,5430,7145452925
399.226,2.50484,48.057,0,85,67,44,2760,10501,5.13629,165,16.9775,0,0,5430,7147958259
287.284,3.48088,48.057,0,85,67,44,2760,10501,5.13629,165,16.9775,0,0,5430,7151439377
273.826,3.65196,48.057,0,85,67,44,2760,10501,5.13629,165,16.9775,0,0,5430,7155091875
1127.83,0.886655,48.057,0,85,67,44,2760,10501,5.13629,165,16.9775,0,0,5430,7155978635
360.313,2.77536,48.057,0,85,67,44,2760,10501,5.13629,165,16.9775,0,0,5430,7158754469
341.572,2.92764,48.057,0,85,67,44,2760,10501,5.13629,165,16.9775,0,0,5430,7161682395
386.828,2.58513,48.057,0,85,67,44,2760,10501,5.13629,165,16.9775,0,0,5430,7164267790
271.883,3.67805,48.057,0,85,67,44,2760,10501,5.13629,165,16.9775,0,0,5430,7167946356
573.394,1.744,48.057,0,85,67,44,2760,10501,5.13629,165,16.9775,0,0,5430,7169690578
354.596,2.82011,48.057,0,85,67,44,2760,10501,5.13629,165,16.9775,0,0,5430,7172511096
321.93,3.10627,48.057,0,85,67,44,2760,10501,5.13629,165,16.9775,0,0,5430,7175617518
422.534,2.36668,48.057,0,85,67,44,2760,10501,5.13629,165,16.9775,0,0,5430,7177984531
265.177,3.77106,48.057,0,85,67,44,2760,10501,5.13629,165,16.9775,0,0,5430,7181756100
738.984,1.35321,48.057,0,85,67,44,2760,10501,5.13629,165,16.9775,0,0,5430,7183109386
422.765,2.36538,48.057,0,85,67,44,2760,10501,5.13629,165,16.9775,0,0,5430,7185475004
284.629,3.51335,48.057,0,85,67,44,2760,10501,5.13629,165,16.9775,0,0,5430,7188988700
524.557,1.90637,48.057,0,85,67,44,2760,10501,5.13629,165,16.9775,0,0,5430,7190895485
189.637,5.27323,48.057,0,85,67,44,2760,10501,5.13629,165,16.9775,0,0,5430,7196168999
625.927,1.59763,48.057,0,85,67,44,2760,10501,5.13629,165,16.9775,0,0,5430,7197766928
351.572,2.84437,48.057,0,85,67,44,2760,10501,5.13629,165,16.9775,0,0,5430,7200611707
829.312,1.20582,48.057,0,85,67,44,2760,10501,5.13629,165,16.9775,0,0,5430,7201817796
197.765,5.05651,48.057,0,85,67,44,2760,10501,5.13629,165,16.9775,0,0,5430,7206874735
1418.93,0.704754,48.057,0,85,67,44,2760,10501,5.13629,165,16.9775,0,0,5430,7207579807
413.268,2.41974,48.057,0,85,67,44,2760,10501,5.13629,165,16.9775,0,0,5430,7209999860
417.636,2.39443,48.057,0,85,67,44,2760,10501,5.13629,165,16.9775,0,0,5430,7212394594
351.796,2.84256,48.057,0,85,67,44,2760,10501,5.13629,165,16.9775,0,0,5430,7215237652
322.229,3.10338,48.057,0,85,67,44,2760,10501,5.13629,165,16.9775,0,0,5430,7218341208
256.615,3.89689,48.057,0,85,67,44,2760,10501,5.13629,165,16.9775,0,0,5430,7222238570
457.415,2.1862,48.057,0,85,67,44,2760,10501,5.13629,165,16.9775,0,0,5430,7224425038
468.075,2.13641,48.057,0,85,67,44,2760,10501,5.13629,165,16.9775,0,0,5430,7226561764
367.176,2.72349,48.057,0,85,67,44,2760,10501,5.13629,165,16.9775,0,0,5430,7229285433
502.554,1.98984,48.057,0,85,67,44,2760,10501,5.13629,165,16.9775,0,0,5430,7231275740
344.656,2.90144,48.057,0,85,67,44,2760,10501,5.13629,165,16.9775,0,0,5430,7234177492
339.427,2.94614,48.057,0,85,67,44,2760,10501,5.13629,165,16.9775,0,0,5430,7237123947
344.286,2.90456,48.057,0,85,67,44,2760,10501,5.13629,165,16.9775,0,0,5430,7240028785
526.676,1.8987,48.057,0,85,67,44,2760,10501,5.13629,165,16.9775,0,0,5430,7241927839
290.699,3.43998,48.057,0,85,67,44,2760,10501,5.13629,165,16.9775,0,0,5430,7245368119
313.8,3.18674,48.057,0,85,67,44,2760,10501,5.13629,165,16.9775,0,0,5430,7248555313
626.643,1.5958,48.057,0,85,67,44,2760,10501,5.13629,165,16.9775,0,0,5430,7250151395
372.299,2.68601,48.057,0,85,67,44,2760,10501,5.13629,165,16.9775,0,0,5430,7252837659
356.198,2.80743,48.057,0,85,67,44,2760,10501,5.13629,165,16.9775,0,0,5430,7255645388
373.705,2.67591,48.057,0,85,67,44,2760,10501,5.13629,165,16.9775,0,0,5430,7258321748
325.477,3.07241,48.057,0,85,67,44,2760,10501,5.13629,165,16.9775,0,0,5430,7261394390
381.053,2.62431,48.057,0,85,67,44,2760,10501,5.13629,165,16.9775,0,0,5430,7264019122
366.008,2.73218,48.057,0,85,67,44,2760,10501,5.13629,165,16.9775,0,0,5430,7266751647
328.927,3.04019,48.057,0,85,67,44,2760,10501,5.13629,165,16.9775,0,0,5430,7269792230
376.077,2.65903,48.057,0,85,67,44,2760,10501,5.13629,165,16.9775,0,0,5430,7272451532
220.636,4.53234,48.057,0,85,67,44,2760,10501,5.13629,165,16.9775,0,0,5430,7276984502
507.342,1.97106,48.057,0,85,67,44,2760,10501,5.13629,165,16.9775,0,0,5430,7278955722
532.504,1.87792,48.057,0,85,67,44,2760,10501,5.13629,165,16.9775,0,0,5430,7280834054
361.697,2.76475,48.057,0,85,67,44,2760,10501,5.13629,165,16.9775,0,0,5430,7283599205
273.143,3.66108,48.057,0,85,67,44,2760,10501,5.13629,165,16.9775,0,0,5430,7287260588
420.708,2.37695,48.057,0,85,67,44,2760,10501,5.13629,165,16.9775,0,0,5430,7289637851
472.239,2.11757,48.057,0,85,67,44,2760,10501,5.13629,165,16.9775,0,0,5430,7291755682
206.861,4.83417,48.057,0,85,67,44,2760,10501,5.13629,165,16.9775,0,0,5430,7296590181
372.163,2.68699,48.057,0,85,67,44,2760,10501,5.13629,165,16.9775,0,0,5430,7299277464
667.397,1.49836,48.057,0,85,67,44,2760,10501,5.13629,165,16.9775,0,0,5430,7300776169
289.311,3.45648,48.057,0,85,67,44,2760,10501,5.13629,165,16.9775,0,0,5430,7304233112
436.256,2.29223,48.057,0,85,67,44,2760,10501,5.13629,165,16.9775,0,0,5430,7306525593
391.987,2.55111,48.057,0,85,67,44,2760,10501,5.13629,165,16.9775,0,0,5430,7309077112
305.319,3.27526,48.057,0,85,67,44,2760,10501,5.13629,165,16.9775,0,0,5430,7312352722
315.97,3.16486,48.057,0,85,67,44,2760,10501,5.13629,165,16.9775,0,0,5430,7315518021
672.903,1.4861,48.057,0,85,67,44,2760,10501,5.13629,165,16.9775,0,0,5430,7317004283
295.614,3.38279,48.057,0,85,67,44,2760,10501,5.13629,165,16.9775,0,0,5430,7320387589
201.064,4.97355,48.057,0,85,67,44,2760,10501,5.13629,165,16.9775,0,0,5430,7325361536
463.385,2.15803,48.057,0,85,67,44,2760,10501,5.13629,165,16.9775,0,0,5430,7327519993
645.376,1.54948,48.057,0,85,67,44,2760,10501,5.13629,165,16.9775,0,0,5430,7329069680
238.676,4.18978,48.057,0,85,67,44,2760,10501,5.13629,165,16.9775,0,0,5430,7333259831
286.888,3.48568,48.057,0,85,67,44,2760,10501,5.13629,165,16.9775,0,0,5430,7336745881
433.834,2.30503,48.057,0,85,67,44,2760,10501,5.13629,165,16.9775,0,0,5430,7339051439
665.633,1.50233,48.057,0,85,67,44,2760,10501,5.13629,165,16.9775,0,0,5430,7340554182
573.353,1.74413,48.057,0,85,67,44,2760,10501,5.13629,165,16.9775,0,0,5430,7342298635
297.452,3.36188,48.057,0,85,67,44,2760,10501,5.13629,165,16.9775,0,0,5430,7345660902
239.773,4.17061,48.057,0,85,67,44,2760,10501,5.13629,165,16.9775,0,0,5430,7349832072
790.89,1.2644,48.057,0,85,67,44,2760,10501,5.13629,165,16.9775,0,0,5430,7351096653
297.632,3.35985,48.057,0,85,67,44,2760,10501,5.13629,165,16.9775,0,0,5430,7354456949
113.629,8.80055,48.057,0,85,67,44,2760,10501,5.13629,165,16.9775,0,0,5430,7363257928
2125.94,0.470381,48.057,0,85,67,44,2760,10501,5.13629,165,16.9775,0,0,5430,7363728617
495.795,2.01696,48.057,0,85,67,44,2760,10501,5.13629,165,16.9775,0,0,5430,7365745820
354.032,2.8246,48.057,0,85,67,44,2760,10501,5.13629,165,16.9775,0,0,5430,7368570771
211.161,4.73572,48.057,0,85,67,44,2760,10501,5.13629,165,16.9775,0,0,5430,7373306949
895.278,1.11697,48.057,0,85,67,44,2760,10501,5.13629,165,16.9775,0,0,5430,7374424237
325.87,3.06871,48.057,0,85,67,44,2760,10501,5.13629,165,16.9775,0,0,5430,7377493408
491.697,2.03377,48.057,0,85,67,44,2760,10501,5.13629,165,16.9775,0,0,5430,7379527342
314.938,3.17523,48.057,0,85,67,44,2760,10501,5.13629,165,16.9775,0,0,5430,7382702901
670.764,1.49084,48.057,0,85,67,44,2760,10501,5.13629,165,16.9775,0,0,5430,7384194076
285.665,3.50061,48.057,0,85,67,44,2760,10501,5.13629,165,16.9775,0,0,5430,7387695194
532.518,1.87787,48.057,0,85,67,44,2760,10501,5.13629,165,16.9775,0,0,5430,7389573296
256.46,3.89925,48.057,0,85,67,44,2760,10501,5.13629,165,16.9775,0,0,5430,7393472985
493.705,2.0255,48.057,0,85,67,44,2760,10501,5.13629,165,16.9775,0,0,5430,7395498697
490.705,2.03789,48.057,0,85,67,44,2760,10501,5.13629,165,16.9775,0,0,5430,7397536920
345.561,2.89385,48.057,0,85,67,44,2760,10501,5.13629,165,16.9775,0,0,5430,7400431065
371.749,2.68999,48.057,0,85,67,44,2760,10501,5.13629,165,16.9775,0,0,5430,7403121368
340.058,2.94068,48.057,0,85,67,44,2760,10501,5.13629,165,16.9775,0,0,5430,7406062380
377.76,2.64719,48.057,0,85,67,44,2760,10501,5.13629,165,16.9775,0,0,5430,7408709883
372.24,2.68644,48.057,0,85,67,44,2760,10501,5.13629,165,16.9775,0,0,5430,7411396358
299.128,3.34306,48.057,0,85,67,44,2760,10501,5.13629,165,16.9775,0,0,5430,7414739615
325.025,3.07669,48.057,0,85,67,44,2760,10501,5.13629,165,16.9775,0,0,5430,7417816872
641.32,1.55928,48.057,0,85,67,44,2760,10501,5.13629,165,16.9775,0,0,5430,7419376386
358.387,2.79028,48.057,0,85,67,44,2760,10501,5.13629,165,16.9775,0,0,5430,7422167077
375.768,2.66121,48.057,0,85,67,44,2760,10501,5.13629,165,16.9775,0,0,5430,7424828599
335.255,2.9828,48.057,0,85,67,44,2760,10501,5.13629,165,16.9775,0,0,5430,7427811700
381.545,2.62092,48.057,0,85,67,44,2760,10501,5.13629,165,16.9775,0,0,5430,7430432951
304.593,3.28307,48.057,0,85,67,44,2760,10501,5.13629,165,16.9775,0,0,5430,7433716552
524.62,1.90614,48.057,0,85,67,44,2760,10501,5.13629,165,16.9775,0,0,5430,7435622953
184.308,5.4257,48.057,0,85,67,44,2760,10501,5.13629,165,16.9775,0,0,5430,7441049107
1622.44,0.616357,48.057,0,85,67,44,2760,10501,5.13629,165,16.9775,0,0,5430,7441665830
530.76,1.88409,48.057,0,85,67,44,2760,10501,5.13629,165,16.9775,0,0,5430,7443550201
250.899,3.98566,48.057,0,85,67,44,2760,10501,5.13629,165,16.9775,0,0,5430,7447536143
569.22,1.75679,48.057,0,85,67,44,2760,10501,5.13629,165,16.9775,0,0,5430,7449293164
471.291,2.12183,48.057,0,85,67,44,2760,10501,5.13629,165,16.9775,0,0,5430,7451415562
239.452,4.17621,48.057,0,85,67,44,2760,10501,5.13629,165,16.9775,0,0,5430,7455591934
652.048,1.53363,48.057,0,85,67,44,2760,10501,5.13629,165,16.9775,0,0,5430,7457125851
388.103,2.57663,48.057,0,85,67,44,2760,10501,5.13629,165,16.9775,0,0,5430,7459702842
328.289,3.04609,48.057,0,85,67,44,2760,10501,5.13629,165,16.9775,0,0,5430,7462749348
384.99,2.59747,48.057,0,85,67,44,2760,10501,5.13629,165,16.9775,0,0,5430,7465347157
164.421,6.08195,48.057,0,85,67,44,2760,10501,5.13629,165,16.9775,0,0,5430,7471429323
276.054,3.62248,48.057,0,85,67,44,2760,10501,5.13629,165,16.9775,0,0,5430,7475052359
565.897,1.76711,48.057,0,85,67,44,2760,10501,5.13629,165,16.9775,0,0,5430,7476819668
383.271,2.60912,48.057,0,85,67,44,2760,10501,5.13629,165,16.9775,0,0,5430,7479429102
473.279,2.11292,48.057,0,85,67,44,2760,10501,5.13629,165,16.9775,0,0,5430,7481542260
428.114,2.33583,48.057,0,85,67,44,2760,10501,5.13629,165,16.9775,0,0,5430,7483878570
293.751,3.40425,48.057,0,85,67,44,2760,10501,5.13629,165,16.9775,0,0,5430,7487282992
286.698,3.48799,48.057,0,85,67,44,2760,10501,5.13629,165,16.9775,0,0,5430,7490771485
561.336,1.78146,48.057,0,85,67,44,2760,10501,5.13629,165,16.9775,0,0,5430,7492553112
280.686,3.5627,48.057,0,85,67,44,2760,10501,5.13629,165,16.9775,0,0,5430,7496116155
529.619,1.88815,48.057,0,85,67,44,2760,10501,5.13629,165,16.9775,0,0,5430,7498004613
179.998,5.55561,48.057,0,85,67,44,2760,10501,5.13629,165,16.9775,0,0,5430,7503560820
1351.02,0.740179,48.057,0,85,67,44,2760,10501,5.13629,165,16.9775,0,0,5430,7504317893
339.975,2.9414,48.057,0,85,67,44,2760,10501,5.13629,165,16.9775,0,0,5430,7507259665
577.999,1.73011,48.057,0,85,67,44,2760,10501,5.13629,165,16.9775,0,0,5430,7508990320
353.308,2.83039,48.057,0,85,67,44,2760,10501,5.13629,165,16.9775,0,0,5430,7511820982
375.454,2.66344,48.057,0,85,67,44,2760,10501,5.13629,165,16.9775,0,0,5430,7514484640
344.261,2.90477,48.057,0,85,67,44,2760,10501,5.13629,165,16.9775,0,0,5430,7517389834
364.924,2.74029,48.057,0,85,67,44,2760,10501,5.13629,165,16.9775,0,0,5430,7520130330
316.524,3.15932,48.057,0,85,67,44,2760,10501,5.13629,165,16.9775,0,0,5430,7523289975
521.006,1.91936,48.057,0,85,67,44,2760,10501,5.13629,165,16.9775,0,0,5430,7525209511
356.723,2.8033,48.057,0,85,67,44,2760,10501,5.13629,165,16.9775,0,0,5430,7528013230
344.149,2.90572,48.057,0,85,67,44,2760,10501,5.13629,165,16.9775,0,0,5430,7530919184
298.641,3.3485,48.057,0,85,67,44,2760,10501,5.13629,165,16.9775,0,0,5430,7534268124
573.901,1.74246,48.057,0,85,67,44,2760,10501,5.13629,165,16.9775,0,0,5430,7536010836
326.52,3.0626,48.057,0,85,67,44,2760,10501,5.13629,165,16.9775,0,0,5430,7539073949
262.145,3.81468,48.057,0,85,67,44,2760,10501,5.13629,165,16.9775,0,0,5430,7542888962
669.843,1.49289,48.057,0,85,67,44,2760,10501,5.13629,165,16.9775,0,0,5430,7544382032
396.578,2.52157,48.057,0,85,67,44,2760,10501,5.13629,165,16.9775,0,0,5430,7546904088
269.72,3.70755,48.057,0,85,67,44,2760,10501,5.13629,165,16.9775,0,0,5430,7550611847
247.22,4.04497,48.057,0,85,67,44,2760,10501,5.13629,165,16.9775,0,0,5430,7554657109
408.496,2.44801,48.057,0,85,67,44,2760,10501,5.13629,165,16.9775,0,0,5430,7557105480
645.724,1.54865,48.057,0,85,67,44,2760,10501,5.13629,165,16.9775,0,0,5430,7558654474
585.408,1.70821,48.057,0,85,67,44,2760,10501,5.13629,165,16.9775,0,0,5430,7560362984
326.7,3.06091,48.057,0,85,67,44,2760,10501,5.13629,165,16.9775,0,0,5430,7563424193
374.378,2.6711,48.057,0,85,67,44,2760,10501,5.13629,165,16.9775,0,0,5430,7566098023
308.185,3.2448,47.4774,0,85,67,44,2760,10501,5.13629,165,16.9819,0,0,5435,7569340777
536.642,1.86344,47.4774,0,85,67,44,2760,10501,5.13629,165,16.9819,0,0,5435,7571204618
338.41,2.95499,47.4774,0,85,67,44,2760,10501,5.13629,165,16.9819,0,0,5435,7574159872
266.07,3.7584,47.4774,0,85,67,44,2760,10501,5.13629,165,16.9819,0,0,5435,7577918768
553.202,1.80766,47.4774,0,85,67,44,2760,10501,5.13629,165,16.9819,0,0,5435,7579726530
402.551,2.48416,47.4774,0,85,67,44,2760,10501,5.13629,165,16.9819,0,0,5435,7582211008
372.075,2.68763,47.4774,0,85,67,44,2760,10501,5.13629,165,16.9819,0,0,5435,7584898897
284.882,3.51022,47.4774,0,85,67,44,2760,10501,5.13629,165,16.9819,0,0,5435,7588409419
572.974,1.74528,47.4774,0,85,67,44,2760,10501,5.13629,165,16.9819,0,0,5435,7590155084
314.939,3.17521,47.4774,0,85,67,44,2760,10501,5.13629,165,16.9819,0,0,5435,7593330595
393.382,2.54206,47.4774,0,85,67,44,2760,10501,5.13629,165,16.9819,0,0,5435,7595872959
450.529,2.21961,47.4774,0,85,67,44,2760,10501,5.13629,165,16.9819,0,0,5435,7598092919
310.837,3.21712,47.4774,0,85,67,44,2760,10501,5.13629,165,16.9819,0,0,5435,7601310508
293.833,3.40329,47.4774,0,85,67,44,2760,10501,5.13629,165,16.9819,0,0,5435,7604713978
531.851,1.88023,47.4774,0,85,67,44,2760,10501,5.13629,165,16.9819,0,0,5435,7606594676
410.789,2.43434,47.4774,0,85,67,44,2760,10501,5.13629,165,16.9819,0,0,5435,7609029249
292.526,3.4185,47.4774,0,85,67,44,2760,10501,5.13629,165,16.9819,0,0,5435,7612448268
600.119,1.66633,47.4774,0,85,67,44,2760,10501,5.13629,165,16.9819,0,0,5435,7614114833
298.614,3.3488,47.4774,0,85,67,44,2760,10501,5.13629,165,16.9819,0,0,5435,7617463917
438.817,2.27886,47.4774,0,85,67,44,2760,10501,5.13629,165,16.9819,0,0,5435,7619743090
273.462,3.65682,47.4774,0,85,67,44,2760,10501,5.13629,165,16.9819,0,0,5435,7623400243
471.522,2.12079,47.4774,0,85,67,44,2760,10501,5.13629,165,16.9819,0,0,5435,7625521420
420.745,2.37673,47.4774,0,85,67,44,2760,10501,5.13629,165,16.9819,0,0,5435,7627898404
217.852,4.59028,47.4774,0,85,67,44,2760,10501,5.13629,165,16.9819,0,0,5435,7632489203
629.431,1.58874,47.4774,0,85,67,44,2760,10501,5.13629,165,16.9819,0,0,5435,7634078237
407.122,2.45627,47.4774,0,85,67,44,2760,10501,5.13629,165,16.9819,0,0,5435,7636534849
207.468,4.82002,47.4774,0,85,67,44,2760,10501,5.13629,165,16.9819,0,0,5435,7641355223
929.203,1.07619,47.4774,0,85,67,44,2760,10501,5.13629,165,16.9819,0,0,5435,7642431634
425.713,2.349,47.4774,0,85,67,44,2760,10501,5.13629,165,16.9819,0,0,5435,7644780886
434.173,2.30323,47.4774,0,85,67,44,2760,10501,5.13629,165,16.9819,0,0,5435,7647084435
309.531,3.2307,47.4774,0,85,67,44,2760,10501,5.13629,165,16.9819,0,0,5435,7650315476
382.769,2.61254,47.4774,0,85,67,44,2760,10501,5.13629,165,16.9819,0,0,5435,7652928488
363.249,2.75293,47.4774,0,85,67,44,2760,10501,5.13629,165,16.9819,0,0,5435,7655681734
209.274,4.77842,47.4774,0,85,67,44,2760,10501,5.13629,165,16.9819,0,0,5435,7660460626
1351.76,0.739775,47.4774,0,85,67,44,2760,10501,5.13629,165,16.9819,0,0,5435,7661200584
451.158,2.21652,47.4774,0,85,67,44,2760,10501,5.13629,165,16.9819,0,0,5435,7663417293
279.928,3.57235,47.4774,0,85,67,44,2760,10501,5.13629,165,16.9819,0,0,5435,7666990211
414.563,2.41218,47.4774,0,85,67,44,2760,10501,5.13629,165,16.9819,0,0,5435,7669402610
501.558,1.99379,47.4774,0,85,67,44,2760,10501,5.13629,165,16.9819,0,0,5435,7671396706
302.163,3.30947,47.4774,0,85,67,44,2760,10501,5.13629,165,16.9819,0,0,5435,7674706433
363.375,2.75198,47.4774,0,85,67,44,2760,10501,5.13629,165,16.9819,0,0,5435,7677458747
347.26,2.87968,47.4774,0,85,67,44,2760,10501,5.13629,165,16.9819,0,0,5435,7680338748
531.378,1.8819,47.4774,0,85,67,44,2760,10501,5.13629,165,16.9819,0,0,5435,7682223052
230.344,4.34134,47.4774,0,85,67,44,2760,10501,5.13629,165,16.9819,0,0,5435,7686563506
676.395,1.47843,47.4774,0,85,67,44,2760,10501,5.13629,165,16.9819,0,0,5435,7688042315
377.788,2.64698,47.4774,0,85,67,44,2760,10501,5.13629,165,16.9819,0,0,5435,7690689625
355.066,2.81637,47.4774,0,85,67,44,2760,10501,5.13629,165,16.9819,0,0,5435,7693506345
386.437,2.58774,47.4774,0,85,67,44,2760,10501,5.13629,165,16.9819,0,0,5435,7696094423
298.124,3.35431,47.4774,0,85,67,44,2760,10501,5.13629,165,16.9819,0,0,5435,7699449055
485.418,2.06008,47.4774,0,85,67,44,2760,10501,5.13629,165,16.9819,0,0,5435,7701509490
368.095,2.71669,47.4774,0,85,67,44,2760,10501,5.13629,165,16.9819,0,0,5435,7704226485
330.082,3.02955,47.4774,0,85,67,44,2760,10501,5.13629,165,16.9819,0,0,5435,7707256386
415.776,2.40514,47.4774,0,85,67,44,2760,10501,5.13629,165,16.9819,0,0,5435,7709661871
272.109,3.675,47.4774,0,85,67,44,2760,10501,5.13629,165,16.9819,0,0,5435,7713337100
479.813,2.08415,47.4774,0,85,67,44,2760,10501,5.13629,165,16.9819,0,0,5435,7715421680
320.36,3.12149,47.4774,0,85,67,44,2760,10501,5.13629,165,16.9819,0,0,5435,7718543458
546.651,1.82932,47.4774,0,85,67,44,2760,10501,5.13629,165,16.9819,0,0,5435,7720373174
303.479,3.29512,47.4774,0,85,67,44,2760,10501,5.13629,165,16.9819,0,0,5435,7723668583
378.345,2.64309,47.4774,0,85,67,44,2760,10501,5.13629,165,16.9819,0,0,5435,7726312182
221.223,4.52033,47.4774,0,85,67,44,2760,10501,5.13629,165,16.9819,0,0,5435,7730832805
773.496,1.29283,47.4774,0,85,67,44,2760,10501,5.13629,165,16.9819,0,0,5435,7732125916
516.007,1.93796,47.4774,0,85,67,44,2760,10501,5.13629,165,16.9819,0,0,5435,7734064251
324.719,3.07959,47.4774,0,85,67,44,2760,10501,5.13629,165,16.9819,0,0,5435,7737144210
261.542,3.82348,47.4774,0,85,67,44,2760,10501,5.13629,165,16.9819,0,0,5435,7740968022
679.391,1.47191,47.4774,0,85,67,44,2760,10501,5.13629,165,16.9819,0,0,5435,7742440273
416.397,2.40155,47.4774,0,85,67,44,2760,10501,5.13629,165,16.9819,0,0,5435,7744842162
399.905,2.50059,47.4774,0,85,67,44,2760,10501,5.13629,165,16.9819,0,0,5435,7747343063
361.872,2.76341,47.4774,0,85,67,44,2760,10501,5.13629,165,16.9819,0,0,5435,7750106993
351.366,2.84604,47.4774,0,85,67,44,2760,10501,5.13629,165,16.9819,0,0,5435,7752953483
392.302,2.54906,47.4774,0,85,67,44,2760,10501,5.13629,165,16.9819,0,0,5435,7755502675
330.696,3.02393,47.4774,0,85,67,44,2760,10501,5.13629,165,16.9819,0,0,5435,7758527123
416.945,2.3984,47.4774,0,85,67,44,2760,10501,5.13629,165,16.9819,0,0,5435,7760925608
329.852,3.03166,47.4774,0,85,67,44,2760,10501,5.13629,165,16.9819,0,0,5435,7763957614
289.838,3.4502,47.4774,0,85,67,44,2760,10501,5.13629,165,16.9819,0,0,5435,7767408124
539.348,1.85409,47.4774,0,85,67,44,2760,10501,5.13629,165,16.9819,0,0,5435,7769262504
397.378,2.5165,47.4774,0,85,67,44,2760,10501,5.13629,165,16.9819,0,0,5435,7771779272
347.697,2.87607,47.4774,0,85,67,44,2760,10501,5.13629,165,16.9819,0,0,5435,7774655676
366.369,2.72949,47.4774,0,85,67,44,2760,10501,5.13629,165,16.9819,0,0,5435,7777385489
389.624,2.56658,47.4774,0,85,67,44,2760,10501,5.13629,165,16.9819,0,0,5435,7779952432
349.971,2.85738,47.4774,0,85,67,44,2760,10501,5.13629,165,16.9819,0,0,5435,7782810066
374.677,2.66897,47.4774,0,85,67,44,2760,10501,5.13629,165,16.9819,0,0,5435,7785479406
400.519,2.49676,47.4774,0,85,67,44,2760,10501,5.13629,165,16.9819,0,0,5435,7787976442
372.47,2.68478,47.4774,0,85,67,44,2760,10501,5.13629,165,16.9819,0,0,5435,7790661581
219.779,4.55003,47.4774,0,85,67,44,2760,10501,5.13629,165,16.9819,0,0,5435,7795212205
343.953,2.90738,47.4774,0,85,67,44,2760,10501,5.13629,165,16.9819,0,0,5435,7798119938
273.133,3.66122,47.4774,0,85,67,44,2760,10501,5.13629,165,16.9819,0,0,5435,7801781359
544.057,1.83804,47.4774,0,85,67,44,2760,10501,5.13629,165,16.9819,0,0,5435,7803619633
456.247,2.1918,47.4774,0,85,67,44,2760,10501,5.13629,165,16.9819,0,0,5435,7805811765
468.421,2.13483,47.4774,0,85,67,44,2760,10501,5.13629,165,16.9819,0,0,5435,7807947058
402.733,2.48304,47.4774,0,85,67,44,2760,10501,5.13629,165,16.9819,0,0,5435,7810430391
344.101,2.90613,47.4774,0,85,67,44,2760,10501,5.13629,165,16.9819,0,0,5435,7813336614
366.398,2.72927,47.4774,0,85,67,44,2760,10501,5.13629,165,16.9819,0,0,5435,7816066177
393.694,2.54005,47.4774,0,85,67,44,2760,10501,5.13629,165,16.9819,0,0,5435,7818606676
386.173,2.58951,47.4774,0,85,67,44,2760,10501,5.13629,165,16.9819,0,0,5435,7821196437
403.114,2.48069,47.4774,0,85,67,44,2760,10501,5.13629,165,16.9819,0,0,5435,7823677376
387.817,2.57854,47.4774,0,85,67,44,2760,10501,5.13629,165,16.9819,0,0,5435,7826256242
319.706,3.12787,47.4774,0,85,67,44,2760,10501,5.13629,165,16.9819,0,0,5435,7829384376
351.594,2.84419,47.4774,0,85,67,44,2760,10501,5.13629,165,16.9819,0,0,5435,7832228828
330.321,3.02736,47.4774,0,85,67,44,2760,10501,5.13629,165,16.9819,0,0,5435,7835256555
432.122,2.31416,47.4774,0,85,67,44,2760,10501,5.13629,165,16.9819,0,0,5435,7837571085
422.578,2.36643,47.4774,0,85,67,44,2760,10501,5.13629,165,16.9819,0,0,5435,7839937799
356.713,2.80337,47.4774,0,85,67,44,2760,10501,5.13629,165,16.9819,0,0,5435,7842741499
344.84,2.8999,47.4774,0,85,67,44,2760,10501,5.13629,165,16.9819,0,0,5435,7845641732
321.33,3.11207,47.4774,0,85,67,44,2760,10501,5.13629,165,16.9819,0,0,5435,7848754087
522.249,1.9148,47.4774,0,85,67,44,2760,10501,5.13629,165,16.9819,0,0,5435,7850669161
256.51,3.89848,47.4774,0,85,67,44,2760,10501,5.13629,165,16.9819,0,0,5435,7854568177
544.413,1.83684,47.4774,0,85,67,44,2760,10501,5.13629,165,16.9819,0,0,5435,7856405239
400.09,2.49944,47.4774,0,85,67,44,2760,10501,5.13629,165,16.9819,0,0,5435,7858905150
386.569,2.58686,47.4774,0,85,67,44,2760,10501,5.13629,165,16.9819,0,0,5435,7861492199
338.544,2.95383,47.4774,0,85,67,44,2760,10501,5.13629,165,16.9819,0,0,5435,7864446240
370.231,2.70101,47.4774,0,85,67,44,2760,10501,5.13629,165,16.9819,0,0,5435,7867147658
375.177,2.66541,47.4774,0,85,67,44,2760,10501,5.13629,165,16.9819,0,0,5435,7869813402
177.686,5.62792,47.4774,0,85,67,44,2760,10501,5.13629,165,16.9819,0,0,5435,7875441553
411,2.43309,47.4774,0,85,67,44,2760,10501,5.13629,165,16.9819,0,0,5435,7877875029
330.563,3.02514,47.4774,0,85,67,44,2760,10501,5.13629,165,16.9819,0,0,5435,7880900728
2558.84,0.390802,47.4774,0,85,67,44,2760,10501,5.13629,165,16.9819,0,0,5435,7881291164
426.806,2.34298,47.4774,0,85,67,44,2760,10501,5.13629,165,16.9819,0,0,5435,7883634704
262.919,3.80346,47.4774,0,85,67,44,2760,10501,5.13629,165,16.9819,0,0,5435,7887438400
510.68,1.95817,47.4774,0,85,67,44,2760,10501,5.13629,165,16.9819,0,0,5435,7889396879
416.242,2.40245,47.4774,0,85,67,44,2760,10501,5.13629,165,16.9819,0,0,5435,7891799633
285.2,3.50631,47.4774,0,85,67,44,2760,10501,5.13629,165,16.9819,0,0,5435,7895306300
507.275,1.97132,47.4774,0,85,67,44,2760,10501,5.13629,165,16.9819,0,0,5435,7897277943
409.987,2.4391,47.4774,0,85,67,44,2760,10501,5.13629,165,16.9819,0,0,5435,7899717467
282.874,3.53514,47.4774,0,85,67,44,2760,10501,5.13629,165,16.9819,0,0,5435,7903252894
471.054,2.1229,47.4774,0,85,67,44,2760,10501,5.13629,165,16.9819,0,0,5435,7905376043
395.755,2.52682,47.4774,0,85,67,44,2760,10501,5.13629,165,16.9819,0,0,5435,7907903109
376.548,2.6557,47.4774,0,85,67,44,2760,10501,5.13629,165,16.9819,0,0,5435,7910559285
370.198,2.70126,47.4774,0,85,67,44,2760,10501,5.13629,165,16.9819,0,0,5435,7913260905
338.58,2.95351,47.4774,0,85,67,44,2760,10501,5.13629,165,16.9819,0,0,5435,7916214677
374.48,2.67037,47.4774,0,85,67,44,2760,10501,5.13629,165,16.9819,0,0,5435,7918885527
360.1,2.77701,47.4774,0,85,67,44,2760,10501,5.13629,165,16.9819,0,0,5435,7921662765
303.953,3.28999,47.4774,0,85,67,44,2760,10501,5.13629,165,16.9819,0,0,5435,7924953039
200.755,4.9812,47.4774,0,85,67,44,2760,10501,5.13629,165,16.9819,0,0,5435,7929934880
691.434,1.44627,47.4774,0,85,67,44,2760,10501,5.13629,165,16.9819,0,0,5435,7931381342
446.256,2.24086,47.4774,0,85,67,44,2760,10501,5.13629,165,16.9819,0,0,5435,7933622523
324.611,3.08061,47.4774,0,85,67,44,2760,10501,5.13629,165,16.9819,0,0,5435,7936703570
420.232,2.37964,47.4774,0,85,67,44,2760,10501,5.13629,165,16.9819,0,0,5435,7939083669
228.565,4.37513,47.4774,0,85,67,44,2760,10501,5.13629,165,16.9819,0,0,5435,7943458990
575.533,1.73752,47.4774,0,85,67,44,2760,10501,5.13629,165,16.9819,0,0,5435,7945196798
427.563,2.33884,47.4774,0,85,67,44,2760,10501,5.13629,165,16.9819,0,0,5435,7947536127
517.236,1.93335,47.4774,0,85,67,44,2760,10501,5.13629,165,16.9819,0,0,5435,7949469682
392.272,2.54925,47.4774,0,85,67,44,2760,10501,5.13629,165,16.9819,0,0,5435,7952019249
185.809,5.38186,47.4774,0,85,67,44,2760,10501,5.13629,165,16.9819,0,0,5435,7957401556
462.229,2.16343,47.4774,0,85,67,44,2760,10501,5.13629,165,16.9819,0,0,5435,7959565369
552.638,1.8095,47.4774,0,85,67,44,2760,10501,5.13629,165,16.9819,0,0,5435,7961375218
346.747,2.88394,47.4774,0,85,67,44,2760,10501,5.13629,165,16.9819,0,0,5435,7964259412
352.783,2.8346,47.4774,0,85,67,44,2760,10501,5.13629,165,16.9819,0,0,5435,7967094373
310.34,3.22227,47.4774,0,85,67,44,2760,10501,5.13629,165,16.9819,0,0,5435,7970316952
543.69,1.83928,47.4774,0,85,67,44,2760,10501,5.13629,165,16.9819,0,0,5435,7972156726
308.324,3.24334,47.4774,0,85,67,44,2760,10501,5.13629,165,16.9819,0,0,5435,7975400249
447.441,2.23493,47.4774,0,85,67,44,2760,10501,5.13629,165,16.9819,0,0,5435,7977635766
355.476,2.81313,47.4774,0,85,67,44,2760,10501,5.13629,165,16.9819,0,0,5435,7980449140
204.241,4.89616,47.4774,0,85,67,44,2760,10501,5.13629,165,16.9819,0,0,5435,7985345690
1373.92,0.727842,47.4774,0,85,67,44,2760,10501,5.13629,165,16.9819,0,0,5435,7986073608
381.741,2.61958,47.4774,0,85,67,44,2760,10501,5.13629,165,16.9819,0,0,5435,7988693860
397.431,2.51616,47.4774,0,85,67,44,2760,10501,5.13629,165,16.9819,0,0,5435,7991210118
431.713,2.31636,47.4774,0,85,67,44,2760,10501,5.13629,165,16.9819,0,0,5435,7993526840
356.631,2.80402,47.4774,0,85,67,44,2760,10501,5.13629,165,16.9819,0,0,5435,7996331108
390.632,2.55995,47.4774,0,85,67,44,2760,10501,5.13629,165,16.9819,0,0,5435,7998891444
355.446,2.81336,47.4774,0,85,67,44,2760,10501,5.13629,165,16.9819,0,0,5435,8001705097
391.944,2.55138,47.4774,0,85,67,44,2760,10501,5.13629,165,16.9819,0,0,5435,8004256990
249.566,4.00696,47.4774,0,85,67,44,2760,10501,5.13629,165,16.9819,0,0,5435,8008264346
263.752,3.79144,47.4774,0,85,67,44,2760,10501,5.13629,165,16.9819,0,0,5435,8012055974
576.075,1.73589,47.4774,0,85,67,44,2760,10501,5.13629,165,16.9819,0,0,5435,8013792148
541.694,1.84606,47.4774,0,85,67,44,2760,10501,5.13629,165,16.9819,0,0,5435,8015638624
368.761,2.71178,47.4774,0,85,67,44,2760,10501,5.13629,165,16.9819,0,0,5435,8018350706
382.63,2.61349,47.4774,0,85,67,44,2760,10501,5.13629,165,16.9819,0,0,5435,8020964486
322.984,3.09613,47.4774,0,85,67,44,2760,10501,5.13629,165,16.9819,0,0,5435,8024060908
358.89,2.78637,47.4774,0,85,67,44,2760,10501,5.13629,165,16.9819,0,0,5435,8026847578
189.501,5.27702,47.4774,0,85,67,44,2760,10501,5.13629,165,16.9819,0,0,5435,8032124987
1511.56,0.66157,47.4774,0,85,67,44,2760,10501,5.13629,165,16.9819,0,0,5435,8032786836
486.501,2.05549,47.4774,0,85,67,44,2760,10501,5.13629,165,16.9819,0,0,5435,8034842646
227.37,4.39811,47.4774,0,85,67,44,2760,10501,5.13629,165,16.9819,0,0,5435,8039241111
366.434,2.72901,47.4774,0,85,67,44,2760,10501,5.13629,165,16.9819,0,0,5435,8041970617
788.784,1.26777,47.4774,0,85,67,44,2760,10501,5.13629,165,16.9819,0,0,5435,8043238535
363.781,2.74891,47.4774,0,85,67,44,2760,10501,5.13629,165,16.9819,0,0,5435,8045987791
413.421,2.41884,47.4774,0,85,67,44,2760,10501,5.13629,165,16.9819,0,0,5435,8048406891
421.501,2.37247,47.4774,0,85,67,44,2760,10501,5.13629,165,16.9819,0,0,5435,8050779798
347.118,2.88087,47.4774,0,85,67,44,2760,10501,5.13629,165,16.9819,0,0,5435,8053660924
368.989,2.71011,47.4774,0,85,67,44,2760,10501,5.13629,165,16.9819,0,0,5435,8056371362
409.911,2.43955,47.4774,0,85,67,44,2760,10501,5.13629,165,16.9819,0,0,5435,8058811329
370.688,2.69769,47.4774,0,85,67,44,2760,10501,5.13629,165,16.9819,0,0,5435,8061509304
333.519,2.99833,47.4774,0,85,67,44,2760,10501,5.13629,165,16.9819,0,0,5435,8064507982
316.15,3.16306,47.4774,0,85,67,44,2760,10501,5.13629,165,16.9819,0,0,5435,8067673675
328.215,3.04679,44.7876,0,83,67,44,2760,10501,5.13707,165,16.9819,0,0,5430,8070718538
564.707,1.77083,44.7876,0,83,67,44,2760,10501,5.13707,165,16.9819,0,0,5430,8072489809
380.933,2.62514,44.7876,0,83,67,44,2760,10501,5.13707,165,16.9819,0,0,5430,8075115176
377.318,2.65028,44.7876,0,83,67,44,2760,10501,5.13707,165,16.9819,0,0,5430,8077765919
379.678,2.63381,44.7876,0,83,67,44,2760,10501,5.13707,165,16.9819,0,0,5430,8080400114
331.186,3.01945,44.7876,0,83,67,44,2760,10501,5.13707,165,16.9819,0,0,5430,8083419994
345.895,2.89105,44.7876,0,83,67,44,2760,10501,5.13707,165,16.9819,0,0,5430,8086311390
390.584,2.56027,44.7876,0,83,67,44,2760,10501,5.13707,165,16.9819,0,0,5430,8088871784
376.742,2.65434,44.7876,0,83,67,44,2760,10501,5.13707,165,16.9819,0,0,5430,8091526412
289.305,3.45656,44.7876,0,83,67,44,2760,10501,5.13707,165,16.9819,0,0,5430,8094983394
451.384,2.21541,44.7876,0,83,67,44,2760,10501,5.13707,165,16.9819,0,0,5430,8097199016
318.785,3.13691,44.7876,0,83,67,44,2760,10501,5.13707,165,16.9819,0,0,5430,8100336170
526.218,1.90035,44.7876,0,83,67,44,2760,10501,5.13707,165,16.9819,0,0,5430,8102236879
256.177,3.90355,44.7876,0,83,67,44,2760,10501,5.13707,165,16.9819,0,0,5430,8106140866
274.377,3.64462,44.7876,0,83,67,44,2760,10501,5.13707,165,16.9819,0,0,5430,8109785758
908.441,1.10079,44.7876,0,83,67,44,2760,10501,5.13707,165,16.9819,0,0,5430,8110886872
472.143,2.118,44.7876,0,83,67,44,2760,10501,5.13707,165,16.9819,0,0,5430,8113005184
291.462,3.43098,44.7876,0,83,67,44,2760,10501,5.13707,165,16.9819,0,0,5430,8116436559
403.27,2.47973,44.7876,0,83,67,44,2760,10501,5.13707,165,16.9819,0,0,5430,8118916518
273.588,3.65513,44.7876,0,83,67,44,2760,10501,5.13707,165,16.9819,0,0,5430,8122572131
287.915,3.47324,44.7876,0,83,67,44,2760,10501,5.13707,165,16.9819,0,0,5430,8126045748
650.222,1.53794,44.7876,0,83,67,44,2760,10501,5.13707,165,16.9819,0,0,5430,8127583983
550.36,1.81699,44.7876,0,83,67,44,2760,10501,5.13707,165,16.9819,0,0,5430,8129401294
323.497,3.09122,44.7876,0,83,67,44,2760,10501,5.13707,165,16.9819,0,0,5430,8132492927
332.764,3.00513,44.7876,0,83,67,44,2760,10501,5.13707,165,16.9819,0,0,5430,8135498317
437.952,2.28336,44.7876,0,83,67,44,2760,10501,5.13707,165,16.9819,0,0,5430,8137782048
341.027,2.93232,44.7876,0,83,67,44,2760,10501,5.13707,165,16.9819,0,0,5430,8140714656
342.733,2.91772,44.7876,0,83,67,44,2760,10501,5.13707,165,16.9819,0,0,5430,8143632668
502.666,1.98939,44.7876,0,83,67,44,2760,10501,5.13707,165,16.9819,0,0,5430,8145622398
305.821,3.26989,44.7876,0,83,67,44,2760,10501,5.13707,165,16.9819,0,0,5430,8148892768
406.04,2.46281,44.7876,0,83,67,44,2760,10501,5.13707,165,16.9819,0,0,5430,8151355803
391.21,2.55617,44.7876,0,83,67,44,2760,10501,5.13707,165,16.9819,0,0,5430,8153912274
347.048,2.88144,44.7876,0,83,67,44,2760,10501,5.13707,165,16.9819,0,0,5430,8156794169
337.735,2.9609,44.7876,0,83,67,44,2760,10501,5.13707,165,16.9819,0,0,5430,8159755298
501.844,1.99265,44.7876,0,83,67,44,2760,10501,5.13707,165,16.9819,0,0,5430,8161748221
319.884,3.12613,44.7876,0,83,67,44,2760,10501,5.13707,165,16.9819,0,0,5430,8164874711
396.768,2.52036,44.7876,0,83,67,44,2760,10501,5.13707,165,16.9819,0,0,5430,8167395420
355.007,2.81684,44.7876,0,83,67,44,2760,10501,5.13707,165,16.9819,0,0,5430,8170212535
322.611,3.09971,44.7876,0,83,67,44,2760,10501,5.13707,165,16.9819,0,0,5430,8173312553
225.572,4.43318,44.7876,0,83,67,44,2760,10501,5.13707,165,16.9819,0,0,5430,8177745933
612.342,1.63307,44.7876,0,83,67,44,2760,10501,5.13707,165,16.9819,0,0,5430,8179379228
336.927,2.968,44.7876,0,83,67,44,2760,10501,5.13707,165,16.9819,0,0,5430,8182347674
520.302,1.92196,44.7876,0,83,67,44,2760,10501,5.13707,165,16.9819,0,0,5430,8184270008
399.052,2.50594,44.7876,0,83,67,44,2760,10501,5.13707,165,16.9819,0,0,5430,8186776189
350.893,2.84987,44.7876,0,83,67,44,2760,10501,5.13707,165,16.9819,0,0,5430,8189626429
395.214,2.53028,44.7876,0,83,67,44,2760,10501,5.13707,165,16.9819,0,0,5430,8192157034
423.739,2.35995,44.7876,0,83,67,44,2760,10501,5.13707,165,16.9819,0,0,5430,8194517286
309.628,3.22969,44.7876,0,83,67,44,2760,10501,5.13707,165,16.9819,0,0,5430,8197747472
412.119,2.42649,44.7876,0,83,67,44,2760,10501,5.13707,165,16.9819,0,0,5430,8200174294
275.75,3.62648,44.7876,0,83,67,44,2760,10501,5.13707,165,16.9819,0,0,5430,8203800974
408.854,2.44586,44.7876,0,83,67,44,2760,10501,5.13707,165,16.9819,0,0,5430,8206247124
255.061,3.92062,44.7876,0,83,67,44,2760,10501,5.13707,165,16.9819,0,0,5430,8210168083
579.248,1.72638,44.7876,0,83,67,44,2760,10501,5.13707,165,16.9819,0,0,5430,8211894805
541.586,1.84643,44.7876,0,83,67,44,2760,10501,5.13707,165,16.9819,0,0,5430,8213741492
420.472,2.37828,44.7876,0,83,67,44,2760,10501,5.13707,165,16.9819,0,0,5430,8216120149
327.72,3.05138,44.7876,0,83,67,44,2760,10501,5.13707,165,16.9819,0,0,5430,8219171934
398.686,2.50824,44.7876,0,83,67,44,2760,10501,5.13707,165,16.9819,0,0,5430,8221680423
348.236,2.87162,44.7876,0,83,67,44,2760,10501,5.13707,165,16.9819,0,0,5430,8224552356
436.467,2.29113,44.7876,0,83,67,44,2760,10501,5.13707,165,16.9819,0,0,5430,8226843828
260.13,3.84423,44.7876,0,83,67,44,2760,10501,5.13707,165,16.9819,0,0,5430,8230688303
588.618,1.69889,44.7876,0,83,67,44,2760,10501,5.13707,165,16.9819,0,0,5430,8232387524
406.85,2.45791,44.7876,0,83,67,44,2760,10501,5.13707,165,16.9819,0,0,5430,8234845684
314.961,3.175,44.7876,0,83,67,44,2760,10501,5.13707,165,16.9819,0,0,5430,8238021012
298.048,3.35516,44.7876,0,83,67,44,2760,10501,5.13707,165,16.9819,0,0,5430,8241376471
500.72,1.99713,44.7876,0,83,67,44,2760,10501,5.13707,165,16.9819,0,0,5430,8243373962
402.326,2.48554,44.7876,0,83,67,44,2760,10501,5.13707,165,16.9819,0,0,5430,8245859843
367.174,2.72351,44.7876,0,83,67,44,2760,10501,5.13707,165,16.9819,0,0,5430,8248583781
361.781,2.7641,44.7876,0,83,67,44,2760,10501,5.13707,165,16.9819,0,0,5430,8251348201
344.757,2.9006,44.7876,0,83,67,44,2760,10501,5.13707,165,16.9819,0,0,5430,8254249136
257.258,3.88714,44.7876,0,83,67,44,2760,10501,5.13707,165,16.9819,0,0,5430,8258136526
384.205,2.60278,44.7876,0,83,67,44,2760,10501,5.13707,165,16.9819,0,0,5430,8260739672
392.711,2.5464,44.7876,0,83,67,44,2760,10501,5.13707,165,16.9819,0,0,5430,8263286335
483.078,2.07006,44.7876,0,83,67,44,2760,10501,5.13707,165,16.9819,0,0,5430,8265356683
533.74,1.87357,44.7876,0,83,67,44,2760,10501,5.13707,165,16.9819,0,0,5430,8267230631
345.509,2.89428,44.7876,0,83,67,44,2760,10501,5.13707,165,16.9819,0,0,5430,8270125190
300.831,3.32413,44.7876,0,83,67,44,2760,10501,5.13707,165,16.9819,0,0,5430,8273449687
419.999,2.38096,44.7876,0,83,67,44,2760,10501,5.13707,165,16.9819,0,0,5430,8275830911
216.718,4.61428,44.7876,0,83,67,44,2760,10501,5.13707,165,16.9819,0,0,5430,8280445615
1068.01,0.93632,44.7876,0,83,67,44,2760,10501,5.13707,165,16.9819,0,0,5430,8281382137
270.915,3.6912,44.7876,0,83,67,44,2760,10501,5.13707,165,16.9819,0,0,5430,8285073924
535.882,1.86608,44.7876,0,83,67,44,2760,10501,5.13707,165,16.9819,0,0,5430,8286940199
219.604,4.55365,44.7876,0,83,67,44,2760,10501,5.13707,165,16.9819,0,0,5430,8291494131
576.596,1.73432,44.7876,0,83,67,44,2760,10501,5.13707,165,16.9819,0,0,5430,8293228969
553.255,1.80748,44.7876,0,83,67,44,2760,10501,5.13707,165,16.9819,0,0,5430,8295036683
259.597,3.85213,44.7876,0,83,67,44,2760,10501,5.13707,165,16.9819,0,0,5430,8298889294
652.535,1.53248,44.7876,0,83,67,44,2760,10501,5.13707,165,16.9819,0,0,5430,8300421971
430.602,2.32233,44.7876,0,83,67,44,2760,10501,5.13707,165,16.9819,0,0,5430,8302744635
348.815,2.86685,44.7876,0,83,67,44,2760,10501,5.13707,165,16.9819,0,0,5430,8305611770
369.623,2.70546,44.7876,0,83,67,44,2760,10501,5.13707,165,16.9819,0,0,5430,8308317544
124.976,8.00157,44.7876,0,83,67,44,2760,10501,5.13707,165,16.9819,0,0,5430,8316319583
539.832,1.85243,44.7876,0,83,67,44,2760,10501,5.13707,165,16.9819,0,0,5430,8318172203
789.803,1.26614,44.7876,0,83,67,44,2760,10501,5.13707,165,16.9819,0,0,5430,8319438775
337.295,2.96476,44.7876,0,83,67,44,2760,10501,5.13707,165,16.9819,0,0,5430,8322403788
360.594,2.7732,44.7876,0,83,67,44,2760,10501,5.13707,165,16.9819,0,0,5430,8325177516
291.593,3.42943,44.7876,0,83,67,44,2760,10501,5.13707,165,16.9819,0,0,5430,8328607305
536.136,1.8652,44.7876,0,83,67,44,2760,10501,5.13707,165,16.9819,0,0,5430,8330472791
381.877,2.61865,44.7876,0,83,67,44,2760,10501,5.13707,165,16.9819,0,0,5430,8333091735
359.135,2.78447,44.7876,0,83,67,44,2760,10501,5.13707,165,16.9819,0,0,5430,8335876463
382.772,2.61252,44.7876,0,83,67,44,2760,10501,5.13707,165,16.9819,0,0,5430,8338489436
289.321,3.45637,44.7876,0,83,67,44,2760,10501,5.13707,165,16.9819,0,0,5430,8341946033
196.859,5.07978,44.7876,0,83,67,44,2760,10501,5.13707,165,16.9819,0,0,5430,8347026464
1079.26,0.92656,44.7876,0,83,67,44,2760,10501,5.13707,165,16.9819,0,0,5430,8347953332
604.174,1.65515,44.7876,0,83,67,44,2760,10501,5.13707,165,16.9819,0,0,5430,8349608897
358.096,2.79255,44.7876,0,83,67,44,2760,10501,5.13707,165,16.9819,0,0,5430,8352401732
257.779,3.87929,44.7876,0,83,67,44,2760,10501,5.13707,165,16.9819,0,0,5430,8356281382
518.53,1.92853,44.7876,0,83,67,44,2760,10501,5.13707,165,16.9819,0,0,5430,8358210283
485.271,2.0607,44.7876,0,83,67,44,2760,10501,5.13707,165,16.9819,0,0,5430,8360271574
348.164,2.87221,44.7876,0,83,67,44,2760,10501,5.13707,165,16.9819,0,0,5430,8363143950
371.622,2.69091,44.7876,0,83,67,44,2760,10501,5.13707,165,16.9819,0,0,5430,8365835165
206.16,4.85061,44.7876,0,83,67,44,2760,10501,5.13707,165,16.9819,0,0,5430,8370686098
359.008,2.78545,44.7876,0,83,67,44,2760,10501,5.13707,165,16.9819,0,0,5430,8373471923
941.417,1.06223,44.7876,0,83,67,44,2760,10501,5.13707,165,16.9819,0,0,5430,8374534468
360.546,2.77357,44.7876,0,83,67,44,2760,10501,5.13707,165,16.9819,0,0,5430,8377308321
474.203,2.1088,44.7876,0,83,67,44,2760,10501,5.13707,165,16.9819,0,0,5430,8379417556
220.142,4.54252,44.7876,0,83,67,44,2760,10501,5.13707,165,16.9819,0,0,5430,8383960478
1090.6,0.916925,44.7876,0,83,67,44,2760,10501,5.13707,165,16.9819,0,0,5430,8384877461
378.534,2.64177,44.7876,0,83,67,44,2760,10501,5.13707,165,16.9819,0,0,5430,8387519588
355.761,2.81087,44.7876,0,83,67,44,2760,10501,5.13707,165,16.9819,0,0,5430,8390330846
392.56,2.54738,44.7876,0,83,67,44,2760,10501,5.13707,165,16.9819,0,0,5430,8392878519
255.896,3.90784,44.7876,0,83,67,44,2760,10501,5.13707,165,16.9819,0,0,5430,8396786747
618.548,1.61669,44.7876,0,83,67,44,2760,10501,5.13707,165,16.9819,0,0,5430,8398403782
391.314,2.55549,44.7876,0,83,67,44,2760,10501,5.13707,165,16.9819,0,0,5430,8400959560
353.404,2.82962,44.7876,0,83,67,44,2760,10501,5.13707,165,16.9819,0,0,5430,8403789444
272.788,3.66584,44.7876,0,83,67,44,2760,10501,5.13707,165,16.9819,0,0,5430,8407455866
472.533,2.11625,44.7876,0,83,67,44,2760,10501,5.13707,165,16.9819,0,0,5430,8409572351
506.243,1.97534,44.7876,0,83,67,44,2760,10501,5.13707,165,16.9819,0,0,5430,8411548110
362.08,2.76182,44.7876,0,83,67,44,2760,10501,5.13707,165,16.9819,0,0,5430,8414310183
323.971,3.0867,44.7876,0,83,67,44,2760,10501,5.13707,165,16.9819,0,0,5430,8417397268
365.098,2.73899,44.7876,0,83,67,44,2760,10501,5.13707,165,16.9819,0,0,5430,8420136735
270.44,3.69768,44.7876,0,83,67,44,2760,10501,5.13707,165,16.9819,0,0,5430,8423834793
560.867,1.78295,44.7876,0,83,67,44,2760,10501,5.13707,165,16.9819,0,0,5430,8425617988
266.875,3.74707,44.7876,0,83,67,44,2760,10501,5.13707,165,16.9819,0,0,5430,8429365575
608.483,1.64343,44.7876,0,83,67,44,2760,10501,5.13707,165,16.9819,0,0,5430,8431009304
385.361,2.59497,44.7876,0,83,67,44,2760,10501,5.13707,165,16.9819,0,0,5430,8433604516
357.117,2.8002,44.7876,0,83,67,44,2760,10501,5.13707,165,16.9819,0,0,5430,8436405063
373.595,2.6767,44.7876,0,83,67,44,2760,10501,5.13707,165,16.9819,0,0,5430,8439082085
193.733,5.16174,44.7876,0,83,67,44,2760,10501,5.13707,165,16.9819,0,0,5430,8444244173
910.804,1.09793,44.7876,0,83,67,44,2760,10501,5.13707,165,16.9819,0,0,5430,8445342027
483.278,2.0692,44.7876,0,83,67,44,2760,10501,5.13707,165,16.9819,0,0,5430,8447411760
277.631,3.6019,44.7876,0,83,67,44,2760,10501,5.13707,165,16.9819,0,0,5430,8451014257
595.17,1.68019,44.7876,0,83,67,44,2760,10501,5.13707,165,16.9819,0,0,5430,8452694650
194.674,5.1368,44.7876,0,83,67,44,2760,10501,5.13707,165,16.9819,0,0,5430,8457832140
1445.98,0.691571,44.7876,0,83,67,44,2760,10501,5.13707,165,16.9819,0,0,5430,8458523587
398.402,2.51003,44.7876,0,83,67,44,2760,10501,5.13707,165,16.9819,0,0,5430,8461033989
305.979,3.2682,44.7876,0,83,67,44,2760,10501,5.13707,165,16.9819,0,0,5430,8464302637
467.808,2.13763,44.7876,0,83,67,44,2760,10501,5.13707,165,16.9819,0,0,5430,8466440652
311.131,3.21408,44.7876,0,83,67,44,2760,10501,5.13707,165,16.9819,0,0,5430,8469654866
413.972,2.41562,44.7876,0,83,67,44,2760,10501,5.13707,165,16.9819,0,0,5430,8472070832
393.025,2.54436,44.7876,0,83,67,44,2760,10501,5.13707,165,16.9819,0,0,5430,8474615523
319.559,3.12932,44.7876,0,83,67,44,2760,10501,5.13707,165,16.9819,0,0,5430,8477745158
494.123,2.02379,44.7876,0,83,67,44,2760,10501,5.13707,165,16.9819,0,0,5430,8479769043
384.523,2.60063,44.7876,0,83,67,44,2760,10501,5.13707,165,16.9819,0,0,5430,8482370227
325.63,3.07097,44.7876,0,83,67,44,2760,10501,5.13707,165,16.9819,0,0,5430,8485441378
240.481,4.15833,44.7876,0,83,67,44,2760,10501,5.13707,165,16.9819,0,0,5430,8489600057
821.218,1.2177,44.7876,0,83,67,44,2760,10501,5.13707,165,16.9819,0,0,5430,8490818098
371.602,2.69105,44.7876,0,83,67,44,2760,10501,5.13707,165,16.9819,0,0,5430,8493509689
329.478,3.0351,44.7876,0,83,67,44,2760,10501,5.13707,165,16.9819,0,0,5430,8496544906
448.017,2.23206,44.7876,0,83,67,44,2760,10501,5.13707,165,16.9819,0,0,5430,8498777261
365.721,2.73432,44.7876,0,83,67,44,2760,10501,5.13707,165,16.9819,0,0,5430,8501511862
216.165,4.6261,44.7876,0,83,67,44,2760,10501,5.13707,165,16.9819,0,0,5430,8506138403
1715.86,0.582799,44.7876,0,83,67,44,2760,10501,5.13707,165,16.9819,0,0,5430,8506721528
316.623,3.15833,44.7876,0,83,67,44,2760,10501,5.13707,165,16.9819,0,0,5430,8509880202
366.345,2.72967,44.7876,0,83,67,44,2760,10501,5.13707,165,16.9819,0,0,5430,8512610313
356.239,2.8071,44.7876,0,83,67,44,2760,10501,5.13707,165,16.9819,0,0,5430,8515417754
489.115,2.04451,44.7876,0,83,67,44,2760,10501,5.13707,165,16.9819,0,0,5430,8517462573
362.748,2.75674,44.7876,0,83,67,44,2760,10501,5.13707,165,16.9819,0,0,5430,8520219724
197.864,5.05399,44.7876,0,83,67,44,2760,10501,5.13707,165,16.9819,0,0,5430,8525274067
916.552,1.09105,44.7876,0,83,67,44,2760,10501,5.13707,165,16.9819,0,0,5430,8526365469
451.434,2.21516,44.7876,0,83,67,44,2760,10501,5.13707,165,16.9819,0,0,5430,8528581025
208.653,4.79264,44.7876,0,83,67,44,2760,10501,5.13707,165,16.9819,0,0,5430,8533374119
1306.14,0.765613,44.7876,0,83,67,44,2760,10501,5.13707,165,16.9819,0,0,5430,8534142712
342.827,2.91692,44.7876,0,83,67,44,2760,10501,5.13707,165,16.9819,0,0,5430,8537057281
390.144,2.56315,44.7876,0,83,67,44,2760,10501,5.13707,165,16.9819,0,0,5430,8539620810
272.566,3.66884,44.7876,0,83,67,44,2760,10501,5.13707,165,16.9819,0,0,5430,8543289895
568.514,1.75897,44.7876,0,83,67,44,2760,10501,5.13707,165,16.9819,0,0,5430,8545049079
354.829,2.81826,44.7876,0,83,67,44,2760,10501,5.13707,165,16.9819,0,0,5430,8547867694
327.864,3.05005,44.7876,0,83,67,44,2760,10501,5.13707,165,16.9819,0,0,5430,8550918037
370.446,2.69945,44.7876,0,83,67,44,2760,10501,5.13707,165,16.9819,0,0,5430,8553617811
399.37,2.50394,44.7876,0,83,67,44,2760,10501,5.13707,165,16.9819,0,0,5430,8556122318
228.375,4.37877,44.7876,0,83,67,44,2760,10501,5.13707,165,16.9819,0,0,5430,8560501360
320.066,3.12436,44.7876,0,83,67,44,2760,10501,5.13707,165,16.9819,0,0,5430,8563625955
485.902,2.05803,44.7876,0,83,67,44,2760,10501,5.13707,165,16.9819,0,0,5430,8565684496
414.891,2.41027,44.7876,0,83,67,44,2760,10501,5.13707,165,16.9819,0,0,5430,8568096741
498.944,2.00423,44.8635,0,82,67,44,2760,10501,5.13629,165,16.9799,0,0,5438,8570099587
419.976,2.38109,44.8635,0,82,67,44,2760,10501,5.13629,165,16.9799,0,0,5438,8572480985
275.774,3.62616,44.8635,0,82,67,44,2760,10501,5.13629,165,16.9799,0,0,5438,8576107434
464.017,2.15509,44.8635,0,82,67,44,2760,10501,5.13629,165,16.9799,0,0,5438,8578262843
374.453,2.67056,44.8635,0,82,67,44,2760,10501,5.13629,165,16.9799,0,0,5438,8580933866
475.756,2.10192,44.8635,0,82,67,44,2760,10501,5.13629,165,16.9799,0,0,5438,8583036033
200.198,4.99505,44.8635,0,82,67,44,2760,10501,5.13629,165,16.9799,0,0,5438,8588031441
438.756,2.27917,44.8635,0,82,67,44,2760,10501,5.13629,165,16.9799,0,0,5438,8590310941
607.566,1.64591,44.8635,0,82,67,44,2760,10501,5.13629,165,16.9799,0,0,5438,8591957122
354.422,2.8215,44.8635,0,82,67,44,2760,10501,5.13629,165,16.9799,0,0,5438,8594778976
351.139,2.84788,44.8635,0,82,67,44,2760,10501,5.13629,165,16.9799,0,0,5438,8597627236
425.45,2.35045,44.8635,0,82,67,44,2760,10501,5.13629,165,16.9799,0,0,5438,8599977921
201.159,4.97119,44.8635,0,82,67,44,2760,10501,5.13629,165,16.9799,0,0,5438,8604949415
563.148,1.77573,44.8635,0,82,67,44,2760,10501,5.13629,165,16.9799,0,0,5438,8606725542
540.874,1.84886,44.8635,0,82,67,44,2760,10501,5.13629,165,16.9799,0,0,5438,8608574605
376.38,2.65689,44.8635,0,82,67,44,2760,10501,5.13629,165,16.9799,0,0,5438,8611231790
319.797,3.12698,44.8635,0,82,67,44,2760,10501,5.13629,165,16.9799,0,0,5438,8614359127
546.711,1.82912,44.8635,0,82,67,44,2760,10501,5.13629,165,16.9799,0,0,5438,8616188563
306.342,3.26432,44.8635,0,82,67,44,2760,10501,5.13629,165,16.9799,0,0,5438,8619453212
349.968,2.8574,44.8635,0,82,67,44,2760,10501,5.13629,165,16.9799,0,0,5438,8622310933
380.303,2.62948,44.8635,0,82,67,44,2760,10501,5.13629,165,16.9799,0,0,5438,8624940656
312.878,3.19614,44.8635,0,82,67,44,2760,10501,5.13629,165,16.9799,0,0,5438,8628137235
305.429,3.27408,44.8635,0,82,67,44,2760,10501,5.13629,165,16.9799,0,0,5438,8631411701
350.159,2.85585,44.8635,0,82,67,44,2760,10501,5.13629,165,16.9799,0,0,5438,8634267788
347.87,2.87463,44.8635,0,82,67,44,2760,10501,5.13629,165,16.9799,0,0,5438,8637142779
291.71,3.42807,44.8635,0,82,67,44,2760,10501,5.13629,165,16.9799,0,0,5438,8640571154
566.812,1.76425,44.8635,0,82,67,44,2760,10501,5.13629,165,16.9799,0,0,5438,8642335723
469.544,2.12973,44.8635,0,82,67,44,2760,10501,5.13629,165,16.9799,0,0,5438,8644465766
253.307,3.94778,44.8635,0,82,67,44,2760,10501,5.13629,165,16.9799,0,0,5438,8648414005
688.308,1.45284,44.8635,0,82,67,44,2760,10501,5.13629,165,16.9799,0,0,5438,8649867179
369.629,2.70542,44.8635,0,82,67,44,2760,10501,5.13629,165,16.9799,0,0,5438,8652573078
288.348,3.46803,44.8635,0,82,67,44,2760,10501,5.13629,165,16.9799,0,0,5438,8656041214
541.265,1.84752,44.8635,0,82,67,44,2760,10501,5.13629,165,16.9799,0,0,5438,8657889026
353.55,2.82845,44.8635,0,82,67,44,2760,10501,5.13629,165,16.9799,0,0,5438,8660717833
345.999,2.89018,44.8635,0,82,67,44,2760,10501,5.13629,165,16.9799,0,0,5438,8663608325
205.994,4.85451,44.8635,0,82,67,44,2760,10501,5.13629,165,16.9799,0,0,5438,8668463238
527.358,1.89625,44.8635,0,82,67,44,2760,10501,5.13629,165,16.9799,0,0,5438,8670359754
571.413,1.75005,44.8635,0,82,67,44,2760,10501,5.13629,165,16.9799,0,0,5438,8672110082
404.145,2.47436,44.8635,0,82,67,44,2760,10501,5.13629,165,16.9799,0,0,5438,8674584897
265.576,3.7654,44.8635,0,82,67,44,2760,10501,5.13629,165,16.9799,0,0,5438,8678350716
530.673,1.8844,44.8635,0,82,67,44,2760,10501,5.13629,165,16.9799,0,0,5438,8680235356
378.333,2.64318,44.8635,0,82,67,44,2760,10501,5.13629,165,16.9799,0,0,5438,8682878868
322.818,3.09772,44.8635,0,82,67,44,2760,10501,5.13629,165,16.9799,0,0,5438,8685976848
532.082,1.87941,44.8635,0,82,67,44,2760,10501,5.13629,165,16.9799,0,0,5438,8687856690
366.79,2.72635,44.8635,0,82,67,44,2760,10501,5.13629,165,16.9799,0,0,5438,8690583503
212.913,4.69674,44.8635,0,82,67,44,2760,10501,5.13629,165,16.9799,0,0,5438,8695280527
313.034,3.19454,44.8635,0,82,67,44,2760,10501,5.13629,165,16.9799,0,0,5438,8698475779
427.478,2.3393,44.8635,0,82,67,44,2760,10501,5.13629,165,16.9799,0,0,5438,8700815117
1592.47,0.627954,44.8635,0,82,67,44,2760,10501,5.13629,165,16.9799,0,0,5438,8701443484
334.089,2.99322,44.8635,0,82,67,44,2760,10501,5.13629,165,16.9799,0,0,5438,8704436999
306.883,3.25857,44.8635,0,82,67,44,2760,10501,5.13629,165,16.9799,0,0,5438,8707695887
470.557,2.12514,44.8635,0,82,67,44,2760,10501,5.13629,165,16.9799,0,0,5438,8709821517
201.554,4.96146,44.8635,0,82,67,44,2760,10501,5.13629,165,16.9799,0,0,5438,8714783328
288.71,3.46368,44.8635,0,82,67,44,2760,10501,5.13629,165,16.9799,0,0,5438,8718247329
303.267,3.29743,44.8635,0,82,67,44,2760,10501,5.13629,165,16.9799,0,0,5438,8721545056
581.685,1.71915,44.8635,0,82,67,44,2760,10501,5.13629,165,16.9799,0,0,5438,8723264556
475.13,2.10469,44.8635,0,82,67,44,2760,10501,5.13629,165,16.9799,0,0,5438,8725369560
353.565,2.82834,44.8635,0,82,67,44,2760,10501,5.13629,165,16.9799,0,0,5438,8728198107
323.767,3.08864,44.8635,0,82,67,44,2760,10501,5.13629,165,16.9799,0,0,5438,8731287057
549.85,1.81868,44.8635,0,82,67,44,2760,10501,5.13629,165,16.9799,0,0,5438,8733106253
310.252,3.22319,44.8635,0,82,67,44,2760,10501,5.13629,165,16.9799,0,0,5438,8736329814
349.512,2.86114,44.8635,0,82,67,44,2760,10501,5.13629,165,16.9799,0,0,5438,8739191141
363.872,2.74822,44.8635,0,82,67,44,2760,10501,5.13629,165,16.9799,0,0,5438,8741939859
396.911,2.51946,44.8635,0,82,67,44,2760,10501,5.13629,165,16.9799,0,0,5438,8744459607
215.576,4.63874,44.8635,0,82,67,44,2760,10501,5.13629,165,16.9799,0,0,5438,8749098734
738.412,1.35426,44.8635,0,82,67,44,2760,10501,5.13629,165,16.9799,0,0,5438,8750453203
475.571,2.10274,44.8635,0,82,67,44,2760,10501,5.13629,165,16.9799,0,0,5438,8752556332
347.992,2.87363,44.8635,0,82,67,44,2760,10501,5.13629,165,16.9799,0,0,5438,8755430419
311.071,3.2147,44.8635,0,82,67,44,2760,10501,5.13629,165,16.9799,0,0,5438,8758645547
436.307,2.29196,44.8635,0,82,67,44,2760,10501,5.13629,165,16.9799,0,0,5438,8760937999
384.699,2.59943,44.8635,0,82,67,44,2760,10501,5.13629,165,16.9799,0,0,5438,8763537702
331.663,3.01511,44.8635,0,82,67,44,2760,10501,5.13629,165,16.9799,0,0,5438,8766553207
435.126,2.29818,44.8635,0,82,67,44,2760,10501,5.13629,165,16.9799,0,0,5438,8768851669
226.261,4.41968,44.8635,0,82,67,44,2760,10501,5.13629,165,16.9799,0,0,5438,8773271972
369.877,2.7036,44.8635,0,82,67,44,2760,10501,5.13629,165,16.9799,0,0,5438,8775975784
283.787,3.52377,44.8635,0,82,67,44,2760,10501,5.13629,165,16.9799,0,0,5438,8779499990
876.964,1.1403,44.8635,0,82,67,44,2760,10501,5.13629,165,16.9799,0,0,5438,8780640519
507.421,1.97075,44.8635,0,82,67,44,2760,10501,5.13629,165,16.9799,0,0,5438,8782611652
237.995,4.20178,44.8635,0,82,67,44,2760,10501,5.13629,165,16.9799,0,0,5438,8786813938
673.67,1.48441,44.8635,0,82,67,44,2760,10501,5.13629,165,16.9799,0,0,5438,8788298623
329.939,3.03086,44.8635,0,82,67,44,2760,10501,5.13629,165,16.9799,0,0,5438,8791330004
400.296,2.49815,44.8635,0,82,67,44,2760,10501,5.13629,165,16.9799,0,0,5438,8793828540
418.903,2.38719,44.8635,0,82,67,44,2760,10501,5.13629,165,16.9799,0,0,5438,8796215851
398.757,2.5078,44.8635,0,82,67,44,2760,10501,5.13629,165,16.9799,0,0,5438,8798723955
257.476,3.88385,44.8635,0,82,67,44,2760,10501,5.13629,165,16.9799,0,0,5438,8802608461
568.125,1.76017,44.8635,0,82,67,44,2760,10501,5.13629,165,16.9799,0,0,5438,8804368587
428.179,2.33547,44.8635,0,82,67,44,2760,10501,5.13629,165,16.9799,0,0,5438,8806704445
326.423,3.06351,44.8635,0,82,67,44,2760,10501,5.13629,165,16.9799,0,0,5438,8809768279
380.473,2.62831,44.8635,0,82,67,44,2760,10501,5.13629,165,16.9799,0,0,5438,8812396992
286.995,3.48438,44.8635,0,82,67,44,2760,10501,5.13629,165,16.9799,0,0,5438,8815881591
277.079,3.60907,44.8635,0,82,67,44,2760,10501,5.13629,165,16.9799,0,0,5438,8819491145
689.312,1.45072,44.8635,0,82,67,44,2760,10501,5.13629,165,16.9799,0,0,5438,8820942030
301.258,3.31941,44.8635,0,82,67,44,2760,10501,5.13629,165,16.9799,0,0,5438,8824261787
474.069,2.1094,44.8635,0,82,67,44,2760,10501,5.13629,165,16.9799,0,0,5438,8826371531
305.48,3.27353,44.8635,0,82,67,44,2760,10501,5.13629,165,16.9799,0,0,5438,8829645506
631.472,1.5836,44.8635,0,82,67,44,2760,10501,5.13629,165,16.9799,0,0,5438,8831229348
304.309,3.28613,44.8635,0,82,67,44,2760,10501,5.13629,165,16.9799,0,0,5438,8834515796
456.079,2.1926,44.8635,0,82,67,44,2760,10501,5.13629,165,16.9799,0,0,5438,8836708725
379.483,2.63517,44.8635,0,82,67,44,2760,10501,5.13629,165,16.9799,0,0,5438,8839344352
323.526,3.09094,44.8635,0,82,67,44,2760,10501,5.13629,165,16.9799,0,0,5438,8842435524
369.844,2.70384,44.8635,0,82,67,44,2760,10501,5.13629,165,16.9799,0,0,5438,8845139634
457.182,2.18731,44.8635,0,82,67,44,2760,10501,5.13629,165,16.9799,0,0,5438,8847327323
300.025,3.33306,44.8635,0,82,67,44,2760,10501,5.13629,165,16.9799,0,0,5438,8850660705
418.731,2.38817,44.8635,0,82,67,44,2760,10501,5.13629,165,16.9799,0,0,5438,8853049180
261.862,3.81881,44.8635,0,82,67,44,2760,10501,5.13629,165,16.9799,0,0,5438,8856868481
464.218,2.15416,44.8635,0,82,67,44,2760,10501,5.13629,165,16.9799,0,0,5438,8859023054
390.199,2.5628,44.8635,0,82,67,44,2760,10501,5.13629,165,16.9799,0,0,5438,8861585977
411.047,2.43281,44.8635,0,82,67,44,2760,10501,5.13629,165,16.9799,0,0,5438,8864019213
392.493,2.54782,44.8635,0,82,67,44,2760,10501,5.13629,165,16.9799,0,0,5438,8866567308
322.775,3.09813,44.8635,0,82,67,44,2760,10501,5.13629,165,16.9799,0,0,5438,8869665730
380.583,2.62755,44.8635,0,82,67,44,2760,10501,5.13629,165,16.9799,0,0,5438,8872293607
463.637,2.15686,44.8635,0,82,67,44,2760,10501,5.13629,165,16.9799,0,0,5438,8874450891
277.372,3.60527,44.8635,0,82,67,44,2760,10501,5.13629,165,16.9799,0,0,5438,8878056407
484.218,2.06519,44.8635,0,82,67,44,2760,10501,5.13629,165,16.9799,0,0,5438,8880122082
257.082,3.8898,44.8635,0,82,67,44,2760,10501,5.13629,165,16.9799,0,0,5438,8884012271
559.765,1.78646,44.8635,0,82,67,44,2760,10501,5.13629,165,16.9799,0,0,5438,8885799101
335.895,2.97712,44.8635,0,82,67,44,2760,10501,5.13629,165,16.9799,0,0,5438,8888776624
496.937,2.01233,44.8635,0,82,67,44,2760,10501,5.13629,165,16.9799,0,0,5438,8890789038
356.299,2.80663,44.8635,0,82,67,44,2760,10501,5.13629,165,16.9799,0,0,5438,8893595988
316.063,3.16392,44.8635,0,82,67,44,2760,10501,5.13629,165,16.9799,0,0,5438,8896760143
557.966,1.79222,44.8635,0,82,67,44,2760,10501,5.13629,165,16.9799,0,0,5438,8898552780
295.47,3.38444,44.8635,0,82,67,44,2760,10501,5.13629,165,16.9799,0,0,5438,8901937577
430.114,2.32496,44.8635,0,82,67,44,2760,10501,5.13629,165,16.9799,0,0,5438,8904262848
306.611,3.26147,44.8635,0,82,67,44,2760,10501,5.13629,165,16.9799,0,0,5438,8907524679
265.363,3.76842,44.8635,0,82,67,44,2760,10501,5.13629,165,16.9799,0,0,5438,8911293517
716.135,1.39638,44.8635,0,82,67,44,2760,10501,5.13629,165,16.9799,0,0,5438,8912690161
425.408,2.35068,44.8635,0,82,67,44,2760,10501,5.13629,165,16.9799,0,0,5438,8915041250
353.136,2.83177,44.8635,0,82,67,44,2760,10501,5.13629,165,16.9799,0,0,5438,8917873364
354.338,2.82216,44.8635,0,82,67,44,2760,10501,5.13629,165,16.9799,0,0,5438,8920695854
341.461,2.92859,44.8635,0,82,67,44,2760,10501,5.13629,165,16.9799,0,0,5438,8923624721
401.371,2.49146,44.8635,0,82,67,44,2760,10501,5.13629,165,16.9799,0,0,5438,8926116498
376.701,2.65463,44.8635,0,82,67,44,2760,10501,5.13629,165,16.9799,0,0,5438,8928771491
217.325,4.6014,44.8635,0,82,67,44,2760,10501,5.13629,165,16.9799,0,0,5438,8933373502
706.244,1.41594,44.8635,0,82,67,44,2760,10501,5.13629,165,16.9799,0,0,5438,8934789578
221.659,4.51144,44.8635,0,82,67,44,2760,10501,5.13629,165,16.9799,0,0,5438,8939301596
417.534,2.39501,44.8635,0,82,67,44,2760,10501,5.13629,165,16.9799,0,0,5438,8941696802
403.618,2.47759,44.8635,0,82,67,44,2760,10501,5.13629,165,16.9799,0,0,5438,8944174722
1140.51,0.876799,44.8635,0,82,67,44,2760,10501,5.13629,165,16.9799,0,0,5438,8945051828
257.73,3.88002,44.8635,0,82,67,44,2760,10501,5.13629,165,16.9799,0,0,5438,8948932161
419.234,2.3853,44.8635,0,82,67,44,2760,10501,5.13629,165,16.9799,0,0,5438,8951317991
599.244,1.66877,44.8635,0,82,67,44,2760,10501,5.13629,165,16.9799,0,0,5438,8952986778
281.069,3.55785,44.8635,0,82,67,44,2760,10501,5.13629,165,16.9799,0,0,5438,8956545023
533.77,1.87347,44.8635,0,82,67,44,2760,10501,5.13629,165,16.9799,0,0,5438,8958418730
390.732,2.5593,44.8635,0,82,67,44,2760,10501,5.13629,165,16.9799,0,0,5438,8960978413
335.572,2.97998,44.8635,0,82,67,44,2760,10501,5.13629,165,16.9799,0,0,5438,8963958696
282.152,3.54419,44.8635,0,82,67,44,2760,10501,5.13629,165,16.9799,0,0,5438,8967503248
611.55,1.63519,44.8635,0,82,67,44,2760,10501,5.13629,165,16.9799,0,0,5438,8969138698
316.206,3.16249,44.8635,0,82,67,44,2760,10501,5.13629,165,16.9799,0,0,5438,8972301506
511.202,1.95617,44.8635,0,82,67,44,2760,10501,5.13629,165,16.9799,0,0,5438,8974258053
342.955,2.91584,44.8635,0,82,67,44,2760,10501,5.13629,165,16.9799,0,0,5438,8977174218
416.139,2.40304,44.8635,0,82,67,44,2760,10501,5.13629,165,16.9799,0,0,5438,8979577405
324.42,3.08242,44.8635,0,82,67,44,2760,10501,5.13629,165,16.9799,0,0,5438,8982660269
355.024,2.81671,44.8635,0,82,67,44,2760,10501,5.13629,165,16.9799,0,0,5438,8985477287
380.382,2.62894,44.8635,0,82,67,44,2760,10501,5.13629,165,16.9799,0,0,5438,8988106519
315.079,3.17381,44.8635,0,82,67,44,2760,10501,5.13629,165,16.9799,0,0,5438,8991280780
433.698,2.30575,44.8635,0,82,67,44,2760,10501,5.13629,165,16.9799,0,0,5438,8993586858
287.731,3.47547,44.8635,0,82,67,44,2760,10501,5.13629,165,16.9799,0,0,5438,8997062696
642.596,1.55619,44.8635,0,82,67,44,2760,10501,5.13629,165,16.9799,0,0,5438,8998619258
296.707,3.37033,44.8635,0,82,67,44,2760,10501,5.13629,165,16.9799,0,0,5438,9001989930
433.7,2.30574,44.8635,0,82,67,44,2760,10501,5.13629,165,16.9799,0,0,5438,9004296094
390.266,2.56236,44.8635,0,82,67,44,2760,10501,5.13629,165,16.9799,0,0,5438,9006858613
371.868,2.68913,44.8635,0,82,67,44,2760,10501,5.13629,165,16.9799,0,0,5438,9009548117
342.655,2.91839,44.8635,0,82,67,44,2760,10501,5.13629,165,16.9799,0,0,5438,9012466811
312.974,3.19516,44.8635,0,82,67,44,2760,10501,5.13629,165,16.9799,0,0,5438,9015662352
280.286,3.56778,44.8635,0,82,67,44,2760,10501,5.13629,165,16.9799,0,0,5438,9019230405
619.532,1.61412,44.8635,0,82,67,44,2760,10501,5.13629,165,16.9799,0,0,5438,9020844815
375.157,2.66555,44.8635,0,82,67,44,2760,10501,5.13629,165,16.9799,0,0,5438,9023510837
211.401,4.73034,44.8635,0,82,67,44,2760,10501,5.13629,165,16.9799,0,0,5438,9028241526
1955.96,0.511258,44.8635,0,82,67,44,2760,10501,5.13629,165,16.9799,0,0,5438,9028753053
387.082,2.58343,44.8635,0,82,67,44,2760,10501,5.13629,165,16.9799,0,0,5438,9031336774
417.841,2.39325,44.8635,0,82,67,44,2760,10501,5.13629,165,16.9799,0,0,5438,9033730365
252.351,3.96273,44.8635,0,82,67,44,2760,10501,5.13629,165,16.9799,0,0,5438,9037693383
491.344,2.03523,44.8635,0,82,67,44,2760,10501,5.13629,165,16.9799,0,0,5438,9039728903
412.155,2.42627,44.8635,0,82,67,44,2760,10501,5.13629,165,16.9799,0,0,5438,9042157485
258.212,3.87279,44.8635,0,82,67,44,2760,10501,5.13629,165,16.9799,0,0,5438,9046030558
263.752,3.79145,44.8635,0,82,67,44,2760,10501,5.13629,165,16.9799,0,0,5438,9049822368
319,3.1348,44.8635,0,82,67,44,2760,10501,5.13629,165,16.9799,0,0,5438,9052957599
931.485,1.07355,44.8635,0,82,67,44,2760,10501,5.13629,165,16.9799,0,0,5438,9054031414
438.989,2.27796,44.8635,0,82,67,44,2760,10501,5.13629,165,16.9799,0,0,5438,9056309895
368.203,2.71589,44.8635,0,82,67,44,2760,10501,5.13629,165,16.9799,0,0,5438,9059026140
417.24,2.3967,44.8635,0,82,67,44,2760,10501,5.13629,165,16.9799,0,0,5438,9061423096
356.051,2.80858,44.8635,0,82,67,44,2760,10501,5.13629,165,16.9799,0,0,5438,9064231960
367.027,2.72459,44.8635,0,82,67,44,2760,10501,5.13629,165,16.9799,0,0,5438,9066956917
342.96,2.91579,44.8635,0,82,67,44,2760,10501,5.13629,165,16.9799,0,0,5438,9069874794
267.409,3.73959,45.1488,0,84,67,44,2760,10501,5.13629,165,16.984,0,0,5433,9073612891
440.374,2.2708,45.1488,0,84,67,44,2760,10501,5.13629,165,16.984,0,0,5433,9075883977
400.978,2.4939,45.1488,0,84,67,44,2760,10501,5.13629,165,16.984,0,0,5433,9078378350
514.546,1.94346,45.1488,0,84,67,44,2760,10501,5.13629,165,16.984,0,0,5433,9080322012
292.945,3.41361,45.1488,0,84,67,44,2760,10501,5.13629,165,16.984,0,0,5433,9083735857
388.155,2.57629,45.1488,0,84,67,44,2760,10501,5.13629,165,16.984,0,0,5433,9086312531
457.371,2.18641,45.1488,0,84,67,44,2760,10501,5.13629,165,16.984,0,0,5433,9088499258
335.477,2.98083,45.1488,0,84,67,44,2760,10501,5.13629,165,16.984,0,0,5433,9091480464
327.85,3.05018,45.1488,0,84,67,44,2760,10501,5.13629,165,16.984,0,0,5433,9094530981
453.626,2.20446,45.1488,0,84,67,44,2760,10501,5.13629,165,16.984,0,0,5433,9096735892
274.696,3.64039,45.1488,0,84,67,44,2760,10501,5.13629,165,16.984,0,0,5433,9100376514
488.512,2.04703,45.1488,0,84,67,44,2760,10501,5.13629,165,16.984,0,0,5433,9102423833
436.973,2.28847,45.1488,0,84,67,44,2760,10501,5.13629,165,16.984,0,0,5433,9104712583
340.702,2.93512,45.1488,0,84,67,44,2760,10501,5.13629,165,16.984,0,0,5433,9107648057
347.168,2.88045,45.1488,0,84,67,44,2760,10501,5.13629,165,16.984,0,0,5433,9110528789
444.713,2.24864,45.1488,0,84,67,44,2760,10501,5.13629,165,16.984,0,0,5433,9112777769
342.504,2.91968,45.1488,0,84,67,44,2760,10501,5.13629,165,16.984,0,0,5433,9115697915
323.469,3.09149,45.1488,0,84,67,44,2760,10501,5.13629,165,16.984,0,0,5433,9118789712
469.527,2.1298,45.1488,0,84,67,44,2760,10501,5.13629,165,16.984,0,0,5433,9120919851
298.598,3.34899,45.1488,0,84,67,44,2760,10501,5.13629,165,16.984,0,0,5433,9124269002
201.942,4.95192,45.1488,0,84,67,44,2760,10501,5.13629,165,16.984,0,0,5433,9129221477
2335.06,0.428255,45.1488,0,84,67,44,2760,10501,5.13629,165,16.984,0,0,5433,9129649491
439.652,2.27453,45.1488,0,84,67,44,2760,10501,5.13629,165,16.984,0,0,5433,9131924462
374.392,2.67099,45.1488,0,84,67,44,2760,10501,5.13629,165,16.984,0,0,5433,9134595917
334.315,2.99119,45.1488,0,84,67,44,2760,10501,5.13629,165,16.984,0,0,5433,9137587307
374.353,2.67127,45.1488,0,84,67,44,2760,10501,5.13629,165,16.984,0,0,5433,9140258897
355.67,2.81159,45.1488,0,84,67,44,2760,10501,5.13629,165,16.984,0,0,5433,9143070809
467.051,2.14109,45.1488,0,84,67,44,2760,10501,5.13629,165,16.984,0,0,5433,9145212208
309.751,3.2284,45.1488,0,84,67,44,2760,10501,5.13629,165,16.984,0,0,5433,9148441038
460.534,2.17139,45.1488,0,84,67,44,2760,10501,5.13629,165,16.984,0,0,5433,9150612659
196.309,5.09402,45.1488,0,84,67,44,2760,10501,5.13629,165,16.984,0,0,5433,9155707023
661.45,1.51183,45.1488,0,84,67,44,2760,10501,5.13629,165,16.984,0,0,5433,9157219045
482.544,2.07235,45.1488,0,84,67,44,2760,10501,5.13629,165,16.984,0,0,5433,9159291807
346.993,2.88191,45.1488,0,84,67,44,2760,10501,5.13629,165,16.984,0,0,5433,9162174001
369.521,2.70621,45.1488,0,84,67,44,2760,10501,5.13629,165,16.984,0,0,5433,9164880563
391.272,2.55577,45.1488,0,84,67,44,2760,10501,5.13629,165,16.984,0,0,5433,9167436611
333.235,3.00089,45.1488,0,84,67,44,2760,10501,5.13629,165,16.984,0,0,5433,9170437769
371.745,2.69001,45.1488,0,84,67,44,2760,10501,5.13629,165,16.984,0,0,5433,9173128293
486.989,2.05343,45.1488,0,84,67,44,2760,10501,5.13629,165,16.984,0,0,5433,9175182102
315.977,3.16479,45.1488,0,84,67,44,2760,10501,5.13629,165,16.984,0,0,5433,9178347228
189.963,5.26418,45.1488,0,84,67,44,2760,10501,5.13629,165,16.984,0,0,5433,9183611646
503.388,1.98654,45.1488,0,84,67,44,2760,10501,5.13629,165,16.984,0,0,5433,9185598636
427.681,2.33819,45.1488,0,84,67,44,2760,10501,5.13629,165,16.984,0,0,5433,9187937109
371.647,2.69073,45.1488,0,84,67,44,2760,10501,5.13629,165,16.984,0,0,5433,9190628046
412.433,2.42464,45.1488,0,84,67,44,2760,10501,5.13629,165,16.984,0,0,5433,9193053022
331.764,3.01419,45.1488,0,84,67,44,2760,10501,5.13629,165,16.984,0,0,5433,9196067556
310.809,3.21741,45.1488,0,84,67,44,2760,10501,5.13629,165,16.984,0,0,5433,9199285280
467.52,2.13895,45.1488,0,84,67,44,2760,10501,5.13629,165,16.984,0,0,5433,9201424621
402.764,2.48284,45.1488,0,84,67,44,2760,10501,5.13629,165,16.984,0,0,5433,9203907753
319.991,3.12509,45.1488,0,84,67,44,2760,10501,5.13629,165,16.984,0,0,5433,9207033214
327.007,3.05804,45.1488,0,84,67,44,2760,10501,5.13629,165,16.984,0,0,5433,9210091510
382.861,2.61192,45.1488,0,84,67,44,2760,10501,5.13629,165,16.984,0,0,5433,9212703828
463.001,2.15982,45.1488,0,84,67,44,2760,10501,5.13629,165,16.984,0,0,5433,9214864026
328.772,3.04162,45.1488,0,84,67,44,2760,10501,5.13629,165,16.984,0,0,5433,9217905907
430.745,2.32156,45.1488,0,84,67,44,2760,10501,5.13629,165,16.984,0,0,5433,9220227918
316.399,3.16057,45.1488,0,84,67,44,2760,10501,5.13629,165,16.984,0,0,5433,9223393410
481.753,2.07575,45.1488,0,84,67,44,2760,10501,5.13629,165,16.984,0,0,5433,9225464672
332.959,3.00337,45.1488,0,84,67,44,2760,10501,5.13629,165,16.984,0,0,5433,9228468513
426.023,2.34729,45.1488,0,84,67,44,2760,10501,5.13629,165,16.984,0,0,5433,9230816054
246.219,4.06143,45.1488,0,84,67,44,2760,10501,5.13629,165,16.984,0,0,5433,9234877989
421.525,2.37234,45.1488,0,84,67,44,2760,10501,5.13629,165,16.984,0,0,5433,9237250559
459.856,2.17459,45.1488,0,84,67,44,2760,10501,5.13629,165,16.984,0,0,5433,9239425431
376.522,2.65589,45.1488,0,84,67,44,2760,10501,5.13629,165,16.984,0,0,5433,9242081751
379.628,2.63416,45.1488,0,84,67,44,2760,10501,5.13629,165,16.984,0,0,5433,9244716196
268.714,3.72143,45.1488,0,84,67,44,2760,10501,5.13629,165,16.984,0,0,5433,9248438013
507.278,1.97131,45.1488,0,84,67,44,2760,10501,5.13629,165,16.984,0,0,5433,9250409570
406.098,2.46246,45.1488,0,84,67,44,2760,10501,5.13629,165,16.984,0,0,5433,9252872345
342.981,2.91562,45.1488,0,84,67,44,2760,10501,5.13629,165,16.984,0,0,5433,9255788309
345.873,2.89123,45.1488,0,84,67,44,2760,10501,5.13629,165,16.984,0,0,5433,9258679983
273.285,3.65918,45.1488,0,84,67,44,2760,10501,5.13629,165,16.984,0,0,5433,9262339559
593.879,1.68385,45.1488,0,84,67,44,2760,10501,5.13629,165,16.984,0,0,5433,9264023635
292.919,3.41391,45.1488,0,84,67,44,2760,10501,5.13629,165,16.984,0,0,5433,9267437875
515.925,1.93827,45.1488,0,84,67,44,2760,10501,5.13629,165,16.984,0,0,5433,9269376546
318.28,3.14188,45.1488,0,84,67,44,2760,10501,5.13629,165,16.984,0,0,5433,9272518738
400.651,2.49594,45.1488,0,84,67,44,2760,10501,5.13629,165,16.984,0,0,5433,9275014928
369.488,2.70645,45.1488,0,84,67,44,2760,10501,5.13629,165,16.984,0,0,5433,9277721712
322.186,3.1038,45.1488,0,84,67,44,2760,10501,5.13629,165,16.984,0,0,5433,9280825826
429.958,2.32581,45.1488,0,84,67,44,2760,10501,5.13629,165,16.984,0,0,5433,9283152020
390.437,2.56123,45.1488,0,84,67,44,2760,10501,5.13629,165,16.984,0,0,5433,9285713481
192.612,5.19179,45.1488,0,84,67,44,2760,10501,5.13629,165,16.984,0,0,5433,9290905781
1412.32,0.708053,45.1488,0,84,67,44,2760,10501,5.13629,165,16.984,0,0,5433,9291614026
395.238,2.53012,45.1488,0,84,67,44,2760,10501,5.13629,165,16.984,0,0,5433,9294144534
360.417,2.77456,45.1488,0,84,67,44,2760,10501,5.13629,165,16.984,0,0,5433,9296919359
390.128,2.56326,45.1488,0,84,67,44,2760,10501,5.13629,165,16.984,0,0,5433,9299483099
343.233,2.91347,45.1488,0,84,67,44,2760,10501,5.13629,165,16.984,0,0,5433,9302396659
440.305,2.27115,45.1488,0,84,67,44,2760,10501,5.13629,165,16.984,0,0,5433,9304668168
316.719,3.15738,45.1488,0,84,67,44,2760,10501,5.13629,165,16.984,0,0,5433,9307825813
396.854,2.51982,45.1488,0,84,67,44,2760,10501,5.13629,165,16.984,0,0,5433,9310345955
377.697,2.64763,45.1488,0,84,67,44,2760,10501,5.13629,165,16.984,0,0,5433,9312993919
203.146,4.92257,45.1488,0,84,67,44,2760,10501,5.13629,165,16.984,0,0,5433,9317916807
1397.43,0.715601,45.1488,0,84,67,44,2760,10501,5.13629,165,16.984,0,0,5433,9318632706
423.054,2.36376,45.1488,0,84,67,44,2760,10501,5.13629,165,16.984,0,0,5433,9320996795
370.901,2.69614,45.1488,0,84,67,44,2760,10501,5.13629,165,16.984,0,0,5433,9323693415
299.239,3.34181,45.1488,0,84,67,44,2760,10501,5.13629,165,16.984,0,0,5433,9327035643
434.802,2.2999,45.1488,0,84,67,44,2760,10501,5.13629,165,16.984,0,0,5433,9329335864
241.264,4.14483,45.1488,0,84,67,44,2760,10501,5.13629,165,16.984,0,0,5433,9333481081
489.262,2.0439,45.1488,0,84,67,44,2760,10501,5.13629,165,16.984,0,0,5433,9335525198
547.898,1.82516,45.1488,0,84,67,44,2760,10501,5.13629,165,16.984,0,0,5433,9337350654
369.573,2.70582,45.1488,0,84,67,44,2760,10501,5.13629,165,16.984,0,0,5433,9340056822
210.326,4.75454,45.1488,0,84,67,44,2760,10501,5.13629,165,16.984,0,0,5433,9344811876
610.555,1.63785,45.1488,0,84,67,44,2760,10501,5.13629,165,16.984,0,0,5433,9346450008
510.137,1.96026,45.1488,0,84,67,44,2760,10501,5.13629,165,16.984,0,0,5433,9348410469
409.842,2.43997,45.1488,0,84,67,44,2760,10501,5.13629,165,16.984,0,0,5433,9350850878
280.962,3.55921,45.1488,0,84,67,44,2760,10501,5.13629,165,16.984,0,0,5433,9354410373
274.728,3.63996,45.1488,0,84,67,44,2760,10501,5.13629,165,16.984,0,0,5433,9358050909
1636.22,0.611165,45.1488,0,84,67,44,2760,10501,5.13629,165,16.984,0,0,5433,9358662160
311.084,3.21457,45.1488,0,84,67,44,2760,10501,5.13629,165,16.984,0,0,5433,9361877067
255.328,3.91654,45.1488,0,84,67,44,2760,10501,5.13629,165,16.984,0,0,5433,9365793997
455.867,2.19362,45.1488,0,84,67,44,2760,10501,5.13629,165,16.984,0,0,5433,9367987878
257.266,3.88703,45.1488,0,84,67,44,2760,10501,5.13629,165,16.984,0,0,5433,9371875231
629.282,1.58911,45.1488,0,84,67,44,2760,10501,5.13629,165,16.984,0,0,5433,9373464813
489.333,2.0436,45.1488,0,84,67,44,2760,10501,5.13629,165,16.984,0,0,5433,9375508718
404.681,2.47108,45.1488,0,84,67,44,2760,10501,5.13629,165,16.984,0,0,5433,9377980273
337.496,2.96299,45.1488,0,84,67,44,2760,10501,5.13629,165,16.984,0,0,5433,9380943479
371.709,2.69027,45.1488,0,84,67,44,2760,10501,5.13629,165,16.984,0,0,5433,9383634050
391.169,2.55644,45.1488,0,84,67,44,2760,10501,5.13629,165,16.984,0,0,5433,9386190838
409.303,2.44318,45.1488,0,84,67,44,2760,10501,5.13629,165,16.984,0,0,5433,9388634401
324.917,3.07771,45.1488,0,84,67,44,2760,10501,5.13629,165,16.984,0,0,5433,9391712447
371.484,2.69191,45.1488,0,84,67,44,2760,10501,5.13629,165,16.984,0,0,5433,9394404634
215.927,4.6312,45.1488,0,84,67,44,2760,10501,5.13629,165,16.984,0,0,5433,9399036348
593.053,1.68619,45.1488,0,84,67,44,2760,10501,5.13629,165,16.984,0,0,5433,9400722895
422.3,2.36798,45.1488,0,84,67,44,2760,10501,5.13629,165,16.984,0,0,5433,9403091167
389.238,2.56912,45.1488,0,84,67,44,2760,10501,5.13629,165,16.984,0,0,5433,9405660590
384.173,2.60299,45.1488,0,84,67,44,2760,10501,5.13629,165,16.984,0,0,5433,9408263909
339.305,2.94721,45.1488,0,84,67,44,2760,10501,5.13629,165,16.984,0,0,5433,9411211470
420.689,2.37705,45.1488,0,84,67,44,2760,10501,5.13629,165,16.984,0,0,5433,9413588790
250.504,3.99195,45.1488,0,84,67,44,2760,10501,5.13629,165,16.984,0,0,5433,9417581107
543.588,1.83963,45.1488,0,84,67,44,2760,10501,5.13629,165,16.984,0,0,5433,9419420804
448.101,2.23164,45.1488,0,84,67,44,2760,10501,5.13629,165,16.984,0,0,5433,9421652860
256.155,3.90389,45.1488,0,84,67,44,2760,10501,5.13629,165,16.984,0,0,5433,9425557193
513.208,1.94853,45.1488,0,84,67,44,2760,10501,5.13629,165,16.984,0,0,5433,9427506048
491.129,2.03613,45.1488,0,84,67,44,2760,10501,5.13629,165,16.984,0,0,5433,9429542616
340.378,2.93791,45.1488,0,84,67,44,2760,10501,5.13629,165,16.984,0,0,5433,9432480744
309.378,3.23229,45.1488,0,84,67,44,2760,10501,5.13629,165,16.984,0,0,5433,9435713468
279.173,3.58201,45.1488,0,84,67,44,2760,10501,5.13629,165,16.984,0,0,5433,9439295839
244.354,4.09243,45.1488,0,84,67,44,2760,10501,5.13629,165,16.984,0,0,5433,9443388679
749.984,1.33336,45.1488,0,84,67,44,2760,10501,5.13629,165,16.984,0,0,5433,9444722185
609.014,1.642,45.1488,0,84,67,44,2760,10501,5.13629,165,16.984,0,0,5433,9446364481
371.5,2.69179,45.1488,0,84,67,44,2760,10501,5.13629,165,16.984,0,0,5433,9449056783
212.981,4.69526,45.1488,0,84,67,44,2760,10501,5.13629,165,16.984,0,0,5433,9453752259
486.579,2.05517,45.1488,0,84,67,44,2760,10501,5.13629,165,16.984,0,0,5433,9455807732
503.374,1.9866,45.1488,0,84,67,44,2760,10501,5.13629,165,16.984,0,0,5433,9457794616
372.668,2.68335,45.1488,0,84,67,44,2760,10501,5.13629,165,16.984,0,0,5433,9460478303
298.92,3.34538,45.1488,0,84,67,44,2760,10501,5.13629,165,16.984,0,0,5433,9463823993
394.827,2.53276,45.1488,0,84,67,44,2760,10501,5.13629,165,16.984,0,0,5433,9466357097
299.978,3.33357,45.1488,0,84,67,44,2760,10501,5.13629,165,16.984,0,0,5433,9469690969
361.314,2.76768,45.1488,0,84,67,44,2760,10501,5.13629,165,16.984,0,0,5433,9472459091
548.025,1.82473,45.1488,0,84,67,44,2760,10501,5.13629,165,16.984,0,0,5433,9474284182
381.836,2.61893,45.1488,0,84,67,44,2760,10501,5.13629,165,16.984,0,0,5433,9476903520
336.915,2.96811,45.1488,0,84,67,44,2760,10501,5.13629,165,16.984,0,0,5433,9479871803
274.004,3.64958,45.1488,0,84,67,44,2760,10501,5.13629,165,16.984,0,0,5433,9483521685
628.75,1.59046,45.1488,0,84,67,44,2760,10501,5.13629,165,16.984,0,0,5433,9485112479
312.596,3.19901,45.1488,0,84,67,44,2760,10501,5.13629,165,16.984,0,0,5433,9488311943
474.963,2.10543,45.1488,0,84,67,44,2760,10501,5.13629,165,16.984,0,0,5433,9490417562
333.082,3.00226,45.1488,0,84,67,44,2760,10501,5.13629,165,16.984,0,0,5433,9493420153
438.534,2.28033,45.1488,0,84,67,44,2760,10501,5.13629,165,16.984,0,0,5433,9495700971
345.059,2.89806,45.1488,0,84,67,44,2760,10501,5.13629,165,16.984,0,0,5433,9498599338
328.851,3.04089,45.1488,0,84,67,44,2760,10501,5.13629,165,16.984,0,0,5433,9501640517
472.379,2.11695,45.1488,0,84,67,44,2760,10501,5.13629,165,16.984,0,0,5433,9503757771
343.138,2.91428,45.1488,0,84,67,44,2760,10501,5.13629,165,16.984,0,0,5433,9506672494
414.025,2.41531,45.1488,0,84,67,44,2760,10501,5.13629,165,16.984,0,0,5433,9509088133
342.594,2.91891,45.1488,0,84,67,44,2760,10501,5.13629,165,16.984,0,0,5433,9512007270
390.421,2.56134,45.1488,0,84,67,44,2760,10501,5.13629,165,16.984,0,0,5433,9514569039
313.825,3.18649,45.1488,0,84,67,44,2760,10501,5.13629,165,16.984,0,0,5433,9517755887
408.77,2.44636,45.1488,0,84,67,44,2760,10501,5.13629,165,16.984,0,0,5433,9520202489
344.864,2.89969,45.1488,0,84,67,44,2760,10501,5.13629,165,16.984,0,0,5433,9523102490
431.122,2.31953,45.1488,0,84,67,44,2760,10501,5.13629,165,16.984,0,0,5433,9525422405
321.587,3.10958,45.1488,0,84,67,44,2760,10501,5.13629,165,16.984,0,0,5433,9528532240
452.322,2.21081,45.1488,0,84,67,44,2760,10501,5.13629,165,16.984,0,0,5433,9530743325
274.438,3.64382,45.1488,0,84,67,44,2760,10501,5.13629,165,16.984,0,0,5433,9534387678
512.316,1.95192,45.1488,0,84,67,44,2760,10501,5.13629,165,16.984,0,0,5433,9536339811
351.507,2.84489,45.1488,0,84,67,44,2760,10501,5.13629,165,16.984,0,0,5433,9539185186
196.842,5.08021,45.1488,0,84,67,44,2760,10501,5.13629,165,16.984,0,0,5433,9544265598
1220.95,0.819037,45.1488,0,84,67,44,2760,10501,5.13629,165,16.984,0,0,5433,9545084933
543.483,1.83999,45.1488,0,84,67,44,2760,10501,5.13629,165,16.984,0,0,5433,9546925437
420.217,2.37972,45.1488,0,84,67,44,2760,10501,5.13629,165,16.984,0,0,5433,9549305392
274.054,3.64891,45.1488,0,84,67,44,2760,10501,5.13629,165,16.984,0,0,5433,9552954563
437.089,2.28787,45.1488,0,84,67,44,2760,10501,5.13629,165,16.984,0,0,5433,9555242775
222.746,4.48941,45.1488,0,84,67,44,2760,10501,5.13629,165,16.984,0,0,5433,9559732551
520.039,1.92293,45.1488,0,84,67,44,2760,10501,5.13629,165,16.984,0,0,5433,9561655722
572.224,1.74757,45.1488,0,84,67,44,2760,10501,5.13629,165,16.984,0,0,5433,9563403560
328.176,3.04714,45.1488,0,84,67,44,2760,10501,5.13629,165,16.984,0,0,5433,9566451009
478.224,2.09107,45.1488,0,84,67,44,2760,10501,5.13629,165,16.984,0,0,5433,9568542560
357.823,2.79468,45.1488,0,84,67,44,2760,10501,5.13629,165,16.984,0,0,5433,9571339327
263.494,3.79515,46.1538,0,86,66,44,2760,10501,5.13629,165,16.9799,0,0,5436,9575133109
629.664,1.58815,46.1538,0,86,66,44,2760,10501,5.13629,165,16.9799,0,0,5436,9576721682
367.39,2.7219,46.1538,0,86,66,44,2760,10501,5.13629,165,16.9799,0,0,5436,9579443648
320.072,3.1243,46.1538,0,86,66,44,2760,10501,5.13629,165,16.9799,0,0,5436,9582568331
387.478,2.58079,46.1538,0,86,66,44,2760,10501,5.13629,165,16.9799,0,0,5436,9585149514
196.748,5.08263,46.1538,0,86,66,44,2760,10501,5.13629,165,16.9799,0,0,5436,9590232358
629.214,1.58928,46.1538,0,86,66,44,2760,10501,5.13629,165,16.9799,0,0,5436,9591822181
351.453,2.84533,46.1538,0,86,66,44,2760,10501,5.13629,165,16.9799,0,0,5436,9594667796
626.172,1.59701,46.1538,0,86,66,44,2760,10501,5.13629,165,16.9799,0,0,5436,9596265071
249.421,4.00929,46.1538,0,86,66,44,2760,10501,5.13629,165,16.9799,0,0,5436,9600274754
633.8,1.57778,46.1538,0,86,66,44,2760,10501,5.13629,165,16.9799,0,0,5436,9601852904
284.078,3.52016,46.1538,0,86,66,44,2760,10501,5.13629,165,16.9799,0,0,5436,9605373340
628.07,1.59218,46.1538,0,86,66,44,2760,10501,5.13629,165,16.9799,0,0,5436,9606965826
228.467,4.377,46.1538,0,86,66,44,2760,10501,5.13629,165,16.9799,0,0,5436,9611343368
1295.99,0.771613,46.1538,0,86,66,44,2760,10501,5.13629,165,16.9799,0,0,5436,9612115153
280.186,3.56906,46.1538,0,86,66,44,2760,10501,5.13629,165,16.9799,0,0,5436,9615684533
493.396,2.02677,46.1538,0,86,66,44,2760,10501,5.13629,165,16.9799,0,0,5436,9617711640
354.629,2.81984,46.1538,0,86,66,44,2760,10501,5.13629,165,16.9799,0,0,5436,9620531908
387.064,2.58355,46.1538,0,86,66,44,2760,10501,5.13629,165,16.9799,0,0,5436,9623115947
350.043,2.85679,46.1538,0,86,66,44,2760,10501,5.13629,165,16.9799,0,0,5436,9625972774
341.302,2.92995,46.1538,0,86,66,44,2760,10501,5.13629,165,16.9799,0,0,5436,9628903065
384.349,2.6018,46.1538,0,86,66,44,2760,10501,5.13629,165,16.9799,0,0,5436,9631505297
353.596,2.82809,46.1538,0,86,66,44,2760,10501,5.13629,165,16.9799,0,0,5436,9634333710
333.952,2.99444,46.1538,0,86,66,44,2760,10501,5.13629,165,16.9799,0,0,5436,9637328339
409.882,2.43973,46.1538,0,86,66,44,2760,10501,5.13629,165,16.9799,0,0,5436,9639768316
251.205,3.98082,46.1538,0,86,66,44,2760,10501,5.13629,165,16.9799,0,0,5436,9643749527
551.039,1.81475,46.1538,0,86,66,44,2760,10501,5.13629,165,16.9799,0,0,5436,9645564521
363.844,2.74843,46.1538,0,86,66,44,2760,10501,5.13629,165,16.9799,0,0,5436,9648313335
332.025,3.01182,46.1538,0,86,66,44,2760,10501,5.13629,165,16.9799,0,0,5436,9651325446
397.809,2.51377,46.1538,0,86,66,44,2760,10501,5.13629,165,16.9799,0,0,5436,9653839550
425.003,2.35293,46.1538,0,86,66,44,2760,10501,5.13629,165,16.9799,0,0,5436,9656192792
385.408,2.59465,46.1538,0,86,66,44,2760,10501,5.13629,165,16.9799,0,0,5436,9658787745
372.584,2.68396,46.1538,0,86,66,44,2760,10501,5.13629,165,16.9799,0,0,5436,9661472057
332.188,3.01034,46.1538,0,86,66,44,2760,10501,5.13629,165,16.9799,0,0,5436,9664482889
308.895,3.23735,46.1538,0,86,66,44,2760,10501,5.13629,165,16.9799,0,0,5436,9667720508
351.167,2.84764,46.1538,0,86,66,44,2760,10501,5.13629,165,16.9799,0,0,5436,9670568460
347.262,2.87967,46.1538,0,86,66,44,2760,10501,5.13629,165,16.9799,0,0,5436,9673448451
532.758,1.87702,46.1538,0,86,66,44,2760,10501,5.13629,165,16.9799,0,0,5436,9675325793
302.436,3.30649,46.1538,0,86,66,44,2760,10501,5.13629,165,16.9799,0,0,5436,9678632616
487.944,2.04942,46.1538,0,86,66,44,2760,10501,5.13629,165,16.9799,0,0,5436,9680682300
355.034,2.81663,46.1538,0,86,66,44,2760,10501,5.13629,165,16.9799,0,0,5436,9683499280
373.308,2.67875,46.1538,0,86,66,44,2760,10501,5.13629,165,16.9799,0,0,5436,9686178389
315.275,3.17184,46.1538,0,86,66,44,2760,10501,5.13629,165,16.9799,0,0,5436,9689350612
396.374,2.52287,46.1538,0,86,66,44,2760,10501,5.13629,165,16.9799,0,0,5436,9691873870
404.656,2.47124,46.1538,0,86,66,44,2760,10501,5.13629,165,16.9799,0,0,5436,9694345415
337.914,2.95933,46.1538,0,86,66,44,2760,10501,5.13629,165,16.9799,0,0,5436,9697305082
516.545,1.93594,46.1538,0,86,66,44,2760,10501,5.13629,165,16.9799,0,0,5436,9699241474
279.035,3.58377,46.1538,0,86,66,44,2760,10501,5.13629,165,16.9799,0,0,5436,9702825489
519.349,1.92549,46.1538,0,86,66,44,2760,10501,5.13629,165,16.9799,0,0,5436,9704751227
351.417,2.84562,46.1538,0,86,66,44,2760,10501,5.13629,165,16.9799,0,0,5436,9707597188
317.694,3.14768,46.1538,0,86,66,44,2760,10501,5.13629,165,16.9799,0,0,5436,9710745179
419.156,2.38574,46.1538,0,86,66,44,2760,10501,5.13629,165,16.9799,0,0,5436,9713131211
381.847,2.61885,46.1538,0,86,66,44,2760,10501,5.13629,165,16.9799,0,0,5436,9715750357
338.262,2.95629,46.1538,0,86,66,44,2760,10501,5.13629,165,16.9799,0,0,5436,9718706976
431.998,2.31483,46.1538,0,86,66,44,2760,10501,5.13629,165,16.9799,0,0,5436,9721022121
337.059,2.96684,46.1538,0,86,66,44,2760,10501,5.13629,165,16.9799,0,0,5436,9723989279
297.025,3.36672,46.1538,0,86,66,44,2760,10501,5.13629,165,16.9799,0,0,5436,9727356335
538.326,1.85761,46.1538,0,86,66,44,2760,10501,5.13629,165,16.9799,0,0,5436,9729214397
387.292,2.58203,46.1538,0,86,66,44,2760,10501,5.13629,165,16.9799,0,0,5436,9731796725
379.439,2.63547,46.1538,0,86,66,44,2760,10501,5.13629,165,16.9799,0,0,5436,9734432439
258.403,3.86993,46.1538,0,86,66,44,2760,10501,5.13629,165,16.9799,0,0,5436,9738302636
532.897,1.87653,46.1538,0,86,66,44,2760,10501,5.13629,165,16.9799,0,0,5436,9740179536
428.938,2.33134,46.1538,0,86,66,44,2760,10501,5.13629,165,16.9799,0,0,5436,9742511182
196.729,5.08312,46.1538,0,86,66,44,2760,10501,5.13629,165,16.9799,0,0,5436,9747594661
1198.75,0.834201,46.1538,0,86,66,44,2760,10501,5.13629,165,16.9799,0,0,5436,9748428949
354.446,2.82131,46.1538,0,86,66,44,2760,10501,5.13629,165,16.9799,0,0,5436,9751250659
244.244,4.09427,46.1538,0,86,66,44,2760,10501,5.13629,165,16.9799,0,0,5436,9755345451
462.371,2.16277,46.1538,0,86,66,44,2760,10501,5.13629,165,16.9799,0,0,5436,9757508447
545.899,1.83184,46.1538,0,86,66,44,2760,10501,5.13629,165,16.9799,0,0,5436,9759340768
536.559,1.86373,46.1538,0,86,66,44,2760,10501,5.13629,165,16.9799,0,0,5436,9761204716
193.208,5.17577,46.1538,0,86,66,44,2760,10501,5.13629,165,16.9799,0,0,5436,9766380813
631.882,1.58257,46.1538,0,86,66,44,2760,10501,5.13629,165,16.9799,0,0,5436,9767963713
419.251,2.38521,46.1538,0,86,66,44,2760,10501,5.13629,165,16.9799,0,0,5436,9770349178
458.561,2.18074,46.1538,0,86,66,44,2760,10501,5.13629,165,16.9799,0,0,5436,9772530232
412.524,2.4241,46.1538,0,86,66,44,2760,10501,5.13629,165,16.9799,0,0,5436,9774954660
281.66,3.55038,46.1538,0,86,66,44,2760,10501,5.13629,165,16.9799,0,0,5436,9778505539
632.386,1.58131,46.1538,0,86,66,44,2760,10501,5.13629,165,16.9799,0,0,5436,9780087189
309.396,3.2321,46.1538,0,86,66,44,2760,10501,5.13629,165,16.9799,0,0,5436,9783319586
438.401,2.28102,46.1538,0,86,66,44,2760,10501,5.13629,165,16.9799,0,0,5436,9785600807
312.539,3.1996,46.1538,0,86,66,44,2760,10501,5.13629,165,16.9799,0,0,5436,9788801088
256.535,3.8981,46.1538,0,86,66,44,2760,10501,5.13629,165,16.9799,0,0,5436,9792699421
871.868,1.14696,46.1538,0,86,66,44,2760,10501,5.13629,165,16.9799,0,0,5436,9793846768
432.697,2.31109,46.1538,0,86,66,44,2760,10501,5.13629,165,16.9799,0,0,5436,9796158096
294.132,3.39984,46.1538,0,86,66,44,2760,10501,5.13629,165,16.9799,0,0,5436,9799558268
421.764,2.37099,46.1538,0,86,66,44,2760,10501,5.13629,165,16.9799,0,0,5436,9801929588
220.983,4.52523,46.1538,0,86,66,44,2760,10501,5.13629,165,16.9799,0,0,5436,9806455077
1427.23,0.700658,46.1538,0,86,66,44,2760,10501,5.13629,165,16.9799,0,0,5436,9807156178
354.003,2.82484,46.1538,0,86,66,44,2760,10501,5.13629,165,16.9799,0,0,5436,9809981321
373.827,2.67503,46.1538,0,86,66,44,2760,10501,5.13629,165,16.9799,0,0,5436,9812656642
426.397,2.34523,46.1538,0,86,66,44,2760,10501,5.13629,165,16.9799,0,0,5436,9815002288
304.74,3.28149,46.1538,0,86,66,44,2760,10501,5.13629,165,16.9799,0,0,5436,9818284014
395.588,2.52788,46.1538,0,86,66,44,2760,10501,5.13629,165,16.9799,0,0,5436,9820812109
522.898,1.91242,46.1538,0,86,66,44,2760,10501,5.13629,165,16.9799,0,0,5436,9822724895
287.583,3.47726,46.1538,0,86,66,44,2760,10501,5.13629,165,16.9799,0,0,5436,9826202483
429.117,2.33037,46.1538,0,86,66,44,2760,10501,5.13629,165,16.9799,0,0,5436,9828533360
248.075,4.03104,46.1538,0,86,66,44,2760,10501,5.13629,165,16.9799,0,0,5436,9832564736
546.924,1.82841,46.1538,0,86,66,44,2760,10501,5.13629,165,16.9799,0,0,5436,9834393346
395.638,2.52757,46.1538,0,86,66,44,2760,10501,5.13629,165,16.9799,0,0,5436,9836921412
282.399,3.54109,46.1538,0,86,66,44,2760,10501,5.13629,165,16.9799,0,0,5436,9840462848
468.282,2.13547,46.1538,0,86,66,44,2760,10501,5.13629,165,16.9799,0,0,5436,9842598536
414.347,2.41344,46.1538,0,86,66,44,2760,10501,5.13629,165,16.9799,0,0,5436,9845012290
425.843,2.34828,46.1538,0,86,66,44,2760,10501,5.13629,165,16.9799,0,0,5436,9847360879
359.26,2.7835,46.1538,0,86,66,44,2760,10501,5.13629,165,16.9799,0,0,5436,9850144886
220.85,4.52797,46.1538,0,86,66,44,2760,10501,5.13629,165,16.9799,0,0,5436,9854673212
1268.58,0.788286,46.1538,0,86,66,44,2760,10501,5.13629,165,16.9799,0,0,5436,9855461450
201.811,4.95512,46.1538,0,86,66,44,2760,10501,5.13629,165,16.9799,0,0,5436,9860417021
314.314,3.18153,46.1538,0,86,66,44,2760,10501,5.13629,165,16.9799,0,0,5436,9863599012
1722.59,0.58052,46.1538,0,86,66,44,2760,10501,5.13629,165,16.9799,0,0,5436,9864179763
384.422,2.60131,46.1538,0,86,66,44,2760,10501,5.13629,165,16.9799,0,0,5436,9866781360
465.2,2.14961,46.1538,0,86,66,44,2760,10501,5.13629,165,16.9799,0,0,5436,9868931231
274.12,3.64804,46.1538,0,86,66,44,2760,10501,5.13629,165,16.9799,0,0,5436,9872579652
550.657,1.81601,46.1538,0,86,66,44,2760,10501,5.13629,165,16.9799,0,0,5436,9874395934
335.076,2.9844,46.1538,0,86,66,44,2760,10501,5.13629,165,16.9799,0,0,5436,9877380736
388.821,2.57188,46.1538,0,86,66,44,2760,10501,5.13629,165,16.9799,0,0,5436,9879952862
401.483,2.49077,46.1538,0,86,66,44,2760,10501,5.13629,165,16.9799,0,0,5436,9882443955
259.287,3.85674,46.1538,0,86,66,44,2760,10501,5.13629,165,16.9799,0,0,5436,9886301162
631.296,1.58404,46.1538,0,86,66,44,2760,10501,5.13629,165,16.9799,0,0,5436,9887885417
393.175,2.54339,46.1538,0,86,66,44,2760,10501,5.13629,165,16.9799,0,0,5436,9890429272
378.829,2.63971,46.1538,0,86,66,44,2760,10501,5.13629,165,16.9799,0,0,5436,9893069217
370.35,2.70015,46.1538,0,86,66,44,2760,10501,5.13629,165,16.9799,0,0,5436,9895769702
381.695,2.6199,46.1538,0,86,66,44,2760,10501,5.13629,165,16.9799,0,0,5436,9898390041
329.467,3.03521,46.1538,0,86,66,44,2760,10501,5.13629,165,16.9799,0,0,5436,9901425547
310.834,3.21715,46.1538,0,86,66,44,2760,10501,5.13629,165,16.9799,0,0,5436,9904643011
459.407,2.17672,46.1538,0,86,66,44,2760,10501,5.13629,165,16.9799,0,0,5436,9906820171
403.76,2.47672,46.1538,0,86,66,44,2760,10501,5.13629,165,16.9799,0,0,5436,9909297081
200.577,4.98562,46.1538,0,86,66,44,2760,10501,5.13629,165,16.9799,0,0,5436,9914283095
670.564,1.49128,46.1538,0,86,66,44,2760,10501,5.13629,165,16.9799,0,0,5436,9915774761
454.349,2.20095,46.1538,0,86,66,44,2760,10501,5.13629,165,16.9799,0,0,5436,9917975970
399.742,2.50161,46.1538,0,86,66,44,2760,10501,5.13629,165,16.9799,0,0,5436,9920477852
403.478,2.47845,46.1538,0,86,66,44,2760,10501,5.13629,165,16.9799,0,0,5436,9922956493
374.813,2.66799,46.1538,0,86,66,44,2760,10501,5.13629,165,16.9799,0,0,5436,9925624814
187.127,5.34397,46.1538,0,86,66,44,2760,10501,5.13629,165,16.9799,0,0,5436,9930969379
2157.56,0.463487,46.1538,0,86,66,44,2760,10501,5.13629,165,16.9799,0,0,5436,9931432779
367.858,2.71844,46.1538,0,86,66,44,2760,10501,5.13629,165,16.9799,0,0,5436,9934151582
217.267,4.60263,46.1538,0,86,66,44,2760,10501,5.13629,165,16.9799,0,0,5436,9938754709
434.539,2.30129,46.1538,0,86,66,44,2760,10501,5.13629,165,16.9799,0,0,5436,9941056228
793.001,1.26103,46.1538,0,86,66,44,2760,10501,5.13629,165,16.9799,0,0,5436,9942317627
392.105,2.55034,46.1538,0,86,66,44,2760,10501,5.13629,165,16.9799,0,0,5436,9944868241
357.875,2.79427,46.1538,0,86,66,44,2760,10501,5.13629,165,16.9799,0,0,5436,9947663009
258.309,3.87133,46.1538,0,86,66,44,2760,10501,5.13629,165,16.9799,0,0,5436,9951534553
778.732,1.28414,46.1538,0,86,66,44,2760,10501,5.13629,165,16.9799,0,0,5436,9952818932
329.15,3.03813,46.1538,0,86,66,44,2760,10501,5.13629,165,16.9799,0,0,5436,9955857573
397.501,2.51572,46.1538,0,86,66,44,2760,10501,5.13629,165,16.9799,0,0,5436,9958373504
368.287,2.71527,46.1538,0,86,66,44,2760,10501,5.13629,165,16.9799,0,0,5436,9961089048
454.153,2.2019,46.1538,0,86,66,44,2760,10501,5.13629,165,16.9799,0,0,5436,9963291458
215.529,4.63974,46.1538,0,86,66,44,2760,10501,5.13629,165,16.9799,0,0,5436,9967931798
701.679,1.42515,46.1538,0,86,66,44,2760,10501,5.13629,165,16.9799,0,0,5436,9969356788
500.303,1.99879,46.1538,0,86,66,44,2760,10501,5.13629,165,16.9799,0,0,5436,9971356105
336.927,2.968,46.1538,0,86,66,44,2760,10501,5.13629,165,16.9799,0,0,5436,9974324349
361.615,2.76537,46.1538,0,86,66,44,2760,10501,5.13629,165,16.9799,0,0,5436,9977090058
265.757,3.76284,46.1538,0,86,66,44,2760,10501,5.13629,165,16.9799,0,0,5436,9980853339
556.866,1.79576,46.1538,0,86,66,44,2760,10501,5.13629,165,16.9799,0,0,5436,9982649322
478.417,2.09022,46.1538,0,86,66,44,2760,10501,5.13629,165,16.9799,0,0,5436,9984739874
353.443,2.82931,46.1538,0,86,66,44,2760,10501,5.13629,165,16.9799,0,0,5436,9987569517
361.875,2.76338,46.1538,0,86,66,44,2760,10501,5.13629,165,16.9799,0,0,5436,9990333129
243.013,4.115,46.1538,0,86,66,44,2760,10501,5.13629,165,16.9799,0,0,5436,9994448518
513.794,1.94631,46.1538,0,86,66,44,2760,10501,5.13629,165,16.9799,0,0,5436,9996395353
352.62,2.83591,46.1538,0,86,66,44,2760,10501,5.13629,165,16.9799,0,0,5436,9999231458
526.032,1.90103,46.1538,0,86,66,44,2760,10501,5.13629,165,16.9799,0,0,5436,10001132859
399.532,2.50293,46.1538,0,86,66,44,2760,10501,5.13629,165,16.9799,0,0,5436,10003635953
339.211,2.94802,46.1538,0,86,66,44,2760,10501,5.13629,165,16.9799,0,0,5436,10006584437
341.832,2.92542,46.1538,0,86,66,44,2760,10501,5.13629,165,16.9799,0,0,5436,10009510420
407.411,2.45452,46.1538,0,86,66,44,2760,10501,5.13629,165,16.9799,0,0,5436,10011965147
443.908,2.25272,46.1538,0,86,66,44,2760,10501,5.13629,165,16.9799,0,0,5436,10014218223
338.84,2.95124,46.1538,0,86,66,44,2760,10501,5.13629,165,16.9799,0,0,5436,10017169784
209.463,4.7741,46.1538,0,86,66,44,2760,10501,5.13629,165,16.9799,0,0,5436,10021944339
537.661,1.85991,46.1538,0,86,66,44,2760,10501,5.13629,165,16.9799,0,0,5436,10023804401
277.64,3.60178,46.1538,0,86,66,44,2760,10501,5.13629,165,16.9799,0,0,5436,10027406561
634.57,1.57587,46.1538,0,86,66,44,2760,10501,5.13629,165,16.9799,0,0,5436,10028982739
421.049,2.37502,46.1538,0,86,66,44,2760,10501,5.13629,165,16.9799,0,0,5436,10031358089
243.613,4.10487,46.1538,0,86,66,44,2760,10501,5.13629,165,16.9799,0,0,5436,10035463314
483.363,2.06884,46.1538,0,86,66,44,2760,10501,5.13629,165,16.9799,0,0,5436,10037532662
467.621,2.13849,46.1538,0,86,66,44,2760,10501,5.13629,165,16.9799,0,0,5436,10039671340
318.546,3.13926,46.1538,0,86,66,44,2760,10501,5.13629,165,16.9799,0,0,5436,10042811100
510.302,1.95962,46.1538,0,86,66,44,2760,10501,5.13629,165,16.9799,0,0,5436,10044770829
268.804,3.72018,46.1538,0,86,66,44,2760,10501,5.13629,165,16.9799,0,0,5436,10048491358
533.992,1.87269,46.1538,0,86,66,44,2760,10501,5.13629,165,16.9799,0,0,5436,10050364325
363.801,2.74876,46.1538,0,86,66,44,2760,10501,5.13629,165,16.9799,0,0,5436,10053113447
383.31,2.60886,46.1538,0,86,66,44,2760,10501,5.13629,165,16.9799,0,0,5436,10055722592
428.516,2.33364,46.1538,0,86,66,44,2760,10501,5.13629,165,16.9799,0,0,5436,10058056556
379.757,2.63326,46.1538,0,86,66,44,2760,10501,5.13629,165,16.9799,0,0,5436,10060690125
254.469,3.92975,46.1538,0,86,66,44,2760,10501,5.13629,165,16.9799,0,0,5436,10064620363
568.999,1.75747,46.1538,0,86,66,44,2760,10501,5.13629,165,16.9799,0,0,5436,10066378115
334.974,2.9853,46.1538,0,86,66,44,2760,10501,5.13629,165,16.9799,0,0,5436,10069363802
327.37,3.05465,46.1538,0,86,66,44,2760,10501,5.13629,165,16.9799,0,0,5436,10072420357
367.609,2.72028,45.0323,0,85,66,44,2760,10501,5.1359,165,16.9794,0,0,5447,10075139333
413.753,2.4169,45.0323,0,85,66,44,2760,10501,5.1359,165,16.9794,0,0,5447,10077556530
402.172,2.4865,45.0323,0,85,66,44,2760,10501,5.1359,165,16.9794,0,0,5447,10080043335
430.545,2.32264,45.0323,0,85,66,44,2760,10501,5.1359,165,16.9794,0,0,5447,10082366385
325.276,3.07432,45.0323,0,85,66,44,2760,10501,5.1359,165,16.9794,0,0,5447,10085440950
326.749,3.06045,45.0323,0,85,66,44,2760,10501,5.1359,165,16.9794,0,0,5447,10088501774
442.527,2.25975,45.0323,0,85,66,44,2760,10501,5.1359,165,16.9794,0,0,5447,10090761831
372.435,2.68503,45.0323,0,85,66,44,2760,10501,5.1359,165,16.9794,0,0,5447,10093447152
352.299,2.8385,45.0323,0,85,66,44,2760,10501,5.1359,165,16.9794,0,0,5447,10096286027
423.456,2.36152,45.0323,0,85,66,44,2760,10501,5.1359,165,16.9794,0,0,5447,10098647895
198.573,5.03592,45.0323,0,85,66,44,2760,10501,5.1359,165,16.9794,0,0,5447,10103684180
1817.1,0.550327,45.0323,0,85,66,44,2760,10501,5.1359,165,16.9794,0,0,5447,10104234785
371.298,2.69325,45.0323,0,85,66,44,2760,10501,5.1359,165,16.9794,0,0,5447,10106928347
383.747,2.60589,45.0323,0,85,66,44,2760,10501,5.1359,165,16.9794,0,0,5447,10109534646
349.842,2.85843,45.0323,0,85,66,44,2760,10501,5.1359,165,16.9794,0,0,5447,10112393493
456.401,2.19105,45.0323,0,85,66,44,2760,10501,5.1359,165,16.9794,0,0,5447,10114584730
335.216,2.98315,45.0323,0,85,66,44,2760,10501,5.1359,165,16.9794,0,0,5447,10117568205
418.593,2.38896,45.0323,0,85,66,44,2760,10501,5.1359,165,16.9794,0,0,5447,10119957430
398.604,2.50876,45.0323,0,85,66,44,2760,10501,5.1359,165,16.9794,0,0,5447,10122466678
364.744,2.74165,45.0323,0,85,66,44,2760,10501,5.1359,165,16.9794,0,0,5447,10125208588
220.249,4.54032,45.0323,0,85,66,44,2760,10501,5.1359,165,16.9794,0,0,5447,10129749299
649.67,1.53924,45.0323,0,85,66,44,2760,10501,5.1359,165,16.9794,0,0,5447,10131288764
461.811,2.16539,45.0323,0,85,66,44,2760,10501,5.1359,165,16.9794,0,0,5447,10133454202
302.781,3.30272,45.0323,0,85,66,44,2760,10501,5.1359,165,16.9794,0,0,5447,10136757429
734.573,1.36134,45.0323,0,85,66,44,2760,10501,5.1359,165,16.9794,0,0,5447,10138119302
337.945,2.95906,45.0323,0,85,66,44,2760,10501,5.1359,165,16.9794,0,0,5447,10141078440
284.983,3.50898,45.0323,0,85,66,44,2760,10501,5.1359,165,16.9794,0,0,5447,10144587751
449.332,2.22553,45.0323,0,85,66,44,2760,10501,5.1359,165,16.9794,0,0,5447,10146813672
391,2.55755,45.0323,0,85,66,44,2760,10501,5.1359,165,16.9794,0,0,5447,10149371816
387.51,2.58058,45.0323,0,85,66,44,2760,10501,5.1359,165,16.9794,0,0,5447,10151952451
256.581,3.8974,45.0323,0,85,66,44,2760,10501,5.1359,165,16.9794,0,0,5447,10155850284
581.906,1.71849,45.0323,0,85,66,44,2760,10501,5.1359,165,16.9794,0,0,5447,10157568976
363.342,2.75223,45.0323,0,85,66,44,2760,10501,5.1359,165,16.9794,0,0,5447,10160321492
369.171,2.70877,45.0323,0,85,66,44,2760,10501,5.1359,165,16.9794,0,0,5447,10163030612
404.949,2.46945,45.0323,0,85,66,44,2760,10501,5.1359,165,16.9794,0,0,5447,10165500494
352.004,2.84087,45.0323,0,85,66,44,2760,10501,5.1359,165,16.9794,0,0,5447,10168341609
326.913,3.05892,45.0323,0,85,66,44,2760,10501,5.1359,165,16.9794,0,0,5447,10171400971
428.239,2.33515,45.0323,0,85,66,44,2760,10501,5.1359,165,16.9794,0,0,5447,10173736502
372.179,2.68688,45.0323,0,85,66,44,2760,10501,5.1359,165,16.9794,0,0,5447,10176423718
326.725,3.06068,45.0323,0,85,66,44,2760,10501,5.1359,165,16.9794,0,0,5447,10179484648
151.906,6.58302,45.0323,0,85,66,44,2760,10501,5.1359,165,16.9794,0,0,5447,10186068206
642.95,1.55533,45.0323,0,85,66,44,2760,10501,5.1359,165,16.9794,0,0,5447,10187623605
378.165,2.64435,45.0323,0,85,66,44,2760,10501,5.1359,165,16.9794,0,0,5447,10190268309
531.199,1.88253,45.0323,0,85,66,44,2760,10501,5.1359,165,16.9794,0,0,5447,10192151180
383.033,2.61074,45.0323,0,85,66,44,2760,10501,5.1359,165,16.9794,0,0,5447,10194762422
292.575,3.41793,45.0323,0,85,66,44,2760,10501,5.1359,165,16.9794,0,0,5447,10198180710
461.116,2.16865,45.0323,0,85,66,44,2760,10501,5.1359,165,16.9794,0,0,5447,10200349726
282.837,3.53561,45.0323,0,85,66,44,2760,10501,5.1359,165,16.9794,0,0,5447,10203885691
522.756,1.91294,45.0323,0,85,66,44,2760,10501,5.1359,165,16.9794,0,0,5447,10205798881
282.174,3.54391,45.0323,0,85,66,44,2760,10501,5.1359,165,16.9794,0,0,5447,10209343269
331.123,3.02003,45.0323,0,85,66,44,2760,10501,5.1359,165,16.9794,0,0,5447,10212363736
725.837,1.37772,45.0323,0,85,66,44,2760,10501,5.1359,165,16.9794,0,0,5447,10213741571
383.99,2.60423,45.0323,0,85,66,44,2760,10501,5.1359,165,16.9794,0,0,5447,10216346284
340.305,2.93854,45.0323,0,85,66,44,2760,10501,5.1359,165,16.9794,0,0,5447,10219285143
398.541,2.50915,45.0323,0,85,66,44,2760,10501,5.1359,165,16.9794,0,0,5447,10221794602
326.871,3.05931,45.0323,0,85,66,44,2760,10501,5.1359,165,16.9794,0,0,5447,10224854167
353.334,2.83018,45.0323,0,85,66,44,2760,10501,5.1359,165,16.9794,0,0,5447,10227684685
368.955,2.71036,45.0323,0,85,66,44,2760,10501,5.1359,165,16.9794,0,0,5447,10230395421
300.085,3.33239,45.0323,0,85,66,44,2760,10501,5.1359,165,16.9794,0,0,5447,10233728283
278.39,3.59208,45.0323,0,85,66,44,2760,10501,5.1359,165,16.9794,0,0,5447,10237320606
638.893,1.56521,45.0323,0,85,66,44,2760,10501,5.1359,165,16.9794,0,0,5447,10238886255
375.104,2.66593,45.0323,0,85,66,44,2760,10501,5.1359,165,16.9794,0,0,5447,10241552335
356.205,2.80737,45.0323,0,85,66,44,2760,10501,5.1359,165,16.9794,0,0,5447,10244360065
389.586,2.56683,45.0323,0,85,66,44,2760,10501,5.1359,165,16.9794,0,0,5447,10246927142
379.05,2.63818,45.0323,0,85,66,44,2760,10501,5.1359,165,16.9794,0,0,5447,10249565634
210.569,4.74904,45.0323,0,85,66,44,2760,10501,5.1359,165,16.9794,0,0,5447,10254315083
478.061,2.09178,45.0323,0,85,66,44,2760,10501,5.1359,165,16.9794,0,0,5447,10256407134
604.954,1.65302,45.0323,0,85,66,44,2760,10501,5.1359,165,16.9794,0,0,5447,10258060680
372.916,2.68157,45.0323,0,85,66,44,2760,10501,5.1359,165,16.9794,0,0,5447,10260742530
285.759,3.49945,45.0323,0,85,66,44,2760,10501,5.1359,165,16.9794,0,0,5447,10264242273
524.872,1.90523,45.0323,0,85,66,44,2760,10501,5.1359,165,16.9794,0,0,5447,10266147866
414.231,2.41411,45.0323,0,85,66,44,2760,10501,5.1359,165,16.9794,0,0,5447,10268562467
329.318,3.03658,45.0323,0,85,66,44,2760,10501,5.1359,165,16.9794,0,0,5447,10271599271
272.015,3.67627,45.0323,0,85,66,44,2760,10501,5.1359,165,16.9794,0,0,5447,10275276010
660.287,1.51449,45.0323,0,85,66,44,2760,10501,5.1359,165,16.9794,0,0,5447,10276790850
420.315,2.37917,45.0323,0,85,66,44,2760,10501,5.1359,165,16.9794,0,0,5447,10279170238
254.978,3.9219,45.0323,0,85,66,44,2760,10501,5.1359,165,16.9794,0,0,5447,10283092456
257.635,3.88146,45.0323,0,85,66,44,2760,10501,5.1359,165,16.9794,0,0,5447,10286974405
2160.88,0.462775,45.0323,0,85,66,44,2760,10501,5.1359,165,16.9794,0,0,5447,10287436987
239.585,4.17388,45.0323,0,85,66,44,2760,10501,5.1359,165,16.9794,0,0,5447,10291611484
588.382,1.69958,45.0323,0,85,66,44,2760,10501,5.1359,165,16.9794,0,0,5447,10293311397
584.25,1.7116,45.0323,0,85,66,44,2760,10501,5.1359,165,16.9794,0,0,5447,10295023339
345.972,2.8904,45.0323,0,85,66,44,2760,10501,5.1359,165,16.9794,0,0,5447,10297914206
320.066,3.12436,45.0323,0,85,66,44,2760,10501,5.1359,165,16.9794,0,0,5447,10301039023
521.22,1.91857,45.0323,0,85,66,44,2760,10501,5.1359,165,16.9794,0,0,5447,10302957818
332.464,3.00784,45.0323,0,85,66,44,2760,10501,5.1359,165,16.9794,0,0,5447,10305965948
262.546,3.80886,45.0323,0,85,66,44,2760,10501,5.1359,165,16.9794,0,0,5447,10309775288
655.278,1.52607,45.0323,0,85,66,44,2760,10501,5.1359,165,16.9794,0,0,5447,10311301609
308.219,3.24445,45.0323,0,85,66,44,2760,10501,5.1359,165,16.9794,0,0,5447,10314546612
287.475,3.47856,45.0323,0,85,66,44,2760,10501,5.1359,165,16.9794,0,0,5447,10318025345
403.959,2.4755,45.0323,0,85,66,44,2760,10501,5.1359,165,16.9794,0,0,5447,10320501294
477.886,2.09255,45.0323,0,85,66,44,2760,10501,5.1359,165,16.9794,0,0,5447,10322594201
497.179,2.01135,45.0323,0,85,66,44,2760,10501,5.1359,165,16.9794,0,0,5447,10324605788
392.409,2.54836,45.0323,0,85,66,44,2760,10501,5.1359,165,16.9794,0,0,5447,10327154624
307.819,3.24866,45.0323,0,85,66,44,2760,10501,5.1359,165,16.9794,0,0,5447,10330403512
373.283,2.67894,45.0323,0,85,66,44,2760,10501,5.1359,165,16.9794,0,0,5447,10333082881
433.091,2.30898,45.0323,0,85,66,44,2760,10501,5.1359,165,16.9794,0,0,5447,10335392190
384.067,2.60371,45.0323,0,85,66,44,2760,10501,5.1359,165,16.9794,0,0,5447,10337996191
330.738,3.02354,45.0323,0,85,66,44,2760,10501,5.1359,165,16.9794,0,0,5447,10341020043
275.368,3.63151,45.0323,0,85,66,44,2760,10501,5.1359,165,16.9794,0,0,5447,10344652031
496.562,2.01385,45.0323,0,85,66,44,2760,10501,5.1359,165,16.9794,0,0,5447,10346666041
503.917,1.98445,45.0323,0,85,66,44,2760,10501,5.1359,165,16.9794,0,0,5447,10348650819
342.336,2.92111,45.0323,0,85,66,44,2760,10501,5.1359,165,16.9794,0,0,5447,10351572226
400.495,2.49691,45.0323,0,85,66,44,2760,10501,5.1359,165,16.9794,0,0,5447,10354069473
374.289,2.67174,45.0323,0,85,66,44,2760,10501,5.1359,165,16.9794,0,0,5447,10356741669
367.03,2.72457,45.0323,0,85,66,44,2760,10501,5.1359,165,16.9794,0,0,5447,10359466492
324.018,3.08625,45.0323,0,85,66,44,2760,10501,5.1359,165,16.9794,0,0,5447,10362553038
416.561,2.40061,45.0323,0,85,66,44,2760,10501,5.1359,165,16.9794,0,0,5447,10364953927
296.32,3.37473,45.0323,0,85,66,44,2760,10501,5.1359,165,16.9794,0,0,5447,10368329040
288.777,3.46288,45.0323,0,85,66,44,2760,10501,5.1359,165,16.9794,0,0,5447,10371792234
622.197,1.60721,45.0323,0,85,66,44,2760,10501,5.1359,165,16.9794,0,0,5447,10373399750
389.744,2.56579,45.0323,0,85,66,44,2760,10501,5.1359,165,16.9794,0,0,5447,10375966000
379.654,2.63397,45.0323,0,85,66,44,2760,10501,5.1359,165,16.9794,0,0,5447,10378600204
365.487,2.73607,45.0323,0,85,66,44,2760,10501,5.1359,165,16.9794,0,0,5447,10381336661
387.867,2.5782,45.0323,0,85,66,44,2760,10501,5.1359,165,16.9794,0,0,5447,10383915114
346.602,2.88515,45.0323,0,85,66,44,2760,10501,5.1359,165,16.9794,0,0,5447,10386800576
342.304,2.92138,45.0323,0,85,66,44,2760,10501,5.1359,165,16.9794,0,0,5447,10389722252
490.813,2.03743,45.0323,0,85,66,44,2760,10501,5.1359,165,16.9794,0,0,5447,10391760061
408.807,2.44614,45.0323,0,85,66,44,2760,10501,5.1359,165,16.9794,0,0,5447,10394206508
187.801,5.32479,45.0323,0,85,66,44,2760,10501,5.1359,165,16.9794,0,0,5447,10399531678
1510.87,0.661869,45.0323,0,85,66,44,2760,10501,5.1359,165,16.9794,0,0,5447,10400193402
450.824,2.21816,45.0323,0,85,66,44,2760,10501,5.1359,165,16.9794,0,0,5447,10402412025
309.538,3.23062,45.0323,0,85,66,44,2760,10501,5.1359,165,16.9794,0,0,5447,10405643038
441.039,2.26737,45.0323,0,85,66,44,2760,10501,5.1359,165,16.9794,0,0,5447,10407910797
393.644,2.54036,45.0323,0,85,66,44,2760,10501,5.1359,165,16.9794,0,0,5447,10410451392
321.443,3.11097,45.0323,0,85,66,44,2760,10501,5.1359,165,16.9794,0,0,5447,10413562690
436.828,2.28923,45.0323,0,85,66,44,2760,10501,5.1359,165,16.9794,0,0,5447,10415852286
378.205,2.64407,45.0323,0,85,66,44,2760,10501,5.1359,165,16.9794,0,0,5447,10418496587
342.218,2.92212,45.0323,0,85,66,44,2760,10501,5.1359,165,16.9794,0,0,5447,10421419041
282.323,3.54204,45.0323,0,85,66,44,2760,10501,5.1359,165,16.9794,0,0,5447,10424961506
289.292,3.45671,45.0323,0,85,66,44,2760,10501,5.1359,165,16.9794,0,0,5447,10428418469
882.043,1.13373,45.0323,0,85,66,44,2760,10501,5.1359,165,16.9794,0,0,5447,10429552517
338.153,2.95724,45.0323,0,85,66,44,2760,10501,5.1359,165,16.9794,0,0,5447,10432510020
422.417,2.36733,45.0323,0,85,66,44,2760,10501,5.1359,165,16.9794,0,0,5447,10434877716
402.951,2.48169,45.0323,0,85,66,44,2760,10501,5.1359,165,16.9794,0,0,5447,10437359761
413.107,2.42068,45.0323,0,85,66,44,2760,10501,5.1359,165,16.9794,0,0,5447,10439780708
359.087,2.78484,45.0323,0,85,66,44,2760,10501,5.1359,165,16.9794,0,0,5447,10442565994
294.361,3.39719,45.0323,0,85,66,44,2760,10501,5.1359,165,16.9794,0,0,5447,10445963522
559.488,1.78735,45.0323,0,85,66,44,2760,10501,5.1359,165,16.9794,0,0,5447,10447751111
246.795,4.05195,45.0323,0,85,66,44,2760,10501,5.1359,165,16.9794,0,0,5447,10451803401
526.954,1.8977,45.0323,0,85,66,44,2760,10501,5.1359,165,16.9794,0,0,5447,10453701321
489.607,2.04245,45.0323,0,85,66,44,2760,10501,5.1359,165,16.9794,0,0,5447,10455744082
347.733,2.87577,45.0323,0,85,66,44,2760,10501,5.1359,165,16.9794,0,0,5447,10458620160
387.808,2.5786,45.0323,0,85,66,44,2760,10501,5.1359,165,16.9794,0,0,5447,10461199237
275.237,3.63324,45.0323,0,85,66,44,2760,10501,5.1359,165,16.9794,0,0,5447,10464832783
540.258,1.85097,45.0323,0,85,66,44,2760,10501,5.1359,165,16.9794,0,0,5447,10466684172
380.469,2.62834,45.0323,0,85,66,44,2760,10501,5.1359,165,16.9794,0,0,5447,10469313059
240.036,4.16604,45.0323,0,85,66,44,2760,10501,5.1359,165,16.9794,0,0,5447,10473479488
527.922,1.89422,45.0323,0,85,66,44,2760,10501,5.1359,165,16.9794,0,0,5447,10475374071
292.112,3.42335,45.0323,0,85,66,44,2760,10501,5.1359,165,16.9794,0,0,5447,10478797609
556.393,1.79729,45.0323,0,85,66,44,2760,10501,5.1359,165,16.9794,0,0,5447,10480595295
522,1.91571,45.0323,0,85,66,44,2760,10501,5.1359,165,16.9794,0,0,5447,10482511311
337.209,2.96552,45.0323,0,85,66,44,2760,10501,5.1359,165,16.9794,0,0,5447,10485477046
342.735,2.9177,45.0323,0,85,66,44,2760,10501,5.1359,165,16.9794,0,0,5447,10488395202
501.019,1.99593,45.0323,0,85,66,44,2760,10501,5.1359,165,16.9794,0,0,5447,10490391413
189.185,5.28582,45.0323,0,85,66,44,2760,10501,5.1359,165,16.9794,0,0,5447,10495677649
1997.32,0.500671,45.0323,0,85,66,44,2760,10501,5.1359,165,16.9794,0,0,5447,10496178185
319.547,3.12943,45.0323,0,85,66,44,2760,10501,5.1359,165,16.9794,0,0,5447,10499308204
331.055,3.02065,45.0323,0,85,66,44,2760,10501,5.1359,165,16.9794,0,0,5447,10502329190
229.193,4.36314,45.0323,0,85,66,44,2760,10501,5.1359,165,16.9794,0,0,5447,10506692713
587.465,1.70223,45.0323,0,85,66,44,2760,10501,5.1359,165,16.9794,0,0,5447,10508395328
674.277,1.48307,45.0323,0,85,66,44,2760,10501,5.1359,165,16.9794,0,0,5447,10509878628
406.065,2.46266,45.0323,0,85,66,44,2760,10501,5.1359,165,16.9794,0,0,5447,10512341595
316.129,3.16327,45.0323,0,85,66,44,2760,10501,5.1359,165,16.9794,0,0,5447,10515505221
445.292,2.24572,45.0323,0,85,66,44,2760,10501,5.1359,165,16.9794,0,0,5447,10517751374
280.854,3.56057,45.0323,0,85,66,44,2760,10501,5.1359,165,16.9794,0,0,5447,10521312321
501.768,1.99295,45.0323,0,85,66,44,2760,10501,5.1359,165,16.9794,0,0,5447,10523305484
321.37,3.11168,45.0323,0,85,66,44,2760,10501,5.1359,165,16.9794,0,0,5447,10526417531
515.342,1.94046,45.0323,0,85,66,44,2760,10501,5.1359,165,16.9794,0,0,5447,10528358452
231.327,4.32289,45.0323,0,85,66,44,2760,10501,5.1359,165,16.9794,0,0,5447,10532681675
672.794,1.48634,45.0323,0,85,66,44,2760,10501,5.1359,165,16.9794,0,0,5447,10534168235
438.172,2.28221,45.0323,0,85,66,44,2760,10501,5.1359,165,16.9794,0,0,5447,10536450725
346.703,2.88431,45.0323,0,85,66,44,2760,10501,5.1359,165,16.9794,0,0,5447,10539335380
395.833,2.52632,45.0323,0,85,66,44,2760,10501,5.1359,165,16.9794,0,0,5447,10541862032
387.305,2.58194,45.0323,0,85,66,44,2760,10501,5.1359,165,16.9794,0,0,5447,10544444264
322.639,3.09944,45.0323,0,85,66,44,2760,10501,5.1359,165,16.9794,0,0,5447,10547544012
361.874,2.76339,45.0323,0,85,66,44,2760,10501,5.1359,165,16.9794,0,0,5447,10550307807
517.607,1.93197,45.0323,0,85,66,44,2760,10501,5.1359,165,16.9794,0,0,5447,10552240036
368.824,2.71132,45.0323,0,85,66,44,2760,10501,5.1359,165,16.9794,0,0,5447,10554951714
189.778,5.26932,45.0323,0,85,66,44,2760,10501,5.1359,165,16.9794,0,0,5447,10560221439
1292.65,0.773603,45.0323,0,85,66,44,2760,10501,5.1359,165,16.9794,0,0,5447,10560995379
303.745,3.29224,45.0323,0,85,66,44,2760,10501,5.1359,165,16.9794,0,0,5447,10564288000
672.52,1.48695,45.0323,0,85,66,44,2760,10501,5.1359,165,16.9794,0,0,5447,10565775146
382.275,2.61592,45.0323,0,85,66,44,2760,10501,5.1359,165,16.9794,0,0,5447,10568391426
339.688,2.94388,45.0323,0,85,66,44,2760,10501,5.1359,165,16.9794,0,0,5447,10571335612
350.922,2.84963,45.0323,0,85,66,44,2760,10501,5.1359,165,16.9794,0,0,5447,10574187833
438.221,2.28195,45.1407,0,85,66,44,2760,10501,5.1316,165,16.9711,0,0,5440,10576467718
356.794,2.80274,45.1407,0,85,66,44,2760,10501,5.1316,165,16.9711,0,0,5440,10579270851
392.494,2.54781,45.1407,0,85,66,44,2760,10501,5.1316,165,16.9711,0,0,5440,10581818985
238.504,4.1928,45.1407,0,85,66,44,2760,10501,5.1316,165,16.9711,0,0,5440,10586012078
481.158,2.07832,45.1407,0,85,66,44,2760,10501,5.1316,165,16.9711,0,0,5440,10588090725
554.935,1.80201,45.1407,0,85,66,44,2760,10501,5.1316,165,16.9711,0,0,5440,10589892910
285.331,3.5047,45.1407,0,85,66,44,2760,10501,5.1316,165,16.9711,0,0,5440,10593398019
472.211,2.1177,45.1407,0,85,66,44,2760,10501,5.1316,165,16.9711,0,0,5440,10595516119
419.054,2.38633,45.1407,0,85,66,44,2760,10501,5.1316,165,16.9711,0,0,5440,10597902642
356.089,2.80829,45.1407,0,85,66,44,2760,10501,5.1316,165,16.9711,0,0,5440,10600711237
336.68,2.97018,45.1407,0,85,66,44,2760,10501,5.1316,165,16.9711,0,0,5440,10603681798
212.024,4.71646,45.1407,0,85,66,44,2760,10501,5.1316,165,16.9711,0,0,5440,10608398784
557.064,1.79513,45.1407,0,85,66,44,2760,10501,5.1316,165,16.9711,0,0,5440,10610193912
274.294,3.64572,45.1407,0,85,66,44,2760,10501,5.1316,165,16.9711,0,0,5440,10613840025
237.335,4.21345,45.1407,0,85,66,44,2760,10501,5.1316,165,16.9711,0,0,5440,10618053821
1572.37,0.635983,45.1407,0,85,66,44,2760,10501,5.1316,165,16.9711,0,0,5440,10618689967
430.572,2.32249,45.1407,0,85,66,44,2760,10501,5.1316,165,16.9711,0,0,5440,10621012911
400.848,2.49471,45.1407,0,85,66,44,2760,10501,5.1316,165,16.9711,0,0,5440,10623507861
361.979,2.76259,45.1407,0,85,66,44,2760,10501,5.1316,165,16.9711,0,0,5440,10626271031
404.727,2.4708,45.1407,0,85,66,44,2760,10501,5.1316,165,16.9711,0,0,5440,10628741950
303.742,3.29226,45.1407,0,85,66,44,2760,10501,5.1316,165,16.9711,0,0,5440,10632034677
271.922,3.67753,45.1407,0,85,66,44,2760,10501,5.1316,165,16.9711,0,0,5440,10635712551
718.069,1.39262,45.1407,0,85,66,44,2760,10501,5.1316,165,16.9711,0,0,5440,10637105319
254.292,3.93249,45.1407,0,85,66,44,2760,10501,5.1316,165,16.9711,0,0,5440,10641038297
252.673,3.95768,45.1407,0,85,66,44,2760,10501,5.1316,165,16.9711,0,0,5440,10644996344
2572.96,0.388658,45.1407,0,85,66,44,2760,10501,5.1316,165,16.9711,0,0,5440,10645385521
427.737,2.33789,45.1407,0,85,66,44,2760,10501,5.1316,165,16.9711,0,0,5440,10647723503
270.128,3.70195,45.1407,0,85,66,44,2760,10501,5.1316,165,16.9711,0,0,5440,10651425917
265.291,3.76944,45.1407,0,85,66,44,2760,10501,5.1316,165,16.9711,0,0,5440,10655195573
969.456,1.03151,45.1407,0,85,66,44,2760,10501,5.1316,165,16.9711,0,0,5440,10656227405
321.87,3.10684,45.1407,0,85,66,44,2760,10501,5.1316,165,16.9711,0,0,5440,10659334587
524.068,1.90815,45.1407,0,85,66,44,2760,10501,5.1316,165,16.9711,0,0,5440,10661243180
358.814,2.78696,45.1407,0,85,66,44,2760,10501,5.1316,165,16.9711,0,0,5440,10664030495
273.604,3.65491,45.1407,0,85,66,44,2760,10501,5.1316,165,16.9711,0,0,5440,10667685628
633.237,1.57919,45.1407,0,85,66,44,2760,10501,5.1316,165,16.9711,0,0,5440,10669265258
323.624,3.09001,45.1407,0,85,66,44,2760,10501,5.1316,165,16.9711,0,0,5440,10672355439
429.638,2.32754,45.1407,0,85,66,44,2760,10501,5.1316,165,16.9711,0,0,5440,10674683287
377.666,2.64784,45.1407,0,85,66,44,2760,10501,5.1316,165,16.9711,0,0,5440,10677331434
329.177,3.03788,45.1407,0,85,66,44,2760,10501,5.1316,165,16.9711,0,0,5440,10680369825
460.988,2.16926,45.1407,0,85,66,44,2760,10501,5.1316,165,16.9711,0,0,5440,10682539234
313.227,3.19257,45.1407,0,85,66,44,2760,10501,5.1316,165,16.9711,0,0,5440,10685732255
473.389,2.11243,45.1407,0,85,66,44,2760,10501,5.1316,165,16.9711,0,0,5440,10687845067
321.26,3.11274,45.1407,0,85,66,44,2760,10501,5.1316,165,16.9711,0,0,5440,10690958201
218.995,4.56631,45.1407,0,85,66,44,2760,10501,5.1316,165,16.9711,0,0,5440,10695524759
1054.39,0.948416,45.1407,0,85,66,44,2760,10501,5.1316,165,16.9711,0,0,5440,10696473300
460.667,2.17077,45.1407,0,85,66,44,2760,10501,5.1316,165,16.9711,0,0,5440,10698644431
367.186,2.72342,45.1407,0,85,66,44,2760,10501,5.1316,165,16.9711,0,0,5440,10701368167
329.298,3.03677,45.1407,0,85,66,44,2760,10501,5.1316,165,16.9711,0,0,5440,10704405269
494.047,2.0241,45.1407,0,85,66,44,2760,10501,5.1316,165,16.9711,0,0,5440,10706429703
324.496,3.0817,45.1407,0,85,66,44,2760,10501,5.1316,165,16.9711,0,0,5440,10709511836
414.03,2.41528,45.1407,0,85,66,44,2760,10501,5.1316,165,16.9711,0,0,5440,10711927417
314.683,3.1778,45.1407,0,85,66,44,2760,10501,5.1316,165,16.9711,0,0,5440,10715105534
437.065,2.28799,45.1407,0,85,66,44,2760,10501,5.1316,165,16.9711,0,0,5440,10717393870
293.249,3.41007,45.1407,0,85,66,44,2760,10501,5.1316,165,16.9711,0,0,5440,10720804437
327.503,3.05341,45.1407,0,85,66,44,2760,10501,5.1316,165,16.9711,0,0,5440,10723857963
477.267,2.09526,45.1407,0,85,66,44,2760,10501,5.1316,165,16.9711,0,0,5440,10725953659
457.681,2.18493,45.1407,0,85,66,44,2760,10501,5.1316,165,16.9711,0,0,5440,10728138944
308.794,3.23841,45.1407,0,85,66,44,2760,10501,5.1316,165,16.9711,0,0,5440,10731377611
446.109,2.24161,45.1407,0,85,66,44,2760,10501,5.1316,165,16.9711,0,0,5440,10733619513
355.696,2.81139,45.1407,0,85,66,44,2760,10501,5.1316,165,16.9711,0,0,5440,10736431522
439.469,2.27547,45.1407,0,85,66,44,2760,10501,5.1316,165,16.9711,0,0,5440,10738706993
346.362,2.88716,45.1407,0,85,66,44,2760,10501,5.1316,165,16.9711,0,0,5440,10741594792
351.207,2.84733,45.1407,0,85,66,44,2760,10501,5.1316,165,16.9711,0,0,5440,10744442205
259.645,3.85142,45.1407,0,85,66,44,2760,10501,5.1316,165,16.9711,0,0,5440,10748293912
397.745,2.51417,45.1407,0,85,66,44,2760,10501,5.1316,165,16.9711,0,0,5440,10750808477
543.983,1.83829,45.1407,0,85,66,44,2760,10501,5.1316,165,16.9711,0,0,5440,10752647030
328.504,3.0441,45.1407,0,85,66,44,2760,10501,5.1316,165,16.9711,0,0,5440,10755691498
501.328,1.9947,45.1407,0,85,66,44,2760,10501,5.1316,165,16.9711,0,0,5440,10757686603
207.508,4.8191,45.1407,0,85,66,44,2760,10501,5.1316,165,16.9711,0,0,5440,10762505871
585.596,1.70766,45.1407,0,85,66,44,2760,10501,5.1316,165,16.9711,0,0,5440,10764213987
728.308,1.37305,45.1407,0,85,66,44,2760,10501,5.1316,165,16.9711,0,0,5440,10765587389
329.546,3.03448,45.1407,0,85,66,44,2760,10501,5.1316,165,16.9711,0,0,5440,10768622087
335.855,2.97748,45.1407,0,85,66,44,2760,10501,5.1316,165,16.9711,0,0,5440,10771599880
314.742,3.1772,45.1407,0,85,66,44,2760,10501,5.1316,165,16.9711,0,0,5440,10774777506
542.793,1.84232,45.1407,0,85,66,44,2760,10501,5.1316,165,16.9711,0,0,5440,10776620068
205.551,4.86496,45.1407,0,85,66,44,2760,10501,5.1316,165,16.9711,0,0,5440,10781485492
1274.56,0.784584,45.1407,0,85,66,44,2760,10501,5.1316,165,16.9711,0,0,5440,10782270153
410.709,2.43481,45.1407,0,85,66,44,2760,10501,5.1316,165,16.9711,0,0,5440,10784705446
233.614,4.28057,45.1407,0,85,66,44,2760,10501,5.1316,165,16.9711,0,0,5440,10788986331
934.346,1.07027,45.1407,0,85,66,44,2760,10501,5.1316,165,16.9711,0,0,5440,10790056963
298.508,3.35,45.1407,0,85,66,44,2760,10501,5.1316,165,16.9711,0,0,5440,10793407240
590.229,1.69426,45.1407,0,85,66,44,2760,10501,5.1316,165,16.9711,0,0,5440,10795101864
331.048,3.02071,45.1407,0,85,66,44,2760,10501,5.1316,165,16.9711,0,0,5440,10798122870
218.422,4.57829,45.1407,0,85,66,44,2760,10501,5.1316,165,16.9711,0,0,5440,10802701563
523.008,1.91202,45.1407,0,85,66,44,2760,10501,5.1316,165,16.9711,0,0,5440,10804613867
419.239,2.38527,45.1407,0,85,66,44,2760,10501,5.1316,165,16.9711,0,0,5440,10806999457
505.787,1.97712,45.1407,0,85,66,44,2760,10501,5.1316,165,16.9711,0,0,5440,10808977062
368.154,2.71625,45.1407,0,85,66,44,2760,10501,5.1316,165,16.9711,0,0,5440,10811693664
386.83,2.58512,45.1407,0,85,66,44,2760,10501,5.1316,165,16.9711,0,0,5440,10814278991
446.96,2.23733,45.1407,0,85,66,44,2760,10501,5.1316,165,16.9711,0,0,5440,10816516845
256.859,3.89319,45.1407,0,85,66,44,2760,10501,5.1316,165,16.9711,0,0,5440,10820410496
516.327,1.93676,45.1407,0,85,66,44,2760,10501,5.1316,165,16.9711,0,0,5440,10822347359
375.095,2.66599,45.1407,0,85,66,44,2760,10501,5.1316,165,16.9711,0,0,5440,10825013814
255.127,3.91962,45.1407,0,85,66,44,2760,10501,5.1316,165,16.9711,0,0,5440,10828933783
347.485,2.87782,45.1407,0,85,66,44,2760,10501,5.1316,165,16.9711,0,0,5440,10831811938
623.017,1.60509,45.1407,0,85,66,44,2760,10501,5.1316,165,16.9711,0,0,5440,10833417376
313.04,3.19448,45.1407,0,85,66,44,2760,10501,5.1316,165,16.9711,0,0,5440,10836612196
534.356,1.87141,45.1407,0,85,66,44,2760,10501,5.1316,165,16.9711,0,0,5440,10838483932
353.69,2.82733,45.1407,0,85,66,44,2760,10501,5.1316,165,16.9711,0,0,5440,10841311691
336.442,2.97228,45.1407,0,85,66,44,2760,10501,5.1316,165,16.9711,0,0,5440,10844284156
378.505,2.64197,45.1407,0,85,66,44,2760,10501,5.1316,165,16.9711,0,0,5440,10846926437
415.073,2.40922,45.1407,0,85,66,44,2760,10501,5.1316,165,16.9711,0,0,5440,10849335999
347.382,2.87867,45.1407,0,85,66,44,2760,10501,5.1316,165,16.9711,0,0,5440,10852215010
275.757,3.62638,45.1407,0,85,66,44,2760,10501,5.1316,165,16.9711,0,0,5440,10855841872
551.208,1.8142,45.1407,0,85,66,44,2760,10501,5.1316,165,16.9711,0,0,5440,10857656299
369.819,2.70402,45.1407,0,85,66,44,2760,10501,5.1316,165,16.9711,0,0,5440,10860360573
369.869,2.70366,45.1407,0,85,66,44,2760,10501,5.1316,165,16.9711,0,0,5440,10863064693
381.962,2.61806,45.1407,0,85,66,44,2760,10501,5.1316,165,16.9711,0,0,5440,10865683214
344.972,2.89879,45.1407,0,85,66,44,2760,10501,5.1316,165,16.9711,0,0,5440,10868582321
279.788,3.57414,45.1407,0,85,66,44,2760,10501,5.1316,165,16.9711,0,0,5440,10872156942
515.498,1.93987,45.1407,0,85,66,44,2760,10501,5.1316,165,16.9711,0,0,5440,10874096978
402.837,2.48239,45.1407,0,85,66,44,2760,10501,5.1316,165,16.9711,0,0,5440,10876579687
414.093,2.41492,45.1407,0,85,66,44,2760,10501,5.1316,165,16.9711,0,0,5440,10878994932
295.765,3.38107,45.1407,0,85,66,44,2760,10501,5.1316,165,16.9711,0,0,5440,10882376353
556.333,1.79748,45.1407,0,85,66,44,2760,10501,5.1316,165,16.9711,0,0,5440,10884174145
373.06,2.68053,45.1407,0,85,66,44,2760,10501,5.1316,165,16.9711,0,0,5440,10886854985
264.839,3.77588,45.1407,0,85,66,44,2760,10501,5.1316,165,16.9711,0,0,5440,10890631247
832.092,1.20179,45.1407,0,85,66,44,2760,10501,5.1316,165,16.9711,0,0,5440,10891833364
373.25,2.67917,45.1407,0,85,66,44,2760,10501,5.1316,165,16.9711,0,0,5440,10894512820
348.262,2.8714,45.1407,0,85,66,44,2760,10501,5.1316,165,16.9711,0,0,5440,10897384647
388.837,2.57177,45.1407,0,85,66,44,2760,10501,5.1316,165,16.9711,0,0,5440,10899956628
271.237,3.68681,45.1407,0,85,66,44,2760,10501,5.1316,165,16.9711,0,0,5440,10903643733
427.434,2.33954,45.1407,0,85,66,44,2760,10501,5.1316,165,16.9711,0,0,5440,10905983639
289.886,3.44964,45.1407,0,85,66,44,2760,10501,5.1316,165,16.9711,0,0,5440,10909433784
616.29,1.62261,45.1407,0,85,66,44,2760,10501,5.1316,165,16.9711,0,0,5440,10911056599
353.286,2.83057,45.1407,0,85,66,44,2760,10501,5.1316,165,16.9711,0,0,5440,10913887482
484.34,2.06467,45.1407,0,85,66,44,2760,10501,5.1316,165,16.9711,0,0,5440,10915952533
340.154,2.93985,45.1407,0,85,66,44,2760,10501,5.1316,165,16.9711,0,0,5440,10918892622
372.849,2.68205,45.1407,0,85,66,44,2760,10501,5.1316,165,16.9711,0,0,5440,10921574991
386.97,2.58418,45.1407,0,85,66,44,2760,10501,5.1316,165,16.9711,0,0,5440,10924159473
374.924,2.66721,45.1407,0,85,66,44,2760,10501,5.1316,165,16.9711,0,0,5440,10926826986
396.464,2.5223,45.1407,0,85,66,44,2760,10501,5.1316,165,16.9711,0,0,5440,10929349609
307.789,3.24898,45.1407,0,85,66,44,2760,10501,5.1316,165,16.9711,0,0,5440,10932598940
234.924,4.2567,45.1407,0,85,66,44,2760,10501,5.1316,165,16.9711,0,0,5440,10936856093
560.936,1.78273,45.1407,0,85,66,44,2760,10501,5.1316,165,16.9711,0,0,5440,10938639172
534.626,1.87047,45.1407,0,85,66,44,2760,10501,5.1316,165,16.9711,0,0,5440,10940509880
325.457,3.0726,45.1407,0,85,66,44,2760,10501,5.1316,165,16.9711,0,0,5440,10943582839
586.418,1.70527,45.1407,0,85,66,44,2760,10501,5.1316,165,16.9711,0,0,5440,10945288387
359.54,2.78133,45.1407,0,85,66,44,2760,10501,5.1316,165,16.9711,0,0,5440,10948070048
339.671,2.94402,45.1407,0,85,66,44,2760,10501,5.1316,165,16.9711,0,0,5440,10951014397
335.216,2.98315,45.1407,0,85,66,44,2760,10501,5.1316,165,16.9711,0,0,5440,10953997921
414.377,2.41326,45.1407,0,85,66,44,2760,10501,5.1316,165,16.9711,0,0,5440,10956411473
329.331,3.03646,45.1407,0,85,66,44,2760,10501,5.1316,165,16.9711,0,0,5440,10959448306
206.118,4.8516,45.1407,0,85,66,44,2760,10501,5.1316,165,16.9711,0,0,5440,10964300345
554.879,1.80219,45.1407,0,85,66,44,2760,10501,5.1316,165,16.9711,0,0,5440,10966102973
457.017,2.1881,45.1407,0,85,66,44,2760,10501,5.1316,165,16.9711,0,0,5440,10968291258
482.701,2.07168,45.1407,0,85,66,44,2760,10501,5.1316,165,16.9711,0,0,5440,10970363184
441.736,2.2638,45.1407,0,85,66,44,2760,10501,5.1316,165,16.9711,0,0,5440,10972627327
306.544,3.26218,45.1407,0,85,66,44,2760,10501,5.1316,165,16.9711,0,0,5440,10975889956
401.683,2.48953,45.1407,0,85,66,44,2760,10501,5.1316,165,16.9711,0,0,5440,10978379713
321.347,3.1119,45.1407,0,85,66,44,2760,10501,5.1316,165,16.9711,0,0,5440,10981492020
726.41,1.37663,45.1407,0,85,66,44,2760,10501,5.1316,165,16.9711,0,0,5440,10982868874
324.381,3.0828,45.1407,0,85,66,44,2760,10501,5.1316,165,16.9711,0,0,5440,10985951997
165.173,6.05426,45.1407,0,85,66,44,2760,10501,5.1316,165,16.9711,0,0,5440,10992006567
944.246,1.05905,45.1407,0,85,66,44,2760,10501,5.1316,165,16.9711,0,0,5440,10993066160
581.711,1.71907,45.1407,0,85,66,44,2760,10501,5.1316,165,16.9711,0,0,5440,10994785535
390.91,2.55813,45.1407,0,85,66,44,2760,10501,5.1316,165,16.9711,0,0,5440,10997343920
449.647,2.22397,45.1407,0,85,66,44,2760,10501,5.1316,165,16.9711,0,0,5440,10999568225
288.438,3.46695,45.1407,0,85,66,44,2760,10501,5.1316,165,16.9711,0,0,5440,11003035554
495.689,2.0174,45.1407,0,85,66,44,2760,10501,5.1316,165,16.9711,0,0,5440,11005053199
353.903,2.82563,45.1407,0,85,66,44,2760,10501,5.1316,165,16.9711,0,0,5440,11007879179
364.455,2.74382,45.1407,0,85,66,44,2760,10501,5.1316,165,16.9711,0,0,5440,11010623319
380.843,2.62575,45.1407,0,85,66,44,2760,10501,5.1316,165,16.9711,0,0,5440,11013249388
241.703,4.1373,45.1407,0,85,66,44,2760,10501,5.1316,165,16.9711,0,0,5440,11017387037
577.297,1.73221,45.1407,0,85,66,44,2760,10501,5.1316,165,16.9711,0,0,5440,11019119663
485.931,2.0579,45.1407,0,85,66,44,2760,10501,5.1316,165,16.9711,0,0,5440,11021177781
226.845,4.4083,45.1407,0,85,66,44,2760,10501,5.1316,165,16.9711,0,0,5440,11025586641
746.426,1.33972,45.1407,0,85,66,44,2760,10501,5.1316,165,16.9711,0,0,5440,11026926445
423.099,2.36351,45.1407,0,85,66,44,2760,10501,5.1316,165,16.9711,0,0,5440,11029290352
352.27,2.83873,45.1407,0,85,66,44,2760,10501,5.1316,165,16.9711,0,0,5440,11032129419
340.209,2.93937,45.1407,0,85,66,44,2760,10501,5.1316,165,16.9711,0,0,5440,11035069431
382.016,2.61769,45.1407,0,85,66,44,2760,10501,5.1316,165,16.9711,0,0,5440,11037687347
208.197,4.80313,45.1407,0,85,66,44,2760,10501,5.1316,165,16.9711,0,0,5440,11042490931
337.553,2.96249,45.1407,0,85,66,44,2760,10501,5.1316,165,16.9711,0,0,5440,11045453618
1514.68,0.660205,45.1407,0,85,66,44,2760,10501,5.1316,165,16.9711,0,0,5440,11046114131
523.885,1.90882,45.1407,0,85,66,44,2760,10501,5.1316,165,16.9711,0,0,5440,11048023291
282.052,3.54545,45.1407,0,85,66,44,2760,10501,5.1316,165,16.9711,0,0,5440,11051569055
399.004,2.50624,45.1407,0,85,66,44,2760,10501,5.1316,165,16.9711,0,0,5440,11054075620
375.624,2.66223,45.1407,0,85,66,44,2760,10501,5.1316,165,16.9711,0,0,5440,11056738123
367.309,2.72251,45.1407,0,85,66,44,2760,10501,5.1316,165,16.9711,0,0,5440,11059461042
687.271,1.45503,45.1407,0,85,66,44,2760,10501,5.1316,165,16.9711,0,0,5440,11060916360
291.108,3.43515,45.1407,0,85,66,44,2760,10501,5.1316,165,16.9711,0,0,5440,11064351985
335.572,2.97998,45.1407,0,85,66,44,2760,10501,5.1316,165,16.9711,0,0,5440,11067332307
231.267,4.324,45.1407,0,85,66,44,2760,10501,5.1316,165,16.9711,0,0,5440,11071656568
526.261,1.9002,45.1407,0,85,66,44,2760,10501,5.1316,165,16.9711,0,0,5440,11073557200
517.313,1.93307,45.1407,0,85,66,44,2760,10501,5.1316,165,16.9711,0,0,5440,11075492851
411.19,2.43197,44.9871,0,85,66,44,2760,10501,5.13121,166,16.9494,0,0,5446,11077922760
397.751,2.51413,44.9871,0,85,66,44,2760,10501,5.13121,166,16.9494,0,0,5446,11080437143
422.671,2.36591,44.9871,0,85,66,44,2760,10501,5.13121,166,16.9494,0,0,5446,11082803569
334.503,2.98951,44.9871,0,85,66,44,2760,10501,5.13121,166,16.9494,0,0,5446,11085793304
364.123,2.74632,44.9871,0,85,66,44,2760,10501,5.13121,166,16.9494,0,0,5446,11088539974
354.133,2.8238,44.9871,0,85,66,44,2760,10501,5.13121,166,16.9494,0,0,5446,11091364088
433.416,2.30725,44.9871,0,85,66,44,2760,10501,5.13121,166,16.9494,0,0,5446,11093671743
301.775,3.31373,44.9871,0,85,66,44,2760,10501,5.13121,166,16.9494,0,0,5446,11096985720
478.808,2.08852,44.9871,0,85,66,44,2760,10501,5.13121,166,16.9494,0,0,5446,11099074761
364.697,2.74201,44.9871,0,85,66,44,2760,10501,5.13121,166,16.9494,0,0,5446,11101817085
276.685,3.61422,44.9871,0,85,66,44,2760,10501,5.13121,166,16.9494,0,0,5446,11105431476
550.482,1.81659,44.9871,0,85,66,44,2760,10501,5.13121,166,16.9494,0,0,5446,11107248364
416.112,2.4032,44.9871,0,85,66,44,2760,10501,5.13121,166,16.9494,0,0,5446,11109651810
345.487,2.89446,44.9871,0,85,66,44,2760,10501,5.13121,166,16.9494,0,0,5446,11112546629
384.796,2.59878,44.9871,0,85,66,44,2760,10501,5.13121,166,16.9494,0,0,5446,11115145707
286.897,3.48557,44.9871,0,85,66,44,2760,10501,5.13121,166,16.9494,0,0,5446,11118631622
522.205,1.91496,44.9871,0,85,66,44,2760,10501,5.13121,166,16.9494,0,0,5446,11120546927
207.175,4.82683,44.9871,0,85,66,44,2760,10501,5.13121,166,16.9494,0,0,5446,11125374292
659.057,1.51732,44.9871,0,85,66,44,2760,10501,5.13121,166,16.9494,0,0,5446,11126891718
551.711,1.81254,44.9871,0,85,66,44,2760,10501,5.13121,166,16.9494,0,0,5446,11128704625
371.176,2.69414,44.9871,0,85,66,44,2760,10501,5.13121,166,16.9494,0,0,5446,11131399110
460.039,2.17373,44.9871,0,85,66,44,2760,10501,5.13121,166,16.9494,0,0,5446,11133573260
333.711,2.9966,44.9871,0,85,66,44,2760,10501,5.13121,166,16.9494,0,0,5446,11136570111
214.661,4.6585,44.9871,0,85,66,44,2760,10501,5.13121,166,16.9494,0,0,5446,11141229067
1539.91,0.649388,44.9871,0,85,66,44,2760,10501,5.13121,166,16.9494,0,0,5446,11141878665
348.562,2.86893,44.9871,0,85,66,44,2760,10501,5.13121,166,16.9494,0,0,5446,11144748002
454.548,2.19999,44.9871,0,85,66,44,2760,10501,5.13121,166,16.9494,0,0,5446,11146948278
395.056,2.53129,44.9871,0,85,66,44,2760,10501,5.13121,166,16.9494,0,0,5446,11149479864
292.477,3.41908,44.9871,0,85,66,44,2760,10501,5.13121,166,16.9494,0,0,5446,11152899306
361.1,2.76931,44.9871,0,85,66,44,2760,10501,5.13121,166,16.9494,0,0,5446,11155669092
510.505,1.95885,44.9871,0,85,66,44,2760,10501,5.13121,166,16.9494,0,0,5446,11157628129
351.415,2.84563,44.9871,0,85,66,44,2760,10501,5.13121,166,16.9494,0,0,5446,11160474186
388.489,2.57408,44.9871,0,85,66,44,2760,10501,5.13121,166,16.9494,0,0,5446,11163048734
413.259,2.41979,44.9871,0,85,66,44,2760,10501,5.13121,166,16.9494,0,0,5446,11165468729
349.305,2.86283,44.9871,0,85,66,44,2760,10501,5.13121,166,16.9494,0,0,5446,11168331970
378.076,2.64497,44.9871,0,85,66,44,2760,10501,5.13121,166,16.9494,0,0,5446,11170977271
296.804,3.36923,44.9871,0,85,66,44,2760,10501,5.13121,166,16.9494,0,0,5446,11174346865
570.961,1.75143,44.9871,0,85,66,44,2760,10501,5.13121,166,16.9494,0,0,5446,11176098636
276.857,3.61198,44.9871,0,85,66,44,2760,10501,5.13121,166,16.9494,0,0,5446,11179710883
374.673,2.66899,44.9871,0,85,66,44,2760,10501,5.13121,166,16.9494,0,0,5446,11182380338
495.741,2.01718,44.9871,0,85,66,44,2760,10501,5.13121,166,16.9494,0,0,5446,11184397877
387.398,2.58133,44.9871,0,85,66,44,2760,10501,5.13121,166,16.9494,0,0,5446,11186979618
387.176,2.58281,44.9871,0,85,66,44,2760,10501,5.13121,166,16.9494,0,0,5446,11189562715
326.029,3.06721,44.9871,0,85,66,44,2760,10501,5.13121,166,16.9494,0,0,5446,11192630183
325.564,3.07159,44.9871,0,85,66,44,2760,10501,5.13121,166,16.9494,0,0,5446,11195702104
425.326,2.35114,44.9871,0,85,66,44,2760,10501,5.13121,166,16.9494,0,0,5446,11198053491
477.747,2.09316,44.9871,0,85,66,44,2760,10501,5.13121,166,16.9494,0,0,5446,11200147062
329.085,3.03873,44.9871,0,85,66,44,2760,10501,5.13121,166,16.9494,0,0,5446,11203186039
274.974,3.63671,44.9871,0,85,66,44,2760,10501,5.13121,166,16.9494,0,0,5446,11206823056
297.348,3.36307,44.9871,0,85,66,44,2760,10501,5.13121,166,16.9494,0,0,5446,11210186506
775.937,1.28876,44.9871,0,85,66,44,2760,10501,5.13121,166,16.9494,0,0,5446,11211475530
385.245,2.59575,44.9871,0,85,66,44,2760,10501,5.13121,166,16.9494,0,0,5446,11214071627
441.595,2.26452,44.9871,0,85,66,44,2760,10501,5.13121,166,16.9494,0,0,5446,11216336569
330.986,3.02128,44.9871,0,85,66,44,2760,10501,5.13121,166,16.9494,0,0,5446,11219358132
384.584,2.60021,44.9871,0,85,66,44,2760,10501,5.13121,166,16.9494,0,0,5446,11221958652
354.402,2.82165,44.9871,0,85,66,44,2760,10501,5.13121,166,16.9494,0,0,5446,11224780594
363.558,2.75059,44.9871,0,85,66,44,2760,10501,5.13121,166,16.9494,0,0,5446,11227531494
361.107,2.76927,44.9871,0,85,66,44,2760,10501,5.13121,166,16.9494,0,0,5446,11230301087
311.841,3.20676,44.9871,0,85,66,44,2760,10501,5.13121,166,16.9494,0,0,5446,11233508128
333.027,3.00276,44.9871,0,85,66,44,2760,10501,5.13121,166,16.9494,0,0,5446,11236511287
555.86,1.79901,44.9871,0,85,66,44,2760,10501,5.13121,166,16.9494,0,0,5446,11238310780
396.599,2.52144,44.9871,0,85,66,44,2760,10501,5.13121,166,16.9494,0,0,5446,11240832404
346.198,2.88852,44.9871,0,85,66,44,2760,10501,5.13121,166,16.9494,0,0,5446,11243721405
354.587,2.82018,44.9871,0,85,66,44,2760,10501,5.13121,166,16.9494,0,0,5446,11246541904
483.673,2.06751,44.9871,0,85,66,44,2760,10501,5.13121,166,16.9494,0,0,5446,11248609493
267.302,3.74109,44.9871,0,85,66,44,2760,10501,5.13121,166,16.9494,0,0,5446,11252350984
627.278,1.59419,44.9871,0,85,66,44,2760,10501,5.13121,166,16.9494,0,0,5446,11253945596
372.049,2.68782,44.9871,0,85,66,44,2760,10501,5.13121,166,16.9494,0,0,5446,11256633677
269.971,3.7041,44.9871,0,85,66,44,2760,10501,5.13121,166,16.9494,0,0,5446,11260338138
510.004,1.96077,44.9871,0,85,66,44,2760,10501,5.13121,166,16.9494,0,0,5446,11262299252
332.928,3.00365,44.9871,0,85,66,44,2760,10501,5.13121,166,16.9494,0,0,5446,11265303180
410.118,2.43832,44.9871,0,85,66,44,2760,10501,5.13121,166,16.9494,0,0,5446,11267741801
385.561,2.59363,44.9871,0,85,66,44,2760,10501,5.13121,166,16.9494,0,0,5446,11270335754
292.772,3.41563,44.9871,0,85,66,44,2760,10501,5.13121,166,16.9494,0,0,5446,11273751898
533.045,1.87601,44.9871,0,85,66,44,2760,10501,5.13121,166,16.9494,0,0,5446,11275628076
425.439,2.35051,44.9871,0,85,66,44,2760,10501,5.13121,166,16.9494,0,0,5446,11277978906
321.349,3.11188,44.9871,0,85,66,44,2760,10501,5.13121,166,16.9494,0,0,5446,11281091087
384.395,2.60149,44.9871,0,85,66,44,2760,10501,5.13121,166,16.9494,0,0,5446,11283693069
284.214,3.51847,44.9871,0,85,66,44,2760,10501,5.13121,166,16.9494,0,0,5446,11287211803
591.857,1.6896,44.9871,0,85,66,44,2760,10501,5.13121,166,16.9494,0,0,5446,11288901677
231.242,4.32448,44.9871,0,85,66,44,2760,10501,5.13121,166,16.9494,0,0,5446,11293226535
1055.87,0.94709,44.9871,0,85,66,44,2760,10501,5.13121,166,16.9494,0,0,5446,11294173942
333.135,3.00178,44.9871,0,85,66,44,2760,10501,5.13121,166,16.9494,0,0,5446,11297176043
417.214,2.39685,44.9871,0,85,66,44,2760,10501,5.13121,166,16.9494,0,0,5446,11299573191
354.766,2.81876,44.9871,0,85,66,44,2760,10501,5.13121,166,16.9494,0,0,5446,11302392247
402.023,2.48742,44.9871,0,85,66,44,2760,10501,5.13121,166,16.9494,0,0,5446,11304880004
260.107,3.84457,44.9871,0,85,66,44,2760,10501,5.13121,166,16.9494,0,0,5446,11308724894
414.386,2.41321,44.9871,0,85,66,44,2760,10501,5.13121,166,16.9494,0,0,5446,11311138302
358.606,2.78857,44.9871,0,85,66,44,2760,10501,5.13121,166,16.9494,0,0,5446,11313927444
441.64,2.26429,44.9871,0,85,66,44,2760,10501,5.13121,166,16.9494,0,0,5446,11316192107
548.771,1.82225,44.9871,0,85,66,44,2760,10501,5.13121,166,16.9494,0,0,5446,11318014659
374.216,2.67225,44.9871,0,85,66,44,2760,10501,5.13121,166,16.9494,0,0,5446,11320687364
354.396,2.8217,44.9871,0,85,66,44,2760,10501,5.13121,166,16.9494,0,0,5446,11323509488
361.636,2.76521,44.9871,0,85,66,44,2760,10501,5.13121,166,16.9494,0,0,5446,11326274696
336.2,2.97442,44.9871,0,85,66,44,2760,10501,5.13121,166,16.9494,0,0,5446,11329249460
320.617,3.11899,44.9871,0,85,66,44,2760,10501,5.13121,166,16.9494,0,0,5446,11332368786
557.682,1.79314,44.9871,0,85,66,44,2760,10501,5.13121,166,16.9494,0,0,5446,11334162183
341.477,2.92845,44.9871,0,85,66,44,2760,10501,5.13121,166,16.9494,0,0,5446,11337090878
270.292,3.6997,44.9871,0,85,66,44,2760,10501,5.13121,166,16.9494,0,0,5446,11340791099
502.792,1.98889,44.9871,0,85,66,44,2760,10501,5.13121,166,16.9494,0,0,5446,11342780176
414.339,2.41349,44.9871,0,85,66,44,2760,10501,5.13121,166,16.9494,0,0,5446,11345194046
390.847,2.55855,44.9871,0,85,66,44,2760,10501,5.13121,166,16.9494,0,0,5446,11347752997
343.78,2.90884,44.9871,0,85,66,44,2760,10501,5.13121,166,16.9494,0,0,5446,11350662086
374.97,2.66688,44.9871,0,85,66,44,2760,10501,5.13121,166,16.9494,0,0,5446,11353329252
346.173,2.88873,44.9871,0,85,66,44,2760,10501,5.13121,166,16.9494,0,0,5446,11356218542
221.478,4.51511,44.9871,0,85,66,44,2760,10501,5.13121,166,16.9494,0,0,5446,11360733713
329.661,3.03342,44.9871,0,85,66,44,2760,10501,5.13121,166,16.9494,0,0,5446,11363767441
1803.71,0.554413,44.9871,0,85,66,44,2760,10501,5.13121,166,16.9494,0,0,5446,11364322459
227.757,4.39065,44.9871,0,85,66,44,2760,10501,5.13121,166,16.9494,0,0,5446,11368713348
421.838,2.37058,44.9871,0,85,66,44,2760,10501,5.13121,166,16.9494,0,0,5446,11371084245
1182.03,0.845999,44.9871,0,85,66,44,2760,10501,5.13121,166,16.9494,0,0,5446,11371930600
378.301,2.6434,44.9871,0,85,66,44,2760,10501,5.13121,166,16.9494,0,0,5446,11374574305
347.645,2.8765,44.9871,0,85,66,44,2760,10501,5.13121,166,16.9494,0,0,5446,11377451104
375.944,2.65997,44.9871,0,85,66,44,2760,10501,5.13121,166,16.9494,0,0,5446,11380111434
380.242,2.62991,44.9871,0,85,66,44,2760,10501,5.13121,166,16.9494,0,0,5446,11382741676
262.403,3.81094,44.9871,0,85,66,44,2760,10501,5.13121,166,16.9494,0,0,5446,11386553055
520.761,1.92027,44.9871,0,85,66,44,2760,10501,5.13121,166,16.9494,0,0,5446,11388473552
372.921,2.68153,44.9871,0,85,66,44,2760,10501,5.13121,166,16.9494,0,0,5446,11391155392
225.473,4.43511,44.9871,0,85,66,44,2760,10501,5.13121,166,16.9494,0,0,5446,11395590850
417.548,2.39494,44.9871,0,85,66,44,2760,10501,5.13121,166,16.9494,0,0,5446,11397986055
776.169,1.28838,44.9871,0,85,66,44,2760,10501,5.13121,166,16.9494,0,0,5446,11399274762
341.535,2.92795,44.9871,0,85,66,44,2760,10501,5.13121,166,16.9494,0,0,5446,11402203044
424.297,2.35684,44.9871,0,85,66,44,2760,10501,5.13121,166,16.9494,0,0,5446,11404560325
356.769,2.80293,44.9871,0,85,66,44,2760,10501,5.13121,166,16.9494,0,0,5446,11407363544
374.573,2.6697,44.9871,0,85,66,44,2760,10501,5.13121,166,16.9494,0,0,5446,11410033548
381.392,2.62197,44.9871,0,85,66,44,2760,10501,5.13121,166,16.9494,0,0,5446,11412655838
353.248,2.83087,44.9871,0,85,66,44,2760,10501,5.13121,166,16.9494,0,0,5446,11415487078
382.198,2.61644,44.9871,0,85,66,44,2760,10501,5.13121,166,16.9494,0,0,5446,11418103858
211.269,4.73329,44.9871,0,85,66,44,2760,10501,5.13121,166,16.9494,0,0,5446,11422837652
799.917,1.25013,44.9871,0,85,66,44,2760,10501,5.13121,166,16.9494,0,0,5446,11424087954
485.888,2.05809,44.9871,0,85,66,44,2760,10501,5.13121,166,16.9494,0,0,5446,11426146562
421.581,2.37202,44.9871,0,85,66,44,2760,10501,5.13121,166,16.9494,0,0,5446,11428518796
316.159,3.16296,44.9871,0,85,66,44,2760,10501,5.13121,166,16.9494,0,0,5446,11431682095
440.159,2.2719,44.9871,0,85,66,44,2760,10501,5.13121,166,16.9494,0,0,5446,11433954267
335.062,2.98452,44.9871,0,85,66,44,2760,10501,5.13121,166,16.9494,0,0,5446,11436939060
408.013,2.4509,44.9871,0,85,66,44,2760,10501,5.13121,166,16.9494,0,0,5446,11439390431
380.947,2.62504,44.9871,0,85,66,44,2760,10501,5.13121,166,16.9494,0,0,5446,11442015866
339.999,2.94119,44.9871,0,85,66,44,2760,10501,5.13121,166,16.9494,0,0,5446,11444957215
225.375,4.43704,44.9871,0,85,66,44,2760,10501,5.13121,166,16.9494,0,0,5446,11449394605
807.796,1.23794,44.9871,0,85,66,44,2760,10501,5.13121,166,16.9494,0,0,5446,11450632628
217.249,4.60301,44.9871,0,85,66,44,2760,10501,5.13121,166,16.9494,0,0,5446,11455236061
601.64,1.66212,44.9871,0,85,66,44,2760,10501,5.13121,166,16.9494,0,0,5446,11456898723
372.626,2.68366,44.9871,0,85,66,44,2760,10501,5.13121,166,16.9494,0,0,5446,11459582737
859.298,1.16374,44.9871,0,85,66,44,2760,10501,5.13121,166,16.9494,0,0,5446,11460746757
261.473,3.82449,44.9871,0,85,66,44,2760,10501,5.13121,166,16.9494,0,0,5446,11464571732
380.523,2.62796,44.9871,0,85,66,44,2760,10501,5.13121,166,16.9494,0,0,5446,11467199878
343.363,2.91237,44.9871,0,85,66,44,2760,10501,5.13121,166,16.9494,0,0,5446,11470112534
580.47,1.72274,44.9871,0,85,66,44,2760,10501,5.13121,166,16.9494,0,0,5446,11471835823
213.626,4.68107,44.9871,0,85,66,44,2760,10501,5.13121,166,16.9494,0,0,5446,11476517173
957.548,1.04433,44.9871,0,85,66,44,2760,10501,5.13121,166,16.9494,0,0,5446,11477561795
332.825,3.00458,44.9871,0,85,66,44,2760,10501,5.13121,166,16.9494,0,0,5446,11480566848
515.587,1.93954,44.9871,0,85,66,44,2760,10501,5.13121,166,16.9494,0,0,5446,11482506682
323.744,3.08886,44.9871,0,85,66,44,2760,10501,5.13121,166,16.9494,0,0,5446,11485595777
414.007,2.41542,44.9871,0,85,66,44,2760,10501,5.13121,166,16.9494,0,0,5446,11488011541
312.443,3.20058,44.9871,0,85,66,44,2760,10501,5.13121,166,16.9494,0,0,5446,11491212582
445.261,2.24587,44.9871,0,85,66,44,2760,10501,5.13121,166,16.9494,0,0,5446,11493458801
343.48,2.91138,44.9871,0,85,66,44,2760,10501,5.13121,166,16.9494,0,0,5446,11496370390
384.89,2.59815,44.9871,0,85,66,44,2760,10501,5.13121,166,16.9494,0,0,5446,11498968987
481.276,2.07781,44.9871,0,85,66,44,2760,10501,5.13121,166,16.9494,0,0,5446,11501047048
405.658,2.46513,44.9871,0,85,66,44,2760,10501,5.13121,166,16.9494,0,0,5446,11503512611
357.896,2.7941,44.9871,0,85,66,44,2760,10501,5.13121,166,16.9494,0,0,5446,11506306965
364.077,2.74667,44.9871,0,85,66,44,2760,10501,5.13121,166,16.9494,0,0,5446,11509054183
369.044,2.70971,44.9871,0,85,66,44,2760,10501,5.13121,166,16.9494,0,0,5446,11511764120
374.645,2.66919,44.9871,0,85,66,44,2760,10501,5.13121,166,16.9494,0,0,5446,11514433701
430.75,2.32153,44.9871,0,85,66,44,2760,10501,5.13121,166,16.9494,0,0,5446,11516755567
344.624,2.90171,44.9871,0,85,66,44,2760,10501,5.13121,166,16.9494,0,0,5446,11519657588
256.139,3.90413,44.9871,0,85,66,44,2760,10501,5.13121,166,16.9494,0,0,5446,11523562085
710.99,1.40649,44.9871,0,85,66,44,2760,10501,5.13121,166,16.9494,0,0,5446,11524968806
348.306,2.87104,44.9871,0,85,66,44,2760,10501,5.13121,166,16.9494,0,0,5446,11527840133
182.312,5.48509,44.9871,0,85,66,44,2760,10501,5.13121,166,16.9494,0,0,5446,11533325674
1025.48,0.975149,44.9871,0,85,66,44,2760,10501,5.13121,166,16.9494,0,0,5446,11534301380
507.746,1.96949,44.9871,0,85,66,44,2760,10501,5.13121,166,16.9494,0,0,5446,11536271033
391.428,2.55475,44.9871,0,85,66,44,2760,10501,5.13121,166,16.9494,0,0,5446,11538826196
407.393,2.45463,44.9871,0,85,66,44,2760,10501,5.13121,166,16.9494,0,0,5446,11541281067
360.512,2.77383,44.9871,0,85,66,44,2760,10501,5.13121,166,16.9494,0,0,5446,11544055199
377.653,2.64793,44.9871,0,85,66,44,2760,10501,5.13121,166,16.9494,0,0,5446,11546703413
370.027,2.7025,44.9871,0,85,66,44,2760,10501,5.13121,166,16.9494,0,0,5446,11549406427
386.787,2.58541,44.9871,0,85,66,44,2760,10501,5.13121,166,16.9494,0,0,5446,11551992110
317.217,3.15241,44.9871,0,85,66,44,2760,10501,5.13121,166,16.9494,0,0,5446,11555144919
371.481,2.69193,44.9871,0,85,66,44,2760,10501,5.13121,166,16.9494,0,0,5446,11557837067
286.112,3.49514,44.9871,0,85,66,44,2760,10501,5.13121,166,16.9494,0,0,5446,11561332531
504.345,1.98277,44.9871,0,85,66,44,2760,10501,5.13121,166,16.9494,0,0,5446,11563315627
419.877,2.38165,44.9871,0,85,66,44,2760,10501,5.13121,166,16.9494,0,0,5446,11565697563
421.195,2.3742,44.9871,0,85,66,44,2760,10501,5.13121,166,16.9494,0,0,5446,11568072220
307.157,3.25567,44.9871,0,85,66,44,2760,10501,5.13121,166,16.9494,0,0,5446,11571328176
430.09,2.3251,44.9871,0,85,66,44,2760,10501,5.13121,166,16.9494,0,0,5446,11573653533
372.711,2.68304,44.9871,0,85,66,44,2760,10501,5.13121,166,16.9494,0,0,5446,11576339585
414.045,2.4152,44.3286,0,86,66,44,2760,10501,5.13278,166,16.941,0,0,5441,11578752483
177.228,5.64246,44.3286,0,86,66,44,2760,10501,5.13278,166,16.941,0,0,5441,11584395375
901.644,1.10908,44.3286,0,86,66,44,2760,10501,5.13278,166,16.941,0,0,5441,11585504817
708.679,1.41108,44.3286,0,86,66,44,2760,10501,5.13278,166,16.941,0,0,5441,11586916114
355.187,2.81542,44.3286,0,86,66,44,2760,10501,5.13278,166,16.941,0,0,5441,11589732123
350.1,2.85633,44.3286,0,86,66,44,2760,10501,5.13278,166,16.941,0,0,5441,11592588921
352.893,2.83372,44.3286,0,86,66,44,2760,10501,5.13278,166,16.941,0,0,5441,11595422862
344.71,2.90099,44.3286,0,86,66,44,2760,10501,5.13278,166,16.941,0,0,5441,11598324278
542.157,1.84449,44.3286,0,86,66,44,2760,10501,5.13278,166,16.941,0,0,5441,11600169119
287.63,3.47669,44.3286,0,86,66,44,2760,10501,5.13278,166,16.941,0,0,5441,11603646015
387.715,2.57921,44.3286,0,86,66,44,2760,10501,5.13278,166,16.941,0,0,5441,11606225727
311.706,3.20815,44.3286,0,86,66,44,2760,10501,5.13278,166,16.941,0,0,5441,11609434008
720.956,1.38705,44.3286,0,86,66,44,2760,10501,5.13278,166,16.941,0,0,5441,11610821497
374.55,2.66987,44.3286,0,86,66,44,2760,10501,5.13278,166,16.941,0,0,5441,11613491721
303.645,3.29332,44.3286,0,86,66,44,2760,10501,5.13278,166,16.941,0,0,5441,11616785390
411.766,2.42856,44.3286,0,86,66,44,2760,10501,5.13278,166,16.941,0,0,5441,11619214328
359.867,2.77881,44.3286,0,86,66,44,2760,10501,5.13278,166,16.941,0,0,5441,11621993479
343.092,2.91467,44.3286,0,86,66,44,2760,10501,5.13278,166,16.941,0,0,5441,11624908529
371.447,2.69218,44.3286,0,86,66,44,2760,10501,5.13278,166,16.941,0,0,5441,11627600918
414.215,2.41421,44.3286,0,86,66,44,2760,10501,5.13278,166,16.941,0,0,5441,11630015336
370.126,2.70178,44.3286,0,86,66,44,2760,10501,5.13278,166,16.941,0,0,5441,11632717638
369.281,2.70797,44.3286,0,86,66,44,2760,10501,5.13278,166,16.941,0,0,5441,11635425989
306.892,3.25848,44.3286,0,86,66,44,2760,10501,5.13278,166,16.941,0,0,5441,11638684984
468.442,2.13474,44.3286,0,86,66,44,2760,10501,5.13278,166,16.941,0,0,5441,11640819854
380.993,2.62472,44.3286,0,86,66,44,2760,10501,5.13278,166,16.941,0,0,5441,11643444885
383.336,2.60868,44.3286,0,86,66,44,2760,10501,5.13278,166,16.941,0,0,5441,11646053828
348.599,2.86862,44.3286,0,86,66,44,2760,10501,5.13278,166,16.941,0,0,5441,11648922761
341.684,2.92669,44.3286,0,86,66,44,2760,10501,5.13278,166,16.941,0,0,5441,11651849745
429.276,2.3295,44.3286,0,86,66,44,2760,10501,5.13278,166,16.941,0,0,5441,11654179564
406.936,2.45739,44.3286,0,86,66,44,2760,10501,5.13278,166,16.941,0,0,5441,11656637262
318.994,3.13486,44.3286,0,86,66,44,2760,10501,5.13278,166,16.941,0,0,5441,11659772531
376.806,2.65389,44.3286,0,86,66,44,2760,10501,5.13278,166,16.941,0,0,5441,11662426543
290.053,3.44764,44.3286,0,86,66,44,2760,10501,5.13278,166,16.941,0,0,5441,11665874487
412.896,2.42192,44.3286,0,86,66,44,2760,10501,5.13278,166,16.941,0,0,5441,11668296684
491.598,2.03418,44.3286,0,86,66,44,2760,10501,5.13278,166,16.941,0,0,5441,11670331271
392.73,2.54628,44.3286,0,86,66,44,2760,10501,5.13278,166,16.941,0,0,5441,11672877982
280.281,3.56785,44.3286,0,86,66,44,2760,10501,5.13278,166,16.941,0,0,5441,11676446045
493.284,2.02723,44.3286,0,86,66,44,2760,10501,5.13278,166,16.941,0,0,5441,11678473527
410.089,2.43849,44.3286,0,86,66,44,2760,10501,5.13278,166,16.941,0,0,5441,11680912436
308.412,3.24242,44.3286,0,86,66,44,2760,10501,5.13278,166,16.941,0,0,5441,11684155131
232.701,4.29737,44.3286,0,86,66,44,2760,10501,5.13278,166,16.941,0,0,5441,11688452824
1801.8,0.555,44.3286,0,86,66,44,2760,10501,5.13278,166,16.941,0,0,5441,11689008026
306.763,3.25984,44.3286,0,86,66,44,2760,10501,5.13278,166,16.941,0,0,5441,11692268395
395.648,2.5275,44.3286,0,86,66,44,2760,10501,5.13278,166,16.941,0,0,5441,11694796086
519.136,1.92628,44.3286,0,86,66,44,2760,10501,5.13278,166,16.941,0,0,5441,11696722574
370.235,2.70099,44.3286,0,86,66,44,2760,10501,5.13278,166,16.941,0,0,5441,11699423954
312.018,3.20494,44.3286,0,86,66,44,2760,10501,5.13278,166,16.941,0,0,5441,11702629235
335.047,2.98466,44.3286,0,86,66,44,2760,10501,5.13278,166,16.941,0,0,5441,11705614403
530.768,1.88406,44.3286,0,86,66,44,2760,10501,5.13278,166,16.941,0,0,5441,11707498562
207.067,4.82935,44.3286,0,86,66,44,2760,10501,5.13278,166,16.941,0,0,5441,11712328446
2033.45,0.491776,44.3286,0,86,66,44,2760,10501,5.13278,166,16.941,0,0,5441,11712820174
375.26,2.66482,44.3286,0,86,66,44,2760,10501,5.13278,166,16.941,0,0,5441,11715485370
309.695,3.22898,44.3286,0,86,66,44,2760,10501,5.13278,166,16.941,0,0,5441,11718714892
410.594,2.4355,44.3286,0,86,66,44,2760,10501,5.13278,166,16.941,0,0,5441,11721150494
427.264,2.34047,44.3286,0,86,66,44,2760,10501,5.13278,166,16.941,0,0,5441,11723491274
230.271,4.3427,44.3286,0,86,66,44,2760,10501,5.13278,166,16.941,0,0,5441,11727834315
355.123,2.81592,44.3286,0,86,66,44,2760,10501,5.13278,166,16.941,0,0,5441,11730650535
350.96,2.84933,44.3286,0,86,66,44,2760,10501,5.13278,166,16.941,0,0,5441,11733500198
933.801,1.07089,44.3286,0,86,66,44,2760,10501,5.13278,166,16.941,0,0,5441,11734571321
433.812,2.30515,44.3286,0,86,66,44,2760,10501,5.13278,166,16.941,0,0,5441,11736876831
285.221,3.50605,44.3286,0,86,66,44,2760,10501,5.13278,166,16.941,0,0,5441,11740383122
513.548,1.94724,44.3286,0,86,66,44,2760,10501,5.13278,166,16.941,0,0,5441,11742330717
345.791,2.89192,44.3286,0,86,66,44,2760,10501,5.13278,166,16.941,0,0,5441,11745222987
377.547,2.64868,44.3286,0,86,66,44,2760,10501,5.13278,166,16.941,0,0,5441,11747872154
423.815,2.35952,44.3286,0,86,66,44,2760,10501,5.13278,166,16.941,0,0,5441,11750231954
357.214,2.79944,44.3286,0,86,66,44,2760,10501,5.13278,166,16.941,0,0,5441,11753031635
353.963,2.82515,44.3286,0,86,66,44,2760,10501,5.13278,166,16.941,0,0,5441,11755857086
354.98,2.81706,44.3286,0,86,66,44,2760,10501,5.13278,166,16.941,0,0,5441,11758674450
463.269,2.15857,44.3286,0,86,66,44,2760,10501,5.13278,166,16.941,0,0,5441,11760833388
362.463,2.7589,44.3286,0,86,66,44,2760,10501,5.13278,166,16.941,0,0,5441,11763592703
415.239,2.40825,44.3286,0,86,66,44,2760,10501,5.13278,166,16.941,0,0,5441,11766001322
315.747,3.16709,44.3286,0,86,66,44,2760,10501,5.13278,166,16.941,0,0,5441,11769168612
275.606,3.62837,44.3286,0,86,66,44,2760,10501,5.13278,166,16.941,0,0,5441,11772797436
542.983,1.84168,44.3286,0,86,66,44,2760,10501,5.13278,166,16.941,0,0,5441,11774639325
354.68,2.81944,44.3286,0,86,66,44,2760,10501,5.13278,166,16.941,0,0,5441,11777459103
354.997,2.81692,44.3286,0,86,66,44,2760,10501,5.13278,166,16.941,0,0,5441,11780276448
521.61,1.91714,44.3286,0,86,66,44,2760,10501,5.13278,166,16.941,0,0,5441,11782193858
388.083,2.57677,44.3286,0,86,66,44,2760,10501,5.13278,166,16.941,0,0,5441,11784770945
345.788,2.89194,44.3286,0,86,66,44,2760,10501,5.13278,166,16.941,0,0,5441,11787663206
386.465,2.58756,44.3286,0,86,66,44,2760,10501,5.13278,166,16.941,0,0,5441,11790251197
356.233,2.80715,44.3286,0,86,66,44,2760,10501,5.13278,166,16.941,0,0,5441,11793058571
328.938,3.04008,44.3286,0,86,66,44,2760,10501,5.13278,166,16.941,0,0,5441,11796098990
261.485,3.82431,44.3286,0,86,66,44,2760,10501,5.13278,166,16.941,0,0,5441,11799923812
623.11,1.60485,44.3286,0,86,66,44,2760,10501,5.13278,166,16.941,0,0,5441,11801528856
394.386,2.53559,44.3286,0,86,66,44,2760,10501,5.13278,166,16.941,0,0,5441,11804064788
376.609,2.65527,44.3286,0,86,66,44,2760,10501,5.13278,166,16.941,0,0,5441,11806720444
330.519,3.02554,44.3286,0,86,66,44,2760,10501,5.13278,166,16.941,0,0,5441,11809746268
237.035,4.21879,44.3286,0,86,66,44,2760,10501,5.13278,166,16.941,0,0,5441,11813965381
637.163,1.56946,44.3286,0,86,66,44,2760,10501,5.13278,166,16.941,0,0,5441,11815535145
359.004,2.78549,44.3286,0,86,66,44,2760,10501,5.13278,166,16.941,0,0,5441,11818320960
540.472,1.85023,44.3286,0,86,66,44,2760,10501,5.13278,166,16.941,0,0,5441,11820171542
338.688,2.95257,44.3286,0,86,66,44,2760,10501,5.13278,166,16.941,0,0,5441,11823124430
332.67,3.00599,44.3286,0,86,66,44,2760,10501,5.13278,166,16.941,0,0,5441,11826130531
363.431,2.75155,44.3286,0,86,66,44,2760,10501,5.13278,166,16.941,0,0,5441,11828882585
449.536,2.22452,44.3286,0,86,66,44,2760,10501,5.13278,166,16.941,0,0,5441,11831107353
381.643,2.62025,44.3286,0,86,66,44,2760,10501,5.13278,166,16.941,0,0,5441,11833728047
260.011,3.84599,44.3286,0,86,66,44,2760,10501,5.13278,166,16.941,0,0,5441,11837574244
367.131,2.72382,44.3286,0,86,66,44,2760,10501,5.13278,166,16.941,0,0,5441,11840298566
804.043,1.24372,44.3286,0,86,66,44,2760,10501,5.13278,166,16.941,0,0,5441,11841542512
344.259,2.90479,44.3286,0,86,66,44,2760,10501,5.13278,166,16.941,0,0,5441,11844447629
354.467,2.82113,44.3286,0,86,66,44,2760,10501,5.13278,166,16.941,0,0,5441,11847269263
410.52,2.43594,44.3286,0,86,66,44,2760,10501,5.13278,166,16.941,0,0,5441,11849705403
397.164,2.51785,44.3286,0,86,66,44,2760,10501,5.13278,166,16.941,0,0,5441,11852223545
298.117,3.35439,44.3286,0,86,66,44,2760,10501,5.13278,166,16.941,0,0,5441,11855578254
369.614,2.70552,44.3286,0,86,66,44,2760,10501,5.13278,166,16.941,0,0,5441,11858284144
410.813,2.4342,44.3286,0,86,66,44,2760,10501,5.13278,166,16.941,0,0,5441,11860718735
348.248,2.87152,44.3286,0,86,66,44,2760,10501,5.13278,166,16.941,0,0,5441,11863590467
417.539,2.39498,44.3286,0,86,66,44,2760,10501,5.13278,166,16.941,0,0,5441,11865985778
339.959,2.94153,44.3286,0,86,66,44,2760,10501,5.13278,166,16.941,0,0,5441,11868927637
403.128,2.4806,44.3286,0,86,66,44,2760,10501,5.13278,166,16.941,0,0,5441,11871408538
161.383,6.19645,44.3286,0,86,66,44,2760,10501,5.13278,166,16.941,0,0,5441,11877605506
1574.06,0.6353,44.3286,0,86,66,44,2760,10501,5.13278,166,16.941,0,0,5441,11878241056
278.96,3.58474,44.3286,0,86,66,44,2760,10501,5.13278,166,16.941,0,0,5441,11881826197
377.891,2.64626,44.3286,0,86,66,44,2760,10501,5.13278,166,16.941,0,0,5441,11884472920
1083.27,0.923127,44.3286,0,86,66,44,2760,10501,5.13278,166,16.941,0,0,5441,11885396211
324.618,3.08055,44.3286,0,86,66,44,2760,10501,5.13278,166,16.941,0,0,5441,11888477315
555.122,1.80141,44.3286,0,86,66,44,2760,10501,5.13278,166,16.941,0,0,5441,11890279097
323.246,3.09362,44.3286,0,86,66,44,2760,10501,5.13278,166,16.941,0,0,5441,11893372788
434.59,2.30102,44.3286,0,86,66,44,2760,10501,5.13278,166,16.941,0,0,5441,11895674077
381.03,2.62446,44.3286,0,86,66,44,2760,10501,5.13278,166,16.941,0,0,5441,11898298963
343.779,2.90885,44.3286,0,86,66,44,2760,10501,5.13278,166,16.941,0,0,5441,11901208071
385.9,2.59135,44.3286,0,86,66,44,2760,10501,5.13278,166,16.941,0,0,5441,11903799774
391.74,2.55271,44.3286,0,86,66,44,2760,10501,5.13278,166,16.941,0,0,5441,11906352715
306.932,3.25805,44.3286,0,86,66,44,2760,10501,5.13278,166,16.941,0,0,5441,11909611037
324.189,3.08462,44.3286,0,86,66,44,2760,10501,5.13278,166,16.941,0,0,5441,11912696006
527.395,1.89611,44.3286,0,86,66,44,2760,10501,5.13278,166,16.941,0,0,5441,11914592483
367.95,2.71776,44.3286,0,86,66,44,2760,10501,5.13278,166,16.941,0,0,5441,11917310488
351.316,2.84644,44.3286,0,86,66,44,2760,10501,5.13278,166,16.941,0,0,5441,11920157363
428.938,2.33134,44.3286,0,86,66,44,2760,10501,5.13278,166,16.941,0,0,5441,11922489086
323.526,3.09094,44.3286,0,86,66,44,2760,10501,5.13278,166,16.941,0,0,5441,11925580306
327.316,3.05515,44.3286,0,86,66,44,2760,10501,5.13278,166,16.941,0,0,5441,11928635832
482.683,2.07175,44.3286,0,86,66,44,2760,10501,5.13278,166,16.941,0,0,5441,11930707728
206.727,4.83729,44.3286,0,86,66,44,2760,10501,5.13278,166,16.941,0,0,5441,11935545363
411.374,2.43088,44.3286,0,86,66,44,2760,10501,5.13278,166,16.941,0,0,5441,11937976560
643.977,1.55285,44.3286,0,86,66,44,2760,10501,5.13278,166,16.941,0,0,5441,11939529747
732.246,1.36566,44.3286,0,86,66,44,2760,10501,5.13278,166,16.941,0,0,5441,11940895812
299.371,3.34033,44.3286,0,86,66,44,2760,10501,5.13278,166,16.941,0,0,5441,11944236453
382.907,2.6116,44.3286,0,86,66,44,2760,10501,5.13278,166,16.941,0,0,5441,11946848426
319.908,3.12589,44.3286,0,86,66,44,2760,10501,5.13278,166,16.941,0,0,5441,11949974560
468.299,2.13539,44.3286,0,86,66,44,2760,10501,5.13278,166,16.941,0,0,5441,11952110315
334.937,2.98564,44.3286,0,86,66,44,2760,10501,5.13278,166,16.941,0,0,5441,11955096223
375.239,2.66496,44.3286,0,86,66,44,2760,10501,5.13278,166,16.941,0,0,5441,11957761563
270.976,3.69037,44.3286,0,86,66,44,2760,10501,5.13278,166,16.941,0,0,5441,11961452312
272.638,3.66786,44.3286,0,86,66,44,2760,10501,5.13278,166,16.941,0,0,5441,11965120628
587.073,1.70336,44.3286,0,86,66,44,2760,10501,5.13278,166,16.941,0,0,5441,11966824215
538.306,1.85768,44.3286,0,86,66,44,2760,10501,5.13278,166,16.941,0,0,5441,11968682191
353.277,2.83064,44.3286,0,86,66,44,2760,10501,5.13278,166,16.941,0,0,5441,11971513190
376.521,2.6559,44.3286,0,86,66,44,2760,10501,5.13278,166,16.941,0,0,5441,11974169385
382.848,2.612,44.3286,0,86,66,44,2760,10501,5.13278,166,16.941,0,0,5441,11976781733
370.08,2.70212,44.3286,0,86,66,44,2760,10501,5.13278,166,16.941,0,0,5441,11979484189
320.658,3.11859,44.3286,0,86,66,44,2760,10501,5.13278,166,16.941,0,0,5441,11982603073
604.469,1.65434,44.3286,0,86,66,44,2760,10501,5.13278,166,16.941,0,0,5441,11984257812
309.675,3.2292,44.3286,0,86,66,44,2760,10501,5.13278,166,16.941,0,0,5441,11987487401
305.779,3.27034,44.3286,0,86,66,44,2760,10501,5.13278,166,16.941,0,0,5441,11990758069
306.09,3.26701,44.3286,0,86,66,44,2760,10501,5.13278,166,16.941,0,0,5441,11994025593
562.037,1.77924,44.3286,0,86,66,44,2760,10501,5.13278,166,16.941,0,0,5441,11995805009
434.613,2.30089,44.3286,0,86,66,44,2760,10501,5.13278,166,16.941,0,0,5441,11998106192
294.055,3.40072,44.3286,0,86,66,44,2760,10501,5.13278,166,16.941,0,0,5441,12001507268
470.423,2.12575,44.3286,0,86,66,44,2760,10501,5.13278,166,16.941,0,0,5441,12003633340
285.855,3.49827,44.3286,0,86,66,44,2760,10501,5.13278,166,16.941,0,0,5441,12007131919
539.924,1.85211,44.3286,0,86,66,44,2760,10501,5.13278,166,16.941,0,0,5441,12008984357
352.821,2.8343,44.3286,0,86,66,44,2760,10501,5.13278,166,16.941,0,0,5441,12011819000
420.188,2.37989,44.3286,0,86,66,44,2760,10501,5.13278,166,16.941,0,0,5441,12014199186
283.735,3.52442,44.3286,0,86,66,44,2760,10501,5.13278,166,16.941,0,0,5441,12017724065
207.696,4.81473,44.3286,0,86,66,44,2760,10501,5.13278,166,16.941,0,0,5441,12022539025
1462.58,0.683725,44.3286,0,86,66,44,2760,10501,5.13278,166,16.941,0,0,5441,12023223038
569.691,1.75534,44.3286,0,86,66,44,2760,10501,5.13278,166,16.941,0,0,5441,12024978790
338.849,2.95117,44.3286,0,86,66,44,2760,10501,5.13278,166,16.941,0,0,5441,12027930332
390.973,2.55772,44.3286,0,86,66,44,2760,10501,5.13278,166,16.941,0,0,5441,12030488216
368.381,2.71458,44.3286,0,86,66,44,2760,10501,5.13278,166,16.941,0,0,5441,12033203192
361.947,2.76283,44.3286,0,86,66,44,2760,10501,5.13278,166,16.941,0,0,5441,12035966285
363.735,2.74926,44.3286,0,86,66,44,2760,10501,5.13278,166,16.941,0,0,5441,12038715858
344.41,2.90351,44.3286,0,86,66,44,2760,10501,5.13278,166,16.941,0,0,5441,12041619677
265.044,3.77296,44.3286,0,86,66,44,2760,10501,5.13278,166,16.941,0,0,5441,12045393132
595.849,1.67828,44.3286,0,86,66,44,2760,10501,5.13278,166,16.941,0,0,5441,12047071640
352.8,2.83447,44.3286,0,86,66,44,2760,10501,5.13278,166,16.941,0,0,5441,12049906457
440.942,2.26787,44.3286,0,86,66,44,2760,10501,5.13278,166,16.941,0,0,5441,12052174620
395.781,2.52665,44.3286,0,86,66,44,2760,10501,5.13278,166,16.941,0,0,5441,12054701657
168.109,5.94852,44.3286,0,86,66,44,2760,10501,5.13278,166,16.941,0,0,5441,12060650713
2083.47,0.479969,44.3286,0,86,66,44,2760,10501,5.13278,166,16.941,0,0,5441,12061130595
718.084,1.3926,44.3286,0,86,66,44,2760,10501,5.13278,166,16.941,0,0,5441,12062523766
331.985,3.01219,44.3286,0,86,66,44,2760,10501,5.13278,166,16.941,0,0,5441,12065536205
373.755,2.67555,44.3286,0,86,66,44,2760,10501,5.13278,166,16.941,0,0,5441,12068212112
198.863,5.02858,44.3286,0,86,66,44,2760,10501,5.13278,166,16.941,0,0,5441,12073241416
2549.62,0.392215,44.3286,0,86,66,44,2760,10501,5.13278,166,16.941,0,0,5441,12073633583
320.273,3.12234,44.3286,0,86,66,44,2760,10501,5.13278,166,16.941,0,0,5441,12076759054
477.035,2.09628,45.9288,0,86,66,44,2760,10501,5.13473,166,16.9337,0,0,5438,12078852798
366.6,2.72777,45.9288,0,86,66,44,2760,10501,5.13473,166,16.9337,0,0,5438,12081580899
254.183,3.93417,45.9288,0,86,66,44,2760,10501,5.13473,166,16.9337,0,0,5438,12085515407
319.229,3.13255,45.9288,0,86,66,44,2760,10501,5.13473,166,16.9337,0,0,5438,12088648397
636.134,1.572,45.9288,0,86,66,44,2760,10501,5.13473,166,16.9337,0,0,5438,12090220498
394.383,2.5356,45.9288,0,86,66,44,2760,10501,5.13473,166,16.9337,0,0,5438,12092756526
257.437,3.88444,45.9288,0,86,66,44,2760,10501,5.13473,166,16.9337,0,0,5438,12096641282
576.551,1.73445,45.9288,0,86,66,44,2760,10501,5.13473,166,16.9337,0,0,5438,12098376052
226.867,4.40786,45.9288,0,86,66,44,2760,10501,5.13473,166,16.9337,0,0,5438,12102784412
2219.68,0.450515,45.9288,0,86,66,44,2760,10501,5.13473,166,16.9337,0,0,5438,12103235360
386.004,2.59065,45.9288,0,86,66,44,2760,10501,5.13473,166,16.9337,0,0,5438,12105826178
366.213,2.73065,45.9288,0,86,66,44,2760,10501,5.13473,166,16.9337,0,0,5438,12108557174
395.248,2.53006,45.9288,0,86,66,44,2760,10501,5.13473,166,16.9337,0,0,5438,12111087653
326.459,3.06317,45.9288,0,86,66,44,2760,10501,5.13473,166,16.9337,0,0,5438,12114151054
320.648,3.11868,45.9288,0,86,66,44,2760,10501,5.13473,166,16.9337,0,0,5438,12117270217
498.175,2.00733,45.9288,0,86,66,44,2760,10501,5.13473,166,16.9337,0,0,5438,12119277881
257.423,3.88466,45.9288,0,86,66,44,2760,10501,5.13473,166,16.9337,0,0,5438,12123162848
329.482,3.03506,45.9288,0,86,66,44,2760,10501,5.13473,166,16.9337,0,0,5438,12126198364
681.453,1.46745,45.9288,0,86,66,44,2760,10501,5.13473,166,16.9337,0,0,5438,12127666144
494.524,2.02215,45.9288,0,86,66,44,2760,10501,5.13473,166,16.9337,0,0,5438,12129688684
344.928,2.89915,45.9288,0,86,66,44,2760,10501,5.13473,166,16.9337,0,0,5438,12132588070
423.35,2.36211,45.9288,0,86,66,44,2760,10501,5.13473,166,16.9337,0,0,5438,12134950573
340.737,2.93481,45.9288,0,86,66,44,2760,10501,5.13473,166,16.9337,0,0,5438,12137885681
311.133,3.21406,45.9288,0,86,66,44,2760,10501,5.13473,166,16.9337,0,0,5438,12141100164
433.1,2.30893,45.9288,0,86,66,44,2760,10501,5.13473,166,16.9337,0,0,5438,12143409396
383.703,2.60618,45.9288,0,86,66,44,2760,10501,5.13473,166,16.9337,0,0,5438,12146015907
377.922,2.64605,45.9288,0,86,66,44,2760,10501,5.13473,166,16.9337,0,0,5438,12148662285
240.077,4.16532,45.9288,0,86,66,44,2760,10501,5.13473,166,16.9337,0,0,5438,12152828060
466.329,2.14441,45.9288,0,86,66,44,2760,10501,5.13473,166,16.9337,0,0,5438,12154972718
386.641,2.58638,45.9288,0,86,66,44,2760,10501,5.13473,166,16.9337,0,0,5438,12157559479
390.844,2.55857,45.9288,0,86,66,44,2760,10501,5.13473,166,16.9337,0,0,5438,12160118334
411.052,2.43278,45.9288,0,86,66,44,2760,10501,5.13473,166,16.9337,0,0,5438,12162551378
348.574,2.86883,45.9288,0,86,66,44,2760,10501,5.13473,166,16.9337,0,0,5438,12165420532
405.954,2.46333,45.9288,0,86,66,44,2760,10501,5.13473,166,16.9337,0,0,5438,12167884211
380.161,2.63046,45.9288,0,86,66,44,2760,10501,5.13473,166,16.9337,0,0,5438,12170515156
390.354,2.56178,45.9288,0,86,66,44,2760,10501,5.13473,166,16.9337,0,0,5438,12173077309
312.788,3.19705,45.9288,0,86,66,44,2760,10501,5.13473,166,16.9337,0,0,5438,12176274561
199.517,5.0121,45.9288,0,86,66,44,2760,10501,5.13473,166,16.9337,0,0,5438,12181287192
746.962,1.33876,45.9288,0,86,66,44,2760,10501,5.13473,166,16.9337,0,0,5438,12182626160
567.899,1.76088,45.9288,0,86,66,44,2760,10501,5.13473,166,16.9337,0,0,5438,12184387315
369.253,2.70817,45.9288,0,86,66,44,2760,10501,5.13473,166,16.9337,0,0,5438,12187095811
498.928,2.0043,45.9288,0,86,66,44,2760,10501,5.13473,166,16.9337,0,0,5438,12189100590
336.933,2.96795,45.9288,0,86,66,44,2760,10501,5.13473,166,16.9337,0,0,5438,12192068824
328.952,3.03996,45.9288,0,86,66,44,2760,10501,5.13473,166,16.9337,0,0,5438,12195109032
502.466,1.99018,45.9288,0,86,66,44,2760,10501,5.13473,166,16.9337,0,0,5438,12197099686
335.084,2.98432,45.9288,0,86,66,44,2760,10501,5.13473,166,16.9337,0,0,5438,12200084239
307.346,3.25366,45.9288,0,86,66,44,2760,10501,5.13473,166,16.9337,0,0,5438,12203338156
231.252,4.32428,45.9288,0,86,66,44,2760,10501,5.13473,166,16.9337,0,0,5438,12207662811
565.072,1.76969,45.9288,0,86,66,44,2760,10501,5.13473,166,16.9337,0,0,5438,12209432823
350.85,2.85022,45.9288,0,86,66,44,2760,10501,5.13473,166,16.9337,0,0,5438,12212283400
472.937,2.11445,45.9288,0,86,66,44,2760,10501,5.13473,166,16.9337,0,0,5438,12214398182
437.792,2.28419,45.9288,0,86,66,44,2760,10501,5.13473,166,16.9337,0,0,5438,12216682711
404.357,2.47306,45.9288,0,86,66,44,2760,10501,5.13473,166,16.9337,0,0,5438,12219156054
304.154,3.28781,45.9288,0,86,66,44,2760,10501,5.13473,166,16.9337,0,0,5438,12222444175
408.4,2.44858,45.9288,0,86,66,44,2760,10501,5.13473,166,16.9337,0,0,5438,12224893132
317.389,3.15071,45.9288,0,86,66,44,2760,10501,5.13473,166,16.9337,0,0,5438,12228044296
408.952,2.44527,45.9288,0,86,66,44,2760,10501,5.13473,166,16.9337,0,0,5438,12230489782
286.661,3.48844,45.9288,0,86,66,44,2760,10501,5.13473,166,16.9337,0,0,5438,12233978669
459.787,2.17492,45.9288,0,86,66,44,2760,10501,5.13473,166,16.9337,0,0,5438,12236153752
462.178,2.16367,45.9288,0,86,66,44,2760,10501,5.13473,166,16.9337,0,0,5438,12238317739
436.258,2.29222,45.9288,0,86,66,44,2760,10501,5.13473,166,16.9337,0,0,5438,12240610287
349.718,2.85944,45.9288,0,86,66,44,2760,10501,5.13473,166,16.9337,0,0,5438,12243470220
365.35,2.7371,45.9288,0,86,66,44,2760,10501,5.13473,166,16.9337,0,0,5438,12246207543
419.2,2.38549,45.9288,0,86,66,44,2760,10501,5.13473,166,16.9337,0,0,5438,12248593325
369.024,2.70985,45.9288,0,86,66,44,2760,10501,5.13473,166,16.9337,0,0,5438,12251303513
317.477,3.14984,45.9288,0,86,66,44,2760,10501,5.13473,166,16.9337,0,0,5438,12254453696
565.266,1.76908,45.9288,0,86,66,44,2760,10501,5.13473,166,16.9337,0,0,5438,12256223102
298.259,3.35279,45.9288,0,86,66,44,2760,10501,5.13473,166,16.9337,0,0,5438,12259576282
439.681,2.27437,45.9288,0,86,66,44,2760,10501,5.13473,166,16.9337,0,0,5438,12261851157
375.257,2.66484,45.9288,0,86,66,44,2760,10501,5.13473,166,16.9337,0,0,5438,12264516525
371.8,2.68962,45.9288,0,86,66,44,2760,10501,5.13473,166,16.9337,0,0,5438,12267206308
322.589,3.09992,45.9288,0,86,66,44,2760,10501,5.13473,166,16.9337,0,0,5438,12270306605
378.419,2.64257,45.9288,0,86,66,44,2760,10501,5.13473,166,16.9337,0,0,5438,12272949521
226.948,4.4063,45.9288,0,86,66,44,2760,10501,5.13473,166,16.9337,0,0,5438,12277356362
1369.64,0.730121,45.9288,0,86,66,44,2760,10501,5.13473,166,16.9337,0,0,5438,12278086569
380.645,2.62712,45.9288,0,86,66,44,2760,10501,5.13473,166,16.9337,0,0,5438,12280714206
457.6,2.18531,45.9288,0,86,66,44,2760,10501,5.13473,166,16.9337,0,0,5438,12282899818
288.143,3.4705,45.9288,0,86,66,44,2760,10501,5.13473,166,16.9337,0,0,5438,12286370675
408.505,2.44795,45.9288,0,86,66,44,2760,10501,5.13473,166,16.9337,0,0,5438,12288819142
387.982,2.57744,45.9288,0,86,66,44,2760,10501,5.13473,166,16.9337,0,0,5438,12291396720
332.247,3.00981,45.9288,0,86,66,44,2760,10501,5.13473,166,16.9337,0,0,5438,12294406917
475.358,2.10368,45.9288,0,86,66,44,2760,10501,5.13473,166,16.9337,0,0,5438,12296510786
338.273,2.9562,45.9288,0,86,66,44,2760,10501,5.13473,166,16.9337,0,0,5438,12299467472
271.844,3.67858,45.9288,0,86,66,44,2760,10501,5.13473,166,16.9337,0,0,5438,12303146510
753.86,1.32651,45.9288,0,86,66,44,2760,10501,5.13473,166,16.9337,0,0,5438,12304473227
336.309,2.97346,45.9288,0,86,66,44,2760,10501,5.13473,166,16.9337,0,0,5438,12307447058
389.834,2.56519,45.9288,0,86,66,44,2760,10501,5.13473,166,16.9337,0,0,5438,12310012414
356.329,2.80639,45.9288,0,86,66,44,2760,10501,5.13473,166,16.9337,0,0,5438,12312819124
369.735,2.70464,45.9288,0,86,66,44,2760,10501,5.13473,166,16.9337,0,0,5438,12315524283
271.554,3.68251,45.9288,0,86,66,44,2760,10501,5.13473,166,16.9337,0,0,5438,12319207147
618.03,1.61804,45.9288,0,86,66,44,2760,10501,5.13473,166,16.9337,0,0,5438,12320825404
359.63,2.78063,45.9288,0,86,66,44,2760,10501,5.13473,166,16.9337,0,0,5438,12323606295
429.253,2.32963,45.9288,0,86,66,44,2760,10501,5.13473,166,16.9337,0,0,5438,12325936278
342.884,2.91644,45.9288,0,86,66,44,2760,10501,5.13473,166,16.9337,0,0,5438,12328852963
349.608,2.86035,45.9288,0,86,66,44,2760,10501,5.13473,166,16.9337,0,0,5438,12331713684
399.956,2.50028,45.9288,0,86,66,44,2760,10501,5.13473,166,16.9337,0,0,5438,12334214287
322.343,3.10229,45.9288,0,86,66,44,2760,10501,5.13473,166,16.9337,0,0,5438,12337316902
475.987,2.1009,45.9288,0,86,66,44,2760,10501,5.13473,166,16.9337,0,0,5438,12339418145
346.823,2.88332,45.9288,0,86,66,44,2760,10501,5.13473,166,16.9337,0,0,5438,12342301791
390.022,2.56396,45.9288,0,86,66,44,2760,10501,5.13473,166,16.9337,0,0,5438,12344866108
316.131,3.16325,45.9288,0,86,66,44,2760,10501,5.13473,166,16.9337,0,0,5438,12348029638
436.315,2.29192,45.9288,0,86,66,44,2760,10501,5.13473,166,16.9337,0,0,5438,12350321878
308.205,3.24459,45.9288,0,86,66,44,2760,10501,5.13473,166,16.9337,0,0,5438,12353566805
489.188,2.0442,45.9288,0,86,66,44,2760,10501,5.13473,166,16.9337,0,0,5438,12355611480
385.249,2.59572,45.9288,0,86,66,44,2760,10501,5.13473,166,16.9337,0,0,5438,12358207692
294.835,3.39173,45.9288,0,86,66,44,2760,10501,5.13473,166,16.9337,0,0,5438,12361599662
402.442,2.48483,45.9288,0,86,66,44,2760,10501,5.13473,166,16.9337,0,0,5438,12364084919
203.271,4.91953,45.9288,0,86,66,44,2760,10501,5.13473,166,16.9337,0,0,5438,12369004902
567.214,1.763,45.9288,0,86,66,44,2760,10501,5.13473,166,16.9337,0,0,5438,12370768615
551.571,1.813,45.9288,0,86,66,44,2760,10501,5.13473,166,16.9337,0,0,5438,12372581417
441.985,2.26252,45.9288,0,86,66,44,2760,10501,5.13473,166,16.9337,0,0,5438,12374844291
370.659,2.6979,45.9288,0,86,66,44,2760,10501,5.13473,166,16.9337,0,0,5438,12377542392
354.168,2.82352,45.9288,0,86,66,44,2760,10501,5.13473,166,16.9337,0,0,5438,12380366352
393.79,2.53942,45.9288,0,86,66,44,2760,10501,5.13473,166,16.9337,0,0,5438,12382906246
375.064,2.66621,45.9288,0,86,66,44,2760,10501,5.13473,166,16.9337,0,0,5438,12385572557
345.402,2.89517,45.9288,0,86,66,44,2760,10501,5.13473,166,16.9337,0,0,5438,12388468154
411.393,2.43076,45.9288,0,86,66,44,2760,10501,5.13473,166,16.9337,0,0,5438,12390899275
143.756,6.95621,45.9288,0,86,66,44,2760,10501,5.13473,166,16.9337,0,0,5438,12397856009
608.28,1.64398,45.9288,0,86,66,44,2760,10501,5.13473,166,16.9337,0,0,5438,12399500199
728.129,1.37338,45.9288,0,86,66,44,2760,10501,5.13473,166,16.9337,0,0,5438,12400874024
351.194,2.84743,45.9288,0,86,66,44,2760,10501,5.13473,166,16.9337,0,0,5438,12403721697
310.048,3.22531,45.9288,0,86,66,44,2760,10501,5.13473,166,16.9337,0,0,5438,12406947344
460.282,2.17258,45.9288,0,86,66,44,2760,10501,5.13473,166,16.9337,0,0,5438,12409120254
381.406,2.62188,45.9288,0,86,66,44,2760,10501,5.13473,166,16.9337,0,0,5438,12411742621
362.676,2.75729,45.9288,0,86,66,44,2760,10501,5.13473,166,16.9337,0,0,5438,12414500118
357.782,2.795,45.9288,0,86,66,44,2760,10501,5.13473,166,16.9337,0,0,5438,12417295424
383.883,2.60496,45.9288,0,86,66,44,2760,10501,5.13473,166,16.9337,0,0,5438,12419900867
269.45,3.71127,45.9288,0,86,66,44,2760,10501,5.13473,166,16.9337,0,0,5438,12423612406
505.08,1.97988,45.9288,0,86,66,44,2760,10501,5.13473,166,16.9337,0,0,5438,12425592694
446.369,2.2403,45.9288,0,86,66,44,2760,10501,5.13473,166,16.9337,0,0,5438,12427833211
421.212,2.3741,45.9288,0,86,66,44,2760,10501,5.13473,166,16.9337,0,0,5438,12430207657
268.928,3.71847,45.9288,0,86,66,44,2760,10501,5.13473,166,16.9337,0,0,5438,12433926590
524.557,1.90637,45.9288,0,86,66,44,2760,10501,5.13473,166,16.9337,0,0,5438,12435833144
352.816,2.83434,45.9288,0,86,66,44,2760,10501,5.13473,166,16.9337,0,0,5438,12438667836
406.991,2.45705,45.9288,0,86,66,44,2760,10501,5.13473,166,16.9337,0,0,5438,12441125207
323.065,3.09535,45.9288,0,86,66,44,2760,10501,5.13473,166,16.9337,0,0,5438,12444221225
467.738,2.13795,45.9288,0,86,66,44,2760,10501,5.13473,166,16.9337,0,0,5438,12446359393
338.743,2.95209,45.9288,0,86,66,44,2760,10501,5.13473,166,16.9337,0,0,5438,12449311849
239.484,4.17565,45.9288,0,86,66,44,2760,10501,5.13473,166,16.9337,0,0,5438,12453487941
509.804,1.96154,45.9288,0,86,66,44,2760,10501,5.13473,166,16.9337,0,0,5438,12455449806
415.981,2.40396,45.9288,0,86,66,44,2760,10501,5.13473,166,16.9337,0,0,5438,12457854031
509.907,1.96114,45.9288,0,86,66,44,2760,10501,5.13473,166,16.9337,0,0,5438,12459815703
330.479,3.02591,45.9288,0,86,66,44,2760,10501,5.13473,166,16.9337,0,0,5438,12462841930
391.65,2.5533,45.9288,0,86,66,44,2760,10501,5.13473,166,16.9337,0,0,5438,12465395525
392.243,2.54944,45.9288,0,86,66,44,2760,10501,5.13473,166,16.9337,0,0,5438,12467945419
343.116,2.91446,45.9288,0,86,66,44,2760,10501,5.13473,166,16.9337,0,0,5438,12470860113
273.602,3.65494,45.9288,0,86,66,44,2760,10501,5.13473,166,16.9337,0,0,5438,12474515486
589.549,1.69621,45.9288,0,86,66,44,2760,10501,5.13473,166,16.9337,0,0,5438,12476211919
301.708,3.31447,45.9288,0,86,66,44,2760,10501,5.13473,166,16.9337,0,0,5438,12479527021
431.408,2.31799,45.9288,0,86,66,44,2760,10501,5.13473,166,16.9337,0,0,5438,12481845233
405.402,2.46669,45.9288,0,86,66,44,2760,10501,5.13473,166,16.9337,0,0,5438,12484312345
369.038,2.70974,45.9288,0,86,66,44,2760,10501,5.13473,166,16.9337,0,0,5438,12487022369
395.472,2.52862,45.9288,0,86,66,44,2760,10501,5.13473,166,16.9337,0,0,5438,12489551301
356.687,2.80358,45.9288,0,86,66,44,2760,10501,5.13473,166,16.9337,0,0,5438,12492355318
237.682,4.2073,45.9288,0,86,66,44,2760,10501,5.13473,166,16.9337,0,0,5438,12496562903
346.061,2.88966,45.9288,0,86,66,44,2760,10501,5.13473,166,16.9337,0,0,5438,12499453000
630.794,1.5853,45.9288,0,86,66,44,2760,10501,5.13473,166,16.9337,0,0,5438,12501038707
454.062,2.20234,45.9288,0,86,66,44,2760,10501,5.13473,166,16.9337,0,0,5438,12503241349
299.481,3.33911,45.9288,0,86,66,44,2760,10501,5.13473,166,16.9337,0,0,5438,12506580952
537.313,1.86111,45.9288,0,86,66,44,2760,10501,5.13473,166,16.9337,0,0,5438,12508442341
324.759,3.07921,45.9288,0,86,66,44,2760,10501,5.13473,166,16.9337,0,0,5438,12511521868
343.307,2.91285,45.9288,0,86,66,44,2760,10501,5.13473,166,16.9337,0,0,5438,12514435053
478.66,2.08917,45.9288,0,86,66,44,2760,10501,5.13473,166,16.9337,0,0,5438,12516524537
362.764,2.75661,45.9288,0,86,66,44,2760,10501,5.13473,166,16.9337,0,0,5438,12519281476
393.556,2.54093,45.9288,0,86,66,44,2760,10501,5.13473,166,16.9337,0,0,5438,12521822773
383.81,2.60545,45.9288,0,86,66,44,2760,10501,5.13473,166,16.9337,0,0,5438,12524428659
357.72,2.79548,45.9288,0,86,66,44,2760,10501,5.13473,166,16.9337,0,0,5438,12527224378
452.408,2.21039,45.9288,0,86,66,44,2760,10501,5.13473,166,16.9337,0,0,5438,12529435058
278.69,3.58822,45.9288,0,86,66,44,2760,10501,5.13473,166,16.9337,0,0,5438,12533023554
426.891,2.34252,45.9288,0,86,66,44,2760,10501,5.13473,166,16.9337,0,0,5438,12535366412
500.951,1.9962,45.9288,0,86,66,44,2760,10501,5.13473,166,16.9337,0,0,5438,12537363047
339.817,2.94276,45.9288,0,86,66,44,2760,10501,5.13473,166,16.9337,0,0,5438,12540306252
299.103,3.34332,45.9288,0,86,66,44,2760,10501,5.13473,166,16.9337,0,0,5438,12543649845
467.804,2.13765,45.9288,0,86,66,44,2760,10501,5.13473,166,16.9337,0,0,5438,12545787744
218.303,4.5808,45.9288,0,86,66,44,2760,10501,5.13473,166,16.9337,0,0,5438,12550369062
462.538,2.16199,45.9288,0,86,66,44,2760,10501,5.13473,166,16.9337,0,0,5438,12552531279
570.131,1.75398,45.9288,0,86,66,44,2760,10501,5.13473,166,16.9337,0,0,5438,12554285540
369.374,2.70728,45.9288,0,86,66,44,2760,10501,5.13473,166,16.9337,0,0,5438,12556993102
311.084,3.21457,45.9288,0,86,66,44,2760,10501,5.13473,166,16.9337,0,0,5438,12560208191
584.733,1.71018,45.9288,0,86,66,44,2760,10501,5.13473,166,16.9337,0,0,5438,12561918682
339.435,2.94607,45.9288,0,86,66,44,2760,10501,5.13473,166,16.9337,0,0,5438,12564864973
395.211,2.5303,45.9288,0,86,66,44,2760,10501,5.13473,166,16.9337,0,0,5438,12567395664
317.568,3.14893,45.9288,0,86,66,44,2760,10501,5.13473,166,16.9337,0,0,5438,12570544896
418.144,2.39152,45.9288,0,86,66,44,2760,10501,5.13473,166,16.9337,0,0,5438,12572936765
374.255,2.67197,45.9288,0,86,66,44,2760,10501,5.13473,166,16.9337,0,0,5438,12575609095
354.016,2.82473,45.9288,0,86,66,44,2760,10501,5.13473,166,16.9337,0,0,5438,12578456681
473.911,2.1101,44.6891,0,86,66,44,2760,10501,5.13473,166,16.9258,0,0,5436,12580544492
322.728,3.09859,44.6891,0,86,66,44,2760,10501,5.13473,166,16.9258,0,0,5436,12583643539
236.441,4.22938,44.6891,0,86,66,44,2760,10501,5.13473,166,16.9258,0,0,5436,12587873095
1454.03,0.687744,44.6891,0,86,66,44,2760,10501,5.13473,166,16.9258,0,0,5436,12588561291
382.889,2.61172,44.6891,0,86,66,44,2760,10501,5.13473,166,16.9258,0,0,5436,12591173312
243.453,4.10757,44.6891,0,86,66,44,2760,10501,5.13473,166,16.9258,0,0,5436,12595281498
624.506,1.60126,44.6891,0,86,66,44,2760,10501,5.13473,166,16.9258,0,0,5436,12596882947
349.324,2.86267,44.6891,0,86,66,44,2760,10501,5.13473,166,16.9258,0,0,5436,12599746033
451.758,2.21357,44.6891,0,86,66,44,2760,10501,5.13473,166,16.9258,0,0,5436,12601960098
352.723,2.83509,44.6891,0,86,66,44,2760,10501,5.13473,166,16.9258,0,0,5436,12604795434
360.431,2.77446,44.6891,0,86,66,44,2760,10501,5.13473,166,16.9258,0,0,5436,12607570191
384.991,2.59746,44.6891,0,86,66,44,2760,10501,5.13473,166,16.9258,0,0,5436,12610168087
198.081,5.04844,44.6891,0,86,66,44,2760,10501,5.13473,166,16.9258,0,0,5436,12615216988
529.818,1.88744,44.6891,0,86,66,44,2760,10501,5.13473,166,16.9258,0,0,5436,12617104734
683.338,1.46341,44.6891,0,86,66,44,2760,10501,5.13473,166,16.9258,0,0,5436,12618568264
408.586,2.44747,44.6891,0,86,66,44,2760,10501,5.13473,166,16.9258,0,0,5436,12621016058
388.869,2.57156,44.6891,0,86,66,44,2760,10501,5.13473,166,16.9258,0,0,5436,12623587789
340.065,2.94062,44.6891,0,86,66,44,2760,10501,5.13473,166,16.9258,0,0,5436,12626528792
511.109,1.95653,44.6891,0,86,66,44,2760,10501,5.13473,166,16.9258,0,0,5436,12628485665
352.44,2.83736,44.6891,0,86,66,44,2760,10501,5.13473,166,16.9258,0,0,5436,12631323348
350.926,2.84961,44.6891,0,86,66,44,2760,10501,5.13473,166,16.9258,0,0,5436,12634173367
376.799,2.65394,44.6891,0,86,66,44,2760,10501,5.13473,166,16.9258,0,0,5436,12636827600
208.105,4.80527,44.6891,0,86,66,44,2760,10501,5.13473,166,16.9258,0,0,5436,12641633128
889.977,1.12362,44.6891,0,86,66,44,2760,10501,5.13473,166,16.9258,0,0,5436,12642757214
477.331,2.09498,44.6891,0,86,66,44,2760,10501,5.13473,166,16.9258,0,0,5436,12644852553
366.261,2.73029,44.6891,0,86,66,44,2760,10501,5.13473,166,16.9258,0,0,5436,12647583040
316.74,3.15716,44.6891,0,86,66,44,2760,10501,5.13473,166,16.9258,0,0,5436,12650740531
439.763,2.27395,44.6891,0,86,66,44,2760,10501,5.13473,166,16.9258,0,0,5436,12653014819
387.669,2.57952,44.6891,0,86,66,44,2760,10501,5.13473,166,16.9258,0,0,5436,12655594762
265.984,3.75963,44.6891,0,86,66,44,2760,10501,5.13473,166,16.9258,0,0,5436,12659354773
690.383,1.44847,44.6891,0,86,66,44,2760,10501,5.13473,166,16.9258,0,0,5436,12660803351
324.897,3.0779,44.6891,0,86,66,44,2760,10501,5.13473,166,16.9258,0,0,5436,12663881647
278.36,3.59247,44.6891,0,86,66,44,2760,10501,5.13473,166,16.9258,0,0,5436,12667474460
347.581,2.87703,44.6891,0,86,66,44,2760,10501,5.13473,166,16.9258,0,0,5436,12670351894
778.528,1.28448,44.6891,0,86,66,44,2760,10501,5.13473,166,16.9258,0,0,5436,12671636446
352.609,2.836,44.6891,0,86,66,44,2760,10501,5.13473,166,16.9258,0,0,5436,12674472830
343.401,2.91205,44.6891,0,86,66,44,2760,10501,5.13473,166,16.9258,0,0,5436,12677385256
254.352,3.93156,44.6891,0,86,66,44,2760,10501,5.13473,166,16.9258,0,0,5436,12681317090
947.292,1.05564,44.6891,0,86,66,44,2760,10501,5.13473,166,16.9258,0,0,5436,12682372933
307.525,3.25176,44.6891,0,86,66,44,2760,10501,5.13473,166,16.9258,0,0,5436,12685625033
470.266,2.12646,44.6891,0,86,66,44,2760,10501,5.13473,166,16.9258,0,0,5436,12687751807
342.187,2.92238,44.6891,0,86,66,44,2760,10501,5.13473,166,16.9258,0,0,5436,12690674521
260.759,3.83496,44.6891,0,86,66,44,2760,10501,5.13473,166,16.9258,0,0,5436,12694509756
699.371,1.42986,44.6891,0,86,66,44,2760,10501,5.13473,166,16.9258,0,0,5436,12695940237
383.253,2.60924,44.6891,0,86,66,44,2760,10501,5.13473,166,16.9258,0,0,5436,12698549632
414.492,2.41259,44.6891,0,86,66,44,2760,10501,5.13473,166,16.9258,0,0,5436,12700962560
334.289,2.99143,44.6891,0,86,66,44,2760,10501,5.13473,166,16.9258,0,0,5436,12703954449
383.673,2.60639,44.6891,0,86,66,44,2760,10501,5.13473,166,16.9258,0,0,5436,12706561095
329.797,3.03217,44.6891,0,86,66,44,2760,10501,5.13473,166,16.9258,0,0,5436,12709593697
419.106,2.38603,44.6891,0,86,66,44,2760,10501,5.13473,166,16.9258,0,0,5436,12711979931
417.124,2.39737,44.6891,0,86,66,44,2760,10501,5.13473,166,16.9258,0,0,5436,12714377618
320.417,3.12093,44.6891,0,86,66,44,2760,10501,5.13473,166,16.9258,0,0,5436,12717499002
246.047,4.06427,44.6891,0,86,66,44,2760,10501,5.13473,166,16.9258,0,0,5436,12721563754
564.803,1.77053,44.6891,0,86,66,44,2760,10501,5.13473,166,16.9258,0,0,5436,12723334564
451.436,2.21515,44.6891,0,86,66,44,2760,10501,5.13473,166,16.9258,0,0,5436,12725550023
411.465,2.43034,44.6891,0,86,66,44,2760,10501,5.13473,166,16.9258,0,0,5436,12727980720
513.52,1.94734,44.6891,0,86,66,44,2760,10501,5.13473,166,16.9258,0,0,5436,12729928372
380.063,2.63115,44.6891,0,86,66,44,2760,10501,5.13473,166,16.9258,0,0,5436,12732559798
340.048,2.94076,44.6891,0,86,66,44,2760,10501,5.13473,166,16.9258,0,0,5436,12735500858
392.494,2.54781,44.6891,0,86,66,44,2760,10501,5.13473,166,16.9258,0,0,5436,12738049088
343.347,2.9125,44.6891,0,86,66,44,2760,10501,5.13473,166,16.9258,0,0,5436,12740961985
367.028,2.72459,44.6891,0,86,66,44,2760,10501,5.13473,166,16.9258,0,0,5436,12743686894
439.523,2.27519,44.6891,0,86,66,44,2760,10501,5.13473,166,16.9258,0,0,5436,12745962384
301.003,3.32223,44.6891,0,86,66,44,2760,10501,5.13473,166,16.9258,0,0,5436,12749285178
477.914,2.09243,44.6891,0,86,66,44,2760,10501,5.13473,166,16.9258,0,0,5436,12751378028
344.257,2.90481,44.6891,0,86,66,44,2760,10501,5.13473,166,16.9258,0,0,5436,12754283280
331.25,3.01887,44.6891,0,86,66,44,2760,10501,5.13473,166,16.9258,0,0,5436,12757302410
347.445,2.87815,44.6891,0,86,66,44,2760,10501,5.13473,166,16.9258,0,0,5436,12760180949
511.122,1.95648,44.6891,0,86,66,44,2760,10501,5.13473,166,16.9258,0,0,5436,12762137900
310.847,3.21701,44.6891,0,86,66,44,2760,10501,5.13473,166,16.9258,0,0,5436,12765355239
273.277,3.6593,44.6891,0,86,66,44,2760,10501,5.13473,166,16.9258,0,0,5436,12769014949
461.991,2.16454,44.6891,0,86,66,44,2760,10501,5.13473,166,16.9258,0,0,5436,12771179743
352.411,2.83759,44.6891,0,86,66,44,2760,10501,5.13473,166,16.9258,0,0,5436,12774017666
464.297,2.15379,44.6891,0,86,66,44,2760,10501,5.13473,166,16.9258,0,0,5436,12776171729
422.621,2.36618,44.6891,0,86,66,44,2760,10501,5.13473,166,16.9258,0,0,5436,12778538260
290.717,3.43977,44.6891,0,86,66,44,2760,10501,5.13473,166,16.9258,0,0,5436,12781978424
595.955,1.67798,44.6891,0,86,66,44,2760,10501,5.13473,166,16.9258,0,0,5436,12783656721
407.27,2.45537,44.6891,0,86,66,44,2760,10501,5.13473,166,16.9258,0,0,5436,12786112544
296.982,3.36721,44.6891,0,86,66,44,2760,10501,5.13473,166,16.9258,0,0,5436,12789480062
401.79,2.48886,44.6891,0,86,66,44,2760,10501,5.13473,166,16.9258,0,0,5436,12791969117
465.34,2.14897,44.6891,0,86,66,44,2760,10501,5.13473,166,16.9258,0,0,5436,12794118449
312.179,3.20329,44.6891,0,86,66,44,2760,10501,5.13473,166,16.9258,0,0,5436,12797322047
459.109,2.17813,44.6891,0,86,66,44,2760,10501,5.13473,166,16.9258,0,0,5436,12799500630
203.318,4.91841,44.6891,0,86,66,44,2760,10501,5.13473,166,16.9258,0,0,5436,12804419161
354.038,2.82456,44.6891,0,86,66,44,2760,10501,5.13473,166,16.9258,0,0,5436,12807243910
726.72,1.37605,44.6891,0,86,66,44,2760,10501,5.13473,166,16.9258,0,0,5436,12808620495
460.182,2.17305,44.6891,0,86,66,44,2760,10501,5.13473,166,16.9258,0,0,5436,12810793780
267.263,3.74164,44.6891,0,86,66,44,2760,10501,5.13473,166,16.9258,0,0,5436,12814535733
264.126,3.78607,44.6891,0,86,66,44,2760,10501,5.13473,166,16.9258,0,0,5436,12818322130
566.414,1.76549,44.6891,0,86,66,44,2760,10501,5.13473,166,16.9258,0,0,5436,12820087930
515.794,1.93876,44.6891,0,86,66,44,2760,10501,5.13473,166,16.9258,0,0,5436,12822026947
361.685,2.76483,44.6891,0,86,66,44,2760,10501,5.13473,166,16.9258,0,0,5436,12824792156
503.405,1.98647,44.6891,0,86,66,44,2760,10501,5.13473,166,16.9258,0,0,5436,12826779069
294.983,3.39003,44.6891,0,86,66,44,2760,10501,5.13473,166,16.9258,0,0,5436,12830169337
307.035,3.25696,44.6891,0,86,66,44,2760,10501,5.13473,166,16.9258,0,0,5436,12833426591
468.624,2.13391,44.6891,0,86,66,44,2760,10501,5.13473,166,16.9258,0,0,5436,12835560826
524.221,1.90759,44.6891,0,86,66,44,2760,10501,5.13473,166,16.9258,0,0,5436,12837468977
309.313,3.23298,44.6891,0,86,66,44,2760,10501,5.13473,166,16.9258,0,0,5436,12840702048
462.741,2.16103,44.6891,0,86,66,44,2760,10501,5.13473,166,16.9258,0,0,5436,12842863543
221.169,4.52142,44.6891,0,86,66,44,2760,10501,5.13473,166,16.9258,0,0,5436,12847385350
1066.17,0.937935,44.6891,0,86,66,44,2760,10501,5.13473,166,16.9258,0,0,5436,12848323506
421.376,2.37318,44.6891,0,86,66,44,2760,10501,5.13473,166,16.9258,0,0,5436,12850696961
338.901,2.95072,44.6891,0,86,66,44,2760,10501,5.13473,166,16.9258,0,0,5436,12853648032
296.186,3.37626,44.6891,0,86,66,44,2760,10501,5.13473,166,16.9258,0,0,5436,12857024607
508.963,1.96478,44.6891,0,86,66,44,2760,10501,5.13473,166,16.9258,0,0,5436,12858989712
265.431,3.76746,44.6891,0,86,66,44,2760,10501,5.13473,166,16.9258,0,0,5436,12862757464
787.822,1.26932,44.6891,0,86,66,44,2760,10501,5.13473,166,16.9258,0,0,5436,12864027141
350.443,2.85353,44.6891,0,86,66,44,2760,10501,5.13473,166,16.9258,0,0,5436,12866881016
244.91,4.08314,44.6891,0,86,66,44,2760,10501,5.13473,166,16.9258,0,0,5436,12870964452
392.438,2.54817,44.6891,0,86,66,44,2760,10501,5.13473,166,16.9258,0,0,5436,12873513172
569.594,1.75564,44.6891,0,86,66,44,2760,10501,5.13473,166,16.9258,0,0,5436,12875268924
338.383,2.95523,44.6891,0,86,66,44,2760,10501,5.13473,166,16.9258,0,0,5436,12878224514
385.419,2.59458,44.6891,0,86,66,44,2760,10501,5.13473,166,16.9258,0,0,5436,12880819332
267.386,3.73991,44.6891,0,86,66,44,2760,10501,5.13473,166,16.9258,0,0,5436,12884559708
498.703,2.0052,44.6891,0,86,66,44,2760,10501,5.13473,166,16.9258,0,0,5436,12886565189
443.285,2.25588,44.6891,0,86,66,44,2760,10501,5.13473,166,16.9258,0,0,5436,12888821458
386.261,2.58892,44.6891,0,86,66,44,2760,10501,5.13473,166,16.9258,0,0,5436,12891410737
315.919,3.16537,44.6891,0,86,66,44,2760,10501,5.13473,166,16.9258,0,0,5436,12894576536
531.527,1.88137,44.6891,0,86,66,44,2760,10501,5.13473,166,16.9258,0,0,5436,12896458157
369.652,2.70525,44.6891,0,86,66,44,2760,10501,5.13473,166,16.9258,0,0,5436,12899163498
349.366,2.86233,44.6891,0,86,66,44,2760,10501,5.13473,166,16.9258,0,0,5436,12902026249
324.624,3.08049,44.6891,0,86,66,44,2760,10501,5.13473,166,16.9258,0,0,5436,12905107054
422.649,2.36603,44.6891,0,86,66,44,2760,10501,5.13473,166,16.9258,0,0,5436,12907473394
171.113,5.84409,44.6891,0,86,66,44,2760,10501,5.13473,166,16.9258,0,0,5436,12913317764
378.468,2.64223,44.6891,0,86,66,44,2760,10501,5.13473,166,16.9258,0,0,5436,12915960497
2402.21,0.416283,44.6891,0,86,66,44,2760,10501,5.13473,166,16.9258,0,0,5436,12916376992
360.273,2.77567,44.6891,0,86,66,44,2760,10501,5.13473,166,16.9258,0,0,5436,12919152941
431.877,2.31547,44.6891,0,86,66,44,2760,10501,5.13473,166,16.9258,0,0,5436,12921468731
334.432,2.99015,44.6891,0,86,66,44,2760,10501,5.13473,166,16.9258,0,0,5436,12924459207
365.672,2.73469,44.6891,0,86,66,44,2760,10501,5.13473,166,16.9258,0,0,5436,12927194260
400.194,2.49879,44.6891,0,86,66,44,2760,10501,5.13473,166,16.9258,0,0,5436,12929693335
239.501,4.17535,44.6891,0,86,66,44,2760,10501,5.13473,166,16.9258,0,0,5436,12933869120
595.095,1.6804,44.6891,0,86,66,44,2760,10501,5.13473,166,16.9258,0,0,5436,12935549782
310.908,3.21639,44.6891,0,86,66,44,2760,10501,5.13473,166,16.9258,0,0,5436,12938766564
272.788,3.66584,44.6891,0,86,66,44,2760,10501,5.13473,166,16.9258,0,0,5436,12942432735
616.294,1.6226,44.6891,0,86,66,44,2760,10501,5.13473,166,16.9258,0,0,5436,12944055636
543.503,1.83992,44.6891,0,86,66,44,2760,10501,5.13473,166,16.9258,0,0,5436,12945895852
341.461,2.92859,44.6891,0,86,66,44,2760,10501,5.13473,166,16.9258,0,0,5436,12948824845
351.733,2.84307,44.6891,0,86,66,44,2760,10501,5.13473,166,16.9258,0,0,5436,12951668181
357.138,2.80004,44.6891,0,86,66,44,2760,10501,5.13473,166,16.9258,0,0,5436,12954468708
347.578,2.87705,44.6891,0,86,66,44,2760,10501,5.13473,166,16.9258,0,0,5436,12957345997
550.29,1.81722,44.6891,0,86,66,44,2760,10501,5.13473,166,16.9258,0,0,5436,12959163703
376.401,2.65674,44.6891,0,86,66,44,2760,10501,5.13473,166,16.9258,0,0,5436,12961820754
232.248,4.30574,44.6891,0,86,66,44,2760,10501,5.13473,166,16.9258,0,0,5436,12966126986
553.179,1.80773,44.6891,0,86,66,44,2760,10501,5.13473,166,16.9258,0,0,5436,12967934912
380.049,2.63124,44.6891,0,86,66,44,2760,10501,5.13473,166,16.9258,0,0,5436,12970566491
424.696,2.35463,44.6891,0,86,66,44,2760,10501,5.13473,166,16.9258,0,0,5436,12972921340
316.376,3.1608,44.6891,0,86,66,44,2760,10501,5.13473,166,16.9258,0,0,5436,12976082513
503.617,1.98563,44.6891,0,86,66,44,2760,10501,5.13473,166,16.9258,0,0,5436,12978068475
364.935,2.74022,44.6891,0,86,66,44,2760,10501,5.13473,166,16.9258,0,0,5436,12980809067
382.101,2.61711,44.6891,0,86,66,44,2760,10501,5.13473,166,16.9258,0,0,5436,12983426578
335.269,2.98268,44.6891,0,86,66,44,2760,10501,5.13473,166,16.9258,0,0,5436,12986409525
363.798,2.74878,44.6891,0,86,66,44,2760,10501,5.13473,166,16.9258,0,0,5436,12989158579
197.436,5.06494,44.6891,0,86,66,44,2760,10501,5.13473,166,16.9258,0,0,5436,12994224048
1228.95,0.813701,44.6891,0,86,66,44,2760,10501,5.13473,166,16.9258,0,0,5436,12995038008
401.66,2.48967,44.6891,0,86,66,44,2760,10501,5.13473,166,16.9258,0,0,5436,12997527986
280.461,3.56556,44.6891,0,86,66,44,2760,10501,5.13473,166,16.9258,0,0,5436,13001093885
512.887,1.94975,44.6891,0,86,66,44,2760,10501,5.13473,166,16.9258,0,0,5436,13003043960
329.814,3.03202,44.6891,0,86,66,44,2760,10501,5.13473,166,16.9258,0,0,5436,13006076630
546.973,1.82824,44.6891,0,86,66,44,2760,10501,5.13473,166,16.9258,0,0,5436,13007904999
359.745,2.77975,44.6891,0,86,66,44,2760,10501,5.13473,166,16.9258,0,0,5436,13010685103
380.941,2.62508,44.6891,0,86,66,44,2760,10501,5.13473,166,16.9258,0,0,5436,13013310508
386.618,2.58653,44.6891,0,86,66,44,2760,10501,5.13473,166,16.9258,0,0,5436,13015897317
215.367,4.64324,44.6891,0,86,66,44,2760,10501,5.13473,166,16.9258,0,0,5436,13020540839
924.003,1.08225,44.6891,0,86,66,44,2760,10501,5.13473,166,16.9258,0,0,5436,13021623414
344.188,2.90539,44.6891,0,86,66,44,2760,10501,5.13473,166,16.9258,0,0,5436,13024529127
365.015,2.73961,44.6891,0,86,66,44,2760,10501,5.13473,166,16.9258,0,0,5436,13027269056
329.927,3.03098,44.6891,0,86,66,44,2760,10501,5.13473,166,16.9258,0,0,5436,13030300398
555.881,1.79895,44.6891,0,86,66,44,2760,10501,5.13473,166,16.9258,0,0,5436,13032099632
302.686,3.30376,44.6891,0,86,66,44,2760,10501,5.13473,166,16.9258,0,0,5436,13035403657
399.671,2.50205,44.6891,0,86,66,44,2760,10501,5.13473,166,16.9258,0,0,5436,13037906068
445.876,2.24278,44.6891,0,86,66,44,2760,10501,5.13473,166,16.9258,0,0,5436,13040149249
436.046,2.29334,44.6891,0,86,66,44,2760,10501,5.13473,166,16.9258,0,0,5436,13042442846
246.331,4.05958,44.6891,0,86,66,44,2760,10501,5.13473,166,16.9258,0,0,5436,13046502762
531.954,1.87986,44.6891,0,86,66,44,2760,10501,5.13473,166,16.9258,0,0,5436,13048382959
471.406,2.12131,44.6891,0,86,66,44,2760,10501,5.13473,166,16.9258,0,0,5436,13050504598
363.914,2.7479,44.6891,0,86,66,44,2760,10501,5.13473,166,16.9258,0,0,5436,13053252835
429.448,2.32857,44.6891,0,86,66,44,2760,10501,5.13473,166,16.9258,0,0,5436,13055581875
254.668,3.92668,44.6891,0,86,66,44,2760,10501,5.13473,166,16.9258,0,0,5436,13059508729
522.748,1.91297,44.6891,0,86,66,44,2760,10501,5.13473,166,16.9258,0,0,5436,13061422034
407.124,2.45626,44.6891,0,86,66,44,2760,10501,5.13473,166,16.9258,0,0,5436,13063878664
332.796,3.00484,44.6891,0,86,66,44,2760,10501,5.13473,166,16.9258,0,0,5436,13066883794
286.411,3.49148,44.6891,0,86,66,44,2760,10501,5.13473,166,16.9258,0,0,5436,13070375614
229.262,4.36183,44.6891,0,86,66,44,2760,10501,5.13473,166,16.9258,0,0,5436,13074737751
517.996,1.93052,44.6891,0,86,66,44,2760,10501,5.13473,166,16.9258,0,0,5436,13076668720
557.748,1.79293,44.6891,0,86,66,44,2760,10501,5.13473,166,16.9258,0,0,5436,13078463829
589.395,1.69665,43.807,0,85,66,44,2760,10501,5.13199,166,16.9255,0,0,5450,13080158848
281.649,3.55052,43.807,0,85,66,44,2760,10501,5.13199,166,16.9255,0,0,5450,13083709727
543.906,1.83855,43.807,0,85,66,44,2760,10501,5.13199,166,16.9255,0,0,5450,13085548597
332.125,3.01091,43.807,0,85,66,44,2760,10501,5.13199,166,16.9255,0,0,5450,13088559775
439.05,2.27764,43.807,0,85,66,44,2760,10501,5.13199,166,16.9255,0,0,5450,13090837784
379.746,2.63334,43.807,0,85,66,44,2760,10501,5.13199,166,16.9255,0,0,5450,13093471662
364.464,2.74376,43.807,0,85,66,44,2760,10501,5.13199,166,16.9255,0,0,5450,13096215591
235.642,4.24373,43.807,0,85,66,44,2760,10501,5.13199,166,16.9255,0,0,5450,13100459734
729.493,1.37082,43.807,0,85,66,44,2760,10501,5.13199,166,16.9255,0,0,5450,13101830789
507.451,1.97063,43.807,0,85,66,44,2760,10501,5.13199,166,16.9255,0,0,5450,13103801789
347.772,2.87544,43.807,0,85,66,44,2760,10501,5.13199,166,16.9255,0,0,5450,13106677530
334.322,2.99113,43.807,0,85,66,44,2760,10501,5.13199,166,16.9255,0,0,5450,13109669006
366.598,2.72778,43.807,0,85,66,44,2760,10501,5.13199,166,16.9255,0,0,5450,13112397001
325.273,3.07434,43.807,0,85,66,44,2760,10501,5.13199,166,16.9255,0,0,5450,13115471711
473.648,2.11127,43.807,0,85,66,44,2760,10501,5.13199,166,16.9255,0,0,5450,13117583474
389.229,2.56918,43.807,0,85,66,44,2760,10501,5.13199,166,16.9255,0,0,5450,13120152888
325.934,3.0681,43.807,0,85,66,44,2760,10501,5.13199,166,16.9255,0,0,5450,13123221376
161.851,6.17852,43.807,0,85,66,44,2760,10501,5.13199,166,16.9255,0,0,5450,13129400286
509.624,1.96223,43.807,0,85,66,44,2760,10501,5.13199,166,16.9255,0,0,5450,13131362919
528.166,1.89334,43.807,0,85,66,44,2760,10501,5.13199,166,16.9255,0,0,5450,13133256560
645.961,1.54808,43.807,0,85,66,44,2760,10501,5.13199,166,16.9255,0,0,5450,13134805026
194.928,5.13011,43.807,0,85,66,44,2760,10501,5.13199,166,16.9255,0,0,5450,13139935324
2043.68,0.489314,43.807,0,85,66,44,2760,10501,5.13199,166,16.9255,0,0,5450,13140425032
405.821,2.46414,43.807,0,85,66,44,2760,10501,5.13199,166,16.9255,0,0,5450,13142889500
346.459,2.88635,43.807,0,85,66,44,2760,10501,5.13199,166,16.9255,0,0,5450,13145776174
373.623,2.67649,43.807,0,85,66,44,2760,10501,5.13199,166,16.9255,0,0,5450,13148452947
377.905,2.64617,43.807,0,85,66,44,2760,10501,5.13199,166,16.9255,0,0,5450,13151099459
290.439,3.44306,43.807,0,85,66,44,2760,10501,5.13199,166,16.9255,0,0,5450,13154542816
350.964,2.8493,43.807,0,85,66,44,2760,10501,5.13199,166,16.9255,0,0,5450,13157392450
338.773,2.95183,43.807,0,85,66,44,2760,10501,5.13199,166,16.9255,0,0,5450,13160344579
630.783,1.58533,43.807,0,85,66,44,2760,10501,5.13199,166,16.9255,0,0,5450,13161930267
376.202,2.65815,43.807,0,85,66,44,2760,10501,5.13199,166,16.9255,0,0,5450,13164588731
253.657,3.94233,43.807,0,85,66,44,2760,10501,5.13199,166,16.9255,0,0,5450,13168531518
370.019,2.70256,43.807,0,85,66,44,2760,10501,5.13199,166,16.9255,0,0,5450,13171234349
414.686,2.41147,43.807,0,85,66,44,2760,10501,5.13199,166,16.9255,0,0,5450,13173646152
659.345,1.51666,43.807,0,85,66,44,2760,10501,5.13199,166,16.9255,0,0,5450,13175163126
314.619,3.17844,43.807,0,85,66,44,2760,10501,5.13199,166,16.9255,0,0,5450,13178341791
302.712,3.30347,43.807,0,85,66,44,2760,10501,5.13199,166,16.9255,0,0,5450,13181645825
445.053,2.24692,43.807,0,85,66,44,2760,10501,5.13199,166,16.9255,0,0,5450,13183892959
428.74,2.33242,43.807,0,85,66,44,2760,10501,5.13199,166,16.9255,0,0,5450,13186225595
394.083,2.53754,43.807,0,85,66,44,2760,10501,5.13199,166,16.9255,0,0,5450,13188763613
364.647,2.74238,43.807,0,85,66,44,2760,10501,5.13199,166,16.9255,0,0,5450,13191506254
375.131,2.66573,43.807,0,85,66,44,2760,10501,5.13199,166,16.9255,0,0,5450,13194172276
255.111,3.91986,43.807,0,85,66,44,2760,10501,5.13199,166,16.9255,0,0,5450,13198092601
574.411,1.74091,43.807,0,85,66,44,2760,10501,5.13199,166,16.9255,0,0,5450,13199833611
382.868,2.61187,43.807,0,85,66,44,2760,10501,5.13199,166,16.9255,0,0,5450,13202445815
290.807,3.4387,43.807,0,85,66,44,2760,10501,5.13199,166,16.9255,0,0,5450,13205884950
385.105,2.59669,43.807,0,85,66,44,2760,10501,5.13199,166,16.9255,0,0,5450,13208481883
542.663,1.84276,43.807,0,85,66,44,2760,10501,5.13199,166,16.9255,0,0,5450,13210324974
328.009,3.0487,43.807,0,85,66,44,2760,10501,5.13199,166,16.9255,0,0,5450,13213373991
466.622,2.14306,43.807,0,85,66,44,2760,10501,5.13199,166,16.9255,0,0,5450,13215517371
261.964,3.81732,43.807,0,85,66,44,2760,10501,5.13199,166,16.9255,0,0,5450,13219335124
442.472,2.26003,43.807,0,85,66,44,2760,10501,5.13199,166,16.9255,0,0,5450,13221595441
265.699,3.76366,43.807,0,85,66,44,2760,10501,5.13199,166,16.9255,0,0,5450,13225359587
659.793,1.51563,43.807,0,85,66,44,2760,10501,5.13199,166,16.9255,0,0,5450,13226875407
508.173,1.96783,43.807,0,85,66,44,2760,10501,5.13199,166,16.9255,0,0,5450,13228843675
390.046,2.5638,43.807,0,85,66,44,2760,10501,5.13199,166,16.9255,0,0,5450,13231407704
326.235,3.06528,43.807,0,85,66,44,2760,10501,5.13199,166,16.9255,0,0,5450,13234473394
237.87,4.20397,43.807,0,85,66,44,2760,10501,5.13199,166,16.9255,0,0,5450,13238677622
585.599,1.70765,43.807,0,85,66,44,2760,10501,5.13199,166,16.9255,0,0,5450,13240385737
471.537,2.12073,43.807,0,85,66,44,2760,10501,5.13199,166,16.9255,0,0,5450,13242506722
264.093,3.78654,43.807,0,85,66,44,2760,10501,5.13199,166,16.9255,0,0,5450,13246293744
550.313,1.81715,43.807,0,85,66,44,2760,10501,5.13199,166,16.9255,0,0,5450,13248111517
446.448,2.2399,43.807,0,85,66,44,2760,10501,5.13199,166,16.9255,0,0,5450,13250351602
395.475,2.5286,43.807,0,85,66,44,2760,10501,5.13199,166,16.9255,0,0,5450,13252880524
296.698,3.37043,43.807,0,85,66,44,2760,10501,5.13199,166,16.9255,0,0,5450,13256251234
377.49,2.64908,43.807,0,85,66,44,2760,10501,5.13199,166,16.9255,0,0,5450,13258900813
234.481,4.26474,43.807,0,85,66,44,2760,10501,5.13199,166,16.9255,0,0,5450,13263165793
587.438,1.70231,43.807,0,85,66,44,2760,10501,5.13199,166,16.9255,0,0,5450,13264868466
264.459,3.78131,43.807,0,85,66,44,2760,10501,5.13199,166,16.9255,0,0,5450,13268650190
378.261,2.64368,43.807,0,85,66,44,2760,10501,5.13199,166,16.9255,0,0,5450,13271294250
504.213,1.98329,43.807,0,85,66,44,2760,10501,5.13199,166,16.9255,0,0,5450,13273277778
700.318,1.42792,43.807,0,85,66,44,2760,10501,5.13199,166,16.9255,0,0,5450,13274706038
307.601,3.25097,43.807,0,85,66,44,2760,10501,5.13199,166,16.9255,0,0,5450,13277957436
493.757,2.02529,43.807,0,85,66,44,2760,10501,5.13199,166,16.9255,0,0,5450,13279982956
374.522,2.67007,43.807,0,85,66,44,2760,10501,5.13199,166,16.9255,0,0,5450,13282653392
362.145,2.76132,43.807,0,85,66,44,2760,10501,5.13199,166,16.9255,0,0,5450,13285414976
209.876,4.76473,43.807,0,85,66,44,2760,10501,5.13199,166,16.9255,0,0,5450,13290180117
726.242,1.37695,43.807,0,85,66,44,2760,10501,5.13199,166,16.9255,0,0,5450,13291557327
478.281,2.09082,43.807,0,85,66,44,2760,10501,5.13199,166,16.9255,0,0,5450,13293648494
352.263,2.83879,43.807,0,85,66,44,2760,10501,5.13199,166,16.9255,0,0,5450,13296487724
342.92,2.91614,43.807,0,85,66,44,2760,10501,5.13199,166,16.9255,0,0,5450,13299404274
485.715,2.05882,43.807,0,85,66,44,2760,10501,5.13199,166,16.9255,0,0,5450,13301463219
353.525,2.82865,43.807,0,85,66,44,2760,10501,5.13199,166,16.9255,0,0,5450,13304292256
368.057,2.71697,43.807,0,85,66,44,2760,10501,5.13199,166,16.9255,0,0,5450,13307009607
371.818,2.68949,43.807,0,85,66,44,2760,10501,5.13199,166,16.9255,0,0,5450,13309699496
378.848,2.63958,43.807,0,85,66,44,2760,10501,5.13199,166,16.9255,0,0,5450,13312339258
231.193,4.32539,43.807,0,85,66,44,2760,10501,5.13199,166,16.9255,0,0,5450,13316664981
476.545,2.09844,43.807,0,85,66,44,2760,10501,5.13199,166,16.9255,0,0,5450,13318763734
559.238,1.78815,43.807,0,85,66,44,2760,10501,5.13199,166,16.9255,0,0,5450,13320552295
352.221,2.83912,43.807,0,85,66,44,2760,10501,5.13199,166,16.9255,0,0,5450,13323391698
375.848,2.66065,43.807,0,85,66,44,2760,10501,5.13199,166,16.9255,0,0,5450,13326052682
476.569,2.09833,43.807,0,85,66,44,2760,10501,5.13199,166,16.9255,0,0,5450,13328151339
332.712,3.0056,43.807,0,85,66,44,2760,10501,5.13199,166,16.9255,0,0,5450,13331157239
358.527,2.78919,43.807,0,85,66,44,2760,10501,5.13199,166,16.9255,0,0,5450,13333946890
328.945,3.04002,43.807,0,85,66,44,2760,10501,5.13199,166,16.9255,0,0,5450,13336987118
425.218,2.35173,43.807,0,85,66,44,2760,10501,5.13199,166,16.9255,0,0,5450,13339339158
229.262,4.36182,43.807,0,85,66,44,2760,10501,5.13199,166,16.9255,0,0,5450,13343701334
652.061,1.5336,43.807,0,85,66,44,2760,10501,5.13199,166,16.9255,0,0,5450,13345235271
440.65,2.26937,43.807,0,85,66,44,2760,10501,5.13199,166,16.9255,0,0,5450,13347504876
377.988,2.64559,43.807,0,85,66,44,2760,10501,5.13199,166,16.9255,0,0,5450,13350150936
217.404,4.59974,43.807,0,85,66,44,2760,10501,5.13199,166,16.9255,0,0,5450,13354750976
292.38,3.42021,43.807,0,85,66,44,2760,10501,5.13199,166,16.9255,0,0,5450,13358171408
2470.7,0.404744,43.807,0,85,66,44,2760,10501,5.13199,166,16.9255,0,0,5450,13358576509
262.763,3.80571,43.807,0,85,66,44,2760,10501,5.13199,166,16.9255,0,0,5450,13362382550
1372.09,0.728813,43.807,0,85,66,44,2760,10501,5.13199,166,16.9255,0,0,5450,13363111527
296.246,3.37558,43.807,0,85,66,44,2760,10501,5.13199,166,16.9255,0,0,5450,13366487544
245.045,4.08088,43.807,0,85,66,44,2760,10501,5.13199,166,16.9255,0,0,5450,13370568740
358.475,2.78959,43.807,0,85,66,44,2760,10501,5.13199,166,16.9255,0,0,5450,13373358584
609.507,1.64067,43.807,0,85,66,44,2760,10501,5.13199,166,16.9255,0,0,5450,13374999524
483.756,2.06716,43.807,0,85,66,44,2760,10501,5.13199,166,16.9255,0,0,5450,13377066988
386.877,2.5848,43.807,0,85,66,44,2760,10501,5.13199,166,16.9255,0,0,5450,13379652113
355.035,2.81662,43.807,0,85,66,44,2760,10501,5.13199,166,16.9255,0,0,5450,13382469083
340.346,2.93818,43.807,0,85,66,44,2760,10501,5.13199,166,16.9255,0,0,5450,13385407596
391.667,2.55319,43.807,0,85,66,44,2760,10501,5.13199,166,16.9255,0,0,5450,13387961210
373.929,2.6743,43.807,0,85,66,44,2760,10501,5.13199,166,16.9255,0,0,5450,13390635695
331.71,3.01468,43.807,0,85,66,44,2760,10501,5.13199,166,16.9255,0,0,5450,13393650844
292.442,3.41948,43.807,0,85,66,44,2760,10501,5.13199,166,16.9255,0,0,5450,13397070777
438.415,2.28094,43.807,0,85,66,44,2760,10501,5.13199,166,16.9255,0,0,5450,13399351998
455.839,2.19376,43.807,0,85,66,44,2760,10501,5.13199,166,16.9255,0,0,5450,13401546120
297.162,3.36517,43.807,0,85,66,44,2760,10501,5.13199,166,16.9255,0,0,5450,13404911512
464.015,2.1551,43.807,0,85,66,44,2760,10501,5.13199,166,16.9255,0,0,5450,13407066873
329.168,3.03797,43.807,0,85,66,44,2760,10501,5.13199,166,16.9255,0,0,5450,13410105341
314.527,3.17938,43.807,0,85,66,44,2760,10501,5.13199,166,16.9255,0,0,5450,13413284987
388.627,2.57316,43.807,0,85,66,44,2760,10501,5.13199,166,16.9255,0,0,5450,13415858449
562.779,1.7769,43.807,0,85,66,44,2760,10501,5.13199,166,16.9255,0,0,5450,13417635797
367.804,2.71884,43.807,0,85,66,44,2760,10501,5.13199,166,16.9255,0,0,5450,13420354956
284.952,3.50936,43.807,0,85,66,44,2760,10501,5.13199,166,16.9255,0,0,5450,13423864728
514.523,1.94355,43.807,0,85,66,44,2760,10501,5.13199,166,16.9255,0,0,5450,13425808822
310.492,3.2207,43.807,0,85,66,44,2760,10501,5.13199,166,16.9255,0,0,5450,13429029566
711.437,1.4056,43.807,0,85,66,44,2760,10501,5.13199,166,16.9255,0,0,5450,13430435459
324.495,3.08171,43.807,0,85,66,44,2760,10501,5.13199,166,16.9255,0,0,5450,13433517486
249.723,4.00443,43.807,0,85,66,44,2760,10501,5.13199,166,16.9255,0,0,5450,13437522390
401.023,2.49362,43.807,0,85,66,44,2760,10501,5.13199,166,16.9255,0,0,5450,13440016253
519.705,1.92417,43.807,0,85,66,44,2760,10501,5.13199,166,16.9255,0,0,5450,13441940741
411.227,2.43175,43.807,0,85,66,44,2760,10501,5.13199,166,16.9255,0,0,5450,13444372765
383.032,2.61075,43.807,0,85,66,44,2760,10501,5.13199,166,16.9255,0,0,5450,13446983805
232.311,4.30457,43.807,0,85,66,44,2760,10501,5.13199,166,16.9255,0,0,5450,13451288854
634.493,1.57606,43.807,0,85,66,44,2760,10501,5.13199,166,16.9255,0,0,5450,13452864994
392.898,2.54519,43.807,0,85,66,44,2760,10501,5.13199,166,16.9255,0,0,5450,13455410531
461.503,2.16683,43.807,0,85,66,44,2760,10501,5.13199,166,16.9255,0,0,5450,13457577720
318.735,3.1374,43.807,0,85,66,44,2760,10501,5.13199,166,16.9255,0,0,5450,13460715422
462.231,2.16342,43.807,0,85,66,44,2760,10501,5.13199,166,16.9255,0,0,5450,13462879168
384.655,2.59973,43.807,0,85,66,44,2760,10501,5.13199,166,16.9255,0,0,5450,13465479121
357.654,2.796,43.807,0,85,66,44,2760,10501,5.13199,166,16.9255,0,0,5450,13468275753
362.073,2.76187,43.807,0,85,66,44,2760,10501,5.13199,166,16.9255,0,0,5450,13471037779
381.106,2.62394,43.807,0,85,66,44,2760,10501,5.13199,166,16.9255,0,0,5450,13473662204
229.639,4.35467,43.807,0,85,66,44,2760,10501,5.13199,166,16.9255,0,0,5450,13478017014
603.613,1.65669,43.807,0,85,66,44,2760,10501,5.13199,166,16.9255,0,0,5450,13479674109
441.734,2.26381,43.807,0,85,66,44,2760,10501,5.13199,166,16.9255,0,0,5450,13481938147
377.535,2.64876,43.807,0,85,66,44,2760,10501,5.13199,166,16.9255,0,0,5450,13484587207
384.691,2.59949,43.807,0,85,66,44,2760,10501,5.13199,166,16.9255,0,0,5450,13487187016
375.719,2.66156,43.807,0,85,66,44,2760,10501,5.13199,166,16.9255,0,0,5450,13489848875
342.478,2.9199,43.807,0,85,66,44,2760,10501,5.13199,166,16.9255,0,0,5450,13492769271
406.384,2.46073,43.807,0,85,66,44,2760,10501,5.13199,166,16.9255,0,0,5450,13495230354
340.856,2.93379,43.807,0,85,66,44,2760,10501,5.13199,166,16.9255,0,0,5450,13498164491
409.856,2.43988,43.807,0,85,66,44,2760,10501,5.13199,166,16.9255,0,0,5450,13500604497
207.941,4.80906,43.807,0,85,66,44,2760,10501,5.13199,166,16.9255,0,0,5450,13505413986
468.438,2.13475,43.807,0,85,66,44,2760,10501,5.13199,166,16.9255,0,0,5450,13507549135
488.595,2.04668,43.807,0,85,66,44,2760,10501,5.13199,166,16.9255,0,0,5450,13509595963
422.719,2.36564,43.807,0,85,66,44,2760,10501,5.13199,166,16.9255,0,0,5450,13511961879
290.965,3.43684,43.807,0,85,66,44,2760,10501,5.13199,166,16.9255,0,0,5450,13515399226
472.334,2.11715,43.807,0,85,66,44,2760,10501,5.13199,166,16.9255,0,0,5450,13517516711
472.336,2.11714,43.807,0,85,66,44,2760,10501,5.13199,166,16.9255,0,0,5450,13519634100
364.149,2.74613,43.807,0,85,66,44,2760,10501,5.13199,166,16.9255,0,0,5450,13522380759
390.839,2.5586,43.807,0,85,66,44,2760,10501,5.13199,166,16.9255,0,0,5450,13524939557
278.089,3.59597,43.807,0,85,66,44,2760,10501,5.13199,166,16.9255,0,0,5450,13528535967
258.123,3.87412,43.807,0,85,66,44,2760,10501,5.13199,166,16.9255,0,0,5450,13532410472
632.824,1.58022,43.807,0,85,66,44,2760,10501,5.13199,166,16.9255,0,0,5450,13533990958
564.772,1.77063,43.807,0,85,66,44,2760,10501,5.13199,166,16.9255,0,0,5450,13535761941
336.673,2.97024,43.807,0,85,66,44,2760,10501,5.13199,166,16.9255,0,0,5450,13538732522
338.648,2.95292,43.807,0,85,66,44,2760,10501,5.13199,166,16.9255,0,0,5450,13541685804
410.142,2.43818,43.807,0,85,66,44,2760,10501,5.13199,166,16.9255,0,0,5450,13544124261
347.598,2.87688,43.807,0,85,66,44,2760,10501,5.13199,166,16.9255,0,0,5450,13547001435
421.853,2.37049,43.807,0,85,66,44,2760,10501,5.13199,166,16.9255,0,0,5450,13549372217
256.418,3.89988,43.807,0,85,66,44,2760,10501,5.13199,166,16.9255,0,0,5450,13553272464
600.494,1.6653,43.807,0,85,66,44,2760,10501,5.13199,166,16.9255,0,0,5450,13554938107
235.876,4.23951,43.807,0,85,66,44,2760,10501,5.13199,166,16.9255,0,0,5450,13559177903
556.813,1.79594,43.807,0,85,66,44,2760,10501,5.13199,166,16.9255,0,0,5450,13560974329
386.526,2.58715,43.807,0,85,66,44,2760,10501,5.13199,166,16.9255,0,0,5450,13563561657
211.617,4.72552,43.807,0,85,66,44,2760,10501,5.13199,166,16.9255,0,0,5450,13568287489
2282.03,0.438207,43.807,0,85,66,44,2760,10501,5.13199,166,16.9255,0,0,5450,13568726090
406.411,2.46056,43.807,0,85,66,44,2760,10501,5.13199,166,16.9255,0,0,5450,13571186894
283.068,3.53273,43.807,0,85,66,44,2760,10501,5.13199,166,16.9255,0,0,5450,13574720129
766.19,1.30516,43.807,0,85,66,44,2760,10501,5.13199,166,16.9255,0,0,5450,13576025461
266.13,3.75757,43.807,0,85,66,44,2760,10501,5.13199,166,16.9255,0,0,5450,13579785117
507.33,1.9711,44.6727,0,85,66,44,2760,10501,5.12887,166,16.9234,0,0,5439,13581754847
349.1,2.86451,44.6727,0,85,66,44,2760,10501,5.12887,166,16.9234,0,0,5439,13584619895
315.287,3.17171,44.6727,0,85,66,44,2760,10501,5.12887,166,16.9234,0,0,5439,13587791752
418.3,2.39063,44.6727,0,85,66,44,2760,10501,5.12887,166,16.9234,0,0,5439,13590182660
364.008,2.74719,44.6727,0,85,66,44,2760,10501,5.12887,166,16.9234,0,0,5439,13592930108
529.549,1.8884,44.6727,0,85,66,44,2760,10501,5.12887,166,16.9234,0,0,5439,13594818989
250.134,3.99786,44.6727,0,85,66,44,2760,10501,5.12887,166,16.9234,0,0,5439,13598817056
557.903,1.79243,44.6727,0,85,66,44,2760,10501,5.12887,166,16.9234,0,0,5439,13600609809
206.571,4.84094,44.6727,0,85,66,44,2760,10501,5.12887,166,16.9234,0,0,5439,13605451011
630.312,1.58651,44.6727,0,85,66,44,2760,10501,5.12887,166,16.9234,0,0,5439,13607038016
605.726,1.65091,44.6727,0,85,66,44,2760,10501,5.12887,166,16.9234,0,0,5439,13608689283
396.067,2.52483,44.6727,0,85,66,44,2760,10501,5.12887,166,16.9234,0,0,5439,13611214426
303.662,3.29314,44.6727,0,85,66,44,2760,10501,5.12887,166,16.9234,0,0,5439,13614507768
439.252,2.2766,44.6727,0,85,66,44,2760,10501,5.12887,166,16.9234,0,0,5439,13616784729
375.99,2.65965,44.6727,0,85,66,44,2760,10501,5.12887,166,16.9234,0,0,5439,13619444675
418.446,2.38979,44.6727,0,85,66,44,2760,10501,5.12887,166,16.9234,0,0,5439,13621834909
264.672,3.77826,44.6727,0,85,66,44,2760,10501,5.12887,166,16.9234,0,0,5439,13625613661
538.382,1.85742,44.6727,0,85,66,44,2760,10501,5.12887,166,16.9234,0,0,5439,13627471580
399.948,2.50032,44.6727,0,85,66,44,2760,10501,5.12887,166,16.9234,0,0,5439,13629972250
348.513,2.86934,44.6727,0,85,66,44,2760,10501,5.12887,166,16.9234,0,0,5439,13632841828
370.989,2.69549,44.6727,0,85,66,44,2760,10501,5.12887,166,16.9234,0,0,5439,13635537678
455.601,2.1949,44.6727,0,85,66,44,2760,10501,5.12887,166,16.9234,0,0,5439,13637732983
312.795,3.19698,44.6727,0,85,66,44,2760,10501,5.12887,166,16.9234,0,0,5439,13640930264
592.772,1.68699,44.6727,0,85,66,44,2760,10501,5.12887,166,16.9234,0,0,5439,13642617580
291.427,3.43139,44.6727,0,85,66,44,2760,10501,5.12887,166,16.9234,0,0,5439,13646049283
311.11,3.2143,44.6727,0,85,66,44,2760,10501,5.12887,166,16.9234,0,0,5439,13649263910
696.551,1.43564,44.6727,0,85,66,44,2760,10501,5.12887,166,16.9234,0,0,5439,13650699853
274.433,3.64387,44.6727,0,85,66,44,2760,10501,5.12887,166,16.9234,0,0,5439,13654344293
477.813,2.09287,44.6727,0,85,66,44,2760,10501,5.12887,166,16.9234,0,0,5439,13656437229
390.826,2.55868,44.6727,0,85,66,44,2760,10501,5.12887,166,16.9234,0,0,5439,13658996238
348.017,2.87342,44.6727,0,85,66,44,2760,10501,5.12887,166,16.9234,0,0,5439,13661870104
332.165,3.01055,44.6727,0,85,66,44,2760,10501,5.12887,166,16.9234,0,0,5439,13664880927
237.556,4.20954,44.6727,0,85,66,44,2760,10501,5.12887,166,16.9234,0,0,5439,13669090732
610.788,1.63723,44.6727,0,85,66,44,2760,10501,5.12887,166,16.9234,0,0,5439,13670728403
600.324,1.66577,44.6727,0,85,66,44,2760,10501,5.12887,166,16.9234,0,0,5439,13672394613
372.702,2.68311,44.6727,0,85,66,44,2760,10501,5.12887,166,16.9234,0,0,5439,13675077867
306.02,3.26776,44.6727,0,85,66,44,2760,10501,5.12887,166,16.9234,0,0,5439,13678345967
490.295,2.03959,44.6727,0,85,66,44,2760,10501,5.12887,166,16.9234,0,0,5439,13680385767
352.75,2.83487,44.6727,0,85,66,44,2760,10501,5.12887,166,16.9234,0,0,5439,13683220987
457.328,2.18661,44.6727,0,85,66,44,2760,10501,5.12887,166,16.9234,0,0,5439,13685408128
297.578,3.36047,44.6727,0,85,66,44,2760,10501,5.12887,166,16.9234,0,0,5439,13688768828
431.013,2.32012,44.6727,0,85,66,44,2760,10501,5.12887,166,16.9234,0,0,5439,13691089493
306.644,3.26111,44.6727,0,85,66,44,2760,10501,5.12887,166,16.9234,0,0,5439,13694350958
440.792,2.26864,44.6727,0,85,66,44,2760,10501,5.12887,166,16.9234,0,0,5439,13696619871
414.689,2.41145,44.6727,0,85,66,44,2760,10501,5.12887,166,16.9234,0,0,5439,13699031655
275.916,3.62429,44.6727,0,85,66,44,2760,10501,5.12887,166,16.9234,0,0,5439,13702656257
358.767,2.78732,44.6727,0,85,66,44,2760,10501,5.12887,166,16.9234,0,0,5439,13705443861
574.468,1.74074,44.6727,0,85,66,44,2760,10501,5.12887,166,16.9234,0,0,5439,13707184852
358.46,2.78971,44.6727,0,85,66,44,2760,10501,5.12887,166,16.9234,0,0,5439,13709974994
343.776,2.90887,44.6727,0,85,66,44,2760,10501,5.12887,166,16.9234,0,0,5439,13712884294
366.969,2.72502,44.6727,0,85,66,44,2760,10501,5.12887,166,16.9234,0,0,5439,13715609521
299.283,3.34132,44.6727,0,85,66,44,2760,10501,5.12887,166,16.9234,0,0,5439,13718951162
271.446,3.68397,44.6727,0,85,66,44,2760,10501,5.12887,166,16.9234,0,0,5439,13722635469
648.895,1.54108,44.6727,0,85,66,44,2760,10501,5.12887,166,16.9234,0,0,5439,13724176838
453.339,2.20585,44.6727,0,85,66,44,2760,10501,5.12887,166,16.9234,0,0,5439,13726383124
360.137,2.77672,44.6727,0,85,66,44,2760,10501,5.12887,166,16.9234,0,0,5439,13729160093
372.091,2.68751,44.6727,0,85,66,44,2760,10501,5.12887,166,16.9234,0,0,5439,13731847924
276.72,3.61376,44.6727,0,85,66,44,2760,10501,5.12887,166,16.9234,0,0,5439,13735462007
404.634,2.47137,44.6727,0,85,66,44,2760,10501,5.12887,166,16.9234,0,0,5439,13737933860
423.979,2.35861,44.6727,0,85,66,44,2760,10501,5.12887,166,16.9234,0,0,5439,13740292680
369.341,2.70752,44.6727,0,85,66,44,2760,10501,5.12887,166,16.9234,0,0,5439,13743000521
380.138,2.63063,44.6727,0,85,66,44,2760,10501,5.12887,166,16.9234,0,0,5439,13745631436
219.359,4.55874,44.6727,0,85,66,44,2760,10501,5.12887,166,16.9234,0,0,5439,13750190657
947.05,1.05591,44.6727,0,85,66,44,2760,10501,5.12887,166,16.9234,0,0,5439,13751246828
441.98,2.26255,44.6727,0,85,66,44,2760,10501,5.12887,166,16.9234,0,0,5439,13753509615
358.236,2.79146,44.6727,0,85,66,44,2760,10501,5.12887,166,16.9234,0,0,5439,13756301440
347.293,2.87942,44.6727,0,85,66,44,2760,10501,5.12887,166,16.9234,0,0,5439,13759181133
422.664,2.36595,44.6727,0,85,66,44,2760,10501,5.12887,166,16.9234,0,0,5439,13761547405
334.561,2.989,44.6727,0,85,66,44,2760,10501,5.12887,166,16.9234,0,0,5439,13764536708
380.022,2.63142,44.6727,0,85,66,44,2760,10501,5.12887,166,16.9234,0,0,5439,13767168585
295.705,3.38175,44.6727,0,85,66,44,2760,10501,5.12887,166,16.9234,0,0,5439,13770556180
518.456,1.9288,44.6727,0,85,66,44,2760,10501,5.12887,166,16.9234,0,0,5439,13772485312
224.078,4.46274,44.6727,0,85,66,44,2760,10501,5.12887,166,16.9234,0,0,5439,13776948482
322.811,3.09779,44.6727,0,85,66,44,2760,10501,5.12887,166,16.9234,0,0,5439,13780046538
738.995,1.35319,44.6727,0,85,66,44,2760,10501,5.12887,166,16.9234,0,0,5439,13781400074
513.211,1.94852,44.6727,0,85,66,44,2760,10501,5.12887,166,16.9234,0,0,5439,13783348919
385.289,2.59545,44.6727,0,85,66,44,2760,10501,5.12887,166,16.9234,0,0,5439,13785944805
375.643,2.6621,44.6727,0,85,66,44,2760,10501,5.12887,166,16.9234,0,0,5439,13788607240
322.802,3.09787,44.6727,0,85,66,44,2760,10501,5.12887,166,16.9234,0,0,5439,13791705326
410.673,2.43502,44.6727,0,85,66,44,2760,10501,5.12887,166,16.9234,0,0,5439,13794140686
383.072,2.61047,44.6727,0,85,66,44,2760,10501,5.12887,166,16.9234,0,0,5439,13796751524
401.136,2.49292,44.6727,0,85,66,44,2760,10501,5.12887,166,16.9234,0,0,5439,13799244810
238.434,4.19403,44.6727,0,85,66,44,2760,10501,5.12887,166,16.9234,0,0,5439,13803439154
400.736,2.49541,44.6727,0,85,66,44,2760,10501,5.12887,166,16.9234,0,0,5439,13805935084
398.044,2.51229,44.6727,0,85,66,44,2760,10501,5.12887,166,16.9234,0,0,5439,13808447563
539.395,1.85393,44.6727,0,85,66,44,2760,10501,5.12887,166,16.9234,0,0,5439,13810301933
372.972,2.68117,44.6727,0,85,66,44,2760,10501,5.12887,166,16.9234,0,0,5439,13812983321
382.1,2.61712,44.6727,0,85,66,44,2760,10501,5.12887,166,16.9234,0,0,5439,13815600948
349.915,2.85784,44.6727,0,85,66,44,2760,10501,5.12887,166,16.9234,0,0,5439,13818458746
375.21,2.66518,44.6727,0,85,66,44,2760,10501,5.12887,166,16.9234,0,0,5439,13821124346
293.341,3.409,44.6727,0,85,66,44,2760,10501,5.12887,166,16.9234,0,0,5439,13824533816
489.72,2.04198,44.6727,0,85,66,44,2760,10501,5.12887,166,16.9234,0,0,5439,13826576135
262.464,3.81004,44.6727,0,85,66,44,2760,10501,5.12887,166,16.9234,0,0,5439,13830386379
255.653,3.91156,44.6727,0,85,66,44,2760,10501,5.12887,166,16.9234,0,0,5439,13834298492
396.865,2.51975,44.6727,0,85,66,44,2760,10501,5.12887,166,16.9234,0,0,5439,13836818423
2455.3,0.407283,44.6727,0,85,66,44,2760,10501,5.12887,166,16.9234,0,0,5439,13837225763
417.826,2.39334,44.6727,0,85,66,44,2760,10501,5.12887,166,16.9234,0,0,5439,13839619594
319.112,3.13369,44.6727,0,85,66,44,2760,10501,5.12887,166,16.9234,0,0,5439,13842753594
508.963,1.96478,44.6727,0,85,66,44,2760,10501,5.12887,166,16.9234,0,0,5439,13844718670
315.05,3.1741,44.6727,0,85,66,44,2760,10501,5.12887,166,16.9234,0,0,5439,13847893113
405.226,2.46776,44.6727,0,85,66,44,2760,10501,5.12887,166,16.9234,0,0,5439,13850361168
220.081,4.54379,44.6727,0,85,66,44,2760,10501,5.12887,166,16.9234,0,0,5439,13854905292
264.18,3.7853,44.6727,0,85,66,44,2760,10501,5.12887,166,16.9234,0,0,5439,13858690948
400.839,2.49477,44.6727,0,85,66,44,2760,10501,5.12887,166,16.9234,0,0,5439,13861186032
644.392,1.55185,44.6727,0,85,66,44,2760,10501,5.12887,166,16.9234,0,0,5439,13862738383
458.29,2.18203,44.6727,0,85,66,44,2760,10501,5.12887,166,16.9234,0,0,5439,13864920697
304.909,3.27967,44.6727,0,85,66,44,2760,10501,5.12887,166,16.9234,0,0,5439,13868200711
447.397,2.23515,44.6727,0,85,66,44,2760,10501,5.12887,166,16.9234,0,0,5439,13870436209
418.561,2.38914,44.6727,0,85,66,44,2760,10501,5.12887,166,16.9234,0,0,5439,13872825780
349.033,2.86506,44.6727,0,85,66,44,2760,10501,5.12887,166,16.9234,0,0,5439,13875691021
366.69,2.7271,44.6727,0,85,66,44,2760,10501,5.12887,166,16.9234,0,0,5439,13878418459
414.215,2.41421,44.6727,0,85,66,44,2760,10501,5.12887,166,16.9234,0,0,5439,13880832935
278.524,3.59035,44.6727,0,85,66,44,2760,10501,5.12887,166,16.9234,0,0,5439,13884423594
608.993,1.64206,44.6727,0,85,66,44,2760,10501,5.12887,166,16.9234,0,0,5439,13886066044
341.538,2.92793,44.6727,0,85,66,44,2760,10501,5.12887,166,16.9234,0,0,5439,13888994316
282.654,3.5379,44.6727,0,85,66,44,2760,10501,5.12887,166,16.9234,0,0,5439,13892532406
638.199,1.56691,44.6727,0,85,66,44,2760,10501,5.12887,166,16.9234,0,0,5439,13894099776
336.234,2.97412,44.6727,0,85,66,44,2760,10501,5.12887,166,16.9234,0,0,5439,13897074001
280.959,3.55924,44.6727,0,85,66,44,2760,10501,5.12887,166,16.9234,0,0,5439,13900633823
558.248,1.79132,44.6727,0,85,66,44,2760,10501,5.12887,166,16.9234,0,0,5439,13902425326
370.417,2.69966,44.6727,0,85,66,44,2760,10501,5.12887,166,16.9234,0,0,5439,13905125273
360.827,2.77141,44.6727,0,85,66,44,2760,10501,5.12887,166,16.9234,0,0,5439,13907897135
212.695,4.70156,44.6727,0,85,66,44,2760,10501,5.12887,166,16.9234,0,0,5439,13912599236
396.652,2.5211,44.6727,0,85,66,44,2760,10501,5.12887,166,16.9234,0,0,5439,13915120571
515.204,1.94098,44.6727,0,85,66,44,2760,10501,5.12887,166,16.9234,0,0,5439,13917061944
342.787,2.91726,44.6727,0,85,66,44,2760,10501,5.12887,166,16.9234,0,0,5439,13919979514
378.415,2.6426,44.6727,0,85,66,44,2760,10501,5.12887,166,16.9234,0,0,5439,13922622468
635.524,1.57351,44.6727,0,85,66,44,2760,10501,5.12887,166,16.9234,0,0,5439,13924202290
348.85,2.86656,44.6727,0,85,66,44,2760,10501,5.12887,166,16.9234,0,0,5439,13927063233
508.215,1.96767,44.6727,0,85,66,44,2760,10501,5.12887,166,16.9234,0,0,5439,13929031146
189.902,5.26587,44.6727,0,85,66,44,2760,10501,5.12887,166,16.9234,0,0,5439,13934297285
1221.52,0.818652,44.6727,0,85,66,44,2760,10501,5.12887,166,16.9234,0,0,5439,13935116274
192.56,5.19317,44.6727,0,85,66,44,2760,10501,5.12887,166,16.9234,0,0,5439,13940309728
53.6317,18.6457,44.6727,0,85,66,44,2760,10501,5.12887,166,16.9234,0,0,5439,13958957010
309.331,3.23278,44.6727,0,85,66,44,2760,10501,5.12887,166,16.9234,0,0,5439,13962190532
221.336,4.51803,44.6727,0,85,66,44,2760,10501,5.12887,166,16.9234,0,0,5439,13966708636
484.726,2.06302,44.6727,0,85,66,44,2760,10501,5.12887,166,16.9234,0,0,5439,13968771937
630.106,1.58703,44.6727,0,85,66,44,2760,10501,5.12887,166,16.9234,0,0,5439,13970359077
434.385,2.30211,44.6727,0,85,66,44,2760,10501,5.12887,166,16.9234,0,0,5439,13972661683
273.896,3.65103,44.6727,0,85,66,44,2760,10501,5.12887,166,16.9234,0,0,5439,13976313075
461.063,2.1689,44.6727,0,85,66,44,2760,10501,5.12887,166,16.9234,0,0,5439,13978482302
257.084,3.88978,44.6727,0,85,66,44,2760,10501,5.12887,166,16.9234,0,0,5439,13982372337
548.661,1.82262,44.6727,0,85,66,44,2760,10501,5.12887,166,16.9234,0,0,5439,13984195341
269.746,3.70719,44.6727,0,85,66,44,2760,10501,5.12887,166,16.9234,0,0,5439,13987903014
387.042,2.5837,44.6727,0,85,66,44,2760,10501,5.12887,166,16.9234,0,0,5439,13990487034
349.881,2.85812,44.6727,0,85,66,44,2760,10501,5.12887,166,16.9234,0,0,5439,13993345515
403.89,2.47592,44.6727,0,85,66,44,2760,10501,5.12887,166,16.9234,0,0,5439,13995821742
257.176,3.88838,44.6727,0,85,66,44,2760,10501,5.12887,166,16.9234,0,0,5439,13999710412
612.385,1.63296,44.6727,0,85,66,44,2760,10501,5.12887,166,16.9234,0,0,5439,14001343592
389.389,2.56813,44.6727,0,85,66,44,2760,10501,5.12887,166,16.9234,0,0,5439,14003912054
501.473,1.99413,44.6727,0,85,66,44,2760,10501,5.12887,166,16.9234,0,0,5439,14005906515
344.654,2.90146,44.6727,0,85,66,44,2760,10501,5.12887,166,16.9234,0,0,5439,14008808363
362.257,2.76047,44.6727,0,85,66,44,2760,10501,5.12887,166,16.9234,0,0,5439,14011569071
386.715,2.58589,44.6727,0,85,66,44,2760,10501,5.12887,166,16.9234,0,0,5439,14014155303
434.997,2.29887,44.6727,0,85,66,44,2760,10501,5.12887,166,16.9234,0,0,5439,14016454476
170.29,5.87235,44.6727,0,85,66,44,2760,10501,5.12887,166,16.9234,0,0,5439,14022327136
621.732,1.60841,44.6727,0,85,66,44,2760,10501,5.12887,166,16.9234,0,0,5439,14023936036
693.166,1.44265,44.6727,0,85,66,44,2760,10501,5.12887,166,16.9234,0,0,5439,14025378969
335.41,2.98143,44.6727,0,85,66,44,2760,10501,5.12887,166,16.9234,0,0,5439,14028360675
483.246,2.06934,44.6727,0,85,66,44,2760,10501,5.12887,166,16.9234,0,0,5439,14030430216
466.714,2.14264,44.6727,0,85,66,44,2760,10501,5.12887,166,16.9234,0,0,5439,14032573260
360.045,2.77743,44.6727,0,85,66,44,2760,10501,5.12887,166,16.9234,0,0,5439,14035351161
322.145,3.10419,44.6727,0,85,66,44,2760,10501,5.12887,166,16.9234,0,0,5439,14038455669
449.66,2.2239,44.6727,0,85,66,44,2760,10501,5.12887,166,16.9234,0,0,5439,14040679841
300.569,3.32703,44.6727,0,85,66,44,2760,10501,5.12887,166,16.9234,0,0,5439,14044007203
514.885,1.94218,44.6727,0,85,66,44,2760,10501,5.12887,166,16.9234,0,0,5439,14045949961
298.418,3.35101,44.6727,0,85,66,44,2760,10501,5.12887,166,16.9234,0,0,5439,14049301093
250.179,3.99713,44.6727,0,85,66,44,2760,10501,5.12887,166,16.9234,0,0,5439,14053298535
275.511,3.62962,44.6727,0,85,66,44,2760,10501,5.12887,166,16.9234,0,0,5439,14056928542
2311.91,0.432543,44.6727,0,85,66,44,2760,10501,5.12887,166,16.9234,0,0,5439,14057361441
379.997,2.6316,44.6727,0,85,66,44,2760,10501,5.12887,166,16.9234,0,0,5439,14059993328
400.205,2.49872,44.6727,0,85,66,44,2760,10501,5.12887,166,16.9234,0,0,5439,14062492403
342.184,2.92241,44.6727,0,85,66,44,2760,10501,5.12887,166,16.9234,0,0,5439,14065414991
331.789,3.01397,44.6727,0,85,66,44,2760,10501,5.12887,166,16.9234,0,0,5439,14068429410
407.797,2.4522,44.6727,0,85,66,44,2760,10501,5.12887,166,16.9234,0,0,5439,14070881926
413.732,2.41702,44.6727,0,85,66,44,2760,10501,5.12887,166,16.9234,0,0,5439,14073299190
301.379,3.31808,44.6727,0,85,66,44,2760,10501,5.12887,166,16.9234,0,0,5439,14076617600
556.304,1.79758,44.6727,0,85,66,44,2760,10501,5.12887,166,16.9234,0,0,5439,14078415612
346.995,2.88189,44.6727,0,85,66,44,2760,10501,5.12887,166,16.9234,0,0,5439,14081299450
323.671,3.08956,44.7742,0,85,66,44,2760,10501,5.12848,166,16.9326,0,0,5432,14084387640
478.655,2.08919,44.7742,0,85,66,44,2760,10501,5.12848,166,16.9326,0,0,5432,14086477240
350.701,2.85143,44.7742,0,85,66,44,2760,10501,5.12848,166,16.9326,0,0,5432,14089328913
339.164,2.94843,44.7742,0,85,66,44,2760,10501,5.12848,166,16.9326,0,0,5432,14092277656
484.73,2.063,44.7742,0,85,66,44,2760,10501,5.12848,166,16.9326,0,0,5432,14094340976
365.732,2.73425,44.7742,0,85,66,44,2760,10501,5.12848,166,16.9326,0,0,5432,14097075539
265.74,3.76308,44.7742,0,85,66,44,2760,10501,5.12848,166,16.9326,0,0,5432,14100839012
357.77,2.79509,44.7742,0,85,66,44,2760,10501,5.12848,166,16.9326,0,0,5432,14103634539
735.545,1.35954,44.7742,0,85,66,44,2760,10501,5.12848,166,16.9326,0,0,5432,14104994296
294.944,3.39047,44.7742,0,85,66,44,2760,10501,5.12848,166,16.9326,0,0,5432,14108385045
468.096,2.13631,44.7742,0,85,66,44,2760,10501,5.12848,166,16.9326,0,0,5432,14110521665
327.118,3.057,44.7742,0,85,66,44,2760,10501,5.12848,166,16.9326,0,0,5432,14113579018
409.499,2.44201,44.7742,0,85,66,44,2760,10501,5.12848,166,16.9326,0,0,5432,14116021370
293.355,3.40884,44.7742,0,85,66,44,2760,10501,5.12848,166,16.9326,0,0,5432,14119430494
332.94,3.00354,44.7742,0,85,66,44,2760,10501,5.12848,166,16.9326,0,0,5432,14122434480
596.15,1.67743,44.7742,0,85,66,44,2760,10501,5.12848,166,16.9326,0,0,5432,14124112239
364.486,2.74359,44.7742,0,85,66,44,2760,10501,5.12848,166,16.9326,0,0,5432,14126856043
213.084,4.69299,44.7742,0,85,66,44,2760,10501,5.12848,166,16.9326,0,0,5432,14131549384
459.675,2.17545,44.7742,0,85,66,44,2760,10501,5.12848,166,16.9326,0,0,5432,14133725313
374.553,2.66985,44.7742,0,85,66,44,2760,10501,5.12848,166,16.9326,0,0,5432,14136395576
569.117,1.75711,44.7742,0,85,66,44,2760,10501,5.12848,166,16.9326,0,0,5432,14138152798
404.865,2.46996,44.7742,0,85,66,44,2760,10501,5.12848,166,16.9326,0,0,5432,14140623362
350.657,2.85179,44.7742,0,85,66,44,2760,10501,5.12848,166,16.9326,0,0,5432,14143475285
406.436,2.46041,44.7742,0,85,66,44,2760,10501,5.12848,166,16.9326,0,0,5432,14145936003
355.206,2.81527,44.7742,0,85,66,44,2760,10501,5.12848,166,16.9326,0,0,5432,14148751656
522.832,1.91266,44.7742,0,85,66,44,2760,10501,5.12848,166,16.9326,0,0,5432,14150664441
365.036,2.73946,44.7742,0,85,66,44,2760,10501,5.12848,166,16.9326,0,0,5432,14153404370
201.114,4.97229,44.7742,0,85,66,44,2760,10501,5.12848,166,16.9326,0,0,5432,14158377028
503.73,1.98519,44.7742,0,85,66,44,2760,10501,5.12848,166,16.9326,0,0,5432,14160362624
651.093,1.53588,44.7742,0,85,66,44,2760,10501,5.12848,166,16.9326,0,0,5432,14161898695
380.576,2.6276,44.7742,0,85,66,44,2760,10501,5.12848,166,16.9326,0,0,5432,14164526706
378.256,2.64371,44.7742,0,85,66,44,2760,10501,5.12848,166,16.9326,0,0,5432,14167170622
321.81,3.10742,44.7742,0,85,66,44,2760,10501,5.12848,166,16.9326,0,0,5432,14170278342
372.332,2.68577,44.7742,0,85,66,44,2760,10501,5.12848,166,16.9326,0,0,5432,14172964443
384.148,2.60316,44.7742,0,85,66,44,2760,10501,5.12848,166,16.9326,0,0,5432,14175567944
407.678,2.45292,44.7742,0,85,66,44,2760,10501,5.12848,166,16.9326,0,0,5432,14178021325
392.422,2.54828,44.7742,0,85,66,44,2760,10501,5.12848,166,16.9326,0,0,5432,14180569901
269.543,3.70999,44.7742,0,85,66,44,2760,10501,5.12848,166,16.9326,0,0,5432,14184280237
411.182,2.43201,44.7742,0,85,66,44,2760,10501,5.12848,166,16.9326,0,0,5432,14186712483
501.183,1.99528,44.7742,0,85,66,44,2760,10501,5.12848,166,16.9326,0,0,5432,14188708146
387.22,2.58251,44.7742,0,85,66,44,2760,10501,5.12848,166,16.9326,0,0,5432,14191291002
331.579,3.01587,44.7742,0,85,66,44,2760,10501,5.12848,166,16.9326,0,0,5432,14194307229
354.626,2.81987,44.7742,0,85,66,44,2760,10501,5.12848,166,16.9326,0,0,5432,14197127459
338.77,2.95186,44.7742,0,85,66,44,2760,10501,5.12848,166,16.9326,0,0,5432,14200079597
353.589,2.82814,44.7742,0,85,66,44,2760,10501,5.12848,166,16.9326,0,0,5432,14202908125
411.146,2.43223,44.7742,0,85,66,44,2760,10501,5.12848,166,16.9326,0,0,5432,14205340745
360.78,2.77178,44.7742,0,85,66,44,2760,10501,5.12848,166,16.9326,0,0,5432,14208112714
289.287,3.45678,44.7742,0,85,66,44,2760,10501,5.12848,166,16.9326,0,0,5432,14211569869
357.457,2.79754,44.7742,0,85,66,44,2760,10501,5.12848,166,16.9326,0,0,5432,14214367732
460.857,2.16987,44.7742,0,85,66,44,2760,10501,5.12848,166,16.9326,0,0,5432,14216537892
478.4,2.0903,44.7742,0,85,66,44,2760,10501,5.12848,166,16.9326,0,0,5432,14218628539
303.606,3.29375,44.7742,0,85,66,44,2760,10501,5.12848,166,16.9326,0,0,5432,14221922544
472.336,2.11714,44.7742,0,85,66,44,2760,10501,5.12848,166,16.9326,0,0,5432,14224040010
370.426,2.69959,44.7742,0,85,66,44,2760,10501,5.12848,166,16.9326,0,0,5432,14226739909
341.883,2.92497,44.7742,0,85,66,44,2760,10501,5.12848,166,16.9326,0,0,5432,14229665219
334.552,2.98907,44.7742,0,85,66,44,2760,10501,5.12848,166,16.9326,0,0,5432,14232654762
376.844,2.65362,44.7742,0,85,66,44,2760,10501,5.12848,166,16.9326,0,0,5432,14235308553
206.692,4.83812,44.7742,0,85,66,44,2760,10501,5.12848,166,16.9326,0,0,5432,14240147139
559.614,1.78694,44.7742,0,85,66,44,2760,10501,5.12848,166,16.9326,0,0,5432,14241934421
1672.64,0.597857,44.7742,0,85,66,44,2760,10501,5.12848,166,16.9326,0,0,5432,14242532450
354.395,2.82171,44.7742,0,85,66,44,2760,10501,5.12848,166,16.9326,0,0,5432,14245354680
338.187,2.95695,44.7742,0,85,66,44,2760,10501,5.12848,166,16.9326,0,0,5432,14248311943
400.379,2.49763,44.7742,0,85,66,44,2760,10501,5.12848,166,16.9326,0,0,5432,14250809806
365.625,2.73504,44.7742,0,85,66,44,2760,10501,5.12848,166,16.9326,0,0,5432,14253545197
415.272,2.40806,44.7742,0,85,66,44,2760,10501,5.12848,166,16.9326,0,0,5432,14255953710
340.401,2.93771,44.7742,0,85,66,44,2760,10501,5.12848,166,16.9326,0,0,5432,14258891925
362.757,2.75667,44.7742,0,85,66,44,2760,10501,5.12848,166,16.9326,0,0,5432,14261649008
252.928,3.95369,44.7742,0,85,66,44,2760,10501,5.12848,166,16.9326,0,0,5432,14265602786
301.216,3.31988,44.7742,0,85,66,44,2760,10501,5.12848,166,16.9326,0,0,5432,14268923022
1749.96,0.571443,44.7742,0,85,66,44,2760,10501,5.12848,166,16.9326,0,0,5432,14269494571
395.229,2.53018,44.7742,0,85,66,44,2760,10501,5.12848,166,16.9326,0,0,5432,14272025175
298.205,3.3534,44.7742,0,85,66,44,2760,10501,5.12848,166,16.9326,0,0,5432,14275378903
296.661,3.37085,44.7742,0,85,66,44,2760,10501,5.12848,166,16.9326,0,0,5432,14278750142
730.574,1.36879,44.7742,0,85,66,44,2760,10501,5.12848,166,16.9326,0,0,5432,14280119198
417.017,2.39798,44.7742,0,85,66,44,2760,10501,5.12848,166,16.9326,0,0,5432,14282517634
396.57,2.52162,44.7742,0,85,66,44,2760,10501,5.12848,166,16.9326,0,0,5432,14285039479
306.673,3.2608,44.7742,0,85,66,44,2760,10501,5.12848,166,16.9326,0,0,5432,14288300589
470.228,2.12663,44.7742,0,85,66,44,2760,10501,5.12848,166,16.9326,0,0,5432,14290427362
365.697,2.73451,44.7742,0,85,66,44,2760,10501,5.12848,166,16.9326,0,0,5432,14293162301
352.941,2.83334,44.7742,0,85,66,44,2760,10501,5.12848,166,16.9326,0,0,5432,14295995954
414.241,2.41405,44.7742,0,85,66,44,2760,10501,5.12848,166,16.9326,0,0,5432,14298410314
411.751,2.42865,44.7742,0,85,66,44,2760,10501,5.12848,166,16.9326,0,0,5432,14300839271
264.141,3.78586,44.7742,0,85,66,44,2760,10501,5.12848,166,16.9326,0,0,5432,14304625408
426.278,2.34589,44.7742,0,85,66,44,2760,10501,5.12848,166,16.9326,0,0,5432,14306971632
439.438,2.27564,44.7742,0,85,66,44,2760,10501,5.12848,166,16.9326,0,0,5432,14309247602
414.633,2.41177,44.7742,0,85,66,44,2760,10501,5.12848,166,16.9326,0,0,5432,14311659732
368.095,2.71669,44.7742,0,85,66,44,2760,10501,5.12848,166,16.9326,0,0,5432,14314376746
330.908,3.02199,44.7742,0,85,66,44,2760,10501,5.12848,166,16.9326,0,0,5432,14317399041
414.8,2.4108,44.7742,0,85,66,44,2760,10501,5.12848,166,16.9326,0,0,5432,14319810122
458.783,2.17968,44.7742,0,85,66,44,2760,10501,5.12848,166,16.9326,0,0,5432,14321990090
301.075,3.32143,44.7742,0,85,66,44,2760,10501,5.12848,166,16.9326,0,0,5432,14325311846
431.926,2.31521,44.7742,0,85,66,44,2760,10501,5.12848,166,16.9326,0,0,5432,14327627376
448.238,2.23096,44.7742,0,85,66,44,2760,10501,5.12848,166,16.9326,0,0,5432,14329858643
325.661,3.07068,44.7742,0,85,66,44,2760,10501,5.12848,166,16.9326,0,0,5432,14332929727
380.253,2.62983,44.7742,0,85,66,44,2760,10501,5.12848,166,16.9326,0,0,5432,14335559864
208.105,4.80526,44.7742,0,85,66,44,2760,10501,5.12848,166,16.9326,0,0,5432,14340365545
339.724,2.94357,44.7742,0,85,66,44,2760,10501,5.12848,166,16.9326,0,0,5432,14343309385
753.86,1.32651,44.7742,0,85,66,44,2760,10501,5.12848,166,16.9326,0,0,5432,14344636151
554.648,1.80295,44.7742,0,85,66,44,2760,10501,5.12848,166,16.9326,0,0,5432,14346439490
235.936,4.23843,44.7742,0,85,66,44,2760,10501,5.12848,166,16.9326,0,0,5432,14350678345
688.181,1.45311,44.7742,0,85,66,44,2760,10501,5.12848,166,16.9326,0,0,5432,14352131701
397.288,2.51707,44.7742,0,85,66,44,2760,10501,5.12848,166,16.9326,0,0,5432,14354649152
400.537,2.49665,44.7742,0,85,66,44,2760,10501,5.12848,166,16.9326,0,0,5432,14357146092
236.439,4.22942,44.7742,0,85,66,44,2760,10501,5.12848,166,16.9326,0,0,5432,14361375869
604.353,1.65466,44.7742,0,85,66,44,2760,10501,5.12848,166,16.9326,0,0,5432,14363030799
422.96,2.36429,44.7742,0,85,66,44,2760,10501,5.12848,166,16.9326,0,0,5432,14365395283
381.416,2.62181,44.7742,0,85,66,44,2760,10501,5.12848,166,16.9326,0,0,5432,14368017439
361.321,2.76762,44.7742,0,85,66,44,2760,10501,5.12848,166,16.9326,0,0,5432,14370785590
230.064,4.34661,44.7742,0,85,66,44,2760,10501,5.12848,166,16.9326,0,0,5432,14375132563
403.875,2.47602,44.7742,0,85,66,44,2760,10501,5.12848,166,16.9326,0,0,5432,14377608810
639.636,1.56339,44.7742,0,85,66,44,2760,10501,5.12848,166,16.9326,0,0,5432,14379172718
437.39,2.28629,44.7742,0,85,66,44,2760,10501,5.12848,166,16.9326,0,0,5432,14381459151
329.599,3.03399,44.7742,0,85,66,44,2760,10501,5.12848,166,16.9326,0,0,5432,14384493446
512.346,1.95181,44.7742,0,85,66,44,2760,10501,5.12848,166,16.9326,0,0,5432,14386445569
335.048,2.98465,44.7742,0,85,66,44,2760,10501,5.12848,166,16.9326,0,0,5432,14389430660
350.964,2.8493,44.7742,0,85,66,44,2760,10501,5.12848,166,16.9326,0,0,5432,14392280189
357.579,2.79658,44.7742,0,85,66,44,2760,10501,5.12848,166,16.9326,0,0,5432,14395077091
420.458,2.37836,44.7742,0,85,66,44,2760,10501,5.12848,166,16.9326,0,0,5432,14397455777
301.295,3.31901,44.7742,0,85,66,44,2760,10501,5.12848,166,16.9326,0,0,5432,14400775100
409.743,2.44055,44.7742,0,85,66,44,2760,10501,5.12848,166,16.9326,0,0,5432,14403216029
211.786,4.72175,44.7742,0,85,66,44,2760,10501,5.12848,166,16.9326,0,0,5432,14407938226
1859.01,0.537922,44.7742,0,85,66,44,2760,10501,5.12848,166,16.9326,0,0,5432,14408476225
312.534,3.19966,44.7742,0,85,66,44,2760,10501,5.12848,166,16.9326,0,0,5432,14411676448
659.65,1.51595,44.7742,0,85,66,44,2760,10501,5.12848,166,16.9326,0,0,5432,14413192576
258.121,3.87415,44.7742,0,85,66,44,2760,10501,5.12848,166,16.9326,0,0,5432,14417067188
561.645,1.78048,44.7742,0,85,66,44,2760,10501,5.12848,166,16.9326,0,0,5432,14418848046
204.958,4.87906,44.7742,0,85,66,44,2760,10501,5.12848,166,16.9326,0,0,5432,14423727335
216.875,4.61095,44.7742,0,85,66,44,2760,10501,5.12848,166,16.9326,0,0,5432,14428338702
917.182,1.0903,44.7742,0,85,66,44,2760,10501,5.12848,166,16.9326,0,0,5432,14429429431
747.526,1.33775,44.7742,0,85,66,44,2760,10501,5.12848,166,16.9326,0,0,5432,14430767361
350.385,2.854,44.7742,0,85,66,44,2760,10501,5.12848,166,16.9326,0,0,5432,14433621774
396.084,2.52472,44.7742,0,85,66,44,2760,10501,5.12848,166,16.9326,0,0,5432,14436146792
290.544,3.44182,44.7742,0,85,66,44,2760,10501,5.12848,166,16.9326,0,0,5432,14439588899
515.171,1.9411,44.7742,0,85,66,44,2760,10501,5.12848,166,16.9326,0,0,5432,14441530377
359.711,2.78001,44.7742,0,85,66,44,2760,10501,5.12848,166,16.9326,0,0,5432,14444310596
402.356,2.48536,44.7742,0,85,66,44,2760,10501,5.12848,166,16.9326,0,0,5432,14446796334
182.643,5.47516,44.7742,0,85,66,44,2760,10501,5.12848,166,16.9326,0,0,5432,14452272047
695.61,1.43759,44.7742,0,85,66,44,2760,10501,5.12848,166,16.9326,0,0,5432,14453709730
515.546,1.93969,44.7742,0,85,66,44,2760,10501,5.12848,166,16.9326,0,0,5432,14455649796
272.805,3.66562,44.7742,0,85,66,44,2760,10501,5.12848,166,16.9326,0,0,5432,14459315900
559.976,1.78579,44.7742,0,85,66,44,2760,10501,5.12848,166,16.9326,0,0,5432,14461101931
483.487,2.06831,44.7742,0,85,66,44,2760,10501,5.12848,166,16.9326,0,0,5432,14463170539
289.564,3.45346,44.7742,0,85,66,44,2760,10501,5.12848,166,16.9326,0,0,5432,14466624348
417.709,2.39401,44.7742,0,85,66,44,2760,10501,5.12848,166,16.9326,0,0,5432,14469018852
480.258,2.08222,44.7742,0,85,66,44,2760,10501,5.12848,166,16.9326,0,0,5432,14471101403
416.916,2.39856,44.7742,0,85,66,44,2760,10501,5.12848,166,16.9326,0,0,5432,14473500205
306.125,3.26664,44.7742,0,85,66,44,2760,10501,5.12848,166,16.9326,0,0,5432,14476767296
218.552,4.57558,44.7742,0,85,66,44,2760,10501,5.12848,166,16.9326,0,0,5432,14481343209
654.605,1.52764,44.7742,0,85,66,44,2760,10501,5.12848,166,16.9326,0,0,5432,14482870982
549.998,1.81819,44.7742,0,85,66,44,2760,10501,5.12848,166,16.9326,0,0,5432,14484689640
359.073,2.78495,44.7742,0,85,66,44,2760,10501,5.12848,166,16.9326,0,0,5432,14487474868
407.349,2.4549,44.7742,0,85,66,44,2760,10501,5.12848,166,16.9326,0,0,5432,14489930028
370.206,2.7012,44.7742,0,85,66,44,2760,10501,5.12848,166,16.9326,0,0,5432,14492631532
331.712,3.01466,44.7742,0,85,66,44,2760,10501,5.12848,166,16.9326,0,0,5432,14495646518
232.944,4.29288,44.7742,0,85,66,44,2760,10501,5.12848,166,16.9326,0,0,5432,14499939961
354.585,2.8202,44.7742,0,85,66,44,2760,10501,5.12848,166,16.9326,0,0,5432,14502760470
549.812,1.8188,44.7742,0,85,66,44,2760,10501,5.12848,166,16.9326,0,0,5432,14504579608
456.343,2.19133,44.7742,0,85,66,44,2760,10501,5.12848,166,16.9326,0,0,5432,14506771316
430.829,2.32111,44.7742,0,85,66,44,2760,10501,5.12848,166,16.9326,0,0,5432,14509092847
352.526,2.83667,44.7742,0,85,66,44,2760,10501,5.12848,166,16.9326,0,0,5432,14511929884
390.659,2.55978,44.7742,0,85,66,44,2760,10501,5.12848,166,16.9326,0,0,5432,14514490038
351.556,2.8445,44.7742,0,85,66,44,2760,10501,5.12848,166,16.9326,0,0,5432,14517334778
431.811,2.31583,44.7742,0,85,66,44,2760,10501,5.12848,166,16.9326,0,0,5432,14519650952
281.84,3.54811,44.7742,0,85,66,44,2760,10501,5.12848,166,16.9326,0,0,5432,14523199389
361.384,2.76714,44.7742,0,85,66,44,2760,10501,5.12848,166,16.9326,0,0,5432,14525966982
586.874,1.70394,44.7742,0,85,66,44,2760,10501,5.12848,166,16.9326,0,0,5432,14527671203
377.054,2.65214,44.7742,0,85,66,44,2760,10501,5.12848,166,16.9326,0,0,5432,14530323725
214.045,4.67192,44.7742,0,85,66,44,2760,10501,5.12848,166,16.9326,0,0,5432,14534996085
601.511,1.66248,44.7742,0,85,66,44,2760,10501,5.12848,166,16.9326,0,0,5432,14536658987
472.701,2.1155,44.7742,0,85,66,44,2760,10501,5.12848,166,16.9326,0,0,5432,14538774779
406.008,2.46301,44.7742,0,85,66,44,2760,10501,5.12848,166,16.9326,0,0,5432,14541238189
313.899,3.18574,44.7742,0,85,66,44,2760,10501,5.12848,166,16.9326,0,0,5432,14544424095
476.421,2.09898,44.7742,0,85,66,44,2760,10501,5.12848,166,16.9326,0,0,5432,14546523425
350.709,2.85137,44.7742,0,85,66,44,2760,10501,5.12848,166,16.9326,0,0,5432,14549375117
365.67,2.73471,44.7742,0,85,66,44,2760,10501,5.12848,166,16.9326,0,0,5432,14552110152
385,2.5974,44.7742,0,85,66,44,2760,10501,5.12848,166,16.9326,0,0,5432,14554707999
361.836,2.76368,44.7742,0,85,66,44,2760,10501,5.12848,166,16.9326,0,0,5432,14557471900
211.801,4.72141,44.7742,0,85,66,44,2760,10501,5.12848,166,16.9326,0,0,5432,14562193867
638.188,1.56694,44.7742,0,85,66,44,2760,10501,5.12848,166,16.9326,0,0,5432,14563760977
264.168,3.78547,44.7742,0,85,66,44,2760,10501,5.12848,166,16.9326,0,0,5432,14567546739
264.309,3.78345,44.7742,0,85,66,44,2760,10501,5.12848,166,16.9326,0,0,5432,14571330607
456.343,2.19133,44.7742,0,85,66,44,2760,10501,5.12848,166,16.9326,0,0,5432,14573522181
535.846,1.86621,44.7742,0,85,66,44,2760,10501,5.12848,166,16.9326,0,0,5432,14575388686
565.208,1.76926,44.7742,0,85,66,44,2760,10501,5.12848,166,16.9326,0,0,5432,14577158246
373.343,2.6785,44.7742,0,85,66,44,2760,10501,5.12848,166,16.9326,0,0,5432,14579837105
325.274,3.07434,44.7742,0,85,66,44,2760,10501,5.12848,166,16.9326,0,0,5432,14582914315
475.876,2.10139,44.8718,0,86,66,44,2760,10501,5.12848,165,16.9342,0,0,5440,14585013693
210.161,4.75827,44.8718,0,86,66,44,2760,10501,5.12848,165,16.9342,0,0,5440,14589772027
511.097,1.95658,44.8718,0,86,66,44,2760,10501,5.12848,165,16.9342,0,0,5440,14591728939
499.62,2.00152,44.8718,0,86,66,44,2760,10501,5.12848,165,16.9342,0,0,5440,14593730766
412.053,2.42687,44.8718,0,86,66,44,2760,10501,5.12848,165,16.9342,0,0,5440,14596158146
389.415,2.56795,44.8718,0,86,66,44,2760,10501,5.12848,165,16.9342,0,0,5440,14598726386
391.197,2.55626,44.8718,0,86,66,44,2760,10501,5.12848,165,16.9342,0,0,5440,14601283136
174.793,5.72104,44.8718,0,86,66,44,2760,10501,5.12848,165,16.9342,0,0,5440,14607004338
1526.71,0.655003,44.8718,0,86,66,44,2760,10501,5.12848,165,16.9342,0,0,5440,14607659668
326.972,3.05836,44.8718,0,86,66,44,2760,10501,5.12848,165,16.9342,0,0,5440,14610718473
602.382,1.66008,44.8718,0,86,66,44,2760,10501,5.12848,165,16.9342,0,0,5440,14612378817
307.08,3.25648,44.8718,0,86,66,44,2760,10501,5.12848,165,16.9342,0,0,5440,14615635629
716.081,1.39649,44.8718,0,86,66,44,2760,10501,5.12848,165,16.9342,0,0,5440,14617032397
283.248,3.53047,44.8718,0,86,66,44,2760,10501,5.12848,165,16.9342,0,0,5440,14620563189
504.116,1.98367,44.8718,0,86,66,44,2760,10501,5.12848,165,16.9342,0,0,5440,14622547199
333.998,2.99403,44.8718,0,86,66,44,2760,10501,5.12848,165,16.9342,0,0,5440,14625541665
408.162,2.45001,44.8718,0,86,66,44,2760,10501,5.12848,165,16.9342,0,0,5440,14627991978
395.48,2.52858,44.8718,0,86,66,44,2760,10501,5.12848,165,16.9342,0,0,5440,14630520679
359.144,2.7844,44.8718,0,86,66,44,2760,10501,5.12848,165,16.9342,0,0,5440,14633305427
331.314,3.01828,44.8718,0,86,66,44,2760,10501,5.12848,165,16.9342,0,0,5440,14636324028
287.774,3.47495,44.8718,0,86,66,44,2760,10501,5.12848,165,16.9342,0,0,5440,14639799318
295.376,3.38552,44.8718,0,86,66,44,2760,10501,5.12848,165,16.9342,0,0,5440,14643185327
584.802,1.70998,44.8718,0,86,66,44,2760,10501,5.12848,165,16.9342,0,0,5440,14644895596
437.405,2.28621,44.8718,0,86,66,44,2760,10501,5.12848,165,16.9342,0,0,5440,14647181981
374.66,2.66909,44.8718,0,86,66,44,2760,10501,5.12848,165,16.9342,0,0,5440,14649851398
346.181,2.88866,44.8718,0,86,66,44,2760,10501,5.12848,165,16.9342,0,0,5440,14652740495
335.332,2.98212,44.8718,0,86,66,44,2760,10501,5.12848,165,16.9342,0,0,5440,14655722788
420.319,2.37915,44.8718,0,86,66,44,2760,10501,5.12848,165,16.9342,0,0,5440,14658102454
326.691,3.061,44.8718,0,86,66,44,2760,10501,5.12848,165,16.9342,0,0,5440,14661163683
347.902,2.87438,44.8718,0,86,66,44,2760,10501,5.12848,165,16.9342,0,0,5440,14664038328
471.131,2.12255,44.8718,0,86,66,44,2760,10501,5.12848,165,16.9342,0,0,5440,14666161216
277.943,3.59786,44.8718,0,86,66,44,2760,10501,5.12848,165,16.9342,0,0,5440,14669759395
523.182,1.91138,44.8718,0,86,66,44,2760,10501,5.12848,165,16.9342,0,0,5440,14671671066
406.208,2.4618,44.8718,0,86,66,44,2760,10501,5.12848,165,16.9342,0,0,5440,14674133158
356.21,2.80733,44.8718,0,86,66,44,2760,10501,5.12848,165,16.9342,0,0,5440,14676940964
364.819,2.74108,44.8718,0,86,66,44,2760,10501,5.12848,165,16.9342,0,0,5440,14679682335
426.437,2.34501,44.8718,0,86,66,44,2760,10501,5.12848,165,16.9342,0,0,5440,14682027626
294.333,3.39752,44.8718,0,86,66,44,2760,10501,5.12848,165,16.9342,0,0,5440,14685425510
363.581,2.75042,44.8718,0,86,66,44,2760,10501,5.12848,165,16.9342,0,0,5440,14688176266
505.409,1.9786,44.8718,0,86,66,44,2760,10501,5.12848,165,16.9342,0,0,5440,14690155131
409.485,2.44209,44.8718,0,86,66,44,2760,10501,5.12848,165,16.9342,0,0,5440,14692597655
221.436,4.51597,44.8718,0,86,66,44,2760,10501,5.12848,165,16.9342,0,0,5440,14697114019
358.011,2.79321,44.8718,0,86,66,44,2760,10501,5.12848,165,16.9342,0,0,5440,14699907642
551.127,1.81447,44.8718,0,86,66,44,2760,10501,5.12848,165,16.9342,0,0,5440,14701722357
236.504,4.22826,44.8718,0,86,66,44,2760,10501,5.12848,165,16.9342,0,0,5440,14705950990
793.933,1.25955,44.8718,0,86,66,44,2760,10501,5.12848,165,16.9342,0,0,5440,14707210782
319.715,3.12779,44.8718,0,86,66,44,2760,10501,5.12848,165,16.9342,0,0,5440,14710339042
385.366,2.59493,44.8718,0,86,66,44,2760,10501,5.12848,165,16.9342,0,0,5440,14712934216
477.881,2.09257,44.8718,0,86,66,44,2760,10501,5.12848,165,16.9342,0,0,5440,14715027142
388.887,2.57144,44.8718,0,86,66,44,2760,10501,5.12848,165,16.9342,0,0,5440,14717598873
201.526,4.96214,44.8718,0,86,66,44,2760,10501,5.12848,165,16.9342,0,0,5440,14722561223
332.66,3.00607,44.8718,0,86,66,44,2760,10501,5.12848,165,16.9342,0,0,5440,14725567689
1251.75,0.798883,44.8718,0,86,66,44,2760,10501,5.12848,165,16.9342,0,0,5440,14726367072
436.348,2.29175,44.8718,0,86,66,44,2760,10501,5.12848,165,16.9342,0,0,5440,14728658996
431.791,2.31593,44.8718,0,86,66,44,2760,10501,5.12848,165,16.9342,0,0,5440,14730975458
364.35,2.74461,44.8718,0,86,66,44,2760,10501,5.12848,165,16.9342,0,0,5440,14733720406
352.637,2.83578,44.8718,0,86,66,44,2760,10501,5.12848,165,16.9342,0,0,5440,14736556435
389.024,2.57054,44.8718,0,86,66,44,2760,10501,5.12848,165,16.9342,0,0,5440,14739127319
346.036,2.88988,44.8718,0,86,66,44,2760,10501,5.12848,165,16.9342,0,0,5440,14742017551
381.17,2.6235,44.8718,0,86,66,44,2760,10501,5.12848,165,16.9342,0,0,5440,14744641428
347.246,2.8798,44.8718,0,86,66,44,2760,10501,5.12848,165,16.9342,0,0,5440,14747521506
217.369,4.60047,44.8718,0,86,66,44,2760,10501,5.12848,165,16.9342,0,0,5440,14752122517
513.583,1.9471,44.8718,0,86,66,44,2760,10501,5.12848,165,16.9342,0,0,5440,14754069823
389.214,2.56928,44.8718,0,86,66,44,2760,10501,5.12848,165,16.9342,0,0,5440,14756639583
532.267,1.87876,44.8718,0,86,66,44,2760,10501,5.12848,165,16.9342,0,0,5440,14758518579
400.652,2.49593,44.8718,0,86,66,44,2760,10501,5.12848,165,16.9342,0,0,5440,14761014817
342.726,2.91778,44.8718,0,86,66,44,2760,10501,5.12848,165,16.9342,0,0,5440,14763932915
421.052,2.375,44.8718,0,86,66,44,2760,10501,5.12848,165,16.9342,0,0,5440,14766308226
347.313,2.87925,44.8718,0,86,66,44,2760,10501,5.12848,165,16.9342,0,0,5440,14769187775
282.212,3.54344,44.8718,0,86,66,44,2760,10501,5.12848,165,16.9342,0,0,5440,14772731644
555.745,1.79939,44.8718,0,86,66,44,2760,10501,5.12848,165,16.9342,0,0,5440,14774531532
183.606,5.44644,44.8718,0,86,66,44,2760,10501,5.12848,165,16.9342,0,0,5440,14779978273
953.58,1.04868,44.8718,0,86,66,44,2760,10501,5.12848,165,16.9342,0,0,5440,14781027260
405.492,2.46614,44.8718,0,86,66,44,2760,10501,5.12848,165,16.9342,0,0,5440,14783493968
444.147,2.25151,44.8718,0,86,66,44,2760,10501,5.12848,165,16.9342,0,0,5440,14785745660
501.512,1.99397,44.8718,0,86,66,44,2760,10501,5.12848,165,16.9342,0,0,5440,14787740188
365.063,2.73926,44.8718,0,86,66,44,2760,10501,5.12848,165,16.9342,0,0,5440,14790479636
316.685,3.15771,44.8718,0,86,66,44,2760,10501,5.12848,165,16.9342,0,0,5440,14793637647
399.223,2.50486,44.8718,0,86,66,44,2760,10501,5.12848,165,16.9342,0,0,5440,14796142847
238.066,4.20051,44.8718,0,86,66,44,2760,10501,5.12848,165,16.9342,0,0,5440,14800343767
885.913,1.12878,44.8718,0,86,66,44,2760,10501,5.12848,165,16.9342,0,0,5440,14801472872
185.795,5.38227,44.8718,0,86,66,44,2760,10501,5.12848,165,16.9342,0,0,5440,14806855794
813.006,1.23,44.8718,0,86,66,44,2760,10501,5.12848,165,16.9342,0,0,5440,14808085807
399.711,2.50181,44.8718,0,86,66,44,2760,10501,5.12848,165,16.9342,0,0,5440,14810587939
313.667,3.1881,44.8718,0,86,66,44,2760,10501,5.12848,165,16.9342,0,0,5440,14813776547
1152.49,0.867683,44.8718,0,86,66,44,2760,10501,5.12848,165,16.9342,0,0,5440,14814644412
273.066,3.66211,44.8718,0,86,66,44,2760,10501,5.12848,165,16.9342,0,0,5440,14818306872
486.258,2.05652,44.8718,0,86,66,44,2760,10501,5.12848,165,16.9342,0,0,5440,14820363730
307.563,3.25137,44.8718,0,86,66,44,2760,10501,5.12848,165,16.9342,0,0,5440,14823615349
633.561,1.57838,44.8718,0,86,66,44,2760,10501,5.12848,165,16.9342,0,0,5440,14825194104
395.184,2.53047,44.8718,0,86,66,44,2760,10501,5.12848,165,16.9342,0,0,5440,14827724997
195.552,5.11372,44.8718,0,86,66,44,2760,10501,5.12848,165,16.9342,0,0,5440,14832839006
585.582,1.7077,44.8718,0,86,66,44,2760,10501,5.12848,165,16.9342,0,0,5440,14834546900
373.633,2.67643,44.8718,0,86,66,44,2760,10501,5.12848,165,16.9342,0,0,5440,14837223712
391.166,2.55646,44.8718,0,86,66,44,2760,10501,5.12848,165,16.9342,0,0,5440,14839780567
411.585,2.42963,44.8718,0,86,66,44,2760,10501,5.12848,165,16.9342,0,0,5440,14842210418
361.064,2.76959,44.8718,0,86,66,44,2760,10501,5.12848,165,16.9342,0,0,5440,14844980348
361.947,2.76283,44.8718,0,86,66,44,2760,10501,5.12848,165,16.9342,0,0,5440,14847743566
357.899,2.79408,44.8718,0,86,66,44,2760,10501,5.12848,165,16.9342,0,0,5440,14850537968
402.828,2.48245,44.8718,0,86,66,44,2760,10501,5.12848,165,16.9342,0,0,5440,14853020859
309.741,3.2285,44.8718,0,86,66,44,2760,10501,5.12848,165,16.9342,0,0,5440,14856249968
391.245,2.55594,44.8718,0,86,66,44,2760,10501,5.12848,165,16.9342,0,0,5440,14858806266
393.81,2.5393,44.8718,0,86,66,44,2760,10501,5.12848,165,16.9342,0,0,5440,14861345890
367.692,2.71967,44.8718,0,86,66,44,2760,10501,5.12848,165,16.9342,0,0,5440,14864065953
343.361,2.91239,44.8718,0,86,66,44,2760,10501,5.12848,165,16.9342,0,0,5440,14866978753
384.97,2.59761,44.8718,0,86,66,44,2760,10501,5.12848,165,16.9342,0,0,5440,14869576533
403.414,2.47884,44.8718,0,86,66,44,2760,10501,5.12848,165,16.9342,0,0,5440,14872055799
221.922,4.50609,44.8718,0,86,66,44,2760,10501,5.12848,165,16.9342,0,0,5440,14876562249
1103.94,0.905848,44.8718,0,86,66,44,2760,10501,5.12848,165,16.9342,0,0,5440,14877468395
353.071,2.83229,44.8718,0,86,66,44,2760,10501,5.12848,165,16.9342,0,0,5440,14880301029
326.954,3.05854,44.8718,0,86,66,44,2760,10501,5.12848,165,16.9342,0,0,5440,14883359718
302.091,3.31026,44.8718,0,86,66,44,2760,10501,5.12848,165,16.9342,0,0,5440,14886670464
416.568,2.40057,44.8718,0,86,66,44,2760,10501,5.12848,165,16.9342,0,0,5440,14889071401
457.524,2.18568,44.8718,0,86,66,44,2760,10501,5.12848,165,16.9342,0,0,5440,14891257456
297.459,3.3618,44.8718,0,86,66,44,2760,10501,5.12848,165,16.9342,0,0,5440,14894619463
543.755,1.83906,44.8718,0,86,66,44,2760,10501,5.12848,165,16.9342,0,0,5440,14896458929
233.331,4.28576,44.8718,0,86,66,44,2760,10501,5.12848,165,16.9342,0,0,5440,14900745112
978.229,1.02226,44.8718,0,86,66,44,2760,10501,5.12848,165,16.9342,0,0,5440,14901767550
368.996,2.71005,44.8718,0,86,66,44,2760,10501,5.12848,165,16.9342,0,0,5440,14904477872
425.088,2.35245,44.8718,0,86,66,44,2760,10501,5.12848,165,16.9342,0,0,5440,14906830827
374.089,2.67316,44.8718,0,86,66,44,2760,10501,5.12848,165,16.9342,0,0,5440,14909504349
247.312,4.04348,44.8718,0,86,66,44,2760,10501,5.12848,165,16.9342,0,0,5440,14913548159
583.709,1.71318,44.8718,0,86,66,44,2760,10501,5.12848,165,16.9342,0,0,5440,14915261745
364.629,2.74252,44.8718,0,86,66,44,2760,10501,5.12848,165,16.9342,0,0,5440,14918004501
263.714,3.79199,44.8718,0,86,66,44,2760,10501,5.12848,165,16.9342,0,0,5440,14921797052
664.591,1.50469,44.8718,0,86,66,44,2760,10501,5.12848,165,16.9342,0,0,5440,14923301910
455.532,2.19524,44.8718,0,86,66,44,2760,10501,5.12848,165,16.9342,0,0,5440,14925497706
384.526,2.60061,44.8718,0,86,66,44,2760,10501,5.12848,165,16.9342,0,0,5440,14928098572
251.266,3.97985,44.8718,0,86,66,44,2760,10501,5.12848,165,16.9342,0,0,5440,14932078812
585.652,1.7075,44.8718,0,86,66,44,2760,10501,5.12848,165,16.9342,0,0,5440,14933786696
379.466,2.63528,44.8718,0,86,66,44,2760,10501,5.12848,165,16.9342,0,0,5440,14936422468
200.561,4.986,44.8718,0,86,66,44,2760,10501,5.12848,165,16.9342,0,0,5440,14941408674
635.089,1.57458,44.8718,0,86,66,44,2760,10501,5.12848,165,16.9342,0,0,5440,14942983612
566.701,1.7646,44.8718,0,86,66,44,2760,10501,5.12848,165,16.9342,0,0,5440,14944748614
472.141,2.11801,44.8718,0,86,66,44,2760,10501,5.12848,165,16.9342,0,0,5440,14946866878
345.751,2.89225,44.8718,0,86,66,44,2760,10501,5.12848,165,16.9342,0,0,5440,14949759485
342.517,2.91956,44.8718,0,86,66,44,2760,10501,5.12848,165,16.9342,0,0,5440,14952679362
334.57,2.98891,44.8718,0,86,66,44,2760,10501,5.12848,165,16.9342,0,0,5440,14955668607
509.253,1.96366,44.8718,0,86,66,44,2760,10501,5.12848,165,16.9342,0,0,5440,14957632663
331.256,3.01881,44.8718,0,86,66,44,2760,10501,5.12848,165,16.9342,0,0,5440,14960651708
342.947,2.91591,44.8718,0,86,66,44,2760,10501,5.12848,165,16.9342,0,0,5440,14963568065
220,4.54545,44.8718,0,86,66,44,2760,10501,5.12848,165,16.9342,0,0,5440,14968113921
641.625,1.55854,44.8718,0,86,66,44,2760,10501,5.12848,165,16.9342,0,0,5440,14969672800
498.06,2.00779,44.8718,0,86,66,44,2760,10501,5.12848,165,16.9342,0,0,5440,14971680791
372.566,2.68409,44.8718,0,86,66,44,2760,10501,5.12848,165,16.9342,0,0,5440,14974365247
403.909,2.4758,44.8718,0,86,66,44,2760,10501,5.12848,165,16.9342,0,0,5440,14976841359
321.853,3.10701,44.8718,0,86,66,44,2760,10501,5.12848,165,16.9342,0,0,5440,14979948694
437.359,2.28645,44.8718,0,86,66,44,2760,10501,5.12848,165,16.9342,0,0,5440,14982235502
292.204,3.42227,44.8718,0,86,66,44,2760,10501,5.12848,165,16.9342,0,0,5440,14985658060
478.71,2.08895,44.8718,0,86,66,44,2760,10501,5.12848,165,16.9342,0,0,5440,14987747409
366.681,2.72717,44.8718,0,86,66,44,2760,10501,5.12848,165,16.9342,0,0,5440,14990474934
237.236,4.21522,44.8718,0,86,66,44,2760,10501,5.12848,165,16.9342,0,0,5440,14994690460
505.576,1.97794,44.8718,0,86,66,44,2760,10501,5.12848,165,16.9342,0,0,5440,14996668710
546.961,1.82828,44.8718,0,86,66,44,2760,10501,5.12848,165,16.9342,0,0,5440,14998497444
381.508,2.62118,44.8718,0,86,66,44,2760,10501,5.12848,165,16.9342,0,0,5440,15001118994
308.864,3.23767,44.8718,0,86,66,44,2760,10501,5.12848,165,16.9342,0,0,5440,15004356805
322.535,3.10044,44.8718,0,86,66,44,2760,10501,5.12848,165,16.9342,0,0,5440,15007457689
354.847,2.81811,44.8718,0,86,66,44,2760,10501,5.12848,165,16.9342,0,0,5440,15010276149
621.661,1.60859,44.8718,0,86,66,44,2760,10501,5.12848,165,16.9342,0,0,5440,15011884992
350.226,2.8553,44.8718,0,86,66,44,2760,10501,5.12848,165,16.9342,0,0,5440,15014740598
359.254,2.78355,44.8718,0,86,66,44,2760,10501,5.12848,165,16.9342,0,0,5440,15017524528
292.88,3.41437,44.8718,0,86,66,44,2760,10501,5.12848,165,16.9342,0,0,5440,15020939124
545.948,1.83168,44.8718,0,86,66,44,2760,10501,5.12848,165,16.9342,0,0,5440,15022771118
414.615,2.41188,44.8718,0,86,66,44,2760,10501,5.12848,165,16.9342,0,0,5440,15025183305
317.375,3.15085,44.8718,0,86,66,44,2760,10501,5.12848,165,16.9342,0,0,5440,15028334450
390.979,2.55768,44.8718,0,86,66,44,2760,10501,5.12848,165,16.9342,0,0,5440,15030892459
369.821,2.70401,44.8718,0,86,66,44,2760,10501,5.12848,165,16.9342,0,0,5440,15033596954
415.164,2.40869,44.8718,0,86,66,44,2760,10501,5.12848,165,16.9342,0,0,5440,15036005824
292.107,3.4234,44.8718,0,86,66,44,2760,10501,5.12848,165,16.9342,0,0,5440,15039429420
504.796,1.981,44.8718,0,86,66,44,2760,10501,5.12848,165,16.9342,0,0,5440,15041410939
375.007,2.66662,44.8718,0,86,66,44,2760,10501,5.12848,165,16.9342,0,0,5440,15044077855
242.163,4.12946,44.8718,0,86,66,44,2760,10501,5.12848,165,16.9342,0,0,5440,15048208812
601.64,1.66212,44.8718,0,86,66,44,2760,10501,5.12848,165,16.9342,0,0,5440,15049870070
419.728,2.38249,44.8718,0,86,66,44,2760,10501,5.12848,165,16.9342,0,0,5440,15052252814
367.886,2.71824,44.8718,0,86,66,44,2760,10501,5.12848,165,16.9342,0,0,5440,15054971424
398.779,2.50765,44.8718,0,86,66,44,2760,10501,5.12848,165,16.9342,0,0,5440,15057479394
251.592,3.97469,44.8718,0,86,66,44,2760,10501,5.12848,165,16.9342,0,0,5440,15061454518
636.527,1.57103,44.8718,0,86,66,44,2760,10501,5.12848,165,16.9342,0,0,5440,15063025744
200.652,4.98375,44.8718,0,86,66,44,2760,10501,5.12848,165,16.9342,0,0,5440,15068009825
2101.28,0.475901,44.8718,0,86,66,44,2760,10501,5.12848,165,16.9342,0,0,5440,15068486034
426.135,2.34667,44.8718,0,86,66,44,2760,10501,5.12848,165,16.9342,0,0,5440,15070833122
237.213,4.21561,44.8718,0,86,66,44,2760,10501,5.12848,165,16.9342,0,0,5440,15075049149
387.861,2.57824,44.8718,0,86,66,44,2760,10501,5.12848,165,16.9342,0,0,5440,15077627544
423.09,2.36356,44.8718,0,86,66,44,2760,10501,5.12848,165,16.9342,0,0,5440,15079991402
412.062,2.42682,44.8718,0,86,66,44,2760,10501,5.12848,165,16.9342,0,0,5440,15082418724
538.569,1.85677,44.8718,0,86,66,44,2760,10501,5.12848,165,16.9342,0,0,5440,15084278114
418.211,2.39114,44.7742,0,85,66,44,2760,10501,5.12848,164,16.9386,0,0,5444,15086667291
330.522,3.02552,44.7742,0,85,66,44,2760,10501,5.12848,164,16.9386,0,0,5444,15089693268
334.886,2.98609,44.7742,0,85,66,44,2760,10501,5.12848,164,16.9386,0,0,5444,15092679455
425.721,2.34895,44.7742,0,85,66,44,2760,10501,5.12848,164,16.9386,0,0,5444,15095028986
294.408,3.39664,44.7742,0,85,66,44,2760,10501,5.12848,164,16.9386,0,0,5444,15098425821
315.608,3.16849,44.7742,0,85,66,44,2760,10501,5.12848,164,16.9386,0,0,5444,15101594640
486.121,2.0571,44.7742,0,85,66,44,2760,10501,5.12848,164,16.9386,0,0,5444,15103651978
491.591,2.03421,44.7742,0,85,66,44,2760,10501,5.12848,164,16.9386,0,0,5444,15105686633
273.084,3.66188,44.7742,0,85,66,44,2760,10501,5.12848,164,16.9386,0,0,5444,15109348911
482.309,2.07336,44.7742,0,85,66,44,2760,10501,5.12848,164,16.9386,0,0,5444,15111422384
476.814,2.09725,44.7742,0,85,66,44,2760,10501,5.12848,164,16.9386,0,0,5444,15113519974
309.949,3.22634,44.7742,0,85,66,44,2760,10501,5.12848,164,16.9386,0,0,5444,15116746641
383.373,2.60842,44.7742,0,85,66,44,2760,10501,5.12848,164,16.9386,0,0,5444,15119355354
426.404,2.3452,44.7742,0,85,66,44,2760,10501,5.12848,164,16.9386,0,0,5444,15121700808
303.807,3.29156,44.7742,0,85,66,44,2760,10501,5.12848,164,16.9386,0,0,5444,15124992697
266.697,3.74958,44.7742,0,85,66,44,2760,10501,5.12848,164,16.9386,0,0,5444,15128742737
567.27,1.76283,44.7742,0,85,66,44,2760,10501,5.12848,164,16.9386,0,0,5444,15130505710
542.188,1.84438,44.7742,0,85,66,44,2760,10501,5.12848,164,16.9386,0,0,5444,15132350417
361.497,2.76628,44.7742,0,85,66,44,2760,10501,5.12848,164,16.9386,0,0,5444,15135117125
272.389,3.67122,44.7742,0,85,66,44,2760,10501,5.12848,164,16.9386,0,0,5444,15138788672
573.059,1.74502,44.7742,0,85,66,44,2760,10501,5.12848,164,16.9386,0,0,5444,15140534000
407.532,2.45379,44.7742,0,85,66,44,2760,10501,5.12848,164,16.9386,0,0,5444,15142988265
334.609,2.98856,44.7742,0,85,66,44,2760,10501,5.12848,164,16.9386,0,0,5444,15145977030
399.418,2.50364,44.7742,0,85,66,44,2760,10501,5.12848,164,16.9386,0,0,5444,15148480989
324.099,3.08548,44.7742,0,85,66,44,2760,10501,5.12848,164,16.9386,0,0,5444,15151566766
289.196,3.45786,44.7742,0,85,66,44,2760,10501,5.12848,164,16.9386,0,0,5444,15155025210
447.489,2.23469,44.7742,0,85,66,44,2760,10501,5.12848,164,16.9386,0,0,5444,15157260093
439.436,2.27564,44.7742,0,85,66,44,2760,10501,5.12848,164,16.9386,0,0,5444,15159536054
378.129,2.6446,44.7742,0,85,66,44,2760,10501,5.12848,164,16.9386,0,0,5444,15162180960
399.562,2.50274,44.7742,0,85,66,44,2760,10501,5.12848,164,16.9386,0,0,5444,15164684006
358.478,2.78957,44.7742,0,85,66,44,2760,10501,5.12848,164,16.9386,0,0,5444,15167473917
395.543,2.52817,44.7742,0,85,66,44,2760,10501,5.12848,164,16.9386,0,0,5444,15170002541
364.337,2.74471,44.7742,0,85,66,44,2760,10501,5.12848,164,16.9386,0,0,5444,15172747393
424.072,2.35809,44.7742,0,85,66,44,2760,10501,5.12848,164,16.9386,0,0,5444,15175105704
244.585,4.08856,44.7742,0,85,66,44,2760,10501,5.12848,164,16.9386,0,0,5444,15179194659
517.973,1.9306,44.7742,0,85,66,44,2760,10501,5.12848,164,16.9386,0,0,5444,15181125733
370.015,2.70259,44.7742,0,85,66,44,2760,10501,5.12848,164,16.9386,0,0,5444,15183828699
369.425,2.70691,44.7742,0,85,66,44,2760,10501,5.12848,164,16.9386,0,0,5444,15186535839
519.115,1.92635,44.7742,0,85,66,44,2760,10501,5.12848,164,16.9386,0,0,5444,15188462519
270.898,3.69142,44.7742,0,85,66,44,2760,10501,5.12848,164,16.9386,0,0,5444,15192154403
586.719,1.70439,44.7742,0,85,66,44,2760,10501,5.12848,164,16.9386,0,0,5444,15193859037
344.432,2.90333,44.7742,0,85,66,44,2760,10501,5.12848,164,16.9386,0,0,5444,15196762693
407.82,2.45206,44.7742,0,85,66,44,2760,10501,5.12848,164,16.9386,0,0,5444,15199215093
380.196,2.63022,44.7742,0,85,66,44,2760,10501,5.12848,164,16.9386,0,0,5444,15201845807
335.209,2.98322,44.7742,0,85,66,44,2760,10501,5.12848,164,16.9386,0,0,5444,15204829167
439.685,2.27436,44.7742,0,85,66,44,2760,10501,5.12848,164,16.9386,0,0,5444,15207103801
175.746,5.69004,44.7742,0,85,66,44,2760,10501,5.12848,164,16.9386,0,0,5444,15212794397
547.739,1.82569,44.7742,0,85,66,44,2760,10501,5.12848,164,16.9386,0,0,5444,15214620237
585.52,1.70788,44.7742,0,85,66,44,2760,10501,5.12848,164,16.9386,0,0,5444,15216328468
366.329,2.72978,44.7742,0,85,66,44,2760,10501,5.12848,164,16.9386,0,0,5444,15219058675
416.881,2.39876,44.7742,0,85,66,44,2760,10501,5.12848,164,16.9386,0,0,5444,15221457679
395.262,2.52997,44.7742,0,85,66,44,2760,10501,5.12848,164,16.9386,0,0,5444,15223987985
379.971,2.63178,44.7742,0,85,66,44,2760,10501,5.12848,164,16.9386,0,0,5444,15226620228
300.762,3.32489,44.7742,0,85,66,44,2760,10501,5.12848,164,16.9386,0,0,5444,15229945359
578.369,1.729,44.7742,0,85,66,44,2760,10501,5.12848,164,16.9386,0,0,5444,15231674687
320.82,3.11701,44.7742,0,85,66,44,2760,10501,5.12848,164,16.9386,0,0,5444,15234792128
333.553,2.99802,44.7742,0,85,66,44,2760,10501,5.12848,164,16.9386,0,0,5444,15237790374
427.138,2.34117,44.7742,0,85,66,44,2760,10501,5.12848,164,16.9386,0,0,5444,15240131856
274.408,3.64421,44.7742,0,85,66,44,2760,10501,5.12848,164,16.9386,0,0,5444,15243776364
513.685,1.94672,44.7742,0,85,66,44,2760,10501,5.12848,164,16.9386,0,0,5444,15245757979
455.35,2.19611,44.7742,0,85,66,44,2760,10501,5.12848,164,16.9386,0,0,5444,15247919926
343.756,2.90904,44.7742,0,85,66,44,2760,10501,5.12848,164,16.9386,0,0,5444,15250829265
311.835,3.20683,44.7742,0,85,66,44,2760,10501,5.12848,164,16.9386,0,0,5444,15254036421
468.579,2.13411,44.7742,0,85,66,44,2760,10501,5.12848,164,16.9386,0,0,5444,15256170849
376.604,2.65531,44.7742,0,85,66,44,2760,10501,5.12848,164,16.9386,0,0,5444,15258826477
393.534,2.54108,44.7742,0,85,66,44,2760,10501,5.12848,164,16.9386,0,0,5444,15261367899
236.912,4.22098,44.7742,0,85,66,44,2760,10501,5.12848,164,16.9386,0,0,5444,15265589397
602.082,1.6609,44.7742,0,85,66,44,2760,10501,5.12848,164,16.9386,0,0,5444,15267250511
401.883,2.48829,44.7742,0,85,66,44,2760,10501,5.12848,164,16.9386,0,0,5444,15269739191
414.056,2.41513,44.7742,0,85,66,44,2760,10501,5.12848,164,16.9386,0,0,5444,15272154580
391.912,2.5516,44.7742,0,85,66,44,2760,10501,5.12848,164,16.9386,0,0,5444,15274706406
342.227,2.92204,44.7742,0,85,66,44,2760,10501,5.12848,164,16.9386,0,0,5444,15277628812
270.927,3.69104,44.7742,0,85,66,44,2760,10501,5.12848,164,16.9386,0,0,5444,15281320360
762.527,1.31143,44.7742,0,85,66,44,2760,10501,5.12848,164,16.9386,0,0,5444,15282632125
261.014,3.83121,44.7742,0,85,66,44,2760,10501,5.12848,164,16.9386,0,0,5444,15286463812
542.151,1.8445,44.7742,0,85,66,44,2760,10501,5.12848,164,16.9386,0,0,5444,15288308432
240.074,4.16539,44.7742,0,85,66,44,2760,10501,5.12848,164,16.9386,0,0,5444,15292474139
617.839,1.61855,44.7742,0,85,66,44,2760,10501,5.12848,164,16.9386,0,0,5444,15294093021
407.73,2.4526,44.7742,0,85,66,44,2760,10501,5.12848,164,16.9386,0,0,5444,15296546075
218.424,4.57826,44.7742,0,85,66,44,2760,10501,5.12848,164,16.9386,0,0,5444,15301124517
2250.23,0.444399,44.7742,0,85,66,44,2760,10501,5.12848,164,16.9386,0,0,5444,15301569302
383.633,2.60665,44.7742,0,85,66,44,2760,10501,5.12848,164,16.9386,0,0,5444,15304176226
367.887,2.71823,44.7742,0,85,66,44,2760,10501,5.12848,164,16.9386,0,0,5444,15306894827
211.666,4.72442,44.7742,0,85,66,44,2760,10501,5.12848,164,16.9386,0,0,5444,15311619592
582.78,1.71591,44.7742,0,85,66,44,2760,10501,5.12848,164,16.9386,0,0,5444,15313335785
481.176,2.07824,44.7742,0,85,66,44,2760,10501,5.12848,164,16.9386,0,0,5444,15315414422
252.261,3.96414,44.7742,0,85,66,44,2760,10501,5.12848,164,16.9386,0,0,5444,15319378883
593.611,1.6846,44.7742,0,85,66,44,2760,10501,5.12848,164,16.9386,0,0,5444,15321063795
383.335,2.60868,44.7742,0,85,66,44,2760,10501,5.12848,164,16.9386,0,0,5444,15323672816
270.397,3.69827,44.7742,0,85,66,44,2760,10501,5.12848,164,16.9386,0,0,5444,15327371383
573.726,1.74299,44.7742,0,85,66,44,2760,10501,5.12848,164,16.9386,0,0,5444,15329114711
378.695,2.64065,44.7742,0,85,66,44,2760,10501,5.12848,164,16.9386,0,0,5444,15331755665
307.025,3.25706,44.7742,0,85,66,44,2760,10501,5.12848,164,16.9386,0,0,5444,15335013025
517.141,1.93371,44.7742,0,85,66,44,2760,10501,5.12848,164,16.9386,0,0,5444,15336947013
287.288,3.48083,44.7742,0,85,66,44,2760,10501,5.12848,164,16.9386,0,0,5444,15340428169
491.303,2.0354,44.7742,0,85,66,44,2760,10501,5.12848,164,16.9386,0,0,5444,15342463862
231.635,4.31714,44.7742,0,85,66,44,2760,10501,5.12848,164,16.9386,0,0,5444,15346781373
642.465,1.5565,44.7742,0,85,66,44,2760,10501,5.12848,164,16.9386,0,0,5444,15348338339
299.024,3.34422,44.7742,0,85,66,44,2760,10501,5.12848,164,16.9386,0,0,5444,15351682914
482.735,2.07153,44.7742,0,85,66,44,2760,10501,5.12848,164,16.9386,0,0,5444,15353754791
492.119,2.03203,44.7742,0,85,66,44,2760,10501,5.12848,164,16.9386,0,0,5444,15355787090
440.824,2.26848,44.7742,0,85,66,44,2760,10501,5.12848,164,16.9386,0,0,5444,15358055878
303.617,3.29362,44.7742,0,85,66,44,2760,10501,5.12848,164,16.9386,0,0,5444,15361349874
319.074,3.13407,44.7742,0,85,66,44,2760,10501,5.12848,164,16.9386,0,0,5444,15364484230
546.579,1.82956,44.7742,0,85,66,44,2760,10501,5.12848,164,16.9386,0,0,5444,15366314272
305.619,3.27205,44.7742,0,85,66,44,2760,10501,5.12848,164,16.9386,0,0,5444,15369586565
206.176,4.85022,44.7742,0,85,66,44,2760,10501,5.12848,164,16.9386,0,0,5444,15374437248
740.215,1.35096,44.7742,0,85,66,44,2760,10501,5.12848,164,16.9386,0,0,5444,15375788572
486.861,2.05397,44.7742,0,85,66,44,2760,10501,5.12848,164,16.9386,0,0,5444,15377842795
377.93,2.64599,44.7742,0,85,66,44,2760,10501,5.12848,164,16.9386,0,0,5444,15380489115
337.55,2.96252,44.7742,0,85,66,44,2760,10501,5.12848,164,16.9386,0,0,5444,15383452003
478.264,2.0909,44.7742,0,85,66,44,2760,10501,5.12848,164,16.9386,0,0,5444,15385543218
307.977,3.24699,44.7742,0,85,66,44,2760,10501,5.12848,164,16.9386,0,0,5444,15388790587
429.835,2.32647,44.7742,0,85,66,44,2760,10501,5.12848,164,16.9386,0,0,5444,15391117435
335.14,2.98383,44.7742,0,85,66,44,2760,10501,5.12848,164,16.9386,0,0,5444,15394101689
289.689,3.45197,44.7742,0,85,66,44,2760,10501,5.12848,164,16.9386,0,0,5444,15397554238
244.247,4.09421,44.7742,0,85,66,44,2760,10501,5.12848,164,16.9386,0,0,5444,15401648751
583.738,1.7131,44.7742,0,85,66,44,2760,10501,5.12848,164,16.9386,0,0,5444,15403362155
483.621,2.06773,44.7742,0,85,66,44,2760,10501,5.12848,164,16.9386,0,0,5444,15405430100
443.293,2.25585,44.7742,0,85,66,44,2760,10501,5.12848,164,16.9386,0,0,5444,15407686368
363.866,2.74827,44.7742,0,85,66,44,2760,10501,5.12848,164,16.9386,0,0,5444,15410434884
324.564,3.08106,44.7742,0,85,66,44,2760,10501,5.12848,164,16.9386,0,0,5444,15413516391
599.39,1.66836,44.7742,0,85,66,44,2760,10501,5.12848,164,16.9386,0,0,5444,15415184996
302.375,3.30715,44.7742,0,85,66,44,2760,10501,5.12848,164,16.9386,0,0,5444,15418492463
297.664,3.3595,44.7742,0,85,66,44,2760,10501,5.12848,164,16.9386,0,0,5444,15421852451
549.255,1.82065,44.7742,0,85,66,44,2760,10501,5.12848,164,16.9386,0,0,5444,15423673311
404.33,2.47323,44.7742,0,85,66,44,2760,10501,5.12848,164,16.9386,0,0,5444,15426146990
332.561,3.00697,44.7742,0,85,66,44,2760,10501,5.12848,164,16.9386,0,0,5444,15429154284
350.145,2.85596,44.7742,0,85,66,44,2760,10501,5.12848,164,16.9386,0,0,5444,15432010515
397.452,2.51603,44.7742,0,85,66,44,2760,10501,5.12848,164,16.9386,0,0,5444,15434526926
261.064,3.83049,44.7742,0,85,66,44,2760,10501,5.12848,164,16.9386,0,0,5444,15438357757
493.166,2.02771,44.7742,0,85,66,44,2760,10501,5.12848,164,16.9386,0,0,5444,15440385710
459.468,2.17643,44.7742,0,85,66,44,2760,10501,5.12848,164,16.9386,0,0,5444,15442591804
356.606,2.80422,44.7742,0,85,66,44,2760,10501,5.12848,164,16.9386,0,0,5444,15445367032
353.093,2.83211,44.7742,0,85,66,44,2760,10501,5.12848,164,16.9386,0,0,5444,15448199570
441.026,2.26744,44.7742,0,85,66,44,2760,10501,5.12848,164,16.9386,0,0,5444,15450467396
211.285,4.73294,44.7742,0,85,66,44,2760,10501,5.12848,164,16.9386,0,0,5444,15455200546
611.122,1.63633,44.7742,0,85,66,44,2760,10501,5.12848,164,16.9386,0,0,5444,15456837197
331.873,3.0132,44.7742,0,85,66,44,2760,10501,5.12848,164,16.9386,0,0,5444,15459850809
609.535,1.64059,44.7742,0,85,66,44,2760,10501,5.12848,164,16.9386,0,0,5444,15461491777
341.626,2.92718,44.7742,0,85,66,44,2760,10501,5.12848,164,16.9386,0,0,5444,15464419203
384.998,2.59741,44.7742,0,85,66,44,2760,10501,5.12848,164,16.9386,0,0,5444,15467016992
293.054,3.41235,44.7742,0,85,66,44,2760,10501,5.12848,164,16.9386,0,0,5444,15470429579
468.917,2.13257,44.7742,0,85,66,44,2760,10501,5.12848,164,16.9386,0,0,5444,15472562477
388.974,2.57086,44.7742,0,85,66,44,2760,10501,5.12848,164,16.9386,0,0,5444,15475133756
367.085,2.72417,44.7742,0,85,66,44,2760,10501,5.12848,164,16.9386,0,0,5444,15477858271
168.995,5.91733,44.7742,0,85,66,44,2760,10501,5.12848,164,16.9386,0,0,5444,15483776028
683.118,1.46388,44.7742,0,85,66,44,2760,10501,5.12848,164,16.9386,0,0,5444,15485240356
842.738,1.18661,44.7742,0,85,66,44,2760,10501,5.12848,164,16.9386,0,0,5444,15486427243
410.803,2.43426,44.7742,0,85,66,44,2760,10501,5.12848,164,16.9386,0,0,5444,15488861661
185.467,5.3918,44.7742,0,85,66,44,2760,10501,5.12848,164,16.9386,0,0,5444,15494253795
1709.54,0.584953,44.7742,0,85,66,44,2760,10501,5.12848,164,16.9386,0,0,5444,15494839074
443.684,2.25385,44.7742,0,85,66,44,2760,10501,5.12848,164,16.9386,0,0,5444,15497093314
412.747,2.42279,44.7742,0,85,66,44,2760,10501,5.12848,164,16.9386,0,0,5444,15499516559
438.413,2.28095,44.7742,0,85,66,44,2760,10501,5.12848,164,16.9386,0,0,5444,15501797732
205.869,4.85746,44.7742,0,85,66,44,2760,10501,5.12848,164,16.9386,0,0,5444,15506655703
2218.4,0.450775,44.7742,0,85,66,44,2760,10501,5.12848,164,16.9386,0,0,5444,15507106613
359.999,2.77779,44.7742,0,85,66,44,2760,10501,5.12848,164,16.9386,0,0,5444,15509884668
367.78,2.71901,44.7742,0,85,66,44,2760,10501,5.12848,164,16.9386,0,0,5444,15512604029
278.567,3.5898,44.7742,0,85,66,44,2760,10501,5.12848,164,16.9386,0,0,5444,15516194198
437.513,2.28565,44.7742,0,85,66,44,2760,10501,5.12848,164,16.9386,0,0,5444,15518480217
437.817,2.28406,44.7742,0,85,66,44,2760,10501,5.12848,164,16.9386,0,0,5444,15520764554
352.84,2.83414,44.7742,0,85,66,44,2760,10501,5.12848,164,16.9386,0,0,5444,15523599034
365.372,2.73694,44.7742,0,85,66,44,2760,10501,5.12848,164,16.9386,0,0,5444,15526336347
364.427,2.74404,44.7742,0,85,66,44,2760,10501,5.12848,164,16.9386,0,0,5444,15529080738
285.991,3.49662,44.7742,0,85,66,44,2760,10501,5.12848,164,16.9386,0,0,5444,15532577750
609.993,1.63936,44.7742,0,85,66,44,2760,10501,5.12848,164,16.9386,0,0,5444,15534217247
331.301,3.0184,44.7742,0,85,66,44,2760,10501,5.12848,164,16.9386,0,0,5444,15537235916
286.265,3.49326,44.7742,0,85,66,44,2760,10501,5.12848,164,16.9386,0,0,5444,15540729438
372.077,2.68762,44.7742,0,85,66,44,2760,10501,5.12848,164,16.9386,0,0,5444,15543417403
582.992,1.71529,44.7742,0,85,66,44,2760,10501,5.12848,164,16.9386,0,0,5444,15545133029
410.197,2.43785,44.7742,0,85,66,44,2760,10501,5.12848,164,16.9386,0,0,5444,15547571351
379.666,2.6339,44.7742,0,85,66,44,2760,10501,5.12848,164,16.9386,0,0,5444,15550205478
234.898,4.25717,44.7742,0,85,66,44,2760,10501,5.12848,164,16.9386,0,0,5444,15554463103
629.671,1.58813,44.7742,0,85,66,44,2760,10501,5.12848,164,16.9386,0,0,5444,15556051512
390.602,2.56015,44.7742,0,85,66,44,2760,10501,5.12848,164,16.9386,0,0,5444,15558611944
205.047,4.87692,44.7742,0,85,66,44,2760,10501,5.12848,164,16.9386,0,0,5444,15563489388
589.309,1.6969,44.7742,0,85,66,44,2760,10501,5.12848,164,16.9386,0,0,5444,15565186397
460.673,2.17074,44.7742,0,85,66,44,2760,10501,5.12848,164,16.9386,0,0,5444,15567357451
314.98,3.17481,44.7742,0,85,66,44,2760,10501,5.12848,164,16.9386,0,0,5444,15570532471
458.927,2.179,44.7742,0,85,66,44,2760,10501,5.12848,164,16.9386,0,0,5444,15572711823
360.557,2.77349,44.7742,0,85,66,44,2760,10501,5.12848,164,16.9386,0,0,5444,15575485686
348.917,2.86601,44.7742,0,85,66,44,2760,10501,5.12848,164,16.9386,0,0,5444,15578352013
383.807,2.60547,44.7742,0,85,66,44,2760,10501,5.12848,164,16.9386,0,0,5444,15580957697
406.966,2.45721,44.7742,0,85,66,44,2760,10501,5.12848,164,16.9386,0,0,5444,15583415309
369.756,2.70448,44.7742,0,85,66,44,2760,10501,5.12848,164,16.9386,0,0,5444,15586122593
213.979,4.67335,43.8961,0,85,66,44,2760,10501,5.12848,164,16.9369,0,0,5428,15590793837
561.594,1.78065,43.8961,0,85,66,44,2760,10501,5.12848,164,16.9369,0,0,5428,15592574916
578.163,1.72962,43.8961,0,85,66,44,2760,10501,5.12848,164,16.9369,0,0,5428,15594304743
392.689,2.54655,43.8961,0,85,66,44,2760,10501,5.12848,164,16.9369,0,0,5428,15596851675
263.673,3.79257,43.8961,0,85,66,44,2760,10501,5.12848,164,16.9369,0,0,5428,15600644620
587.959,1.7008,43.8961,0,85,66,44,2760,10501,5.12848,164,16.9369,0,0,5428,15602345639
349.988,2.85724,43.8961,0,85,66,44,2760,10501,5.12848,164,16.9369,0,0,5428,15605203236
256.512,3.89846,43.8961,0,85,66,44,2760,10501,5.12848,164,16.9369,0,0,5428,15609101905
582.92,1.7155,43.8961,0,85,66,44,2760,10501,5.12848,164,16.9369,0,0,5428,15610817752
400.804,2.49499,43.8961,0,85,66,44,2760,10501,5.12848,164,16.9369,0,0,5428,15613313076
234.438,4.26553,43.8961,0,85,66,44,2760,10501,5.12848,164,16.9369,0,0,5428,15617578941
710.776,1.40691,43.8961,0,85,66,44,2760,10501,5.12848,164,16.9369,0,0,5428,15618986085
473.365,2.11253,43.8961,0,85,66,44,2760,10501,5.12848,164,16.9369,0,0,5428,15621099031
276.14,3.62135,43.8961,0,85,66,44,2760,10501,5.12848,164,16.9369,0,0,5428,15624720557
486.524,2.0554,43.8961,0,85,66,44,2760,10501,5.12848,164,16.9369,0,0,5428,15626776568
459.716,2.17526,43.8961,0,85,66,44,2760,10501,5.12848,164,16.9369,0,0,5428,15628952132
372.373,2.68548,43.8961,0,85,66,44,2760,10501,5.12848,164,16.9369,0,0,5428,15631637992
309.804,3.22785,43.8961,0,85,66,44,2760,10501,5.12848,164,16.9369,0,0,5428,15634866072
468.894,2.13268,43.8961,0,85,66,44,2760,10501,5.12848,164,16.9369,0,0,5428,15636999067
347.573,2.8771,43.8961,0,85,66,44,2760,10501,5.12848,164,16.9369,0,0,5428,15639876606
235.587,4.24472,43.8961,0,85,66,44,2760,10501,5.12848,164,16.9369,0,0,5428,15644121711
403.484,2.47841,43.8961,0,85,66,44,2760,10501,5.12848,164,16.9369,0,0,5428,15646600515
552.471,1.81005,43.8961,0,85,66,44,2760,10501,5.12848,164,16.9369,0,0,5428,15648410711
524.684,1.90591,43.8961,0,85,66,44,2760,10501,5.12848,164,16.9369,0,0,5428,15650317035
334.447,2.99001,43.8961,0,85,66,44,2760,10501,5.12848,164,16.9369,0,0,5428,15653307414
442.878,2.25796,43.8961,0,85,66,44,2760,10501,5.12848,164,16.9369,0,0,5428,15655565635
324.954,3.07736,43.8961,0,85,66,44,2760,10501,5.12848,164,16.9369,0,0,5428,15658643469
389.805,2.56539,43.8961,0,85,66,44,2760,10501,5.12848,164,16.9369,0,0,5428,15661209123
363.646,2.74993,43.8961,0,85,66,44,2760,10501,5.12848,164,16.9369,0,0,5428,15663959398
347.709,2.87597,43.8961,0,85,66,44,2760,10501,5.12848,164,16.9369,0,0,5428,15666835668
488.581,2.04674,43.8961,0,85,66,44,2760,10501,5.12848,164,16.9369,0,0,5428,15668882776
321.202,3.11331,43.8961,0,85,66,44,2760,10501,5.12848,164,16.9369,0,0,5428,15671996534
339.476,2.94571,43.8961,0,85,66,44,2760,10501,5.12848,164,16.9369,0,0,5428,15674942470
430.861,2.32093,43.8961,0,85,66,44,2760,10501,5.12848,164,16.9369,0,0,5428,15677263722
351.209,2.84731,43.8961,0,85,66,44,2760,10501,5.12848,164,16.9369,0,0,5428,15680111337
405.533,2.46589,43.8961,0,85,66,44,2760,10501,5.12848,164,16.9369,0,0,5428,15682577766
431.401,2.31803,43.8961,0,85,66,44,2760,10501,5.12848,164,16.9369,0,0,5428,15684895960
310.718,3.21835,43.8961,0,85,66,44,2760,10501,5.12848,164,16.9369,0,0,5428,15688114616
296.684,3.37059,43.8961,0,85,66,44,2760,10501,5.12848,164,16.9369,0,0,5428,15691485730
674.151,1.48335,43.8961,0,85,66,44,2760,10501,5.12848,164,16.9369,0,0,5428,15692969270
296.277,3.37522,43.8961,0,85,66,44,2760,10501,5.12848,164,16.9369,0,0,5428,15696344807
371.869,2.68912,43.8961,0,85,66,44,2760,10501,5.12848,164,16.9369,0,0,5428,15699034388
528.628,1.89169,43.8961,0,85,66,44,2760,10501,5.12848,164,16.9369,0,0,5428,15700926394
351.378,2.84594,43.8961,0,85,66,44,2760,10501,5.12848,164,16.9369,0,0,5428,15703772596
335.348,2.98198,43.8961,0,85,66,44,2760,10501,5.12848,164,16.9369,0,0,5428,15706754917
383.744,2.60591,43.8961,0,85,66,44,2760,10501,5.12848,164,16.9369,0,0,5428,15709361159
379.569,2.63457,43.8961,0,85,66,44,2760,10501,5.12848,164,16.9369,0,0,5428,15711996027
220.614,4.53281,43.8961,0,85,66,44,2760,10501,5.12848,164,16.9369,0,0,5428,15716529324
503.661,1.98546,43.8961,0,85,66,44,2760,10501,5.12848,164,16.9369,0,0,5428,15718515006
264.793,3.77653,43.8961,0,85,66,44,2760,10501,5.12848,164,16.9369,0,0,5428,15722291970
1803.62,0.554442,43.8961,0,85,66,44,2760,10501,5.12848,164,16.9369,0,0,5428,15722846325
325.542,3.0718,43.8961,0,85,66,44,2760,10501,5.12848,164,16.9369,0,0,5428,15725918611
248.726,4.02049,43.8961,0,85,66,44,2760,10501,5.12848,164,16.9369,0,0,5428,15729939545
398.266,2.51088,43.8961,0,85,66,44,2760,10501,5.12848,164,16.9369,0,0,5428,15732450764
2240.97,0.446236,43.8961,0,85,66,44,2760,10501,5.12848,164,16.9369,0,0,5428,15732897019
281.46,3.55291,43.8961,0,85,66,44,2760,10501,5.12848,164,16.9369,0,0,5428,15736450370
557.511,1.79368,43.8961,0,85,66,44,2760,10501,5.12848,164,16.9369,0,0,5428,15738244402
319.273,3.13211,43.8961,0,85,66,44,2760,10501,5.12848,164,16.9369,0,0,5428,15741376969
238.339,4.1957,43.8961,0,85,66,44,2760,10501,5.12848,164,16.9369,0,0,5428,15745573043
491.363,2.03516,43.8961,0,85,66,44,2760,10501,5.12848,164,16.9369,0,0,5428,15747608467
498.356,2.0066,43.8961,0,85,66,44,2760,10501,5.12848,164,16.9369,0,0,5428,15749615304
408.143,2.45012,43.8961,0,85,66,44,2760,10501,5.12848,164,16.9369,0,0,5428,15752065848
395.147,2.5307,43.8961,0,85,66,44,2760,10501,5.12848,164,16.9369,0,0,5428,15754596741
334.275,2.99155,43.8961,0,85,66,44,2760,10501,5.12848,164,16.9369,0,0,5428,15757588688
357.958,2.79362,43.8961,0,85,66,44,2760,10501,5.12848,164,16.9369,0,0,5428,15760382648
423.228,2.36279,43.8961,0,85,66,44,2760,10501,5.12848,164,16.9369,0,0,5428,15762745871
381.447,2.6216,43.8961,0,85,66,44,2760,10501,5.12848,164,16.9369,0,0,5428,15765367614
297.915,3.35666,43.8961,0,85,66,44,2760,10501,5.12848,164,16.9369,0,0,5428,15768724621
568.42,1.75926,43.8961,0,85,66,44,2760,10501,5.12848,164,16.9369,0,0,5428,15770484286
357.241,2.79923,43.8961,0,85,66,44,2760,10501,5.12848,164,16.9369,0,0,5428,15773283765
384.419,2.60133,43.8961,0,85,66,44,2760,10501,5.12848,164,16.9369,0,0,5428,15775885535
189.089,5.28851,43.8961,0,85,66,44,2760,10501,5.12848,164,16.9369,0,0,5428,15781174617
395.223,2.53022,43.8961,0,85,66,44,2760,10501,5.12848,164,16.9369,0,0,5428,15783705039
683.607,1.46283,43.8961,0,85,66,44,2760,10501,5.12848,164,16.9369,0,0,5428,15785168242
551.331,1.81379,43.8961,0,85,66,44,2760,10501,5.12848,164,16.9369,0,0,5428,15786982284
229.226,4.36251,43.8961,0,85,66,44,2760,10501,5.12848,164,16.9369,0,0,5428,15791345229
895.811,1.11631,43.8961,0,85,66,44,2760,10501,5.12848,164,16.9369,0,0,5428,15792461844
414.062,2.4151,43.8961,0,85,66,44,2760,10501,5.12848,164,16.9369,0,0,5428,15794877281
348.807,2.86691,43.8961,0,85,66,44,2760,10501,5.12848,164,16.9369,0,0,5428,15797744541
431.24,2.3189,43.8961,0,85,66,44,2760,10501,5.12848,164,16.9369,0,0,5428,15800063773
275.87,3.6249,43.8961,0,85,66,44,2760,10501,5.12848,164,16.9369,0,0,5428,15803689145
404.865,2.46996,43.8961,0,85,66,44,2760,10501,5.12848,164,16.9369,0,0,5428,15806159325
504.208,1.98331,43.8961,0,85,66,44,2760,10501,5.12848,164,16.9369,0,0,5428,15808142844
385.015,2.5973,43.8961,0,85,66,44,2760,10501,5.12848,164,16.9369,0,0,5428,15810740700
275.462,3.63027,43.8961,0,85,66,44,2760,10501,5.12848,164,16.9369,0,0,5428,15814371409
494.402,2.02264,43.8961,0,85,66,44,2760,10501,5.12848,164,16.9369,0,0,5428,15816394237
343.427,2.91183,43.8961,0,85,66,44,2760,10501,5.12848,164,16.9369,0,0,5428,15819306412
382.273,2.61593,43.8961,0,85,66,44,2760,10501,5.12848,164,16.9369,0,0,5428,15821922654
343.41,2.91197,43.8961,0,85,66,44,2760,10501,5.12848,164,16.9369,0,0,5428,15824835127
468.364,2.13509,43.8961,0,85,66,44,2760,10501,5.12848,164,16.9369,0,0,5428,15826970449
258.997,3.86104,43.8961,0,85,66,44,2760,10501,5.12848,164,16.9369,0,0,5428,15830831993
386.801,2.58531,43.8961,0,85,66,44,2760,10501,5.12848,164,16.9369,0,0,5428,15833417609
508.486,1.96662,43.8961,0,85,66,44,2760,10501,5.12848,164,16.9369,0,0,5428,15835384473
427.7,2.33809,43.8961,0,85,66,44,2760,10501,5.12848,164,16.9369,0,0,5428,15837723004
337.466,2.96326,43.8961,0,85,66,44,2760,10501,5.12848,164,16.9369,0,0,5428,15840686613
387.412,2.58123,43.8961,0,85,66,44,2760,10501,5.12848,164,16.9369,0,0,5428,15843268220
329.861,3.03158,43.8961,0,85,66,44,2760,10501,5.12848,164,16.9369,0,0,5428,15846300158
367.494,2.72113,43.8961,0,85,66,44,2760,10501,5.12848,164,16.9369,0,0,5428,15849021808
517.784,1.93131,43.8961,0,85,66,44,2760,10501,5.12848,164,16.9369,0,0,5428,15850953411
392.397,2.54844,43.8961,0,85,66,44,2760,10501,5.12848,164,16.9369,0,0,5428,15853502055
341.742,2.92618,43.8961,0,85,66,44,2760,10501,5.12848,164,16.9369,0,0,5428,15856428711
196.747,5.08266,43.8961,0,85,66,44,2760,10501,5.12848,164,16.9369,0,0,5428,15861511604
1056.13,0.94685,43.8961,0,85,66,44,2760,10501,5.12848,164,16.9369,0,0,5428,15862458635
558.284,1.7912,43.8961,0,85,66,44,2760,10501,5.12848,164,16.9369,0,0,5428,15864250244
245.606,4.07156,43.8961,0,85,66,44,2760,10501,5.12848,164,16.9369,0,0,5428,15868322083
613.733,1.62937,43.8961,0,85,66,44,2760,10501,5.12848,164,16.9369,0,0,5428,15869951773
345.324,2.89583,43.8961,0,85,66,44,2760,10501,5.12848,164,16.9369,0,0,5428,15872847957
415.57,2.40633,43.8961,0,85,66,44,2760,10501,5.12848,164,16.9369,0,0,5428,15875254634
303.864,3.29095,43.8961,0,85,66,44,2760,10501,5.12848,164,16.9369,0,0,5428,15878546043
461.581,2.16647,43.8961,0,85,66,44,2760,10501,5.12848,164,16.9369,0,0,5428,15880712789
267.381,3.73998,43.8961,0,85,66,44,2760,10501,5.12848,164,16.9369,0,0,5428,15884453194
582.232,1.71753,43.8961,0,85,66,44,2760,10501,5.12848,164,16.9369,0,0,5428,15886170954
165.691,6.03533,43.8961,0,85,66,44,2760,10501,5.12848,164,16.9369,0,0,5428,15892206619
884.535,1.13054,43.8961,0,85,66,44,2760,10501,5.12848,164,16.9369,0,0,5428,15893337474
618.239,1.6175,43.8961,0,85,66,44,2760,10501,5.12848,164,16.9369,0,0,5428,15894955307
226.639,4.4123,43.8961,0,85,66,44,2760,10501,5.12848,164,16.9369,0,0,5428,15899367908
1365.54,0.732313,43.8961,0,85,66,44,2760,10501,5.12848,164,16.9369,0,0,5428,15900100673
307.434,3.25273,43.8961,0,85,66,44,2760,10501,5.12848,164,16.9369,0,0,5428,15903353600
282.745,3.53675,43.8961,0,85,66,44,2760,10501,5.12848,164,16.9369,0,0,5428,15906890892
565.438,1.76854,43.8961,0,85,66,44,2760,10501,5.12848,164,16.9369,0,0,5428,15908659740
329.455,3.03531,43.8961,0,85,66,44,2760,10501,5.12848,164,16.9369,0,0,5428,15911695381
349.527,2.86101,43.8961,0,85,66,44,2760,10501,5.12848,164,16.9369,0,0,5428,15914556612
702.153,1.42419,43.8961,0,85,66,44,2760,10501,5.12848,164,16.9369,0,0,5428,15915981170
339.517,2.94536,43.8961,0,85,66,44,2760,10501,5.12848,164,16.9369,0,0,5428,15918926827
372.294,2.68605,43.8961,0,85,66,44,2760,10501,5.12848,164,16.9369,0,0,5428,15921613187
261.971,3.81721,43.8961,0,85,66,44,2760,10501,5.12848,164,16.9369,0,0,5428,15925430690
654.371,1.52819,43.8961,0,85,66,44,2760,10501,5.12848,164,16.9369,0,0,5428,15926959174
402.686,2.48332,43.8961,0,85,66,44,2760,10501,5.12848,164,16.9369,0,0,5428,15929442854
353.061,2.83237,43.8961,0,85,66,44,2760,10501,5.12848,164,16.9369,0,0,5428,15932275584
373.686,2.67604,43.8961,0,85,66,44,2760,10501,5.12848,164,16.9369,0,0,5428,15934951944
354.664,2.81957,43.8961,0,85,66,44,2760,10501,5.12848,164,16.9369,0,0,5428,15937771818
242.689,4.12049,43.8961,0,85,66,44,2760,10501,5.12848,164,16.9369,0,0,5428,15941892755
542.024,1.84494,43.8961,0,85,66,44,2760,10501,5.12848,164,16.9369,0,0,5428,15943737865
452.627,2.20933,43.8961,0,85,66,44,2760,10501,5.12848,164,16.9369,0,0,5428,15945947680
366.145,2.73116,43.8961,0,85,66,44,2760,10501,5.12848,164,16.9369,0,0,5428,15948679031
347.75,2.87562,43.8961,0,85,66,44,2760,10501,5.12848,164,16.9369,0,0,5428,15951554926
330.891,3.02214,43.8961,0,85,66,44,2760,10501,5.12848,164,16.9369,0,0,5428,15954577499
391.132,2.55668,43.8961,0,85,66,44,2760,10501,5.12848,164,16.9369,0,0,5428,15957134489
412.47,2.42442,43.8961,0,85,66,44,2760,10501,5.12848,164,16.9369,0,0,5428,15959559234
349.272,2.8631,43.8961,0,85,66,44,2760,10501,5.12848,164,16.9369,0,0,5428,15962422591
381.575,2.62071,43.8961,0,85,66,44,2760,10501,5.12848,164,16.9369,0,0,5428,15965043592
245.331,4.07613,43.8961,0,85,66,44,2760,10501,5.12848,164,16.9369,0,0,5428,15969120143
459.741,2.17514,43.8961,0,85,66,44,2760,10501,5.12848,164,16.9369,0,0,5428,15971295476
484.002,2.06611,43.8961,0,85,66,44,2760,10501,5.12848,164,16.9369,0,0,5428,15973361959
337.48,2.96314,43.8961,0,85,66,44,2760,10501,5.12848,164,16.9369,0,0,5428,15976325424
461.53,2.16671,43.8961,0,85,66,44,2760,10501,5.12848,164,16.9369,0,0,5428,15978492363
209.879,4.76466,43.8961,0,85,66,44,2760,10501,5.12848,164,16.9369,0,0,5428,15983257754
782.093,1.27862,43.8961,0,85,66,44,2760,10501,5.12848,164,16.9369,0,0,5428,15984536326
342.61,2.91877,43.8961,0,85,66,44,2760,10501,5.12848,164,16.9369,0,0,5428,15987455396
572.356,1.74716,43.8961,0,85,66,44,2760,10501,5.12848,164,16.9369,0,0,5428,15989203003
371.798,2.68963,43.8961,0,85,66,44,2760,10501,5.12848,164,16.9369,0,0,5428,15991892939
219.633,4.55305,43.8961,0,85,66,44,2760,10501,5.12848,164,16.9369,0,0,5428,15996446285
561.242,1.78176,43.8961,0,85,66,44,2760,10501,5.12848,164,16.9369,0,0,5428,15998228384
776.052,1.28857,43.8961,0,85,66,44,2760,10501,5.12848,164,16.9369,0,0,5428,15999517446
267.239,3.74197,43.8961,0,85,66,44,2760,10501,5.12848,164,16.9369,0,0,5428,16003259621
238.51,4.19269,43.8961,0,85,66,44,2760,10501,5.12848,164,16.9369,0,0,5428,16007452772
613.313,1.63049,43.8961,0,85,66,44,2760,10501,5.12848,164,16.9369,0,0,5428,16009083451
433.926,2.30454,43.8961,0,85,66,44,2760,10501,5.12848,164,16.9369,0,0,5428,16011388298
439.616,2.27471,43.8961,0,85,66,44,2760,10501,5.12848,164,16.9369,0,0,5428,16013663308
302.055,3.31066,43.8961,0,85,66,44,2760,10501,5.12848,164,16.9369,0,0,5428,16016974285
514.089,1.94519,43.8961,0,85,66,44,2760,10501,5.12848,164,16.9369,0,0,5428,16018919773
216.405,4.62096,43.8961,0,85,66,44,2760,10501,5.12848,164,16.9369,0,0,5428,16023541208
771.132,1.29679,43.8961,0,85,66,44,2760,10501,5.12848,164,16.9369,0,0,5428,16024838213
480.7,2.0803,43.8961,0,85,66,44,2760,10501,5.12848,164,16.9369,0,0,5428,16026919081
290.466,3.44274,43.8961,0,85,66,44,2760,10501,5.12848,164,16.9369,0,0,5428,16030362149
268.857,3.71945,43.8961,0,85,66,44,2760,10501,5.12848,164,16.9369,0,0,5428,16034081871
1421.01,0.703726,43.8961,0,85,66,44,2760,10501,5.12848,164,16.9369,0,0,5428,16034785895
303.018,3.30013,43.8961,0,85,66,44,2760,10501,5.12848,164,16.9369,0,0,5428,16038086554
569.541,1.7558,43.8961,0,85,66,44,2760,10501,5.12848,164,16.9369,0,0,5428,16039842565
349.574,2.86063,43.8961,0,85,66,44,2760,10501,5.12848,164,16.9369,0,0,5428,16042703459
201.862,4.95388,43.8961,0,85,66,44,2760,10501,5.12848,164,16.9369,0,0,5428,16047657722
2138.96,0.467516,43.8961,0,85,66,44,2760,10501,5.12848,164,16.9369,0,0,5428,16048125190
371.57,2.69128,43.8961,0,85,66,44,2760,10501,5.12848,164,16.9369,0,0,5428,16050816925
388.466,2.57423,43.8961,0,85,66,44,2760,10501,5.12848,164,16.9369,0,0,5428,16053391521
417.444,2.39553,43.8961,0,85,66,44,2760,10501,5.12848,164,16.9369,0,0,5428,16055787304
298.457,3.35056,43.8961,0,85,66,44,2760,10501,5.12848,164,16.9369,0,0,5428,16059138157
441.732,2.26382,43.8961,0,85,66,44,2760,10501,5.12848,164,16.9369,0,0,5428,16061402301
297.256,3.3641,43.8961,0,85,66,44,2760,10501,5.12848,164,16.9369,0,0,5428,16064766722
468.613,2.13396,43.8961,0,85,66,44,2760,10501,5.12848,164,16.9369,0,0,5428,16066900996
371.877,2.68906,43.8961,0,85,66,44,2760,10501,5.12848,164,16.9369,0,0,5428,16069590346
330.357,3.02702,43.8961,0,85,66,44,2760,10501,5.12848,164,16.9369,0,0,5428,16072617708
414.722,2.41125,43.8961,0,85,66,44,2760,10501,5.12848,164,16.9369,0,0,5428,16075029356
354.464,2.82116,43.8961,0,85,66,44,2760,10501,5.12848,164,16.9369,0,0,5428,16077850932
367.237,2.72303,43.8961,0,85,66,44,2760,10501,5.12848,164,16.9369,0,0,5428,16080574389
353.302,2.83044,43.8961,0,85,66,44,2760,10501,5.12848,164,16.9369,0,0,5428,16083405168
413.291,2.4196,43.8961,0,85,66,44,2760,10501,5.12848,164,16.9369,0,0,5428,16085825153
384.433,2.60123,43.8961,0,85,66,44,2760,10501,5.12848,164,16.9369,0,0,5428,16088429327
400.244,2.49848,45.0955,0,85,66,44,2760,10501,5.12848,165,16.9342,0,0,5443,16090925536
271.063,3.68918,45.0955,0,85,66,44,2760,10501,5.12848,165,16.9342,0,0,5443,16094614843
663.251,1.50772,45.0955,0,85,66,44,2760,10501,5.12848,165,16.9342,0,0,5443,16096122913
340.893,2.93347,45.0955,0,85,66,44,2760,10501,5.12848,165,16.9342,0,0,5443,16099056753
476.103,2.10039,45.0955,0,85,66,44,2760,10501,5.12848,165,16.9342,0,0,5443,16101157535
327.904,3.04967,45.0955,0,85,66,44,2760,10501,5.12848,165,16.9342,0,0,5443,16104207465
313.867,3.18606,45.0955,0,85,66,44,2760,10501,5.12848,165,16.9342,0,0,5443,16107393995
226.708,4.41096,45.0955,0,85,66,44,2760,10501,5.12848,165,16.9342,0,0,5443,16111805153
1148.61,0.870616,45.0955,0,85,66,44,2760,10501,5.12848,165,16.9342,0,0,5443,16112676173
358.943,2.78596,45.0955,0,85,66,44,2760,10501,5.12848,165,16.9342,0,0,5443,16115462488
433.774,2.30535,45.0955,0,85,66,44,2760,10501,5.12848,165,16.9342,0,0,5443,16117768124
370.967,2.69566,45.0955,0,85,66,44,2760,10501,5.12848,165,16.9342,0,0,5443,16120464089
437.738,2.28447,45.0955,0,85,66,44,2760,10501,5.12848,165,16.9342,0,0,5443,16122748897
341.941,2.92448,45.0955,0,85,66,44,2760,10501,5.12848,165,16.9342,0,0,5443,16125673698
386.618,2.58653,45.0955,0,85,66,44,2760,10501,5.12848,165,16.9342,0,0,5443,16128260641
368.554,2.7133,45.0955,0,85,66,44,2760,10501,5.12848,165,16.9342,0,0,5443,16130974136
397.303,2.51697,45.0955,0,85,66,44,2760,10501,5.12848,165,16.9342,0,0,5443,16133491625
326.734,3.06059,45.0955,0,85,66,44,2760,10501,5.12848,165,16.9342,0,0,5443,16136552564
366.672,2.72724,45.0955,0,85,66,44,2760,10501,5.12848,165,16.9342,0,0,5443,16139279973
389.774,2.56559,45.0955,0,85,66,44,2760,10501,5.12848,165,16.9342,0,0,5443,16141846021
379.225,2.63695,45.0955,0,85,66,44,2760,10501,5.12848,165,16.9342,0,0,5443,16144483091
369.012,2.70994,45.0955,0,85,66,44,2760,10501,5.12848,165,16.9342,0,0,5443,16147193250
370.987,2.69551,45.0955,0,85,66,44,2760,10501,5.12848,165,16.9342,0,0,5443,16149889100
205.252,4.87206,45.0955,0,85,66,44,2760,10501,5.12848,165,16.9342,0,0,5443,16154761476
335.303,2.98238,45.0955,0,85,66,44,2760,10501,5.12848,165,16.9342,0,0,5443,16157744153
529.9,1.88715,45.0955,0,85,66,44,2760,10501,5.12848,165,16.9342,0,0,5443,16159631640
423.887,2.35912,45.0955,0,85,66,44,2760,10501,5.12848,165,16.9342,0,0,5443,16161990941
426.142,2.34664,45.0955,0,85,66,44,2760,10501,5.12848,165,16.9342,0,0,5443,16164338029
466.752,2.14247,45.0955,0,85,66,44,2760,10501,5.12848,165,16.9342,0,0,5443,16166480717
282.079,3.54511,45.0955,0,85,66,44,2760,10501,5.12848,165,16.9342,0,0,5443,16170026154
543.77,1.83901,45.0955,0,85,66,44,2760,10501,5.12848,165,16.9342,0,0,5443,16171865629
344.682,2.90122,45.0955,0,85,66,44,2760,10501,5.12848,165,16.9342,0,0,5443,16174767342
374.539,2.66995,45.0955,0,85,66,44,2760,10501,5.12848,165,16.9342,0,0,5443,16177437307
338.455,2.9546,45.0955,0,85,66,44,2760,10501,5.12848,165,16.9342,0,0,5443,16180392282
240.391,4.15989,45.0955,0,85,66,44,2760,10501,5.12848,165,16.9342,0,0,5443,16184552624
424.046,2.35823,45.0955,0,85,66,44,2760,10501,5.12848,165,16.9342,0,0,5443,16186911069
813.814,1.22878,45.0955,0,85,66,44,2760,10501,5.12848,165,16.9342,0,0,5443,16188140303
531.639,1.88098,45.0955,0,85,66,44,2760,10501,5.12848,165,16.9342,0,0,5443,16190021655
294.011,3.40123,45.0955,0,85,66,44,2760,10501,5.12848,165,16.9342,0,0,5443,16193423106
402.837,2.48239,45.0955,0,85,66,44,2760,10501,5.12848,165,16.9342,0,0,5443,16195905747
399.725,2.50172,45.0955,0,85,66,44,2760,10501,5.12848,165,16.9342,0,0,5443,16198407870
364.835,2.74097,45.0955,0,85,66,44,2760,10501,5.12848,165,16.9342,0,0,5443,16201149260
367.562,2.72063,45.0955,0,85,66,44,2760,10501,5.12848,165,16.9342,0,0,5443,16203870333
376.162,2.65843,45.0955,0,85,66,44,2760,10501,5.12848,165,16.9342,0,0,5443,16206528970
362.698,2.75711,45.0955,0,85,66,44,2760,10501,5.12848,165,16.9342,0,0,5443,16209286333
361.714,2.76461,45.0955,0,85,66,44,2760,10501,5.12848,165,16.9342,0,0,5443,16212051166
351.897,2.84174,45.0955,0,85,66,44,2760,10501,5.12848,165,16.9342,0,0,5443,16214893243
286.37,3.49198,45.0955,0,85,66,44,2760,10501,5.12848,165,16.9342,0,0,5443,16218385466
482.289,2.07345,45.0955,0,85,66,44,2760,10501,5.12848,165,16.9342,0,0,5443,16220459286
467.945,2.137,45.0955,0,85,66,44,2760,10501,5.12848,165,16.9342,0,0,5443,16222596589
421.48,2.37259,45.0955,0,85,66,44,2760,10501,5.12848,165,16.9342,0,0,5443,16224969515
322.994,3.09604,45.0955,0,85,66,44,2760,10501,5.12848,165,16.9342,0,0,5443,16228066014
421.783,2.37089,45.0955,0,85,66,44,2760,10501,5.12848,165,16.9342,0,0,5443,16230437113
348.289,2.87118,45.0955,0,85,66,44,2760,10501,5.12848,165,16.9342,0,0,5443,16233308950
444.266,2.2509,45.0955,0,85,66,44,2760,10501,5.12848,165,16.9342,0,0,5443,16235559804
241.507,4.14067,45.0955,0,85,66,44,2760,10501,5.12848,165,16.9342,0,0,5443,16239700963
267.525,3.73796,45.0955,0,85,66,44,2760,10501,5.12848,165,16.9342,0,0,5443,16243439262
671.145,1.48999,45.0955,0,85,66,44,2760,10501,5.12848,165,16.9342,0,0,5443,16244929534
470.581,2.12503,45.0955,0,85,66,44,2760,10501,5.12848,165,16.9342,0,0,5443,16247054826
378.702,2.6406,45.0955,0,85,66,44,2760,10501,5.12848,165,16.9342,0,0,5443,16249695742
353.839,2.82614,45.0955,0,85,66,44,2760,10501,5.12848,165,16.9342,0,0,5443,16252522357
431.686,2.3165,45.0955,0,85,66,44,2760,10501,5.12848,165,16.9342,0,0,5443,16254839098
460.687,2.17067,45.0955,0,85,66,44,2760,10501,5.12848,165,16.9342,0,0,5443,16257010085
344.117,2.90599,45.0955,0,85,66,44,2760,10501,5.12848,165,16.9342,0,0,5443,16259916385
281.515,3.55221,45.0955,0,85,66,44,2760,10501,5.12848,165,16.9342,0,0,5443,16263468928
461.612,2.16632,45.0955,0,85,66,44,2760,10501,5.12848,165,16.9342,0,0,5443,16265635597
299.59,3.33789,45.0955,0,85,66,44,2760,10501,5.12848,165,16.9342,0,0,5443,16268973930
492.396,2.03089,45.0955,0,85,66,44,2760,10501,5.12848,165,16.9342,0,0,5443,16271005047
432.715,2.31099,45.0955,0,85,66,44,2760,10501,5.12848,165,16.9342,0,0,5443,16273316327
328.738,3.04194,45.0955,0,85,66,44,2760,10501,5.12848,165,16.9342,0,0,5443,16276358824
397.719,2.51433,45.0955,0,85,66,44,2760,10501,5.12848,165,16.9342,0,0,5443,16278873428
224.413,4.45607,45.0955,0,85,66,44,2760,10501,5.12848,165,16.9342,0,0,5443,16283329895
1772.38,0.564212,45.0955,0,85,66,44,2760,10501,5.12848,165,16.9342,0,0,5443,16283894356
398.147,2.51163,45.0955,0,85,66,44,2760,10501,5.12848,165,16.9342,0,0,5443,16286406229
419.783,2.38219,45.0955,0,85,66,44,2760,10501,5.12848,165,16.9342,0,0,5443,16288788771
336.098,2.97532,45.0955,0,85,66,44,2760,10501,5.12848,165,16.9342,0,0,5443,16291764439
428.255,2.33506,45.0955,0,85,66,44,2760,10501,5.12848,165,16.9342,0,0,5443,16294099787
353.793,2.82651,45.0955,0,85,66,44,2760,10501,5.12848,165,16.9342,0,0,5443,16296926651
400.524,2.49673,45.0955,0,85,66,44,2760,10501,5.12848,165,16.9342,0,0,5443,16299423726
340.62,2.93582,45.0955,0,85,66,44,2760,10501,5.12848,165,16.9342,0,0,5443,16302359969
317.308,3.15151,45.0955,0,85,66,44,2760,10501,5.12848,165,16.9342,0,0,5443,16305511729
532.886,1.87657,45.0955,0,85,66,44,2760,10501,5.12848,165,16.9342,0,0,5443,16307388638
359.464,2.78192,45.0955,0,85,66,44,2760,10501,5.12848,165,16.9342,0,0,5443,16310170838
347.923,2.8742,45.0955,0,85,66,44,2760,10501,5.12848,165,16.9342,0,0,5443,16313045531
384.735,2.59919,45.0955,0,85,66,44,2760,10501,5.12848,165,16.9342,0,0,5443,16315645157
354.604,2.82005,45.0955,0,85,66,44,2760,10501,5.12848,165,16.9342,0,0,5443,16318465310
344.517,2.90262,45.0955,0,85,66,44,2760,10501,5.12848,165,16.9342,0,0,5443,16321368263
446.019,2.24206,45.0955,0,85,66,44,2760,10501,5.12848,165,16.9342,0,0,5443,16323610618
437.904,2.28361,45.0955,0,85,66,44,2760,10501,5.12848,165,16.9342,0,0,5443,16325894704
345.818,2.89169,45.0955,0,85,66,44,2760,10501,5.12848,165,16.9342,0,0,5443,16328786888
399.443,2.50349,45.0955,0,85,66,44,2760,10501,5.12848,165,16.9342,0,0,5443,16331290550
355.252,2.8149,45.0955,0,85,66,44,2760,10501,5.12848,165,16.9342,0,0,5443,16334105971
361.733,2.76447,45.0955,0,85,66,44,2760,10501,5.12848,165,16.9342,0,0,5443,16336870545
364.737,2.7417,45.0955,0,85,66,44,2760,10501,5.12848,165,16.9342,0,0,5443,16339612542
287.626,3.47674,45.0955,0,85,66,44,2760,10501,5.12848,165,16.9342,0,0,5443,16343089745
380.942,2.62507,45.0955,0,85,66,44,2760,10501,5.12848,165,16.9342,0,0,5443,16345714988
564.183,1.77247,45.0955,0,85,66,44,2760,10501,5.12848,165,16.9342,0,0,5443,16347487884
294.287,3.39805,45.0955,0,85,66,44,2760,10501,5.12848,165,16.9342,0,0,5443,16350886143
547.517,1.82643,45.0955,0,85,66,44,2760,10501,5.12848,165,16.9342,0,0,5443,16352712781
355.119,2.81596,45.0955,0,85,66,44,2760,10501,5.12848,165,16.9342,0,0,5443,16355529232
361.01,2.77001,45.0955,0,85,66,44,2760,10501,5.12848,165,16.9342,0,0,5443,16358299556
362.567,2.75811,45.0955,0,85,66,44,2760,10501,5.12848,165,16.9342,0,0,5443,16361057947
352.347,2.83811,45.0955,0,85,66,44,2760,10501,5.12848,165,16.9342,0,0,5443,16363896398
453.288,2.2061,45.0955,0,85,66,44,2760,10501,5.12848,165,16.9342,0,0,5443,16366102771
351.77,2.84277,45.0955,0,85,66,44,2760,10501,5.12848,165,16.9342,0,0,5443,16368945896
284.235,3.51821,45.0955,0,85,66,44,2760,10501,5.12848,165,16.9342,0,0,5443,16372464437
525.399,1.90331,45.0955,0,85,66,44,2760,10501,5.12848,165,16.9342,0,0,5443,16374368059
353.665,2.82754,45.0955,0,85,66,44,2760,10501,5.12848,165,16.9342,0,0,5443,16377195952
330.024,3.03008,45.0955,0,85,66,44,2760,10501,5.12848,165,16.9342,0,0,5443,16380226391
571.262,1.75051,45.0955,0,85,66,44,2760,10501,5.12848,165,16.9342,0,0,5443,16381977210
375.234,2.665,45.0955,0,85,66,44,2760,10501,5.12848,165,16.9342,0,0,5443,16384642607
334.211,2.99212,45.0955,0,85,66,44,2760,10501,5.12848,165,16.9342,0,0,5443,16387635054
254.075,3.93585,45.0955,0,85,66,44,2760,10501,5.12848,165,16.9342,0,0,5443,16391571437
367.282,2.72271,45.0955,0,85,66,44,2760,10501,5.12848,165,16.9342,0,0,5443,16394294356
556.679,1.79637,45.0955,0,85,66,44,2760,10501,5.12848,165,16.9342,0,0,5443,16396091060
296.479,3.37292,45.0955,0,85,66,44,2760,10501,5.12848,165,16.9342,0,0,5443,16399464434
505.493,1.97827,45.0955,0,85,66,44,2760,10501,5.12848,165,16.9342,0,0,5443,16401442991
455.528,2.19526,45.0955,0,85,66,44,2760,10501,5.12848,165,16.9342,0,0,5443,16403638593
359.217,2.78383,45.0955,0,85,66,44,2760,10501,5.12848,165,16.9342,0,0,5443,16406422928
431.48,2.31761,45.0955,0,85,66,44,2760,10501,5.12848,165,16.9342,0,0,5443,16408740756
344.989,2.89865,45.0955,0,85,66,44,2760,10501,5.12848,165,16.9342,0,0,5443,16411639700
370.944,2.69582,45.0955,0,85,66,44,2760,10501,5.12848,165,16.9342,0,0,5443,16414335858
328.113,3.04773,45.0955,0,85,66,44,2760,10501,5.12848,165,16.9342,0,0,5443,16417383912
453.511,2.20502,45.0955,0,85,66,44,2760,10501,5.12848,165,16.9342,0,0,5443,16419589246
376.071,2.65907,45.0955,0,85,66,44,2760,10501,5.12848,165,16.9342,0,0,5443,16422248663
206.528,4.84195,45.0955,0,85,66,44,2760,10501,5.12848,165,16.9342,0,0,5443,16427090970
1236.99,0.808412,45.0955,0,85,66,44,2760,10501,5.12848,165,16.9342,0,0,5443,16427899613
422.358,2.36766,45.0955,0,85,66,44,2760,10501,5.12848,165,16.9342,0,0,5443,16430267664
458.601,2.18054,45.0955,0,85,66,44,2760,10501,5.12848,165,16.9342,0,0,5443,16432448651
341.079,2.93187,45.0955,0,85,66,44,2760,10501,5.12848,165,16.9342,0,0,5443,16435380779
333.082,3.00226,45.0955,0,85,66,44,2760,10501,5.12848,165,16.9342,0,0,5443,16438383668
362.146,2.76131,45.0955,0,85,66,44,2760,10501,5.12848,165,16.9342,0,0,5443,16441145117
392.489,2.54784,45.0955,0,85,66,44,2760,10501,5.12848,165,16.9342,0,0,5443,16443693174
265.603,3.76502,45.0955,0,85,66,44,2760,10501,5.12848,165,16.9342,0,0,5443,16447458522
696.584,1.43558,45.0955,0,85,66,44,2760,10501,5.12848,165,16.9342,0,0,5443,16448894397
168.101,5.9488,45.0955,0,85,66,44,2760,10501,5.12848,165,16.9342,0,0,5443,16454843531
1707.35,0.585702,45.0955,0,85,66,44,2760,10501,5.12848,165,16.9342,0,0,5443,16455429550
381.483,2.62135,45.0955,0,85,66,44,2760,10501,5.12848,165,16.9342,0,0,5443,16458051206
423.01,2.36401,45.0955,0,85,66,44,2760,10501,5.12848,165,16.9342,0,0,5443,16460415516
386.439,2.58773,45.0955,0,85,66,44,2760,10501,5.12848,165,16.9342,0,0,5443,16463003786
370.028,2.7025,45.0955,0,85,66,44,2760,10501,5.12848,165,16.9342,0,0,5443,16465706224
373.063,2.68051,45.0955,0,85,66,44,2760,10501,5.12848,165,16.9342,0,0,5443,16468387179
326.885,3.05918,45.0955,0,85,66,44,2760,10501,5.12848,165,16.9342,0,0,5443,16471446638
336.063,2.97563,45.0955,0,85,66,44,2760,10501,5.12848,165,16.9342,0,0,5443,16474422623
469.629,2.12934,45.0955,0,85,66,44,2760,10501,5.12848,165,16.9342,0,0,5443,16476552291
301.955,3.31176,45.0955,0,85,66,44,2760,10501,5.12848,165,16.9342,0,0,5443,16479864383
585.49,1.70797,45.0955,0,85,66,44,2760,10501,5.12848,165,16.9342,0,0,5443,16481572643
380.72,2.6266,45.0955,0,85,66,44,2760,10501,5.12848,165,16.9342,0,0,5443,16484199654
343.46,2.91155,45.0955,0,85,66,44,2760,10501,5.12848,165,16.9342,0,0,5443,16487111464
304.963,3.27909,45.0955,0,85,66,44,2760,10501,5.12848,165,16.9342,0,0,5443,16490390892
457.786,2.18443,45.0955,0,85,66,44,2760,10501,5.12848,165,16.9342,0,0,5443,16492575619
389.512,2.56732,45.0955,0,85,66,44,2760,10501,5.12848,165,16.9342,0,0,5443,16495143254
428.708,2.33259,45.0955,0,85,66,44,2760,10501,5.12848,165,16.9342,0,0,5443,16497476236
200.848,4.97889,45.0955,0,85,66,44,2760,10501,5.12848,165,16.9342,0,0,5443,16502455722
356.404,2.80581,45.0955,0,85,66,44,2760,10501,5.12848,165,16.9342,0,0,5443,16505261595
473.756,2.11079,45.0955,0,85,66,44,2760,10501,5.12848,165,16.9342,0,0,5443,16507372705
685.857,1.45803,45.0955,0,85,66,44,2760,10501,5.12848,165,16.9342,0,0,5443,16508831244
328.667,3.04259,45.0955,0,85,66,44,2760,10501,5.12848,165,16.9342,0,0,5443,16511874202
434.663,2.30064,45.0955,0,85,66,44,2760,10501,5.12848,165,16.9342,0,0,5443,16514175184
296.894,3.3682,45.0955,0,85,66,44,2760,10501,5.12848,165,16.9342,0,0,5443,16517543624
229.787,4.35185,45.0955,0,85,66,44,2760,10501,5.12848,165,16.9342,0,0,5443,16521895954
1577.52,0.633906,45.0955,0,85,66,44,2760,10501,5.12848,165,16.9342,0,0,5443,16522529936
420.295,2.37928,45.0955,0,85,66,44,2760,10501,5.12848,165,16.9342,0,0,5443,16524909420
371.148,2.69434,45.0955,0,85,66,44,2760,10501,5.12848,165,16.9342,0,0,5443,16527604079
381.856,2.61879,45.0955,0,85,66,44,2760,10501,5.12848,165,16.9342,0,0,5443,16530232052
263.95,3.7886,45.0955,0,85,66,44,2760,10501,5.12848,165,16.9342,0,0,5443,16534012237
527.101,1.89717,45.0955,0,85,66,44,2760,10501,5.12848,165,16.9342,0,0,5443,16535909685
447.01,2.23709,45.0955,0,85,66,44,2760,10501,5.12848,165,16.9342,0,0,5443,16538147020
395.772,2.52671,45.0955,0,85,66,44,2760,10501,5.12848,165,16.9342,0,0,5443,16540674183
315.957,3.16499,45.0955,0,85,66,44,2760,10501,5.12848,165,16.9342,0,0,5443,16543839472
386.643,2.58637,45.0955,0,85,66,44,2760,10501,5.12848,165,16.9342,0,0,5443,16546426155
306.56,3.262,45.0955,0,85,66,44,2760,10501,5.12848,165,16.9342,0,0,5443,16549688496
568.635,1.7586,45.0955,0,85,66,44,2760,10501,5.12848,165,16.9342,0,0,5443,16551447382
328.451,3.04459,45.0955,0,85,66,44,2760,10501,5.12848,165,16.9342,0,0,5443,16554492292
235.075,4.25397,45.0955,0,85,66,44,2760,10501,5.12848,165,16.9342,0,0,5443,16558746561
346.828,2.88327,45.0955,0,85,66,44,2760,10501,5.12848,165,16.9342,0,0,5443,16561630148
549.51,1.8198,45.0955,0,85,66,44,2760,10501,5.12848,165,16.9342,0,0,5443,16563450392
625.099,1.59975,45.0955,0,85,66,44,2760,10501,5.12848,165,16.9342,0,0,5443,16565050398
349.367,2.86232,45.0955,0,85,66,44,2760,10501,5.12848,165,16.9342,0,0,5443,16567913014
360.231,2.776,45.0955,0,85,66,44,2760,10501,5.12848,165,16.9342,0,0,5443,16570689357
420.239,2.3796,45.0955,0,85,66,44,2760,10501,5.12848,165,16.9342,0,0,5443,16573069495
368.587,2.71306,45.0955,0,85,66,44,2760,10501,5.12848,165,16.9342,0,0,5443,16575782779
374.397,2.67096,45.0955,0,85,66,44,2760,10501,5.12848,165,16.9342,0,0,5443,16578454225
376.93,2.65301,45.0955,0,85,66,44,2760,10501,5.12848,165,16.9342,0,0,5443,16581107459
304.531,3.28374,45.0955,0,85,66,44,2760,10501,5.12848,165,16.9342,0,0,5443,16584391665
256.23,3.90275,45.0955,0,85,66,44,2760,10501,5.12848,165,16.9342,0,0,5443,16588294653
1035.21,0.965984,45.0955,0,85,66,44,2760,10501,5.12848,165,16.9342,0,0,5443,16589263858
399.082,2.50575,45.4662,0,85,66,44,2760,10501,5.12848,166,16.9329,0,0,5453,16591766972
365.275,2.73766,45.4662,0,85,66,44,2760,10501,5.12848,166,16.9329,0,0,5453,16594504987
319.047,3.13434,45.4662,0,85,66,44,2760,10501,5.12848,166,16.9329,0,0,5453,16597639650
360.26,2.77578,45.4662,0,85,66,44,2760,10501,5.12848,166,16.9329,0,0,5453,16600415744
410.401,2.43664,45.4662,0,85,66,44,2760,10501,5.12848,166,16.9329,0,0,5453,16602852807
396.093,2.52466,45.4662,0,85,66,44,2760,10501,5.12848,166,16.9329,0,0,5453,16605377728
269.651,3.7085,45.4662,0,85,66,44,2760,10501,5.12848,166,16.9329,0,0,5453,16609086526
198.117,5.04752,45.4662,0,85,66,44,2760,10501,5.12848,166,16.9329,0,0,5453,16614134408
519.561,1.9247,45.4662,0,85,66,44,2760,10501,5.12848,166,16.9329,0,0,5453,16616059550
729.513,1.37078,45.4662,0,85,66,44,2760,10501,5.12848,166,16.9329,0,0,5453,16617430423
384.843,2.59846,45.4662,0,85,66,44,2760,10501,5.12848,166,16.9329,0,0,5453,16620029328
401.376,2.49143,45.4662,0,85,66,44,2760,10501,5.12848,166,16.9329,0,0,5453,16622521277
435.507,2.29617,45.4662,0,85,66,44,2760,10501,5.12848,166,16.9329,0,0,5453,16624817778
381.438,2.62166,45.4662,0,85,66,44,2760,10501,5.12848,166,16.9329,0,0,5453,16627439712
380.186,2.63029,45.4662,0,85,66,44,2760,10501,5.12848,166,16.9329,0,0,5453,16630070330
372.251,2.68636,45.4662,0,85,66,44,2760,10501,5.12848,166,16.9329,0,0,5453,16632757112
350.727,2.85122,45.4662,0,85,66,44,2760,10501,5.12848,166,16.9329,0,0,5453,16635608555
372.734,2.68288,45.4662,0,85,66,44,2760,10501,5.12848,166,16.9329,0,0,5453,16638291876
306.812,3.25932,45.4662,0,85,66,44,2760,10501,5.12848,166,16.9329,0,0,5453,16641551572
510.157,1.96018,45.4662,0,85,66,44,2760,10501,5.12848,166,16.9329,0,0,5453,16643511936
361.896,2.76323,45.4662,0,85,66,44,2760,10501,5.12848,166,16.9329,0,0,5453,16646275664
307.818,3.24867,45.4662,0,85,66,44,2760,10501,5.12848,166,16.9329,0,0,5453,16649524504
473.279,2.11292,45.4662,0,85,66,44,2760,10501,5.12848,166,16.9329,0,0,5453,16651637854
372.363,2.68555,45.4662,0,85,66,44,2760,10501,5.12848,166,16.9329,0,0,5453,16654323762
367.259,2.72287,45.4662,0,85,66,44,2760,10501,5.12848,166,16.9329,0,0,5453,16657046873
406.103,2.46243,45.4662,0,85,66,44,2760,10501,5.12848,166,16.9329,0,0,5453,16659509764
223.536,4.47354,45.4662,0,85,66,44,2760,10501,5.12848,166,16.9329,0,0,5453,16663983694
694.375,1.44014,45.4662,0,85,66,44,2760,10501,5.12848,166,16.9329,0,0,5453,16665424319
240.052,4.16576,45.4662,0,85,66,44,2760,10501,5.12848,166,16.9329,0,0,5453,16669590431
516.786,1.93504,45.4662,0,85,66,44,2760,10501,5.12848,166,16.9329,0,0,5453,16671525861
473.965,2.10986,45.4662,0,85,66,44,2760,10501,5.12848,166,16.9329,0,0,5453,16673635875
346.804,2.88347,45.4662,0,85,66,44,2760,10501,5.12848,166,16.9329,0,0,5453,16676519664
411.097,2.43251,45.4662,0,85,66,44,2760,10501,5.12848,166,16.9329,0,0,5453,16678952611
507.81,1.96924,45.4662,0,85,66,44,2760,10501,5.12848,166,16.9329,0,0,5453,16680922284
305.3,3.27547,45.4662,0,85,66,44,2760,10501,5.12848,166,16.9329,0,0,5453,16684198009
443.906,2.25273,45.4662,0,85,66,44,2760,10501,5.12848,166,16.9329,0,0,5453,16686451258
384.338,2.60188,45.4662,0,85,66,44,2760,10501,5.12848,166,16.9329,0,0,5453,16689053404
379.364,2.63599,45.4662,0,85,66,44,2760,10501,5.12848,166,16.9329,0,0,5453,16691689810
206.186,4.84999,45.4662,0,85,66,44,2760,10501,5.12848,166,16.9329,0,0,5453,16696540108
481.746,2.07578,45.4662,0,85,66,44,2760,10501,5.12848,166,16.9329,0,0,5453,16698616197
699.197,1.43021,45.4662,0,85,66,44,2760,10501,5.12848,166,16.9329,0,0,5453,16700046755
425.18,2.35194,45.4662,0,85,66,44,2760,10501,5.12848,166,16.9329,0,0,5453,16702399017
354.964,2.81719,45.4662,0,85,66,44,2760,10501,5.12848,166,16.9329,0,0,5453,16705216650
386.135,2.58977,45.4662,0,85,66,44,2760,10501,5.12848,166,16.9329,0,0,5453,16707806776
406.432,2.46044,45.4662,0,85,66,44,2760,10501,5.12848,166,16.9329,0,0,5453,16710267551
226.831,4.40856,45.4662,0,85,66,44,2760,10501,5.12848,166,16.9329,0,0,5453,16714676517
506.618,1.97388,45.4662,0,85,66,44,2760,10501,5.12848,166,16.9329,0,0,5453,16716650613
512.338,1.95184,45.4662,0,85,66,44,2760,10501,5.12848,166,16.9329,0,0,5453,16718602948
211.742,4.72273,45.4662,0,85,66,44,2760,10501,5.12848,166,16.9329,0,0,5453,16723325905
777.718,1.28581,45.4662,0,85,66,44,2760,10501,5.12848,166,16.9329,0,0,5453,16724611919
527.475,1.89582,45.4662,0,85,66,44,2760,10501,5.12848,166,16.9329,0,0,5453,16726508214
402.933,2.48181,45.4662,0,85,66,44,2760,10501,5.12848,166,16.9329,0,0,5453,16728990298
328.382,3.04524,45.4662,0,85,66,44,2760,10501,5.12848,166,16.9329,0,0,5453,16732035823
368.855,2.71109,45.4662,0,85,66,44,2760,10501,5.12848,166,16.9329,0,0,5453,16734747222
430.51,2.32283,45.4662,0,85,66,44,2760,10501,5.12848,166,16.9329,0,0,5453,16737070339
317.606,3.14856,45.4662,0,85,66,44,2760,10501,5.12848,166,16.9329,0,0,5453,16740219215
437.633,2.28502,45.4662,0,85,66,44,2760,10501,5.12848,166,16.9329,0,0,5453,16742504676
456.333,2.19138,45.4662,0,85,66,44,2760,10501,5.12848,166,16.9329,0,0,5453,16744696250
190.925,5.23766,45.4662,0,85,66,44,2760,10501,5.12848,166,16.9329,0,0,5453,16749934234
634.732,1.57547,45.4662,0,85,66,44,2760,10501,5.12848,166,16.9329,0,0,5453,16751510162
390.831,2.55865,45.4662,0,85,66,44,2760,10501,5.12848,166,16.9329,0,0,5453,16754069133
515,1.94175,45.4662,0,85,66,44,2760,10501,5.12848,166,16.9329,0,0,5453,16756011189
212.322,4.70983,45.4662,0,85,66,44,2760,10501,5.12848,166,16.9329,0,0,5453,16760721386
316.327,3.16129,45.4662,0,85,66,44,2760,10501,5.12848,166,16.9329,0,0,5453,16763882925
366.31,2.72993,45.4662,0,85,66,44,2760,10501,5.12848,166,16.9329,0,0,5453,16766613152
498.476,2.00612,45.4662,0,85,66,44,2760,10501,5.12848,166,16.9329,0,0,5453,16768619662
648.567,1.54186,45.4662,0,85,66,44,2760,10501,5.12848,166,16.9329,0,0,5453,16770161781
306.03,3.26766,45.4662,0,85,66,44,2760,10501,5.12848,166,16.9329,0,0,5453,16773429757
285.159,3.50682,45.4662,0,85,66,44,2760,10501,5.12848,166,16.9329,0,0,5453,16776936990
412.168,2.4262,45.4662,0,85,66,44,2760,10501,5.12848,166,16.9329,0,0,5453,16779363486
494.475,2.02235,45.4662,0,85,66,44,2760,10501,5.12848,166,16.9329,0,0,5453,16781386159
423.72,2.36005,45.4662,0,85,66,44,2760,10501,5.12848,166,16.9329,0,0,5453,16783746624
383.843,2.60523,45.4662,0,85,66,44,2760,10501,5.12848,166,16.9329,0,0,5453,16786352067
404.231,2.47383,45.4662,0,85,66,44,2760,10501,5.12848,166,16.9329,0,0,5453,16788826122
379.05,2.63818,45.4662,0,85,66,44,2760,10501,5.12848,166,16.9329,0,0,5453,16791464663
326.209,3.06552,45.4662,0,85,66,44,2760,10501,5.12848,166,16.9329,0,0,5453,16794530506
416.091,2.40332,45.4662,0,85,66,44,2760,10501,5.12848,166,16.9329,0,0,5453,16796934126
385.471,2.59423,45.4662,0,85,66,44,2760,10501,5.12848,166,16.9329,0,0,5453,16799528617
220.496,4.53523,45.4662,0,85,66,44,2760,10501,5.12848,166,16.9329,0,0,5453,16804064279
742.392,1.347,45.4662,0,85,66,44,2760,10501,5.12848,166,16.9329,0,0,5453,16805411556
334.553,2.98906,45.4662,0,85,66,44,2760,10501,5.12848,166,16.9329,0,0,5453,16808400954
471.266,2.12195,45.4662,0,85,66,44,2760,10501,5.12848,166,16.9329,0,0,5453,16810523218
387.184,2.58275,45.4662,0,85,66,44,2760,10501,5.12848,166,16.9329,0,0,5453,16813106267
359.381,2.78257,45.4662,0,85,66,44,2760,10501,5.12848,166,16.9329,0,0,5453,16815889111
404.228,2.47385,45.4662,0,85,66,44,2760,10501,5.12848,166,16.9329,0,0,5453,16818363213
375.028,2.66647,45.4662,0,85,66,44,2760,10501,5.12848,166,16.9329,0,0,5453,16821029986
305.938,3.26864,45.4662,0,85,66,44,2760,10501,5.12848,166,16.9329,0,0,5453,16824298942
372.916,2.68157,45.4662,0,85,66,44,2760,10501,5.12848,166,16.9329,0,0,5453,16826980821
256.153,3.90391,45.4662,0,85,66,44,2760,10501,5.12848,166,16.9329,0,0,5453,16830885164
617.047,1.62062,45.4662,0,85,66,44,2760,10501,5.12848,166,16.9329,0,0,5453,16832506046
368.724,2.71205,45.4662,0,85,66,44,2760,10501,5.12848,166,16.9329,0,0,5453,16835218493
507.897,1.9689,45.4662,0,85,66,44,2760,10501,5.12848,166,16.9329,0,0,5453,16837187626
284.565,3.51414,45.4662,0,85,66,44,2760,10501,5.12848,166,16.9329,0,0,5453,16840702081
465.394,2.14872,45.4662,0,85,66,44,2760,10501,5.12848,166,16.9329,0,0,5453,16842851106
242.414,4.12518,45.4662,0,85,66,44,2760,10501,5.12848,166,16.9329,0,0,5453,16846976774
961.631,1.0399,45.4662,0,85,66,44,2760,10501,5.12848,166,16.9329,0,0,5453,16848016914
373.178,2.67969,45.4662,0,85,66,44,2760,10501,5.12848,166,16.9329,0,0,5453,16850697005
367.867,2.71837,45.4662,0,85,66,44,2760,10501,5.12848,166,16.9329,0,0,5453,16853415644
222.037,4.50375,45.4662,0,85,66,44,2760,10501,5.12848,166,16.9329,0,0,5453,16857919806
329.744,3.03266,45.4662,0,85,66,44,2760,10501,5.12848,166,16.9329,0,0,5453,16860952658
1496.03,0.668436,45.4662,0,85,66,44,2760,10501,5.12848,166,16.9329,0,0,5453,16861621306
423.929,2.35889,45.4662,0,85,66,44,2760,10501,5.12848,166,16.9329,0,0,5453,16863980558
407.852,2.45187,45.4662,0,85,66,44,2760,10501,5.12848,166,16.9329,0,0,5453,16866432747
348.608,2.86855,45.4662,0,85,66,44,2760,10501,5.12848,166,16.9329,0,0,5453,16869301584
338.523,2.95401,45.4662,0,85,66,44,2760,10501,5.12848,166,16.9329,0,0,5453,16872255933
368.553,2.71331,45.4662,0,85,66,44,2760,10501,5.12848,166,16.9329,0,0,5453,16874969582
301.686,3.31471,45.4662,0,85,66,44,2760,10501,5.12848,166,16.9329,0,0,5453,16878284819
472.34,2.11712,45.4662,0,85,66,44,2760,10501,5.12848,166,16.9329,0,0,5453,16880401910
254.672,3.92662,45.4662,0,85,66,44,2760,10501,5.12848,166,16.9329,0,0,5453,16884329138
317.504,3.14957,45.4662,0,85,66,44,2760,10501,5.12848,166,16.9329,0,0,5453,16887479023
820.557,1.21869,45.4662,0,85,66,44,2760,10501,5.12848,166,16.9329,0,0,5453,16888697920
367.707,2.71955,45.4662,0,85,66,44,2760,10501,5.12848,166,16.9329,0,0,5453,16891417944
401.328,2.49173,45.4662,0,85,66,44,2760,10501,5.12848,166,16.9329,0,0,5453,16893909923
375.786,2.66109,45.4662,0,85,66,44,2760,10501,5.12848,166,16.9329,0,0,5453,16896571349
348.119,2.87258,45.4662,0,85,66,44,2760,10501,5.12848,166,16.9329,0,0,5453,16899444205
392.262,2.54932,45.4662,0,85,66,44,2760,10501,5.12848,166,16.9329,0,0,5453,16901993868
289.243,3.4573,45.4662,0,85,66,44,2760,10501,5.12848,166,16.9329,0,0,5453,16905451552
627.748,1.593,45.4662,0,85,66,44,2760,10501,5.12848,166,16.9329,0,0,5453,16907044817
165.67,6.0361,45.4662,0,85,66,44,2760,10501,5.12848,166,16.9329,0,0,5453,16913081251
651.305,1.53538,45.4662,0,85,66,44,2760,10501,5.12848,166,16.9329,0,0,5453,16914616909
494.216,2.02341,45.4662,0,85,66,44,2760,10501,5.12848,166,16.9329,0,0,5453,16916640640
413.776,2.41676,45.4662,0,85,66,44,2760,10501,5.12848,166,16.9329,0,0,5453,16919057856
369.109,2.70923,45.4662,0,85,66,44,2760,10501,5.12848,166,16.9329,0,0,5453,16921767294
338.678,2.95266,45.4662,0,85,66,44,2760,10501,5.12848,166,16.9329,0,0,5453,16924720288
387.672,2.5795,45.4662,0,85,66,44,2760,10501,5.12848,166,16.9329,0,0,5453,16927300105
394.337,2.5359,45.4662,0,85,66,44,2760,10501,5.12848,166,16.9329,0,0,5453,16929836431
389.852,2.56508,45.4662,0,85,66,44,2760,10501,5.12848,166,16.9329,0,0,5453,16932401748
364.229,2.74552,45.4662,0,85,66,44,2760,10501,5.12848,166,16.9329,0,0,5453,16935147572
179.179,5.58101,45.4662,0,85,66,44,2760,10501,5.12848,166,16.9329,0,0,5453,16940728943
1368.66,0.73064,45.4662,0,85,66,44,2760,10501,5.12848,166,16.9329,0,0,5453,16941459861
494.875,2.02071,45.4662,0,85,66,44,2760,10501,5.12848,166,16.9329,0,0,5453,16943480872
325.86,3.06881,45.4662,0,85,66,44,2760,10501,5.12848,166,16.9329,0,0,5453,16946549985
499.388,2.00245,45.4662,0,85,66,44,2760,10501,5.12848,166,16.9329,0,0,5453,16948552822
373.249,2.67918,45.4662,0,85,66,44,2760,10501,5.12848,166,16.9329,0,0,5453,16951232277
309.712,3.2288,45.4662,0,85,66,44,2760,10501,5.12848,166,16.9329,0,0,5453,16954461290
449.841,2.22301,45.4662,0,85,66,44,2760,10501,5.12848,166,16.9329,0,0,5453,16956684634
342.52,2.91954,45.4662,0,85,66,44,2760,10501,5.12848,166,16.9329,0,0,5453,16959604502
400.13,2.49919,45.4662,0,85,66,44,2760,10501,5.12848,166,16.9329,0,0,5453,16962103932
195.893,5.10483,45.4662,0,85,66,44,2760,10501,5.12848,166,16.9329,0,0,5453,16967209277
793.909,1.25959,45.4662,0,85,66,44,2760,10501,5.12848,166,16.9329,0,0,5453,16968469060
462.649,2.16147,45.4662,0,85,66,44,2760,10501,5.12848,166,16.9329,0,0,5453,16970631046
401.133,2.49294,45.4662,0,85,66,44,2760,10501,5.12848,166,16.9329,0,0,5453,16973124073
403.585,2.47779,45.4662,0,85,66,44,2760,10501,5.12848,166,16.9329,0,0,5453,16975602310
327.723,3.05135,45.4662,0,85,66,44,2760,10501,5.12848,166,16.9329,0,0,5453,16978653980
323.524,3.09096,45.4662,0,85,66,44,2760,10501,5.12848,166,16.9329,0,0,5453,16981745334
480.041,2.08316,45.4662,0,85,66,44,2760,10501,5.12848,166,16.9329,0,0,5453,16983828703
296.836,3.36886,45.4662,0,85,66,44,2760,10501,5.12848,166,16.9329,0,0,5453,16987197874
403.525,2.47816,45.4662,0,85,66,44,2760,10501,5.12848,166,16.9329,0,0,5453,16989676400
232.067,4.3091,45.4662,0,85,66,44,2760,10501,5.12848,166,16.9329,0,0,5453,16993985814
522.079,1.91542,45.4662,0,85,66,44,2760,10501,5.12848,166,16.9329,0,0,5453,16995901648
405.189,2.46799,45.4662,0,85,66,44,2760,10501,5.12848,166,16.9329,0,0,5453,16998369914
449.493,2.22473,45.4662,0,85,66,44,2760,10501,5.12848,166,16.9329,0,0,5453,17000594950
259.389,3.85521,45.4662,0,85,66,44,2760,10501,5.12848,166,16.9329,0,0,5453,17004450484
266.873,3.7471,45.4662,0,85,66,44,2760,10501,5.12848,166,16.9329,0,0,5453,17008198053
418.63,2.38874,45.4662,0,85,66,44,2760,10501,5.12848,166,16.9329,0,0,5453,17010586941
1142.96,0.874924,45.4662,0,85,66,44,2760,10501,5.12848,166,16.9329,0,0,5453,17011462384
407.5,2.45399,45.4662,0,85,66,44,2760,10501,5.12848,166,16.9329,0,0,5453,17013916688
322.06,3.10501,45.4662,0,85,66,44,2760,10501,5.12848,166,16.9329,0,0,5453,17017022004
229.416,4.35889,45.4662,0,85,66,44,2760,10501,5.12848,166,16.9329,0,0,5453,17021381180
578.671,1.7281,45.4662,0,85,66,44,2760,10501,5.12848,166,16.9329,0,0,5453,17023109507
397.819,2.51371,45.4662,0,85,66,44,2760,10501,5.12848,166,16.9329,0,0,5453,17025623755
453.614,2.20452,45.4662,0,85,66,44,2760,10501,5.12848,166,16.9329,0,0,5453,17027828512
335.152,2.98373,45.4662,0,85,66,44,2760,10501,5.12848,166,16.9329,0,0,5453,17030812699
494.687,2.02148,45.4662,0,85,66,44,2760,10501,5.12848,166,16.9329,0,0,5453,17032834344
386.429,2.5878,45.4662,0,85,66,44,2760,10501,5.12848,166,16.9329,0,0,5453,17035422480
349.5,2.86123,45.4662,0,85,66,44,2760,10501,5.12848,166,16.9329,0,0,5453,17038284057
302.637,3.30428,45.4662,0,85,66,44,2760,10501,5.12848,166,16.9329,0,0,5453,17041588726
447.522,2.23453,45.4662,0,85,66,44,2760,10501,5.12848,166,16.9329,0,0,5453,17043823551
295.316,3.3862,45.4662,0,85,66,44,2760,10501,5.12848,166,16.9329,0,0,5453,17047210021
526.402,1.89969,45.4662,0,85,66,44,2760,10501,5.12848,166,16.9329,0,0,5453,17049110220
415.476,2.40688,45.4662,0,85,66,44,2760,10501,5.12848,166,16.9329,0,0,5453,17051517397
358.262,2.79126,45.4662,0,85,66,44,2760,10501,5.12848,166,16.9329,0,0,5453,17054308914
286.805,3.4867,45.4662,0,85,66,44,2760,10501,5.12848,166,16.9329,0,0,5453,17057796061
587.405,1.7024,45.4662,0,85,66,44,2760,10501,5.12848,166,16.9329,0,0,5453,17059498705
367.821,2.71872,45.4662,0,85,66,44,2760,10501,5.12848,166,16.9329,0,0,5453,17062217863
286.196,3.49411,45.4662,0,85,66,44,2760,10501,5.12848,166,16.9329,0,0,5453,17065712193
443.357,2.25552,45.4662,0,85,66,44,2760,10501,5.12848,166,16.9329,0,0,5453,17067968086
415.91,2.40437,45.4662,0,85,66,44,2760,10501,5.12848,166,16.9329,0,0,5453,17070372754
209.493,4.77343,45.4662,0,85,66,44,2760,10501,5.12848,166,16.9329,0,0,5453,17075146530
634.067,1.57712,45.4662,0,85,66,44,2760,10501,5.12848,166,16.9329,0,0,5453,17076723968
394.078,2.53757,45.4662,0,85,66,44,2760,10501,5.12848,166,16.9329,0,0,5453,17079262207
414.959,2.40988,45.4662,0,85,66,44,2760,10501,5.12848,166,16.9329,0,0,5453,17081672250
470.862,2.12376,45.4662,0,85,66,44,2760,10501,5.12848,166,16.9329,0,0,5453,17083796331
372.838,2.68213,45.4662,0,85,66,44,2760,10501,5.12848,166,16.9329,0,0,5453,17086478796
330.576,3.02502,45.4662,0,85,66,44,2760,10501,5.12848,166,16.9329,0,0,5453,17089506610
354.121,2.82389,44.026,0,85,66,44,2760,10501,5.12848,166,16.9334,0,0,5435,17092328599
485.24,2.06084,44.026,0,85,66,44,2760,10501,5.12848,166,16.9334,0,0,5435,17094389640
319.009,3.13471,44.026,0,85,66,44,2760,10501,5.12848,166,16.9334,0,0,5435,17097524669
350.637,2.85195,44.026,0,85,66,44,2760,10501,5.12848,166,16.9334,0,0,5435,17100377082
427.517,2.33909,44.026,0,85,66,44,2760,10501,5.12848,166,16.9334,0,0,5435,17102716411
415.713,2.4055,44.026,0,85,66,44,2760,10501,5.12848,166,16.9334,0,0,5435,17105122271
359.785,2.77944,44.026,0,85,66,44,2760,10501,5.12848,166,16.9334,0,0,5435,17107902086
370.833,2.69663,44.026,0,85,66,44,2760,10501,5.12848,166,16.9334,0,0,5435,17110599080
338.967,2.95014,44.026,0,85,66,44,2760,10501,5.12848,166,16.9334,0,0,5435,17113549670
358.496,2.78943,44.026,0,85,66,44,2760,10501,5.12848,166,16.9334,0,0,5435,17116339226
397.164,2.51785,44.026,0,85,66,44,2760,10501,5.12848,166,16.9334,0,0,5435,17118857445
381.64,2.62027,44.026,0,85,66,44,2760,10501,5.12848,166,16.9334,0,0,5435,17121478101
367.8,2.71887,44.026,0,85,66,44,2760,10501,5.12848,166,16.9334,0,0,5435,17124197241
290.189,3.44603,44.026,0,85,66,44,2760,10501,5.12848,166,16.9334,0,0,5435,17127643559
479.339,2.08621,44.026,0,85,66,44,2760,10501,5.12848,166,16.9334,0,0,5435,17129730129
481.058,2.07875,44.026,0,85,66,44,2760,10501,5.12848,166,16.9334,0,0,5435,17131809170
353.669,2.8275,44.026,0,85,66,44,2760,10501,5.12848,166,16.9334,0,0,5435,17134636967
401.52,2.49054,44.026,0,85,66,44,2760,10501,5.12848,166,16.9334,0,0,5435,17137127994
304.826,3.28056,44.026,0,85,66,44,2760,10501,5.12848,166,16.9334,0,0,5435,17140408700
460.149,2.17321,44.026,0,85,66,44,2760,10501,5.12848,166,16.9334,0,0,5435,17142582408
362.177,2.76108,44.026,0,85,66,44,2760,10501,5.12848,166,16.9334,0,0,5435,17145343684
229.888,4.34994,44.026,0,85,66,44,2760,10501,5.12848,166,16.9334,0,0,5435,17149694071
548.1,1.82448,44.026,0,85,66,44,2760,10501,5.12848,166,16.9334,0,0,5435,17151518902
477.64,2.09363,44.026,0,85,66,44,2760,10501,5.12848,166,16.9334,0,0,5435,17153613030
300.248,3.33058,44.026,0,85,66,44,2760,10501,5.12848,166,16.9334,0,0,5435,17156943854
657.673,1.52051,44.026,0,85,66,44,2760,10501,5.12848,166,16.9334,0,0,5435,17158464693
382.79,2.6124,44.026,0,85,66,44,2760,10501,5.12848,166,16.9334,0,0,5435,17161077416
359.383,2.78255,44.026,0,85,66,44,2760,10501,5.12848,166,16.9334,0,0,5435,17163860433
377.905,2.64617,44.026,0,85,66,44,2760,10501,5.12848,166,16.9334,0,0,5435,17166507003
355.913,2.80967,44.026,0,85,66,44,2760,10501,5.12848,166,16.9334,0,0,5435,17169316848
402.076,2.48709,44.026,0,85,66,44,2760,10501,5.12848,166,16.9334,0,0,5435,17171804364
345.803,2.89182,44.026,0,85,66,44,2760,10501,5.12848,166,16.9334,0,0,5435,17174696442
361.272,2.768,44.026,0,85,66,44,2760,10501,5.12848,166,16.9334,0,0,5435,17177464747
382.351,2.6154,44.026,0,85,66,44,2760,10501,5.12848,166,16.9334,0,0,5435,17180080422
305.442,3.27395,44.026,0,85,66,44,2760,10501,5.12848,166,16.9334,0,0,5435,17183354705
490.193,2.04001,44.026,0,85,66,44,2760,10501,5.12848,166,16.9334,0,0,5435,17185395053
367.476,2.72127,44.026,0,85,66,44,2760,10501,5.12848,166,16.9334,0,0,5435,17188116769
222.622,4.49192,44.026,0,85,66,44,2760,10501,5.12848,166,16.9334,0,0,5435,17192608930
1674.53,0.597184,44.026,0,85,66,44,2760,10501,5.12848,166,16.9334,0,0,5435,17193206441
303.772,3.29194,44.026,0,85,66,44,2760,10501,5.12848,166,16.9334,0,0,5435,17196498677
333.532,2.99822,44.026,0,85,66,44,2760,10501,5.12848,166,16.9334,0,0,5435,17199497163
598.09,1.67199,44.026,0,85,66,44,2760,10501,5.12848,166,16.9334,0,0,5435,17201169469
381.547,2.62091,44.026,0,85,66,44,2760,10501,5.12848,166,16.9334,0,0,5435,17203790798
351.189,2.84747,44.026,0,85,66,44,2760,10501,5.12848,166,16.9334,0,0,5435,17206638519
196.751,5.08257,44.026,0,85,66,44,2760,10501,5.12848,166,16.9334,0,0,5435,17211721440
829.291,1.20585,44.026,0,85,66,44,2760,10501,5.12848,166,16.9334,0,0,5435,17212927711
270.389,3.69837,44.026,0,85,66,44,2760,10501,5.12848,166,16.9334,0,0,5435,17216626326
624.041,1.60246,44.026,0,85,66,44,2760,10501,5.12848,166,16.9334,0,0,5435,17218229111
321.063,3.11465,44.026,0,85,66,44,2760,10501,5.12848,166,16.9334,0,0,5435,17221344110
393.034,2.54431,44.026,0,85,66,44,2760,10501,5.12848,166,16.9334,0,0,5435,17223888735
269.594,3.70928,44.026,0,85,66,44,2760,10501,5.12848,166,16.9334,0,0,5435,17227598446
720.337,1.38824,44.026,0,85,66,44,2760,10501,5.12848,166,16.9334,0,0,5435,17228986974
321.693,3.10856,44.026,0,85,66,44,2760,10501,5.12848,166,16.9334,0,0,5435,17232096040
306.416,3.26353,44.026,0,85,66,44,2760,10501,5.12848,166,16.9334,0,0,5435,17235359765
271.04,3.6895,44.026,0,85,66,44,2760,10501,5.12848,166,16.9334,0,0,5435,17239049774
406.991,2.45705,44.026,0,85,66,44,2760,10501,5.12848,166,16.9334,0,0,5435,17241507049
253.042,3.95191,44.026,0,85,66,44,2760,10501,5.12848,166,16.9334,0,0,5435,17245459375
555.104,1.80147,44.026,0,85,66,44,2760,10501,5.12848,166,16.9334,0,0,5435,17247261349
609.617,1.64037,44.026,0,85,66,44,2760,10501,5.12848,166,16.9334,0,0,5435,17248901866
543.216,1.84089,44.026,0,85,66,44,2760,10501,5.12848,166,16.9334,0,0,5435,17250743207
381.669,2.62007,44.026,0,85,66,44,2760,10501,5.12848,166,16.9334,0,0,5435,17253363545
295.83,3.38032,44.026,0,85,66,44,2760,10501,5.12848,166,16.9334,0,0,5435,17256744159
425.14,2.35217,44.026,0,85,66,44,2760,10501,5.12848,166,16.9334,0,0,5435,17259096777
387.145,2.58301,44.026,0,85,66,44,2760,10501,5.12848,166,16.9334,0,0,5435,17261680066
210.305,4.755,44.026,0,85,66,44,2760,10501,5.12848,166,16.9334,0,0,5435,17266435409
594.517,1.68204,44.026,0,85,66,44,2760,10501,5.12848,166,16.9334,0,0,5435,17268117773
364.958,2.74004,44.026,0,85,66,44,2760,10501,5.12848,166,16.9334,0,0,5435,17270858135
835.461,1.19694,44.026,0,85,66,44,2760,10501,5.12848,166,16.9334,0,0,5435,17272055415
227.622,4.39325,44.026,0,85,66,44,2760,10501,5.12848,166,16.9334,0,0,5435,17276448910
423.07,2.36368,44.026,0,85,66,44,2760,10501,5.12848,166,16.9334,0,0,5435,17278812960
615.058,1.62586,44.026,0,85,66,44,2760,10501,5.12848,166,16.9334,0,0,5435,17280439063
358.117,2.79238,44.026,0,85,66,44,2760,10501,5.12848,166,16.9334,0,0,5435,17283261005
287.243,3.48138,44.026,0,85,66,44,2760,10501,5.12848,166,16.9334,0,0,5435,17286742680
495.2,2.01939,44.026,0,85,66,44,2760,10501,5.12848,166,16.9334,0,0,5435,17288762430
202.819,4.93051,44.026,0,85,66,44,2760,10501,5.12848,166,16.9334,0,0,5435,17293693241
1086.72,0.920204,44.026,0,85,66,44,2760,10501,5.12848,166,16.9334,0,0,5435,17294613762
467.035,2.14117,44.026,0,85,66,44,2760,10501,5.12848,166,16.9334,0,0,5435,17296755267
215.706,4.63594,44.026,0,85,66,44,2760,10501,5.12848,166,16.9334,0,0,5435,17301391760
336.06,2.97566,44.026,0,85,66,44,2760,10501,5.12848,166,16.9334,0,0,5435,17304367600
964.609,1.03669,44.026,0,85,66,44,2760,10501,5.12848,166,16.9334,0,0,5435,17305404568
337.556,2.96248,44.026,0,85,66,44,2760,10501,5.12848,166,16.9334,0,0,5435,17308367389
551.946,1.81177,44.026,0,85,66,44,2760,10501,5.12848,166,16.9334,0,0,5435,17310179460
300.391,3.329,44.026,0,85,66,44,2760,10501,5.12848,166,16.9334,0,0,5435,17313508745
583.44,1.71397,44.026,0,85,66,44,2760,10501,5.12848,166,16.9334,0,0,5435,17315223091
251.432,3.97721,44.026,0,85,66,44,2760,10501,5.12848,166,16.9334,0,0,5435,17319200773
578.887,1.72745,44.026,0,85,66,44,2760,10501,5.12848,166,16.9334,0,0,5435,17320928399
341.497,2.92828,44.026,0,85,66,44,2760,10501,5.12848,166,16.9334,0,0,5435,17323857286
310.276,3.22294,44.026,0,85,66,44,2760,10501,5.12848,166,16.9334,0,0,5435,17327080068
409.213,2.44372,44.026,0,85,66,44,2760,10501,5.12848,166,16.9334,0,0,5435,17329524323
482.602,2.0721,44.026,0,85,66,44,2760,10501,5.12848,166,16.9334,0,0,5435,17331596643
411.256,2.43157,44.026,0,85,66,44,2760,10501,5.12848,166,16.9334,0,0,5435,17334028629
303.499,3.2949,44.026,0,85,66,44,2760,10501,5.12848,166,16.9334,0,0,5435,17337323798
487.601,2.05086,44.026,0,85,66,44,2760,10501,5.12848,166,16.9334,0,0,5435,17339374934
392.678,2.54661,44.026,0,85,66,44,2760,10501,5.12848,166,16.9334,0,0,5435,17341921847
173.465,5.76487,44.026,0,85,66,44,2760,10501,5.12848,166,16.9334,0,0,5435,17347687051
2106.43,0.474738,44.026,0,85,66,44,2760,10501,5.12848,166,16.9334,0,0,5435,17348162317
271.109,3.68855,44.026,0,85,66,44,2760,10501,5.12848,166,16.9334,0,0,5435,17351851181
1040.66,0.960926,44.026,0,85,66,44,2760,10501,5.12848,166,16.9334,0,0,5435,17352812262
208.171,4.80374,44.026,0,85,66,44,2760,10501,5.12848,166,16.9334,0,0,5435,17357616318
377.941,2.64592,44.026,0,85,66,44,2760,10501,5.12848,166,16.9334,0,0,5435,17360262657
306.981,3.25753,44.026,0,85,66,44,2760,10501,5.12848,166,16.9334,0,0,5435,17363520430
641.308,1.55931,44.026,0,85,66,44,2760,10501,5.12848,166,16.9334,0,0,5435,17365080079
456.742,2.18942,44.026,0,85,66,44,2760,10501,5.12848,166,16.9334,0,0,5435,17367269768
420.419,2.37858,44.026,0,85,66,44,2760,10501,5.12848,166,16.9334,0,0,5435,17369648743
256.053,3.90544,44.026,0,85,66,44,2760,10501,5.12848,166,16.9334,0,0,5435,17373554470
277.333,3.60578,44.026,0,85,66,44,2760,10501,5.12848,166,16.9334,0,0,5435,17377160669
593.466,1.68502,44.026,0,85,66,44,2760,10501,5.12848,166,16.9334,0,0,5435,17378845937
587.461,1.70224,44.026,0,85,66,44,2760,10501,5.12848,166,16.9334,0,0,5435,17380548514
469.86,2.12829,44.026,0,85,66,44,2760,10501,5.12848,166,16.9334,0,0,5435,17382676903
348.465,2.86973,44.026,0,85,66,44,2760,10501,5.12848,166,16.9334,0,0,5435,17385547000
334.847,2.98644,44.026,0,85,66,44,2760,10501,5.12848,166,16.9334,0,0,5435,17388533725
454.643,2.19953,44.026,0,85,66,44,2760,10501,5.12848,166,16.9334,0,0,5435,17390733501
262.313,3.81224,44.026,0,85,66,44,2760,10501,5.12848,166,16.9334,0,0,5435,17394546014
483.646,2.06763,44.026,0,85,66,44,2760,10501,5.12848,166,16.9334,0,0,5435,17396614190
302.162,3.30949,44.026,0,85,66,44,2760,10501,5.12848,166,16.9334,0,0,5435,17399924032
536.465,1.86405,44.026,0,85,66,44,2760,10501,5.12848,166,16.9334,0,0,5435,17401788364
391.113,2.55681,44.026,0,85,66,44,2760,10501,5.12848,166,16.9334,0,0,5435,17404345489
423.506,2.36124,44.026,0,85,66,44,2760,10501,5.12848,166,16.9334,0,0,5435,17406707039
321.261,3.11273,44.026,0,85,66,44,2760,10501,5.12848,166,16.9334,0,0,5435,17409820173
407.071,2.45657,44.026,0,85,66,44,2760,10501,5.12848,166,16.9334,0,0,5435,17412277006
339.197,2.94814,44.026,0,85,66,44,2760,10501,5.12848,166,16.9334,0,0,5435,17415225480
281.474,3.55273,44.026,0,85,66,44,2760,10501,5.12848,166,16.9334,0,0,5435,17418778648
511.492,1.95507,44.026,0,85,66,44,2760,10501,5.12848,166,16.9334,0,0,5435,17420733974
429.734,2.32702,44.026,0,85,66,44,2760,10501,5.12848,166,16.9334,0,0,5435,17423061264
208.126,4.80479,44.026,0,85,66,44,2760,10501,5.12848,166,16.9334,0,0,5435,17427866483
553.535,1.80657,44.026,0,85,66,44,2760,10501,5.12848,166,16.9334,0,0,5435,17429673563
488.333,2.04778,44.026,0,85,66,44,2760,10501,5.12848,166,16.9334,0,0,5435,17431721421
458.072,2.18306,44.026,0,85,66,44,2760,10501,5.12848,166,16.9334,0,0,5435,17433904821
329.871,3.03149,44.026,0,85,66,44,2760,10501,5.12848,166,16.9334,0,0,5435,17436936693
395.633,2.5276,44.026,0,85,66,44,2760,10501,5.12848,166,16.9334,0,0,5435,17439464538
325.903,3.0684,44.026,0,85,66,44,2760,10501,5.12848,166,16.9334,0,0,5435,17442533314
467.635,2.13842,44.026,0,85,66,44,2760,10501,5.12848,166,16.9334,0,0,5435,17444671973
331.081,3.02041,44.026,0,85,66,44,2760,10501,5.12848,166,16.9334,0,0,5435,17447692796
287.207,3.48181,44.026,0,85,66,44,2760,10501,5.12848,166,16.9334,0,0,5435,17451174807
344.405,2.90356,44.026,0,85,66,44,2760,10501,5.12848,166,16.9334,0,0,5435,17454078982
370.031,2.70248,44.026,0,85,66,44,2760,10501,5.12848,166,16.9334,0,0,5435,17456781602
598.008,1.67222,44.026,0,85,66,44,2760,10501,5.12848,166,16.9334,0,0,5435,17458454129
347.329,2.87912,44.026,0,85,66,44,2760,10501,5.12848,166,16.9334,0,0,5435,17461333563
436.511,2.29089,44.026,0,85,66,44,2760,10501,5.12848,166,16.9334,0,0,5435,17463624775
331.689,3.01487,44.026,0,85,66,44,2760,10501,5.12848,166,16.9334,0,0,5435,17466640107
415.01,2.40958,44.026,0,85,66,44,2760,10501,5.12848,166,16.9334,0,0,5435,17469049919
352.493,2.83693,44.026,0,85,66,44,2760,10501,5.12848,166,16.9334,0,0,5435,17471887149
345.834,2.89156,44.026,0,85,66,44,2760,10501,5.12848,166,16.9334,0,0,5435,17474779016
350.591,2.85233,44.026,0,85,66,44,2760,10501,5.12848,166,16.9334,0,0,5435,17477631641
205.46,4.86712,44.026,0,85,66,44,2760,10501,5.12848,166,16.9334,0,0,5435,17482499084
342.715,2.91788,44.026,0,85,66,44,2760,10501,5.12848,166,16.9334,0,0,5435,17485417250
1994.72,0.501324,44.026,0,85,66,44,2760,10501,5.12848,166,16.9334,0,0,5435,17485919007
461.8,2.16544,44.026,0,85,66,44,2760,10501,5.12848,166,16.9334,0,0,5435,17488084811
375.146,2.66563,44.026,0,85,66,44,2760,10501,5.12848,166,16.9334,0,0,5435,17490750727
341.269,2.93024,44.026,0,85,66,44,2760,10501,5.12848,166,16.9334,0,0,5435,17493681365
275.965,3.62364,44.026,0,85,66,44,2760,10501,5.12848,166,16.9334,0,0,5435,17497305246
620.575,1.61141,44.026,0,85,66,44,2760,10501,5.12848,166,16.9334,0,0,5435,17498916733
338.282,2.95611,44.026,0,85,66,44,2760,10501,5.12848,166,16.9334,0,0,5435,17501873323
350.487,2.85317,44.026,0,85,66,44,2760,10501,5.12848,166,16.9334,0,0,5435,17504726814
201.535,4.96191,44.026,0,85,66,44,2760,10501,5.12848,166,16.9334,0,0,5435,17509689260
969.284,1.03169,44.026,0,85,66,44,2760,10501,5.12848,166,16.9334,0,0,5435,17510721073
509.807,1.96153,44.026,0,85,66,44,2760,10501,5.12848,166,16.9334,0,0,5435,17512682880
355.804,2.81054,44.026,0,85,66,44,2760,10501,5.12848,166,16.9334,0,0,5435,17515493927
190.607,5.2464,44.026,0,85,66,44,2760,10501,5.12848,166,16.9334,0,0,5435,17520740748
1334.16,0.749535,44.026,0,85,66,44,2760,10501,5.12848,166,16.9334,0,0,5435,17521490513
511.059,1.95672,44.026,0,85,66,44,2760,10501,5.12848,166,16.9334,0,0,5435,17523447589
442.405,2.26037,44.026,0,85,66,44,2760,10501,5.12848,166,16.9334,0,0,5435,17525708396
349.319,2.86271,44.026,0,85,66,44,2760,10501,5.12848,166,16.9334,0,0,5435,17528571367
376.224,2.65799,44.026,0,85,66,44,2760,10501,5.12848,166,16.9334,0,0,5435,17531229688
257.561,3.88258,44.026,0,85,66,44,2760,10501,5.12848,166,16.9334,0,0,5435,17535112559
592.498,1.68777,44.026,0,85,66,44,2760,10501,5.12848,166,16.9334,0,0,5435,17536800568
388.973,2.57087,44.026,0,85,66,44,2760,10501,5.12848,166,16.9334,0,0,5435,17539371875
382.434,2.61483,44.026,0,85,66,44,2760,10501,5.12848,166,16.9334,0,0,5435,17541986944
418.944,2.38696,44.026,0,85,66,44,2760,10501,5.12848,166,16.9334,0,0,5435,17544374236
201.676,4.95844,44.026,0,85,66,44,2760,10501,5.12848,166,16.9334,0,0,5435,17549333096
2376.14,0.42085,44.026,0,85,66,44,2760,10501,5.12848,166,16.9334,0,0,5435,17549754206
247.836,4.03492,44.026,0,85,66,44,2760,10501,5.12848,166,16.9334,0,0,5435,17553789477
637.898,1.56765,44.026,0,85,66,44,2760,10501,5.12848,166,16.9334,0,0,5435,17555357385
393.6,2.54065,44.026,0,85,66,44,2760,10501,5.12848,166,16.9334,0,0,5435,17557898365
243.338,4.10951,44.026,0,85,66,44,2760,10501,5.12848,166,16.9334,0,0,5435,17562008234
430.024,2.32545,44.026,0,85,66,44,2760,10501,5.12848,166,16.9334,0,0,5435,17564334322
725.984,1.37744,44.026,0,85,66,44,2760,10501,5.12848,166,16.9334,0,0,5435,17565711696
343.402,2.91204,44.026,0,85,66,44,2760,10501,5.12848,166,16.9334,0,0,5435,17568624169
309.956,3.22626,44.026,0,85,66,44,2760,10501,5.12848,166,16.9334,0,0,5435,17571850730
443.41,2.25525,44.026,0,85,66,44,2760,10501,5.12848,166,16.9334,0,0,5435,17574106277
361.706,2.76468,44.026,0,85,66,44,2760,10501,5.12848,166,16.9334,0,0,5435,17576871235
389.131,2.56983,44.026,0,85,66,44,2760,10501,5.12848,166,16.9334,0,0,5435,17579441399
400.796,2.49504,44.026,0,85,66,44,2760,10501,5.12848,166,16.9334,0,0,5435,17581936839
338.563,2.95366,44.026,0,85,66,44,2760,10501,5.12848,166,16.9334,0,0,5435,17584890717
239.577,4.17403,44.026,0,85,66,44,2760,10501,5.12848,166,16.9334,0,0,5435,17589065146
662.926,1.50846,44.026,0,85,66,44,2760,10501,5.12848,166,16.9334,0,0,5435,17590576005
371.461,2.69207,44.9294,0,86,66,44,2760,10501,5.12848,166,16.9265,0,0,5442,17593266172
360.935,2.77058,44.9294,0,86,66,44,2760,10501,5.12848,166,16.9265,0,0,5442,17596037112
473.096,2.11373,44.9294,0,86,66,44,2760,10501,5.12848,166,16.9265,0,0,5442,17598151299
338.824,2.95139,44.9294,0,86,66,44,2760,10501,5.12848,166,16.9265,0,0,5442,17601103052
351.019,2.84885,44.9294,0,86,66,44,2760,10501,5.12848,166,16.9265,0,0,5442,17603952273
266.756,3.74875,44.9294,0,86,66,44,2760,10501,5.12848,166,16.9265,0,0,5442,17607701274
517.524,1.93228,44.9294,0,86,66,44,2760,10501,5.12848,166,16.9265,0,0,5442,17609633830
439.78,2.27386,44.9294,0,86,66,44,2760,10501,5.12848,166,16.9265,0,0,5442,17611908002
235.497,4.24635,44.9294,0,86,66,44,2760,10501,5.12848,166,16.9265,0,0,5442,17616154732
461.753,2.16566,44.9294,0,86,66,44,2760,10501,5.12848,166,16.9265,0,0,5442,17618320757
553.898,1.80539,44.9294,0,86,66,44,2760,10501,5.12848,166,16.9265,0,0,5442,17620126385
443.59,2.25433,44.9294,0,86,66,44,2760,10501,5.12848,166,16.9265,0,0,5442,17622381057
397.235,2.5174,44.9294,0,86,66,44,2760,10501,5.12848,166,16.9265,0,0,5442,17624898758
214.071,4.67134,44.9294,0,86,66,44,2760,10501,5.12848,166,16.9265,0,0,5442,17629570540
727.915,1.37379,44.9294,0,86,66,44,2760,10501,5.12848,166,16.9265,0,0,5442,17630944423
385.442,2.59442,44.9294,0,86,66,44,2760,10501,5.12848,166,16.9265,0,0,5442,17633539251
406.702,2.4588,44.9294,0,86,66,44,2760,10501,5.12848,166,16.9265,0,0,5442,17635998362
416.119,2.40316,44.9294,0,86,66,44,2760,10501,5.12848,166,16.9265,0,0,5442,17638401866
357.082,2.80048,44.9294,0,86,66,44,2760,10501,5.12848,166,16.9265,0,0,5442,17641202586
369.768,2.7044,44.9294,0,86,66,44,2760,10501,5.12848,166,16.9265,0,0,5442,17643907360
402.339,2.48547,44.9294,0,86,66,44,2760,10501,5.12848,166,16.9265,0,0,5442,17646393136
403.009,2.48133,44.9294,0,86,66,44,2760,10501,5.12848,166,16.9265,0,0,5442,17648874902
203.255,4.91993,44.9294,0,86,66,44,2760,10501,5.12848,166,16.9265,0,0,5442,17653795308
764.067,1.30878,44.9294,0,86,66,44,2760,10501,5.12848,166,16.9265,0,0,5442,17655104391
460.894,2.1697,44.9294,0,86,66,44,2760,10501,5.12848,166,16.9265,0,0,5442,17657274329
391.521,2.55414,44.9294,0,86,66,44,2760,10501,5.12848,166,16.9265,0,0,5442,17659828915
322.432,3.10143,44.9294,0,86,66,44,2760,10501,5.12848,166,16.9265,0,0,5442,17662930481
432.553,2.31186,44.9294,0,86,66,44,2760,10501,5.12848,166,16.9265,0,0,5442,17665242752
176.94,5.65162,44.9294,0,86,66,44,2760,10501,5.12848,166,16.9265,0,0,5442,17670894702
1742.74,0.573808,44.9294,0,86,66,44,2760,10501,5.12848,166,16.9265,0,0,5442,17671468635
468.592,2.13405,44.9294,0,86,66,44,2760,10501,5.12848,166,16.9265,0,0,5442,17673603283
348.111,2.87264,44.9294,0,86,66,44,2760,10501,5.12848,166,16.9265,0,0,5442,17676476198
434.69,2.30049,44.9294,0,86,66,44,2760,10501,5.12848,166,16.9265,0,0,5442,17678777044
222.8,4.48833,44.9294,0,86,66,44,2760,10501,5.12848,166,16.9265,0,0,5442,17683265744
932.152,1.07279,44.9294,0,86,66,44,2760,10501,5.12848,166,16.9265,0,0,5442,17684338847
362.451,2.759,44.9294,0,86,66,44,2760,10501,5.12848,166,16.9265,0,0,5442,17687098209
298.419,3.35099,44.9294,0,86,66,44,2760,10501,5.12848,166,16.9265,0,0,5442,17690449399
527.976,1.89403,44.9294,0,86,66,44,2760,10501,5.12848,166,16.9265,0,0,5442,17692343771
225.91,4.42653,44.9294,0,86,66,44,2760,10501,5.12848,166,16.9265,0,0,5442,17696770612
752.507,1.32889,44.9294,0,86,66,44,2760,10501,5.12848,166,16.9265,0,0,5442,17698099926
421.057,2.37497,44.9294,0,86,66,44,2760,10501,5.12848,166,16.9265,0,0,5442,17700475208
308.774,3.23861,44.9294,0,86,66,44,2760,10501,5.12848,166,16.9265,0,0,5442,17703714192
398.175,2.51146,44.9294,0,86,66,44,2760,10501,5.12848,166,16.9265,0,0,5442,17706225950
409.413,2.44252,44.9294,0,86,66,44,2760,10501,5.12848,166,16.9265,0,0,5442,17708668648
491.326,2.03531,44.9294,0,86,66,44,2760,10501,5.12848,166,16.9265,0,0,5442,17710704274
309.381,3.23226,44.9294,0,86,66,44,2760,10501,5.12848,166,16.9265,0,0,5442,17713936845
308.239,3.24423,44.9294,0,86,66,44,2760,10501,5.12848,166,16.9265,0,0,5442,17717181444
438.743,2.27924,44.9294,0,86,66,44,2760,10501,5.12848,166,16.9265,0,0,5442,17719461156
216.05,4.62856,44.9294,0,86,66,44,2760,10501,5.12848,166,16.9265,0,0,5442,17724090264
1087.16,0.91983,44.9294,0,86,66,44,2760,10501,5.12848,166,16.9265,0,0,5442,17725010266
489.184,2.04422,44.9294,0,86,66,44,2760,10501,5.12848,166,16.9265,0,0,5442,17727054989
404.56,2.47182,44.9294,0,86,66,44,2760,10501,5.12848,166,16.9265,0,0,5442,17729527110
303.153,3.29866,44.9294,0,86,66,44,2760,10501,5.12848,166,16.9265,0,0,5442,17732826135
517.594,1.93202,44.9294,0,86,66,44,2760,10501,5.12848,166,16.9265,0,0,5442,17734760431
310.323,3.22245,44.9294,0,86,66,44,2760,10501,5.12848,166,16.9265,0,0,5442,17737982184
384.812,2.59867,44.9294,0,86,66,44,2760,10501,5.12848,166,16.9265,0,0,5442,17740581281
427.368,2.33991,44.9294,0,86,66,44,2760,10501,5.12848,166,16.9265,0,0,5442,17742921542
274.837,3.63852,44.9294,0,86,66,44,2760,10501,5.12848,166,16.9265,0,0,5442,17746560329
229.106,4.3648,44.9294,0,86,66,44,2760,10501,5.12848,166,16.9265,0,0,5442,17750925841
873.259,1.14514,44.9294,0,86,66,44,2760,10501,5.12848,166,16.9265,0,0,5442,17752070985
290.72,3.43973,44.9294,0,86,66,44,2760,10501,5.12848,166,16.9265,0,0,5442,17755510967
475.261,2.10411,44.9294,0,86,66,44,2760,10501,5.12848,166,16.9265,0,0,5442,17757615451
409.561,2.44164,44.9294,0,86,66,44,2760,10501,5.12848,166,16.9265,0,0,5442,17760057428
316.905,3.15552,44.9294,0,86,66,44,2760,10501,5.12848,166,16.9265,0,0,5442,17763213274
373.857,2.67482,44.9294,0,86,66,44,2760,10501,5.12848,166,16.9265,0,0,5442,17765888403
385.897,2.59137,44.9294,0,86,66,44,2760,10501,5.12848,166,16.9265,0,0,5442,17768480048
354.494,2.82092,44.9294,0,86,66,44,2760,10501,5.12848,166,16.9265,0,0,5442,17771301258
413.252,2.41983,44.9294,0,86,66,44,2760,10501,5.12848,166,16.9265,0,0,5442,17773721494
178.79,5.59315,44.9294,0,86,66,44,2760,10501,5.12848,166,16.9265,0,0,5442,17779315086
354.74,2.81897,44.9294,0,86,66,44,2760,10501,5.12848,166,16.9265,0,0,5442,17782134431
376.848,2.65359,44.9294,0,86,66,44,2760,10501,5.12848,166,16.9265,0,0,5442,17784788261
680.801,1.46886,44.9294,0,86,66,44,2760,10501,5.12848,166,16.9265,0,0,5442,17786257474
464.065,2.15487,44.9294,0,86,66,44,2760,10501,5.12848,166,16.9265,0,0,5442,17788412643
450.818,2.21819,44.9294,0,86,66,44,2760,10501,5.12848,166,16.9265,0,0,5442,17790631160
344.378,2.90379,44.9294,0,86,66,44,2760,10501,5.12848,166,16.9265,0,0,5442,17793535248
265.298,3.76935,44.9294,0,86,66,44,2760,10501,5.12848,166,16.9265,0,0,5442,17797305019
593.306,1.68547,44.9294,0,86,66,44,2760,10501,5.12848,166,16.9265,0,0,5442,17798990768
204.839,4.88189,44.9294,0,86,66,44,2760,10501,5.12848,166,16.9265,0,0,5442,17803873173
1401.76,0.713389,44.9294,0,86,66,44,2760,10501,5.12848,166,16.9265,0,0,5442,17804586745
302.822,3.30226,44.9294,0,86,66,44,2760,10501,5.12848,166,16.9265,0,0,5442,17807889338
687.099,1.45539,44.9294,0,86,66,44,2760,10501,5.12848,166,16.9265,0,0,5442,17809345069
317.316,3.15143,44.9294,0,86,66,44,2760,10501,5.12848,166,16.9265,0,0,5442,17812496791
303.608,3.29372,44.9294,0,86,66,44,2760,10501,5.12848,166,16.9265,0,0,5442,17815790988
482.365,2.07312,44.9294,0,86,66,44,2760,10501,5.12848,166,16.9265,0,0,5442,17817864366
355.343,2.81418,44.9294,0,86,66,44,2760,10501,5.12848,166,16.9265,0,0,5442,17820678845
390.964,2.55778,44.9294,0,86,66,44,2760,10501,5.12848,166,16.9265,0,0,5442,17823240345
367.558,2.72066,44.9294,0,86,66,44,2760,10501,5.12848,166,16.9265,0,0,5442,17825957975
285.188,3.50645,44.9294,0,86,66,44,2760,10501,5.12848,166,16.9265,0,0,5442,17829464872
352.77,2.83471,44.9294,0,86,66,44,2760,10501,5.12848,166,16.9265,0,0,5442,17832299891
484.191,2.0653,44.9294,0,86,66,44,2760,10501,5.12848,166,16.9265,0,0,5442,17834365547
434.098,2.30363,44.9294,0,86,66,44,2760,10501,5.12848,166,16.9265,0,0,5442,17836669432
352.766,2.83474,44.9294,0,86,66,44,2760,10501,5.12848,166,16.9265,0,0,5442,17839504489
395.791,2.52659,44.9294,0,86,66,44,2760,10501,5.12848,166,16.9265,0,0,5442,17842031459
374.692,2.66886,44.9294,0,86,66,44,2760,10501,5.12848,166,16.9265,0,0,5442,17844700645
275.452,3.63039,44.9294,0,86,66,44,2760,10501,5.12848,166,16.9265,0,0,5442,17848331470
478.805,2.08853,44.9294,0,86,66,44,2760,10501,5.12848,166,16.9265,0,0,5442,17850420261
484.006,2.06609,44.9294,0,86,66,44,2760,10501,5.12848,166,16.9265,0,0,5442,17852486888
327.427,3.05411,44.9294,0,86,66,44,2760,10501,5.12848,166,16.9265,0,0,5442,17855541097
321.976,3.10583,44.9294,0,86,66,44,2760,10501,5.12848,166,16.9265,0,0,5442,17858647288
392.866,2.54539,44.9294,0,86,66,44,2760,10501,5.12848,166,16.9265,0,0,5442,17861192961
454.232,2.20152,44.9294,0,86,66,44,2760,10501,5.12848,166,16.9265,0,0,5442,17863395016
411.252,2.4316,44.9294,0,86,66,44,2760,10501,5.12848,166,16.9265,0,0,5442,17865826886
254.245,3.93321,44.9294,0,86,66,44,2760,10501,5.12848,166,16.9265,0,0,5442,17869760326
410.549,2.43576,44.9294,0,86,66,44,2760,10501,5.12848,166,16.9265,0,0,5442,17872196418
597.482,1.67369,44.9294,0,86,66,44,2760,10501,5.12848,166,16.9265,0,0,5442,17873870398
363.592,2.75033,44.9294,0,86,66,44,2760,10501,5.12848,166,16.9265,0,0,5442,17876621038
355.273,2.81474,44.9294,0,86,66,44,2760,10501,5.12848,166,16.9265,0,0,5442,17879436229
368.876,2.71094,44.9294,0,86,66,44,2760,10501,5.12848,166,16.9265,0,0,5442,17882147426
317.502,3.14959,44.9294,0,86,66,44,2760,10501,5.12848,166,16.9265,0,0,5442,17885297504
373.61,2.67659,44.9294,0,86,66,44,2760,10501,5.12848,166,16.9265,0,0,5442,17887974421
504.74,1.98122,44.9294,0,86,66,44,2760,10501,5.12848,166,16.9265,0,0,5442,17889955882
360.205,2.7762,44.9294,0,86,66,44,2760,10501,5.12848,166,16.9265,0,0,5442,17892732389
359.146,2.78438,44.9294,0,86,66,44,2760,10501,5.12848,166,16.9265,0,0,5442,17895517069
377.261,2.65069,44.9294,0,86,66,44,2760,10501,5.12848,166,16.9265,0,0,5442,17898168091
208.755,4.79031,44.9294,0,86,66,44,2760,10501,5.12848,166,16.9265,0,0,5442,17902958685
614.324,1.6278,44.9294,0,86,66,44,2760,10501,5.12848,166,16.9265,0,0,5442,17904586981
550.817,1.81548,44.9294,0,86,66,44,2760,10501,5.12848,166,16.9265,0,0,5442,17906402773
393.25,2.54291,44.9294,0,86,66,44,2760,10501,5.12848,166,16.9265,0,0,5442,17908945935
303.187,3.29829,44.9294,0,86,66,44,2760,10501,5.12848,166,16.9265,0,0,5442,17912244546
349.997,2.85716,44.9294,0,86,66,44,2760,10501,5.12848,166,16.9265,0,0,5442,17915102047
745.998,1.34049,44.9294,0,86,66,44,2760,10501,5.12848,166,16.9265,0,0,5442,17916442919
287.795,3.47469,44.9294,0,86,66,44,2760,10501,5.12848,166,16.9265,0,0,5442,17919917882
342.906,2.91625,44.9294,0,86,66,44,2760,10501,5.12848,166,16.9265,0,0,5442,17922834442
467.114,2.1408,44.9294,0,86,66,44,2760,10501,5.12848,166,16.9265,0,0,5442,17924975504
188.511,5.30472,44.9294,0,86,66,44,2760,10501,5.12848,166,16.9265,0,0,5442,17930280654
1122.62,0.89077,44.9294,0,86,66,44,2760,10501,5.12848,166,16.9265,0,0,5442,17931171694
585.879,1.70684,44.9294,0,86,66,44,2760,10501,5.12848,166,16.9265,0,0,5442,17932879088
350.423,2.85369,44.9294,0,86,66,44,2760,10501,5.12848,166,16.9265,0,0,5442,17935733078
327.207,3.05617,44.9294,0,86,66,44,2760,10501,5.12848,166,16.9265,0,0,5442,17938789489
459.304,2.17721,44.9294,0,86,66,44,2760,10501,5.12848,166,16.9265,0,0,5442,17940966812
383.727,2.60602,44.9294,0,86,66,44,2760,10501,5.12848,166,16.9265,0,0,5442,17943573314
185.42,5.39317,44.9294,0,86,66,44,2760,10501,5.12848,166,16.9265,0,0,5442,17948967072
2105.71,0.4749,44.9294,0,86,66,44,2760,10501,5.12848,166,16.9265,0,0,5442,17949442002
332.495,3.00756,44.9294,0,86,66,44,2760,10501,5.12848,166,16.9265,0,0,5442,17952449901
530.716,1.88425,44.9294,0,86,66,44,2760,10501,5.12848,166,16.9265,0,0,5442,17954334647
367.596,2.72038,44.9294,0,86,66,44,2760,10501,5.12848,166,16.9265,0,0,5442,17957055287
380.725,2.62657,44.9294,0,86,66,44,2760,10501,5.12848,166,16.9265,0,0,5442,17959682203
340.74,2.93479,44.9294,0,86,66,44,2760,10501,5.12848,166,16.9265,0,0,5442,17962617321
338.771,2.95185,44.9294,0,86,66,44,2760,10501,5.12848,166,16.9265,0,0,5442,17965569411
447.632,2.23398,44.9294,0,86,66,44,2760,10501,5.12848,166,16.9265,0,0,5442,17967803784
329.021,3.03932,44.9294,0,86,66,44,2760,10501,5.12848,166,16.9265,0,0,5442,17970843560
484.615,2.06349,44.9294,0,86,66,44,2760,10501,5.12848,166,16.9265,0,0,5442,17972907283
331.705,3.01473,44.9294,0,86,66,44,2760,10501,5.12848,166,16.9265,0,0,5442,17975922336
399.92,2.5005,44.9294,0,86,66,44,2760,10501,5.12848,166,16.9265,0,0,5442,17978423171
229.649,4.35447,44.9294,0,86,66,44,2760,10501,5.12848,166,16.9265,0,0,5442,17982778144
1468.23,0.68109,44.9294,0,86,66,44,2760,10501,5.12848,166,16.9265,0,0,5442,17983459456
244.472,4.09045,44.9294,0,86,66,44,2760,10501,5.12848,166,16.9265,0,0,5442,17987550199
536.781,1.86296,44.9294,0,86,66,44,2760,10501,5.12848,166,16.9265,0,0,5442,17989413628
223.073,4.48283,44.9294,0,86,66,44,2760,10501,5.12848,166,16.9265,0,0,5442,17993896961
1170.01,0.854693,44.9294,0,86,66,44,2760,10501,5.12848,166,16.9265,0,0,5442,17994751615
407.641,2.45314,44.9294,0,86,66,44,2760,10501,5.12848,166,16.9265,0,0,5442,17997205371
269.609,3.70908,44.9294,0,86,66,44,2760,10501,5.12848,166,16.9265,0,0,5442,18000914765
545.398,1.83352,44.9294,0,86,66,44,2760,10501,5.12848,166,16.9265,0,0,5442,18002748625
256.317,3.90142,44.9294,0,86,66,44,2760,10501,5.12848,166,16.9265,0,0,5442,18006650439
453.258,2.20625,44.9294,0,86,66,44,2760,10501,5.12848,166,16.9265,0,0,5442,18008856937
417.569,2.39481,44.9294,0,86,66,44,2760,10501,5.12848,166,16.9265,0,0,5442,18011252085
473.454,2.11214,44.9294,0,86,66,44,2760,10501,5.12848,166,16.9265,0,0,5442,18013364473
209.643,4.77001,44.9294,0,86,66,44,2760,10501,5.12848,166,16.9265,0,0,5442,18018134903
685.315,1.45918,44.9294,0,86,66,44,2760,10501,5.12848,166,16.9265,0,0,5442,18019594337
395.957,2.52553,44.9294,0,86,66,44,2760,10501,5.12848,166,16.9265,0,0,5442,18022120182
518.89,1.92719,44.9294,0,86,66,44,2760,10501,5.12848,166,16.9265,0,0,5442,18024047583
367.038,2.72451,44.9294,0,86,66,44,2760,10501,5.12848,166,16.9265,0,0,5442,18026772512
330.783,3.02313,44.9294,0,86,66,44,2760,10501,5.12848,166,16.9265,0,0,5442,18029796008
506.349,1.97492,44.9294,0,86,66,44,2760,10501,5.12848,166,16.9265,0,0,5442,18031771122
308.563,3.24083,44.9294,0,86,66,44,2760,10501,5.12848,166,16.9265,0,0,5442,18035012366
346.995,2.88189,44.9294,0,86,66,44,2760,10501,5.12848,166,16.9265,0,0,5442,18037894531
379.44,2.63546,44.9294,0,86,66,44,2760,10501,5.12848,166,16.9265,0,0,5442,18040530312
399.035,2.50605,44.9294,0,86,66,44,2760,10501,5.12848,166,16.9265,0,0,5442,18043036781
221.647,4.51168,44.9294,0,86,66,44,2760,10501,5.12848,166,16.9265,0,0,5442,18047548837
1113.73,0.897887,44.9294,0,86,66,44,2760,10501,5.12848,166,16.9265,0,0,5442,18048446675
388.028,2.57714,44.9294,0,86,66,44,2760,10501,5.12848,166,16.9265,0,0,5442,18051024367
290.043,3.44777,44.9294,0,86,66,44,2760,10501,5.12848,166,16.9265,0,0,5442,18054472503
548.32,1.82375,44.9294,0,86,66,44,2760,10501,5.12848,166,16.9265,0,0,5442,18056296507
328.033,3.04848,44.9294,0,86,66,44,2760,10501,5.12848,166,16.9265,0,0,5442,18059345311
454.03,2.2025,44.9294,0,86,66,44,2760,10501,5.12848,166,16.9265,0,0,5442,18061548241
195.22,5.12241,44.9294,0,86,66,44,2760,10501,5.12848,166,16.9265,0,0,5442,18066670923
451.77,2.21352,44.9294,0,86,66,44,2760,10501,5.12848,166,16.9265,0,0,5442,18068884796
794.436,1.25875,44.9294,0,86,66,44,2760,10501,5.12848,166,16.9265,0,0,5442,18070143858
176.548,5.66417,44.9294,0,86,66,44,2760,10501,5.12848,166,16.9265,0,0,5442,18075808347
543.579,1.83966,44.9294,0,86,66,44,2760,10501,5.12848,166,16.9265,0,0,5442,18077648457
500.575,1.9977,44.9294,0,86,66,44,2760,10501,5.12848,166,16.9265,0,0,5442,18079646428
438.95,2.27816,44.9294,0,86,66,44,2760,10501,5.12848,166,16.9265,0,0,5442,18081925072
283.189,3.5312,44.9294,0,86,66,44,2760,10501,5.12848,166,16.9265,0,0,5442,18085456422
673.954,1.48378,44.9294,0,86,66,44,2760,10501,5.12848,166,16.9265,0,0,5442,18086940626
269.726,3.70747,44.9294,0,86,66,44,2760,10501,5.12848,166,16.9265,0,0,5442,18090650414
541.119,1.84802,44.2581,0,85,66,44,2760,10501,5.12848,166,16.924,0,0,5445,18092496669
394.113,2.53734,44.2581,0,85,66,44,2760,10501,5.12848,166,16.924,0,0,5445,18095034350
371.408,2.69246,44.2581,0,85,66,44,2760,10501,5.12848,166,16.924,0,0,5445,18097727220
190.339,5.25378,44.2581,0,85,66,44,2760,10501,5.12848,166,16.924,0,0,5445,18102981387
418.95,2.38692,44.2581,0,85,66,44,2760,10501,5.12848,166,16.924,0,0,5445,18105368564
606.868,1.6478,44.2581,0,85,66,44,2760,10501,5.12848,166,16.924,0,0,5445,18107016696
537.705,1.85976,44.2581,0,85,66,44,2760,10501,5.12848,166,16.924,0,0,5445,18108876778
201.338,4.96677,44.2581,0,85,66,44,2760,10501,5.12848,166,16.924,0,0,5445,18113843811
1662,0.601684,44.2581,0,85,66,44,2760,10501,5.12848,166,16.924,0,0,5445,18114445822
455.518,2.19531,44.2581,0,85,66,44,2760,10501,5.12848,166,16.924,0,0,5445,18116641511
315.344,3.17114,44.2581,0,85,66,44,2760,10501,5.12848,166,16.924,0,0,5445,18119812907
446.88,2.23774,44.2581,0,85,66,44,2760,10501,5.12848,166,16.924,0,0,5445,18122050963
350.007,2.85709,44.2581,0,85,66,44,2760,10501,5.12848,166,16.924,0,0,5445,18124908415
365.567,2.73548,44.2581,0,85,66,44,2760,10501,5.12848,166,16.924,0,0,5445,18127644161
220.353,4.53818,44.2581,0,85,66,44,2760,10501,5.12848,166,16.924,0,0,5445,18132182958
1357.91,0.736428,44.2581,0,85,66,44,2760,10501,5.12848,166,16.924,0,0,5445,18132919791
451.109,2.21676,44.2581,0,85,66,44,2760,10501,5.12848,166,16.924,0,0,5445,18135136702
412.493,2.42428,44.2581,0,85,66,44,2760,10501,5.12848,166,16.924,0,0,5445,18137561437
351.163,2.84768,44.2581,0,85,66,44,2760,10501,5.12848,166,16.924,0,0,5445,18140409360
333.316,3.00016,44.2581,0,85,66,44,2760,10501,5.12848,166,16.924,0,0,5445,18143409846
387.75,2.57898,44.2581,0,85,66,44,2760,10501,5.12848,166,16.924,0,0,5445,18145989202
429.486,2.32837,44.2581,0,85,66,44,2760,10501,5.12848,166,16.924,0,0,5445,18148317809
315.707,3.16749,44.2581,0,85,66,44,2760,10501,5.12848,166,16.924,0,0,5445,18151485608
232.922,4.29329,44.2581,0,85,66,44,2760,10501,5.12848,166,16.924,0,0,5445,18155779244
541.617,1.84632,44.2581,0,85,66,44,2760,10501,5.12848,166,16.924,0,0,5445,18157625979
240.737,4.15391,44.2581,0,85,66,44,2760,10501,5.12848,166,16.924,0,0,5445,18161780100
736.879,1.35707,44.2581,0,85,66,44,2760,10501,5.12848,166,16.924,0,0,5445,18163137540
451.923,2.21277,44.2581,0,85,66,44,2760,10501,5.12848,166,16.924,0,0,5445,18165350624
477.938,2.09232,44.2581,0,85,66,44,2760,10501,5.12848,166,16.924,0,0,5445,18167443387
336.035,2.97588,44.2581,0,85,66,44,2760,10501,5.12848,166,16.924,0,0,5445,18170419487
359.889,2.77863,44.2581,0,85,66,44,2760,10501,5.12848,166,16.924,0,0,5445,18173198398
407.877,2.45172,44.2581,0,85,66,44,2760,10501,5.12848,166,16.924,0,0,5445,18175650529
338.614,2.95321,44.2581,0,85,66,44,2760,10501,5.12848,166,16.924,0,0,5445,18178604176
219.786,4.54988,44.2581,0,85,66,44,2760,10501,5.12848,166,16.924,0,0,5445,18183154387
1082.64,0.923666,44.2581,0,85,66,44,2760,10501,5.12848,166,16.924,0,0,5445,18184078361
251.207,3.98079,44.2581,0,85,66,44,2760,10501,5.12848,166,16.924,0,0,5445,18188059658
604.807,1.65342,44.2581,0,85,66,44,2760,10501,5.12848,166,16.924,0,0,5445,18189713320
503.815,1.98486,44.2581,0,85,66,44,2760,10501,5.12848,166,16.924,0,0,5445,18191698406
311.551,3.20975,44.2581,0,85,66,44,2760,10501,5.12848,166,16.924,0,0,5445,18194908697
428.795,2.33212,44.2581,0,85,66,44,2760,10501,5.12848,166,16.924,0,0,5445,18197244997
281.396,3.55371,44.2581,0,85,66,44,2760,10501,5.12848,166,16.924,0,0,5445,18200795107
429.296,2.3294,44.2581,0,85,66,44,2760,10501,5.12848,166,16.924,0,0,5445,18203124868
439.94,2.27304,44.2581,0,85,66,44,2760,10501,5.12848,166,16.924,0,0,5445,18205398271
263.742,3.79158,44.2581,0,85,66,44,2760,10501,5.12848,166,16.924,0,0,5445,18209190293
493.78,2.02519,44.2581,0,85,66,44,2760,10501,5.12848,166,16.924,0,0,5445,18211215823
446.268,2.24081,44.2581,0,85,66,44,2760,10501,5.12848,166,16.924,0,0,5445,18213456879
354.663,2.81958,44.2581,0,85,66,44,2760,10501,5.12848,166,16.924,0,0,5445,18216276734
406.238,2.46161,44.2581,0,85,66,44,2760,10501,5.12848,166,16.924,0,0,5445,18218738740
448.808,2.22812,44.2581,0,85,66,44,2760,10501,5.12848,166,16.924,0,0,5445,18220967209
364.253,2.74534,44.2581,0,85,66,44,2760,10501,5.12848,166,16.924,0,0,5445,18223712889
393.527,2.54112,44.2581,0,85,66,44,2760,10501,5.12848,166,16.924,0,0,5445,18226254388
338.702,2.95245,44.2581,0,85,66,44,2760,10501,5.12848,166,16.924,0,0,5445,18229207160
403.97,2.47543,44.2581,0,85,66,44,2760,10501,5.12848,166,16.924,0,0,5445,18231682917
218.43,4.57812,44.2581,0,85,66,44,2760,10501,5.12848,166,16.924,0,0,5445,18236261648
1132.93,0.882665,44.2581,0,85,66,44,2760,10501,5.12848,166,16.924,0,0,5445,18237144533
385.83,2.59182,44.2581,0,85,66,44,2760,10501,5.12848,166,16.924,0,0,5445,18239736486
365.782,2.73387,44.2581,0,85,66,44,2760,10501,5.12848,166,16.924,0,0,5445,18242470646
318.027,3.14439,44.2581,0,85,66,44,2760,10501,5.12848,166,16.924,0,0,5445,18245615492
272.937,3.66385,44.2581,0,85,66,44,2760,10501,5.12848,166,16.924,0,0,5445,18249279654
1261.15,0.79293,44.2581,0,85,66,44,2760,10501,5.12848,166,16.924,0,0,5445,18250072902
358.197,2.79176,44.2581,0,85,66,44,2760,10501,5.12848,166,16.924,0,0,5445,18252864929
409.383,2.4427,44.2581,0,85,66,44,2760,10501,5.12848,166,16.924,0,0,5445,18255307963
313.267,3.19216,44.2581,0,85,66,44,2760,10501,5.12848,166,16.924,0,0,5445,18258500417
333.518,2.99834,44.2581,0,85,66,44,2760,10501,5.12848,166,16.924,0,0,5445,18261499027
237.827,4.20474,44.2581,0,85,66,44,2760,10501,5.12848,166,16.924,0,0,5445,18265704054
599.687,1.66754,44.2581,0,85,66,44,2760,10501,5.12848,166,16.924,0,0,5445,18267371898
517.656,1.93179,44.2581,0,85,66,44,2760,10501,5.12848,166,16.924,0,0,5445,18269303963
311.348,3.21184,44.2581,0,85,66,44,2760,10501,5.12848,166,16.924,0,0,5445,18272516206
312.536,3.19963,44.2581,0,85,66,44,2760,10501,5.12848,166,16.924,0,0,5445,18275716266
467.175,2.14052,44.2581,0,85,66,44,2760,10501,5.12848,166,16.924,0,0,5445,18277857136
497.279,2.01094,44.2581,0,85,66,44,2760,10501,5.12848,166,16.924,0,0,5445,18279868291
303.678,3.29296,44.2581,0,85,66,44,2760,10501,5.12848,166,16.924,0,0,5445,18283161536
350.552,2.85264,44.2581,0,85,66,44,2760,10501,5.12848,166,16.924,0,0,5445,18286014517
250.575,3.99082,44.2581,0,85,66,44,2760,10501,5.12848,166,16.924,0,0,5445,18290005680
331.891,3.01303,44.2581,0,85,66,44,2760,10501,5.12848,166,16.924,0,0,5445,18293018984
1358.56,0.736073,44.2581,0,85,66,44,2760,10501,5.12848,166,16.924,0,0,5445,18293755412
512.152,1.95255,44.2581,0,85,66,44,2760,10501,5.12848,166,16.924,0,0,5445,18295708382
339.132,2.9487,44.2581,0,85,66,44,2760,10501,5.12848,166,16.924,0,0,5445,18298657356
310.05,3.22528,44.2581,0,85,66,44,2760,10501,5.12848,166,16.924,0,0,5445,18301882955
457.347,2.18653,44.2581,0,85,66,44,2760,10501,5.12848,166,16.924,0,0,5445,18304069798
378.407,2.64266,44.2581,0,85,66,44,2760,10501,5.12848,166,16.924,0,0,5445,18306712686
379.686,2.63375,44.2581,0,85,66,44,2760,10501,5.12848,166,16.924,0,0,5445,18309347015
306.517,3.26246,44.2581,0,85,66,44,2760,10501,5.12848,166,16.924,0,0,5445,18312609567
481.222,2.07804,44.2581,0,85,66,44,2760,10501,5.12848,166,16.924,0,0,5445,18314687935
300.184,3.33128,44.2581,0,85,66,44,2760,10501,5.12848,166,16.924,0,0,5445,18318019557
554.787,1.80249,44.2581,0,85,66,44,2760,10501,5.12848,166,16.924,0,0,5445,18319822348
343.508,2.91114,44.2581,0,85,66,44,2760,10501,5.12848,166,16.924,0,0,5445,18322733918
356.528,2.80483,44.2581,0,85,66,44,2760,10501,5.12848,166,16.924,0,0,5445,18325539128
367.285,2.72268,44.2581,0,85,66,44,2760,10501,5.12848,166,16.924,0,0,5445,18328262037
415.831,2.40482,44.2581,0,85,66,44,2760,10501,5.12848,166,16.924,0,0,5445,18330667137
349.687,2.8597,44.2581,0,85,66,44,2760,10501,5.12848,166,16.924,0,0,5445,18333527185
377.095,2.65185,44.2581,0,85,66,44,2760,10501,5.12848,166,16.924,0,0,5445,18336179361
308.076,3.24596,44.2581,0,85,66,44,2760,10501,5.12848,166,16.924,0,0,5445,18339425624
343.307,2.91285,44.2581,0,85,66,44,2760,10501,5.12848,166,16.924,0,0,5445,18342338905
460.257,2.1727,44.2581,0,85,66,44,2760,10501,5.12848,166,16.924,0,0,5445,18344511854
316.559,3.15897,44.2581,0,85,66,44,2760,10501,5.12848,166,16.924,0,0,5445,18347671191
573.321,1.74422,44.2581,0,85,66,44,2760,10501,5.12848,166,16.924,0,0,5445,18349415701
364.535,2.74322,44.2581,0,85,66,44,2760,10501,5.12848,166,16.924,0,0,5445,18352159361
376.21,2.65809,44.2581,0,85,66,44,2760,10501,5.12848,166,16.924,0,0,5445,18354817787
265.552,3.76574,44.2581,0,85,66,44,2760,10501,5.12848,166,16.924,0,0,5445,18358584232
390.747,2.5592,44.2581,0,85,66,44,2760,10501,5.12848,166,16.924,0,0,5445,18361143491
303.804,3.29159,44.2581,0,85,66,44,2760,10501,5.12848,166,16.924,0,0,5445,18364435554
730.158,1.36957,44.2581,0,85,66,44,2760,10501,5.12848,166,16.924,0,0,5445,18365805436
206.003,4.8543,44.2581,0,85,66,44,2760,10501,5.12848,166,16.924,0,0,5445,18370659946
616.521,1.62201,44.2581,0,85,66,44,2760,10501,5.12848,166,16.924,0,0,5445,18372282260
304.874,3.28004,44.2581,0,85,66,44,2760,10501,5.12848,166,16.924,0,0,5445,18375562804
648.378,1.54231,44.2581,0,85,66,44,2760,10501,5.12848,166,16.924,0,0,5445,18377105567
344.218,2.90514,44.2581,0,85,66,44,2760,10501,5.12848,166,16.924,0,0,5445,18380011002
331.388,3.01761,44.2581,0,85,66,44,2760,10501,5.12848,166,16.924,0,0,5445,18383028978
399.041,2.50601,44.2581,0,85,66,44,2760,10501,5.12848,166,16.924,0,0,5445,18385535197
411.59,2.4296,44.2581,0,85,66,44,2760,10501,5.12848,166,16.924,0,0,5445,18387965126
392.253,2.54937,44.2581,0,85,66,44,2760,10501,5.12848,166,16.924,0,0,5445,18390514740
348.093,2.8728,44.2581,0,85,66,44,2760,10501,5.12848,166,16.924,0,0,5445,18393387904
206.319,4.84686,44.2581,0,85,66,44,2760,10501,5.12848,166,16.924,0,0,5445,18398235106
608.555,1.64324,44.2581,0,85,66,44,2760,10501,5.12848,166,16.924,0,0,5445,18399878806
534.044,1.8725,44.2581,0,85,66,44,2760,10501,5.12848,166,16.924,0,0,5445,18401751330
291.074,3.43555,44.2581,0,85,66,44,2760,10501,5.12848,166,16.924,0,0,5445,18405187446
461.296,2.1678,44.2581,0,85,66,44,2760,10501,5.12848,166,16.924,0,0,5445,18407355452
365.1,2.73898,44.2581,0,85,66,44,2760,10501,5.12848,166,16.924,0,0,5445,18410094794
353.565,2.82834,44.2581,0,85,66,44,2760,10501,5.12848,166,16.924,0,0,5445,18412923505
382.256,2.61605,44.2581,0,85,66,44,2760,10501,5.12848,166,16.924,0,0,5445,18415539987
389.818,2.5653,44.2581,0,85,66,44,2760,10501,5.12848,166,16.924,0,0,5445,18418105545
358.104,2.79249,44.2581,0,85,66,44,2760,10501,5.12848,166,16.924,0,0,5445,18420898447
217.287,4.60221,44.2581,0,85,66,44,2760,10501,5.12848,166,16.924,0,0,5445,18425500910
733.165,1.36395,44.2581,0,85,66,44,2760,10501,5.12848,166,16.924,0,0,5445,18426865186
429.445,2.32859,44.2581,0,85,66,44,2760,10501,5.12848,166,16.924,0,0,5445,18429194101
430.84,2.32105,44.2581,0,85,66,44,2760,10501,5.12848,166,16.924,0,0,5445,18431515478
407.695,2.45281,44.2581,0,85,66,44,2760,10501,5.12848,166,16.924,0,0,5445,18433968772
319.556,3.12935,44.2581,0,85,66,44,2760,10501,5.12848,166,16.924,0,0,5445,18437098445
360.333,2.77521,44.2581,0,85,66,44,2760,10501,5.12848,166,16.924,0,0,5445,18439873817
394.367,2.53571,44.2581,0,85,66,44,2760,10501,5.12848,166,16.924,0,0,5445,18442409893
364.489,2.74356,44.2581,0,85,66,44,2760,10501,5.12848,166,16.924,0,0,5445,18445153774
342.826,2.91693,44.2581,0,85,66,44,2760,10501,5.12848,166,16.924,0,0,5445,18448071016
294.34,3.39743,44.2581,0,85,66,44,2760,10501,5.12848,166,16.924,0,0,5445,18451468737
465.88,2.14648,44.2581,0,85,66,44,2760,10501,5.12848,166,16.924,0,0,5445,18453615540
423.326,2.36224,44.2581,0,85,66,44,2760,10501,5.12848,166,16.924,0,0,5445,18455978129
342.587,2.91896,44.2581,0,85,66,44,2760,10501,5.12848,166,16.924,0,0,5445,18458897381
349.459,2.86157,44.2581,0,85,66,44,2760,10501,5.12848,166,16.924,0,0,5445,18461759266
453.773,2.20375,44.2581,0,85,66,44,2760,10501,5.12848,166,16.924,0,0,5445,18463963331
366.511,2.72843,44.2581,0,85,66,44,2760,10501,5.12848,166,16.924,0,0,5445,18466692048
430.786,2.32134,44.2581,0,85,66,44,2760,10501,5.12848,166,16.924,0,0,5445,18469013876
349.588,2.86051,44.2581,0,85,66,44,2760,10501,5.12848,166,16.924,0,0,5445,18471874607
342.219,2.92211,44.2581,0,85,66,44,2760,10501,5.12848,166,16.924,0,0,5445,18474797052
414.086,2.41496,44.2581,0,85,66,44,2760,10501,5.12848,166,16.924,0,0,5445,18477212306
386.312,2.58858,44.2581,0,85,66,44,2760,10501,5.12848,166,16.924,0,0,5445,18479801230
347.705,2.876,44.2581,0,85,66,44,2760,10501,5.12848,166,16.924,0,0,5445,18482677500
429.305,2.32935,44.2581,0,85,66,44,2760,10501,5.12848,166,16.924,0,0,5445,18485007415
372.783,2.68252,44.2581,0,85,66,44,2760,10501,5.12848,166,16.924,0,0,5445,18487690246
342.203,2.92224,44.2581,0,85,66,44,2760,10501,5.12848,166,16.924,0,0,5445,18490612729
361.48,2.7664,44.2581,0,85,66,44,2760,10501,5.12848,166,16.924,0,0,5445,18493379437
393.659,2.54027,44.2581,0,85,66,44,2760,10501,5.12848,166,16.924,0,0,5445,18495920042
389.921,2.56463,44.2581,0,85,66,44,2760,10501,5.12848,166,16.924,0,0,5445,18498484975
336.342,2.97317,44.2581,0,85,66,44,2760,10501,5.12848,166,16.924,0,0,5445,18501458440
180.104,5.55234,44.2581,0,85,66,44,2760,10501,5.12848,166,16.924,0,0,5445,18507011214
457.383,2.18635,44.2581,0,85,66,44,2760,10501,5.12848,166,16.924,0,0,5445,18509197855
694.454,1.43998,44.2581,0,85,66,44,2760,10501,5.12848,166,16.924,0,0,5445,18510638144
288.24,3.46933,44.2581,0,85,66,44,2760,10501,5.12848,166,16.924,0,0,5445,18514107867
311.537,3.20989,44.2581,0,85,66,44,2760,10501,5.12848,166,16.924,0,0,5445,18517318110
1167.53,0.856509,44.2581,0,85,66,44,2760,10501,5.12848,166,16.924,0,0,5445,18518174677
412.804,2.42246,44.2581,0,85,66,44,2760,10501,5.12848,166,16.924,0,0,5445,18520597537
345.841,2.8915,44.2581,0,85,66,44,2760,10501,5.12848,166,16.924,0,0,5445,18523489539
301.913,3.31221,44.2581,0,85,66,44,2760,10501,5.12848,166,16.924,0,0,5445,18526802025
438.489,2.28056,44.2581,0,85,66,44,2760,10501,5.12848,166,16.924,0,0,5445,18529083006
598.162,1.67179,44.2581,0,85,66,44,2760,10501,5.12848,166,16.924,0,0,5445,18530755062
325.663,3.07066,44.2581,0,85,66,44,2760,10501,5.12848,166,16.924,0,0,5445,18533826041
439.278,2.27646,44.2581,0,85,66,44,2760,10501,5.12848,166,16.924,0,0,5445,18536102819
371.53,2.69157,44.2581,0,85,66,44,2760,10501,5.12848,166,16.924,0,0,5445,18538794901
356.449,2.80545,44.2581,0,85,66,44,2760,10501,5.12848,166,16.924,0,0,5445,18541600630
335.636,2.97942,44.2581,0,85,66,44,2760,10501,5.12848,166,16.924,0,0,5445,18544580297
326.472,3.06305,44.2581,0,85,66,44,2760,10501,5.12848,166,16.924,0,0,5445,18547643660
518.644,1.9281,44.2581,0,85,66,44,2760,10501,5.12848,166,16.924,0,0,5445,18549572023
352.092,2.84016,44.2581,0,85,66,44,2760,10501,5.12848,166,16.924,0,0,5445,18552412696
374.278,2.67181,44.2581,0,85,66,44,2760,10501,5.12848,166,16.924,0,0,5445,18555084690
265.838,3.76169,44.2581,0,85,66,44,2760,10501,5.12848,166,16.924,0,0,5445,18558846711
402.238,2.48609,44.2581,0,85,66,44,2760,10501,5.12848,166,16.924,0,0,5445,18561333227
476.115,2.10033,44.2581,0,85,66,44,2760,10501,5.12848,166,16.924,0,0,5445,18563433808
255.125,3.91964,44.2581,0,85,66,44,2760,10501,5.12848,166,16.924,0,0,5445,18567353776
631.257,1.58414,44.2581,0,85,66,44,2760,10501,5.12848,166,16.924,0,0,5445,18568938330
429.816,2.32658,44.2581,0,85,66,44,2760,10501,5.12848,166,16.924,0,0,5445,18571265158
354.133,2.8238,44.2581,0,85,66,44,2760,10501,5.12848,166,16.924,0,0,5445,18574089253
446.939,2.23744,44.2581,0,85,66,44,2760,10501,5.12848,166,16.924,0,0,5445,18576327031
193.834,5.15905,44.2581,0,85,66,44,2760,10501,5.12848,166,16.924,0,0,5445,18581486426
1185.73,0.843365,44.2581,0,85,66,44,2760,10501,5.12848,166,16.924,0,0,5445,18582330127
401.371,2.49146,44.2581,0,85,66,44,2760,10501,5.12848,166,16.924,0,0,5445,18584821807
278.155,3.59512,44.2581,0,85,66,44,2760,10501,5.12848,166,16.924,0,0,5445,18588417352
328.689,3.04239,44.2581,0,85,66,44,2760,10501,5.12848,166,16.924,0,0,5445,18591463973
565.884,1.76715,44.7607,0,85,66,44,2760,10501,5.12848,166,16.9244,0,0,5440,18593227514
278.301,3.59323,44.7607,0,85,66,44,2760,10501,5.12848,166,16.9244,0,0,5440,18596821135
309.114,3.23505,44.7607,0,85,66,44,2760,10501,5.12848,166,16.9244,0,0,5440,18600056657
641.72,1.55831,44.7607,0,85,66,44,2760,10501,5.12848,166,16.9244,0,0,5440,18601615267
401.565,2.49026,44.7607,0,85,66,44,2760,10501,5.12848,166,16.9244,0,0,5440,18604106024
275.957,3.62375,44.7607,0,85,66,44,2760,10501,5.12848,166,16.9244,0,0,5440,18607730079
514.506,1.94361,44.7607,0,85,66,44,2760,10501,5.12848,166,16.9244,0,0,5440,18609674087
147.153,6.79564,44.7607,0,85,66,44,2760,10501,5.12848,166,16.9244,0,0,5440,18616469941
1443.53,0.692744,44.7607,0,85,66,44,2760,10501,5.12848,166,16.9244,0,0,5440,18617163003
555.258,1.80096,44.7607,0,85,66,44,2760,10501,5.12848,166,16.9244,0,0,5440,18618964189
362.523,2.75845,44.7607,0,85,66,44,2760,10501,5.12848,166,16.9244,0,0,5440,18621722993
273.853,3.65159,44.7607,0,85,66,44,2760,10501,5.12848,166,16.9244,0,0,5440,18625374914
551.957,1.81173,44.7607,0,85,66,44,2760,10501,5.12848,166,16.9244,0,0,5440,18627186918
336.373,2.97289,44.7607,0,85,66,44,2760,10501,5.12848,166,16.9244,0,0,5440,18630160018
402.416,2.48499,44.7607,0,85,66,44,2760,10501,5.12848,166,16.9244,0,0,5440,18632645361
373.157,2.67984,44.7607,0,85,66,44,2760,10501,5.12848,166,16.9244,0,0,5440,18635325519
415.668,2.40576,44.7607,0,85,66,44,2760,10501,5.12848,166,16.9244,0,0,5440,18637731552
334.499,2.98954,44.7607,0,85,66,44,2760,10501,5.12848,166,16.9244,0,0,5440,18640721383
540.891,1.8488,44.7607,0,85,66,44,2760,10501,5.12848,166,16.9244,0,0,5440,18642570609
298.51,3.34997,44.7607,0,85,66,44,2760,10501,5.12848,166,16.9244,0,0,5440,18645922164
382.261,2.61601,44.7607,0,85,66,44,2760,10501,5.12848,166,16.9244,0,0,5440,18648537233
386.99,2.58405,44.7607,0,85,66,44,2760,10501,5.12848,166,16.9244,0,0,5440,18651121561
398.237,2.51107,44.7607,0,85,66,44,2760,10501,5.12848,166,16.9244,0,0,5440,18653632972
369.48,2.70651,44.7607,0,85,66,44,2760,10501,5.12848,166,16.9244,0,0,5440,18656339746
290.341,3.44423,44.7607,0,85,66,44,2760,10501,5.12848,166,16.9244,0,0,5440,18659784333
588.755,1.6985,44.7607,0,85,66,44,2760,10501,5.12848,166,16.9244,0,0,5440,18661483160
360.207,2.77618,44.7607,0,85,66,44,2760,10501,5.12848,166,16.9244,0,0,5440,18664259648
230.021,4.34743,44.7607,0,85,66,44,2760,10501,5.12848,166,16.9244,0,0,5440,18668607448
670.232,1.49202,44.7607,0,85,66,44,2760,10501,5.12848,166,16.9244,0,0,5440,18670099479
457.327,2.18662,44.7607,0,85,66,44,2760,10501,5.12848,166,16.9244,0,0,5440,18672286562
235.353,4.24894,44.7607,0,85,66,44,2760,10501,5.12848,166,16.9244,0,0,5440,18676535821
813.916,1.22863,44.7607,0,85,66,44,2760,10501,5.12848,166,16.9244,0,0,5440,18677764766
370.642,2.69802,44.7607,0,85,66,44,2760,10501,5.12848,166,16.9244,0,0,5440,18680463136
446.391,2.24019,44.7607,0,85,66,44,2760,10501,5.12848,166,16.9244,0,0,5440,18682703702
338.192,2.9569,44.7607,0,85,66,44,2760,10501,5.12848,166,16.9244,0,0,5440,18685660984
364.228,2.74553,44.7607,0,85,66,44,2760,10501,5.12848,166,16.9244,0,0,5440,18688406769
350.437,2.85358,44.7607,0,85,66,44,2760,10501,5.12848,166,16.9244,0,0,5440,18691260711
253.381,3.94663,44.7607,0,85,66,44,2760,10501,5.12848,166,16.9244,0,0,5440,18695207796
318.134,3.14333,44.7607,0,85,66,44,2760,10501,5.12848,166,16.9244,0,0,5440,18698351691
1082.63,0.923675,44.7607,0,85,66,44,2760,10501,5.12848,166,16.9244,0,0,5440,18699275501
368.89,2.71083,44.7607,0,85,66,44,2760,10501,5.12848,166,16.9244,0,0,5440,18701986650
384.192,2.60287,44.7607,0,85,66,44,2760,10501,5.12848,166,16.9244,0,0,5440,18704589843
319.554,3.12936,44.7607,0,85,66,44,2760,10501,5.12848,166,16.9244,0,0,5440,18707719516
557.532,1.79362,44.7607,0,85,66,44,2760,10501,5.12848,166,16.9244,0,0,5440,18709513596
343.45,2.91164,44.7607,0,85,66,44,2760,10501,5.12848,166,16.9244,0,0,5440,18712425646
376.371,2.65696,44.7607,0,85,66,44,2760,10501,5.12848,166,16.9244,0,0,5440,18715082976
402.241,2.48607,44.7607,0,85,66,44,2760,10501,5.12848,166,16.9244,0,0,5440,18717569348
248.216,4.02874,44.7607,0,85,66,44,2760,10501,5.12848,166,16.9244,0,0,5440,18721598378
614.473,1.62741,44.7607,0,85,66,44,2760,10501,5.12848,166,16.9244,0,0,5440,18723225942
324.988,3.07704,44.7607,0,85,66,44,2760,10501,5.12848,166,16.9244,0,0,5440,18726303556
474.032,2.10956,44.7607,0,85,66,44,2760,10501,5.12848,166,16.9244,0,0,5440,18728413348
455.45,2.19563,44.7607,0,85,66,44,2760,10501,5.12848,166,16.9244,0,0,5440,18730609336
319.847,3.12649,44.7607,0,85,66,44,2760,10501,5.12848,166,16.9244,0,0,5440,18733736191
279.019,3.58399,44.7607,0,85,66,44,2760,10501,5.12848,166,16.9244,0,0,5440,18737320658
453.508,2.20503,44.7607,0,85,66,44,2760,10501,5.12848,166,16.9244,0,0,5440,18739525848
444.333,2.25057,44.7607,0,85,66,44,2760,10501,5.12848,166,16.9244,0,0,5440,18741776731
311.226,3.2131,44.7607,0,85,66,44,2760,10501,5.12848,166,16.9244,0,0,5440,18744990147
195.68,5.11039,44.7607,0,85,66,44,2760,10501,5.12848,166,16.9244,0,0,5440,18750100906
452.414,2.21036,44.7607,0,85,66,44,2760,10501,5.12848,166,16.9244,0,0,5440,18752311730
710.116,1.40822,44.7607,0,85,66,44,2760,10501,5.12848,166,16.9244,0,0,5440,18753720134
508.299,1.96734,44.7607,0,85,66,44,2760,10501,5.12848,166,16.9244,0,0,5440,18755687834
308.177,3.24489,44.7607,0,85,66,44,2760,10501,5.12848,166,16.9244,0,0,5440,18758933050
392.646,2.54683,44.7607,0,85,66,44,2760,10501,5.12848,166,16.9244,0,0,5440,18761480135
219.734,4.55095,44.7607,0,85,66,44,2760,10501,5.12848,166,16.9244,0,0,5440,18766031520
398.565,2.509,44.7607,0,85,66,44,2760,10501,5.12848,166,16.9244,0,0,5440,18768540816
1470.02,0.680263,44.7607,0,85,66,44,2760,10501,5.12848,166,16.9244,0,0,5440,18769221223
368.518,2.71357,44.7607,0,85,66,44,2760,10501,5.12848,166,16.9244,0,0,5440,18771935132
277.986,3.5973,44.7607,0,85,66,44,2760,10501,5.12848,166,16.9244,0,0,5440,18775532782
339.81,2.94282,44.7607,0,85,66,44,2760,10501,5.12848,166,16.9244,0,0,5440,18778475900
630.37,1.58637,44.7607,0,85,66,44,2760,10501,5.12848,166,16.9244,0,0,5440,18780062867
378.091,2.64487,44.7607,0,85,66,44,2760,10501,5.12848,166,16.9244,0,0,5440,18782707976
378.093,2.64485,44.7607,0,85,66,44,2760,10501,5.12848,166,16.9244,0,0,5440,18785353257
342.853,2.9167,44.7607,0,85,66,44,2760,10501,5.12848,166,16.9244,0,0,5440,18788270231
358.481,2.78955,44.7607,0,85,66,44,2760,10501,5.12848,166,16.9244,0,0,5440,18791060190
409.819,2.4401,44.7607,0,85,66,44,2760,10501,5.12848,166,16.9244,0,0,5440,18793500484
405.38,2.46682,44.7607,0,85,66,44,2760,10501,5.12848,166,16.9244,0,0,5440,18795967855
262.372,3.81139,44.7607,0,85,66,44,2760,10501,5.12848,166,16.9244,0,0,5440,18799779397
352.014,2.8408,44.7607,0,85,66,44,2760,10501,5.12848,166,16.9244,0,0,5440,18802620753
561.012,1.78249,44.7607,0,85,66,44,2760,10501,5.12848,166,16.9244,0,0,5440,18804403467
420.793,2.37647,44.7607,0,85,66,44,2760,10501,5.12848,166,16.9244,0,0,5440,18806780239
321.029,3.11498,44.7607,0,85,66,44,2760,10501,5.12848,166,16.9244,0,0,5440,18809895536
362.496,2.75865,44.7607,0,85,66,44,2760,10501,5.12848,166,16.9244,0,0,5440,18812654533
435.81,2.29458,44.7607,0,85,66,44,2760,10501,5.12848,166,16.9244,0,0,5440,18814949447
371.613,2.69097,44.7607,0,85,66,44,2760,10501,5.12848,166,16.9244,0,0,5440,18817640740
336.104,2.97527,44.7607,0,85,66,44,2760,10501,5.12848,166,16.9244,0,0,5440,18820616503
380.623,2.62727,44.7607,0,85,66,44,2760,10501,5.12848,166,16.9244,0,0,5440,18823243928
185.437,5.39267,44.7607,0,85,66,44,2760,10501,5.12848,166,16.9244,0,0,5440,18828636956
851.07,1.17499,44.7607,0,85,66,44,2760,10501,5.12848,166,16.9244,0,0,5440,18829812332
523.922,1.90868,44.7607,0,85,66,44,2760,10501,5.12848,166,16.9244,0,0,5440,18831721358
392.715,2.54637,44.7607,0,85,66,44,2760,10501,5.12848,166,16.9244,0,0,5440,18834268127
309.915,3.2267,44.7607,0,85,66,44,2760,10501,5.12848,166,16.9244,0,0,5440,18837495053
475.983,2.10092,44.7607,0,85,66,44,2760,10501,5.12848,166,16.9244,0,0,5440,18839596277
342.416,2.92042,44.7607,0,85,66,44,2760,10501,5.12848,166,16.9244,0,0,5440,18842516953
385.605,2.59333,44.7607,0,85,66,44,2760,10501,5.12848,166,16.9244,0,0,5440,18845110550
348.475,2.86965,44.7607,0,85,66,44,2760,10501,5.12848,166,16.9244,0,0,5440,18847980493
409.008,2.44494,44.7607,0,85,66,44,2760,10501,5.12848,166,16.9244,0,0,5440,18850425748
327.319,3.05512,44.7607,0,85,66,44,2760,10501,5.12848,166,16.9244,0,0,5440,18853481178
285.669,3.50055,44.7607,0,85,66,44,2760,10501,5.12848,166,16.9244,0,0,5440,18856982200
556.709,1.79627,44.7607,0,85,66,44,2760,10501,5.12848,166,16.9244,0,0,5440,18858778693
329.002,3.0395,44.7607,0,85,66,44,2760,10501,5.12848,166,16.9244,0,0,5440,18861818594
426.511,2.34461,44.7607,0,85,66,44,2760,10501,5.12848,166,16.9244,0,0,5440,18864163548
434.323,2.30243,44.7607,0,85,66,44,2760,10501,5.12848,166,16.9244,0,0,5440,18866466318
193.151,5.1773,44.7607,0,85,66,44,2760,10501,5.12848,166,16.9244,0,0,5440,18871644155
2159.71,0.463025,44.7607,0,85,66,44,2760,10501,5.12848,166,16.9244,0,0,5440,18872107085
391.85,2.552,44.7607,0,85,66,44,2760,10501,5.12848,166,16.9244,0,0,5440,18874659651
371.749,2.68998,44.7607,0,85,66,44,2760,10501,5.12848,166,16.9244,0,0,5440,18877349915
366.96,2.72509,44.7607,0,85,66,44,2760,10501,5.12848,166,16.9244,0,0,5440,18880075324
254.304,3.93231,44.7607,0,85,66,44,2760,10501,5.12848,166,16.9244,0,0,5440,18884008111
635.66,1.57317,44.7607,0,85,66,44,2760,10501,5.12848,166,16.9244,0,0,5440,18885581500
395.815,2.52643,44.7607,0,85,66,44,2760,10501,5.12848,166,16.9244,0,0,5440,18888108220
386.666,2.58621,44.7607,0,85,66,44,2760,10501,5.12848,166,16.9244,0,0,5440,18890694759
366.706,2.72698,44.7607,0,85,66,44,2760,10501,5.12848,166,16.9244,0,0,5440,18893421928
302.304,3.30793,44.7607,0,85,66,44,2760,10501,5.12848,166,16.9244,0,0,5440,18896730366
546.24,1.8307,44.7607,0,85,66,44,2760,10501,5.12848,166,16.9244,0,0,5440,18898561284
263.397,3.79655,44.7607,0,85,66,44,2760,10501,5.12848,166,16.9244,0,0,5440,18902358258
310.755,3.21796,44.7607,0,85,66,44,2760,10501,5.12848,166,16.9244,0,0,5440,18905576722
1270.56,0.787055,44.7607,0,85,66,44,2760,10501,5.12848,166,16.9244,0,0,5440,18906363960
368.484,2.71382,44.7607,0,85,66,44,2760,10501,5.12848,166,16.9244,0,0,5440,18909078157
300.531,3.32744,44.7607,0,85,66,44,2760,10501,5.12848,166,16.9244,0,0,5440,18912405894
481,2.079,44.7607,0,85,66,44,2760,10501,5.12848,166,16.9244,0,0,5440,18914485109
383.058,2.61057,44.7607,0,85,66,44,2760,10501,5.12848,166,16.9244,0,0,5440,18917095976
345.071,2.89795,44.7607,0,85,66,44,2760,10501,5.12848,166,16.9244,0,0,5440,18919994391
391.22,2.5561,44.7607,0,85,66,44,2760,10501,5.12848,166,16.9244,0,0,5440,18922550881
259.635,3.85156,44.7607,0,85,66,44,2760,10501,5.12848,166,16.9244,0,0,5440,18926402760
607.907,1.64499,44.7607,0,85,66,44,2760,10501,5.12848,166,16.9244,0,0,5440,18928047989
337.754,2.96073,44.7607,0,85,66,44,2760,10501,5.12848,166,16.9244,0,0,5440,18931009319
411.154,2.43218,44.7607,0,85,66,44,2760,10501,5.12848,166,16.9244,0,0,5440,18933441642
458.114,2.18286,44.7607,0,85,66,44,2760,10501,5.12848,166,16.9244,0,0,5440,18935624735
291.152,3.43463,44.7607,0,85,66,44,2760,10501,5.12848,166,16.9244,0,0,5440,18939059889
243.365,4.10906,44.7607,0,85,66,44,2760,10501,5.12848,166,16.9244,0,0,5440,18943169133
416.477,2.40109,44.7607,0,85,66,44,2760,10501,5.12848,166,16.9244,0,0,5440,18945570560
1552.44,0.644146,44.7607,0,85,66,44,2760,10501,5.12848,166,16.9244,0,0,5440,18946215005
208.046,4.80662,44.7607,0,85,66,44,2760,10501,5.12848,166,16.9244,0,0,5440,18951021946
1481.62,0.674937,44.7607,0,85,66,44,2760,10501,5.12848,166,16.9244,0,0,5440,18951697180
291.139,3.43479,44.7607,0,85,66,44,2760,10501,5.12848,166,16.9244,0,0,5440,18955132344
399.061,2.50588,44.7607,0,85,66,44,2760,10501,5.12848,166,16.9244,0,0,5440,18957638515
332.791,3.00489,44.7607,0,85,66,44,2760,10501,5.12848,166,16.9244,0,0,5440,18960643770
472.018,2.11856,44.7607,0,85,66,44,2760,10501,5.12848,166,16.9244,0,0,5440,18962762601
341.967,2.92426,44.7607,0,85,66,44,2760,10501,5.12848,166,16.9244,0,0,5440,18965687180
401.373,2.49145,44.7607,0,85,66,44,2760,10501,5.12848,166,16.9244,0,0,5440,18968178928
375.009,2.6666,44.7607,0,85,66,44,2760,10501,5.12848,166,16.9244,0,0,5440,18970845960
386.122,2.58986,44.7607,0,85,66,44,2760,10501,5.12848,166,16.9244,0,0,5440,18973436172
368.523,2.71353,44.7607,0,85,66,44,2760,10501,5.12848,166,16.9244,0,0,5440,18976149975
394.56,2.53447,44.7607,0,85,66,44,2760,10501,5.12848,166,16.9244,0,0,5440,18978684859
311.94,3.20574,44.7607,0,85,66,44,2760,10501,5.12848,166,16.9244,0,0,5440,18981890880
420.504,2.3781,44.7607,0,85,66,44,2760,10501,5.12848,166,16.9244,0,0,5440,18984269278
350.257,2.85505,44.7607,0,85,66,44,2760,10501,5.12848,166,16.9244,0,0,5440,18987124595
389.703,2.56606,44.7607,0,85,66,44,2760,10501,5.12848,166,16.9244,0,0,5440,18989691028
410.633,2.43527,44.7607,0,85,66,44,2760,10501,5.12848,166,16.9244,0,0,5440,18992126706
281.071,3.55782,44.7607,0,85,66,44,2760,10501,5.12848,166,16.9244,0,0,5440,18995684730
534.376,1.87134,44.7607,0,85,66,44,2760,10501,5.12848,166,16.9244,0,0,5440,18997556322
368.213,2.71582,44.7607,0,85,66,44,2760,10501,5.12848,166,16.9244,0,0,5440,19000272519
400.086,2.49946,44.7607,0,85,66,44,2760,10501,5.12848,166,16.9244,0,0,5440,19002772430
317.375,3.15085,44.7607,0,85,66,44,2760,10501,5.12848,166,16.9244,0,0,5440,19005923498
388.19,2.57606,44.7607,0,85,66,44,2760,10501,5.12848,166,16.9244,0,0,5440,19008499912
407.623,2.45325,44.7607,0,85,66,44,2760,10501,5.12848,166,16.9244,0,0,5440,19010953475
275.578,3.62874,44.7607,0,85,66,44,2760,10501,5.12848,166,16.9244,0,0,5440,19014582655
474.302,2.10836,44.7607,0,85,66,44,2760,10501,5.12848,166,16.9244,0,0,5440,19016691274
361.035,2.76981,44.7607,0,85,66,44,2760,10501,5.12848,166,16.9244,0,0,5440,19019461550
507.974,1.96861,44.7607,0,85,66,44,2760,10501,5.12848,166,16.9244,0,0,5440,19021430434
306.171,3.26615,44.7607,0,85,66,44,2760,10501,5.12848,166,16.9244,0,0,5440,19024696861
364.69,2.74205,44.7607,0,85,66,44,2760,10501,5.12848,166,16.9244,0,0,5440,19027439232
534.763,1.86999,44.7607,0,85,66,44,2760,10501,5.12848,166,16.9244,0,0,5440,19029309699
364.129,2.74628,44.7607,0,85,66,44,2760,10501,5.12848,166,16.9244,0,0,5440,19032056167
357.309,2.7987,44.7607,0,85,66,44,2760,10501,5.12848,166,16.9244,0,0,5440,19034855194
374.595,2.66955,44.7607,0,85,66,44,2760,10501,5.12848,166,16.9244,0,0,5440,19037525293
344.327,2.90421,44.7607,0,85,66,44,2760,10501,5.12848,166,16.9244,0,0,5440,19040429776
397.012,2.51882,44.7607,0,85,66,44,2760,10501,5.12848,166,16.9244,0,0,5440,19042948909
228.475,4.37684,44.7607,0,85,66,44,2760,10501,5.12848,166,16.9244,0,0,5440,19047326172
763.939,1.30901,44.7607,0,85,66,44,2760,10501,5.12848,166,16.9244,0,0,5440,19048635427
433.431,2.30717,44.7607,0,85,66,44,2760,10501,5.12848,166,16.9244,0,0,5440,19050942890
360.906,2.7708,44.7607,0,85,66,44,2760,10501,5.12848,166,16.9244,0,0,5440,19053714002
204.999,4.87808,44.7607,0,85,66,44,2760,10501,5.12848,166,16.9244,0,0,5440,19058592686
1349.15,0.741208,44.7607,0,85,66,44,2760,10501,5.12848,166,16.9244,0,0,5440,19059334105
327.026,3.05786,44.7607,0,85,66,44,2760,10501,5.12848,166,16.9244,0,0,5440,19062392276
483.772,2.06709,44.7607,0,85,66,44,2760,10501,5.12848,166,16.9244,0,0,5440,19064459759
357.387,2.79808,44.7607,0,85,66,44,2760,10501,5.12848,166,16.9244,0,0,5440,19067258190
427.825,2.33741,44.7607,0,85,66,44,2760,10501,5.12848,166,16.9244,0,0,5440,19069595980
308.851,3.23781,44.7607,0,85,66,44,2760,10501,5.12848,166,16.9244,0,0,5440,19072833993
260.417,3.83999,44.7607,0,85,66,44,2760,10501,5.12848,166,16.9244,0,0,5440,19076674545
649.905,1.53869,44.7607,0,85,66,44,2760,10501,5.12848,166,16.9244,0,0,5440,19078213395
440.066,2.27238,44.7607,0,85,66,44,2760,10501,5.12848,166,16.9244,0,0,5440,19080486097
202.638,4.93492,44.7607,0,85,66,44,2760,10501,5.12848,166,16.9244,0,0,5440,19085421340
458.872,2.17926,44.7607,0,85,66,44,2760,10501,5.12848,166,16.9244,0,0,5440,19087600731
589.095,1.69752,44.7607,0,85,66,44,2760,10501,5.12848,166,16.9244,0,0,5440,19089298432
472.271,2.11743,44.7607,0,85,66,44,2760,10501,5.12848,166,16.9244,0,0,5440,19091416311
347.133,2.88074,44.7607,0,85,66,44,2760,10501,5.12848,166,16.9244,0,0,5440,19094300216
357.396,2.79802,45.0128,0,85,66,44,2760,10501,5.12848,166,16.9263,0,0,5437,19097095849
327.532,3.05314,45.0128,0,85,66,44,2760,10501,5.12848,166,16.9263,0,0,5437,19100149423
571.937,1.74844,45.0128,0,85,66,44,2760,10501,5.12848,166,16.9263,0,0,5437,19101898020
319.769,3.12726,45.0128,0,85,66,44,2760,10501,5.12848,166,16.9263,0,0,5437,19105025607
362.568,2.7581,45.0128,0,85,66,44,2760,10501,5.12848,166,16.9263,0,0,5437,19107784026
557.434,1.79393,45.0128,0,85,66,44,2760,10501,5.12848,166,16.9263,0,0,5437,19109578231
323.472,3.09146,45.0128,0,85,66,44,2760,10501,5.12848,166,16.9263,0,0,5437,19112670047
399.96,2.50025,45.0128,0,85,66,44,2760,10501,5.12848,166,16.9263,0,0,5437,19115170593
378.556,2.64162,45.0128,0,85,66,44,2760,10501,5.12848,166,16.9263,0,0,5437,19117812547
258.761,3.86457,45.0128,0,85,66,44,2760,10501,5.12848,166,16.9263,0,0,5437,19121677466
530.321,1.88565,45.0128,0,85,66,44,2760,10501,5.12848,166,16.9263,0,0,5437,19123563433
243.907,4.09993,45.0128,0,85,66,44,2760,10501,5.12848,166,16.9263,0,0,5437,19127663687
688.605,1.45221,45.0128,0,85,66,44,2760,10501,5.12848,166,16.9263,0,0,5437,19129116216
409.801,2.44021,45.0128,0,85,66,44,2760,10501,5.12848,166,16.9263,0,0,5437,19131556635
344.776,2.90043,45.0128,0,85,66,44,2760,10501,5.12848,166,16.9263,0,0,5437,19134457464
342.831,2.91689,45.0128,0,85,66,44,2760,10501,5.12848,166,16.9263,0,0,5437,19137374802
511.587,1.9547,45.0128,0,85,66,44,2760,10501,5.12848,166,16.9263,0,0,5437,19139329888
328.238,3.04657,45.0128,0,85,66,44,2760,10501,5.12848,166,16.9263,0,0,5437,19142376692
456.257,2.19175,45.0128,0,85,66,44,2760,10501,5.12848,166,16.9263,0,0,5437,19144568891
407.101,2.45639,45.0128,0,85,66,44,2760,10501,5.12848,166,16.9263,0,0,5437,19147025532
300.6,3.32668,45.0128,0,85,66,44,2760,10501,5.12848,166,16.9263,0,0,5437,19150352499
262.407,3.81087,45.0128,0,85,66,44,2760,10501,5.12848,166,16.9263,0,0,5437,19154163811
516.386,1.93654,45.0128,0,85,66,44,2760,10501,5.12848,166,16.9263,0,0,5437,19156100626
282.698,3.53735,45.0128,0,85,66,44,2760,10501,5.12848,166,16.9263,0,0,5437,19159638495
459.667,2.17549,45.0128,0,85,66,44,2760,10501,5.12848,166,16.9263,0,0,5437,19161814213
551.96,1.81173,45.0128,0,85,66,44,2760,10501,5.12848,166,16.9263,0,0,5437,19163626254
418.581,2.38902,45.0128,0,85,66,44,2760,10501,5.12848,166,16.9263,0,0,5437,19166015595
194.516,5.14095,45.0128,0,85,66,44,2760,10501,5.12848,166,16.9263,0,0,5437,19171157018
1330.92,0.751362,45.0128,0,85,66,44,2760,10501,5.12848,166,16.9263,0,0,5437,19171908322
427.101,2.34137,45.0128,0,85,66,44,2760,10501,5.12848,166,16.9263,0,0,5437,19174250093
221.789,4.50879,45.0128,0,85,66,44,2760,10501,5.12848,166,16.9263,0,0,5437,19178759370
405.395,2.46673,45.0128,0,85,66,44,2760,10501,5.12848,166,16.9263,0,0,5437,19181226348
602.096,1.66086,45.0128,0,85,66,44,2760,10501,5.12848,166,16.9263,0,0,5437,19182887519
383.447,2.60792,45.0128,0,85,66,44,2760,10501,5.12848,166,16.9263,0,0,5437,19185495732
288.704,3.46375,45.0128,0,85,66,44,2760,10501,5.12848,166,16.9263,0,0,5437,19188959858
485.081,2.06151,45.0128,0,85,66,44,2760,10501,5.12848,166,16.9263,0,0,5437,19191021668
363.576,2.75046,45.0128,0,85,66,44,2760,10501,5.12848,166,16.9263,0,0,5437,19193772568
419.762,2.3823,45.0128,0,85,66,44,2760,10501,5.12848,166,16.9263,0,0,5437,19196155120
334.698,2.98776,45.0128,0,85,66,44,2760,10501,5.12848,166,16.9263,0,0,5437,19199143509
431.17,2.31927,45.0128,0,85,66,44,2760,10501,5.12848,166,16.9263,0,0,5437,19201462808
376.615,2.65523,45.0128,0,85,66,44,2760,10501,5.12848,166,16.9263,0,0,5437,19204118532
244.451,4.09079,45.0128,0,85,66,44,2760,10501,5.12848,166,16.9263,0,0,5437,19208209699
324.905,3.07783,45.0128,0,85,66,44,2760,10501,5.12848,166,16.9263,0,0,5437,19211287803
756.448,1.32197,45.0128,0,85,66,44,2760,10501,5.12848,166,16.9263,0,0,5437,19212610145
386.179,2.58947,45.0128,0,85,66,44,2760,10501,5.12848,166,16.9263,0,0,5437,19215199800
385.131,2.59652,45.0128,0,85,66,44,2760,10501,5.12848,166,16.9263,0,0,5437,19217796609
374.705,2.66876,45.0128,0,85,66,44,2760,10501,5.12848,166,16.9263,0,0,5437,19220465718
426.329,2.34561,45.0128,0,85,66,44,2760,10501,5.12848,166,16.9263,0,0,5437,19222811653
398.724,2.508,45.0128,0,85,66,44,2760,10501,5.12848,166,16.9263,0,0,5437,19225319987
353.549,2.82846,45.0128,0,85,66,44,2760,10501,5.12848,166,16.9263,0,0,5437,19228148756
433.483,2.3069,45.0128,0,85,66,44,2760,10501,5.12848,166,16.9263,0,0,5437,19230455939
398.556,2.50906,45.0128,0,85,66,44,2760,10501,5.12848,166,16.9263,0,0,5437,19232965505
354.829,2.81826,45.0128,0,85,66,44,2760,10501,5.12848,166,16.9263,0,0,5437,19235784013
389.348,2.56839,45.0128,0,85,66,44,2760,10501,5.12848,166,16.9263,0,0,5437,19238352734
338.273,2.9562,45.0128,0,85,66,44,2760,10501,5.12848,166,16.9263,0,0,5437,19241309238
463.841,2.15591,45.0128,0,85,66,44,2760,10501,5.12848,166,16.9263,0,0,5437,19243465570
326.183,3.06577,45.0128,0,85,66,44,2760,10501,5.12848,166,16.9263,0,0,5437,19246531606
210.26,4.75603,45.0128,0,85,66,44,2760,10501,5.12848,166,16.9263,0,0,5437,19251288141
1551.35,0.644599,45.0128,0,85,66,44,2760,10501,5.12848,166,16.9263,0,0,5437,19251932778
387.702,2.5793,45.0128,0,85,66,44,2760,10501,5.12848,166,16.9263,0,0,5437,19254512663
430.499,2.32289,45.0128,0,85,66,44,2760,10501,5.12848,166,16.9263,0,0,5437,19256835876
218.479,4.5771,45.0128,0,85,66,44,2760,10501,5.12848,166,16.9263,0,0,5437,19261413444
682.786,1.46459,45.0128,0,85,66,44,2760,10501,5.12848,166,16.9263,0,0,5437,19262878118
362.471,2.75884,45.0128,0,85,66,44,2760,10501,5.12848,166,16.9263,0,0,5437,19265637423
375.825,2.66081,45.0128,0,85,66,44,2760,10501,5.12848,166,16.9263,0,0,5437,19268298503
314.308,3.18159,45.0128,0,85,66,44,2760,10501,5.12848,166,16.9263,0,0,5437,19271480379
462.505,2.16214,45.0128,0,85,66,44,2760,10501,5.12848,166,16.9263,0,0,5437,19273642875
395.87,2.52608,45.0128,0,85,66,44,2760,10501,5.12848,166,16.9263,0,0,5437,19276169412
300.271,3.33032,45.0128,0,85,66,44,2760,10501,5.12848,166,16.9263,0,0,5437,19279500073
581.929,1.71842,45.0128,0,85,66,44,2760,10501,5.12848,166,16.9263,0,0,5437,19281218688
368.275,2.71536,45.0128,0,85,66,44,2760,10501,5.12848,166,16.9263,0,0,5437,19283934482
205.676,4.86201,45.0128,0,85,66,44,2760,10501,5.12848,166,16.9263,0,0,5437,19288796972
864.527,1.1567,45.0128,0,85,66,44,2760,10501,5.12848,166,16.9263,0,0,5437,19289954040
407.49,2.45405,45.0128,0,85,66,44,2760,10501,5.12848,166,16.9263,0,0,5437,19292408229
431.261,2.31878,45.0128,0,85,66,44,2760,10501,5.12848,166,16.9263,0,0,5437,19294727461
355.165,2.81559,45.0128,0,85,66,44,2760,10501,5.12848,166,16.9263,0,0,5437,19297543325
341.243,2.93046,45.0128,0,85,66,44,2760,10501,5.12848,166,16.9263,0,0,5437,19300474058
366.686,2.72713,45.0128,0,85,66,44,2760,10501,5.12848,166,16.9263,0,0,5437,19303201544
345.764,2.89215,45.0128,0,85,66,44,2760,10501,5.12848,166,16.9263,0,0,5437,19306094007
435.934,2.29392,45.0128,0,85,66,44,2760,10501,5.12848,166,16.9263,0,0,5437,19308388363
362.581,2.75801,45.0128,0,85,66,44,2760,10501,5.12848,166,16.9263,0,0,5437,19311146764
188.534,5.30409,45.0128,0,85,66,44,2760,10501,5.12848,166,16.9263,0,0,5437,19316451077
522.784,1.91283,45.0128,0,85,66,44,2760,10501,5.12848,166,16.9263,0,0,5437,19318364228
346.341,2.88733,45.0128,0,85,66,44,2760,10501,5.12848,166,16.9263,0,0,5437,19321251874
455.903,2.19345,45.0128,0,85,66,44,2760,10501,5.12848,166,16.9263,0,0,5437,19323445746
477.116,2.09593,45.0128,0,85,66,44,2760,10501,5.12848,166,16.9263,0,0,5437,19325542038
364.757,2.74155,45.0128,0,85,66,44,2760,10501,5.12848,166,16.9263,0,0,5437,19328284005
393.843,2.53908,45.0128,0,85,66,44,2760,10501,5.12848,166,16.9263,0,0,5437,19330823254
358.449,2.7898,45.0128,0,85,66,44,2760,10501,5.12848,166,16.9263,0,0,5437,19333613454
355.741,2.81104,45.0128,0,85,66,44,2760,10501,5.12848,166,16.9263,0,0,5437,19336424808
212.298,4.71035,45.0128,0,85,66,44,2760,10501,5.12848,166,16.9263,0,0,5437,19341135515
257.065,3.89007,45.0128,0,85,66,44,2760,10501,5.12848,166,16.9263,0,0,5437,19345025896
720.207,1.38849,45.0128,0,85,66,44,2760,10501,5.12848,166,16.9263,0,0,5437,19346414703
640.727,1.56073,45.0128,0,85,66,44,2760,10501,5.12848,166,16.9263,0,0,5437,19347975919
402.261,2.48595,45.0128,0,85,66,44,2760,10501,5.12848,166,16.9263,0,0,5437,19350462147
230.962,4.32972,45.0128,0,85,66,44,2760,10501,5.12848,166,16.9263,0,0,5437,19354792504
566.393,1.76556,45.0128,0,85,66,44,2760,10501,5.12848,166,16.9263,0,0,5437,19356558035
611.996,1.634,45.0128,0,85,66,44,2760,10501,5.12848,166,16.9263,0,0,5437,19358192311
336.068,2.97559,45.0128,0,85,66,44,2760,10501,5.12848,166,16.9263,0,0,5437,19361168200
407.836,2.45197,45.0128,0,85,66,44,2760,10501,5.12848,166,16.9263,0,0,5437,19363620532
343.722,2.90933,45.0128,0,85,66,44,2760,10501,5.12848,166,16.9263,0,0,5437,19366530207
266.455,3.75297,45.0128,0,85,66,44,2760,10501,5.12848,166,16.9263,0,0,5437,19370283661
480.602,2.08072,45.0128,0,85,66,44,2760,10501,5.12848,166,16.9263,0,0,5437,19372364769
516.968,1.93435,45.0128,0,85,66,44,2760,10501,5.12848,166,16.9263,0,0,5437,19374299344
365.657,2.7348,45.0128,0,85,66,44,2760,10501,5.12848,166,16.9263,0,0,5437,19377034398
300.965,3.32265,45.0128,0,85,66,44,2760,10501,5.12848,166,16.9263,0,0,5437,19380357519
335.383,2.98167,45.0128,0,85,66,44,2760,10501,5.12848,166,16.9263,0,0,5437,19383339543
613.288,1.63056,45.0128,0,85,66,44,2760,10501,5.12848,166,16.9263,0,0,5437,19384970540
346.331,2.88741,45.0128,0,85,66,44,2760,10501,5.12848,166,16.9263,0,0,5437,19387858022
379.857,2.63257,45.0128,0,85,66,44,2760,10501,5.12848,166,16.9263,0,0,5437,19390490890
370.432,2.69955,45.0128,0,85,66,44,2760,10501,5.12848,166,16.9263,0,0,5437,19393190904
260.864,3.83341,45.0128,0,85,66,44,2760,10501,5.12848,166,16.9263,0,0,5437,19397024523
549.85,1.81868,45.0128,0,85,66,44,2760,10501,5.12848,166,16.9263,0,0,5437,19398843440
360.268,2.77571,45.0128,0,85,66,44,2760,10501,5.12848,166,16.9263,0,0,5437,19401619515
354.875,2.81789,45.0128,0,85,66,44,2760,10501,5.12848,166,16.9263,0,0,5437,19404437716
359.712,2.78,45.0128,0,85,66,44,2760,10501,5.12848,166,16.9263,0,0,5437,19407218059
449.714,2.22363,45.0128,0,85,66,44,2760,10501,5.12848,166,16.9263,0,0,5437,19409442000
332.239,3.00988,45.0128,0,85,66,44,2760,10501,5.12848,166,16.9263,0,0,5437,19412452168
390.697,2.55953,45.0128,0,85,66,44,2760,10501,5.12848,166,16.9263,0,0,5437,19415012014
381.992,2.61786,45.0128,0,85,66,44,2760,10501,5.12848,166,16.9263,0,0,5437,19417630256
324.246,3.08407,45.0128,0,85,66,44,2760,10501,5.12848,166,16.9263,0,0,5437,19420714735
261.717,3.82092,45.0128,0,85,66,44,2760,10501,5.12848,166,16.9263,0,0,5437,19424535941
483.601,2.06782,45.0128,0,85,66,44,2760,10501,5.12848,166,16.9263,0,0,5437,19426603991
558.956,1.78905,45.0128,0,85,66,44,2760,10501,5.12848,166,16.9263,0,0,5437,19428393398
324.6,3.08071,45.0128,0,85,66,44,2760,10501,5.12848,166,16.9263,0,0,5437,19431474550
498.636,2.00547,45.0128,0,85,66,44,2760,10501,5.12848,166,16.9263,0,0,5437,19433480473
347.792,2.87528,45.0128,0,85,66,44,2760,10501,5.12848,166,16.9263,0,0,5437,19436356185
366.353,2.72961,45.0128,0,85,66,44,2760,10501,5.12848,166,16.9263,0,0,5437,19439086287
404.332,2.47322,45.0128,0,85,66,44,2760,10501,5.12848,166,16.9263,0,0,5437,19441559572
356.58,2.80442,45.0128,0,85,66,44,2760,10501,5.12848,166,16.9263,0,0,5437,19444364244
390.32,2.562,45.0128,0,85,66,44,2760,10501,5.12848,166,16.9263,0,0,5437,19446926590
242.345,4.12634,45.0128,0,85,66,44,2760,10501,5.12848,166,16.9263,0,0,5437,19451053334
664.544,1.50479,45.0128,0,85,66,44,2760,10501,5.12848,166,16.9263,0,0,5437,19452558366
422.537,2.36666,45.0128,0,85,66,44,2760,10501,5.12848,166,16.9263,0,0,5437,19454925503
337.267,2.96501,45.0128,0,85,66,44,2760,10501,5.12848,166,16.9263,0,0,5437,19457890728
328.527,3.04389,45.0128,0,85,66,44,2760,10501,5.12848,166,16.9263,0,0,5437,19460934946
447.459,2.23484,45.0128,0,85,66,44,2760,10501,5.12848,166,16.9263,0,0,5437,19463170243
396.903,2.51951,45.0128,0,85,66,44,2760,10501,5.12848,166,16.9263,0,0,5437,19465689982
357.691,2.79571,45.0128,0,85,66,44,2760,10501,5.12848,166,16.9263,0,0,5437,19468486028
385.807,2.59197,45.0128,0,85,66,44,2760,10501,5.12848,166,16.9263,0,0,5437,19471078336
338.36,2.95544,45.0128,0,85,66,44,2760,10501,5.12848,166,16.9263,0,0,5437,19474034215
273.37,3.65805,45.0128,0,85,66,44,2760,10501,5.12848,166,16.9263,0,0,5437,19477692578
569.379,1.7563,45.0128,0,85,66,44,2760,10501,5.12848,166,16.9263,0,0,5437,19479449214
352.065,2.84038,45.0128,0,85,66,44,2760,10501,5.12848,166,16.9263,0,0,5437,19482289868
465.705,2.14728,45.0128,0,85,66,44,2760,10501,5.12848,166,16.9263,0,0,5437,19484437431
321.413,3.11126,45.0128,0,85,66,44,2760,10501,5.12848,166,16.9263,0,0,5437,19487549016
199.249,5.01884,45.0128,0,85,66,44,2760,10501,5.12848,166,16.9263,0,0,5437,19492568195
938.436,1.0656,45.0128,0,85,66,44,2760,10501,5.12848,166,16.9263,0,0,5437,19493633837
534.06,1.87245,45.0128,0,85,66,44,2760,10501,5.12848,166,16.9263,0,0,5437,19495506784
352.655,2.83563,45.0128,0,85,66,44,2760,10501,5.12848,166,16.9263,0,0,5437,19498342697
440.736,2.26893,45.0128,0,85,66,44,2760,10501,5.12848,166,16.9263,0,0,5437,19500612005
232.261,4.3055,45.0128,0,85,66,44,2760,10501,5.12848,166,16.9263,0,0,5437,19504917938
550.255,1.81734,45.0128,0,85,66,44,2760,10501,5.12848,166,16.9263,0,0,5437,19506735567
298.599,3.34897,45.0128,0,85,66,44,2760,10501,5.12848,166,16.9263,0,0,5437,19510085103
426.621,2.344,45.0128,0,85,66,44,2760,10501,5.12848,166,16.9263,0,0,5437,19512429374
304.143,3.28793,45.0128,0,85,66,44,2760,10501,5.12848,166,16.9263,0,0,5437,19515717667
272.55,3.66905,45.0128,0,85,66,44,2760,10501,5.12848,166,16.9263,0,0,5437,19519387099
1179.83,0.847577,45.0128,0,85,66,44,2760,10501,5.12848,166,16.9263,0,0,5437,19520234762
344.615,2.90179,45.0128,0,85,66,44,2760,10501,5.12848,166,16.9263,0,0,5437,19523136975
220.82,4.52858,45.0128,0,85,66,44,2760,10501,5.12848,166,16.9263,0,0,5437,19527665916
1546.88,0.646464,45.0128,0,85,66,44,2760,10501,5.12848,166,16.9263,0,0,5437,19528312630
238.549,4.19201,45.0128,0,85,66,44,2760,10501,5.12848,166,16.9263,0,0,5437,19532505012
563.273,1.77534,45.0128,0,85,66,44,2760,10501,5.12848,166,16.9263,0,0,5437,19534280774
576.717,1.73395,45.0128,0,85,66,44,2760,10501,5.12848,166,16.9263,0,0,5437,19536015101
411.224,2.43176,45.0128,0,85,66,44,2760,10501,5.12848,166,16.9263,0,0,5437,19538447270
429.03,2.33084,45.0128,0,85,66,44,2760,10501,5.12848,166,16.9263,0,0,5437,19540778493
255.14,3.91942,45.0128,0,85,66,44,2760,10501,5.12848,166,16.9263,0,0,5437,19544698442
608.768,1.64266,45.0128,0,85,66,44,2760,10501,5.12848,166,16.9263,0,0,5437,19546341372
350.703,2.85141,45.0128,0,85,66,44,2760,10501,5.12848,166,16.9263,0,0,5437,19549193276
342.785,2.91728,45.0128,0,85,66,44,2760,10501,5.12848,166,16.9263,0,0,5437,19552110769
364.412,2.74415,45.0128,0,85,66,44,2760,10501,5.12848,166,16.9263,0,0,5437,19554855265
175.696,5.69165,45.0128,0,85,66,44,2760,10501,5.12848,166,16.9263,0,0,5437,19560547245
2633.82,0.379676,45.0128,0,85,66,44,2760,10501,5.12848,166,16.9263,0,0,5437,19560926960
192.451,5.19613,45.0128,0,85,66,44,2760,10501,5.12848,166,16.9263,0,0,5437,19566123693
1213.84,0.823835,45.0128,0,85,66,44,2760,10501,5.12848,166,16.9263,0,0,5437,19566947903
399.624,2.50235,45.0128,0,85,66,44,2760,10501,5.12848,166,16.9263,0,0,5437,19569450372
613.162,1.63089,45.0128,0,85,66,44,2760,10501,5.12848,166,16.9263,0,0,5437,19571081658
317.144,3.15315,45.0128,0,85,66,44,2760,10501,5.12848,166,16.9263,0,0,5437,19574235255
221.822,4.50812,45.0128,0,85,66,44,2760,10501,5.12848,166,16.9263,0,0,5437,19578743762
341.01,2.93246,45.0128,0,85,66,44,2760,10501,5.12848,166,16.9263,0,0,5437,19581676448
601.331,1.66298,45.0128,0,85,66,44,2760,10501,5.12848,166,16.9263,0,0,5437,19583339869
295.24,3.38708,45.0128,0,85,66,44,2760,10501,5.12848,166,16.9263,0,0,5437,19586727233
570.106,1.75406,45.0128,0,85,66,44,2760,10501,5.12848,166,16.9263,0,0,5437,19588481619
426.79,2.34307,45.0128,0,85,66,44,2760,10501,5.12848,166,16.9263,0,0,5437,19590825035
347.259,2.87969,45.0128,0,85,66,44,2760,10501,5.12848,166,16.9263,0,0,5437,19593705065
362.096,2.7617,45.0128,0,85,66,44,2760,10501,5.12848,166,16.9263,0,0,5437,19596469523
347.215,2.88006,44.6154,0,85,66,44,2760,10501,5.12848,166,16.9269,0,0,5433,19599347534
394.638,2.53397,44.6154,0,85,66,44,2760,10501,5.12848,166,16.9269,0,0,5433,19601881831
299.843,3.33508,44.6154,0,85,66,44,2760,10501,5.12848,166,16.9269,0,0,5433,19605217212
414.7,2.41138,44.6154,0,85,66,44,2760,10501,5.12848,166,16.9269,0,0,5433,19607629063
608.202,1.64419,44.6154,0,85,66,44,2760,10501,5.12848,166,16.9269,0,0,5433,19609273580
204.644,4.88653,44.6154,0,85,66,44,2760,10501,5.12848,166,16.9269,0,0,5433,19614160696
726.629,1.37622,44.6154,0,85,66,44,2760,10501,5.12848,166,16.9269,0,0,5433,19615537137
572.693,1.74613,44.6154,0,85,66,44,2760,10501,5.12848,166,16.9269,0,0,5433,19617283648
352.766,2.83474,44.6154,0,85,66,44,2760,10501,5.12848,166,16.9269,0,0,5433,19620118676
370.665,2.69785,44.6154,0,85,66,44,2760,10501,5.12848,166,16.9269,0,0,5433,19622817094
346.202,2.88849,44.6154,0,85,66,44,2760,10501,5.12848,166,16.9269,0,0,5433,19625705720
375.589,2.66248,44.6154,0,85,66,44,2760,10501,5.12848,166,16.9269,0,0,5433,19628368569
338.111,2.95761,44.6154,0,85,66,44,2760,10501,5.12848,166,16.9269,0,0,5433,19631326486
462.657,2.16143,44.6154,0,85,66,44,2760,10501,5.12848,166,16.9269,0,0,5433,19633488348
385.265,2.59562,44.6154,0,85,66,44,2760,10501,5.12848,166,16.9269,0,0,5433,19636084204
222.677,4.49081,44.6154,0,85,66,44,2760,10501,5.12848,166,16.9269,0,0,5433,19640575346
774.89,1.29051,44.6154,0,85,66,44,2760,10501,5.12848,166,16.9269,0,0,5433,19641866178
425.476,2.35031,44.6154,0,85,66,44,2760,10501,5.12848,166,16.9269,0,0,5433,19644216863
380.129,2.63069,44.6154,0,85,66,44,2760,10501,5.12848,166,16.9269,0,0,5433,19646847798
339.534,2.94521,44.6154,0,85,66,44,2760,10501,5.12848,166,16.9269,0,0,5433,19649793234
404.5,2.47219,44.6154,0,85,66,44,2760,10501,5.12848,166,16.9269,0,0,5433,19652266038
262.716,3.8064,44.6154,0,85,66,44,2760,10501,5.12848,166,16.9269,0,0,5433,19656072666
404.556,2.47184,44.6154,0,85,66,44,2760,10501,5.12848,166,16.9269,0,0,5433,19658544971
502.782,1.98893,44.6154,0,85,66,44,2760,10501,5.12848,166,16.9269,0,0,5433,19660534096
341.828,2.92545,44.6154,0,85,66,44,2760,10501,5.12848,166,16.9269,0,0,5433,19663459858
250.187,3.99701,44.6154,0,85,66,44,2760,10501,5.12848,166,16.9269,0,0,5433,19667457290
494.336,2.02291,44.6154,0,85,66,44,2760,10501,5.12848,166,16.9269,0,0,5433,19669480378
381.713,2.61977,44.6154,0,85,66,44,2760,10501,5.12848,166,16.9269,0,0,5433,19672100581
434.185,2.30316,44.6154,0,85,66,44,2760,10501,5.12848,166,16.9269,0,0,5433,19674404015
340.267,2.93887,44.6154,0,85,66,44,2760,10501,5.12848,166,16.9269,0,0,5433,19677343172
247.671,4.03762,44.6154,0,85,66,44,2760,10501,5.12848,166,16.9269,0,0,5433,19681381096
592.921,1.68657,44.6154,0,85,66,44,2760,10501,5.12848,166,16.9269,0,0,5433,19683067922
543.318,1.84054,44.6154,0,85,66,44,2760,10501,5.12848,166,16.9269,0,0,5433,19684908907
356.2,2.80741,44.6154,0,85,66,44,2760,10501,5.12848,166,16.9269,0,0,5433,19687716608
414.391,2.41318,44.6154,0,85,66,44,2760,10501,5.12848,166,16.9269,0,0,5433,19690130141
238.978,4.18449,44.6154,0,85,66,44,2760,10501,5.12848,166,16.9269,0,0,5433,19694314965
397.249,2.51731,44.6154,0,85,66,44,2760,10501,5.12848,166,16.9269,0,0,5433,19696832550
605.546,1.6514,44.6154,0,85,66,44,2760,10501,5.12848,166,16.9269,0,0,5433,19698484471
350.952,2.84939,44.6154,0,85,66,44,2760,10501,5.12848,166,16.9269,0,0,5433,19701333961
460.702,2.1706,44.6154,0,85,66,44,2760,10501,5.12848,166,16.9269,0,0,5433,19703504880
393.874,2.53888,44.6154,0,85,66,44,2760,10501,5.12848,166,16.9269,0,0,5433,19706044100
206.92,4.83279,44.6154,0,85,66,44,2760,10501,5.12848,166,16.9269,0,0,5433,19710877359
643.328,1.55442,44.6154,0,85,66,44,2760,10501,5.12848,166,16.9269,0,0,5433,19712431941
538.934,1.85552,44.6154,0,85,66,44,2760,10501,5.12848,166,16.9269,0,0,5433,19714287801
351.342,2.84623,44.6154,0,85,66,44,2760,10501,5.12848,166,16.9269,0,0,5433,19717134445
246.313,4.05987,44.6154,0,85,66,44,2760,10501,5.12848,166,16.9269,0,0,5433,19721194784
683.702,1.46263,44.6154,0,85,66,44,2760,10501,5.12848,166,16.9269,0,0,5433,19722657622
398.367,2.51025,44.6154,0,85,66,44,2760,10501,5.12848,166,16.9269,0,0,5433,19725168322
341.626,2.92718,44.6154,0,85,66,44,2760,10501,5.12848,166,16.9269,0,0,5433,19728095718
409.18,2.44391,44.6154,0,85,66,44,2760,10501,5.12848,166,16.9269,0,0,5433,19730540301
391.297,2.5556,44.6154,0,85,66,44,2760,10501,5.12848,166,16.9269,0,0,5433,19733096060
397.353,2.51665,44.6154,0,85,66,44,2760,10501,5.12848,166,16.9269,0,0,5433,19735613029
302.588,3.30482,44.6154,0,85,66,44,2760,10501,5.12848,166,16.9269,0,0,5433,19738918160
400.97,2.49395,44.6154,0,85,66,44,2760,10501,5.12848,166,16.9269,0,0,5433,19741412408
417.244,2.39668,44.6154,0,85,66,44,2760,10501,5.12848,166,16.9269,0,0,5433,19743809411
165.702,6.03493,44.6154,0,85,66,44,2760,10501,5.12848,166,16.9269,0,0,5433,19749844778
655.228,1.52619,44.6154,0,85,66,44,2760,10501,5.12848,166,16.9269,0,0,5433,19751371195
396.588,2.52151,44.6154,0,85,66,44,2760,10501,5.12848,166,16.9269,0,0,5433,19753893040
363.815,2.74865,44.6154,0,85,66,44,2760,10501,5.12848,166,16.9269,0,0,5433,19756642027
343.288,2.913,44.6154,0,85,66,44,2760,10501,5.12848,166,16.9269,0,0,5433,19759555355
647.369,1.54472,44.6154,0,85,66,44,2760,10501,5.12848,166,16.9269,0,0,5433,19761100398
314.853,3.17609,44.6154,0,85,66,44,2760,10501,5.12848,166,16.9269,0,0,5433,19764276870
348.799,2.86698,44.6154,0,85,66,44,2760,10501,5.12848,166,16.9269,0,0,5433,19767144092
401.816,2.4887,44.6154,0,85,66,44,2760,10501,5.12848,166,16.9269,0,0,5433,19769633080
192.555,5.19332,44.6154,0,85,66,44,2760,10501,5.12848,166,16.9269,0,0,5433,19774826889
282.897,3.53486,44.6154,0,85,66,44,2760,10501,5.12848,166,16.9269,0,0,5433,19778361989
731.963,1.36619,44.6154,0,85,66,44,2760,10501,5.12848,166,16.9269,0,0,5433,19779728699
388.406,2.57463,44.6154,0,85,66,44,2760,10501,5.12848,166,16.9269,0,0,5433,19782303401
688.418,1.45261,44.6154,0,85,66,44,2760,10501,5.12848,166,16.9269,0,0,5433,19783756315
326.674,3.06115,44.6154,0,85,66,44,2760,10501,5.12848,166,16.9269,0,0,5433,19786817813
204.876,4.88101,44.6154,0,85,66,44,2760,10501,5.12848,166,16.9269,0,0,5433,19791699294
997.759,1.00225,44.6154,0,85,66,44,2760,10501,5.12848,166,16.9269,0,0,5433,19792701674
245.648,4.07086,44.6154,0,85,66,44,2760,10501,5.12848,166,16.9269,0,0,5433,19796772956
568.274,1.75971,44.6154,0,85,66,44,2760,10501,5.12848,166,16.9269,0,0,5433,19798532957
608.626,1.64305,44.6154,0,85,66,44,2760,10501,5.12848,166,16.9269,0,0,5433,19800176369
404.133,2.47443,44.6154,0,85,66,44,2760,10501,5.12848,166,16.9269,0,0,5433,19802651077
445.072,2.24683,44.6154,0,85,66,44,2760,10501,5.12848,166,16.9269,0,0,5433,19804898307
311.664,3.20858,44.6154,0,85,66,44,2760,10501,5.12848,166,16.9269,0,0,5433,19808107145
384.3,2.60213,44.6154,0,85,66,44,2760,10501,5.12848,166,16.9269,0,0,5433,19810709560
383.857,2.60514,44.6154,0,85,66,44,2760,10501,5.12848,166,16.9269,0,0,5433,19813315023
285.518,3.50241,44.6154,0,85,66,44,2760,10501,5.12848,166,16.9269,0,0,5433,19816817737
639.612,1.56345,44.6154,0,85,66,44,2760,10501,5.12848,166,16.9269,0,0,5433,19818381588
244.947,4.08252,44.6154,0,85,66,44,2760,10501,5.12848,166,16.9269,0,0,5433,19822464408
456.289,2.19159,44.6154,0,85,66,44,2760,10501,5.12848,166,16.9269,0,0,5433,19824656280
539.099,1.85495,44.6154,0,85,66,44,2760,10501,5.12848,166,16.9269,0,0,5433,19826511573
280.905,3.55993,44.6154,0,85,66,44,2760,10501,5.12848,166,16.9269,0,0,5433,19830072039
636.988,1.56989,44.6154,0,85,66,44,2760,10501,5.12848,166,16.9269,0,0,5433,19831642160
355.473,2.81315,44.6154,0,85,66,44,2760,10501,5.12848,166,16.9269,0,0,5433,19834455774
300.058,3.33269,44.6154,0,85,66,44,2760,10501,5.12848,166,16.9269,0,0,5433,19837788646
445.813,2.24309,44.6154,0,85,66,44,2760,10501,5.12848,166,16.9269,0,0,5433,19840032048
391.298,2.5556,44.6154,0,85,66,44,2760,10501,5.12848,166,16.9269,0,0,5433,19842588077
432.062,2.31448,44.6154,0,85,66,44,2760,10501,5.12848,166,16.9269,0,0,5433,19844902962
266.226,3.75621,44.6154,0,85,66,44,2760,10501,5.12848,166,16.9269,0,0,5433,19848659406
596.057,1.67769,44.6154,0,85,66,44,2760,10501,5.12848,166,16.9269,0,0,5433,19850337530
337.891,2.95953,44.6154,0,85,66,44,2760,10501,5.12848,166,16.9269,0,0,5433,19853297370
201.265,4.96856,44.6154,0,85,66,44,2760,10501,5.12848,166,16.9269,0,0,5433,19858266317
628.678,1.59064,44.6154,0,85,66,44,2760,10501,5.12848,166,16.9269,0,0,5433,19859857332
603.424,1.65721,44.6154,0,85,66,44,2760,10501,5.12848,166,16.9269,0,0,5433,19861514849
449.208,2.22614,44.6154,0,85,66,44,2760,10501,5.12848,166,16.9269,0,0,5433,19863741318
334.722,2.98755,44.6154,0,85,66,44,2760,10501,5.12848,166,16.9269,0,0,5433,19866729179
392.397,2.54844,44.6154,0,85,66,44,2760,10501,5.12848,166,16.9269,0,0,5433,19869277947
445,2.24719,44.6154,0,85,66,44,2760,10501,5.12848,166,16.9269,0,0,5433,19871525446
290.839,3.43833,44.6154,0,85,66,44,2760,10501,5.12848,166,16.9269,0,0,5433,19874964370
287.451,3.47886,44.6154,0,85,66,44,2760,10501,5.12848,166,16.9269,0,0,5433,19878443554
421.78,2.37091,44.6154,0,85,66,44,2760,10501,5.12848,166,16.9269,0,0,5433,19880814759
172.461,5.79843,44.6154,0,85,66,44,2760,10501,5.12848,166,16.9269,0,0,5433,19886613685
999.169,1.00083,44.6154,0,85,66,44,2760,10501,5.12848,166,16.9269,0,0,5433,19887614671
491.393,2.03503,44.6154,0,85,66,44,2760,10501,5.12848,166,16.9269,0,0,5433,19889650028
342.723,2.91781,44.6154,0,85,66,44,2760,10501,5.12848,166,16.9269,0,0,5433,19892568146
207.589,4.81722,44.6154,0,85,66,44,2760,10501,5.12848,166,16.9269,0,0,5433,19897388337
1317.4,0.759073,44.6154,0,85,66,44,2760,10501,5.12848,166,16.9269,0,0,5433,19898146362
358.025,2.7931,44.6154,0,85,66,44,2760,10501,5.12848,166,16.9269,0,0,5433,19900939889
524.231,1.90755,44.6154,0,85,66,44,2760,10501,5.12848,166,16.9269,0,0,5433,19902847848
331.095,3.02028,44.6154,0,85,66,44,2760,10501,5.12848,166,16.9269,0,0,5433,19905868469
181.938,5.49637,44.6154,0,85,66,44,2760,10501,5.12848,166,16.9269,0,0,5433,19911365452
428.188,2.33542,44.6154,0,85,66,44,2760,10501,5.12848,166,16.9269,0,0,5433,19913701242
1610.73,0.620838,44.6154,0,85,66,44,2760,10501,5.12848,166,16.9269,0,0,5433,19914321898
468.791,2.13315,44.6154,0,85,66,44,2760,10501,5.12848,166,16.9269,0,0,5433,19916455681
372.995,2.681,44.6154,0,85,66,44,2760,10501,5.12848,166,16.9269,0,0,5433,19919136974
179.157,5.58169,44.6154,0,85,66,44,2760,10501,5.12848,166,16.9269,0,0,5433,19924719065
1069.72,0.93482,44.6154,0,85,66,44,2760,10501,5.12848,166,16.9269,0,0,5433,19925654116
708.385,1.41166,44.6154,0,85,66,44,2760,10501,5.12848,166,16.9269,0,0,5433,19927066039
323.447,3.0917,44.6154,0,85,66,44,2760,10501,5.12848,166,16.9269,0,0,5433,19930158056
230.981,4.32937,44.6154,0,85,66,44,2760,10501,5.12848,166,16.9269,0,0,5433,19934487885
323.006,3.09592,44.6154,0,85,66,44,2760,10501,5.12848,166,16.9269,0,0,5433,19937584172
657.54,1.52082,44.6154,0,85,66,44,2760,10501,5.12848,166,16.9269,0,0,5433,19939105137
457.294,2.18678,44.6154,0,85,66,44,2760,10501,5.12848,166,16.9269,0,0,5433,19941292345
373.649,2.67631,44.6154,0,85,66,44,2760,10501,5.12848,166,16.9269,0,0,5433,19943968983
347.164,2.88048,44.6154,0,85,66,44,2760,10501,5.12848,166,16.9269,0,0,5433,19946849744
406.116,2.46235,44.6154,0,85,66,44,2760,10501,5.12848,166,16.9269,0,0,5433,19949312519
386.401,2.58798,44.6154,0,85,66,44,2760,10501,5.12848,166,16.9269,0,0,5433,19951900751
331.122,3.02004,44.6154,0,85,66,44,2760,10501,5.12848,166,16.9269,0,0,5433,19954921141
339.768,2.94319,44.6154,0,85,66,44,2760,10501,5.12848,166,16.9269,0,0,5433,19957864663
355.939,2.80947,44.6154,0,85,66,44,2760,10501,5.12848,166,16.9269,0,0,5433,19960674633
221.001,4.52487,44.6154,0,85,66,44,2760,10501,5.12848,166,16.9269,0,0,5433,19965199737
498.727,2.00511,44.6154,0,85,66,44,2760,10501,5.12848,166,16.9269,0,0,5433,19967205199
495.857,2.01671,44.6154,0,85,66,44,2760,10501,5.12848,166,16.9269,0,0,5433,19969222238
313.734,3.18741,44.6154,0,85,66,44,2760,10501,5.12848,166,16.9269,0,0,5433,19972409971
488.159,2.04851,44.6154,0,85,66,44,2760,10501,5.12848,166,16.9269,0,0,5433,19974458770
365.379,2.73688,44.6154,0,85,66,44,2760,10501,5.12848,166,16.9269,0,0,5433,19977196065
423.061,2.36372,44.6154,0,85,66,44,2760,10501,5.12848,166,16.9269,0,0,5433,19979560115
322.656,3.09928,44.6154,0,85,66,44,2760,10501,5.12848,166,16.9269,0,0,5433,19982659624
513.901,1.9459,44.6154,0,85,66,44,2760,10501,5.12848,166,16.9269,0,0,5433,19984605843
257.133,3.88903,44.6154,0,85,66,44,2760,10501,5.12848,166,16.9269,0,0,5433,19988495445
587.232,1.7029,44.6154,0,85,66,44,2760,10501,5.12848,166,16.9269,0,0,5433,19990198474
309.455,3.23148,44.6154,0,85,66,44,2760,10501,5.12848,166,16.9269,0,0,5433,19993430304
464.245,2.15403,44.6154,0,85,66,44,2760,10501,5.12848,166,16.9269,0,0,5433,19995584694
437,2.28833,44.6154,0,85,66,44,2760,10501,5.12848,166,16.9269,0,0,5433,19997873358
376.06,2.65915,44.6154,0,85,66,44,2760,10501,5.12848,166,16.9269,0,0,5433,20000532784
382.617,2.61358,44.6154,0,85,66,44,2760,10501,5.12848,166,16.9269,0,0,5433,20003146651
363.357,2.75211,44.6154,0,85,66,44,2760,10501,5.12848,166,16.9269,0,0,5433,20005899128
283.129,3.53196,44.6154,0,85,66,44,2760,10501,5.12848,166,16.9269,0,0,5433,20009431545
589.125,1.69743,44.6154,0,85,66,44,2760,10501,5.12848,166,16.9269,0,0,5433,20011129189
245.183,4.07858,44.6154,0,85,66,44,2760,10501,5.12848,166,16.9269,0,0,5433,20015208144
283.791,3.52372,44.6154,0,85,66,44,2760,10501,5.12848,166,16.9269,0,0,5433,20018732368
316.657,3.15799,44.6154,0,85,66,44,2760,10501,5.12848,166,16.9269,0,0,5433,20021890628
1326.62,0.753794,44.6154,0,85,66,44,2760,10501,5.12848,166,16.9269,0,0,5433,20022644837
353.128,2.83184,44.6154,0,85,66,44,2760,10501,5.12848,166,16.9269,0,0,5433,20025477076
601.891,1.66143,44.6154,0,85,66,44,2760,10501,5.12848,166,16.9269,0,0,5433,20027138661
337.854,2.95986,44.6154,0,85,66,44,2760,10501,5.12848,166,16.9269,0,0,5433,20030098819
370.419,2.69965,44.6154,0,85,66,44,2760,10501,5.12848,166,16.9269,0,0,5433,20032798833
390.816,2.55875,44.6154,0,85,66,44,2760,10501,5.12848,166,16.9269,0,0,5433,20035357938
349.748,2.8592,44.6154,0,85,66,44,2760,10501,5.12848,166,16.9269,0,0,5433,20038217534
405.231,2.46773,44.6154,0,85,66,44,2760,10501,5.12848,166,16.9269,0,0,5433,20040685483
377.071,2.65202,44.6154,0,85,66,44,2760,10501,5.12848,166,16.9269,0,0,5433,20043337803
320.235,3.12271,44.6154,0,85,66,44,2760,10501,5.12848,166,16.9269,0,0,5433,20046460841
220.576,4.5336,44.6154,0,85,66,44,2760,10501,5.12848,166,16.9269,0,0,5433,20050994917
1811.31,0.552086,44.6154,0,85,66,44,2760,10501,5.12848,166,16.9269,0,0,5433,20051547186
362.883,2.75571,44.6154,0,85,66,44,2760,10501,5.12848,166,16.9269,0,0,5433,20054303221
480.793,2.0799,44.6154,0,85,66,44,2760,10501,5.12848,166,16.9269,0,0,5433,20056383454
308.799,3.23835,44.6154,0,85,66,44,2760,10501,5.12848,166,16.9269,0,0,5433,20059622131
435.376,2.29686,44.6154,0,85,66,44,2760,10501,5.12848,166,16.9269,0,0,5433,20061919314
288.639,3.46454,44.6154,0,85,66,44,2760,10501,5.12848,166,16.9269,0,0,5433,20065384315
605.197,1.65235,44.6154,0,85,66,44,2760,10501,5.12848,166,16.9269,0,0,5433,20067036948
297.469,3.36169,44.6154,0,85,66,44,2760,10501,5.12848,166,16.9269,0,0,5433,20070398927
322.318,3.10253,44.6154,0,85,66,44,2760,10501,5.12848,166,16.9269,0,0,5433,20073501781
473.81,2.11055,44.6154,0,85,66,44,2760,10501,5.12848,166,16.9269,0,0,5433,20075612718
363.3,2.75255,44.6154,0,85,66,44,2760,10501,5.12848,166,16.9269,0,0,5433,20078365532
474.673,2.10671,44.6154,0,85,66,44,2760,10501,5.12848,166,16.9269,0,0,5433,20080472622
331.785,3.014,44.6154,0,85,66,44,2760,10501,5.12848,166,16.9269,0,0,5433,20083486916
363.783,2.74889,44.6154,0,85,66,44,2760,10501,5.12848,166,16.9269,0,0,5433,20086236104
411.019,2.43298,44.6154,0,85,66,44,2760,10501,5.12848,166,16.9269,0,0,5433,20088669456
335.528,2.98038,44.6154,0,85,66,44,2760,10501,5.12848,166,16.9269,0,0,5433,20091650143
245.134,4.07941,44.6154,0,85,66,44,2760,10501,5.12848,166,16.9269,0,0,5433,20095729963
619.403,1.61446,44.6154,0,85,66,44,2760,10501,5.12848,166,16.9269,0,0,5433,20097347229
293.929,3.40218,44.0415,0,85,65,44,2760,10501,5.12848,166,16.9232,0,0,5440,20100747093
586.045,1.70635,44.0415,0,85,65,44,2760,10501,5.12848,166,16.9232,0,0,5440,20102453920
457.691,2.18488,44.0415,0,85,65,44,2760,10501,5.12848,166,16.9232,0,0,5440,20104639003
377.666,2.64784,44.0415,0,85,65,44,2760,10501,5.12848,166,16.9232,0,0,5440,20107287160
384.678,2.59958,44.0415,0,85,65,44,2760,10501,5.12848,166,16.9232,0,0,5440,20109887171
389.373,2.56823,44.0415,0,85,65,44,2760,10501,5.12848,166,16.9232,0,0,5440,20112455613
317.118,3.1534,44.0415,0,85,65,44,2760,10501,5.12848,166,16.9232,0,0,5440,20115609335
447.875,2.23277,44.0415,0,85,65,44,2760,10501,5.12848,166,16.9232,0,0,5440,20117842400
392.377,2.54857,44.0415,0,85,65,44,2760,10501,5.12848,166,16.9232,0,0,5440,20120391294
353.284,2.83059,44.0415,0,85,65,44,2760,10501,5.12848,166,16.9232,0,0,5440,20123222197
171.311,5.83735,44.0415,0,85,65,44,2760,10501,5.12848,166,16.9232,0,0,5440,20129059971
1283.12,0.779353,44.0415,0,85,65,44,2760,10501,5.12848,166,16.9232,0,0,5440,20129839497
575.294,1.73824,44.0415,0,85,65,44,2760,10501,5.12848,166,16.9232,0,0,5440,20131578056
355.777,2.81075,44.0415,0,85,65,44,2760,10501,5.12848,166,16.9232,0,0,5440,20134389131
313.575,3.18903,44.0415,0,85,65,44,2760,10501,5.12848,166,16.9232,0,0,5440,20137578613
479.589,2.08512,44.0415,0,85,65,44,2760,10501,5.12848,166,16.9232,0,0,5440,20139663972
343.659,2.90986,44.0415,0,85,65,44,2760,10501,5.12848,166,16.9232,0,0,5440,20142574118
386.493,2.58737,44.0415,0,85,65,44,2760,10501,5.12848,166,16.9232,0,0,5440,20145161831
401.497,2.49068,44.0415,0,85,65,44,2760,10501,5.12848,166,16.9232,0,0,5440,20147652809
332.165,3.01055,44.0415,0,85,65,44,2760,10501,5.12848,166,16.9232,0,0,5440,20150663708
242.743,4.11958,44.0415,0,85,65,44,2760,10501,5.12848,166,16.9232,0,0,5440,20154783751
584.371,1.71124,44.0415,0,85,65,44,2760,10501,5.12848,166,16.9232,0,0,5440,20156495155
504.274,1.98305,44.0415,0,85,65,44,2760,10501,5.12848,166,16.9232,0,0,5440,20158478616
247.881,4.03419,44.0415,0,85,65,44,2760,10501,5.12848,166,16.9232,0,0,5440,20162513300
625.648,1.59834,44.0415,0,85,65,44,2760,10501,5.12848,166,16.9232,0,0,5440,20164112238
369.478,2.70652,44.0415,0,85,65,44,2760,10501,5.12848,166,16.9232,0,0,5440,20166818762
375.345,2.66422,44.0415,0,85,65,44,2760,10501,5.12848,166,16.9232,0,0,5440,20169483516
336.481,2.97194,44.0415,0,85,65,44,2760,10501,5.12848,166,16.9232,0,0,5440,20172455645
350.25,2.85511,44.0415,0,85,65,44,2760,10501,5.12848,166,16.9232,0,0,5440,20175311000
461.388,2.16737,44.0415,0,85,65,44,2760,10501,5.12848,166,16.9232,0,0,5440,20177478708
218.485,4.57698,44.0415,0,85,65,44,2760,10501,5.12848,166,16.9232,0,0,5440,20182056055
735.613,1.35941,44.0415,0,85,65,44,2760,10501,5.12848,166,16.9232,0,0,5440,20183415754
499.791,2.00084,44.0415,0,85,65,44,2760,10501,5.12848,166,16.9232,0,0,5440,20185416937
396.061,2.52486,44.0415,0,85,65,44,2760,10501,5.12848,166,16.9232,0,0,5440,20187942243
335.128,2.98394,44.0415,0,85,65,44,2760,10501,5.12848,166,16.9232,0,0,5440,20190926488
344.76,2.90057,44.0415,0,85,65,44,2760,10501,5.12848,166,16.9232,0,0,5440,20193827509
454.854,2.19851,44.0415,0,85,65,44,2760,10501,5.12848,166,16.9232,0,0,5440,20196026237
349.337,2.86257,44.0415,0,85,65,44,2760,10501,5.12848,166,16.9232,0,0,5440,20198889151
348.165,2.8722,44.0415,0,85,65,44,2760,10501,5.12848,166,16.9232,0,0,5440,20201761680
385.496,2.59406,44.0415,0,85,65,44,2760,10501,5.12848,166,16.9232,0,0,5440,20204356066
252.193,3.96521,44.0415,0,85,65,44,2760,10501,5.12848,166,16.9232,0,0,5440,20208321488
594.84,1.68112,44.0415,0,85,65,44,2760,10501,5.12848,166,16.9232,0,0,5440,20210002919
327.29,3.05539,44.0415,0,85,65,44,2760,10501,5.12848,166,16.9232,0,0,5440,20213058696
269.242,3.71413,44.0415,0,85,65,44,2760,10501,5.12848,166,16.9232,0,0,5440,20216773128
1505.15,0.664387,44.0415,0,85,65,44,2760,10501,5.12848,166,16.9232,0,0,5440,20217437555
366.51,2.72844,44.0415,0,85,65,44,2760,10501,5.12848,166,16.9232,0,0,5440,20220166473
320.396,3.12113,44.0415,0,85,65,44,2760,10501,5.12848,166,16.9232,0,0,5440,20223287915
365.536,2.73571,44.0415,0,85,65,44,2760,10501,5.12848,166,16.9232,0,0,5440,20226023988
365.115,2.73886,44.0415,0,85,65,44,2760,10501,5.12848,166,16.9232,0,0,5440,20228763109
368.689,2.71231,44.0415,0,85,65,44,2760,10501,5.12848,166,16.9232,0,0,5440,20231475903
200.321,4.99199,44.0415,0,85,65,44,2760,10501,5.12848,166,16.9232,0,0,5440,20236468148
567.815,1.76114,44.0415,0,85,65,44,2760,10501,5.12848,166,16.9232,0,0,5440,20238229736
623.813,1.60304,44.0415,0,85,65,44,2760,10501,5.12848,166,16.9232,0,0,5440,20239832954
500.021,1.99991,44.0415,0,85,65,44,2760,10501,5.12848,166,16.9232,0,0,5440,20241833184
302.073,3.31046,44.0415,0,85,65,44,2760,10501,5.12848,166,16.9232,0,0,5440,20245143998
470.93,2.12346,44.0415,0,85,65,44,2760,10501,5.12848,166,16.9232,0,0,5440,20247267781
312.846,3.19646,44.0415,0,85,65,44,2760,10501,5.12848,166,16.9232,0,0,5440,20250464446
500.988,1.99606,44.0415,0,85,65,44,2760,10501,5.12848,166,16.9232,0,0,5440,20252460821
321.99,3.10568,44.0415,0,85,65,44,2760,10501,5.12848,166,16.9232,0,0,5440,20255566840
432.803,2.31052,44.0415,0,85,65,44,2760,10501,5.12848,166,16.9232,0,0,5440,20257877667
164.254,6.08813,44.0415,0,85,65,44,2760,10501,5.12848,166,16.9232,0,0,5440,20263966305
413.666,2.41741,44.0415,0,85,65,44,2760,10501,5.12848,166,16.9232,0,0,5440,20266383877
2330.77,0.429043,44.0415,0,85,65,44,2760,10501,5.12848,166,16.9232,0,0,5440,20266813142
452.391,2.21048,44.0415,0,85,65,44,2760,10501,5.12848,166,16.9232,0,0,5440,20269024005
331.44,3.01714,44.0415,0,85,65,44,2760,10501,5.12848,166,16.9232,0,0,5440,20272041472
376.964,2.65277,44.0415,0,85,65,44,2760,10501,5.12848,166,16.9232,0,0,5440,20274694523
362.85,2.75596,44.0415,0,85,65,44,2760,10501,5.12848,166,16.9232,0,0,5440,20277450827
370.765,2.69713,44.0415,0,85,65,44,2760,10501,5.12848,166,16.9232,0,0,5440,20280148274
374.907,2.66733,44.0415,0,85,65,44,2760,10501,5.12848,166,16.9232,0,0,5440,20282815902
314.399,3.18067,44.0415,0,85,65,44,2760,10501,5.12848,166,16.9232,0,0,5440,20285996971
407.703,2.45277,44.0415,0,85,65,44,2760,10501,5.12848,166,16.9232,0,0,5440,20288450034
408.568,2.44757,44.0415,0,85,65,44,2760,10501,5.12848,166,16.9232,0,0,5440,20290897944
283.677,3.52514,44.0415,0,85,65,44,2760,10501,5.12848,166,16.9232,0,0,5440,20294423553
463.279,2.15852,44.0415,0,85,65,44,2760,10501,5.12848,166,16.9232,0,0,5440,20296582308
254.695,3.92627,44.0415,0,85,65,44,2760,10501,5.12848,166,16.9232,0,0,5440,20300509056
1181.9,0.846096,44.0415,0,85,65,44,2760,10501,5.12848,166,16.9232,0,0,5440,20301355325
430.376,2.32355,44.0415,0,85,65,44,2760,10501,5.12848,166,16.9232,0,0,5440,20303679144
195.793,5.10743,44.0415,0,85,65,44,2760,10501,5.12848,166,16.9232,0,0,5440,20308787046
1190.84,0.83974,44.0415,0,85,65,44,2760,10501,5.12848,166,16.9232,0,0,5440,20309627007
426.267,2.34594,44.0415,0,85,65,44,2760,10501,5.12848,166,16.9232,0,0,5440,20311973308
193.064,5.17962,44.0415,0,85,65,44,2760,10501,5.12848,166,16.9232,0,0,5440,20317153232
559.097,1.7886,44.0415,0,85,65,44,2760,10501,5.12848,166,16.9232,0,0,5440,20318942148
441.23,2.26639,44.0415,0,85,65,44,2760,10501,5.12848,166,16.9232,0,0,5440,20321208792
355.465,2.81322,44.0415,0,85,65,44,2760,10501,5.12848,166,16.9232,0,0,5440,20324022483
496.143,2.01555,44.0415,0,85,65,44,2760,10501,5.12848,166,16.9232,0,0,5440,20326038205
262.604,3.80802,44.0415,0,85,65,44,2760,10501,5.12848,166,16.9232,0,0,5440,20329846698
474.019,2.10962,44.0415,0,85,65,44,2760,10501,5.12848,166,16.9232,0,0,5440,20331956654
404.151,2.47432,44.0415,0,85,65,44,2760,10501,5.12848,166,16.9232,0,0,5440,20334431151
341.207,2.93077,44.0415,0,85,65,44,2760,10501,5.12848,166,16.9232,0,0,5440,20337362269
419.574,2.38337,44.0415,0,85,65,44,2760,10501,5.12848,166,16.9232,0,0,5440,20339746042
212.231,4.71184,44.0415,0,85,65,44,2760,10501,5.12848,166,16.9232,0,0,5440,20344458354
339.394,2.94643,44.0415,0,85,65,44,2760,10501,5.12848,166,16.9232,0,0,5440,20347405136
1708.11,0.585443,44.0415,0,85,65,44,2760,10501,5.12848,166,16.9232,0,0,5440,20347990771
420.086,2.38047,44.0415,0,85,65,44,2760,10501,5.12848,166,16.9232,0,0,5440,20350371544
198.542,5.03671,44.0415,0,85,65,44,2760,10501,5.12848,166,16.9232,0,0,5440,20355408752
413.418,2.41886,44.0415,0,85,65,44,2760,10501,5.12848,166,16.9232,0,0,5440,20357827795
537.072,1.86195,44.0415,0,85,65,44,2760,10501,5.12848,166,16.9232,0,0,5440,20359690079
267.835,3.73364,44.0415,0,85,65,44,2760,10501,5.12848,166,16.9232,0,0,5440,20363424070
606.104,1.64988,44.0415,0,85,65,44,2760,10501,5.12848,166,16.9232,0,0,5440,20365074318
352.373,2.8379,44.0415,0,85,65,44,2760,10501,5.12848,166,16.9232,0,0,5440,20367912539
231.184,4.32556,44.0415,0,85,65,44,2760,10501,5.12848,166,16.9232,0,0,5440,20372238396
475.397,2.1035,44.0415,0,85,65,44,2760,10501,5.12848,166,16.9232,0,0,5440,20374342371
447.861,2.23284,44.0415,0,85,65,44,2760,10501,5.12848,166,16.9232,0,0,5440,20376575408
418.113,2.3917,44.0415,0,85,65,44,2760,10501,5.12848,166,16.9232,0,0,5440,20378967450
301.993,3.31133,44.0415,0,85,65,44,2760,10501,5.12848,166,16.9232,0,0,5440,20382279244
607.669,1.64563,44.0415,0,85,65,44,2760,10501,5.12848,166,16.9232,0,0,5440,20383925098
284.176,3.51894,44.0415,0,85,65,44,2760,10501,5.12848,166,16.9232,0,0,5440,20387444457
499.426,2.0023,44.0415,0,85,65,44,2760,10501,5.12848,166,16.9232,0,0,5440,20389447101
404.544,2.47192,44.0415,0,85,65,44,2760,10501,5.12848,166,16.9232,0,0,5440,20391919261
216.872,4.61102,44.0415,0,85,65,44,2760,10501,5.12848,166,16.9232,0,0,5440,20396530801
655.993,1.52441,44.0415,0,85,65,44,2760,10501,5.12848,166,16.9232,0,0,5440,20398055391
381.561,2.62081,44.0415,0,85,65,44,2760,10501,5.12848,166,16.9232,0,0,5440,20400676614
351.833,2.84226,44.0415,0,85,65,44,2760,10501,5.12848,166,16.9232,0,0,5440,20403519085
503.964,1.98427,44.0415,0,85,65,44,2760,10501,5.12848,166,16.9232,0,0,5440,20405503661
342.166,2.92256,44.0415,0,85,65,44,2760,10501,5.12848,166,16.9232,0,0,5440,20408426548
412.662,2.42329,44.0415,0,85,65,44,2760,10501,5.12848,166,16.9232,0,0,5440,20410850140
310.846,3.21702,44.0415,0,85,65,44,2760,10501,5.12848,166,16.9232,0,0,5440,20414067440
418.684,2.38844,44.0415,0,85,65,44,2760,10501,5.12848,166,16.9232,0,0,5440,20416456223
384.176,2.60297,44.0415,0,85,65,44,2760,10501,5.12848,166,16.9232,0,0,5440,20419059532
419.703,2.38264,44.0415,0,85,65,44,2760,10501,5.12848,166,16.9232,0,0,5440,20421442593
175.205,5.70761,44.0415,0,85,65,44,2760,10501,5.12848,166,16.9232,0,0,5440,20427150545
586.719,1.70439,44.0415,0,85,65,44,2760,10501,5.12848,166,16.9232,0,0,5440,20428855218
818.161,1.22225,44.0415,0,85,65,44,2760,10501,5.12848,166,16.9232,0,0,5440,20430077864
451.579,2.21445,44.0415,0,85,65,44,2760,10501,5.12848,166,16.9232,0,0,5440,20432292785
341.328,2.92973,44.0415,0,85,65,44,2760,10501,5.12848,166,16.9232,0,0,5440,20435222788
369.425,2.70691,44.0415,0,85,65,44,2760,10501,5.12848,166,16.9232,0,0,5440,20437929994
377.771,2.64711,44.0415,0,85,65,44,2760,10501,5.12848,166,16.9232,0,0,5440,20440577439
398.427,2.50987,44.0415,0,85,65,44,2760,10501,5.12848,166,16.9232,0,0,5440,20443087755
201.672,4.95854,44.0415,0,85,65,44,2760,10501,5.12848,166,16.9232,0,0,5440,20448046499
750.98,1.33159,44.0415,0,85,65,44,2760,10501,5.12848,166,16.9232,0,0,5440,20449378640
576.954,1.73324,44.0415,0,85,65,44,2760,10501,5.12848,166,16.9232,0,0,5440,20451112198
312.995,3.19494,44.0415,0,85,65,44,2760,10501,5.12848,166,16.9232,0,0,5440,20454307508
523.761,1.90927,44.0415,0,85,65,44,2760,10501,5.12848,166,16.9232,0,0,5440,20456217053
305.851,3.26957,44.0415,0,85,65,44,2760,10501,5.12848,166,16.9232,0,0,5440,20459486827
471.834,2.11939,44.0415,0,85,65,44,2760,10501,5.12848,166,16.9232,0,0,5440,20461606638
337.814,2.96021,44.0415,0,85,65,44,2760,10501,5.12848,166,16.9232,0,0,5440,20464567132
410.463,2.43628,44.0415,0,85,65,44,2760,10501,5.12848,166,16.9232,0,0,5440,20467003772
332.9,3.00391,44.0415,0,85,65,44,2760,10501,5.12848,166,16.9232,0,0,5440,20470008008
399.541,2.50287,44.0415,0,85,65,44,2760,10501,5.12848,166,16.9232,0,0,5440,20472511160
357.104,2.80031,44.0415,0,85,65,44,2760,10501,5.12848,166,16.9232,0,0,5440,20475311966
328.173,3.04717,44.0415,0,85,65,44,2760,10501,5.12848,166,16.9232,0,0,5440,20478359328
350.016,2.85701,44.0415,0,85,65,44,2760,10501,5.12848,166,16.9232,0,0,5440,20481216636
583.333,1.71429,44.0415,0,85,65,44,2760,10501,5.12848,166,16.9232,0,0,5440,20482931367
320.2,3.12305,44.0415,0,85,65,44,2760,10501,5.12848,166,16.9232,0,0,5440,20486054674
404.137,2.47441,44.0415,0,85,65,44,2760,10501,5.12848,166,16.9232,0,0,5440,20488529421
369.302,2.70781,44.0415,0,85,65,44,2760,10501,5.12848,166,16.9232,0,0,5440,20491237377
308.423,3.2423,44.0415,0,85,65,44,2760,10501,5.12848,166,16.9232,0,0,5440,20494480150
532.979,1.87625,44.0415,0,85,65,44,2760,10501,5.12848,166,16.9232,0,0,5440,20496356665
344.947,2.89899,44.0415,0,85,65,44,2760,10501,5.12848,166,16.9232,0,0,5440,20499255994
420.705,2.37697,44.0415,0,85,65,44,2760,10501,5.12848,166,16.9232,0,0,5440,20501633458
251.513,3.97593,44.0415,0,85,65,44,2760,10501,5.12848,166,16.9232,0,0,5440,20505609679
312.204,3.20303,44.0415,0,85,65,44,2760,10501,5.12848,166,16.9232,0,0,5440,20508812979
587.561,1.70195,44.0415,0,85,65,44,2760,10501,5.12848,166,16.9232,0,0,5440,20510515287
408.332,2.44899,44.0415,0,85,65,44,2760,10501,5.12848,166,16.9232,0,0,5440,20512964735
343.942,2.90746,44.0415,0,85,65,44,2760,10501,5.12848,166,16.9232,0,0,5440,20515872409
356.745,2.80312,44.0415,0,85,65,44,2760,10501,5.12848,166,16.9232,0,0,5440,20518675879
341.181,2.93099,44.0415,0,85,65,44,2760,10501,5.12848,166,16.9232,0,0,5440,20521607276
344.303,2.90441,44.0415,0,85,65,44,2760,10501,5.12848,166,16.9232,0,0,5440,20524511989
452.635,2.20929,44.0415,0,85,65,44,2760,10501,5.12848,166,16.9232,0,0,5440,20526721506
388.829,2.57183,44.0415,0,85,65,44,2760,10501,5.12848,166,16.9232,0,0,5440,20529293727
396.49,2.52213,44.0415,0,85,65,44,2760,10501,5.12848,166,16.9232,0,0,5440,20531816091
212.243,4.71159,44.0415,0,85,65,44,2760,10501,5.12848,166,16.9232,0,0,5440,20536528192
534.434,1.87114,44.0415,0,85,65,44,2760,10501,5.12848,166,16.9232,0,0,5440,20538399755
492.247,2.0315,44.0415,0,85,65,44,2760,10501,5.12848,166,16.9232,0,0,5440,20540431372
317.235,3.15224,44.0415,0,85,65,44,2760,10501,5.12848,166,16.9232,0,0,5440,20543584103
508.304,1.96732,44.0415,0,85,65,44,2760,10501,5.12848,166,16.9232,0,0,5440,20545551813
220.215,4.54102,44.0415,0,85,65,44,2760,10501,5.12848,166,16.9232,0,0,5440,20550093188
405.117,2.46842,44.0415,0,85,65,44,2760,10501,5.12848,166,16.9232,0,0,5440,20552561934
651.774,1.53427,44.0415,0,85,65,44,2760,10501,5.12848,166,16.9232,0,0,5440,20554096342
222.407,4.49626,44.0415,0,85,65,44,2760,10501,5.12848,166,16.9232,0,0,5440,20558593157
678.58,1.47366,44.0415,0,85,65,44,2760,10501,5.12848,166,16.9232,0,0,5440,20560067130
301.109,3.32105,44.0415,0,85,65,44,2760,10501,5.12848,166,16.9232,0,0,5440,20563388530
644.768,1.55095,44.0415,0,85,65,44,2760,10501,5.12848,166,16.9232,0,0,5440,20564939880
370.809,2.6968,44.0415,0,85,65,44,2760,10501,5.12848,166,16.9232,0,0,5440,20567636990
363.918,2.74787,44.0415,0,85,65,44,2760,10501,5.12848,166,16.9232,0,0,5440,20570385112
329.416,3.03568,44.0415,0,85,65,44,2760,10501,5.12848,166,16.9232,0,0,5440,20573421118
512.124,1.95265,44.0415,0,85,65,44,2760,10501,5.12848,166,16.9232,0,0,5440,20575374155
292.32,3.4209,44.0415,0,85,65,44,2760,10501,5.12848,166,16.9232,0,0,5440,20578795414
441.625,2.26436,44.0415,0,85,65,44,2760,10501,5.12848,166,16.9232,0,0,5440,20581060048
428.567,2.33336,44.0415,0,85,65,44,2760,10501,5.12848,166,16.9232,0,0,5440,20583393733
341.222,2.93065,44.0415,0,85,65,44,2760,10501,5.12848,166,16.9232,0,0,5440,20586324678
267.459,3.73888,44.0415,0,85,65,44,2760,10501,5.12848,166,16.9232,0,0,5440,20590064092
585.52,1.70788,44.0415,0,85,65,44,2760,10501,5.12848,166,16.9232,0,0,5440,20591772313
428.205,2.33533,44.0415,0,85,65,44,2760,10501,5.12848,166,16.9232,0,0,5440,20594107882
302.656,3.30408,44.0415,0,85,65,44,2760,10501,5.12848,166,16.9232,0,0,5440,20597415042
433.174,2.30854,43.7746,0,86,65,44,2760,10501,5.12848,165,16.9239,0,0,5441,20599721264
399.655,2.50216,43.7746,0,86,65,44,2760,10501,5.12848,165,16.9239,0,0,5441,20602223810
282.711,3.53719,43.7746,0,86,65,44,2760,10501,5.12848,165,16.9239,0,0,5441,20605761429
260.345,3.84106,43.7746,0,86,65,44,2760,10501,5.12848,165,16.9239,0,0,5441,20609603039
543.426,1.84018,43.7746,0,86,65,44,2760,10501,5.12848,165,16.9239,0,0,5441,20611443226
224.088,4.46253,43.7746,0,86,65,44,2760,10501,5.12848,165,16.9239,0,0,5441,20615906136
486.925,2.0537,43.7746,0,86,65,44,2760,10501,5.12848,165,16.9239,0,0,5441,20617960292
394.488,2.53493,43.7746,0,86,65,44,2760,10501,5.12848,165,16.9239,0,0,5441,20620495599
193.83,5.15916,43.7746,0,86,65,44,2760,10501,5.12848,165,16.9239,0,0,5441,20625655628
149.358,6.69534,43.7746,0,86,65,44,2760,10501,5.12848,165,16.9239,0,0,5441,20632351440
304.47,3.2844,43.7746,0,86,65,44,2760,10501,5.12848,165,16.9239,0,0,5441,20635636493
403.239,2.47992,43.7746,0,86,65,44,2760,10501,5.12848,165,16.9239,0,0,5441,20638117000
120.976,8.2661,43.7746,0,86,65,44,2760,10501,5.12848,165,16.9239,0,0,5441,20646384154
111.03,9.00661,43.7746,0,86,65,44,2760,10501,5.12848,165,16.9239,0,0,5441,20655391659
450.691,2.21882,43.7746,0,86,65,44,2760,10501,5.12848,165,16.9239,0,0,5441,20657610878
287.572,3.4774,43.7746,0,86,65,44,2760,10501,5.12848,165,16.9239,0,0,5441,20661088649
527.574,1.89547,43.7746,0,86,65,44,2760,10501,5.12848,165,16.9239,0,0,5441,20662984627
588.562,1.69906,43.7746,0,86,65,44,2760,10501,5.12848,165,16.9239,0,0,5441,20664683963
335.345,2.982,43.7746,0,86,65,44,2760,10501,5.12848,165,16.9239,0,0,5441,20667666496
200.642,4.984,43.7746,0,86,65,44,2760,10501,5.12848,165,16.9239,0,0,5441,20672651087
456.449,2.19082,43.7746,0,86,65,44,2760,10501,5.12848,165,16.9239,0,0,5441,20674842449
215.426,4.64195,43.7746,0,86,65,44,2760,10501,5.12848,165,16.9239,0,0,5441,20679484692
498.32,2.00674,43.7746,0,86,65,44,2760,10501,5.12848,165,16.9239,0,0,5441,20681491856
481.508,2.07681,43.7746,0,86,65,44,2760,10501,5.12848,165,16.9239,0,0,5441,20683569137
523.64,1.90971,43.7746,0,86,65,44,2760,10501,5.12848,165,16.9239,0,0,5441,20685479250
422.338,2.36777,43.7746,0,86,65,44,2760,10501,5.12848,165,16.9239,0,0,5441,20687847407
355.468,2.81319,43.7746,0,86,65,44,2760,10501,5.12848,165,16.9239,0,0,5441,20690661338
303.929,3.29025,43.7746,0,86,65,44,2760,10501,5.12848,165,16.9239,0,0,5441,20693951805
390.735,2.55928,43.7746,0,86,65,44,2760,10501,5.12848,165,16.9239,0,0,5441,20696511199
221.03,4.52427,43.7746,0,86,65,44,2760,10501,5.12848,165,16.9239,0,0,5441,20701036188
643.997,1.5528,43.7746,0,86,65,44,2760,10501,5.12848,165,16.9239,0,0,5441,20702588807
288.723,3.46353,43.7746,0,86,65,44,2760,10501,5.12848,165,16.9239,0,0,5441,20706052770
1261.89,0.792459,43.7746,0,86,65,44,2760,10501,5.12848,165,16.9239,0,0,5441,20706845480
367.401,2.72182,43.7746,0,86,65,44,2760,10501,5.12848,165,16.9239,0,0,5441,20709567610
355.077,2.81629,43.7746,0,86,65,44,2760,10501,5.12848,165,16.9239,0,0,5441,20712384330
345.461,2.89468,43.7746,0,86,65,44,2760,10501,5.12848,165,16.9239,0,0,5441,20715279321
625.002,1.6,43.7746,0,86,65,44,2760,10501,5.12848,165,16.9239,0,0,5441,20716879491
275.64,3.62792,43.7746,0,86,65,44,2760,10501,5.12848,165,16.9239,0,0,5441,20720507805
523.061,1.91182,43.7746,0,86,65,44,2760,10501,5.12848,165,16.9239,0,0,5441,20722419937
229.945,4.34886,43.7746,0,86,65,44,2760,10501,5.12848,165,16.9239,0,0,5441,20726769084
506.228,1.97539,43.7746,0,86,65,44,2760,10501,5.12848,165,16.9239,0,0,5441,20728744900
422.353,2.36769,43.7746,0,86,65,44,2760,10501,5.12848,165,16.9239,0,0,5441,20731112874
439.306,2.27632,43.7746,0,86,65,44,2760,10501,5.12848,165,16.9239,0,0,5441,20733389557
334.145,2.99272,43.7746,0,86,65,44,2760,10501,5.12848,165,16.9239,0,0,5441,20736382629
202.322,4.94261,43.7746,0,86,65,44,2760,10501,5.12848,165,16.9239,0,0,5441,20741325690
301.131,3.32081,43.7746,0,86,65,44,2760,10501,5.12848,165,16.9239,0,0,5441,20744646965
1630.11,0.613454,43.7746,0,86,65,44,2760,10501,5.12848,165,16.9239,0,0,5441,20745260649
391.092,2.55694,43.7746,0,86,65,44,2760,10501,5.12848,165,16.9239,0,0,5441,20747818024
512.563,1.95098,43.7746,0,86,65,44,2760,10501,5.12848,165,16.9239,0,0,5441,20749769214
199.54,5.01154,43.7746,0,86,65,44,2760,10501,5.12848,165,16.9239,0,0,5441,20754781085
1104.03,0.905771,43.7746,0,86,65,44,2760,10501,5.12848,165,16.9239,0,0,5441,20755687154
476.334,2.09937,43.7746,0,86,65,44,2760,10501,5.12848,165,16.9239,0,0,5441,20757786869
327.714,3.05144,43.7746,0,86,65,44,2760,10501,5.12848,165,16.9239,0,0,5441,20760838770
194.085,5.15238,43.7746,0,86,65,44,2760,10501,5.12848,165,16.9239,0,0,5441,20765991521
1686.04,0.593106,43.7746,0,86,65,44,2760,10501,5.12848,165,16.9239,0,0,5441,20766584868
342.167,2.92255,43.7746,0,86,65,44,2760,10501,5.12848,165,16.9239,0,0,5441,20769507812
488.804,2.04581,43.7746,0,86,65,44,2760,10501,5.12848,165,16.9239,0,0,5441,20771554026
231.5,4.31965,43.7746,0,86,65,44,2760,10501,5.12848,165,16.9239,0,0,5441,20775873786
854.455,1.17034,43.7746,0,86,65,44,2760,10501,5.12848,165,16.9239,0,0,5441,20777044528
202.27,4.9439,43.7746,0,86,65,44,2760,10501,5.12848,165,16.9239,0,0,5441,20781988752
1929.22,0.518345,43.7746,0,86,65,44,2760,10501,5.12848,165,16.9239,0,0,5441,20782507472
238.639,4.19043,43.7746,0,86,65,44,2760,10501,5.12848,165,16.9239,0,0,5441,20786698363
989.981,1.01012,43.7746,0,86,65,44,2760,10501,5.12848,165,16.9239,0,0,5441,20787708935
358.735,2.78758,43.7746,0,86,65,44,2760,10501,5.12848,165,16.9239,0,0,5441,20790496587
407.441,2.45434,43.7746,0,86,65,44,2760,10501,5.12848,165,16.9239,0,0,5441,20792951208
417.402,2.39577,43.7746,0,86,65,44,2760,10501,5.12848,165,16.9239,0,0,5441,20795347298
316.556,3.159,43.7746,0,86,65,44,2760,10501,5.12848,165,16.9239,0,0,5441,20798506597
199.961,5.00097,43.7746,0,86,65,44,2760,10501,5.12848,165,16.9239,0,0,5441,20803508045
2296.89,0.435371,43.7746,0,86,65,44,2760,10501,5.12848,165,16.9239,0,0,5441,20803943396
206.771,4.83627,43.7746,0,86,65,44,2760,10501,5.12848,165,16.9239,0,0,5441,20808780328
736.467,1.35783,43.7746,0,86,65,44,2760,10501,5.12848,165,16.9239,0,0,5441,20810138307
408.321,2.44905,43.7746,0,86,65,44,2760,10501,5.12848,165,16.9239,0,0,5441,20812587803
313.763,3.18712,43.7746,0,86,65,44,2760,10501,5.12848,165,16.9239,0,0,5441,20815775246
510.362,1.95939,43.7746,0,86,65,44,2760,10501,5.12848,165,16.9239,0,0,5441,20817734899
260.894,3.83297,43.7746,0,86,65,44,2760,10501,5.12848,165,16.9239,0,0,5441,20821568201
357.541,2.79688,43.7746,0,86,65,44,2760,10501,5.12848,165,16.9239,0,0,5441,20824365440
472.276,2.11741,43.7746,0,86,65,44,2760,10501,5.12848,165,16.9239,0,0,5441,20826483155
331.088,3.02034,43.7746,0,86,65,44,2760,10501,5.12848,165,16.9239,0,0,5441,20829503757
519.689,1.92423,43.7746,0,86,65,44,2760,10501,5.12848,165,16.9239,0,0,5441,20831428380
210.61,4.74811,43.7746,0,86,65,44,2760,10501,5.12848,165,16.9239,0,0,5441,20836176761
670.833,1.49068,43.7746,0,86,65,44,2760,10501,5.12848,165,16.9239,0,0,5441,20837667811
332.427,3.00818,43.7746,0,86,65,44,2760,10501,5.12848,165,16.9239,0,0,5441,20840676220
519.51,1.92489,43.7746,0,86,65,44,2760,10501,5.12848,165,16.9239,0,0,5441,20842601468
408.713,2.44671,43.7746,0,86,65,44,2760,10501,5.12848,165,16.9239,0,0,5441,20845048579
305.125,3.27734,43.7746,0,86,65,44,2760,10501,5.12848,165,16.9239,0,0,5441,20848326305
347.052,2.88141,43.7746,0,86,65,44,2760,10501,5.12848,165,16.9239,0,0,5441,20851208046
411.662,2.42918,43.7746,0,86,65,44,2760,10501,5.12848,165,16.9239,0,0,5441,20853637465
455.983,2.19306,43.7746,0,86,65,44,2760,10501,5.12848,165,16.9239,0,0,5441,20855830750
296.624,3.37127,43.7746,0,86,65,44,2760,10501,5.12848,165,16.9239,0,0,5441,20859202546
187.198,5.34194,43.7746,0,86,65,44,2760,10501,5.12848,165,16.9239,0,0,5441,20864544967
491.863,2.03309,43.7746,0,86,65,44,2760,10501,5.12848,165,16.9239,0,0,5441,20866578468
215.106,4.64887,43.7746,0,86,65,44,2760,10501,5.12848,165,16.9239,0,0,5441,20871227567
319.334,3.13152,43.7746,0,86,65,44,2760,10501,5.12848,165,16.9239,0,0,5441,20874359432
1777.14,0.562702,43.7746,0,86,65,44,2760,10501,5.12848,165,16.9239,0,0,5441,20874922230
224.755,4.44929,43.7746,0,86,65,44,2760,10501,5.12848,165,16.9239,0,0,5441,20879372063
341.5,2.92826,43.7746,0,86,65,44,2760,10501,5.12848,165,16.9239,0,0,5441,20882300854
438.554,2.28022,43.7746,0,86,65,44,2760,10501,5.12848,165,16.9239,0,0,5441,20884581440
542.68,1.84271,43.7746,0,86,65,44,2760,10501,5.12848,165,16.9239,0,0,5441,20886424387
166.265,6.01449,43.7746,0,86,65,44,2760,10501,5.12848,165,16.9239,0,0,5441,20892439368
664.931,1.50392,43.7746,0,86,65,44,2760,10501,5.12848,165,16.9239,0,0,5441,20893943592
490.938,2.03692,43.7746,0,86,65,44,2760,10501,5.12848,165,16.9239,0,0,5441,20895980853
510.761,1.95786,43.7746,0,86,65,44,2760,10501,5.12848,165,16.9239,0,0,5441,20897939140
280.983,3.55894,43.7746,0,86,65,44,2760,10501,5.12848,165,16.9239,0,0,5441,20901498520
212.988,4.69511,43.7746,0,86,65,44,2760,10501,5.12848,165,16.9239,0,0,5441,20906194120
849.575,1.17706,43.7746,0,86,65,44,2760,10501,5.12848,165,16.9239,0,0,5441,20907371314
622.987,1.60517,43.7746,0,86,65,44,2760,10501,5.12848,165,16.9239,0,0,5441,20908976762
219.368,4.55855,43.7746,0,86,65,44,2760,10501,5.12848,165,16.9239,0,0,5441,20913535868
326.541,3.0624,43.7746,0,86,65,44,2760,10501,5.12848,165,16.9239,0,0,5441,20916598500
541.615,1.84633,43.7746,0,86,65,44,2760,10501,5.12848,165,16.9239,0,0,5441,20918445197
450.281,2.22083,43.7746,0,86,65,44,2760,10501,5.12848,165,16.9239,0,0,5441,20920666272
327.895,3.04976,43.7746,0,86,65,44,2760,10501,5.12848,165,16.9239,0,0,5441,20923716374
459.217,2.17762,43.7746,0,86,65,44,2760,10501,5.12848,165,16.9239,0,0,5441,20925894553
454.866,2.19845,43.7746,0,86,65,44,2760,10501,5.12848,165,16.9239,0,0,5441,20928093108
280.495,3.56513,43.7746,0,86,65,44,2760,10501,5.12848,165,16.9239,0,0,5441,20931658825
173.059,5.77837,43.7746,0,86,65,44,2760,10501,5.12848,165,16.9239,0,0,5441,20937437885
243.524,4.10638,43.7746,0,86,65,44,2760,10501,5.12848,165,16.9239,0,0,5441,20941544677
1863.94,0.536499,43.7746,0,86,65,44,2760,10501,5.12848,165,16.9239,0,0,5441,20942081176
198.749,5.03147,43.7746,0,86,65,44,2760,10501,5.12848,165,16.9239,0,0,5441,20947113067
880.11,1.13622,43.7746,0,86,65,44,2760,10501,5.12848,165,16.9239,0,0,5441,20948249711
248.778,4.01965,43.7746,0,86,65,44,2760,10501,5.12848,165,16.9239,0,0,5441,20952273414
368.794,2.71154,43.7746,0,86,65,44,2760,10501,5.12848,165,16.9239,0,0,5441,20954981822
206.797,4.83566,43.7746,0,86,65,44,2760,10501,5.12848,165,16.9239,0,0,5441,20959818245
504.681,1.98145,43.7746,0,86,65,44,2760,10501,5.12848,165,16.9239,0,0,5441,20961799956
838.431,1.1927,43.7746,0,86,65,44,2760,10501,5.12848,165,16.9239,0,0,5441,20962993111
418.885,2.38729,43.7746,0,86,65,44,2760,10501,5.12848,165,16.9239,0,0,5441,20965380798
142.168,7.03395,43.7746,0,86,65,44,2760,10501,5.12848,165,16.9239,0,0,5441,20972415496
1488.75,0.671705,43.7746,0,86,65,44,2760,10501,5.12848,165,16.9239,0,0,5441,20973087403
564.242,1.77229,43.7746,0,86,65,44,2760,10501,5.12848,165,16.9239,0,0,5441,20974860050
148.641,6.72764,43.7746,0,86,65,44,2760,10501,5.12848,165,16.9239,0,0,5441,20981588296
559.073,1.78867,43.7746,0,86,65,44,2760,10501,5.12848,165,16.9239,0,0,5441,20983377558
364.045,2.74691,43.7746,0,86,65,44,2760,10501,5.12848,165,16.9239,0,0,5441,20986124593
274.365,3.64478,43.7746,0,86,65,44,2760,10501,5.12848,165,16.9239,0,0,5441,20989770235
2352.76,0.425033,43.7746,0,86,65,44,2760,10501,5.12848,165,16.9239,0,0,5441,20990195355
267.375,3.74006,43.7746,0,86,65,44,2760,10501,5.12848,165,16.9239,0,0,5441,20993935904
434.757,2.30013,43.7746,0,86,65,44,2760,10501,5.12848,165,16.9239,0,0,5441,20996236241
160.205,6.24199,43.7746,0,86,65,44,2760,10501,5.12848,165,16.9239,0,0,5441,21002479086
227.735,4.39106,43.7746,0,86,65,44,2760,10501,5.12848,165,16.9239,0,0,5441,21006870465
219.065,4.56487,43.7746,0,86,65,44,2760,10501,5.12848,165,16.9239,0,0,5441,21011435898
280.341,3.56708,43.7746,0,86,65,44,2760,10501,5.12848,165,16.9239,0,0,5441,21015003037
744.539,1.34311,43.7746,0,86,65,44,2760,10501,5.12848,165,16.9239,0,0,5441,21016346448
276.003,3.62315,43.7746,0,86,65,44,2760,10501,5.12848,165,16.9239,0,0,5441,21019970301
701.201,1.42613,43.7746,0,86,65,44,2760,10501,5.12848,165,16.9239,0,0,5441,21021396474
470.153,2.12697,43.7746,0,86,65,44,2760,10501,5.12848,165,16.9239,0,0,5441,21023523757
284.885,3.51019,43.7746,0,86,65,44,2760,10501,5.12848,165,16.9239,0,0,5441,21027034529
573.837,1.74266,43.7746,0,86,65,44,2760,10501,5.12848,165,16.9239,0,0,5441,21028777472
501.989,1.99208,43.7746,0,86,65,44,2760,10501,5.12848,165,16.9239,0,0,5441,21030770030
376.244,2.65785,43.7746,0,86,65,44,2760,10501,5.12848,165,16.9239,0,0,5441,21033428139
249.427,4.00919,43.7746,0,86,65,44,2760,10501,5.12848,165,16.9239,0,0,5441,21037437755
264.713,3.77767,43.7746,0,86,65,44,2760,10501,5.12848,165,16.9239,0,0,5441,21041215815
1323.87,0.755362,43.7746,0,86,65,44,2760,10501,5.12848,165,16.9239,0,0,5441,21041971407
397.811,2.51376,43.7746,0,86,65,44,2760,10501,5.12848,165,16.9239,0,0,5441,21044485636
258.713,3.86528,43.7746,0,86,65,44,2760,10501,5.12848,165,16.9239,0,0,5441,21048351334
388.083,2.57677,43.7746,0,86,65,44,2760,10501,5.12848,165,16.9239,0,0,5441,21050928353
126.654,7.89555,43.7746,0,86,65,44,2760,10501,5.12848,165,16.9239,0,0,5441,21058824456
349.264,2.86316,43.7746,0,86,65,44,2760,10501,5.12848,165,16.9239,0,0,5441,21061687966
361.239,2.76825,43.7746,0,86,65,44,2760,10501,5.12848,165,16.9239,0,0,5441,21064456540
237.276,4.21451,43.7746,0,86,65,44,2760,10501,5.12848,165,16.9239,0,0,5441,21068671278
497.96,2.00819,43.7746,0,86,65,44,2760,10501,5.12848,165,16.9239,0,0,5441,21070679913
247.34,4.04302,43.7746,0,86,65,44,2760,10501,5.12848,165,16.9239,0,0,5441,21074723251
445.194,2.24621,43.7746,0,86,65,44,2760,10501,5.12848,165,16.9239,0,0,5441,21076969673
94.4882,10.5833,43.7746,0,86,65,44,2760,10501,5.12848,165,16.9239,0,0,5441,21087554068
465.64,2.14758,43.7746,0,86,65,44,2760,10501,5.12848,165,16.9239,0,0,5441,21089702006
148.236,6.74598,43.7746,0,86,65,44,2760,10501,5.12848,165,16.9239,0,0,5441,21096448464
495.073,2.01991,43.7746,0,86,65,44,2760,10501,5.12848,165,16.9239,0,0,5441,21098470590
418.246,2.39094,54.0365,0,85,66,44,2760,10501,5.12845,165,16.9718,0,0,5434,21100860113
355.823,2.81038,54.0365,0,85,66,44,2760,10501,5.12845,165,16.9718,0,0,5434,21103670900
482.249,2.07362,54.0365,0,85,66,44,2760,10501,5.12845,165,16.9718,0,0,5434,21105744893
231.206,4.32516,54.0365,0,85,66,44,2760,10501,5.12845,165,16.9718,0,0,5434,21110070693
435.039,2.29865,54.0365,0,85,66,44,2760,10501,5.12845,165,16.9718,0,0,5434,21112369366
1118.67,0.893915,54.0365,0,85,66,44,2760,10501,5.12845,165,16.9718,0,0,5434,21113263627
183.129,5.46065,54.0365,0,85,66,44,2760,10501,5.12845,165,16.9718,0,0,5434,21118724619
197.462,5.06428,54.0365,0,85,66,44,2760,10501,5.12845,165,16.9718,0,0,5434,21123789578
1583.24,0.631618,54.0365,0,85,66,44,2760,10501,5.12845,165,16.9718,0,0,5434,21124421619
376.676,2.6548,54.0365,0,85,66,44,2760,10501,5.12845,165,16.9718,0,0,5434,21127076525
307.849,3.24835,54.0365,0,85,66,44,2760,10501,5.12845,165,16.9718,0,0,5434,21130325366
309.155,3.23463,54.0365,0,85,66,44,2760,10501,5.12845,165,16.9718,0,0,5434,21133560388
201.374,4.96589,54.0365,0,85,66,44,2760,10501,5.12845,165,16.9718,0,0,5434,21138526690
345.292,2.8961,54.0365,0,85,66,44,2760,10501,5.12845,165,16.9718,0,0,5434,21141423018
255.228,3.91806,54.0365,0,85,66,44,2760,10501,5.12845,165,16.9718,0,0,5434,21145341333
355.416,2.81361,54.0365,0,85,66,44,2760,10501,5.12845,165,16.9718,0,0,5434,21148155399
338.076,2.95792,54.0365,0,85,66,44,2760,10501,5.12845,165,16.9718,0,0,5434,21151113691
729.319,1.37114,54.0365,0,85,66,44,2760,10501,5.12845,165,16.9718,0,0,5434,21152485035
234.254,4.26887,54.0365,0,85,66,44,2760,10501,5.12845,165,16.9718,0,0,5434,21156754506
1687.57,0.592568,54.0365,0,85,66,44,2760,10501,5.12845,165,16.9718,0,0,5434,21157347363
267.291,3.74124,54.0365,0,85,66,44,2760,10501,5.12845,165,16.9718,0,0,5434,21161088787
370.309,2.70045,54.0365,0,85,66,44,2760,10501,5.12845,165,16.9718,0,0,5434,21163789522
238.27,4.19692,54.0365,0,85,66,44,2760,10501,5.12845,165,16.9718,0,0,5434,21167987010
1444.21,0.692418,54.0365,0,85,66,44,2760,10501,5.12845,165,16.9718,0,0,5434,21168679610
358.465,2.78967,54.0365,0,85,66,44,2760,10501,5.12845,165,16.9718,0,0,5434,21171469608
204.265,4.8956,54.0365,0,85,66,44,2760,10501,5.12845,165,16.9718,0,0,5434,21176365696
301.003,3.32223,54.0365,0,85,66,44,2760,10501,5.12845,165,16.9718,0,0,5434,21179688173
938.283,1.06578,54.0365,0,85,66,44,2760,10501,5.12845,165,16.9718,0,0,5434,21180754228
788.342,1.26848,54.0365,0,85,66,44,2760,10501,5.12845,165,16.9718,0,0,5434,21182023127
423.768,2.35978,54.0365,0,85,66,44,2760,10501,5.12845,165,16.9718,0,0,5434,21184383235
202.182,4.94604,54.0365,0,85,66,44,2760,10501,5.12845,165,16.9718,0,0,5434,21189329662
249.023,4.01569,54.0365,0,85,66,44,2760,10501,5.12845,165,16.9718,0,0,5434,21193345874
1028.51,0.972282,54.0365,0,85,66,44,2760,10501,5.12845,165,16.9718,0,0,5434,21194318464
286.284,3.49304,54.0365,0,85,66,44,2760,10501,5.12845,165,16.9718,0,0,5434,21197811717
497.977,2.00813,54.0365,0,85,66,44,2760,10501,5.12845,165,16.9718,0,0,5434,21199820169
372.506,2.68452,54.0365,0,85,66,44,2760,10501,5.12845,165,16.9718,0,0,5434,21202505134
447.987,2.23221,54.0365,0,85,66,44,2760,10501,5.12845,165,16.9718,0,0,5434,21204737556
286.118,3.49506,54.0365,0,85,66,44,2760,10501,5.12845,165,16.9718,0,0,5434,21208233087
249.479,4.00835,54.0365,0,85,66,44,2760,10501,5.12845,165,16.9718,0,0,5434,21212241693
453.885,2.2032,54.0365,0,85,66,44,2760,10501,5.12845,165,16.9718,0,0,5434,21214445306
357.956,2.79364,54.0365,0,85,66,44,2760,10501,5.12845,165,16.9718,0,0,5434,21217239208
495.391,2.01861,54.0365,0,85,66,44,2760,10501,5.12845,165,16.9718,0,0,5434,21219258247
592.647,1.68735,54.0365,0,85,66,44,2760,10501,5.12845,165,16.9718,0,0,5434,21220945890
471.127,2.12257,54.0365,0,85,66,44,2760,10501,5.12845,165,16.9718,0,0,5434,21223068866
229.173,4.36352,54.0365,0,85,66,44,2760,10501,5.12845,165,16.9718,0,0,5434,21227432648
589.673,1.69586,54.0365,0,85,66,44,2760,10501,5.12845,165,16.9718,0,0,5434,21229128984
209.845,4.76541,54.0365,0,85,66,44,2760,10501,5.12845,165,16.9718,0,0,5434,21233894683
3033.38,0.329665,54.0365,0,85,66,44,2760,10501,5.12845,165,16.9718,0,0,5434,21234224184
480.025,2.08322,54.0365,0,85,66,44,2760,10501,5.12845,165,16.9718,0,0,5434,21236307947
327.641,3.05212,54.0365,0,85,66,44,2760,10501,5.12845,165,16.9718,0,0,5434,21239360492
465.853,2.1466,54.0365,0,85,66,44,2760,10501,5.12845,165,16.9718,0,0,5434,21241507295
290.879,3.43786,54.0365,0,85,66,44,2760,10501,5.12845,165,16.9718,0,0,5434,21244945497
448.89,2.22772,54.0365,0,85,66,44,2760,10501,5.12845,165,16.9718,0,0,5434,21247173495
465.357,2.14889,54.0365,0,85,66,44,2760,10501,5.12845,165,16.9718,0,0,5434,21249322847
338.417,2.95494,54.0365,0,85,66,44,2760,10501,5.12845,165,16.9718,0,0,5434,21252278216
327.112,3.05705,54.0365,0,85,66,44,2760,10501,5.12845,165,16.9718,0,0,5434,21255335674
350.413,2.85378,54.0365,0,85,66,44,2760,10501,5.12845,165,16.9718,0,0,5434,21258189674
268.664,3.72213,54.0365,0,85,66,44,2760,10501,5.12845,165,16.9718,0,0,5434,21261912165
451.149,2.21656,54.0365,0,85,66,44,2760,10501,5.12845,165,16.9718,0,0,5434,21264129201
236.192,4.23385,54.0365,0,85,66,44,2760,10501,5.12845,165,16.9718,0,0,5434,21268363258
1101.48,0.907867,54.0365,0,85,66,44,2760,10501,5.12845,165,16.9718,0,0,5434,21269271538
373.552,2.677,54.0365,0,85,66,44,2760,10501,5.12845,165,16.9718,0,0,5434,21271948782
505.48,1.97832,54.0365,0,85,66,44,2760,10501,5.12845,165,16.9718,0,0,5434,21273927445
196.468,5.08989,54.0365,0,85,66,44,2760,10501,5.12845,165,16.9718,0,0,5434,21279017645
428.919,2.33144,54.0365,0,85,66,44,2760,10501,5.12845,165,16.9718,0,0,5434,21281349561
944.779,1.05845,54.0365,0,85,66,44,2760,10501,5.12845,165,16.9718,0,0,5434,21282407981
293.585,3.40617,54.0365,0,85,66,44,2760,10501,5.12845,165,16.9718,0,0,5434,21285814701
276.05,3.62254,54.0365,0,85,66,44,2760,10501,5.12845,165,16.9718,0,0,5434,21289437554
807.301,1.2387,54.0365,0,85,66,44,2760,10501,5.12845,165,16.9718,0,0,5434,21290676567
440.223,2.27158,54.0365,0,85,66,44,2760,10501,5.12845,165,16.9718,0,0,5434,21292948538
318.121,3.14346,54.0365,0,85,66,44,2760,10501,5.12845,165,16.9718,0,0,5434,21296092288
440.96,2.26778,54.0365,0,85,66,44,2760,10501,5.12845,165,16.9718,0,0,5434,21298360509
400.188,2.49882,54.0365,0,85,66,44,2760,10501,5.12845,165,16.9718,0,0,5434,21300859593
368.583,2.71309,54.0365,0,85,66,44,2760,10501,5.12845,165,16.9718,0,0,5434,21303573021
419.986,2.38103,54.0365,0,85,66,44,2760,10501,5.12845,165,16.9718,0,0,5434,21305954313
176.414,5.66848,54.0365,0,85,66,44,2760,10501,5.12845,165,16.9718,0,0,5434,21311623369
2485.94,0.402263,54.0365,0,85,66,44,2760,10501,5.12845,165,16.9718,0,0,5434,21312025460
384.168,2.60303,54.0365,0,85,66,44,2760,10501,5.12845,165,16.9718,0,0,5434,21314628980
459.073,2.1783,54.0365,0,85,66,44,2760,10501,5.12845,165,16.9718,0,0,5434,21316807592
337.696,2.96124,54.0365,0,85,66,44,2760,10501,5.12845,165,16.9718,0,0,5434,21319769173
382.682,2.61314,54.0365,0,85,66,44,2760,10501,5.12845,165,16.9718,0,0,5434,21322382684
194.895,5.13098,54.0365,0,85,66,44,2760,10501,5.12845,165,16.9718,0,0,5434,21327514126
491.347,2.03522,54.0365,0,85,66,44,2760,10501,5.12845,165,16.9718,0,0,5434,21329549637
606.687,1.6483,54.0365,0,85,66,44,2760,10501,5.12845,165,16.9718,0,0,5434,21331198298
296.01,3.37827,54.0365,0,85,66,44,2760,10501,5.12845,165,16.9718,0,0,5434,21334577143
495.93,2.01641,54.0365,0,85,66,44,2760,10501,5.12845,165,16.9718,0,0,5434,21336593797
388.512,2.57392,54.0365,0,85,66,44,2760,10501,5.12845,165,16.9718,0,0,5434,21339168201
325.894,3.06848,54.0365,0,85,66,44,2760,10501,5.12845,165,16.9718,0,0,5434,21342236959
522.827,1.91268,54.0365,0,85,66,44,2760,10501,5.12845,165,16.9718,0,0,5434,21344149956
273.458,3.65686,54.0365,0,85,66,44,2760,10501,5.12845,165,16.9718,0,0,5434,21347807127
528.325,1.89278,54.0365,0,85,66,44,2760,10501,5.12845,165,16.9718,0,0,5434,21349700258
246.745,4.05277,54.0365,0,85,66,44,2760,10501,5.12845,165,16.9718,0,0,5434,21353753299
614.495,1.62735,54.0365,0,85,66,44,2760,10501,5.12845,165,16.9718,0,0,5434,21355380921
343.926,2.9076,54.0365,0,85,66,44,2760,10501,5.12845,165,16.9718,0,0,5434,21358288894
381.503,2.62121,54.0365,0,85,66,44,2760,10501,5.12845,165,16.9718,0,0,5434,21360910386
364.368,2.74448,54.0365,0,85,66,44,2760,10501,5.12845,165,16.9718,0,0,5434,21363655190
332.404,3.00839,54.0365,0,85,66,44,2760,10501,5.12845,165,16.9718,0,0,5434,21366663897
457.872,2.18402,54.0365,0,85,66,44,2760,10501,5.12845,165,16.9718,0,0,5434,21368848250
377.911,2.64613,54.0365,0,85,66,44,2760,10501,5.12845,165,16.9718,0,0,5434,21371494675
329.329,3.03648,54.0365,0,85,66,44,2760,10501,5.12845,165,16.9718,0,0,5434,21374531441
421.656,2.3716,54.0365,0,85,66,44,2760,10501,5.12845,165,16.9718,0,0,5434,21376903386
232.15,4.30757,54.0365,0,85,66,44,2760,10501,5.12845,165,16.9718,0,0,5434,21381211426
398.963,2.5065,54.0365,0,85,66,44,2760,10501,5.12845,165,16.9718,0,0,5434,21383718279
612.685,1.63216,54.0365,0,85,66,44,2760,10501,5.12845,165,16.9718,0,0,5434,21385350652
390.657,2.55979,54.0365,0,85,66,44,2760,10501,5.12845,165,16.9718,0,0,5434,21387910834
299.671,3.337,54.0365,0,85,66,44,2760,10501,5.12845,165,16.9718,0,0,5434,21391248360
493.614,2.02588,54.0365,0,85,66,44,2760,10501,5.12845,165,16.9718,0,0,5434,21393274467
327.355,3.05479,54.0365,0,85,66,44,2760,10501,5.12845,165,16.9718,0,0,5434,21396329695
393.775,2.53952,54.0365,0,85,66,44,2760,10501,5.12845,165,16.9718,0,0,5434,21398869377
376.431,2.65653,54.0365,0,85,66,44,2760,10501,5.12845,165,16.9718,0,0,5434,21401526389
393.749,2.53969,54.0365,0,85,66,44,2760,10501,5.12845,165,16.9718,0,0,5434,21404066311
199.016,5.02472,54.0365,0,85,66,44,2760,10501,5.12845,165,16.9718,0,0,5434,21409091404
612.003,1.63398,54.0365,0,85,66,44,2760,10501,5.12845,165,16.9718,0,0,5434,21410725622
405.604,2.46546,54.0365,0,85,66,44,2760,10501,5.12845,165,16.9718,0,0,5434,21413191417
404.074,2.4748,54.0365,0,85,66,44,2760,10501,5.12845,165,16.9718,0,0,5434,21415666500
362.515,2.75851,54.0365,0,85,66,44,2760,10501,5.12845,165,16.9718,0,0,5434,21418425401
352.427,2.83747,54.0365,0,85,66,44,2760,10501,5.12845,165,16.9718,0,0,5434,21421263131
315.762,3.16694,54.0365,0,85,66,44,2760,10501,5.12845,165,16.9718,0,0,5434,21424430401
515.27,1.94073,54.0365,0,85,66,44,2760,10501,5.12845,165,16.9718,0,0,5434,21426371601
334.329,2.99106,54.0365,0,85,66,44,2760,10501,5.12845,165,16.9718,0,0,5434,21429362933
523.706,1.90947,54.0365,0,85,66,44,2760,10501,5.12845,165,16.9718,0,0,5434,21431272738
242.872,4.1174,54.0365,0,85,66,44,2760,10501,5.12845,165,16.9718,0,0,5434,21435390482
614.575,1.62714,54.0365,0,85,66,44,2760,10501,5.12845,165,16.9718,0,0,5434,21437017931
354.62,2.81992,54.0365,0,85,66,44,2760,10501,5.12845,165,16.9718,0,0,5434,21439838094
465.917,2.1463,54.0365,0,85,66,44,2760,10501,5.12845,165,16.9718,0,0,5434,21441984560
396.951,2.5192,54.0365,0,85,66,44,2760,10501,5.12845,165,16.9718,0,0,5434,21444504164
344.289,2.90454,54.0365,0,85,66,44,2760,10501,5.12845,165,16.9718,0,0,5434,21447409003
330.435,3.02631,54.0365,0,85,66,44,2760,10501,5.12845,165,16.9718,0,0,5434,21450435547
457.304,2.18673,54.0365,0,85,66,44,2760,10501,5.12845,165,16.9718,0,0,5434,21452622650
365.832,2.7335,54.0365,0,85,66,44,2760,10501,5.12845,165,16.9718,0,0,5434,21455356386
346.081,2.8895,54.0365,0,85,66,44,2760,10501,5.12845,165,16.9718,0,0,5434,21458246262
249.814,4.00298,54.0365,0,85,66,44,2760,10501,5.12845,165,16.9718,0,0,5434,21462249695
433.821,2.3051,54.0365,0,85,66,44,2760,10501,5.12845,165,16.9718,0,0,5434,21464555186
682.078,1.46611,54.0365,0,85,66,44,2760,10501,5.12845,165,16.9718,0,0,5434,21466021486
385.562,2.59362,54.0365,0,85,66,44,2760,10501,5.12845,165,16.9718,0,0,5434,21468615438
309.262,3.2335,54.0365,0,85,66,44,2760,10501,5.12845,165,16.9718,0,0,5434,21471849307
459.645,2.17559,54.0365,0,85,66,44,2760,10501,5.12845,165,16.9718,0,0,5434,21474025207
394.258,2.53641,54.0365,0,85,66,44,2760,10501,5.12845,165,16.9718,0,0,5434,21476562158
343.179,2.91393,54.0365,0,85,66,44,2760,10501,5.12845,165,16.9718,0,0,5434,21479476401
333.843,2.99542,54.0365,0,85,66,44,2760,10501,5.12845,165,16.9718,0,0,5434,21482471982
415.055,2.40932,54.0365,0,85,66,44,2760,10501,5.12845,165,16.9718,0,0,5434,21484881612
244.329,4.09284,54.0365,0,85,66,44,2760,10501,5.12845,165,16.9718,0,0,5434,21488974750
657.045,1.52197,54.0365,0,85,66,44,2760,10501,5.12845,165,16.9718,0,0,5434,21490497349
399.249,2.5047,54.0365,0,85,66,44,2760,10501,5.12845,165,16.9718,0,0,5434,21493002116
367.938,2.71785,54.0365,0,85,66,44,2760,10501,5.12845,165,16.9718,0,0,5434,21495720236
395.738,2.52692,54.0365,0,85,66,44,2760,10501,5.12845,165,16.9718,0,0,5434,21498247552
286.535,3.48997,54.0365,0,85,66,44,2760,10501,5.12845,165,16.9718,0,0,5434,21501737853
548.968,1.8216,54.0365,0,85,66,44,2760,10501,5.12845,165,16.9718,0,0,5434,21503559779
272.107,3.67503,54.0365,0,85,66,44,2760,10501,5.12845,165,16.9718,0,0,5434,21507235115
501.021,1.99592,54.0365,0,85,66,44,2760,10501,5.12845,165,16.9718,0,0,5434,21509231451
193.971,5.1554,54.0365,0,85,66,44,2760,10501,5.12845,165,16.9718,0,0,5434,21514387039
529.716,1.8878,54.0365,0,85,66,44,2760,10501,5.12845,165,16.9718,0,0,5434,21516279035
597.991,1.67227,54.0365,0,85,66,44,2760,10501,5.12845,165,16.9718,0,0,5434,21517951553
225.756,4.42955,54.0365,0,85,66,44,2760,10501,5.12845,165,16.9718,0,0,5434,21522381558
923.544,1.08279,54.0365,0,85,66,44,2760,10501,5.12845,165,16.9718,0,0,5434,21523464691
512.417,1.95154,54.0365,0,85,66,44,2760,10501,5.12845,165,16.9718,0,0,5434,21525416612
316.424,3.16032,54.0365,0,85,66,44,2760,10501,5.12845,165,16.9718,0,0,5434,21528577161
391.198,2.55625,54.0365,0,85,66,44,2760,10501,5.12845,165,16.9718,0,0,5434,21531133718
406.232,2.46165,54.0365,0,85,66,44,2760,10501,5.12845,165,16.9718,0,0,5434,21533595705
355.393,2.81379,54.0365,0,85,66,44,2760,10501,5.12845,165,16.9718,0,0,5434,21536409790
405.309,2.46726,54.0365,0,85,66,44,2760,10501,5.12845,165,16.9718,0,0,5434,21538877547
200.105,4.99739,54.0365,0,85,66,44,2760,10501,5.12845,165,16.9718,0,0,5434,21543875225
707.84,1.41275,54.0365,0,85,66,44,2760,10501,5.12845,165,16.9718,0,0,5434,21545288368
343.148,2.9142,54.0365,0,85,66,44,2760,10501,5.12845,165,16.9718,0,0,5434,21548202842
687.28,1.45501,54.0365,0,85,66,44,2760,10501,5.12845,165,16.9718,0,0,5434,21549658169
388.38,2.5748,54.0365,0,85,66,44,2760,10501,5.12845,165,16.9718,0,0,5434,21552233285
306.452,3.26316,54.0365,0,85,66,44,2760,10501,5.12845,165,16.9718,0,0,5434,21555496780
193.233,5.17511,54.0365,0,85,66,44,2760,10501,5.12845,165,16.9718,0,0,5434,21560672348
2021.39,0.494709,54.0365,0,85,66,44,2760,10501,5.12845,165,16.9718,0,0,5434,21561167077
404.985,2.46923,54.0365,0,85,66,44,2760,10501,5.12845,165,16.9718,0,0,5434,21563636640
352.9,2.83366,54.0365,0,85,66,44,2760,10501,5.12845,165,16.9718,0,0,5434,21566470640
245.931,4.06617,54.0365,0,85,66,44,2760,10501,5.12845,165,16.9718,0,0,5434,21570537181
666.537,1.50029,54.0365,0,85,66,44,2760,10501,5.12845,165,16.9718,0,0,5434,21572037722
464.627,2.15227,54.0365,0,85,66,44,2760,10501,5.12845,165,16.9718,0,0,5434,21574190265
401.577,2.49018,54.0365,0,85,66,44,2760,10501,5.12845,165,16.9718,0,0,5434,21576680917
321.704,3.10845,54.0365,0,85,66,44,2760,10501,5.12845,165,16.9718,0,0,5434,21579789569
346.546,2.88562,54.0365,0,85,66,44,2760,10501,5.12845,165,16.9718,0,0,5434,21582675465
439.208,2.27683,54.0365,0,85,66,44,2760,10501,5.12845,165,16.9718,0,0,5434,21584952763
353.484,2.82898,54.0365,0,85,66,44,2760,10501,5.12845,165,16.9718,0,0,5434,21587782108
401.472,2.49083,54.0365,0,85,66,44,2760,10501,5.12845,165,16.9718,0,0,5434,21590273240
339.961,2.94151,54.0365,0,85,66,44,2760,10501,5.12845,165,16.9718,0,0,5434,21593214974
199.769,5.00577,54.0365,0,85,66,44,2760,10501,5.12845,165,16.9718,0,0,5434,21598221373
589.924,1.69513,54.0365,0,85,66,44,2760,10501,5.12845,165,16.9718,0,0,5434,21599918517
569.295,1.75656,47.5196,0,84,66,44,2760,10501,5.12799,163,16.9822,0,0,5450,21601673595
343.495,2.91125,47.5196,0,84,66,44,2760,10501,5.12799,163,16.9822,0,0,5450,21604585232
451.589,2.2144,47.5196,0,84,66,44,2760,10501,5.12799,163,16.9822,0,0,5450,21606799864
348.427,2.87004,47.5196,0,84,66,44,2760,10501,5.12799,163,16.9822,0,0,5450,21609670307
330.949,3.02161,47.5196,0,84,66,44,2760,10501,5.12799,163,16.9822,0,0,5450,21612692217
345.34,2.89569,47.5196,0,84,66,44,2760,10501,5.12799,163,16.9822,0,0,5450,21615588199
445.253,2.24591,47.5196,0,84,66,44,2760,10501,5.12799,163,16.9822,0,0,5450,21617834390
215.237,4.64605,47.5196,0,84,66,44,2760,10501,5.12799,163,16.9822,0,0,5450,21622480979
636.753,1.57047,47.5196,0,84,66,44,2760,10501,5.12799,163,16.9822,0,0,5450,21624051455
396.361,2.52295,47.5196,0,84,66,44,2760,10501,5.12799,163,16.9822,0,0,5450,21626575011
470.336,2.12614,47.5196,0,84,66,44,2760,10501,5.12799,163,16.9822,0,0,5450,21628701439
358.358,2.79051,47.5196,0,84,66,44,2760,10501,5.12799,163,16.9822,0,0,5450,21631492273
452.119,2.21181,47.5196,0,84,66,44,2760,10501,5.12799,163,16.9822,0,0,5450,21633704396
378.45,2.64236,47.5196,0,84,66,44,2760,10501,5.12799,163,16.9822,0,0,5450,21636346985
366.18,2.7309,47.5196,0,84,66,44,2760,10501,5.12799,163,16.9822,0,0,5450,21639078289
312.666,3.1983,47.5196,0,84,66,44,2760,10501,5.12799,163,16.9822,0,0,5450,21642286743
500.594,1.99762,47.5196,0,84,66,44,2760,10501,5.12799,163,16.9822,0,0,5450,21644274800
306.716,3.26034,47.5196,0,84,66,44,2760,10501,5.12799,163,16.9822,0,0,5450,21647535506
252.28,3.96386,47.5196,0,84,66,44,2760,10501,5.12799,163,16.9822,0,0,5450,21651499659
482.444,2.07278,47.5196,0,84,66,44,2760,10501,5.12799,163,16.9822,0,0,5450,21653572883
406.643,2.45916,47.5196,0,84,66,44,2760,10501,5.12799,163,16.9822,0,0,5450,21656032321
363.702,2.74951,47.5196,0,84,66,44,2760,10501,5.12799,163,16.9822,0,0,5450,21658782116
207.542,4.8183,47.5196,0,84,66,44,2760,10501,5.12799,163,16.9822,0,0,5450,21663601038
446.212,2.24109,47.5196,0,84,66,44,2760,10501,5.12799,163,16.9822,0,0,5450,21665842489
567.174,1.76313,47.5196,0,84,66,44,2760,10501,5.12799,163,16.9822,0,0,5450,21667605875
603.249,1.65769,47.5196,0,84,66,44,2760,10501,5.12799,163,16.9822,0,0,5450,21669263940
358.59,2.7887,47.5196,0,84,66,44,2760,10501,5.12799,163,16.9822,0,0,5450,21672052929
328.728,3.04203,47.5196,0,84,66,44,2760,10501,5.12799,163,16.9822,0,0,5450,21675095320
219.666,4.55236,47.5196,0,84,66,44,2760,10501,5.12799,163,16.9822,0,0,5450,21679648185
1188.82,0.841173,47.5196,0,84,66,44,2760,10501,5.12799,163,16.9822,0,0,5450,21680489597
405.832,2.46407,47.5196,0,84,66,44,2760,10501,5.12799,163,16.9822,0,0,5450,21682953931
351.973,2.84112,47.5196,0,84,66,44,2760,10501,5.12799,163,16.9822,0,0,5450,21685795555
378.721,2.64046,47.5196,0,84,66,44,2760,10501,5.12799,163,16.9822,0,0,5450,21688436134
409.325,2.44304,47.5196,0,84,66,44,2760,10501,5.12799,163,16.9822,0,0,5450,21690879476
273.85,3.65163,47.5196,0,84,66,44,2760,10501,5.12799,163,16.9822,0,0,5450,21694531600
463.817,2.15602,47.5196,0,84,66,44,2760,10501,5.12799,163,16.9822,0,0,5450,21696687855
394.839,2.53268,47.5196,0,84,66,44,2760,10501,5.12799,163,16.9822,0,0,5450,21699220815
378.677,2.64077,47.5196,0,84,66,44,2760,10501,5.12799,163,16.9822,0,0,5450,21701861933
252.106,3.96658,47.5196,0,84,66,44,2760,10501,5.12799,163,16.9822,0,0,5450,21705828759
430.025,2.32544,47.5196,0,84,66,44,2760,10501,5.12799,163,16.9822,0,0,5450,21708154587
532.297,1.87865,47.5196,0,84,66,44,2760,10501,5.12799,163,16.9822,0,0,5450,21710033622
309.946,3.22637,47.5196,0,84,66,44,2760,10501,5.12799,163,16.9822,0,0,5450,21713260490
356.084,2.80833,47.5196,0,84,66,44,2760,10501,5.12799,163,16.9822,0,0,5450,21716068931
573.774,1.74285,47.5196,0,84,66,44,2760,10501,5.12799,163,16.9822,0,0,5450,21717812057
357.632,2.79617,47.5196,0,84,66,44,2760,10501,5.12799,163,16.9822,0,0,5450,21720608546
418.976,2.38677,47.5196,0,84,66,44,2760,10501,5.12799,163,16.9822,0,0,5450,21722995684
255.508,3.91377,47.5196,0,84,66,44,2760,10501,5.12799,163,16.9822,0,0,5450,21726909719
561.721,1.78024,47.5196,0,84,66,44,2760,10501,5.12799,163,16.9822,0,0,5450,21728690308
454.502,2.20021,47.5196,0,84,66,44,2760,10501,5.12799,163,16.9822,0,0,5450,21730890806
313.259,3.19224,47.5196,0,84,66,44,2760,10501,5.12799,163,16.9822,0,0,5450,21734083375
299.853,3.33497,47.5196,0,84,66,44,2760,10501,5.12799,163,16.9822,0,0,5450,21737418612
557.251,1.79452,47.5196,0,84,66,44,2760,10501,5.12799,163,16.9822,0,0,5450,21739213528
357.546,2.79684,47.5196,0,84,66,44,2760,10501,5.12799,163,16.9822,0,0,5450,21742010719
459.263,2.1774,47.5196,0,84,66,44,2760,10501,5.12799,163,16.9822,0,0,5450,21744188417
298.959,3.34494,47.5196,0,84,66,44,2760,10501,5.12799,163,16.9822,0,0,5450,21747533770
366.389,2.72934,47.5196,0,84,66,44,2760,10501,5.12799,163,16.9822,0,0,5450,21750263497
503.669,1.98543,47.5196,0,84,66,44,2760,10501,5.12799,163,16.9822,0,0,5450,21752249112
286.483,3.49061,47.5196,0,84,66,44,2760,10501,5.12799,163,16.9822,0,0,5450,21755740124
208.485,4.79652,47.5196,0,84,66,44,2760,10501,5.12799,163,16.9822,0,0,5450,21760537074
559.5,1.78731,47.5196,0,84,66,44,2760,10501,5.12799,163,16.9822,0,0,5450,21762324567
479.461,2.08568,47.5196,0,84,66,44,2760,10501,5.12799,163,16.9822,0,0,5450,21764410589
327.013,3.05799,47.5196,0,84,66,44,2760,10501,5.12799,163,16.9822,0,0,5450,21767468884
308.174,3.24492,47.5196,0,84,66,44,2760,10501,5.12799,163,16.9822,0,0,5450,21770714051
509.056,1.96442,47.5196,0,84,66,44,2760,10501,5.12799,163,16.9822,0,0,5450,21772678839
439.837,2.27357,47.5196,0,84,66,44,2760,10501,5.12799,163,16.9822,0,0,5450,21774952810
287.478,3.47852,47.5196,0,84,66,44,2760,10501,5.12799,163,16.9822,0,0,5450,21778431821
495.531,2.01804,47.5196,0,84,66,44,2760,10501,5.12799,163,16.9822,0,0,5450,21780450129
341.297,2.93,47.5196,0,84,66,44,2760,10501,5.12799,163,16.9822,0,0,5450,21783413777
250.511,3.99185,47.5196,0,84,66,44,2760,10501,5.12799,163,16.9822,0,0,5450,21787405873
698.577,1.43148,47.5196,0,84,66,44,2760,10501,5.12799,163,16.9822,0,0,5450,21788837672
574.995,1.73915,47.5196,0,84,66,44,2760,10501,5.12799,163,16.9822,0,0,5450,21790577125
349.796,2.85881,47.5196,0,84,66,44,2760,10501,5.12799,163,16.9822,0,0,5450,21793436346
403.168,2.48035,47.5196,0,84,66,44,2760,10501,5.12799,163,16.9822,0,0,5450,21795917170
350.63,2.85201,47.5196,0,84,66,44,2760,10501,5.12799,163,16.9822,0,0,5450,21798769343
349.143,2.86416,47.5196,0,84,66,44,2760,10501,5.12799,163,16.9822,0,0,5450,21801633786
362.896,2.75561,47.5196,0,84,66,44,2760,10501,5.12799,163,16.9822,0,0,5450,21804389763
397.678,2.51459,47.5196,0,84,66,44,2760,10501,5.12799,163,16.9822,0,0,5450,21806904665
281.633,3.55072,47.5196,0,84,66,44,2760,10501,5.12799,163,16.9822,0,0,5450,21810455823
611.935,1.63416,47.5196,0,84,66,44,2760,10501,5.12799,163,16.9822,0,0,5450,21812090301
341.588,2.9275,47.5196,0,84,66,44,2760,10501,5.12799,163,16.9822,0,0,5450,21815018064
357.271,2.799,47.5196,0,84,66,44,2760,10501,5.12799,163,16.9822,0,0,5450,21817817331
436.028,2.29343,47.5196,0,84,66,44,2760,10501,5.12799,163,16.9822,0,0,5450,21820111216
351.612,2.84405,47.5196,0,84,66,44,2760,10501,5.12799,163,16.9822,0,0,5450,21822955639
384.105,2.60345,47.5196,0,84,66,44,2760,10501,5.12799,163,16.9822,0,0,5450,21825559207
271.923,3.67752,47.5196,0,84,66,44,2760,10501,5.12799,163,16.9822,0,0,5450,21829237148
537.094,1.86187,47.5196,0,84,66,44,2760,10501,5.12799,163,16.9822,0,0,5450,21831099404
421.042,2.37506,47.5196,0,84,66,44,2760,10501,5.12799,163,16.9822,0,0,5450,21833474811
317.695,3.14767,47.5196,0,84,66,44,2760,10501,5.12799,163,16.9822,0,0,5450,21836622878
413.362,2.41919,47.5196,0,84,66,44,2760,10501,5.12799,163,16.9822,0,0,5450,21839042402
304.565,3.28337,47.5196,0,84,66,44,2760,10501,5.12799,163,16.9822,0,0,5450,21842326061
462.711,2.16118,47.5196,0,84,66,44,2760,10501,5.12799,163,16.9822,0,0,5450,21844487595
329.737,3.03272,47.5196,0,84,66,44,2760,10501,5.12799,163,16.9822,0,0,5450,21847520726
462.851,2.16052,47.5196,0,84,66,44,2760,10501,5.12799,163,16.9822,0,0,5450,21849681530
389.904,2.56473,47.5196,0,84,66,44,2760,10501,5.12799,163,16.9822,0,0,5450,21852246520
346.168,2.88877,47.5196,0,84,66,44,2760,10501,5.12799,163,16.9822,0,0,5450,21855135617
389.351,2.56838,47.5196,0,84,66,44,2760,10501,5.12799,163,16.9822,0,0,5450,21857704329
341.129,2.93144,47.5196,0,84,66,44,2760,10501,5.12799,163,16.9822,0,0,5450,21860636159
361.371,2.76724,47.5196,0,84,66,44,2760,10501,5.12799,163,16.9822,0,0,5450,21863403704
312.749,3.19745,47.5196,0,84,66,44,2760,10501,5.12799,163,16.9822,0,0,5450,21866601610
362.269,2.76038,47.5196,0,84,66,44,2760,10501,5.12799,163,16.9822,0,0,5450,21869362203
328.369,3.04535,47.5196,0,84,66,44,2760,10501,5.12799,163,16.9822,0,0,5450,21872407892
543.009,1.84159,47.5196,0,84,66,44,2760,10501,5.12799,163,16.9822,0,0,5450,21874249858
372.67,2.68334,47.5196,0,84,66,44,2760,10501,5.12799,163,16.9822,0,0,5450,21876933458
406.543,2.45977,47.5196,0,84,66,44,2760,10501,5.12799,163,16.9822,0,0,5450,21879393541
372.693,2.68318,47.5196,0,84,66,44,2760,10501,5.12799,163,16.9822,0,0,5450,21882077256
201.793,4.95558,47.5196,0,84,66,44,2760,10501,5.12799,163,16.9822,0,0,5450,21887033135
1873.34,0.533807,47.5196,0,84,66,44,2760,10501,5.12799,163,16.9822,0,0,5450,21887567085
334.566,2.98895,47.5196,0,84,66,44,2760,10501,5.12799,163,16.9822,0,0,5450,21890556571
462.523,2.16205,47.5196,0,84,66,44,2760,10501,5.12799,163,16.9822,0,0,5450,21892718874
260.728,3.83542,47.5196,0,84,66,44,2760,10501,5.12799,163,16.9822,0,0,5450,21896554580
305.838,3.26971,47.5196,0,84,66,44,2760,10501,5.12799,163,16.9822,0,0,5450,21899824719
669.175,1.49438,47.5196,0,84,66,44,2760,10501,5.12799,163,16.9822,0,0,5450,21901319318
463.432,2.15781,47.5196,0,84,66,44,2760,10501,5.12799,163,16.9822,0,0,5450,21903477573
349.933,2.85769,47.5196,0,84,66,44,2760,10501,5.12799,163,16.9822,0,0,5450,21906335535
370.687,2.6977,47.5196,0,84,66,44,2760,10501,5.12799,163,16.9822,0,0,5450,21909033501
427.239,2.34061,47.5196,0,84,66,44,2760,10501,5.12799,163,16.9822,0,0,5450,21911374618
328.033,3.04848,47.5196,0,84,66,44,2760,10501,5.12799,163,16.9822,0,0,5450,21914423471
367.636,2.72008,47.5196,0,84,66,44,2760,10501,5.12799,163,16.9822,0,0,5450,21917143928
332.14,3.01078,47.5196,0,84,66,44,2760,10501,5.12799,163,16.9822,0,0,5450,21920154953
280.324,3.5673,47.5196,0,84,66,44,2760,10501,5.12799,163,16.9822,0,0,5450,21923722775
571.843,1.74873,47.5196,0,84,66,44,2760,10501,5.12799,163,16.9822,0,0,5450,21925471699
420.863,2.37607,47.5196,0,84,66,44,2760,10501,5.12799,163,16.9822,0,0,5450,21927848068
423.409,2.36178,47.5196,0,84,66,44,2760,10501,5.12799,163,16.9822,0,0,5450,21930210253
356.047,2.80861,47.5196,0,84,66,44,2760,10501,5.12799,163,16.9822,0,0,5450,21933019194
374.312,2.67157,47.5196,0,84,66,44,2760,10501,5.12799,163,16.9822,0,0,5450,21935691024
353.58,2.82821,47.5196,0,84,66,44,2760,10501,5.12799,163,16.9822,0,0,5450,21938519552
372.742,2.68282,47.5196,0,84,66,44,2760,10501,5.12799,163,16.9822,0,0,5450,21941202835
392.312,2.54899,47.5196,0,84,66,44,2760,10501,5.12799,163,16.9822,0,0,5450,21943752075
344.194,2.90534,47.5196,0,84,66,44,2760,10501,5.12799,163,16.9822,0,0,5450,21946657894
213.172,4.69104,47.5196,0,84,66,44,2760,10501,5.12799,163,16.9822,0,0,5450,21951349254
711.725,1.40504,47.5196,0,84,66,44,2760,10501,5.12799,163,16.9822,0,0,5450,21952754647
387.968,2.57753,47.5196,0,84,66,44,2760,10501,5.12799,163,16.9822,0,0,5450,21955332571
364.309,2.74492,47.5196,0,84,66,44,2760,10501,5.12799,163,16.9822,0,0,5450,21958077875
343.108,2.91453,47.5196,0,84,66,44,2760,10501,5.12799,163,16.9822,0,0,5450,21960992906
312.027,3.20485,47.5196,0,84,66,44,2760,10501,5.12799,163,16.9822,0,0,5450,21964198254
571.563,1.74959,47.5196,0,84,66,44,2760,10501,5.12799,163,16.9822,0,0,5450,21965948005
374.388,2.67102,47.5196,0,84,66,44,2760,10501,5.12799,163,16.9822,0,0,5450,21968619384
411.261,2.43154,47.5196,0,84,66,44,2760,10501,5.12799,163,16.9822,0,0,5450,21971051389
329.573,3.03423,47.5196,0,84,66,44,2760,10501,5.12799,163,16.9822,0,0,5450,21974085809
189.974,5.26389,47.5196,0,84,66,44,2760,10501,5.12799,163,16.9822,0,0,5450,21979350246
911.57,1.09701,47.5196,0,84,66,44,2760,10501,5.12799,163,16.9822,0,0,5450,21980447417
608.199,1.6442,47.5196,0,84,66,44,2760,10501,5.12799,163,16.9822,0,0,5450,21982091780
344.291,2.90452,47.5196,0,84,66,44,2760,10501,5.12799,163,16.9822,0,0,5450,21984996657
377.491,2.64907,47.5196,0,84,66,44,2760,10501,5.12799,163,16.9822,0,0,5450,21987646140
202.844,4.92991,47.5196,0,84,66,44,2760,10501,5.12799,163,16.9822,0,0,5450,21992576441
432.441,2.31245,47.5196,0,84,66,44,2760,10501,5.12799,163,16.9822,0,0,5450,21994889154
629.42,1.58877,47.5196,0,84,66,44,2760,10501,5.12799,163,16.9822,0,0,5450,21996478284
627.831,1.59279,47.5196,0,84,66,44,2760,10501,5.12799,163,16.9822,0,0,5450,21998071434
355.092,2.81617,47.5196,0,84,66,44,2760,10501,5.12799,163,16.9822,0,0,5450,22000887846
203.463,4.9149,47.5196,0,84,66,44,2760,10501,5.12799,163,16.9822,0,0,5450,22005803098
1864.94,0.536211,47.5196,0,84,66,44,2760,10501,5.12799,163,16.9822,0,0,5450,22006339626
381.06,2.62426,47.5196,0,84,66,44,2760,10501,5.12799,163,16.9822,0,0,5450,22008964186
371.967,2.68841,47.5196,0,84,66,44,2760,10501,5.12799,163,16.9822,0,0,5450,22011652892
374.75,2.66845,47.5196,0,84,66,44,2760,10501,5.12799,163,16.9822,0,0,5450,22014321655
387.04,2.58371,47.5196,0,84,66,44,2760,10501,5.12799,163,16.9822,0,0,5450,22016905819
284.724,3.51218,47.5196,0,84,66,44,2760,10501,5.12799,163,16.9822,0,0,5450,22020418216
369.465,2.70662,47.5196,0,84,66,44,2760,10501,5.12799,163,16.9822,0,0,5450,22023125307
312.096,3.20414,47.5196,0,84,66,44,2760,10501,5.12799,163,16.9822,0,0,5450,22026329809
665.769,1.50202,47.5196,0,84,66,44,2760,10501,5.12799,163,16.9822,0,0,5450,22027832245
161.526,6.19096,47.5196,0,84,66,44,2760,10501,5.12799,163,16.9822,0,0,5450,22034023540
436.34,2.29179,47.5196,0,84,66,44,2760,10501,5.12799,163,16.9822,0,0,5450,22036315829
528.419,1.89244,47.5196,0,84,66,44,2760,10501,5.12799,163,16.9822,0,0,5450,22038208479
383.139,2.61002,47.5196,0,84,66,44,2760,10501,5.12799,163,16.9822,0,0,5450,22040818990
413.515,2.41829,47.5196,0,84,66,44,2760,10501,5.12799,163,16.9822,0,0,5450,22043237495
367.13,2.72383,47.5196,0,84,66,44,2760,10501,5.12799,163,16.9822,0,0,5450,22045961779
343.001,2.91544,47.5196,0,84,66,44,2760,10501,5.12799,163,16.9822,0,0,5450,22048877473
432.436,2.31248,47.5196,0,84,66,44,2760,10501,5.12799,163,16.9822,0,0,5450,22051190291
281.8,3.54861,47.5196,0,84,66,44,2760,10501,5.12799,163,16.9822,0,0,5450,22054739286
471.05,2.12292,47.5196,0,84,66,44,2760,10501,5.12799,163,16.9822,0,0,5450,22056862473
243.428,4.10799,47.5196,0,84,66,44,2760,10501,5.12799,163,16.9822,0,0,5450,22060970948
810.75,1.23343,47.5196,0,84,66,44,2760,10501,5.12799,163,16.9822,0,0,5450,22062204557
240.297,4.16152,47.5196,0,84,66,44,2760,10501,5.12799,163,16.9822,0,0,5450,22066366418
949.826,1.05282,47.5196,0,84,66,44,2760,10501,5.12799,163,16.9822,0,0,5450,22067419559
455.017,2.19772,47.5196,0,84,66,44,2760,10501,5.12799,163,16.9822,0,0,5450,22069617576
368.544,2.71338,47.5196,0,84,66,44,2760,10501,5.12799,163,16.9822,0,0,5450,22072331292
319.811,3.12684,47.5196,0,84,66,44,2760,10501,5.12799,163,16.9822,0,0,5450,22075458455
312.191,3.20317,47.5196,0,84,66,44,2760,10501,5.12799,163,16.9822,0,0,5450,22078661967
620.286,1.61216,47.5196,0,84,66,44,2760,10501,5.12799,163,16.9822,0,0,5450,22080274368
300.517,3.3276,47.5196,0,84,66,44,2760,10501,5.12799,163,16.9822,0,0,5450,22083602364
226.082,4.42318,47.5196,0,84,66,44,2760,10501,5.12799,163,16.9822,0,0,5450,22088025927
1365,0.732601,47.5196,0,84,66,44,2760,10501,5.12799,163,16.9822,0,0,5450,22088758500
382.122,2.61696,47.5196,0,84,66,44,2760,10501,5.12799,163,16.9822,0,0,5450,22091375867
421.595,2.37194,47.5196,0,84,66,44,2760,10501,5.12799,163,16.9822,0,0,5450,22093748101
336.124,2.97509,47.5196,0,84,66,44,2760,10501,5.12799,163,16.9822,0,0,5450,22096723557
409.995,2.43905,47.5196,0,84,66,44,2760,10501,5.12799,163,16.9822,0,0,5450,22099162946
355.38,2.81389,47.5196,0,84,66,44,2760,10501,5.12799,163,16.9822,0,0,5450,22101979330
331.476,3.01681,44.4877,0,84,66,44,2760,10501,5.12799,161,16.9677,0,0,5439,22104994268
427.26,2.34049,44.4877,0,84,66,44,2760,10501,5.12799,161,16.9677,0,0,5439,22107335241
352.216,2.83916,44.4877,0,84,66,44,2760,10501,5.12799,161,16.9677,0,0,5439,22110174558
477.863,2.09265,44.4877,0,84,66,44,2760,10501,5.12799,161,16.9677,0,0,5439,22112267638
331.756,3.01427,44.4877,0,84,66,44,2760,10501,5.12799,161,16.9677,0,0,5439,22115282115
432.655,2.31131,44.4877,0,84,66,44,2760,10501,5.12799,161,16.9677,0,0,5439,22117593808
311.08,3.21461,44.4877,0,84,66,44,2760,10501,5.12799,161,16.9677,0,0,5439,22120808686
441.805,2.26344,44.4877,0,84,66,44,2760,10501,5.12799,161,16.9677,0,0,5439,22123072569
282.999,3.53358,44.4877,0,84,66,44,2760,10501,5.12799,161,16.9677,0,0,5439,22126606506
681.797,1.46671,44.4877,0,84,66,44,2760,10501,5.12799,161,16.9677,0,0,5439,22128073344
351.15,2.84779,44.4877,0,84,66,44,2760,10501,5.12799,161,16.9677,0,0,5439,22130921449
358.563,2.78891,44.4877,0,84,66,44,2760,10501,5.12799,161,16.9677,0,0,5439,22133710697
317.464,3.14996,44.4877,0,84,66,44,2760,10501,5.12799,161,16.9677,0,0,5439,22136861034
235.473,4.24677,44.4877,0,84,66,44,2760,10501,5.12799,161,16.9677,0,0,5439,22141108091
448.829,2.22802,44.4877,0,84,66,44,2760,10501,5.12799,161,16.9677,0,0,5439,22143336435
749.443,1.33432,44.4877,0,84,66,44,2760,10501,5.12799,161,16.9677,0,0,5439,22144671086
328.112,3.04774,44.4877,0,84,66,44,2760,10501,5.12799,161,16.9677,0,0,5439,22147719150
382.28,2.61589,44.4877,0,84,66,44,2760,10501,5.12799,161,16.9677,0,0,5439,22150335469
242.621,4.12166,44.4877,0,84,66,44,2760,10501,5.12799,161,16.9677,0,0,5439,22154457752
1538.34,0.650051,44.4877,0,84,66,44,2760,10501,5.12799,161,16.9677,0,0,5439,22155107764
289.421,3.45517,44.4877,0,84,66,44,2760,10501,5.12799,161,16.9677,0,0,5439,22158563246
446.811,2.23809,44.4877,0,84,66,44,2760,10501,5.12799,161,16.9677,0,0,5439,22160801629
344.244,2.90492,44.4877,0,84,66,44,2760,10501,5.12799,161,16.9677,0,0,5439,22163706910
214.029,4.67227,44.4877,0,84,66,44,2760,10501,5.12799,161,16.9677,0,0,5439,22168379596
276.425,3.61762,44.4877,0,84,66,44,2760,10501,5.12799,161,16.9677,0,0,5439,22171997468
498.196,2.00724,44.4877,0,84,66,44,2760,10501,5.12799,161,16.9677,0,0,5439,22174005180
495.927,2.01642,44.4877,0,84,66,44,2760,10501,5.12799,161,16.9677,0,0,5439,22176021786
349.69,2.85967,44.4877,0,84,66,44,2760,10501,5.12799,161,16.9677,0,0,5439,22178881767
401.464,2.49088,44.4877,0,84,66,44,2760,10501,5.12799,161,16.9677,0,0,5439,22181373140
355.907,2.80972,44.4877,0,84,66,44,2760,10501,5.12799,161,16.9677,0,0,5439,22184183062
415.964,2.40405,44.4877,0,84,66,44,2760,10501,5.12799,161,16.9677,0,0,5439,22186587623
359.806,2.77928,44.4877,0,84,66,44,2760,10501,5.12799,161,16.9677,0,0,5439,22189366967
357.931,2.79383,44.4877,0,84,66,44,2760,10501,5.12799,161,16.9677,0,0,5439,22192161109
304.912,3.27963,44.4877,0,84,66,44,2760,10501,5.12799,161,16.9677,0,0,5439,22195441095
532.074,1.87944,44.4877,0,84,66,44,2760,10501,5.12799,161,16.9677,0,0,5439,22197320947
404.475,2.47234,44.4877,0,84,66,44,2760,10501,5.12799,161,16.9677,0,0,5439,22199793626
357.294,2.79882,44.4877,0,84,66,44,2760,10501,5.12799,161,16.9677,0,0,5439,22202592711
385.288,2.59546,44.4877,0,84,66,44,2760,10501,5.12799,161,16.9677,0,0,5439,22205188423
343.188,2.91386,44.4877,0,84,66,44,2760,10501,5.12799,161,16.9677,0,0,5439,22208102608
396.676,2.52095,44.4877,0,84,66,44,2760,10501,5.12799,161,16.9677,0,0,5439,22210624039
338.422,2.95489,44.4877,0,84,66,44,2760,10501,5.12799,161,16.9677,0,0,5439,22213579158
410.269,2.43743,44.4877,0,84,66,44,2760,10501,5.12799,161,16.9677,0,0,5439,22216016923
354.993,2.81696,44.4877,0,84,66,44,2760,10501,5.12799,161,16.9677,0,0,5439,22218834220
329.707,3.033,44.4877,0,84,66,44,2760,10501,5.12799,161,16.9677,0,0,5439,22221867649
438.384,2.28111,44.4877,0,84,66,44,2760,10501,5.12799,161,16.9677,0,0,5439,22224149226
360.883,2.77098,44.4877,0,84,66,44,2760,10501,5.12799,161,16.9677,0,0,5439,22226920396
365.93,2.73276,44.4877,0,84,66,44,2760,10501,5.12799,161,16.9677,0,0,5439,22229653642
422.451,2.36714,44.4877,0,84,66,44,2760,10501,5.12799,161,16.9677,0,0,5439,22232020875
320.007,3.12493,44.4877,0,84,66,44,2760,10501,5.12799,161,16.9677,0,0,5439,22235146327
398.666,2.50836,44.4877,0,84,66,44,2760,10501,5.12799,161,16.9677,0,0,5439,22237654988
332.405,3.00838,44.4877,0,84,66,44,2760,10501,5.12799,161,16.9677,0,0,5439,22240663599
410.839,2.43404,44.4877,0,84,66,44,2760,10501,5.12799,161,16.9677,0,0,5439,22243097960
378.817,2.6398,44.4877,0,84,66,44,2760,10501,5.12799,161,16.9677,0,0,5439,22245738117
284.04,3.52063,44.4877,0,84,66,44,2760,10501,5.12799,161,16.9677,0,0,5439,22249259091
464.336,2.15361,44.4877,0,84,66,44,2760,10501,5.12799,161,16.9677,0,0,5439,22251413029
327.033,3.0578,44.4877,0,84,66,44,2760,10501,5.12799,161,16.9677,0,0,5439,22254471190
507.013,1.97234,44.4877,0,84,66,44,2760,10501,5.12799,161,16.9677,0,0,5439,22256443785
377.359,2.64999,44.4877,0,84,66,44,2760,10501,5.12799,161,16.9677,0,0,5439,22259094047
376.442,2.65646,44.4877,0,84,66,44,2760,10501,5.12799,161,16.9677,0,0,5439,22261750772
332.723,3.00551,44.4877,0,84,66,44,2760,10501,5.12799,161,16.9677,0,0,5439,22264756565
466.045,2.14572,44.4877,0,84,66,44,2760,10501,5.12799,161,16.9677,0,0,5439,22266902686
353.112,2.83196,44.4877,0,84,66,44,2760,10501,5.12799,161,16.9677,0,0,5439,22269734896
207.458,4.82025,44.4877,0,84,66,44,2760,10501,5.12799,161,16.9677,0,0,5439,22274555722
302.718,3.3034,44.4877,0,84,66,44,2760,10501,5.12799,161,16.9677,0,0,5439,22277859286
577.281,1.73226,44.4877,0,84,66,44,2760,10501,5.12799,161,16.9677,0,0,5439,22279591825
730.79,1.36838,44.4877,0,84,66,44,2760,10501,5.12799,161,16.9677,0,0,5439,22280960496
401.599,2.49005,44.4877,0,84,66,44,2760,10501,5.12799,161,16.9677,0,0,5439,22283451012
485.169,2.06114,44.4877,0,84,66,44,2760,10501,5.12799,161,16.9677,0,0,5439,22285512313
292.158,3.42281,44.4877,0,84,66,44,2760,10501,5.12799,161,16.9677,0,0,5439,22288935765
364.274,2.74519,44.4877,0,84,66,44,2760,10501,5.12799,161,16.9677,0,0,5439,22291680963
235.149,4.25261,44.4877,0,84,66,44,2760,10501,5.12799,161,16.9677,0,0,5439,22295933933
689.916,1.44945,44.4877,0,84,66,44,2760,10501,5.12799,161,16.9677,0,0,5439,22297383665
600.986,1.66393,44.4877,0,84,66,44,2760,10501,5.12799,161,16.9677,0,0,5439,22299048048
240.841,4.15211,44.4877,0,84,66,44,2760,10501,5.12799,161,16.9677,0,0,5439,22303200524
400.15,2.49906,44.4877,0,84,66,44,2760,10501,5.12799,161,16.9677,0,0,5439,22305699993
518.704,1.92788,44.4877,0,84,66,44,2760,10501,5.12799,161,16.9677,0,0,5439,22307628289
451.403,2.21532,44.4877,0,84,66,44,2760,10501,5.12799,161,16.9677,0,0,5439,22309843710
365.195,2.73827,44.4877,0,84,66,44,2760,10501,5.12799,161,16.9677,0,0,5439,22312582321
395.86,2.52614,44.4877,0,84,66,44,2760,10501,5.12799,161,16.9677,0,0,5439,22315108800
367.463,2.72136,44.4877,0,84,66,44,2760,10501,5.12799,161,16.9677,0,0,5439,22317830642
263.278,3.79827,44.4877,0,84,66,44,2760,10501,5.12799,161,16.9677,0,0,5439,22321628953
683.571,1.46291,44.4877,0,84,66,44,2760,10501,5.12799,161,16.9677,0,0,5439,22323092194
347.373,2.87875,44.4877,0,84,66,44,2760,10501,5.12799,161,16.9677,0,0,5439,22325971263
403.039,2.48115,44.4877,0,84,66,44,2760,10501,5.12799,161,16.9677,0,0,5439,22328452750
366.278,2.73017,44.4877,0,84,66,44,2760,10501,5.12799,161,16.9677,0,0,5439,22331183342
343.1,2.9146,44.4877,0,84,66,44,2760,10501,5.12799,161,16.9677,0,0,5439,22334098181
406.408,2.46058,44.4877,0,84,66,44,2760,10501,5.12799,161,16.9677,0,0,5439,22336559129
371.318,2.69311,44.4877,0,84,66,44,2760,10501,5.12799,161,16.9677,0,0,5439,22339252604
338.676,2.95268,44.4877,0,84,66,44,2760,10501,5.12799,161,16.9677,0,0,5439,22342205531
377.926,2.64602,44.4877,0,84,66,44,2760,10501,5.12799,161,16.9677,0,0,5439,22344851889
349.906,2.85791,44.4877,0,84,66,44,2760,10501,5.12799,161,16.9677,0,0,5439,22347710149
370.085,2.70208,44.4877,0,84,66,44,2760,10501,5.12799,161,16.9677,0,0,5439,22350412567
212.765,4.70002,44.4877,0,84,66,44,2760,10501,5.12799,161,16.9677,0,0,5439,22355113062
546.114,1.83112,44.4877,0,84,66,44,2760,10501,5.12799,161,16.9677,0,0,5439,22356944354
232.877,4.29411,44.4877,0,84,66,44,2760,10501,5.12799,161,16.9677,0,0,5439,22361238961
2279.23,0.438745,44.4877,0,84,66,44,2760,10501,5.12799,161,16.9677,0,0,5439,22361677927
389.929,2.56457,44.4877,0,84,66,44,2760,10501,5.12799,161,16.9677,0,0,5439,22364242783
401.325,2.49175,44.4877,0,84,66,44,2760,10501,5.12799,161,16.9677,0,0,5439,22366734963
442.012,2.26238,44.4877,0,84,66,44,2760,10501,5.12799,161,16.9677,0,0,5439,22368997664
361.265,2.76805,44.4877,0,84,66,44,2760,10501,5.12799,161,16.9677,0,0,5439,22371765969
353.044,2.83251,44.4877,0,84,66,44,2760,10501,5.12799,161,16.9677,0,0,5439,22374598805
372.275,2.68619,44.4877,0,84,66,44,2760,10501,5.12799,161,16.9677,0,0,5439,22377288492
349.516,2.8611,44.4877,0,84,66,44,2760,10501,5.12799,161,16.9677,0,0,5439,22380146809
290.95,3.43702,44.4877,0,84,66,44,2760,10501,5.12799,161,16.9677,0,0,5439,22383584243
617.868,1.61847,44.4877,0,84,66,44,2760,10501,5.12799,161,16.9677,0,0,5439,22385202999
303.363,3.29638,44.4877,0,84,66,44,2760,10501,5.12799,161,16.9677,0,0,5439,22388499774
519.299,1.92567,44.4877,0,84,66,44,2760,10501,5.12799,161,16.9677,0,0,5439,22390425790
356.84,2.80237,44.4877,0,84,66,44,2760,10501,5.12799,161,16.9677,0,0,5439,22393228500
363.996,2.74728,44.4877,0,84,66,44,2760,10501,5.12799,161,16.9677,0,0,5439,22395976083
265.365,3.7684,44.4877,0,84,66,44,2760,10501,5.12799,161,16.9677,0,0,5439,22399744816
318.89,3.13587,44.4877,0,84,66,44,2760,10501,5.12799,161,16.9677,0,0,5439,22402881181
634.802,1.57529,44.4877,0,84,66,44,2760,10501,5.12799,161,16.9677,0,0,5439,22404456648
357.187,2.79965,44.4877,0,84,66,44,2760,10501,5.12799,161,16.9677,0,0,5439,22407256636
202.425,4.94009,44.4877,0,84,66,44,2760,10501,5.12799,161,16.9677,0,0,5439,22412197101
2253.59,0.443736,44.4877,0,84,66,44,2760,10501,5.12799,161,16.9677,0,0,5439,22412641222
455.412,2.19581,44.4877,0,84,66,44,2760,10501,5.12799,161,16.9677,0,0,5439,22414837430
376.209,2.6581,44.4877,0,84,66,44,2760,10501,5.12799,161,16.9677,0,0,5439,22417495933
264.448,3.78146,44.4877,0,84,66,44,2760,10501,5.12799,161,16.9677,0,0,5439,22421277926
546.766,1.82894,44.4877,0,84,66,44,2760,10501,5.12799,161,16.9677,0,0,5439,22423107026
375.946,2.65996,44.4877,0,84,66,44,2760,10501,5.12799,161,16.9677,0,0,5439,22425767289
385.135,2.59649,44.4877,0,84,66,44,2760,10501,5.12799,161,16.9677,0,0,5439,22428364242
350.922,2.84963,44.4877,0,84,66,44,2760,10501,5.12799,161,16.9677,0,0,5439,22431214271
359.912,2.77846,44.4877,0,84,66,44,2760,10501,5.12799,161,16.9677,0,0,5439,22433992884
282.338,3.54185,44.4877,0,84,66,44,2760,10501,5.12799,161,16.9677,0,0,5439,22437535282
552.547,1.8098,44.4877,0,84,66,44,2760,10501,5.12799,161,16.9677,0,0,5439,22439345410
329.514,3.03478,44.4877,0,84,66,44,2760,10501,5.12799,161,16.9677,0,0,5439,22442380378
371.919,2.68875,44.4877,0,84,66,44,2760,10501,5.12799,161,16.9677,0,0,5439,22445069507
412.212,2.42594,44.4877,0,84,66,44,2760,10501,5.12799,161,16.9677,0,0,5439,22447495742
330.093,3.02945,44.4877,0,84,66,44,2760,10501,5.12799,161,16.9677,0,0,5439,22450525508
448.917,2.22758,44.4877,0,84,66,44,2760,10501,5.12799,161,16.9677,0,0,5439,22452753525
384.77,2.59895,44.4877,0,84,66,44,2760,10501,5.12799,161,16.9677,0,0,5439,22455352873
381.478,2.62139,44.4877,0,84,66,44,2760,10501,5.12799,161,16.9677,0,0,5439,22457974499
332.644,3.00622,44.4877,0,84,66,44,2760,10501,5.12799,161,16.9677,0,0,5439,22460981033
214.333,4.66565,44.4877,0,84,66,44,2760,10501,5.12799,161,16.9677,0,0,5439,22465646989
946,1.05708,44.4877,0,84,66,44,2760,10501,5.12799,161,16.9677,0,0,5439,22466704495
541.09,1.84812,44.4877,0,84,66,44,2760,10501,5.12799,161,16.9677,0,0,5439,22468552885
296.159,3.37657,44.4877,0,84,66,44,2760,10501,5.12799,161,16.9677,0,0,5439,22471929816
437.53,2.28556,44.4877,0,84,66,44,2760,10501,5.12799,161,16.9677,0,0,5439,22474215604
343.231,2.91349,44.4877,0,84,66,44,2760,10501,5.12799,161,16.9677,0,0,5439,22477129433
388.797,2.57204,44.4877,0,84,66,44,2760,10501,5.12799,161,16.9677,0,0,5439,22479701799
353.913,2.82556,44.4877,0,84,66,44,2760,10501,5.12799,161,16.9677,0,0,5439,22482527673
372.448,2.68494,44.4877,0,84,66,44,2760,10501,5.12799,161,16.9677,0,0,5439,22485212917
383.394,2.60828,44.4877,0,84,66,44,2760,10501,5.12799,161,16.9677,0,0,5439,22487821803
295.915,3.37934,44.4877,0,84,66,44,2760,10501,5.12799,161,16.9677,0,0,5439,22491201359
615.142,1.62564,44.4877,0,84,66,44,2760,10501,5.12799,161,16.9677,0,0,5439,22492827107
389.887,2.56485,44.4877,0,84,66,44,2760,10501,5.12799,161,16.9677,0,0,5439,22495392299
382.867,2.61188,44.4877,0,84,66,44,2760,10501,5.12799,161,16.9677,0,0,5439,22498004675
441.237,2.26636,44.4877,0,84,66,44,2760,10501,5.12799,161,16.9677,0,0,5439,22500271280
311.653,3.20869,44.4877,0,84,66,44,2760,10501,5.12799,161,16.9677,0,0,5439,22503480283
346.886,2.88279,44.4877,0,84,66,44,2760,10501,5.12799,161,16.9677,0,0,5439,22506363467
293.993,3.40144,44.4877,0,84,66,44,2760,10501,5.12799,161,16.9677,0,0,5439,22509765293
676.624,1.47792,44.4877,0,84,66,44,2760,10501,5.12799,161,16.9677,0,0,5439,22511243612
266.433,3.75329,44.4877,0,84,66,44,2760,10501,5.12799,161,16.9677,0,0,5439,22514997104
238.872,4.18633,44.4877,0,84,66,44,2760,10501,5.12799,161,16.9677,0,0,5439,22519183764
758.689,1.31806,44.4877,0,84,66,44,2760,10501,5.12799,161,16.9677,0,0,5439,22520502097
340.988,2.93266,44.4877,0,84,66,44,2760,10501,5.12799,161,16.9677,0,0,5439,22523434965
525.394,1.90333,44.4877,0,84,66,44,2760,10501,5.12799,161,16.9677,0,0,5439,22525338712
403.555,2.47798,44.4877,0,84,66,44,2760,10501,5.12799,161,16.9677,0,0,5439,22527816939
372.488,2.68465,44.4877,0,84,66,44,2760,10501,5.12799,161,16.9677,0,0,5439,22530502040
363.597,2.75029,44.4877,0,84,66,44,2760,10501,5.12799,161,16.9677,0,0,5439,22533252536
335.327,2.98217,44.4877,0,84,66,44,2760,10501,5.12799,161,16.9677,0,0,5439,22536235031
362.009,2.76236,44.4877,0,84,66,44,2760,10501,5.12799,161,16.9677,0,0,5439,22538997720
355.001,2.81689,44.4877,0,84,66,44,2760,10501,5.12799,161,16.9677,0,0,5439,22541814921
305.152,3.27705,44.4877,0,84,66,44,2760,10501,5.12799,161,16.9677,0,0,5439,22545092464
287.502,3.47823,44.4877,0,84,66,44,2760,10501,5.12799,161,16.9677,0,0,5439,22548570937
974.781,1.02587,44.4877,0,84,66,44,2760,10501,5.12799,161,16.9677,0,0,5439,22549597154
216.828,4.61195,44.4877,0,84,66,44,2760,10501,5.12799,161,16.9677,0,0,5439,22554209656
448.398,2.23016,44.4877,0,84,66,44,2760,10501,5.12799,161,16.9677,0,0,5439,22556440106
380.41,2.62874,44.4877,0,84,66,44,2760,10501,5.12799,161,16.9677,0,0,5439,22559069262
481.713,2.07593,44.4877,0,84,66,44,2760,10501,5.12799,161,16.9677,0,0,5439,22561145390
508.342,1.96718,44.4877,0,84,66,44,2760,10501,5.12799,161,16.9677,0,0,5439,22563112869
395.391,2.52914,44.4877,0,84,66,44,2760,10501,5.12799,161,16.9677,0,0,5439,22565642474
352.831,2.83422,44.4877,0,84,66,44,2760,10501,5.12799,161,16.9677,0,0,5439,22568476877
202.597,4.93591,44.4877,0,84,66,44,2760,10501,5.12799,161,16.9677,0,0,5439,22573413197
1096.06,0.912357,44.4877,0,84,66,44,2760,10501,5.12799,161,16.9677,0,0,5439,22574325603
470.668,2.12464,44.4877,0,84,66,44,2760,10501,5.12799,161,16.9677,0,0,5439,22576450723
378.748,2.64028,44.4877,0,84,66,44,2760,10501,5.12799,161,16.9677,0,0,5439,22579091350
389.519,2.56727,44.4877,0,84,66,44,2760,10501,5.12799,161,16.9677,0,0,5439,22581658869
210.392,4.75304,44.4877,0,84,66,44,2760,10501,5.12799,161,16.9677,0,0,5439,22586412385
927.911,1.07769,44.4877,0,84,66,44,2760,10501,5.12799,161,16.9677,0,0,5439,22587490268
441.349,2.26578,44.4877,0,84,66,44,2760,10501,5.12799,161,16.9677,0,0,5439,22589756363
361.995,2.76247,44.4877,0,84,66,44,2760,10501,5.12799,161,16.9677,0,0,5439,22592519149
382.028,2.61761,44.4877,0,84,66,44,2760,10501,5.12799,161,16.9677,0,0,5439,22595137073
270.892,3.69151,44.4877,0,84,66,44,2760,10501,5.12799,161,16.9677,0,0,5439,22598828919
275.119,3.63479,44.4877,0,84,66,44,2760,10501,5.12799,161,16.9677,0,0,5439,22602466436
1571.61,0.63629,45.3265,0,85,66,44,2760,10501,5.12799,161,16.9693,0,0,5436,22603100669
381.804,2.61915,45.3265,0,85,66,44,2760,10501,5.12799,161,16.9693,0,0,5436,22605720094
360.124,2.77682,45.3265,0,85,66,44,2760,10501,5.12799,161,16.9693,0,0,5436,22608497226
400.108,2.49933,45.3265,0,85,66,44,2760,10501,5.12799,161,16.9693,0,0,5436,22610997012
274.516,3.64278,45.3265,0,85,66,44,2760,10501,5.12799,161,16.9693,0,0,5436,22614640144
341.015,2.93243,45.3265,0,85,66,44,2760,10501,5.12799,161,16.9693,0,0,5436,22617572801
249.318,4.01094,45.3265,0,85,66,44,2760,10501,5.12799,161,16.9693,0,0,5436,22621584215
347.642,2.87652,45.3265,0,85,66,44,2760,10501,5.12799,161,16.9693,0,0,5436,22624461004
255.062,3.92061,45.3265,0,85,66,44,2760,10501,5.12799,161,16.9693,0,0,5436,22628381867
344.236,2.90498,45.3265,0,85,66,44,2760,10501,5.12799,161,16.9693,0,0,5436,22631287715
373.682,2.67607,45.3265,0,85,66,44,2760,10501,5.12799,161,16.9693,0,0,5436,22633963641
728.369,1.37293,45.3265,0,85,66,44,2760,10501,5.12799,161,16.9693,0,0,5436,22635336803
461.521,2.16675,45.3265,0,85,66,44,2760,10501,5.12799,161,16.9693,0,0,5436,22637503953
450.045,2.222,45.3265,0,85,66,44,2760,10501,5.12799,161,16.9693,0,0,5436,22639726172
295.021,3.3896,45.3265,0,85,66,44,2760,10501,5.12799,161,16.9693,0,0,5436,22643116113
432.922,2.30989,45.3265,0,85,66,44,2760,10501,5.12799,161,16.9693,0,0,5436,22645426374
389.171,2.56957,45.3265,0,85,66,44,2760,10501,5.12799,161,16.9693,0,0,5436,22647996307
387.691,2.57938,45.3265,0,85,66,44,2760,10501,5.12799,161,16.9693,0,0,5436,22650576057
296.891,3.36824,45.3265,0,85,66,44,2760,10501,5.12799,161,16.9693,0,0,5436,22653944546
472.044,2.11845,45.3265,0,85,66,44,2760,10501,5.12799,161,16.9693,0,0,5436,22656063338
421.53,2.37231,45.3265,0,85,66,44,2760,10501,5.12799,161,16.9693,0,0,5436,22658435928
384.59,2.60017,45.3265,0,85,66,44,2760,10501,5.12799,161,16.9693,0,0,5436,22661036438
326.089,3.06665,45.3265,0,85,66,44,2760,10501,5.12799,161,16.9693,0,0,5436,22664103369
431.969,2.31498,45.3265,0,85,66,44,2760,10501,5.12799,161,16.9693,0,0,5436,22666418783
348.944,2.86579,45.3265,0,85,66,44,2760,10501,5.12799,161,16.9693,0,0,5436,22669284822
363.279,2.75271,45.3265,0,85,66,44,2760,10501,5.12799,161,16.9693,0,0,5436,22672037790
399.83,2.50107,45.3265,0,85,66,44,2760,10501,5.12799,161,16.9693,0,0,5436,22674539326
191.604,5.2191,45.3265,0,85,66,44,2760,10501,5.12799,161,16.9693,0,0,5436,22679758637
619.654,1.61381,45.3265,0,85,66,44,2760,10501,5.12799,161,16.9693,0,0,5436,22681372739
570.181,1.75383,45.3265,0,85,66,44,2760,10501,5.12799,161,16.9693,0,0,5436,22683126894
356.279,2.80679,45.3265,0,85,66,44,2760,10501,5.12799,161,16.9693,0,0,5436,22685934066
361.845,2.76361,45.3265,0,85,66,44,2760,10501,5.12799,161,16.9693,0,0,5436,22688698207
395,2.53164,45.3265,0,85,66,44,2760,10501,5.12799,161,16.9693,0,0,5436,22691230081
236.209,4.23355,45.3265,0,85,66,44,2760,10501,5.12799,161,16.9693,0,0,5436,22695464175
1643.28,0.608539,45.3265,0,85,66,44,2760,10501,5.12799,161,16.9693,0,0,5436,22696072773
347.612,2.87677,45.3265,0,85,66,44,2760,10501,5.12799,161,16.9693,0,0,5436,22698949908
275.36,3.63161,45.3265,0,85,66,44,2760,10501,5.12799,161,16.9693,0,0,5436,22702582021
263.871,3.78973,45.3265,0,85,66,44,2760,10501,5.12799,161,16.9693,0,0,5436,22706372216
627.866,1.5927,45.3265,0,85,66,44,2760,10501,5.12799,161,16.9693,0,0,5436,22707965078
568.023,1.76049,45.3265,0,85,66,44,2760,10501,5.12799,161,16.9693,0,0,5436,22709725954
396.88,2.51965,45.3265,0,85,66,44,2760,10501,5.12799,161,16.9693,0,0,5436,22712246001
340.703,2.93511,45.3265,0,85,66,44,2760,10501,5.12799,161,16.9693,0,0,5436,22715181253
278.556,3.58995,45.3265,0,85,66,44,2760,10501,5.12799,161,16.9693,0,0,5436,22718771576
477.543,2.09405,45.3265,0,85,66,44,2760,10501,5.12799,161,16.9693,0,0,5436,22720865974
514.317,1.94432,45.3265,0,85,66,44,2760,10501,5.12799,161,16.9693,0,0,5436,22722810587
361.504,2.76622,45.3265,0,85,66,44,2760,10501,5.12799,161,16.9693,0,0,5436,22725577084
352.511,2.83679,45.3265,0,85,66,44,2760,10501,5.12799,161,16.9693,0,0,5436,22728414228
190.555,5.24783,45.3265,0,85,66,44,2760,10501,5.12799,161,16.9693,0,0,5436,22733662395
651.158,1.53572,45.3265,0,85,66,44,2760,10501,5.12799,161,16.9693,0,0,5436,22735198370
355.839,2.81026,45.3265,0,85,66,44,2760,10501,5.12799,161,16.9693,0,0,5436,22738009100
404.519,2.47207,45.3265,0,85,66,44,2760,10501,5.12799,161,16.9693,0,0,5436,22740481442
505.677,1.97755,45.3265,0,85,66,44,2760,10501,5.12799,161,16.9693,0,0,5436,22742459288
325.746,3.06987,45.3265,0,85,66,44,2760,10501,5.12799,161,16.9693,0,0,5436,22745529478
302.777,3.30276,45.3265,0,85,66,44,2760,10501,5.12799,161,16.9693,0,0,5436,22748832695
551.837,1.81213,45.3265,0,85,66,44,2760,10501,5.12799,161,16.9693,0,0,5436,22750645016
370.4,2.69978,45.3265,0,85,66,44,2760,10501,5.12799,161,16.9693,0,0,5436,22753345203
298.747,3.34731,45.3265,0,85,66,44,2760,10501,5.12799,161,16.9693,0,0,5436,22756692768
298.342,3.35185,45.3265,0,85,66,44,2760,10501,5.12799,161,16.9693,0,0,5436,22760044977
538.719,1.85626,45.3265,0,85,66,44,2760,10501,5.12799,161,16.9693,0,0,5436,22761901626
446.448,2.2399,45.3265,0,85,66,44,2760,10501,5.12799,161,16.9693,0,0,5436,22764141826
296.244,3.3756,45.3265,0,85,66,44,2760,10501,5.12799,161,16.9693,0,0,5436,22767517873
467.682,2.13821,45.3265,0,85,66,44,2760,10501,5.12799,161,16.9693,0,0,5436,22769656262
364.262,2.74528,45.3265,0,85,66,44,2760,10501,5.12799,161,16.9693,0,0,5436,22772401835
320.689,3.11829,45.3265,0,85,66,44,2760,10501,5.12799,161,16.9693,0,0,5436,22775520498
542.482,1.84338,45.3265,0,85,66,44,2760,10501,5.12799,161,16.9693,0,0,5436,22777364128
340.429,2.93747,45.3265,0,85,66,44,2760,10501,5.12799,161,16.9693,0,0,5436,22780302159
361.693,2.76478,45.3265,0,85,66,44,2760,10501,5.12799,161,16.9693,0,0,5436,22783067118
242.195,4.12891,45.3265,0,85,66,44,2760,10501,5.12799,161,16.9693,0,0,5436,22787196517
672.707,1.48653,45.3265,0,85,66,44,2760,10501,5.12799,161,16.9693,0,0,5436,22788683317
444.945,2.24747,45.3265,0,85,66,44,2760,10501,5.12799,161,16.9693,0,0,5436,22790931258
408.233,2.44958,45.3265,0,85,66,44,2760,10501,5.12799,161,16.9693,0,0,5436,22793381062
350.738,2.85113,45.3265,0,85,66,44,2760,10501,5.12799,161,16.9693,0,0,5436,22796232619
319.446,3.13042,45.3265,0,85,66,44,2760,10501,5.12799,161,16.9693,0,0,5436,22799363407
467.238,2.14024,45.3265,0,85,66,44,2760,10501,5.12799,161,16.9693,0,0,5436,22801503912
352.471,2.83712,45.3265,0,85,66,44,2760,10501,5.12799,161,16.9693,0,0,5436,22804341364
355.087,2.81621,45.3265,0,85,66,44,2760,10501,5.12799,161,16.9693,0,0,5436,22807157901
452.106,2.21187,45.3265,0,85,66,44,2760,10501,5.12799,161,16.9693,0,0,5436,22809370091
183.106,5.46131,45.3265,0,85,66,44,2760,10501,5.12799,161,16.9693,0,0,5436,22814831736
321.457,3.11084,45.3265,0,85,66,44,2760,10501,5.12799,161,16.9693,0,0,5436,22817942880
398.668,2.50835,45.3265,0,85,66,44,2760,10501,5.12799,161,16.9693,0,0,5436,22820451570
524.173,1.90777,45.3265,0,85,66,44,2760,10501,5.12799,161,16.9693,0,0,5436,22822359779
318.873,3.13605,45.3265,0,85,66,44,2760,10501,5.12799,161,16.9693,0,0,5436,22825496259
883.467,1.1319,45.3265,0,85,66,44,2760,10501,5.12799,161,16.9693,0,0,5436,22826628326
347.552,2.87727,45.3265,0,85,66,44,2760,10501,5.12799,161,16.9693,0,0,5436,22829506019
215.935,4.63103,45.3265,0,85,66,44,2760,10501,5.12799,161,16.9693,0,0,5436,22834137387
2551.37,0.391946,45.3265,0,85,66,44,2760,10501,5.12799,161,16.9693,0,0,5436,22834529612
401.67,2.4896,45.3265,0,85,66,44,2760,10501,5.12799,161,16.9693,0,0,5436,22837019590
248.291,4.02753,45.3265,0,85,66,44,2760,10501,5.12799,161,16.9693,0,0,5436,22841047389
553.488,1.80672,45.3265,0,85,66,44,2760,10501,5.12799,161,16.9693,0,0,5436,22842854421
392.394,2.54846,45.3265,0,85,66,44,2760,10501,5.12799,161,16.9693,0,0,5436,22845403344
420.614,2.37747,45.3265,0,85,66,44,2760,10501,5.12799,161,16.9693,0,0,5436,22847781039
331.529,3.01633,45.3265,0,85,66,44,2760,10501,5.12799,161,16.9693,0,0,5436,22850797872
348.325,2.87088,45.3265,0,85,66,44,2760,10501,5.12799,161,16.9693,0,0,5436,22853668901
481.862,2.07528,45.3265,0,85,66,44,2760,10501,5.12799,161,16.9693,0,0,5436,22855744596
335.92,2.9769,45.3265,0,85,66,44,2760,10501,5.12799,161,16.9693,0,0,5436,22858721802
359.678,2.78027,45.3265,0,85,66,44,2760,10501,5.12799,161,16.9693,0,0,5436,22861502492
390.848,2.55854,45.3265,0,85,66,44,2760,10501,5.12799,161,16.9693,0,0,5436,22864061405
228.054,4.38493,45.3265,0,85,66,44,2760,10501,5.12799,161,16.9693,0,0,5436,22868446649
525.615,1.90253,45.3265,0,85,66,44,2760,10501,5.12799,161,16.9693,0,0,5436,22870349453
543.767,1.83902,45.3265,0,85,66,44,2760,10501,5.12799,161,16.9693,0,0,5436,22872188804
365.797,2.73376,45.3265,0,85,66,44,2760,10501,5.12799,161,16.9693,0,0,5436,22874922954
346.605,2.88513,45.3265,0,85,66,44,2760,10501,5.12799,161,16.9693,0,0,5436,22877808387
437.993,2.28314,45.3265,0,85,66,44,2760,10501,5.12799,161,16.9693,0,0,5436,22880091859
375.586,2.6625,45.3265,0,85,66,44,2760,10501,5.12799,161,16.9693,0,0,5436,22882754679
377.462,2.64927,45.3265,0,85,66,44,2760,10501,5.12799,161,16.9693,0,0,5436,22885404355
208.739,4.79068,45.3265,0,85,66,44,2760,10501,5.12799,161,16.9693,0,0,5436,22890195353
1622.84,0.616203,45.3265,0,85,66,44,2760,10501,5.12799,161,16.9693,0,0,5436,22890811585
350.18,2.85567,45.3265,0,85,66,44,2760,10501,5.12799,161,16.9693,0,0,5436,22893667566
361.559,2.7658,45.3265,0,85,66,44,2760,10501,5.12799,161,16.9693,0,0,5436,22896433909
204.934,4.87962,45.3265,0,85,66,44,2760,10501,5.12799,161,16.9693,0,0,5436,22901313747
2102,0.475737,45.3265,0,85,66,44,2760,10501,5.12799,161,16.9693,0,0,5436,22901789830
470.849,2.12382,45.3265,0,85,66,44,2760,10501,5.12799,161,16.9693,0,0,5436,22903913960
350.619,2.8521,45.3265,0,85,66,44,2760,10501,5.12799,161,16.9693,0,0,5436,22906766325
362.83,2.75611,45.3265,0,85,66,44,2760,10501,5.12799,161,16.9693,0,0,5436,22909522802
398.315,2.51058,45.3265,0,85,66,44,2760,10501,5.12799,161,16.9693,0,0,5436,22912033704
401.792,2.48885,45.3265,0,85,66,44,2760,10501,5.12799,161,16.9693,0,0,5436,22914522942
350.678,2.85161,45.3265,0,85,66,44,2760,10501,5.12799,161,16.9693,0,0,5436,22917374971
407.057,2.45666,45.3265,0,85,66,44,2760,10501,5.12799,161,16.9693,0,0,5436,22919832044
183.318,5.45499,45.3265,0,85,66,44,2760,10501,5.12799,161,16.9693,0,0,5436,22925287372
583.876,1.71269,45.3265,0,85,66,44,2760,10501,5.12799,161,16.9693,0,0,5436,22927000391
470.217,2.12668,45.3265,0,85,66,44,2760,10501,5.12799,161,16.9693,0,0,5436,22929127300
387.447,2.581,45.3265,0,85,66,44,2760,10501,5.12799,161,16.9693,0,0,5436,22931708588
311.438,3.21091,45.3265,0,85,66,44,2760,10501,5.12799,161,16.9693,0,0,5436,22934919802
494.252,2.02326,45.3265,0,85,66,44,2760,10501,5.12799,161,16.9693,0,0,5436,22936943390
370.614,2.69823,45.3265,0,85,66,44,2760,10501,5.12799,161,16.9693,0,0,5436,22939641952
197.875,5.05369,45.3265,0,85,66,44,2760,10501,5.12799,161,16.9693,0,0,5436,22944696093
716.54,1.39559,45.3265,0,85,66,44,2760,10501,5.12799,161,16.9693,0,0,5436,22946091958
222.897,4.48638,45.3265,0,85,66,44,2760,10501,5.12799,161,16.9693,0,0,5436,22950578763
468.427,2.1348,45.3265,0,85,66,44,2760,10501,5.12799,161,16.9693,0,0,5436,22952713825
1012.27,0.98788,45.3265,0,85,66,44,2760,10501,5.12799,161,16.9693,0,0,5436,22953702041
175.504,5.69787,45.3265,0,85,66,44,2760,10501,5.12799,161,16.9693,0,0,5436,22959400329
1159.34,0.862558,45.3265,0,85,66,44,2760,10501,5.12799,161,16.9693,0,0,5436,22960263118
515.932,1.93824,45.3265,0,85,66,44,2760,10501,5.12799,161,16.9693,0,0,5436,22962201731
417.263,2.39657,45.3265,0,85,66,44,2760,10501,5.12799,161,16.9693,0,0,5436,22964598572
362.633,2.75761,45.3265,0,85,66,44,2760,10501,5.12799,161,16.9693,0,0,5436,22967356453
269.515,3.71037,45.3265,0,85,66,44,2760,10501,5.12799,161,16.9693,0,0,5436,22971067126
383.352,2.60857,45.3265,0,85,66,44,2760,10501,5.12799,161,16.9693,0,0,5436,22973676166
580.668,1.72215,45.3265,0,85,66,44,2760,10501,5.12799,161,16.9693,0,0,5436,22975398522
341.676,2.92675,45.3265,0,85,66,44,2760,10501,5.12799,161,16.9693,0,0,5436,22978325592
417.665,2.39426,45.3265,0,85,66,44,2760,10501,5.12799,161,16.9693,0,0,5436,22980720096
337.952,2.959,45.3265,0,85,66,44,2760,10501,5.12799,161,16.9693,0,0,5436,22983679494
324.294,3.08362,45.3265,0,85,66,44,2760,10501,5.12799,161,16.9693,0,0,5436,22986763444
580.224,1.72347,45.3265,0,85,66,44,2760,10501,5.12799,161,16.9693,0,0,5436,22988487233
364.777,2.7414,45.3265,0,85,66,44,2760,10501,5.12799,161,16.9693,0,0,5436,22991228979
371.224,2.69379,45.3265,0,85,66,44,2760,10501,5.12799,161,16.9693,0,0,5436,22993923060
362.16,2.76121,45.3265,0,85,66,44,2760,10501,5.12799,161,16.9693,0,0,5436,22996684615
402.841,2.48237,45.3265,0,85,66,44,2760,10501,5.12799,161,16.9693,0,0,5436,22999167391
303.032,3.29998,45.3265,0,85,66,44,2760,10501,5.12799,161,16.9693,0,0,5436,23002467742
388.347,2.57502,45.3265,0,85,66,44,2760,10501,5.12799,161,16.9693,0,0,5436,23005043040
331.951,3.0125,45.3265,0,85,66,44,2760,10501,5.12799,161,16.9693,0,0,5436,23008055854
712.851,1.40282,45.3265,0,85,66,44,2760,10501,5.12799,161,16.9693,0,0,5436,23009458939
332.036,3.01173,45.3265,0,85,66,44,2760,10501,5.12799,161,16.9693,0,0,5436,23012470945
369.981,2.70284,45.3265,0,85,66,44,2760,10501,5.12799,161,16.9693,0,0,5436,23015174295
375.922,2.66013,45.3265,0,85,66,44,2760,10501,5.12799,161,16.9693,0,0,5436,23017834770
355.982,2.80913,45.3265,0,85,66,44,2760,10501,5.12799,161,16.9693,0,0,5436,23020644297
444.524,2.24959,45.3265,0,85,66,44,2760,10501,5.12799,161,16.9693,0,0,5436,23022893988
313.885,3.18588,45.3265,0,85,66,44,2760,10501,5.12799,161,16.9693,0,0,5436,23026080192
388.685,2.57278,45.3265,0,85,66,44,2760,10501,5.12799,161,16.9693,0,0,5436,23028653221
264.109,3.78631,45.3265,0,85,66,44,2760,10501,5.12799,161,16.9693,0,0,5436,23032439896
281.03,3.55834,45.3265,0,85,66,44,2760,10501,5.12799,161,16.9693,0,0,5436,23035998516
524.633,1.90609,45.3265,0,85,66,44,2760,10501,5.12799,161,16.9693,0,0,5436,23037905119
440.687,2.26918,45.3265,0,85,66,44,2760,10501,5.12799,161,16.9693,0,0,5436,23040174619
417.504,2.39519,45.3265,0,85,66,44,2760,10501,5.12799,161,16.9693,0,0,5436,23042570142
348.516,2.86931,45.3265,0,85,66,44,2760,10501,5.12799,161,16.9693,0,0,5436,23045439700
366.436,2.72899,45.3265,0,85,66,44,2760,10501,5.12799,161,16.9693,0,0,5436,23048168984
239.074,4.18281,45.3265,0,85,66,44,2760,10501,5.12799,161,16.9693,0,0,5436,23052352327
510.691,1.95813,45.3265,0,85,66,44,2760,10501,5.12799,161,16.9693,0,0,5436,23054310701
456.874,2.18879,45.3265,0,85,66,44,2760,10501,5.12799,161,16.9693,0,0,5436,23056499976
329.897,3.03125,45.3265,0,85,66,44,2760,10501,5.12799,161,16.9693,0,0,5436,23059531425
468.339,2.13521,45.3265,0,85,66,44,2760,10501,5.12799,161,16.9693,0,0,5436,23061666939
483.145,2.06977,45.3265,0,85,66,44,2760,10501,5.12799,161,16.9693,0,0,5436,23063736941
325.896,3.06846,45.3265,0,85,66,44,2760,10501,5.12799,161,16.9693,0,0,5436,23066805872
346.796,2.88354,45.3265,0,85,66,44,2760,10501,5.12799,161,16.9693,0,0,5436,23069689632
222.959,4.48513,45.3265,0,85,66,44,2760,10501,5.12799,161,16.9693,0,0,5436,23074175120
1214.77,0.823201,45.3265,0,85,66,44,2760,10501,5.12799,161,16.9693,0,0,5436,23074998657
317.462,3.14998,45.3265,0,85,66,44,2760,10501,5.12799,161,16.9693,0,0,5436,23078148966
587.425,1.70235,45.3265,0,85,66,44,2760,10501,5.12799,161,16.9693,0,0,5436,23079851609
366.694,2.72707,45.3265,0,85,66,44,2760,10501,5.12799,161,16.9693,0,0,5436,23082579144
204.242,4.89615,45.3265,0,85,66,44,2760,10501,5.12799,161,16.9693,0,0,5436,23087475664
741.593,1.34845,45.3265,0,85,66,44,2760,10501,5.12799,161,16.9693,0,0,5436,23088824671
663.887,1.50628,45.3265,0,85,66,44,2760,10501,5.12799,161,16.9693,0,0,5436,23090331299
320.328,3.1218,45.3265,0,85,66,44,2760,10501,5.12799,161,16.9693,0,0,5436,23093453452
416.018,2.40374,45.3265,0,85,66,44,2760,10501,5.12799,161,16.9693,0,0,5436,23095857822
363.006,2.75478,45.3265,0,85,66,44,2760,10501,5.12799,161,16.9693,0,0,5436,23098613136
367.014,2.72469,45.3265,0,85,66,44,2760,10501,5.12799,161,16.9693,0,0,5436,23101338180
381.273,2.62279,45.3265,0,85,66,44,2760,10501,5.12799,161,16.9693,0,0,5436,23103963557
366.932,2.7253,45.0128,0,85,66,44,2760,10501,5.12799,164,16.9718,0,0,5440,23106686870
276.12,3.62161,45.0128,0,85,66,44,2760,10501,5.12799,164,16.9718,0,0,5440,23110308761
219.601,4.55371,45.0128,0,85,66,44,2760,10501,5.12799,164,16.9718,0,0,5440,23114863010
570.488,1.75289,45.0128,0,85,66,44,2760,10501,5.12799,164,16.9718,0,0,5440,23116616368
532.379,1.87836,45.0128,0,85,66,44,2760,10501,5.12799,164,16.9718,0,0,5440,23118494931
478.187,2.09123,45.0128,0,85,66,44,2760,10501,5.12799,164,16.9718,0,0,5440,23120586588
450.39,2.2203,45.0128,0,85,66,44,2760,10501,5.12799,164,16.9718,0,0,5440,23122807470
368.479,2.71386,45.0128,0,85,66,44,2760,10501,5.12799,164,16.9718,0,0,5440,23125521610
372.25,2.68637,45.0128,0,85,66,44,2760,10501,5.12799,164,16.9718,0,0,5440,23128208393
337.979,2.95876,45.0128,0,85,66,44,2760,10501,5.12799,164,16.9718,0,0,5440,23131167387
332.783,3.00496,45.0128,0,85,66,44,2760,10501,5.12799,164,16.9718,0,0,5440,23134172748
386.346,2.58836,45.0128,0,85,66,44,2760,10501,5.12799,164,16.9718,0,0,5440,23136761412
254.88,3.92341,45.0128,0,85,66,44,2760,10501,5.12799,164,16.9718,0,0,5440,23140685188
573.508,1.74365,45.0128,0,85,66,44,2760,10501,5.12799,164,16.9718,0,0,5440,23142429161
368.497,2.71373,45.0128,0,85,66,44,2760,10501,5.12799,164,16.9718,0,0,5440,23145143204
415.453,2.40701,45.0128,0,85,66,44,2760,10501,5.12799,164,16.9718,0,0,5440,23147550564
380.414,2.62871,45.0128,0,85,66,44,2760,10501,5.12799,164,16.9718,0,0,5440,23150179585
213.91,4.67487,45.0128,0,85,66,44,2760,10501,5.12799,164,16.9718,0,0,5440,23154854935
1457.39,0.686157,45.0128,0,85,66,44,2760,10501,5.12799,164,16.9718,0,0,5440,23155541199
201.973,4.95117,45.0128,0,85,66,44,2760,10501,5.12799,164,16.9718,0,0,5440,23160492673
1605.35,0.622916,45.0128,0,85,66,44,2760,10501,5.12799,164,16.9718,0,0,5440,23161116002
395.415,2.52899,45.0128,0,85,66,44,2760,10501,5.12799,164,16.9718,0,0,5440,23163645375
210.824,4.74329,45.0128,0,85,66,44,2760,10501,5.12799,164,16.9718,0,0,5440,23168388843
579.271,1.72631,45.0128,0,85,66,44,2760,10501,5.12799,164,16.9718,0,0,5440,23170115545
499.777,2.00089,45.0128,0,85,66,44,2760,10501,5.12799,164,16.9718,0,0,5440,23172116671
465.358,2.14888,45.0128,0,85,66,44,2760,10501,5.12799,164,16.9718,0,0,5440,23174265916
221.324,4.51827,45.0128,0,85,66,44,2760,10501,5.12799,164,16.9718,0,0,5440,23178786809
1241.13,0.80572,45.0128,0,85,66,44,2760,10501,5.12799,164,16.9718,0,0,5440,23179591894
211.133,4.73634,45.0128,0,85,66,44,2760,10501,5.12799,164,16.9718,0,0,5440,23184328544
646.552,1.54667,45.0128,0,85,66,44,2760,10501,5.12799,164,16.9718,0,0,5440,23185875596
564.101,1.77273,45.0128,0,85,66,44,2760,10501,5.12799,164,16.9718,0,0,5440,23187648636
342.561,2.91918,45.0128,0,85,66,44,2760,10501,5.12799,164,16.9718,0,0,5440,23190568158
248.276,4.02778,45.0128,0,85,66,44,2760,10501,5.12799,164,16.9718,0,0,5440,23194596265
367.464,2.72135,45.0128,0,85,66,44,2760,10501,5.12799,164,16.9718,0,0,5440,23197317981
1060.33,0.943099,45.0128,0,85,66,44,2760,10501,5.12799,164,16.9718,0,0,5440,23198261523
378.267,2.64364,45.0128,0,85,66,44,2760,10501,5.12799,164,16.9718,0,0,5440,23200905420
483.603,2.06781,45.0128,0,85,66,44,2760,10501,5.12799,164,16.9718,0,0,5440,23202973662
333.827,2.99556,45.0128,0,85,66,44,2760,10501,5.12799,164,16.9718,0,0,5440,23205969456
280.155,3.56945,45.0128,0,85,66,44,2760,10501,5.12799,164,16.9718,0,0,5440,23209539230
633.241,1.57918,45.0128,0,85,66,44,2760,10501,5.12799,164,16.9718,0,0,5440,23211118754
377.881,2.64634,45.0128,0,85,66,44,2760,10501,5.12799,164,16.9718,0,0,5440,23213765420
334.42,2.99026,45.0128,0,85,66,44,2760,10501,5.12799,164,16.9718,0,0,5440,23216756127
417.736,2.39386,45.0128,0,85,66,44,2760,10501,5.12799,164,16.9718,0,0,5440,23219150284
195.346,5.11912,45.0128,0,85,66,44,2760,10501,5.12799,164,16.9718,0,0,5440,23224269765
2043.56,0.489343,45.0128,0,85,66,44,2760,10501,5.12799,164,16.9718,0,0,5440,23224759406
381.068,2.6242,45.0128,0,85,66,44,2760,10501,5.12799,164,16.9718,0,0,5440,23227383898
420.604,2.37753,45.0128,0,85,66,44,2760,10501,5.12799,164,16.9718,0,0,5440,23229761825
325.027,3.07667,45.0128,0,85,66,44,2760,10501,5.12799,164,16.9718,0,0,5440,23232838784
455.979,2.19308,45.0128,0,85,66,44,2760,10501,5.12799,164,16.9718,0,0,5440,23235032185
354.25,2.82287,45.0128,0,85,66,44,2760,10501,5.12799,164,16.9718,0,0,5440,23237855367
395.984,2.52535,45.0128,0,85,66,44,2760,10501,5.12799,164,16.9718,0,0,5440,23240381058
335.735,2.97854,45.0128,0,85,66,44,2760,10501,5.12799,164,16.9718,0,0,5440,23243360052
427.527,2.33903,45.0128,0,85,66,44,2760,10501,5.12799,164,16.9718,0,0,5440,23245699391
294.894,3.39105,45.0128,0,85,66,44,2760,10501,5.12799,164,16.9718,0,0,5440,23249090784
519.165,1.92617,45.0128,0,85,66,44,2760,10501,5.12799,164,16.9718,0,0,5440,23251017387
394.694,2.53361,45.0128,0,85,66,44,2760,10501,5.12799,164,16.9718,0,0,5440,23253551328
397.712,2.51438,45.0128,0,85,66,44,2760,10501,5.12799,164,16.9718,0,0,5440,23256065923
196.08,5.09997,45.0128,0,85,66,44,2760,10501,5.12799,164,16.9718,0,0,5440,23261166277
650.417,1.53747,45.0128,0,85,66,44,2760,10501,5.12799,164,16.9718,0,0,5440,23262704050
446.895,2.23766,45.0128,0,85,66,44,2760,10501,5.12799,164,16.9718,0,0,5440,23264942029
446.237,2.24096,45.0128,0,85,66,44,2760,10501,5.12799,164,16.9718,0,0,5440,23267183336
379.289,2.63651,45.0128,0,85,66,44,2760,10501,5.12799,164,16.9718,0,0,5440,23269820300
345.455,2.89473,45.0128,0,85,66,44,2760,10501,5.12799,164,16.9718,0,0,5440,23272715359
381.602,2.62053,45.0128,0,85,66,44,2760,10501,5.12799,164,16.9718,0,0,5440,23275336178
406.312,2.46116,45.0128,0,85,66,44,2760,10501,5.12799,164,16.9718,0,0,5440,23277797838
294.388,3.39687,45.0128,0,85,66,44,2760,10501,5.12799,164,16.9718,0,0,5440,23281194856
476.321,2.09943,45.0128,0,85,66,44,2760,10501,5.12799,164,16.9718,0,0,5440,23283295456
299.094,3.34343,45.0128,0,85,66,44,2760,10501,5.12799,164,16.9718,0,0,5440,23286638299
470.871,2.12372,45.0128,0,85,66,44,2760,10501,5.12799,164,16.9718,0,0,5440,23288762399
402.297,2.48573,45.0128,0,85,66,44,2760,10501,5.12799,164,16.9718,0,0,5440,23291248474
364.895,2.74051,45.0128,0,85,66,44,2760,10501,5.12799,164,16.9718,0,0,5440,23293989451
385.483,2.59415,45.0128,0,85,66,44,2760,10501,5.12799,164,16.9718,0,0,5440,23296583807
352.417,2.83755,45.0128,0,85,66,44,2760,10501,5.12799,164,16.9718,0,0,5440,23299421643
323.789,3.08843,45.0128,0,85,66,44,2760,10501,5.12799,164,16.9718,0,0,5440,23302510392
433.359,2.30756,45.0128,0,85,66,44,2760,10501,5.12799,164,16.9718,0,0,5440,23304818248
399.257,2.50465,45.0128,0,85,66,44,2760,10501,5.12799,164,16.9718,0,0,5440,23307323275
346.826,2.88329,45.0128,0,85,66,44,2760,10501,5.12799,164,16.9718,0,0,5440,23310206843
290.358,3.44403,45.0128,0,85,66,44,2760,10501,5.12799,164,16.9718,0,0,5440,23313651209
528.322,1.89278,45.0128,0,85,66,44,2760,10501,5.12799,164,16.9718,0,0,5440,23315544292
371.963,2.68844,45.0128,0,85,66,44,2760,10501,5.12799,164,16.9718,0,0,5440,23318232989
360.415,2.77458,45.0128,0,85,66,44,2760,10501,5.12799,164,16.9718,0,0,5440,23321007996
290.013,3.44812,45.0128,0,85,66,44,2760,10501,5.12799,164,16.9718,0,0,5440,23324456381
461.962,2.16468,45.0128,0,85,66,44,2760,10501,5.12799,164,16.9718,0,0,5440,23326641541
357.675,2.79584,45.0128,0,85,66,44,2760,10501,5.12799,164,16.9718,0,0,5440,23329417577
333.001,3.003,45.0128,0,85,66,44,2760,10501,5.12799,164,16.9718,0,0,5440,23332421005
487.459,2.05145,45.0128,0,85,66,44,2760,10501,5.12799,164,16.9718,0,0,5440,23334472844
336.158,2.97479,45.0128,0,85,66,44,2760,10501,5.12799,164,16.9718,0,0,5440,23337447925
499.28,2.00289,45.0128,0,85,66,44,2760,10501,5.12799,164,16.9718,0,0,5440,23339451088
365.864,2.73326,45.0128,0,85,66,44,2760,10501,5.12799,164,16.9718,0,0,5440,23342184671
394.323,2.53599,45.0128,0,85,66,44,2760,10501,5.12799,164,16.9718,0,0,5440,23344721016
361.285,2.7679,45.0128,0,85,66,44,2760,10501,5.12799,164,16.9718,0,0,5440,23347489205
260.525,3.83841,45.0128,0,85,66,44,2760,10501,5.12799,164,16.9718,0,0,5440,23351328114
637.417,1.56883,45.0128,0,85,66,44,2760,10501,5.12799,164,16.9718,0,0,5440,23352897157
205.398,4.8686,45.0128,0,85,66,44,2760,10501,5.12799,164,16.9718,0,0,5440,23357766244
518.466,1.92877,45.0128,0,85,66,44,2760,10501,5.12799,164,16.9718,0,0,5440,23359695347
398.978,2.5064,45.0128,0,85,66,44,2760,10501,5.12799,164,16.9718,0,0,5440,23362201903
391.761,2.55258,45.0128,0,85,66,44,2760,10501,5.12799,164,16.9718,0,0,5440,23364754835
379.427,2.63555,45.0128,0,85,66,44,2760,10501,5.12799,164,16.9718,0,0,5440,23367390530
359.952,2.77815,45.0128,0,85,66,44,2760,10501,5.12799,164,16.9718,0,0,5440,23370169200
372.14,2.68716,45.0128,0,85,66,44,2760,10501,5.12799,164,16.9718,0,0,5440,23372856685
439.531,2.27515,45.0128,0,85,66,44,2760,10501,5.12799,164,16.9718,0,0,5440,23375132271
268.265,3.72765,45.0128,0,85,66,44,2760,10501,5.12799,164,16.9718,0,0,5440,23378860282
365.025,2.73954,45.0128,0,85,66,44,2760,10501,5.12799,164,16.9718,0,0,5440,23381600182
404.619,2.47146,45.0128,0,85,66,44,2760,10501,5.12799,164,16.9718,0,0,5440,23384071861
580.483,1.7227,45.0128,0,85,66,44,2760,10501,5.12799,164,16.9718,0,0,5440,23385794977
273.171,3.66071,45.0128,0,85,66,44,2760,10501,5.12799,164,16.9718,0,0,5440,23389455937
567.549,1.76196,45.0128,0,85,66,44,2760,10501,5.12799,164,16.9718,0,0,5440,23391218189
373.72,2.6758,45.0128,0,85,66,44,2760,10501,5.12799,164,16.9718,0,0,5440,23393894481
306.228,3.26554,45.0128,0,85,66,44,2760,10501,5.12799,164,16.9718,0,0,5440,23397160196
191.199,5.23016,45.0128,0,85,66,44,2760,10501,5.12799,164,16.9718,0,0,5440,23402391113
1198.1,0.834653,45.0128,0,85,66,44,2760,10501,5.12799,164,16.9718,0,0,5440,23403225949
420.451,2.3784,45.0128,0,85,66,44,2760,10501,5.12799,164,16.9718,0,0,5440,23405604731
354.113,2.82396,45.0128,0,85,66,44,2760,10501,5.12799,164,16.9718,0,0,5440,23408428970
401.312,2.49182,45.0128,0,85,66,44,2760,10501,5.12799,164,16.9718,0,0,5440,23410921112
310.058,3.2252,45.0128,0,85,66,44,2760,10501,5.12799,164,16.9718,0,0,5440,23414146673
513.489,1.94746,45.0128,0,85,66,44,2760,10501,5.12799,164,16.9718,0,0,5440,23416094460
480.232,2.08233,45.0128,0,85,66,44,2760,10501,5.12799,164,16.9718,0,0,5440,23418177087
185.424,5.39305,45.0128,0,85,66,44,2760,10501,5.12799,164,16.9718,0,0,5440,23423570586
1159.32,0.862577,45.0128,0,85,66,44,2760,10501,5.12799,164,16.9718,0,0,5440,23424433452
370.504,2.69902,45.0128,0,85,66,44,2760,10501,5.12799,164,16.9718,0,0,5440,23427132880
337.468,2.96324,45.0128,0,85,66,44,2760,10501,5.12799,164,16.9718,0,0,5440,23430096729
663.302,1.50761,45.0128,0,85,66,44,2760,10501,5.12799,164,16.9718,0,0,5440,23431604694
277.079,3.60907,45.0128,0,85,66,44,2760,10501,5.12799,164,16.9718,0,0,5440,23435214392
259.733,3.85011,45.0128,0,85,66,44,2760,10501,5.12799,164,16.9718,0,0,5440,23439064801
353.478,2.82903,45.0128,0,85,66,44,2760,10501,5.12799,164,16.9718,0,0,5440,23441894098
543.682,1.83931,45.0128,0,85,66,44,2760,10501,5.12799,164,16.9718,0,0,5440,23443733776
240.35,4.1606,45.0128,0,85,66,44,2760,10501,5.12799,164,16.9718,0,0,5440,23447894752
543.596,1.8396,45.0128,0,85,66,44,2760,10501,5.12799,164,16.9718,0,0,5440,23449734487
332.423,3.00822,45.0128,0,85,66,44,2760,10501,5.12799,164,16.9718,0,0,5440,23452743060
234.822,4.25855,45.0128,0,85,66,44,2760,10501,5.12799,164,16.9718,0,0,5440,23457001963
400.561,2.4965,45.0128,0,85,66,44,2760,10501,5.12799,164,16.9718,0,0,5440,23459498653
457.919,2.18379,45.0128,0,85,66,44,2760,10501,5.12799,164,16.9718,0,0,5440,23461682928
173.154,5.77521,45.0128,0,85,66,44,2760,10501,5.12799,164,16.9718,0,0,5440,23467458402
484.466,2.06413,45.0128,0,85,66,44,2760,10501,5.12799,164,16.9718,0,0,5440,23469522875
464.837,2.15129,45.0128,0,85,66,44,2760,10501,5.12799,164,16.9718,0,0,5440,23471674544
207.632,4.81622,45.0128,0,85,66,44,2760,10501,5.12799,164,16.9718,0,0,5440,23476491178
958.572,1.04322,45.0128,0,85,66,44,2760,10501,5.12799,164,16.9718,0,0,5440,23477534684
249.901,4.00158,45.0128,0,85,66,44,2760,10501,5.12799,164,16.9718,0,0,5440,23481536915
418.351,2.39034,45.0128,0,85,66,44,2760,10501,5.12799,164,16.9718,0,0,5440,23483927495
320.205,3.123,45.0128,0,85,66,44,2760,10501,5.12799,164,16.9718,0,0,5440,23487050649
431.673,2.31657,45.0128,0,85,66,44,2760,10501,5.12799,164,16.9718,0,0,5440,23489367746
342.84,2.91681,45.0128,0,85,66,44,2760,10501,5.12799,164,16.9718,0,0,5440,23492284739
374.281,2.67179,45.0128,0,85,66,44,2760,10501,5.12799,164,16.9718,0,0,5440,23494957069
317.033,3.15425,45.0128,0,85,66,44,2760,10501,5.12799,164,16.9718,0,0,5440,23498111473
377.131,2.6516,45.0128,0,85,66,44,2760,10501,5.12799,164,16.9718,0,0,5440,23500763505
697.359,1.43398,45.0128,0,85,66,44,2760,10501,5.12799,164,16.9718,0,0,5440,23502197726
221.86,4.50734,45.0128,0,85,66,44,2760,10501,5.12799,164,16.9718,0,0,5440,23506705407
313.585,3.18893,45.0128,0,85,66,44,2760,10501,5.12799,164,16.9718,0,0,5440,23509894813
268.325,3.72682,45.0128,0,85,66,44,2760,10501,5.12799,164,16.9718,0,0,5440,23513621929
2657.92,0.376234,45.0128,0,85,66,44,2760,10501,5.12799,164,16.9718,0,0,5440,23513998422
323.887,3.0875,45.0128,0,85,66,44,2760,10501,5.12799,164,16.9718,0,0,5440,23517086344
294.213,3.3989,45.0128,0,85,66,44,2760,10501,5.12799,164,16.9718,0,0,5440,23520485718
472.656,2.11571,45.0128,0,85,66,44,2760,10501,5.12799,164,16.9718,0,0,5440,23522601539
456.537,2.1904,45.0128,0,85,66,44,2760,10501,5.12799,164,16.9718,0,0,5440,23524792344
113.722,8.7934,45.0128,0,85,66,44,2760,10501,5.12799,164,16.9718,0,0,5440,23533586534
335.209,2.98322,45.0128,0,85,66,44,2760,10501,5.12799,164,16.9718,0,0,5440,23536570202
292.757,3.4158,45.0128,0,85,66,44,2760,10501,5.12799,164,16.9718,0,0,5440,23539986519
564.043,1.77292,45.0128,0,85,66,44,2760,10501,5.12799,164,16.9718,0,0,5440,23541759877
378.292,2.64346,45.0128,0,85,66,44,2760,10501,5.12799,164,16.9718,0,0,5440,23544403860
216.085,4.6278,45.0128,0,85,66,44,2760,10501,5.12799,164,16.9718,0,0,5440,23549031968
1877.8,0.532537,45.0128,0,85,66,44,2760,10501,5.12799,164,16.9718,0,0,5440,23549564842
274.765,3.63947,45.0128,0,85,66,44,2760,10501,5.12799,164,16.9718,0,0,5440,23553204647
346.818,2.88336,45.0128,0,85,66,44,2760,10501,5.12799,164,16.9718,0,0,5440,23556088283
575.202,1.73852,45.0128,0,85,66,44,2760,10501,5.12799,164,16.9718,0,0,5440,23557827101
550.508,1.8165,45.0128,0,85,66,44,2760,10501,5.12799,164,16.9718,0,0,5440,23559643922
285.451,3.50323,45.0128,0,85,66,44,2760,10501,5.12799,164,16.9718,0,0,5440,23563147463
390.383,2.56159,45.0128,0,85,66,44,2760,10501,5.12799,164,16.9718,0,0,5440,23565709472
261.224,3.82814,45.0128,0,85,66,44,2760,10501,5.12799,164,16.9718,0,0,5440,23569537890
237.316,4.21379,45.0128,0,85,66,44,2760,10501,5.12799,164,16.9718,0,0,5440,23573752215
547.091,1.82785,45.0128,0,85,66,44,2760,10501,5.12799,164,16.9718,0,0,5440,23575580238
300.84,3.32402,45.0128,0,85,66,44,2760,10501,5.12799,164,16.9718,0,0,5440,23578904609
1274.09,0.784872,45.0128,0,85,66,44,2760,10501,5.12799,164,16.9718,0,0,5440,23579689905
377.691,2.64767,45.0128,0,85,66,44,2760,10501,5.12799,164,16.9718,0,0,5440,23582337927
463.595,2.15705,45.0128,0,85,66,44,2760,10501,5.12799,164,16.9718,0,0,5440,23584495279
277.402,3.60488,45.0128,0,85,66,44,2760,10501,5.12799,164,16.9718,0,0,5440,23588100583
246.631,4.05464,45.0128,0,85,66,44,2760,10501,5.12799,164,16.9718,0,0,5440,23592155450
448.379,2.23026,45.0128,0,85,66,44,2760,10501,5.12799,164,16.9718,0,0,5440,23594386083
348.688,2.86789,45.0128,0,85,66,44,2760,10501,5.12799,164,16.9718,0,0,5440,23597254324
370.471,2.69926,45.0128,0,85,66,44,2760,10501,5.12799,164,16.9718,0,0,5440,23599953838
786.434,1.27156,45.0128,0,85,66,44,2760,10501,5.12799,164,16.9718,0,0,5440,23601225689
304.964,3.27907,45.0128,0,85,66,44,2760,10501,5.12799,164,16.9718,0,0,5440,23604507155
426.414,2.34514,48.5969,0,86,66,44,2760,10501,5.13112,165,16.9671,0,0,5425,23606850503
431.018,2.32009,48.5969,0,86,66,44,2760,10501,5.13112,165,16.9671,0,0,5425,23609170754
370.404,2.69975,48.5969,0,86,66,44,2760,10501,5.13112,165,16.9671,0,0,5425,23611870951
403.749,2.47679,48.5969,0,86,66,44,2760,10501,5.13112,165,16.9671,0,0,5425,23614348015
358.815,2.78695,48.5969,0,86,66,44,2760,10501,5.13112,165,16.9671,0,0,5425,23617135427
373.005,2.68093,48.5969,0,86,66,44,2760,10501,5.13112,165,16.9671,0,0,5425,23619816613
353.469,2.8291,48.5969,0,86,66,44,2760,10501,5.13112,165,16.9671,0,0,5425,23622646026
169.109,5.91335,48.5969,0,86,66,44,2760,10501,5.13112,165,16.9671,0,0,5425,23628559802
393.335,2.54237,48.5969,0,86,66,44,2760,10501,5.13112,165,16.9671,0,0,5425,23631102542
510.833,1.95758,48.5969,0,86,66,44,2760,10501,5.13112,165,16.9671,0,0,5425,23633060684
739.483,1.3523,48.5969,0,86,66,44,2760,10501,5.13112,165,16.9671,0,0,5425,23634413249
439.587,2.27486,48.5969,0,86,66,44,2760,10501,5.13112,165,16.9671,0,0,5425,23636688489
208.843,4.7883,48.5969,0,86,66,44,2760,10501,5.13112,165,16.9671,0,0,5425,23641477343
961.39,1.04016,48.5969,0,86,66,44,2760,10501,5.13112,165,16.9671,0,0,5425,23642517705
496.916,2.01241,48.5969,0,86,66,44,2760,10501,5.13112,165,16.9671,0,0,5425,23644530465
225.973,4.4253,48.5969,0,86,66,44,2760,10501,5.13112,165,16.9671,0,0,5425,23648956355
667.294,1.49859,48.5969,0,86,66,44,2760,10501,5.13112,165,16.9671,0,0,5425,23650454905
496.247,2.01513,48.5969,0,86,66,44,2760,10501,5.13112,165,16.9671,0,0,5425,23652470521
156.184,6.40273,48.5969,0,86,66,44,2760,10501,5.13112,165,16.9671,0,0,5425,23658873602
1648.3,0.606684,48.5969,0,86,66,44,2760,10501,5.13112,165,16.9671,0,0,5425,23659480171
425.483,2.35027,48.5969,0,86,66,44,2760,10501,5.13112,165,16.9671,0,0,5425,23661830904
377.042,2.65222,48.5969,0,86,66,44,2760,10501,5.13112,165,16.9671,0,0,5425,23664483455
415.341,2.40766,48.5969,0,86,66,44,2760,10501,5.13112,165,16.9671,0,0,5425,23666891382
425.41,2.35068,48.5969,0,86,66,44,2760,10501,5.13112,165,16.9671,0,0,5425,23669242538
336.432,2.97237,48.5969,0,86,66,44,2760,10501,5.13112,165,16.9671,0,0,5425,23672215465
292.837,3.41487,48.5969,0,86,66,44,2760,10501,5.13112,165,16.9671,0,0,5425,23675630446
348.366,2.87055,48.5969,0,86,66,44,2760,10501,5.13112,165,16.9671,0,0,5425,23678501495
201.725,4.95724,48.5969,0,86,66,44,2760,10501,5.13112,165,16.9671,0,0,5425,23683459133
721.852,1.38532,48.5969,0,86,66,44,2760,10501,5.13112,165,16.9671,0,0,5425,23684844920
490.8,2.03749,48.5969,0,86,66,44,2760,10501,5.13112,165,16.9671,0,0,5425,23686882537
364.104,2.74647,48.5969,0,86,66,44,2760,10501,5.13112,165,16.9671,0,0,5425,23689629379
378.84,2.63964,48.5969,0,86,66,44,2760,10501,5.13112,165,16.9671,0,0,5425,23692269333
206.039,4.85346,48.5969,0,86,66,44,2760,10501,5.13112,165,16.9671,0,0,5425,23697123237
1172.49,0.852884,48.5969,0,86,66,44,2760,10501,5.13112,165,16.9671,0,0,5425,23697976478
228.44,4.37752,48.5969,0,86,66,44,2760,10501,5.13112,165,16.9671,0,0,5425,23702354433
525.798,1.90187,48.5969,0,86,66,44,2760,10501,5.13112,165,16.9671,0,0,5425,23704256382
283.673,3.52519,48.5969,0,86,66,44,2760,10501,5.13112,165,16.9671,0,0,5425,23707781904
205.392,4.86875,48.5969,0,86,66,44,2760,10501,5.13112,165,16.9671,0,0,5425,23712650943
596.933,1.67523,48.5969,0,86,66,44,2760,10501,5.13112,165,16.9671,0,0,5425,23714326500
296.537,3.37226,48.5969,0,86,66,44,2760,10501,5.13112,165,16.9671,0,0,5425,23717699133
935.211,1.06928,48.5969,0,86,66,44,2760,10501,5.13112,165,16.9671,0,0,5425,23718768736
447.202,2.23612,48.5969,0,86,66,44,2760,10501,5.13112,165,16.9671,0,0,5425,23721005061
276.124,3.62157,48.5969,0,86,66,44,2760,10501,5.13112,165,16.9671,0,0,5425,23724627232
433.749,2.30548,48.5969,0,86,66,44,2760,10501,5.13112,165,16.9671,0,0,5425,23726932886
443.403,2.25529,48.5969,0,86,66,44,2760,10501,5.13112,165,16.9671,0,0,5425,23729188520
178.711,5.59564,48.5969,0,86,66,44,2760,10501,5.13112,165,16.9671,0,0,5425,23734784564
336.498,2.97178,48.5969,0,86,66,44,2760,10501,5.13112,165,16.9671,0,0,5425,23737756789
443.686,2.25385,48.5969,0,86,66,44,2760,10501,5.13112,165,16.9671,0,0,5425,23740011029
753.795,1.32662,48.5969,0,86,66,44,2760,10501,5.13112,165,16.9671,0,0,5425,23741337900
244.061,4.09734,48.5969,0,86,66,44,2760,10501,5.13112,165,16.9671,0,0,5425,23745435481
287.221,3.48164,48.5969,0,86,66,44,2760,10501,5.13112,165,16.9671,0,0,5425,23748917377
1026.07,0.974591,48.5969,0,86,66,44,2760,10501,5.13112,165,16.9671,0,0,5425,23749891977
602.055,1.66098,48.5969,0,86,66,44,2760,10501,5.13112,165,16.9671,0,0,5425,23751553427
244.142,4.09597,48.5969,0,86,66,44,2760,10501,5.13112,165,16.9671,0,0,5425,23755649912
341.074,2.93192,48.5969,0,86,66,44,2760,10501,5.13112,165,16.9671,0,0,5425,23758582193
472.943,2.11442,48.5969,0,86,66,44,2760,10501,5.13112,165,16.9671,0,0,5425,23760696784
221.381,4.5171,48.5969,0,86,66,44,2760,10501,5.13112,165,16.9671,0,0,5425,23765214340
406.419,2.46052,48.5969,0,86,66,44,2760,10501,5.13112,165,16.9671,0,0,5425,23767675336
481.929,2.07499,48.5969,0,86,66,44,2760,10501,5.13112,165,16.9671,0,0,5425,23769750502
408.42,2.44846,48.5969,0,86,66,44,2760,10501,5.13112,165,16.9671,0,0,5425,23772199306
381.531,2.62102,48.5969,0,86,66,44,2760,10501,5.13112,165,16.9671,0,0,5425,23774820711
267.308,3.741,48.5969,0,86,66,44,2760,10501,5.13112,165,16.9671,0,0,5425,23778562145
308.427,3.24225,48.5969,0,86,66,44,2760,10501,5.13112,165,16.9671,0,0,5425,23781804668
514.139,1.945,48.5969,0,86,66,44,2760,10501,5.13112,165,16.9671,0,0,5425,23783750099
775.41,1.28964,48.5969,0,86,66,44,2760,10501,5.13112,165,16.9671,0,0,5425,23785039921
235.994,4.23739,48.5969,0,86,66,44,2760,10501,5.13112,165,16.9671,0,0,5425,23789277699
239.03,4.18357,48.5969,0,86,66,44,2760,10501,5.13112,165,16.9671,0,0,5425,23793461580
625.659,1.59831,48.5969,0,86,66,44,2760,10501,5.13112,165,16.9671,0,0,5425,23795060076
376.533,2.65581,48.5969,0,86,66,44,2760,10501,5.13112,165,16.9671,0,0,5425,23797716223
799.61,1.25061,48.5969,0,86,66,44,2760,10501,5.13112,165,16.9671,0,0,5425,23798967160
254.835,3.9241,48.5969,0,86,66,44,2760,10501,5.13112,165,16.9671,0,0,5425,23802891811
229.758,4.3524,48.5969,0,86,66,44,2760,10501,5.13112,165,16.9671,0,0,5425,23807244727
632.378,1.58133,48.5969,0,86,66,44,2760,10501,5.13112,165,16.9671,0,0,5425,23808826492
432.621,2.31149,48.5969,0,86,66,44,2760,10501,5.13112,165,16.9671,0,0,5425,23811138445
506.455,1.97451,48.5969,0,86,66,44,2760,10501,5.13112,165,16.9671,0,0,5425,23813113406
321.415,3.11124,48.5969,0,86,66,44,2760,10501,5.13112,165,16.9671,0,0,5425,23816224818
206.719,4.83748,48.5969,0,86,66,44,2760,10501,5.13112,165,16.9671,0,0,5425,23821062702
655.125,1.52643,48.5969,0,86,66,44,2760,10501,5.13112,165,16.9671,0,0,5425,23822589273
332.583,3.00676,48.5969,0,86,66,44,2760,10501,5.13112,165,16.9671,0,0,5425,23825596971
519.219,1.92597,48.5969,0,86,66,44,2760,10501,5.13112,165,16.9671,0,0,5425,23827523295
434.826,2.29977,48.5969,0,86,66,44,2760,10501,5.13112,165,16.9671,0,0,5425,23829823305
430.155,2.32474,48.5969,0,86,66,44,2760,10501,5.13112,165,16.9671,0,0,5425,23832148422
299.715,3.33651,48.5969,0,86,66,44,2760,10501,5.13112,165,16.9671,0,0,5425,23835485256
452.605,2.20943,48.5969,0,86,66,44,2760,10501,5.13112,165,16.9671,0,0,5425,23837695176
382.581,2.61383,48.5969,0,86,66,44,2760,10501,5.13112,165,16.9671,0,0,5425,23840309168
391.99,2.55109,48.5969,0,86,66,44,2760,10501,5.13112,165,16.9671,0,0,5425,23842860552
205.283,4.87133,48.5969,0,86,66,44,2760,10501,5.13112,165,16.9671,0,0,5425,23847732226
1290.18,0.775084,48.5969,0,86,66,44,2760,10501,5.13112,165,16.9671,0,0,5425,23848507589
380.541,2.62784,48.5969,0,86,66,44,2760,10501,5.13112,165,16.9671,0,0,5425,23851135754
271.333,3.68551,48.5969,0,86,66,44,2760,10501,5.13112,165,16.9671,0,0,5425,23854821629
492.177,2.03179,48.5969,0,86,66,44,2760,10501,5.13112,165,16.9671,0,0,5425,23856853716
400.885,2.49448,48.5969,0,86,66,44,2760,10501,5.13112,165,16.9671,0,0,5425,23859348627
423.709,2.36011,48.5969,0,86,66,44,2760,10501,5.13112,165,16.9671,0,0,5425,23861709034
267.894,3.73282,48.5969,0,86,66,44,2760,10501,5.13112,165,16.9671,0,0,5425,23865442179
487.395,2.05172,48.5969,0,86,66,44,2760,10501,5.13112,165,16.9671,0,0,5425,23867494238
474.699,2.1066,48.5969,0,86,66,44,2760,10501,5.13112,165,16.9671,0,0,5425,23869601146
173.044,5.77887,48.5969,0,86,66,44,2760,10501,5.13112,165,16.9671,0,0,5425,23875380504
619.012,1.61548,48.5969,0,86,66,44,2760,10501,5.13112,165,16.9671,0,0,5425,23876996212
287.974,3.47254,48.5969,0,86,66,44,2760,10501,5.13112,165,16.9671,0,0,5425,23880469224
936.062,1.06831,48.5969,0,86,66,44,2760,10501,5.13112,165,16.9671,0,0,5425,23881537587
279.036,3.58377,48.5969,0,86,66,44,2760,10501,5.13112,165,16.9671,0,0,5425,23885121784
562.277,1.77848,48.5969,0,86,66,44,2760,10501,5.13112,165,16.9671,0,0,5425,23886900594
219.609,4.55356,48.5969,0,86,66,44,2760,10501,5.13112,165,16.9671,0,0,5425,23891454536
1458.7,0.685542,48.5969,0,86,66,44,2760,10501,5.13112,165,16.9671,0,0,5425,23892140300
345.304,2.896,48.5969,0,86,66,44,2760,10501,5.13112,165,16.9671,0,0,5425,23895036618
290.746,3.43943,48.5969,0,86,66,44,2760,10501,5.13112,165,16.9671,0,0,5425,23898477177
321.294,3.11241,48.5969,0,86,66,44,2760,10501,5.13112,165,16.9671,0,0,5425,23901590022
932.972,1.07184,48.5969,0,86,66,44,2760,10501,5.13112,165,16.9671,0,0,5425,23902662106
323.791,3.08841,48.5969,0,86,66,44,2760,10501,5.13112,165,16.9671,0,0,5425,23905750835
388.277,2.57548,48.5969,0,86,66,44,2760,10501,5.13112,165,16.9671,0,0,5425,23908326585
368.226,2.71573,48.5969,0,86,66,44,2760,10501,5.13112,165,16.9671,0,0,5425,23911042812
382.114,2.61702,48.5969,0,86,66,44,2760,10501,5.13112,165,16.9671,0,0,5425,23913660121
290.932,3.43723,48.5969,0,86,66,44,2760,10501,5.13112,165,16.9671,0,0,5425,23917097554
530.57,1.88477,48.5969,0,86,66,44,2760,10501,5.13112,165,16.9671,0,0,5425,23918982541
356.624,2.80408,48.5969,0,86,66,44,2760,10501,5.13112,165,16.9671,0,0,5425,23921786952
268.516,3.72417,48.5969,0,86,66,44,2760,10501,5.13112,165,16.9671,0,0,5425,23925511463
324.589,3.08082,48.5969,0,86,66,44,2760,10501,5.13112,165,16.9671,0,0,5425,23928592740
295.798,3.38069,48.5969,0,86,66,44,2760,10501,5.13112,165,16.9671,0,0,5425,23931973815
613.578,1.62978,48.5969,0,86,66,44,2760,10501,5.13112,165,16.9671,0,0,5425,23933603774
591.635,1.69023,48.5969,0,86,66,44,2760,10501,5.13112,165,16.9671,0,0,5425,23935294398
350.939,2.8495,48.5969,0,86,66,44,2760,10501,5.13112,165,16.9671,0,0,5425,23938144292
368.856,2.71108,48.5969,0,86,66,44,2760,10501,5.13112,165,16.9671,0,0,5425,23940855585
306.54,3.26222,48.5969,0,86,66,44,2760,10501,5.13112,165,16.9671,0,0,5425,23944118234
492.867,2.02894,48.5969,0,86,66,44,2760,10501,5.13112,165,16.9671,0,0,5425,23946147495
384.298,2.60214,48.5969,0,86,66,44,2760,10501,5.13112,165,16.9671,0,0,5425,23948750159
393.969,2.53827,48.5969,0,86,66,44,2760,10501,5.13112,165,16.9671,0,0,5425,23951288533
280.161,3.56938,48.5969,0,86,66,44,2760,10501,5.13112,165,16.9671,0,0,5425,23954858432
286.414,3.49146,48.5969,0,86,66,44,2760,10501,5.13112,165,16.9671,0,0,5425,23958350271
586.63,1.70465,48.5969,0,86,66,44,2760,10501,5.13112,165,16.9671,0,0,5425,23960055232
446.957,2.23735,48.5969,0,86,66,44,2760,10501,5.13112,165,16.9671,0,0,5425,23962292856
370.003,2.70268,48.5969,0,86,66,44,2760,10501,5.13112,165,16.9671,0,0,5425,23964995803
384.006,2.60413,48.5969,0,86,66,44,2760,10501,5.13112,165,16.9671,0,0,5425,23967600342
252.898,3.95417,48.5969,0,86,66,44,2760,10501,5.13112,165,16.9671,0,0,5425,23971554793
563.255,1.7754,48.5969,0,86,66,44,2760,10501,5.13112,165,16.9671,0,0,5425,23973330507
416.871,2.39882,48.5969,0,86,66,44,2760,10501,5.13112,165,16.9671,0,0,5425,23975729655
357.725,2.79544,48.5969,0,86,66,44,2760,10501,5.13112,165,16.9671,0,0,5425,23978525422
291.383,3.43191,48.5969,0,86,66,44,2760,10501,5.13112,165,16.9671,0,0,5425,23981957692
501.123,1.99552,48.5969,0,86,66,44,2760,10501,5.13112,165,16.9671,0,0,5425,23983953499
316.364,3.16091,48.5969,0,86,66,44,2760,10501,5.13112,165,16.9671,0,0,5425,23987114837
503.835,1.98478,48.5969,0,86,66,44,2760,10501,5.13112,165,16.9671,0,0,5425,23989099942
367.287,2.72267,48.5969,0,86,66,44,2760,10501,5.13112,165,16.9671,0,0,5425,23991822957
368.939,2.71048,48.5969,0,86,66,44,2760,10501,5.13112,165,16.9671,0,0,5425,23994534048
354.149,2.82367,48.5969,0,86,66,44,2760,10501,5.13112,165,16.9671,0,0,5425,23997357730
396.786,2.52025,48.5969,0,86,66,44,2760,10501,5.13112,165,16.9671,0,0,5425,23999878151
354.635,2.8198,48.5969,0,86,66,44,2760,10501,5.13112,165,16.9671,0,0,5425,24002698343
348.612,2.86852,48.5969,0,86,66,44,2760,10501,5.13112,165,16.9671,0,0,5425,24005566833
236.179,4.23408,48.5969,0,86,66,44,2760,10501,5.13112,165,16.9671,0,0,5425,24009801361
346.795,2.88355,48.5969,0,86,66,44,2760,10501,5.13112,165,16.9671,0,0,5425,24012685333
737.805,1.35537,48.5969,0,86,66,44,2760,10501,5.13112,165,16.9671,0,0,5425,24014040946
408.994,2.44502,48.5969,0,86,66,44,2760,10501,5.13112,165,16.9671,0,0,5425,24016486307
325.359,3.07353,48.5969,0,86,66,44,2760,10501,5.13112,165,16.9671,0,0,5425,24019560161
400.856,2.49466,48.5969,0,86,66,44,2760,10501,5.13112,165,16.9671,0,0,5425,24022055158
385.978,2.59082,48.5969,0,86,66,44,2760,10501,5.13112,165,16.9671,0,0,5425,24024646274
365.878,2.73315,48.5969,0,86,66,44,2760,10501,5.13112,165,16.9671,0,0,5425,24027379876
331.049,3.0207,48.5969,0,86,66,44,2760,10501,5.13112,165,16.9671,0,0,5425,24030400834
599.86,1.66706,48.5969,0,86,66,44,2760,10501,5.13112,165,16.9671,0,0,5425,24032068178
313.74,3.18735,48.5969,0,86,66,44,2760,10501,5.13112,165,16.9671,0,0,5425,24035255863
335.255,2.9828,48.5969,0,86,66,44,2760,10501,5.13112,165,16.9671,0,0,5425,24038239098
404.28,2.47354,48.5969,0,86,66,44,2760,10501,5.13112,165,16.9671,0,0,5425,24040712902
363.052,2.75443,48.5969,0,86,66,44,2760,10501,5.13112,165,16.9671,0,0,5425,24043467755
356.808,2.80262,48.5969,0,86,66,44,2760,10501,5.13112,165,16.9671,0,0,5425,24046270686
347.29,2.87943,48.5969,0,86,66,44,2760,10501,5.13112,165,16.9671,0,0,5425,24049150302
478.009,2.09201,48.5969,0,86,66,44,2760,10501,5.13112,165,16.9671,0,0,5425,24051242671
309.882,3.22703,48.5969,0,86,66,44,2760,10501,5.13112,165,16.9671,0,0,5425,24054469943
507.075,1.9721,48.5969,0,86,66,44,2760,10501,5.13112,165,16.9671,0,0,5425,24056442481
195.825,5.1066,48.5969,0,86,66,44,2760,10501,5.13112,165,16.9671,0,0,5425,24061549441
360.591,2.77323,48.5969,0,86,66,44,2760,10501,5.13112,165,16.9671,0,0,5425,24064323179
608.22,1.64414,48.5969,0,86,66,44,2760,10501,5.13112,165,16.9671,0,0,5425,24065967455
235.567,4.24508,48.5969,0,86,66,44,2760,10501,5.13112,165,16.9671,0,0,5425,24070213050
390.273,2.56231,48.5969,0,86,66,44,2760,10501,5.13112,165,16.9671,0,0,5425,24072775598
1025.7,0.974947,48.5969,0,86,66,44,2760,10501,5.13112,165,16.9671,0,0,5425,24073750785
340.61,2.93591,48.5969,0,86,66,44,2760,10501,5.13112,165,16.9671,0,0,5425,24076687105
339.416,2.94623,48.5969,0,86,66,44,2760,10501,5.13112,165,16.9671,0,0,5425,24079633608
346.095,2.88938,48.5969,0,86,66,44,2760,10501,5.13112,165,16.9671,0,0,5425,24082523254
501.974,1.99213,48.5969,0,86,66,44,2760,10501,5.13112,165,16.9671,0,0,5425,24084515715
389.174,2.56955,48.5969,0,86,66,44,2760,10501,5.13112,165,16.9671,0,0,5425,24087085667
272.59,3.66851,48.5969,0,86,66,44,2760,10501,5.13112,165,16.9671,0,0,5425,24090754483
497.963,2.00818,48.5969,0,86,66,44,2760,10501,5.13112,165,16.9671,0,0,5425,24092763012
367.008,2.72474,48.5969,0,86,66,44,2760,10501,5.13112,165,16.9671,0,0,5425,24095488075
278.95,3.58487,48.5969,0,86,66,44,2760,10501,5.13112,165,16.9671,0,0,5425,24099073398
529.5,1.88857,48.5969,0,86,66,44,2760,10501,5.13112,165,16.9671,0,0,5425,24100962135
374.839,2.66781,48.5969,0,86,66,44,2760,10501,5.13112,165,16.9671,0,0,5425,24103630330
348.309,2.87101,48.5969,0,86,66,44,2760,10501,5.13112,165,16.9671,0,0,5425,24106503533
394.677,2.53372,47.9747,0,85,66,44,2760,10501,5.13541,165,16.9727,0,0,5436,24109035753
387.386,2.5814,47.9747,0,85,66,44,2760,10501,5.13541,165,16.9727,0,0,5436,24111617513
375.567,2.66264,47.9747,0,85,66,44,2760,10501,5.13541,165,16.9727,0,0,5436,24114280487
219.092,4.5643,47.9747,0,85,66,44,2760,10501,5.13541,165,16.9727,0,0,5436,24118845958
1050.65,0.951792,47.9747,0,85,66,44,2760,10501,5.13541,165,16.9727,0,0,5436,24119797260
331.631,3.0154,47.9747,0,85,66,44,2760,10501,5.13541,165,16.9727,0,0,5436,24122812890
427.387,2.3398,47.9747,0,85,66,44,2760,10501,5.13541,165,16.9727,0,0,5436,24125153017
290.128,3.44675,47.9747,0,85,66,44,2760,10501,5.13541,165,16.9727,0,0,5436,24128600104
359.79,2.7794,47.9747,0,85,66,44,2760,10501,5.13541,165,16.9727,0,0,5436,24131379814
422.865,2.36482,47.9747,0,85,66,44,2760,10501,5.13541,165,16.9727,0,0,5436,24133745066
514.783,1.94256,47.9747,0,85,66,44,2760,10501,5.13541,165,16.9727,0,0,5436,24135687843
437.764,2.28434,47.9747,0,85,66,44,2760,10501,5.13541,165,16.9727,0,0,5436,24137974353
278.176,3.59485,47.9747,0,85,66,44,2760,10501,5.13541,165,16.9727,0,0,5436,24141568503
154.831,6.45864,47.9747,0,85,66,44,2760,10501,5.13541,165,16.9727,0,0,5436,24148027432
648.871,1.54114,47.9747,0,85,66,44,2760,10501,5.13541,165,16.9727,0,0,5436,24149568869
218.04,4.58631,47.9747,0,85,66,44,2760,10501,5.13541,165,16.9727,0,0,5436,24154155783
1167.14,0.856798,47.9747,0,85,66,44,2760,10501,5.13541,165,16.9727,0,0,5436,24155012716
408.169,2.44997,47.9747,0,85,66,44,2760,10501,5.13541,165,16.9727,0,0,5436,24157463077
331.243,3.01893,47.9747,0,85,66,44,2760,10501,5.13541,165,16.9727,0,0,5436,24160482188
459.617,2.17573,47.9747,0,85,66,44,2760,10501,5.13541,165,16.9727,0,0,5436,24162658214
394.877,2.53243,47.9747,0,85,66,44,2760,10501,5.13541,165,16.9727,0,0,5436,24165190914
346.189,2.8886,47.9747,0,85,66,44,2760,10501,5.13541,165,16.9727,0,0,5436,24168079839
157.751,6.33909,47.9747,0,85,66,44,2760,10501,5.13541,165,16.9727,0,0,5436,24174419389
562.128,1.77895,47.9747,0,85,66,44,2760,10501,5.13541,165,16.9727,0,0,5436,24176198555
415.617,2.40606,47.9747,0,85,66,44,2760,10501,5.13541,165,16.9727,0,0,5436,24178605040
356.3,2.80662,47.9747,0,85,66,44,2760,10501,5.13541,165,16.9727,0,0,5436,24181412105
445.925,2.24253,47.9747,0,85,66,44,2760,10501,5.13541,165,16.9727,0,0,5436,24183654787
367.704,2.71958,47.9747,0,85,66,44,2760,10501,5.13541,165,16.9727,0,0,5436,24186374821
338.254,2.95636,47.9747,0,85,66,44,2760,10501,5.13541,165,16.9727,0,0,5436,24189331584
389.89,2.56483,47.9747,0,85,66,44,2760,10501,5.13541,165,16.9727,0,0,5436,24191896564
388.123,2.5765,47.9747,0,85,66,44,2760,10501,5.13541,165,16.9727,0,0,5436,24194473603
319.335,3.13151,47.9747,0,85,66,44,2760,10501,5.13541,165,16.9727,0,0,5436,24197605401
259.542,3.85295,47.9747,0,85,66,44,2760,10501,5.13541,165,16.9727,0,0,5436,24201465781
458.69,2.18012,47.9747,0,85,66,44,2760,10501,5.13541,165,16.9727,0,0,5436,24203646306
597.111,1.67473,47.9747,0,85,66,44,2760,10501,5.13541,165,16.9727,0,0,5436,24205321392
398.908,2.50684,47.9747,0,85,66,44,2760,10501,5.13541,165,16.9727,0,0,5436,24207828467
384.474,2.60095,47.9747,0,85,66,44,2760,10501,5.13541,165,16.9727,0,0,5436,24210429775
318.519,3.13953,47.9747,0,85,66,44,2760,10501,5.13541,165,16.9727,0,0,5436,24213569631
532.275,1.87873,47.9747,0,85,66,44,2760,10501,5.13541,165,16.9727,0,0,5436,24215448666
303.69,3.29283,47.9747,0,85,66,44,2760,10501,5.13541,165,16.9727,0,0,5436,24218741863
434.746,2.30019,47.9747,0,85,66,44,2760,10501,5.13541,165,16.9727,0,0,5436,24221042527
445.463,2.24485,47.9747,0,85,66,44,2760,10501,5.13541,165,16.9727,0,0,5436,24223287613
239.191,4.18076,47.9747,0,85,66,44,2760,10501,5.13541,165,16.9727,0,0,5436,24227468802
656.109,1.52414,47.9747,0,85,66,44,2760,10501,5.13541,165,16.9727,0,0,5436,24228993343
404.75,2.47066,47.9747,0,85,66,44,2760,10501,5.13541,165,16.9727,0,0,5436,24231464100
369.562,2.70591,47.9747,0,85,66,44,2760,10501,5.13541,165,16.9727,0,0,5436,24234170402
381.433,2.62169,47.9747,0,85,66,44,2760,10501,5.13541,165,16.9727,0,0,5436,24236792395
348.145,2.87237,47.9747,0,85,66,44,2760,10501,5.13541,165,16.9727,0,0,5436,24239665107
413.528,2.41822,47.9747,0,85,66,44,2760,10501,5.13541,165,16.9727,0,0,5436,24242083611
345.055,2.89809,47.9747,0,85,66,44,2760,10501,5.13541,165,16.9727,0,0,5436,24244982055
305.798,3.27013,47.9747,0,85,66,44,2760,10501,5.13541,165,16.9727,0,0,5436,24248252521
494.348,2.02287,47.9747,0,85,66,44,2760,10501,5.13541,165,16.9727,0,0,5436,24250275695
367.617,2.72023,47.9747,0,85,66,44,2760,10501,5.13541,165,16.9727,0,0,5436,24252996258
366.119,2.73135,47.9747,0,85,66,44,2760,10501,5.13541,165,16.9727,0,0,5436,24255727956
313.286,3.19197,47.9747,0,85,66,44,2760,10501,5.13541,165,16.9727,0,0,5436,24258920236
521.416,1.91785,47.9747,0,85,66,44,2760,10501,5.13541,165,16.9727,0,0,5436,24260838378
343.006,2.9154,47.9747,0,85,66,44,2760,10501,5.13541,165,16.9727,0,0,5436,24263754255
356.348,2.80625,47.9747,0,85,66,44,2760,10501,5.13541,165,16.9727,0,0,5436,24266560715
321.158,3.11373,47.9747,0,85,66,44,2760,10501,5.13541,165,16.9727,0,0,5436,24269674724
349.208,2.86363,47.9747,0,85,66,44,2760,10501,5.13541,165,16.9727,0,0,5436,24272538840
485.192,2.06104,47.9747,0,85,66,44,2760,10501,5.13541,165,16.9727,0,0,5436,24274600082
406.617,2.45931,47.9747,0,85,66,44,2760,10501,5.13541,165,16.9727,0,0,5436,24277059877
339.654,2.94418,47.9747,0,85,66,44,2760,10501,5.13541,165,16.9727,0,0,5436,24280004408
354.129,2.82383,47.9747,0,85,66,44,2760,10501,5.13541,165,16.9727,0,0,5436,24282828494
386.962,2.58423,47.9747,0,85,66,44,2760,10501,5.13541,165,16.9727,0,0,5436,24285413033
413.114,2.42064,47.9747,0,85,66,44,2760,10501,5.13541,165,16.9727,0,0,5436,24287833970
362.44,2.75907,47.9747,0,85,66,44,2760,10501,5.13541,165,16.9727,0,0,5436,24290593313
370.995,2.69546,47.9747,0,85,66,44,2760,10501,5.13541,165,16.9727,0,0,5436,24293289193
313.985,3.18487,47.9747,0,85,66,44,2760,10501,5.13541,165,16.9727,0,0,5436,24296474463
454.769,2.19892,47.9747,0,85,66,44,2760,10501,5.13541,165,16.9727,0,0,5436,24298673730
343.469,2.91147,47.9747,0,85,66,44,2760,10501,5.13541,165,16.9727,0,0,5436,24301585443
478.358,2.09048,47.9747,0,85,66,44,2760,10501,5.13541,165,16.9727,0,0,5436,24303676379
291.6,3.42936,47.9747,0,85,66,44,2760,10501,5.13541,165,16.9727,0,0,5436,24307106081
196.755,5.08247,47.9747,0,85,66,44,2760,10501,5.13541,165,16.9727,0,0,5436,24312188810
1755.81,0.569538,47.9747,0,85,66,44,2760,10501,5.13541,165,16.9727,0,0,5436,24312758666
446.438,2.23995,47.9747,0,85,66,44,2760,10501,5.13541,165,16.9727,0,0,5436,24314998934
388.476,2.57416,47.9747,0,85,66,44,2760,10501,5.13541,165,16.9727,0,0,5436,24317573434
371.897,2.68892,47.9747,0,85,66,44,2760,10501,5.13541,165,16.9727,0,0,5436,24320262823
332.312,3.00922,47.9747,0,85,66,44,2760,10501,5.13541,165,16.9727,0,0,5436,24323272318
333.524,2.99828,47.9747,0,85,66,44,2760,10501,5.13541,165,16.9727,0,0,5436,24326270871
289.414,3.45526,47.9747,0,85,66,44,2760,10501,5.13541,165,16.9727,0,0,5436,24329726565
258.905,3.86242,47.9747,0,85,66,44,2760,10501,5.13541,165,16.9727,0,0,5436,24333589416
384.122,2.60334,47.9747,0,85,66,44,2760,10501,5.13541,165,16.9727,0,0,5436,24336192946
515.061,1.94152,47.9747,0,85,66,44,2760,10501,5.13541,165,16.9727,0,0,5436,24338134915
436.676,2.29003,47.9747,0,85,66,44,2760,10501,5.13541,165,16.9727,0,0,5436,24340425137
344.335,2.90415,47.9747,0,85,66,44,2760,10501,5.13541,165,16.9727,0,0,5436,24343329773
395.714,2.52708,47.9747,0,85,66,44,2760,10501,5.13541,165,16.9727,0,0,5436,24345857089
348.456,2.8698,47.9747,0,85,66,44,2760,10501,5.13541,165,16.9727,0,0,5436,24348727215
419.793,2.38213,47.9747,0,85,66,44,2760,10501,5.13541,165,16.9727,0,0,5436,24351109660
340.834,2.93398,47.9747,0,85,66,44,2760,10501,5.13541,165,16.9727,0,0,5436,24354043980
460.369,2.17217,47.9747,0,85,66,44,2760,10501,5.13541,165,16.9727,0,0,5436,24356216467
275.039,3.63585,47.9747,0,85,66,44,2760,10501,5.13541,165,16.9727,0,0,5436,24359852859
300.113,3.33207,47.9747,0,85,66,44,2760,10501,5.13541,165,16.9727,0,0,5436,24363185173
300.437,3.32849,47.9747,0,85,66,44,2760,10501,5.13541,165,16.9727,0,0,5436,24366514045
649.811,1.53891,47.9747,0,85,66,44,2760,10501,5.13541,165,16.9727,0,0,5436,24368053260
389.219,2.56925,47.9747,0,85,66,44,2760,10501,5.13541,165,16.9727,0,0,5436,24370622904
351.388,2.84586,47.9747,0,85,66,44,2760,10501,5.13541,165,16.9727,0,0,5436,24373468991
239.976,4.16708,47.9747,0,85,66,44,2760,10501,5.13541,165,16.9727,0,0,5436,24377636391
523.54,1.91007,47.9747,0,85,66,44,2760,10501,5.13541,165,16.9727,0,0,5436,24379546965
498.098,2.00764,47.9747,0,85,66,44,2760,10501,5.13541,165,16.9727,0,0,5436,24381554811
509.557,1.96249,47.9747,0,85,66,44,2760,10501,5.13541,165,16.9727,0,0,5436,24383517666
349.614,2.8603,47.9747,0,85,66,44,2760,10501,5.13541,165,16.9727,0,0,5436,24386378205
261.848,3.81901,47.9747,0,85,66,44,2760,10501,5.13541,165,16.9727,0,0,5436,24390197689
530.716,1.88425,47.9747,0,85,66,44,2760,10501,5.13541,165,16.9727,0,0,5436,24392082233
417.626,2.39448,47.9747,0,85,66,44,2760,10501,5.13541,165,16.9727,0,0,5436,24394477016
464.395,2.15334,47.9747,0,85,66,44,2760,10501,5.13541,165,16.9727,0,0,5436,24396630762
261.719,3.82089,47.9747,0,85,66,44,2760,10501,5.13541,165,16.9727,0,0,5436,24400452083
467.943,2.13701,47.9747,0,85,66,44,2760,10501,5.13541,165,16.9727,0,0,5436,24402589511
348.13,2.87249,47.9747,0,85,66,44,2760,10501,5.13541,165,16.9727,0,0,5436,24405462328
366.77,2.72651,47.9747,0,85,66,44,2760,10501,5.13541,165,16.9727,0,0,5436,24408189209
428.574,2.33332,47.9747,0,85,66,44,2760,10501,5.13541,165,16.9727,0,0,5436,24410522797
350.822,2.85045,47.9747,0,85,66,44,2760,10501,5.13541,165,16.9727,0,0,5436,24413373614
222.603,4.49229,47.9747,0,85,66,44,2760,10501,5.13541,165,16.9727,0,0,5436,24417866218
620.367,1.61195,47.9747,0,85,66,44,2760,10501,5.13541,165,16.9727,0,0,5436,24419478647
562.234,1.77862,47.9747,0,85,66,44,2760,10501,5.13541,165,16.9727,0,0,5436,24421257418
294.449,3.39617,47.9747,0,85,66,44,2760,10501,5.13541,165,16.9727,0,0,5436,24424654043
700.317,1.42792,47.9747,0,85,66,44,2760,10501,5.13541,165,16.9727,0,0,5436,24426082119
373.137,2.67998,47.9747,0,85,66,44,2760,10501,5.13541,165,16.9727,0,0,5436,24428762671
347.454,2.87808,47.9747,0,85,66,44,2760,10501,5.13541,165,16.9727,0,0,5436,24431640903
370.622,2.69817,47.9747,0,85,66,44,2760,10501,5.13541,165,16.9727,0,0,5436,24434339359
384.9,2.59808,47.9747,0,85,66,44,2760,10501,5.13541,165,16.9727,0,0,5436,24436937783
336.117,2.97516,47.9747,0,85,66,44,2760,10501,5.13541,165,16.9727,0,0,5436,24439913297
222.698,4.49038,47.9747,0,85,66,44,2760,10501,5.13541,165,16.9727,0,0,5436,24444403939
648.353,1.54237,47.9747,0,85,66,44,2760,10501,5.13541,165,16.9727,0,0,5436,24445946654
628.404,1.59133,47.9747,0,85,66,44,2760,10501,5.13541,165,16.9727,0,0,5436,24447538410
273.883,3.6512,47.9747,0,85,66,44,2760,10501,5.13541,165,16.9727,0,0,5436,24451189985
470.513,2.12534,47.9747,0,85,66,44,2760,10501,5.13541,165,16.9727,0,0,5436,24453315470
419.182,2.3856,47.9747,0,85,66,44,2760,10501,5.13541,165,16.9727,0,0,5436,24455701425
327.978,3.04899,47.9747,0,85,66,44,2760,10501,5.13541,165,16.9727,0,0,5436,24458750740
397.831,2.51363,47.9747,0,85,66,44,2760,10501,5.13541,165,16.9727,0,0,5436,24461264767
344.297,2.90447,47.9747,0,85,66,44,2760,10501,5.13541,165,16.9727,0,0,5436,24464169499
352.055,2.84046,47.9747,0,85,66,44,2760,10501,5.13541,165,16.9727,0,0,5436,24467010249
279.381,3.57934,47.9747,0,85,66,44,2760,10501,5.13541,165,16.9727,0,0,5436,24470589937
563.483,1.77468,47.9747,0,85,66,44,2760,10501,5.13541,165,16.9727,0,0,5436,24472364948
469.008,2.13216,47.9747,0,85,66,44,2760,10501,5.13541,165,16.9727,0,0,5436,24474497424
355.193,2.81537,47.9747,0,85,66,44,2760,10501,5.13541,165,16.9727,0,0,5436,24477313115
359.622,2.7807,47.9747,0,85,66,44,2760,10501,5.13541,165,16.9727,0,0,5436,24480094132
384.517,2.60067,47.9747,0,85,66,44,2760,10501,5.13541,165,16.9727,0,0,5436,24482695152
388.707,2.57263,47.9747,0,85,66,44,2760,10501,5.13541,165,16.9727,0,0,5436,24485268047
265.964,3.75991,47.9747,0,85,66,44,2760,10501,5.13541,165,16.9727,0,0,5436,24489028318
355.696,2.81139,47.9747,0,85,66,44,2760,10501,5.13541,165,16.9727,0,0,5436,24491840172
704.488,1.41947,47.9747,0,85,66,44,2760,10501,5.13541,165,16.9727,0,0,5436,24493259835
226.798,4.40922,47.9747,0,85,66,44,2760,10501,5.13541,165,16.9727,0,0,5436,24497669522
465.796,2.14686,47.9747,0,85,66,44,2760,10501,5.13541,165,16.9727,0,0,5436,24499816643
515.104,1.94135,47.9747,0,85,66,44,2760,10501,5.13541,165,16.9727,0,0,5436,24501758410
345.645,2.89315,47.9747,0,85,66,44,2760,10501,5.13541,165,16.9727,0,0,5436,24504651786
351.222,2.8472,47.9747,0,85,66,44,2760,10501,5.13541,165,16.9727,0,0,5436,24507499248
190.659,5.24496,47.9747,0,85,66,44,2760,10501,5.13541,165,16.9727,0,0,5436,24512744761
1913,0.522739,47.9747,0,85,66,44,2760,10501,5.13541,165,16.9727,0,0,5436,24513267711
474.714,2.10653,47.9747,0,85,66,44,2760,10501,5.13541,165,16.9727,0,0,5436,24515374705
261.754,3.82038,47.9747,0,85,66,44,2760,10501,5.13541,165,16.9727,0,0,5436,24519195296
470.094,2.12723,47.9747,0,85,66,44,2760,10501,5.13541,165,16.9727,0,0,5436,24521322848
280.43,3.56595,47.9747,0,85,66,44,2760,10501,5.13541,165,16.9727,0,0,5436,24524889122
807.42,1.23851,47.9747,0,85,66,44,2760,10501,5.13541,165,16.9727,0,0,5436,24526127895
345.13,2.89746,47.9747,0,85,66,44,2760,10501,5.13541,165,16.9727,0,0,5436,24529025704
413.837,2.41641,47.9747,0,85,66,44,2760,10501,5.13541,165,16.9727,0,0,5436,24531442497
379.329,2.63623,47.9747,0,85,66,44,2760,10501,5.13541,165,16.9727,0,0,5436,24534079038
293.059,3.41229,47.9747,0,85,66,44,2760,10501,5.13541,165,16.9727,0,0,5436,24537491585
513.786,1.94633,47.9747,0,85,66,44,2760,10501,5.13541,165,16.9727,0,0,5436,24539438199
374.888,2.66746,47.9747,0,85,66,44,2760,10501,5.13541,165,16.9727,0,0,5436,24542106068
429.321,2.32926,47.9747,0,85,66,44,2760,10501,5.13541,165,16.9727,0,0,5436,24544435714
319.781,3.12714,47.9747,0,85,66,44,2760,10501,5.13541,165,16.9727,0,0,5436,24547563098
196.408,5.09144,47.9747,0,85,66,44,2760,10501,5.13541,165,16.9727,0,0,5436,24552654885
431.766,2.31607,47.9747,0,85,66,44,2760,10501,5.13541,165,16.9727,0,0,5436,24554971549
1618.7,0.617781,47.9747,0,85,66,44,2760,10501,5.13541,165,16.9727,0,0,5436,24555589445
384.731,2.59922,47.9747,0,85,66,44,2760,10501,5.13541,165,16.9727,0,0,5436,24558188975
330.578,3.02501,47.9747,0,85,66,44,2760,10501,5.13541,165,16.9727,0,0,5436,24561214452
402.914,2.48192,47.9747,0,85,66,44,2760,10501,5.13541,165,16.9727,0,0,5436,24563696699
366.416,2.72914,47.9747,0,85,66,44,2760,10501,5.13541,165,16.9727,0,0,5436,24566426128
308.655,3.23987,47.9747,0,85,66,44,2760,10501,5.13541,165,16.9727,0,0,5436,24569666275
361.038,2.76979,47.9747,0,85,66,44,2760,10501,5.13541,165,16.9727,0,0,5436,24572436407
231.622,4.31738,47.9747,0,85,66,44,2760,10501,5.13541,165,16.9727,0,0,5436,24576754274
475.145,2.10462,47.9747,0,85,66,44,2760,10501,5.13541,165,16.9727,0,0,5436,24578859229
608.145,1.64434,47.9747,0,85,66,44,2760,10501,5.13541,165,16.9727,0,0,5436,24580503939
377.521,2.64886,47.9747,0,85,66,44,2760,10501,5.13541,165,16.9727,0,0,5436,24583153201
363.068,2.7543,47.9747,0,85,66,44,2760,10501,5.13541,165,16.9727,0,0,5436,24585907707
244.754,4.08573,47.9747,0,85,66,44,2760,10501,5.13541,165,16.9727,0,0,5436,24589993989
707.892,1.41264,47.9747,0,85,66,44,2760,10501,5.13541,165,16.9727,0,0,5436,24591406825
398.654,2.50844,47.9747,0,85,66,44,2760,10501,5.13541,165,16.9727,0,0,5436,24593915641
333.959,2.99438,47.9747,0,85,66,44,2760,10501,5.13541,165,16.9727,0,0,5436,24596910338
308.396,3.24258,47.9747,0,85,66,44,2760,10501,5.13541,165,16.9727,0,0,5436,24600153476
511.165,1.95632,47.9747,0,85,66,44,2760,10501,5.13541,165,16.9727,0,0,5436,24602109946
234.524,4.26396,47.9747,0,85,66,44,2760,10501,5.13541,165,16.9727,0,0,5436,24606374397
673.972,1.48374,47.9747,0,85,66,44,2760,10501,5.13541,165,16.9727,0,0,5436,24607860178
451.53,2.21469,44.7876,0,85,66,44,2760,10501,5.13151,163,16.9715,0,0,5438,24610073300
327.674,3.05181,44.7876,0,85,66,44,2760,10501,5.13151,163,16.9715,0,0,5438,24613125413
375.823,2.66083,44.7876,0,85,66,44,2760,10501,5.13151,163,16.9715,0,0,5438,24615786685
230.04,4.34707,44.7876,0,85,66,44,2760,10501,5.13151,163,16.9715,0,0,5438,24620134274
610.544,1.63788,44.7876,0,85,66,44,2760,10501,5.13151,163,16.9715,0,0,5438,24621772464
550.934,1.8151,44.7876,0,85,66,44,2760,10501,5.13151,163,16.9715,0,0,5438,24623588073
300.746,3.32506,44.7876,0,85,66,44,2760,10501,5.13151,163,16.9715,0,0,5438,24626913368
512.548,1.95104,44.7876,0,85,66,44,2760,10501,5.13151,163,16.9715,0,0,5438,24628864741
270.223,3.70064,44.7876,0,85,66,44,2760,10501,5.13151,163,16.9715,0,0,5438,24632565828
594.408,1.68235,44.7876,0,85,66,44,2760,10501,5.13151,163,16.9715,0,0,5438,24634248384
344.518,2.90261,44.7876,0,85,66,44,2760,10501,5.13151,163,16.9715,0,0,5438,24637151232
428.71,2.33258,44.7876,0,85,66,44,2760,10501,5.13151,163,16.9715,0,0,5438,24639484311
332.468,3.0078,44.7876,0,85,66,44,2760,10501,5.13151,163,16.9715,0,0,5438,24642492364
339.127,2.94874,44.7876,0,85,66,44,2760,10501,5.13151,163,16.9715,0,0,5438,24645441358
456.167,2.19218,44.7876,0,85,66,44,2760,10501,5.13151,163,16.9715,0,0,5438,24647633816
364.126,2.7463,44.7876,0,85,66,44,2760,10501,5.13151,163,16.9715,0,0,5438,24650380466
396.556,2.52171,44.7876,0,85,66,44,2760,10501,5.13151,163,16.9715,0,0,5438,24652902590
315.949,3.16507,44.7876,0,85,66,44,2760,10501,5.13151,163,16.9715,0,0,5438,24656068177
337.421,2.96366,44.7876,0,85,66,44,2760,10501,5.13151,163,16.9715,0,0,5438,24659032200
511.065,1.9567,44.7876,0,85,66,44,2760,10501,5.13151,163,16.9715,0,0,5438,24660989132
378.482,2.64214,44.7876,0,85,66,44,2760,10501,5.13151,163,16.9715,0,0,5438,24663631653
351.658,2.84367,44.7876,0,85,66,44,2760,10501,5.13151,163,16.9715,0,0,5438,24666475653
345.389,2.89529,44.7876,0,85,66,44,2760,10501,5.13151,163,16.9715,0,0,5438,24669371299
321.434,3.11106,44.7876,0,85,66,44,2760,10501,5.13151,163,16.9715,0,0,5438,24672482730
718.163,1.39244,44.7876,0,85,66,44,2760,10501,5.13151,163,16.9715,0,0,5438,24673875364
323.877,3.08759,44.7876,0,85,66,44,2760,10501,5.13151,163,16.9715,0,0,5438,24676963439
368.086,2.71675,44.7876,0,85,66,44,2760,10501,5.13151,163,16.9715,0,0,5438,24679680637
331.263,3.01875,44.7876,0,85,66,44,2760,10501,5.13151,163,16.9715,0,0,5438,24682699527
357.169,2.7998,44.7876,0,85,66,44,2760,10501,5.13151,163,16.9715,0,0,5438,24685499573
524.25,1.90749,44.7876,0,85,66,44,2760,10501,5.13151,163,16.9715,0,0,5438,24687407378
354.695,2.81933,44.7876,0,85,66,44,2760,10501,5.13151,163,16.9715,0,0,5438,24690226992
352.392,2.83775,44.7876,0,85,66,44,2760,10501,5.13151,163,16.9715,0,0,5438,24693065164
333.118,3.00194,44.7876,0,85,66,44,2760,10501,5.13151,163,16.9715,0,0,5438,24696067468
303.468,3.29524,44.7876,0,85,66,44,2760,10501,5.13151,163,16.9715,0,0,5438,24699363011
791.534,1.26337,44.7876,0,85,66,44,2760,10501,5.13151,163,16.9715,0,0,5438,24700626689
340.731,2.93487,44.7876,0,85,66,44,2760,10501,5.13151,163,16.9715,0,0,5438,24703561845
381.88,2.61863,44.7876,0,85,66,44,2760,10501,5.13151,163,16.9715,0,0,5438,24706180741
346.865,2.88296,44.7876,0,85,66,44,2760,10501,5.13151,163,16.9715,0,0,5438,24709064002
275.971,3.62356,44.7876,0,85,66,44,2760,10501,5.13151,163,16.9715,0,0,5438,24712687970
532.145,1.87919,44.7876,0,85,66,44,2760,10501,5.13151,163,16.9715,0,0,5438,24714567466
429.535,2.3281,44.7876,0,85,66,44,2760,10501,5.13151,163,16.9715,0,0,5438,24716895862
269.782,3.70669,44.7876,0,85,66,44,2760,10501,5.13151,163,16.9715,0,0,5438,24720602833
513.135,1.94881,44.7876,0,85,66,44,2760,10501,5.13151,163,16.9715,0,0,5438,24722551985
327.491,3.05352,44.7876,0,85,66,44,2760,10501,5.13151,163,16.9715,0,0,5438,24725605838
439.932,2.27308,44.7876,0,85,66,44,2760,10501,5.13151,163,16.9715,0,0,5438,24727879222
372.872,2.68189,44.7876,0,85,66,44,2760,10501,5.13151,163,16.9715,0,0,5438,24730561601
348.969,2.86559,44.7876,0,85,66,44,2760,10501,5.13151,163,16.9715,0,0,5438,24733427313
370.135,2.70172,44.7876,0,85,66,44,2760,10501,5.13151,163,16.9715,0,0,5438,24736129375
196.935,5.07782,44.7876,0,85,66,44,2760,10501,5.13151,163,16.9715,0,0,5438,24741207508
2272.35,0.440073,44.7876,0,85,66,44,2760,10501,5.13151,163,16.9715,0,0,5438,24741647888
365.236,2.73796,44.7876,0,85,66,44,2760,10501,5.13151,163,16.9715,0,0,5438,24744386211
600.532,1.66519,44.7876,0,85,66,44,2760,10501,5.13151,163,16.9715,0,0,5438,24746051873
297.519,3.36113,44.7876,0,85,66,44,2760,10501,5.13151,163,16.9715,0,0,5438,24749413227
440.254,2.27141,44.7876,0,85,66,44,2760,10501,5.13151,163,16.9715,0,0,5438,24751684976
282.794,3.53614,44.7876,0,85,66,44,2760,10501,5.13151,163,16.9715,0,0,5438,24755221413
373.526,2.67719,44.7876,0,85,66,44,2760,10501,5.13151,163,16.9715,0,0,5438,24757898936
527.109,1.89714,44.7876,0,85,66,44,2760,10501,5.13151,163,16.9715,0,0,5438,24759796394
305.621,3.27202,44.7876,0,85,66,44,2760,10501,5.13151,163,16.9715,0,0,5438,24763068600
188.111,5.31602,44.7876,0,85,66,44,2760,10501,5.13151,163,16.9715,0,0,5438,24768385039
2313.55,0.432236,44.7876,0,85,66,44,2760,10501,5.13151,163,16.9715,0,0,5438,24768817592
329.861,3.03158,44.7876,0,85,66,44,2760,10501,5.13151,163,16.9715,0,0,5438,24771849541
570.072,1.75417,44.7876,0,85,66,44,2760,10501,5.13151,163,16.9715,0,0,5438,24773604052
408.57,2.44756,44.7876,0,85,66,44,2760,10501,5.13151,163,16.9715,0,0,5438,24776051913
324.707,3.0797,44.7876,0,85,66,44,2760,10501,5.13151,163,16.9715,0,0,5438,24779131921
293.749,3.40427,44.7876,0,85,66,44,2760,10501,5.13151,163,16.9715,0,0,5438,24782536526
554.968,1.80191,44.7876,0,85,66,44,2760,10501,5.13151,163,16.9715,0,0,5438,24784338750
257.956,3.87663,44.7876,0,85,66,44,2760,10501,5.13151,163,16.9715,0,0,5438,24788215804
605.141,1.65251,44.7876,0,85,66,44,2760,10501,5.13151,163,16.9715,0,0,5438,24789869879
227.479,4.39601,44.7876,0,85,66,44,2760,10501,5.13151,163,16.9715,0,0,5438,24794265017
640.148,1.56214,44.7876,0,85,66,44,2760,10501,5.13151,163,16.9715,0,0,5438,24795827310
368.709,2.71217,44.7876,0,85,66,44,2760,10501,5.13151,163,16.9715,0,0,5438,24798539757
342.977,2.91565,44.7876,0,85,66,44,2760,10501,5.13151,163,16.9715,0,0,5438,24801455769
535.374,1.86785,44.7876,0,85,66,44,2760,10501,5.13151,163,16.9715,0,0,5438,24803324063
357.011,2.80104,44.7876,0,85,66,44,2760,10501,5.13151,163,16.9715,0,0,5438,24806125349
450.531,2.2196,44.7876,0,85,66,44,2760,10501,5.13151,163,16.9715,0,0,5438,24808345232
348.551,2.86902,44.7876,0,85,66,44,2760,10501,5.13151,163,16.9715,0,0,5438,24811214531
356.746,2.80311,44.7876,0,85,66,44,2760,10501,5.13151,163,16.9715,0,0,5438,24814017971
364.415,2.74412,44.7876,0,85,66,44,2760,10501,5.13151,163,16.9715,0,0,5438,24816762362
268.031,3.73092,44.7876,0,85,66,44,2760,10501,5.13151,163,16.9715,0,0,5438,24820493593
604.814,1.6534,44.7876,0,85,66,44,2760,10501,5.13151,163,16.9715,0,0,5438,24822147235
279.488,3.57797,44.7876,0,85,66,44,2760,10501,5.13151,163,16.9715,0,0,5438,24825725760
628.97,1.5899,44.7876,0,85,66,44,2760,10501,5.13151,163,16.9715,0,0,5438,24827316006
362.738,2.75681,44.7876,0,85,66,44,2760,10501,5.13151,163,16.9715,0,0,5438,24830073070
372.159,2.68702,44.7876,0,85,66,44,2760,10501,5.13151,163,16.9715,0,0,5438,24832760314
265.461,3.76703,44.7876,0,85,66,44,2760,10501,5.13151,163,16.9715,0,0,5438,24836527759
546.705,1.82914,44.7876,0,85,66,44,2760,10501,5.13151,163,16.9715,0,0,5438,24838357378
341.197,2.93086,44.7876,0,85,66,44,2760,10501,5.13151,163,16.9715,0,0,5438,24841288563
407.157,2.45605,44.7876,0,85,66,44,2760,10501,5.13151,163,16.9715,0,0,5438,24843744781
166.634,6.00116,44.7876,0,85,66,44,2760,10501,5.13151,163,16.9715,0,0,5438,24849746367
1539.87,0.649406,44.7876,0,85,66,44,2760,10501,5.13151,163,16.9715,0,0,5438,24850395976
412.032,2.427,44.7876,0,85,66,44,2760,10501,5.13151,163,16.9715,0,0,5438,24852823279
379.29,2.6365,44.7876,0,85,66,44,2760,10501,5.13151,163,16.9715,0,0,5438,24855460147
301.692,3.31464,44.7876,0,85,66,44,2760,10501,5.13151,163,16.9715,0,0,5438,24858775076
328.268,3.04629,44.7876,0,85,66,44,2760,10501,5.13151,163,16.9715,0,0,5438,24861821813
578.82,1.72765,44.7876,0,85,66,44,2760,10501,5.13151,163,16.9715,0,0,5438,24863549698
371.215,2.69386,44.7876,0,85,66,44,2760,10501,5.13151,163,16.9715,0,0,5438,24866243904
389.534,2.56717,44.7876,0,85,66,44,2760,10501,5.13151,163,16.9715,0,0,5438,24868811462
367.271,2.72278,44.7876,0,85,66,44,2760,10501,5.13151,163,16.9715,0,0,5438,24871534669
291.89,3.42594,44.7876,0,85,66,44,2760,10501,5.13151,163,16.9715,0,0,5438,24874960900
436.683,2.28999,44.7876,0,85,66,44,2760,10501,5.13151,163,16.9715,0,0,5438,24877251140
485.96,2.05778,44.7876,0,85,66,44,2760,10501,5.13151,163,16.9715,0,0,5438,24879309393
316.949,3.15508,44.7876,0,85,66,44,2760,10501,5.13151,163,16.9715,0,0,5438,24882464691
367.131,2.72382,44.7876,0,85,66,44,2760,10501,5.13151,163,16.9715,0,0,5438,24885188821
377.333,2.65018,44.7876,0,85,66,44,2760,10501,5.13151,163,16.9715,0,0,5438,24887839440
389.235,2.56914,44.7876,0,85,66,44,2760,10501,5.13151,163,16.9715,0,0,5438,24890408968
314.748,3.17715,44.7876,0,85,66,44,2760,10501,5.13151,163,16.9715,0,0,5438,24893586335
348.293,2.87115,44.7876,0,85,66,44,2760,10501,5.13151,163,16.9715,0,0,5438,24896457865
368.108,2.71659,44.7876,0,85,66,44,2760,10501,5.13151,163,16.9715,0,0,5438,24899174802
385.097,2.59675,44.7876,0,85,66,44,2760,10501,5.13151,163,16.9715,0,0,5438,24901771986
428.285,2.3349,44.7876,0,85,66,44,2760,10501,5.13151,163,16.9715,0,0,5438,24904107363
387.981,2.57744,44.7876,0,85,66,44,2760,10501,5.13151,163,16.9715,0,0,5438,24906684988
343.205,2.91371,44.7876,0,85,66,44,2760,10501,5.13151,163,16.9715,0,0,5438,24909599279
426.749,2.3433,44.7876,0,85,66,44,2760,10501,5.13151,163,16.9715,0,0,5438,24911942656
256.95,3.89181,44.7876,0,85,66,44,2760,10501,5.13151,163,16.9715,0,0,5438,24915834806
539.205,1.85458,44.7876,0,85,66,44,2760,10501,5.13151,163,16.9715,0,0,5438,24917689619
416.968,2.39826,44.7876,0,85,66,44,2760,10501,5.13151,163,16.9715,0,0,5438,24920088209
346.618,2.88502,44.7876,0,85,66,44,2760,10501,5.13151,163,16.9715,0,0,5438,24922973749
365.328,2.73727,44.7876,0,85,66,44,2760,10501,5.13151,163,16.9715,0,0,5438,24925711235
261.664,3.8217,44.7876,0,85,66,44,2760,10501,5.13151,163,16.9715,0,0,5438,24929533297
283.466,3.52776,44.7876,0,85,66,44,2760,10501,5.13151,163,16.9715,0,0,5438,24933061512
655.282,1.52606,44.7876,0,85,66,44,2760,10501,5.13151,163,16.9715,0,0,5438,24934587746
473.348,2.11261,44.7876,0,85,66,44,2760,10501,5.13151,163,16.9715,0,0,5438,24936700730
350.55,2.85266,44.7876,0,85,66,44,2760,10501,5.13151,163,16.9715,0,0,5438,24939553798
234.641,4.26184,44.7876,0,85,66,44,2760,10501,5.13151,163,16.9715,0,0,5438,24943816182
1196.5,0.835769,44.7876,0,85,66,44,2760,10501,5.13151,163,16.9715,0,0,5438,24944652287
309.021,3.23602,44.7876,0,85,66,44,2760,10501,5.13151,163,16.9715,0,0,5438,24947888530
463.699,2.15657,44.7876,0,85,66,44,2760,10501,5.13151,163,16.9715,0,0,5438,24950045555
360.641,2.77284,44.7876,0,85,66,44,2760,10501,5.13151,163,16.9715,0,0,5438,24952818725
288.988,3.46035,44.7876,0,85,66,44,2760,10501,5.13151,163,16.9715,0,0,5438,24956279419
448.052,2.23188,44.7876,0,85,66,44,2760,10501,5.13151,163,16.9715,0,0,5438,24958511581
360.125,2.77681,44.7876,0,85,66,44,2760,10501,5.13151,163,16.9715,0,0,5438,24961288684
383.407,2.60819,44.7876,0,85,66,44,2760,10501,5.13151,163,16.9715,0,0,5438,24963897205
424.527,2.35556,44.7876,0,85,66,44,2760,10501,5.13151,163,16.9715,0,0,5438,24966253082
313.81,3.18665,44.7876,0,85,66,44,2760,10501,5.13151,163,16.9715,0,0,5438,24969440266
411.918,2.42767,44.7876,0,85,66,44,2760,10501,5.13151,163,16.9715,0,0,5438,24971868060
360.609,2.77308,44.7876,0,85,66,44,2760,10501,5.13151,163,16.9715,0,0,5438,24974641615
391.347,2.55528,44.7876,0,85,66,44,2760,10501,5.13151,163,16.9715,0,0,5438,24977197278
378.767,2.64015,44.7876,0,85,66,44,2760,10501,5.13151,163,16.9715,0,0,5438,24979837847
270.547,3.69622,44.7876,0,85,66,44,2760,10501,5.13151,163,16.9715,0,0,5438,24983534222
629.461,1.58866,44.7876,0,85,66,44,2760,10501,5.13151,163,16.9715,0,0,5438,24985123218
378.498,2.64202,44.7876,0,85,66,44,2760,10501,5.13151,163,16.9715,0,0,5438,24987765586
311.484,3.21043,44.7876,0,85,66,44,2760,10501,5.13151,163,16.9715,0,0,5438,24990976434
494.981,2.02028,44.7876,0,85,66,44,2760,10501,5.13151,163,16.9715,0,0,5438,24992997041
332.004,3.01202,44.7876,0,85,66,44,2760,10501,5.13151,163,16.9715,0,0,5438,24996009354
216.432,4.6204,44.7876,0,85,66,44,2760,10501,5.13151,163,16.9715,0,0,5438,25000630019
738.119,1.35479,44.7876,0,85,66,44,2760,10501,5.13151,163,16.9715,0,0,5438,25001985151
520.56,1.92101,44.7876,0,85,66,44,2760,10501,5.13151,163,16.9715,0,0,5438,25003906495
367.909,2.71806,44.7876,0,85,66,44,2760,10501,5.13151,163,16.9715,0,0,5438,25006625116
213.527,4.68325,44.7876,0,85,66,44,2760,10501,5.13151,163,16.9715,0,0,5438,25011309745
1438.02,0.695399,44.7876,0,85,66,44,2760,10501,5.13151,163,16.9715,0,0,5438,25012004297
409.554,2.44168,44.7876,0,85,66,44,2760,10501,5.13151,163,16.9715,0,0,5438,25014446341
334.568,2.98893,44.7876,0,85,66,44,2760,10501,5.13151,163,16.9715,0,0,5438,25017435538
381.047,2.62435,44.7876,0,85,66,44,2760,10501,5.13151,163,16.9715,0,0,5438,25020060193
402.972,2.48156,44.7876,0,85,66,44,2760,10501,5.13151,163,16.9715,0,0,5438,25022542171
362.221,2.76075,44.7876,0,85,66,44,2760,10501,5.13151,163,16.9715,0,0,5438,25025303312
269.71,3.70768,44.7876,0,85,66,44,2760,10501,5.13151,163,16.9715,0,0,5438,25029011312
627.653,1.59324,44.7876,0,85,66,44,2760,10501,5.13151,163,16.9715,0,0,5438,25030604789
345.82,2.89167,44.7876,0,85,66,44,2760,10501,5.13151,163,16.9715,0,0,5438,25033496771
263.184,3.79962,44.7876,0,85,66,44,2760,10501,5.13151,163,16.9715,0,0,5438,25037296716
407.264,2.45541,44.7876,0,85,66,44,2760,10501,5.13151,163,16.9715,0,0,5438,25039752443
508.888,1.96507,44.7876,0,85,66,44,2760,10501,5.13151,163,16.9715,0,0,5438,25041717827
388.196,2.57602,44.7876,0,85,66,44,2760,10501,5.13151,163,16.9715,0,0,5438,25044294346
347.123,2.88083,44.7876,0,85,66,44,2760,10501,5.13151,163,16.9715,0,0,5438,25047175405
376.874,2.65341,44.7876,0,85,66,44,2760,10501,5.13151,163,16.9715,0,0,5438,25049829110
388.381,2.57479,44.7876,0,85,66,44,2760,10501,5.13151,163,16.9715,0,0,5438,25052404245
373.501,2.67737,44.7876,0,85,66,44,2760,10501,5.13151,163,16.9715,0,0,5438,25055081912
302.951,3.30086,44.7876,0,85,66,44,2760,10501,5.13151,163,16.9715,0,0,5438,25058383090
437.963,2.2833,44.7876,0,85,66,44,2760,10501,5.13151,163,16.9715,0,0,5438,25060666706
260.646,3.83662,44.7876,0,85,66,44,2760,10501,5.13151,163,16.9715,0,0,5438,25064503652
422.286,2.36806,44.7876,0,85,66,44,2760,10501,5.13151,163,16.9715,0,0,5438,25066872184
579.975,1.72421,44.7876,0,85,66,44,2760,10501,5.13151,163,16.9715,0,0,5438,25068596637
417.556,2.39489,44.7876,0,85,66,44,2760,10501,5.13151,163,16.9715,0,0,5438,25070991775
300.286,3.33016,44.7876,0,85,66,44,2760,10501,5.13151,163,16.9715,0,0,5438,25074322262
306.126,3.26663,44.7876,0,85,66,44,2760,10501,5.13151,163,16.9715,0,0,5438,25077589228
553.479,1.80675,44.7876,0,85,66,44,2760,10501,5.13151,163,16.9715,0,0,5438,25079396289
418.669,2.38852,44.7876,0,85,66,44,2760,10501,5.13151,163,16.9715,0,0,5438,25081785071
335.172,2.98354,44.7876,0,85,66,44,2760,10501,5.13151,163,16.9715,0,0,5438,25084769133
258.941,3.86188,44.7876,0,85,66,44,2760,10501,5.13151,163,16.9715,0,0,5438,25088631437
374.496,2.67025,44.7876,0,85,66,44,2760,10501,5.13151,163,16.9715,0,0,5438,25091301873
517.007,1.93421,44.7876,0,85,66,44,2760,10501,5.13151,163,16.9715,0,0,5438,25093236361
412.673,2.42323,44.7876,0,85,66,44,2760,10501,5.13151,163,16.9715,0,0,5438,25095659904
338.836,2.95128,44.7876,0,85,66,44,2760,10501,5.13151,163,16.9715,0,0,5438,25098611542
343.452,2.91162,44.7876,0,85,66,44,2760,10501,5.13151,163,16.9715,0,0,5438,25101523438
483.48,2.06834,44.7876,0,85,66,44,2760,10501,5.13151,163,16.9715,0,0,5438,25103592075
403.922,2.47573,44.7876,0,85,66,44,2760,10501,5.13151,163,16.9715,0,0,5438,25106068303
323.078,3.09523,44.7876,0,85,66,44,2760,10501,5.13151,163,16.9715,0,0,5438,25109166061
410.267,2.43744,44.9294,0,86,66,44,2760,10501,5.13112,163,16.9727,0,0,5445,25111601615
372.038,2.6879,44.9294,0,86,66,44,2760,10501,5.13112,163,16.9727,0,0,5445,25114289773
224.62,4.45197,44.9294,0,86,66,44,2760,10501,5.13112,163,16.9727,0,0,5445,25118742048
455.845,2.19373,44.9294,0,86,66,44,2760,10501,5.13112,163,16.9727,0,0,5445,25120936141
501.831,1.9927,44.9294,0,86,66,44,2760,10501,5.13112,163,16.9727,0,0,5445,25122929083
396.108,2.52456,44.9294,0,86,66,44,2760,10501,5.13112,163,16.9727,0,0,5445,25125454014
203.492,4.91419,44.9294,0,86,66,44,2760,10501,5.13112,163,16.9727,0,0,5445,25130368622
1934.39,0.51696,44.9294,0,86,66,44,2760,10501,5.13112,163,16.9727,0,0,5445,25130885909
413.157,2.42039,44.9294,0,86,66,44,2760,10501,5.13112,163,16.9727,0,0,5445,25133306567
390.395,2.56151,44.9294,0,86,66,44,2760,10501,5.13112,163,16.9727,0,0,5445,25135868384
354.79,2.81857,44.9294,0,86,66,44,2760,10501,5.13112,163,16.9727,0,0,5445,25138687316
374.095,2.67312,44.9294,0,86,66,44,2760,10501,5.13112,163,16.9727,0,0,5445,25141360858
184.849,5.40982,44.9294,0,86,66,44,2760,10501,5.13112,163,16.9727,0,0,5445,25146771107
534.041,1.87251,44.9294,0,86,66,44,2760,10501,5.13112,163,16.9727,0,0,5445,25148644017
424.531,2.35554,44.9294,0,86,66,44,2760,10501,5.13112,163,16.9727,0,0,5445,25150999673
306.671,3.26082,44.9294,0,86,66,44,2760,10501,5.13112,163,16.9727,0,0,5445,25154260802
351.771,2.84276,44.9294,0,86,66,44,2760,10501,5.13112,163,16.9727,0,0,5445,25157103908
269.029,3.71707,44.9294,0,86,66,44,2760,10501,5.13112,163,16.9727,0,0,5445,25160821494
756.382,1.32208,44.9294,0,86,66,44,2760,10501,5.13112,163,16.9727,0,0,5445,25162143760
210.079,4.76011,44.9294,0,86,66,44,2760,10501,5.13112,163,16.9727,0,0,5445,25166904238
2472.28,0.404485,44.9294,0,86,66,44,2760,10501,5.13112,163,16.9727,0,0,5445,25167309040
398.231,2.5111,44.9294,0,86,66,44,2760,10501,5.13112,163,16.9727,0,0,5445,25169820423
376.993,2.65257,44.9294,0,86,66,44,2760,10501,5.13112,163,16.9727,0,0,5445,25172473483
298.818,3.34652,44.9294,0,86,66,44,2760,10501,5.13112,163,16.9727,0,0,5445,25175820336
497.605,2.00963,44.9294,0,86,66,44,2760,10501,5.13112,163,16.9727,0,0,5445,25177830212
317.271,3.15188,44.9294,0,86,66,44,2760,10501,5.13112,163,16.9727,0,0,5445,25180982424
497.724,2.00914,44.9294,0,86,66,44,2760,10501,5.13112,163,16.9727,0,0,5445,25182991867
226.799,4.4092,44.9294,0,86,66,44,2760,10501,5.13112,163,16.9727,0,0,5445,25187401582
374.024,2.67363,44.9294,0,86,66,44,2760,10501,5.13112,163,16.9727,0,0,5445,25190075490
630.706,1.58553,44.9294,0,86,66,44,2760,10501,5.13112,163,16.9727,0,0,5445,25191661236
299.625,3.33751,44.9294,0,86,66,44,2760,10501,5.13112,163,16.9727,0,0,5445,25194999213
242.232,4.12827,44.9294,0,86,66,44,2760,10501,5.13112,163,16.9727,0,0,5445,25199127747
677.016,1.47707,44.9294,0,86,66,44,2760,10501,5.13112,163,16.9727,0,0,5445,25200605277
597.791,1.67282,44.9294,0,86,66,44,2760,10501,5.13112,163,16.9727,0,0,5445,25202278228
451.491,2.21488,44.9294,0,86,66,44,2760,10501,5.13112,163,16.9727,0,0,5445,25204493447
328.182,3.04709,44.9294,0,86,66,44,2760,10501,5.13112,163,16.9727,0,0,5445,25207540982
405.02,2.46901,44.9294,0,86,66,44,2760,10501,5.13112,163,16.9727,0,0,5445,25210010267
286.911,3.4854,44.9294,0,86,66,44,2760,10501,5.13112,163,16.9727,0,0,5445,25213495943
526.25,1.90024,44.9294,0,86,66,44,2760,10501,5.13112,163,16.9727,0,0,5445,25215396507
312.141,3.20369,44.9294,0,86,66,44,2760,10501,5.13112,163,16.9727,0,0,5445,25218600624
239.918,4.16808,44.9294,0,86,66,44,2760,10501,5.13112,163,16.9727,0,0,5445,25222769130
1840.74,0.543259,44.9294,0,86,66,44,2760,10501,5.13112,163,16.9727,0,0,5445,25223312571
292.083,3.42368,44.9294,0,86,66,44,2760,10501,5.13112,163,16.9727,0,0,5445,25226736523
213.174,4.69101,44.9294,0,86,66,44,2760,10501,5.13112,163,16.9727,0,0,5445,25231428201
2070.98,0.482863,44.9294,0,86,66,44,2760,10501,5.13112,163,16.9727,0,0,5445,25231911255
381.487,2.62132,44.9294,0,86,66,44,2760,10501,5.13112,163,16.9727,0,0,5445,25234532882
487.005,2.05337,44.9294,0,86,66,44,2760,10501,5.13112,163,16.9727,0,0,5445,25236586701
345.876,2.89121,44.9294,0,86,66,44,2760,10501,5.13112,163,16.9727,0,0,5445,25239478116
357.958,2.79362,44.9294,0,86,66,44,2760,10501,5.13112,163,16.9727,0,0,5445,25242272181
336.276,2.97375,44.9294,0,86,66,44,2760,10501,5.13112,163,16.9727,0,0,5445,25245246176
443.325,2.25568,44.9294,0,86,66,44,2760,10501,5.13112,163,16.9727,0,0,5445,25247502252
367.514,2.72099,44.9294,0,86,66,44,2760,10501,5.13112,163,16.9727,0,0,5445,25250223459
278.853,3.58612,44.9294,0,86,66,44,2760,10501,5.13112,163,16.9727,0,0,5445,25253810032
440.785,2.26868,44.9294,0,86,66,44,2760,10501,5.13112,163,16.9727,0,0,5445,25256078935
337.795,2.96038,44.9294,0,86,66,44,2760,10501,5.13112,163,16.9727,0,0,5445,25259039612
414.858,2.41047,44.9294,0,86,66,44,2760,10501,5.13112,163,16.9727,0,0,5445,25261450347
380.531,2.62791,44.9294,0,86,66,44,2760,10501,5.13112,163,16.9727,0,0,5445,25264078676
250.2,3.99681,44.9294,0,86,66,44,2760,10501,5.13112,163,16.9727,0,0,5445,25268075743
318.136,3.14331,44.9294,0,86,66,44,2760,10501,5.13112,163,16.9727,0,0,5445,25271219484
790.872,1.26443,44.9294,0,86,66,44,2760,10501,5.13112,163,16.9727,0,0,5445,25272484132
440.74,2.26891,44.9294,0,86,66,44,2760,10501,5.13112,163,16.9727,0,0,5445,25274753334
403.649,2.4774,44.9294,0,86,66,44,2760,10501,5.13112,163,16.9727,0,0,5445,25277231186
258.588,3.86715,44.9294,0,86,66,44,2760,10501,5.13112,163,16.9727,0,0,5445,25281098644
575.906,1.7364,44.9294,0,86,66,44,2760,10501,5.13112,163,16.9727,0,0,5445,25282835327
397.838,2.51359,44.9294,0,86,66,44,2760,10501,5.13112,163,16.9727,0,0,5445,25285349229
378.331,2.64318,44.9294,0,86,66,44,2760,10501,5.13112,163,16.9727,0,0,5445,25287992838
368.883,2.71089,44.9294,0,86,66,44,2760,10501,5.13112,163,16.9727,0,0,5445,25290703996
306.308,3.26469,44.9294,0,86,66,44,2760,10501,5.13112,163,16.9727,0,0,5445,25293969020
471.582,2.12052,44.9294,0,86,66,44,2760,10501,5.13112,163,16.9727,0,0,5445,25296090130
364.207,2.74569,44.9294,0,86,66,44,2760,10501,5.13112,163,16.9727,0,0,5445,25298836068
415.22,2.40836,44.9294,0,86,66,44,2760,10501,5.13112,163,16.9727,0,0,5445,25301244726
259.226,3.85764,44.9294,0,86,66,44,2760,10501,5.13112,163,16.9727,0,0,5445,25305102808
202.909,4.92831,44.9294,0,86,66,44,2760,10501,5.13112,163,16.9727,0,0,5445,25310031407
606.008,1.65014,44.9294,0,86,66,44,2760,10501,5.13112,163,16.9727,0,0,5445,25311681924
377.736,2.64735,44.9294,0,86,66,44,2760,10501,5.13112,163,16.9727,0,0,5445,25314329562
399.954,2.50029,44.9294,0,86,66,44,2760,10501,5.13112,163,16.9727,0,0,5445,25316830155
369.472,2.70656,44.9294,0,86,66,44,2760,10501,5.13112,163,16.9727,0,0,5445,25319537189
376.559,2.65563,44.9294,0,86,66,44,2760,10501,5.13112,163,16.9727,0,0,5445,25322193125
358.085,2.79263,44.9294,0,86,66,44,2760,10501,5.13112,163,16.9727,0,0,5445,25324986171
373.666,2.67619,44.9294,0,86,66,44,2760,10501,5.13112,163,16.9727,0,0,5445,25327662530
412.511,2.42418,44.9294,0,86,66,44,2760,10501,5.13112,163,16.9727,0,0,5445,25330087054
328.831,3.04107,44.9294,0,86,66,44,2760,10501,5.13112,163,16.9727,0,0,5445,25333128397
286.019,3.49627,44.9294,0,86,66,44,2760,10501,5.13112,163,16.9727,0,0,5445,25336625188
575.947,1.73627,44.9294,0,86,66,44,2760,10501,5.13112,163,16.9727,0,0,5445,25338361631
410.192,2.43788,44.9294,0,86,66,44,2760,10501,5.13112,163,16.9727,0,0,5445,25340799973
346.091,2.88942,44.9294,0,86,66,44,2760,10501,5.13112,163,16.9727,0,0,5445,25343689638
320.994,3.11533,44.9294,0,86,66,44,2760,10501,5.13112,163,16.9727,0,0,5445,25346805262
440.385,2.27074,44.9294,0,86,66,44,2760,10501,5.13112,163,16.9727,0,0,5445,25349076358
447.848,2.2329,44.9294,0,86,66,44,2760,10501,5.13112,163,16.9727,0,0,5445,25351309702
285.047,3.50819,44.9294,0,86,66,44,2760,10501,5.13112,163,16.9727,0,0,5445,25354818128
251.029,3.9836,44.9294,0,86,66,44,2760,10501,5.13112,163,16.9727,0,0,5445,25358802147
583.388,1.71413,44.9294,0,86,66,44,2760,10501,5.13112,163,16.9727,0,0,5445,25360516589
422.767,2.36537,44.9294,0,86,66,44,2760,10501,5.13112,163,16.9727,0,0,5445,25362882265
254.184,3.93416,44.9294,0,86,66,44,2760,10501,5.13112,163,16.9727,0,0,5445,25366816801
206.968,4.83166,44.9294,0,86,66,44,2760,10501,5.13112,163,16.9727,0,0,5445,25371648762
522.816,1.91272,44.9294,0,86,66,44,2760,10501,5.13112,163,16.9727,0,0,5445,25373561808
287.688,3.47598,44.9294,0,86,66,44,2760,10501,5.13112,163,16.9727,0,0,5445,25377038079
390.042,2.56383,44.9294,0,86,66,44,2760,10501,5.13112,163,16.9727,0,0,5445,25379602213
571.909,1.74853,44.9294,0,86,66,44,2760,10501,5.13112,163,16.9727,0,0,5445,25381351234
256.553,3.89782,44.9294,0,86,66,44,2760,10501,5.13112,163,16.9727,0,0,5445,25385249250
265.257,3.76993,44.9294,0,86,66,44,2760,10501,5.13112,163,16.9727,0,0,5445,25389019511
282.147,3.54425,44.9294,0,86,66,44,2760,10501,5.13112,163,16.9727,0,0,5445,25392564352
1497.56,0.667753,44.9294,0,86,66,44,2760,10501,5.13112,163,16.9727,0,0,5445,25393232269
255.095,3.92011,44.9294,0,86,66,44,2760,10501,5.13112,163,16.9727,0,0,5445,25397152881
293.913,3.40236,44.9294,0,86,66,44,2760,10501,5.13112,163,16.9727,0,0,5445,25400555640
205.585,4.86416,44.9294,0,86,66,44,2760,10501,5.13112,163,16.9727,0,0,5445,25405420160
592.822,1.68685,44.9294,0,86,66,44,2760,10501,5.13112,163,16.9727,0,0,5445,25407107332
466.844,2.14204,44.9294,0,86,66,44,2760,10501,5.13112,163,16.9727,0,0,5445,25409249683
243.869,4.10057,44.9294,0,86,66,44,2760,10501,5.13112,163,16.9727,0,0,5445,25413350610
218.466,4.57737,44.9294,0,86,66,44,2760,10501,5.13112,163,16.9727,0,0,5445,25417928389
1112.76,0.898665,44.9294,0,86,66,44,2760,10501,5.13112,163,16.9727,0,0,5445,25418827121
346.953,2.88223,44.9294,0,86,66,44,2760,10501,5.13112,163,16.9727,0,0,5445,25421709796
319.009,3.13471,44.9294,0,86,66,44,2760,10501,5.13112,163,16.9727,0,0,5445,25424844805
497.486,2.01011,44.9294,0,86,66,44,2760,10501,5.13112,163,16.9727,0,0,5445,25426855257
304.006,3.28941,44.9294,0,86,66,44,2760,10501,5.13112,163,16.9727,0,0,5445,25430145166
454.697,2.19927,44.9294,0,86,66,44,2760,10501,5.13112,163,16.9727,0,0,5445,25432344837
288.75,3.4632,44.9294,0,86,66,44,2760,10501,5.13112,163,16.9727,0,0,5445,25435808386
522.737,1.91301,44.9294,0,86,66,44,2760,10501,5.13112,163,16.9727,0,0,5445,25437721595
252.504,3.96034,44.9294,0,86,66,44,2760,10501,5.13112,163,16.9727,0,0,5445,25441682526
338.827,2.95136,44.9294,0,86,66,44,2760,10501,5.13112,163,16.9727,0,0,5445,25444634270
263.669,3.79263,44.9294,0,86,66,44,2760,10501,5.13112,163,16.9727,0,0,5445,25448427340
504.98,1.98028,44.9294,0,86,66,44,2760,10501,5.13112,163,16.9727,0,0,5445,25450407763
438.748,2.27921,44.9294,0,86,66,44,2760,10501,5.13112,163,16.9727,0,0,5445,25452687311
215.621,4.63777,44.9294,0,86,66,44,2760,10501,5.13112,163,16.9727,0,0,5445,25457325390
274.514,3.64281,44.9294,0,86,66,44,2760,10501,5.13112,163,16.9727,0,0,5445,25460968686
175.811,5.68793,44.9294,0,86,66,44,2760,10501,5.13112,163,16.9727,0,0,5445,25466656820
183.092,5.46173,44.9294,0,86,66,44,2760,10501,5.13112,163,16.9727,0,0,5445,25472118850
586.213,1.70587,44.9294,0,86,66,44,2760,10501,5.13112,163,16.9727,0,0,5445,25473825032
872.307,1.14638,44.9294,0,86,66,44,2760,10501,5.13112,163,16.9727,0,0,5445,25474971696
366.073,2.7317,44.9294,0,86,66,44,2760,10501,5.13112,163,16.9727,0,0,5445,25477703740
316.203,3.16253,44.9294,0,86,66,44,2760,10501,5.13112,163,16.9727,0,0,5445,25480866539
423.778,2.35972,44.9294,0,86,66,44,2760,10501,5.13112,163,16.9727,0,0,5445,25483226753
334.648,2.98822,44.9294,0,86,66,44,2760,10501,5.13112,163,16.9727,0,0,5445,25486215287
548.563,1.82295,44.9294,0,86,66,44,2760,10501,5.13112,163,16.9727,0,0,5445,25488038502
371.107,2.69464,44.9294,0,86,66,44,2760,10501,5.13112,163,16.9727,0,0,5445,25490733497
396.36,2.52296,44.9294,0,86,66,44,2760,10501,5.13112,163,16.9727,0,0,5445,25493256697
188.221,5.31289,44.9294,0,86,66,44,2760,10501,5.13112,163,16.9727,0,0,5445,25498569991
474.517,2.10741,44.9294,0,86,66,44,2760,10501,5.13112,163,16.9727,0,0,5445,25500677803
678.275,1.47433,44.9294,0,86,66,44,2760,10501,5.13112,163,16.9727,0,0,5445,25502152343
426.955,2.34217,44.9294,0,86,66,44,2760,10501,5.13112,163,16.9727,0,0,5445,25504494874
328.974,3.03976,44.9294,0,86,66,44,2760,10501,5.13112,163,16.9727,0,0,5445,25507535120
509.692,1.96197,44.9294,0,86,66,44,2760,10501,5.13112,163,16.9727,0,0,5445,25509497388
339.69,2.94386,44.9294,0,86,66,44,2760,10501,5.13112,163,16.9727,0,0,5445,25512441603
327.155,3.05665,44.9294,0,86,66,44,2760,10501,5.13112,163,16.9727,0,0,5445,25515498793
461.315,2.16772,44.9294,0,86,66,44,2760,10501,5.13112,163,16.9727,0,0,5445,25517666904
337.559,2.96245,44.9294,0,86,66,44,2760,10501,5.13112,163,16.9727,0,0,5445,25520629562
335.832,2.97768,44.9294,0,86,66,44,2760,10501,5.13112,163,16.9727,0,0,5445,25523607624
217.763,4.59215,44.9294,0,86,66,44,2760,10501,5.13112,163,16.9727,0,0,5445,25528200067
1155.64,0.865318,44.9294,0,86,66,44,2760,10501,5.13112,163,16.9727,0,0,5445,25529065596
284.795,3.5113,44.9294,0,86,66,44,2760,10501,5.13112,163,16.9727,0,0,5445,25532577378
669.805,1.49297,44.9294,0,86,66,44,2760,10501,5.13112,163,16.9727,0,0,5445,25534070620
364.846,2.74088,44.9294,0,86,66,44,2760,10501,5.13112,163,16.9727,0,0,5445,25536811924
347.335,2.87907,44.9294,0,86,66,44,2760,10501,5.13112,163,16.9727,0,0,5445,25539691262
387.509,2.58059,44.9294,0,86,66,44,2760,10501,5.13112,163,16.9727,0,0,5445,25542272272
355.352,2.81411,44.9294,0,86,66,44,2760,10501,5.13112,163,16.9727,0,0,5445,25545086770
280.353,3.56693,44.9294,0,86,66,44,2760,10501,5.13112,163,16.9727,0,0,5445,25548654054
567.555,1.76194,44.9294,0,86,66,44,2760,10501,5.13112,163,16.9727,0,0,5445,25550416258
219.023,4.56574,44.9294,0,86,66,44,2760,10501,5.13112,163,16.9727,0,0,5445,25554982296
672.342,1.48734,44.9294,0,86,66,44,2760,10501,5.13112,163,16.9727,0,0,5445,25556470039
274.415,3.64411,44.9294,0,86,66,44,2760,10501,5.13112,163,16.9727,0,0,5445,25560114440
320.978,3.11548,44.9294,0,86,66,44,2760,10501,5.13112,163,16.9727,0,0,5445,25563230411
1468.03,0.681186,44.9294,0,86,66,44,2760,10501,5.13112,163,16.9727,0,0,5445,25563911799
353.915,2.82554,44.9294,0,86,66,44,2760,10501,5.13112,163,16.9727,0,0,5445,25566737750
455.709,2.19438,44.9294,0,86,66,44,2760,10501,5.13112,163,16.9727,0,0,5445,25568932334
341.27,2.93023,44.9294,0,86,66,44,2760,10501,5.13112,163,16.9727,0,0,5445,25571862836
272.96,3.66355,44.9294,0,86,66,44,2760,10501,5.13112,163,16.9727,0,0,5445,25575526748
587.863,1.70108,44.9294,0,86,66,44,2760,10501,5.13112,163,16.9727,0,0,5445,25577228180
240.837,4.15218,44.9294,0,86,66,44,2760,10501,5.13112,163,16.9727,0,0,5445,25581380686
391.851,2.55199,44.9294,0,86,66,44,2760,10501,5.13112,163,16.9727,0,0,5445,25583932974
462.238,2.16339,44.9294,0,86,66,44,2760,10501,5.13112,163,16.9727,0,0,5445,25586096864
462.184,2.16364,44.9294,0,86,66,44,2760,10501,5.13112,163,16.9727,0,0,5445,25588260821
353.86,2.82598,44.9294,0,86,66,44,2760,10501,5.13112,163,16.9727,0,0,5445,25591087022
369.091,2.70936,44.9294,0,86,66,44,2760,10501,5.13112,163,16.9727,0,0,5445,25593796720
307.908,3.24773,44.9294,0,86,66,44,2760,10501,5.13112,163,16.9727,0,0,5445,25597044733
444.916,2.24761,44.9294,0,86,66,44,2760,10501,5.13112,163,16.9727,0,0,5445,25599292636
388.065,2.57688,44.9294,0,86,66,44,2760,10501,5.13112,163,16.9727,0,0,5445,25601869905
334.763,2.98719,44.9294,0,86,66,44,2760,10501,5.13112,163,16.9727,0,0,5445,25604857333
268.77,3.72065,44.9294,0,86,66,44,2760,10501,5.13112,163,16.9727,0,0,5445,25608578275
416.993,2.39812,44.9294,0,86,66,44,2760,10501,5.13112,163,16.9727,0,0,5445,25610984231
535.083,1.86887,48.0454,0,84,66,44,2760,10501,5.13307,165,16.9776,0,0,5436,25612846112
396.614,2.52134,48.0454,0,84,66,44,2760,10501,5.13307,165,16.9776,0,0,5436,25615367812
326.496,3.06282,48.0454,0,84,66,44,2760,10501,5.13307,165,16.9776,0,0,5436,25618430896
360.763,2.7719,48.0454,0,84,66,44,2760,10501,5.13307,165,16.9776,0,0,5436,25621203105
376.963,2.65278,48.0454,0,84,66,44,2760,10501,5.13307,165,16.9776,0,0,5436,25623856300
308.69,3.23949,48.0454,0,84,66,44,2760,10501,5.13307,165,16.9776,0,0,5436,25627096101
489.559,2.04265,48.0454,0,84,66,44,2760,10501,5.13307,165,16.9776,0,0,5436,25629139036
405.949,2.46336,48.0454,0,84,66,44,2760,10501,5.13307,165,16.9776,0,0,5436,25631602724
233.165,4.28881,48.0454,0,84,66,44,2760,10501,5.13307,165,16.9776,0,0,5436,25635891936
343.42,2.91189,48.0454,0,84,66,44,2760,10501,5.13307,165,16.9776,0,0,5436,25638804361
537.211,1.86147,48.0454,0,84,66,44,2760,10501,5.13307,165,16.9776,0,0,5436,25640666078
460.616,2.17101,48.0454,0,84,66,44,2760,10501,5.13307,165,16.9776,0,0,5436,25642837651
338.936,2.95041,48.0454,0,84,66,44,2760,10501,5.13307,165,16.9776,0,0,5436,25645788270
327.415,3.05423,48.0454,0,84,66,44,2760,10501,5.13307,165,16.9776,0,0,5436,25648842911
508.938,1.96487,48.0454,0,84,66,44,2760,10501,5.13307,165,16.9776,0,0,5436,25650808102
383.389,2.60832,48.0454,0,84,66,44,2760,10501,5.13307,165,16.9776,0,0,5436,25653416575
319.759,3.12736,48.0454,0,84,66,44,2760,10501,5.13307,165,16.9776,0,0,5436,25656544257
331.644,3.01528,48.0454,0,84,66,44,2760,10501,5.13307,165,16.9776,0,0,5436,25659559897
236.412,4.2299,48.0454,0,84,66,44,2760,10501,5.13307,165,16.9776,0,0,5436,25663790088
431.718,2.31633,48.0454,0,84,66,44,2760,10501,5.13307,165,16.9776,0,0,5436,25666106868
830.73,1.20376,48.0454,0,84,66,44,2760,10501,5.13307,165,16.9776,0,0,5436,25667310783
385.017,2.59729,48.0454,0,84,66,44,2760,10501,5.13307,165,16.9776,0,0,5436,25669908429
246.291,4.06024,48.0454,0,84,66,44,2760,10501,5.13307,165,16.9776,0,0,5436,25673969123
537.772,1.85952,48.0454,0,84,66,44,2760,10501,5.13307,165,16.9776,0,0,5436,25675829051
359.871,2.77878,48.0454,0,84,66,44,2760,10501,5.13307,165,16.9776,0,0,5436,25678607953
433.85,2.30494,48.0454,0,84,66,44,2760,10501,5.13307,165,16.9776,0,0,5436,25680913232
268.355,3.72641,48.0454,0,84,66,44,2760,10501,5.13307,165,16.9776,0,0,5436,25684640117
523.551,1.91004,48.0454,0,84,66,44,2760,10501,5.13307,165,16.9776,0,0,5436,25686550384
218.017,4.58679,48.0454,0,84,66,44,2760,10501,5.13307,165,16.9776,0,0,5436,25691137692
967.445,1.03365,48.0454,0,84,66,44,2760,10501,5.13307,165,16.9776,0,0,5436,25692171390
505.416,1.97857,48.0454,0,84,66,44,2760,10501,5.13307,165,16.9776,0,0,5436,25694150236
358.395,2.79022,48.0454,0,84,66,44,2760,10501,5.13307,165,16.9776,0,0,5436,25696940743
414.413,2.41305,48.0454,0,84,66,44,2760,10501,5.13307,165,16.9776,0,0,5436,25699354104
404.916,2.46965,48.0454,0,84,66,44,2760,10501,5.13307,165,16.9776,0,0,5436,25701824033
334.255,2.99172,48.0454,0,84,66,44,2760,10501,5.13307,165,16.9776,0,0,5436,25704816115
198.258,5.04393,48.0454,0,84,66,44,2760,10501,5.13307,165,16.9776,0,0,5436,25709860400
671.487,1.48923,48.0454,0,84,66,44,2760,10501,5.13307,165,16.9776,0,0,5436,25711349941
569.233,1.75675,48.0454,0,84,66,44,2760,10501,5.13307,165,16.9776,0,0,5436,25713106961
282.83,3.53569,48.0454,0,84,66,44,2760,10501,5.13307,165,16.9776,0,0,5436,25716643061
541.962,1.84515,48.0454,0,84,66,44,2760,10501,5.13307,165,16.9776,0,0,5436,25718488489
328.67,3.04256,48.0454,0,84,66,44,2760,10501,5.13307,165,16.9776,0,0,5436,25721531428
444.905,2.24767,48.0454,0,84,66,44,2760,10501,5.13307,165,16.9776,0,0,5436,25723779552
323.82,3.08813,48.0454,0,84,66,44,2760,10501,5.13307,165,16.9776,0,0,5436,25726868021
496.19,2.01536,48.0454,0,84,66,44,2760,10501,5.13307,165,16.9776,0,0,5436,25728883685
337.072,2.96673,48.0454,0,84,66,44,2760,10501,5.13307,165,16.9776,0,0,5436,25731850804
455.049,2.19756,48.0454,0,84,66,44,2760,10501,5.13307,165,16.9776,0,0,5436,25734048580
312.557,3.19942,48.0454,0,84,66,44,2760,10501,5.13307,165,16.9776,0,0,5436,25737248275
328.407,3.04501,48.0454,0,84,66,44,2760,10501,5.13307,165,16.9776,0,0,5436,25740293579
227.563,4.39439,48.0454,0,84,66,44,2760,10501,5.13307,165,16.9776,0,0,5436,25744688304
394.053,2.53773,48.0454,0,84,66,44,2760,10501,5.13307,165,16.9776,0,0,5436,25747226323
332.99,3.00309,48.0454,0,84,66,44,2760,10501,5.13307,165,16.9776,0,0,5436,25750229760
404.908,2.4697,48.0454,0,84,66,44,2760,10501,5.13307,165,16.9776,0,0,5436,25752699940
713.497,1.40155,48.0454,0,84,66,44,2760,10501,5.13307,165,16.9776,0,0,5436,25754101535
375.784,2.6611,48.0454,0,84,66,44,2760,10501,5.13307,165,16.9776,0,0,5436,25756763000
341.853,2.92523,48.0454,0,84,66,44,2760,10501,5.13307,165,16.9776,0,0,5436,25759688560
372.013,2.68808,48.0454,0,84,66,44,2760,10501,5.13307,165,16.9776,0,0,5436,25762376939
387.714,2.57922,48.0454,0,84,66,44,2760,10501,5.13307,165,16.9776,0,0,5436,25764956507
376.572,2.65553,48.0454,0,84,66,44,2760,10501,5.13307,165,16.9776,0,0,5436,25767612423
302.584,3.30487,48.0454,0,84,66,44,2760,10501,5.13307,165,16.9776,0,0,5436,25770917717
469.576,2.12958,48.0454,0,84,66,44,2760,10501,5.13307,165,16.9776,0,0,5436,25773047385
395.059,2.53127,48.0454,0,84,66,44,2760,10501,5.13307,165,16.9776,0,0,5436,25775578999
402.552,2.48415,48.0454,0,84,66,44,2760,10501,5.13307,165,16.9776,0,0,5436,25778063631
291.75,3.42759,48.0454,0,84,66,44,2760,10501,5.13307,165,16.9776,0,0,5436,25781491439
423.842,2.35937,48.0454,0,84,66,44,2760,10501,5.13307,165,16.9776,0,0,5436,25783851230
405.69,2.46494,48.0454,0,84,66,44,2760,10501,5.13307,165,16.9776,0,0,5436,25786316332
360.524,2.77374,48.0454,0,84,66,44,2760,10501,5.13307,165,16.9776,0,0,5436,25789090455
344.74,2.90073,48.0454,0,84,66,44,2760,10501,5.13307,165,16.9776,0,0,5436,25791991495
419.287,2.385,48.0454,0,84,66,44,2760,10501,5.13307,165,16.9776,0,0,5436,25794376825
198.883,5.02809,48.0454,0,84,66,44,2760,10501,5.13307,165,16.9776,0,0,5436,25799405273
682.186,1.46588,48.0454,0,84,66,44,2760,10501,5.13307,165,16.9776,0,0,5436,25800871573
492.849,2.02902,48.0454,0,84,66,44,2760,10501,5.13307,165,16.9776,0,0,5436,25802901006
420.851,2.37614,48.0454,0,84,66,44,2760,10501,5.13307,165,16.9776,0,0,5436,25805277346
411.664,2.42917,48.0454,0,84,66,44,2760,10501,5.13307,165,16.9776,0,0,5436,25807706774
402.083,2.48705,48.0454,0,84,66,44,2760,10501,5.13307,165,16.9776,0,0,5436,25810194262
311.765,3.20754,48.0454,0,84,66,44,2760,10501,5.13307,165,16.9776,0,0,5436,25813402043
393.759,2.53962,48.0454,0,84,66,44,2760,10501,5.13307,165,16.9776,0,0,5436,25815941946
279.745,3.57469,48.0454,0,84,66,44,2760,10501,5.13307,165,16.9776,0,0,5436,25819517913
633.994,1.5773,48.0454,0,84,66,44,2760,10501,5.13307,165,16.9776,0,0,5436,25821094562
252.969,3.95305,48.0454,0,84,66,44,2760,10501,5.13307,165,16.9776,0,0,5436,25825048109
525.784,1.90192,48.0454,0,84,66,44,2760,10501,5.13307,165,16.9776,0,0,5436,25826950269
330.135,3.02906,48.0454,0,84,66,44,2760,10501,5.13307,165,16.9776,0,0,5436,25829979659
373.268,2.67904,48.0454,0,84,66,44,2760,10501,5.13307,165,16.9776,0,0,5436,25832659000
499.993,2.00003,48.0454,0,84,66,44,2760,10501,5.13307,165,16.9776,0,0,5436,25834659355
334.886,2.98609,48.0454,0,84,66,44,2760,10501,5.13307,165,16.9776,0,0,5436,25837645831
392.42,2.54829,48.0454,0,84,66,44,2760,10501,5.13307,165,16.9776,0,0,5436,25840194388
305.394,3.27446,48.0454,0,84,66,44,2760,10501,5.13307,165,16.9776,0,0,5436,25843469104
548.82,1.82209,48.0454,0,84,66,44,2760,10501,5.13307,165,16.9776,0,0,5436,25845291560
327.57,3.05278,48.0454,0,84,66,44,2760,10501,5.13307,165,16.9776,0,0,5436,25848344826
257.497,3.88354,48.0454,0,84,66,44,2760,10501,5.13307,165,16.9776,0,0,5436,25852228573
286.467,3.4908,48.0454,0,84,66,44,2760,10501,5.13307,165,16.9776,0,0,5436,25855719815
835.777,1.19649,48.0454,0,84,66,44,2760,10501,5.13307,165,16.9776,0,0,5436,25856916692
371.173,2.69416,48.0454,0,84,66,44,2760,10501,5.13307,165,16.9776,0,0,5436,25859611206
464.951,2.15076,48.0454,0,84,66,44,2760,10501,5.13307,165,16.9776,0,0,5436,25861762173
452.96,2.2077,48.0454,0,84,66,44,2760,10501,5.13307,165,16.9776,0,0,5436,25863970141
340.55,2.93643,48.0454,0,84,66,44,2760,10501,5.13307,165,16.9776,0,0,5436,25866907058
362.672,2.75731,48.0454,0,84,66,44,2760,10501,5.13307,165,16.9776,0,0,5436,25869664583
342.71,2.91792,48.0454,0,84,66,44,2760,10501,5.13307,165,16.9776,0,0,5436,25872583018
316.558,3.15898,48.0454,0,84,66,44,2760,10501,5.13307,165,16.9776,0,0,5436,25875742173
247.764,4.0361,48.0454,0,84,66,44,2760,10501,5.13307,165,16.9776,0,0,5436,25879778607
1056.06,0.946917,48.0454,0,84,66,44,2760,10501,5.13307,165,16.9776,0,0,5436,25880725812
414.071,2.41504,48.0454,0,84,66,44,2760,10501,5.13307,165,16.9776,0,0,5436,25883141210
225.139,4.44171,48.0454,0,84,66,44,2760,10501,5.13307,165,16.9776,0,0,5436,25887583350
1020.94,0.979494,48.0454,0,84,66,44,2760,10501,5.13307,165,16.9776,0,0,5436,25888562980
337.437,2.96351,48.0454,0,84,66,44,2760,10501,5.13307,165,16.9776,0,0,5436,25891526762
331.173,3.01957,48.0454,0,84,66,44,2760,10501,5.13307,165,16.9776,0,0,5436,25894546701
335.572,2.97998,48.0454,0,84,66,44,2760,10501,5.13307,165,16.9776,0,0,5436,25897527012
444.722,2.24859,48.0454,0,84,66,44,2760,10501,5.13307,165,16.9776,0,0,5436,25899775886
248.38,4.0261,48.0454,0,84,66,44,2760,10501,5.13307,165,16.9776,0,0,5436,25903802282
634.411,1.57626,48.0454,0,84,66,44,2760,10501,5.13307,165,16.9776,0,0,5436,25905378873
309.112,3.23507,48.0454,0,84,66,44,2760,10501,5.13307,165,16.9776,0,0,5436,25908614203
1143.9,0.874202,48.0454,0,84,66,44,2760,10501,5.13307,165,16.9776,0,0,5436,25909488569
326.226,3.06536,48.0454,0,84,66,44,2760,10501,5.13307,165,16.9776,0,0,5436,25912554480
389.13,2.56984,48.0454,0,84,66,44,2760,10501,5.13307,165,16.9776,0,0,5436,25915124557
356.94,2.80159,48.0454,0,84,66,44,2760,10501,5.13307,165,16.9776,0,0,5436,25917926498
392.241,2.54945,48.0454,0,84,66,44,2760,10501,5.13307,165,16.9776,0,0,5436,25920476247
353.305,2.83041,48.0454,0,84,66,44,2760,10501,5.13307,165,16.9776,0,0,5436,25923307025
212.549,4.70479,48.0454,0,84,66,44,2760,10501,5.13307,165,16.9776,0,0,5436,25928012222
400.296,2.49815,48.0454,0,84,66,44,2760,10501,5.13307,165,16.9776,0,0,5436,25930510586
576.998,1.73311,48.0454,0,84,66,44,2760,10501,5.13307,165,16.9776,0,0,5436,25932244009
356.817,2.80256,48.0454,0,84,66,44,2760,10501,5.13307,165,16.9776,0,0,5436,25935046969
472.458,2.11659,48.0454,0,84,66,44,2760,10501,5.13307,165,16.9776,0,0,5436,25937163839
452.436,2.21026,48.0454,0,84,66,44,2760,10501,5.13307,165,16.9776,0,0,5436,25939374394
389.283,2.56883,48.0454,0,84,66,44,2760,10501,5.13307,165,16.9776,0,0,5436,25941943702
388.47,2.5742,48.0454,0,84,66,44,2760,10501,5.13307,165,16.9776,0,0,5436,25944518058
332.937,3.00357,48.0454,0,84,66,44,2760,10501,5.13307,165,16.9776,0,0,5436,25947522130
371.959,2.68847,48.0454,0,84,66,44,2760,10501,5.13307,165,16.9776,0,0,5436,25950210922
331.711,3.01467,48.0454,0,84,66,44,2760,10501,5.13307,165,16.9776,0,0,5436,25953225976
222.584,4.49269,48.0454,0,84,66,44,2760,10501,5.13307,165,16.9776,0,0,5436,25957718945
375.237,2.66498,48.0454,0,84,66,44,2760,10501,5.13307,165,16.9776,0,0,5436,25960384246
1397.09,0.715774,48.0454,0,84,66,44,2760,10501,5.13307,165,16.9776,0,0,5436,25961100203
386.082,2.59013,48.0454,0,84,66,44,2760,10501,5.13307,165,16.9776,0,0,5436,25963690665
241.385,4.14276,48.0454,0,84,66,44,2760,10501,5.13307,165,16.9776,0,0,5436,25967833862
528.744,1.89128,48.0454,0,84,66,44,2760,10501,5.13307,165,16.9776,0,0,5436,25969725369
462.383,2.16271,48.0454,0,84,66,44,2760,10501,5.13307,165,16.9776,0,0,5436,25971888432
366.407,2.72921,48.0454,0,84,66,44,2760,10501,5.13307,165,16.9776,0,0,5436,25974618091
396.695,2.52083,48.0454,0,84,66,44,2760,10501,5.13307,165,16.9776,0,0,5436,25977139138
370.221,2.70109,48.0454,0,84,66,44,2760,10501,5.13307,165,16.9776,0,0,5436,25979840719
374.789,2.66817,48.0454,0,84,66,44,2760,10501,5.13307,165,16.9776,0,0,5436,25982509049
285.32,3.50484,48.0454,0,84,66,44,2760,10501,5.13307,165,16.9776,0,0,5436,25986014273
517.612,1.93195,48.0454,0,84,66,44,2760,10501,5.13307,165,16.9776,0,0,5436,25987946550
442.81,2.25831,48.0454,0,84,66,44,2760,10501,5.13307,165,16.9776,0,0,5436,25990205338
349.82,2.85862,48.0454,0,84,66,44,2760,10501,5.13307,165,16.9776,0,0,5436,25993064395
373.394,2.67814,48.0454,0,84,66,44,2760,10501,5.13307,165,16.9776,0,0,5436,25995742640
331.466,3.0169,48.0454,0,84,66,44,2760,10501,5.13307,165,16.9776,0,0,5436,25998759837
303.851,3.29108,48.0454,0,84,66,44,2760,10501,5.13307,165,16.9776,0,0,5436,26002051227
552.344,1.81046,48.0454,0,84,66,44,2760,10501,5.13307,165,16.9776,0,0,5436,26003861980
375.651,2.66204,48.0454,0,84,66,44,2760,10501,5.13307,165,16.9776,0,0,5436,26006524349
324.251,3.08403,48.0454,0,84,66,44,2760,10501,5.13307,165,16.9776,0,0,5436,26009608895
322.682,3.09903,48.0454,0,84,66,44,2760,10501,5.13307,165,16.9776,0,0,5436,26012707952
496.681,2.01337,48.0454,0,84,66,44,2760,10501,5.13307,165,16.9776,0,0,5436,26014721673
363.463,2.75131,48.0454,0,84,66,44,2760,10501,5.13307,165,16.9776,0,0,5436,26017473314
434.832,2.29974,48.0454,0,84,66,44,2760,10501,5.13307,165,16.9776,0,0,5436,26019773565
354.444,2.82132,48.0454,0,84,66,44,2760,10501,5.13307,165,16.9776,0,0,5436,26022595064
341.034,2.93226,48.0454,0,84,66,44,2760,10501,5.13307,165,16.9776,0,0,5436,26025527816
337.797,2.96036,48.0454,0,84,66,44,2760,10501,5.13307,165,16.9776,0,0,5436,26028488531
474.922,2.10561,48.0454,0,84,66,44,2760,10501,5.13307,165,16.9776,0,0,5436,26030594285
432.375,2.31281,48.0454,0,84,66,44,2760,10501,5.13307,165,16.9776,0,0,5436,26032907584
329.078,3.03879,48.0454,0,84,66,44,2760,10501,5.13307,165,16.9776,0,0,5436,26035946562
211.966,4.71775,48.0454,0,84,66,44,2760,10501,5.13307,165,16.9776,0,0,5436,26040664673
567.301,1.76273,48.0454,0,84,66,44,2760,10501,5.13307,165,16.9776,0,0,5436,26042427876
662.896,1.50853,48.0454,0,84,66,44,2760,10501,5.13307,165,16.9776,0,0,5436,26043936677
266.221,3.75627,48.0454,0,84,66,44,2760,10501,5.13307,165,16.9776,0,0,5436,26047693409
656.134,1.52408,48.0454,0,84,66,44,2760,10501,5.13307,165,16.9776,0,0,5436,26049217788
391.928,2.55149,48.0454,0,84,66,44,2760,10501,5.13307,165,16.9776,0,0,5436,26051769556
403.705,2.47706,48.0454,0,84,66,44,2760,10501,5.13307,165,16.9776,0,0,5436,26054247024
299.585,3.33795,48.0454,0,84,66,44,2760,10501,5.13307,165,16.9776,0,0,5436,26057585349
226.668,4.41175,48.0454,0,84,66,44,2760,10501,5.13307,165,16.9776,0,0,5436,26061997786
899.654,1.11154,48.0454,0,84,66,44,2760,10501,5.13307,165,16.9776,0,0,5436,26063109429
175.303,5.70442,48.0454,0,84,66,44,2760,10501,5.13307,165,16.9776,0,0,5436,26068814400
698.197,1.43226,48.0454,0,84,66,44,2760,10501,5.13307,165,16.9776,0,0,5436,26070246919
498.959,2.00417,48.0454,0,84,66,44,2760,10501,5.13307,165,16.9776,0,0,5436,26072251468
526.634,1.89885,48.0454,0,84,66,44,2760,10501,5.13307,165,16.9776,0,0,5436,26074150734
196.133,5.09858,48.0454,0,84,66,44,2760,10501,5.13307,165,16.9776,0,0,5436,26079249723
1576.35,0.634378,48.0454,0,84,66,44,2760,10501,5.13307,165,16.9776,0,0,5436,26079884350
328.16,3.0473,48.0454,0,84,66,44,2760,10501,5.13307,165,16.9776,0,0,5436,26082931981
525.723,1.90214,48.0454,0,84,66,44,2760,10501,5.13307,165,16.9776,0,0,5436,26084834401
332.669,3.006,48.0454,0,84,66,44,2760,10501,5.13307,165,16.9776,0,0,5436,26087840647
379.473,2.63523,48.0454,0,84,66,44,2760,10501,5.13307,165,16.9776,0,0,5436,26090476322
224.472,4.4549,48.0454,0,84,66,44,2760,10501,5.13307,165,16.9776,0,0,5436,26094931742
602.107,1.66084,48.0454,0,84,66,44,2760,10501,5.13307,165,16.9776,0,0,5436,26096592836
592.924,1.68656,48.0454,0,84,66,44,2760,10501,5.13307,165,16.9776,0,0,5436,26098279826
420.841,2.3762,48.0454,0,84,66,44,2760,10501,5.13307,165,16.9776,0,0,5436,26100656223
305.919,3.26884,48.0454,0,84,66,44,2760,10501,5.13307,165,16.9776,0,0,5436,26103925381
378.12,2.64467,48.0454,0,84,66,44,2760,10501,5.13307,165,16.9776,0,0,5436,26106570490
391.676,2.55313,48.0454,0,84,66,44,2760,10501,5.13307,165,16.9776,0,0,5436,26109123826
325.767,3.06968,48.0454,0,84,66,44,2760,10501,5.13307,165,16.9776,0,0,5436,26112196016
405.231,2.46773,44.6999,0,84,66,44,2760,10501,5.13307,165,16.9766,0,0,5429,26114661955
405.709,2.46482,44.6999,0,84,66,44,2760,10501,5.13307,165,16.9766,0,0,5429,26117127172
143.061,6.99002,44.6999,0,84,66,44,2760,10501,5.13307,165,16.9766,0,0,5429,26124117389
553.459,1.80682,44.6999,0,84,66,44,2760,10501,5.13307,165,16.9766,0,0,5429,26125924632
723.972,1.38127,44.6999,0,84,66,44,2760,10501,5.13307,165,16.9766,0,0,5429,26127306179
391.588,2.5537,44.6999,0,84,66,44,2760,10501,5.13307,165,16.9766,0,0,5429,26129860351
432.513,2.31207,44.6999,0,84,66,44,2760,10501,5.13307,165,16.9766,0,0,5429,26132172622
295.205,3.38748,44.6999,0,84,66,44,2760,10501,5.13307,165,16.9766,0,0,5429,26135560274
409.063,2.44461,44.6999,0,84,66,44,2760,10501,5.13307,165,16.9766,0,0,5429,26138005328
400.766,2.49522,44.6999,0,84,66,44,2760,10501,5.13307,165,16.9766,0,0,5429,26140500912
320.381,3.12129,44.6999,0,84,66,44,2760,10501,5.13307,165,16.9766,0,0,5429,26143622459
403.473,2.47848,44.6999,0,84,66,44,2760,10501,5.13307,165,16.9766,0,0,5429,26146101216
266.821,3.74783,44.6999,0,84,66,44,2760,10501,5.13307,165,16.9766,0,0,5429,26149849506
522.866,1.91254,44.6999,0,84,66,44,2760,10501,5.13307,165,16.9766,0,0,5429,26151762503
394.563,2.53445,44.6999,0,84,66,44,2760,10501,5.13307,165,16.9766,0,0,5429,26154297021
322.584,3.09997,44.6999,0,84,66,44,2760,10501,5.13307,165,16.9766,0,0,5429,26157397414
414.467,2.41273,44.6999,0,84,66,44,2760,10501,5.13307,165,16.9766,0,0,5429,26159810553
380.923,2.6252,44.6999,0,84,66,44,2760,10501,5.13307,165,16.9766,0,0,5429,26162435872
363.765,2.74903,44.6999,0,84,66,44,2760,10501,5.13307,165,16.9766,0,0,5429,26165185321
358.292,2.79102,44.6999,0,84,66,44,2760,10501,5.13307,165,16.9766,0,0,5429,26167976617
343.281,2.91307,44.6999,0,84,66,44,2760,10501,5.13307,165,16.9766,0,0,5429,26170890022
464.036,2.155,44.6999,0,84,66,44,2760,10501,5.13307,165,16.9766,0,0,5429,26173045345
283.638,3.52562,44.6999,0,84,66,44,2760,10501,5.13307,165,16.9766,0,0,5429,26176571310
426.589,2.34418,44.6999,0,84,66,44,2760,10501,5.13307,165,16.9766,0,0,5429,26178915726
276.337,3.61878,44.6999,0,84,66,44,2760,10501,5.13307,165,16.9766,0,0,5429,26182534886
536.728,1.86314,44.6999,0,84,66,44,2760,10501,5.13307,165,16.9766,0,0,5429,26184398516
351.464,2.84524,44.6999,0,84,66,44,2760,10501,5.13307,165,16.9766,0,0,5429,26187243949
483.493,2.06828,44.6999,0,84,66,44,2760,10501,5.13307,165,16.9766,0,0,5429,26189312576
218.827,4.56982,44.6999,0,84,66,44,2760,10501,5.13307,165,16.9766,0,0,5429,26193882730
803.733,1.24419,44.6999,0,84,66,44,2760,10501,5.13307,165,16.9766,0,0,5429,26195127233
338.686,2.95259,44.6999,0,84,66,44,2760,10501,5.13307,165,16.9766,0,0,5429,26198080362
484.232,2.06513,44.6999,0,84,66,44,2760,10501,5.13307,165,16.9766,0,0,5429,26200145681
290.451,3.44292,44.6999,0,84,66,44,2760,10501,5.13307,165,16.9766,0,0,5429,26203588855
477.517,2.09417,44.6999,0,84,66,44,2760,10501,5.13307,165,16.9766,0,0,5429,26205683378
338.92,2.95055,44.6999,0,84,66,44,2760,10501,5.13307,165,16.9766,0,0,5429,26208634381
372.714,2.68302,44.6999,0,84,66,44,2760,10501,5.13307,165,16.9766,0,0,5429,26211317567
354.984,2.81703,44.6999,0,84,66,44,2760,10501,5.13307,165,16.9766,0,0,5429,26214134864
400.2,2.49875,44.6999,0,84,66,44,2760,10501,5.13307,165,16.9766,0,0,5429,26216633987
395.714,2.52708,44.6999,0,84,66,44,2760,10501,5.13307,165,16.9766,0,0,5429,26219161438
349.314,2.86275,44.6999,0,84,66,44,2760,10501,5.13307,165,16.9766,0,0,5429,26222024515
356.963,2.80141,44.6999,0,84,66,44,2760,10501,5.13307,165,16.9766,0,0,5429,26224826215
401.753,2.48909,44.6999,0,84,66,44,2760,10501,5.13307,165,16.9766,0,0,5429,26227315616
217.903,4.58919,44.6999,0,84,66,44,2760,10501,5.13307,165,16.9766,0,0,5429,26231905155
486.008,2.05758,44.6999,0,84,66,44,2760,10501,5.13307,165,16.9766,0,0,5429,26233963071
359.617,2.78074,44.6999,0,84,66,44,2760,10501,5.13307,165,16.9766,0,0,5429,26236744078
343.946,2.90743,44.6999,0,84,66,44,2760,10501,5.13307,165,16.9766,0,0,5429,26239651974
362.855,2.75592,44.6999,0,84,66,44,2760,10501,5.13307,165,16.9766,0,0,5429,26242408096
435.152,2.29805,44.6999,0,84,66,44,2760,10501,5.13307,165,16.9766,0,0,5429,26244706529
357.112,2.80024,44.6999,0,84,66,44,2760,10501,5.13307,165,16.9766,0,0,5429,26247507162
414.165,2.41449,44.6999,0,84,66,44,2760,10501,5.13307,165,16.9766,0,0,5429,26249921965
360.672,2.7726,44.6999,0,84,66,44,2760,10501,5.13307,165,16.9766,0,0,5429,26252694904
447.474,2.23477,44.6999,0,84,66,44,2760,10501,5.13307,165,16.9766,0,0,5429,26254929941
230.686,4.33491,44.6999,0,84,66,44,2760,10501,5.13307,165,16.9766,0,0,5429,26259265174
751.615,1.33047,44.6999,0,84,66,44,2760,10501,5.13307,165,16.9766,0,0,5429,26260595940
391.621,2.55349,44.6999,0,84,66,44,2760,10501,5.13307,165,16.9766,0,0,5429,26263149853
278.431,3.59155,44.6999,0,84,66,44,2760,10501,5.13307,165,16.9766,0,0,5429,26266741810
491.695,2.03378,44.6999,0,84,66,44,2760,10501,5.13307,165,16.9766,0,0,5429,26268775754
355.801,2.81056,44.6999,0,84,66,44,2760,10501,5.13307,165,16.9766,0,0,5429,26271586656
428.45,2.33399,44.6999,0,84,66,44,2760,10501,5.13307,165,16.9766,0,0,5429,26273921071
368.047,2.71704,44.6999,0,84,66,44,2760,10501,5.13307,165,16.9766,0,0,5429,26276638384
361.277,2.76796,44.6999,0,84,66,44,2760,10501,5.13307,165,16.9766,0,0,5429,26279406660
289.566,3.45344,44.6999,0,84,66,44,2760,10501,5.13307,165,16.9766,0,0,5429,26282860584
304.887,3.2799,44.6999,0,84,66,44,2760,10501,5.13307,165,16.9766,0,0,5429,26286140800
752.311,1.32924,44.6999,0,84,66,44,2760,10501,5.13307,165,16.9766,0,0,5429,26287470326
377.016,2.65241,44.6999,0,84,66,44,2760,10501,5.13307,165,16.9766,0,0,5429,26290123050
455.133,2.19716,44.6999,0,84,66,44,2760,10501,5.13307,165,16.9766,0,0,5429,26292320538
327.17,3.05652,44.6999,0,84,66,44,2760,10501,5.13307,165,16.9766,0,0,5429,26295377352
310.344,3.22223,44.6999,0,84,66,44,2760,10501,5.13307,165,16.9766,0,0,5429,26298599970
506.976,1.97248,44.6999,0,84,66,44,2760,10501,5.13307,165,16.9766,0,0,5429,26300572710
392.635,2.54689,44.6999,0,84,66,44,2760,10501,5.13307,165,16.9766,0,0,5429,26303119921
370.929,2.69594,44.6999,0,84,66,44,2760,10501,5.13307,165,16.9766,0,0,5429,26305816137
271.741,3.67997,44.6999,0,84,66,44,2760,10501,5.13307,165,16.9766,0,0,5429,26309496472
164.514,6.0785,44.6999,0,84,66,44,2760,10501,5.13307,165,16.9766,0,0,5429,26315575446
512.273,1.95209,44.6999,0,84,66,44,2760,10501,5.13307,165,16.9766,0,0,5429,26317528108
587.959,1.7008,44.6999,0,84,66,44,2760,10501,5.13307,165,16.9766,0,0,5429,26319229165
396.378,2.52285,44.6999,0,84,66,44,2760,10501,5.13307,165,16.9766,0,0,5429,26321752299
353.376,2.82985,44.6999,0,84,66,44,2760,10501,5.13307,165,16.9766,0,0,5429,26324582442
386.823,2.58516,44.6999,0,84,66,44,2760,10501,5.13307,165,16.9766,0,0,5429,26327167914
333.586,2.99773,44.6999,0,84,66,44,2760,10501,5.13307,165,16.9766,0,0,5429,26330165861
495.518,2.01809,44.6999,0,84,66,44,2760,10501,5.13307,165,16.9766,0,0,5429,26332184227
354.151,2.82365,44.6999,0,84,66,44,2760,10501,5.13307,165,16.9766,0,0,5429,26335008265
340.486,2.93697,44.6999,0,84,66,44,2760,10501,5.13307,165,16.9766,0,0,5429,26337945662
205.581,4.86427,44.6999,0,84,66,44,2760,10501,5.13307,165,16.9766,0,0,5429,26342810191
329.03,3.03924,44.6999,0,84,66,44,2760,10501,5.13307,165,16.9766,0,0,5429,26345849764
558.341,1.79102,44.6999,0,84,66,44,2760,10501,5.13307,165,16.9766,0,0,5429,26347641142
352.175,2.8395,44.6999,0,84,66,44,2760,10501,5.13307,165,16.9766,0,0,5429,26350481132
453.478,2.20518,44.6999,0,84,66,44,2760,10501,5.13307,165,16.9766,0,0,5429,26352686495
356.104,2.80817,44.6999,0,84,66,44,2760,10501,5.13307,165,16.9766,0,0,5429,26355495003
232.502,4.30103,44.6999,0,84,66,44,2760,10501,5.13307,165,16.9766,0,0,5429,26359796658
521.382,1.91798,44.6999,0,84,66,44,2760,10501,5.13307,165,16.9766,0,0,5429,26361714684
501.381,1.99449,44.6999,0,84,66,44,2760,10501,5.13307,165,16.9766,0,0,5429,26363709511
392.216,2.54961,44.6999,0,84,66,44,2760,10501,5.13307,165,16.9766,0,0,5429,26366259414
331.778,3.01406,44.6999,0,84,66,44,2760,10501,5.13307,165,16.9766,0,0,5429,26369273785
356.227,2.8072,44.6999,0,84,66,44,2760,10501,5.13307,165,16.9766,0,0,5429,26372081273
292.05,3.42407,44.6999,0,84,66,44,2760,10501,5.13307,165,16.9766,0,0,5429,26375505677
502.129,1.99152,44.6999,0,84,66,44,2760,10501,5.13307,165,16.9766,0,0,5429,26377497696
400.556,2.49653,44.6999,0,84,66,44,2760,10501,5.13307,165,16.9766,0,0,5429,26379994454
389.706,2.56604,44.6999,0,84,66,44,2760,10501,5.13307,165,16.9766,0,0,5429,26382560828
360.959,2.7704,44.6999,0,84,66,44,2760,10501,5.13307,165,16.9766,0,0,5429,26385331470
384.759,2.59903,44.6999,0,84,66,44,2760,10501,5.13307,165,16.9766,0,0,5429,26387930856
378.723,2.64046,44.6999,0,84,66,44,2760,10501,5.13307,165,16.9766,0,0,5429,26390571925
366.765,2.72654,44.6999,0,84,66,44,2760,10501,5.13307,165,16.9766,0,0,5429,26393300546
313.593,3.18885,44.6999,0,84,66,44,2760,10501,5.13307,165,16.9766,0,0,5429,26396487605
234.507,4.26427,44.6999,0,84,66,44,2760,10501,5.13307,165,16.9766,0,0,5429,26400752249
1057.47,0.945657,44.6999,0,84,66,44,2760,10501,5.13307,165,16.9766,0,0,5429,26401698377
409.721,2.44069,44.6999,0,84,66,44,2760,10501,5.13307,165,16.9766,0,0,5429,26404139171
351.058,2.84853,44.6999,0,84,66,44,2760,10501,5.13307,165,16.9766,0,0,5429,26406988027
504.911,1.98055,44.6999,0,84,66,44,2760,10501,5.13307,165,16.9766,0,0,5429,26408968824
289.362,3.45588,44.6999,0,84,66,44,2760,10501,5.13307,165,16.9766,0,0,5429,26412424960
497.886,2.00849,44.6999,0,84,66,44,2760,10501,5.13307,165,16.9766,0,0,5429,26414434037
314.194,3.18275,44.6999,0,84,66,44,2760,10501,5.13307,165,16.9766,0,0,5429,26417616971
429.766,2.32685,44.6999,0,84,66,44,2760,10501,5.13307,165,16.9766,0,0,5429,26419944175
305.426,3.27411,44.6999,0,84,66,44,2760,10501,5.13307,165,16.9766,0,0,5429,26423218843
385.418,2.59459,44.6999,0,84,66,44,2760,10501,5.13307,165,16.9766,0,0,5429,26425813498
443.308,2.25577,44.6999,0,84,66,44,2760,10501,5.13307,165,16.9766,0,0,5429,26428069689
363.83,2.74853,44.6999,0,84,66,44,2760,10501,5.13307,165,16.9766,0,0,5429,26430818455
402.851,2.48231,44.6999,0,84,66,44,2760,10501,5.13307,165,16.9766,0,0,5429,26433301144
323.319,3.09292,44.6999,0,84,66,44,2760,10501,5.13307,165,16.9766,0,0,5429,26436394364
307.608,3.25089,44.6999,0,84,66,44,2760,10501,5.13307,165,16.9766,0,0,5429,26439645656
540.491,1.85017,44.6999,0,84,66,44,2760,10501,5.13307,165,16.9766,0,0,5429,26441496084
386.014,2.59058,44.6999,0,84,66,44,2760,10501,5.13307,165,16.9766,0,0,5429,26444086979
289.011,3.46008,44.6999,0,84,66,44,2760,10501,5.13307,165,16.9766,0,0,5429,26447547374
233.778,4.27757,44.6999,0,84,66,44,2760,10501,5.13307,165,16.9766,0,0,5429,26451825345
500.412,1.99836,44.6999,0,84,66,44,2760,10501,5.13307,165,16.9766,0,0,5429,26453823922
491.851,2.03314,44.6999,0,84,66,44,2760,10501,5.13307,165,16.9766,0,0,5429,26455857375
365.797,2.73376,44.6999,0,84,66,44,2760,10501,5.13307,165,16.9766,0,0,5429,26458591468
317.727,3.14736,44.6999,0,84,66,44,2760,10501,5.13307,165,16.9766,0,0,5429,26461739304
360.497,2.77395,44.6999,0,84,66,44,2760,10501,5.13307,165,16.9766,0,0,5429,26464513436
401.639,2.4898,44.6999,0,84,66,44,2760,10501,5.13307,165,16.9766,0,0,5429,26467003453
278.588,3.58953,44.6999,0,84,66,44,2760,10501,5.13307,165,16.9766,0,0,5429,26470593334
520.365,1.92173,44.6999,0,84,66,44,2760,10501,5.13307,165,16.9766,0,0,5429,26472515321
423.245,2.36269,44.6999,0,84,66,44,2760,10501,5.13307,165,16.9766,0,0,5429,26474878459
341.124,2.93148,44.6999,0,84,66,44,2760,10501,5.13307,165,16.9766,0,0,5429,26477810202
367.23,2.72309,44.6999,0,84,66,44,2760,10501,5.13307,165,16.9766,0,0,5429,26480533822
417.725,2.39392,44.6999,0,84,66,44,2760,10501,5.13307,165,16.9766,0,0,5429,26482927990
380.464,2.62837,44.6999,0,84,66,44,2760,10501,5.13307,165,16.9766,0,0,5429,26485556703
344.427,2.90338,44.6999,0,84,66,44,2760,10501,5.13307,165,16.9766,0,0,5429,26488460378
400.595,2.49629,44.6999,0,84,66,44,2760,10501,5.13307,165,16.9766,0,0,5429,26490957010
279.162,3.58215,44.6999,0,84,66,44,2760,10501,5.13307,165,16.9766,0,0,5429,26494539554
523.437,1.91045,44.6999,0,84,66,44,2760,10501,5.13307,165,16.9766,0,0,5429,26496450464
328.555,3.04363,44.6999,0,84,66,44,2760,10501,5.13307,165,16.9766,0,0,5429,26499494298
463.914,2.15557,44.6999,0,84,66,44,2760,10501,5.13307,165,16.9766,0,0,5429,26501650294
306.427,3.26342,44.6999,0,84,66,44,2760,10501,5.13307,165,16.9766,0,0,5429,26504913923
233.22,4.2878,44.6999,0,84,66,44,2760,10501,5.13307,165,16.9766,0,0,5429,26509202135
399.441,2.5035,44.6999,0,84,66,44,2760,10501,5.13307,165,16.9766,0,0,5429,26511705940
325.403,3.07311,44.6999,0,84,66,44,2760,10501,5.13307,165,16.9766,0,0,5429,26514779476
450.535,2.21958,44.6999,0,84,66,44,2760,10501,5.13307,165,16.9766,0,0,5429,26516999445
764.826,1.30749,44.6999,0,84,66,44,2760,10501,5.13307,165,16.9766,0,0,5429,26518307143
409.903,2.4396,44.6999,0,84,66,44,2760,10501,5.13307,165,16.9766,0,0,5429,26520746956
370.528,2.69885,44.6999,0,84,66,44,2760,10501,5.13307,165,16.9766,0,0,5429,26523446105
369.02,2.70988,44.6999,0,84,66,44,2760,10501,5.13307,165,16.9766,0,0,5429,26526156341
358.972,2.78573,44.6999,0,84,66,44,2760,10501,5.13307,165,16.9766,0,0,5429,26528942531
285.948,3.49714,44.6999,0,84,66,44,2760,10501,5.13307,165,16.9766,0,0,5429,26532440004
319.997,3.12503,44.6999,0,84,66,44,2760,10501,5.13307,165,16.9766,0,0,5429,26535565350
589.743,1.69565,44.6999,0,84,66,44,2760,10501,5.13307,165,16.9766,0,0,5429,26537261292
411.214,2.43182,44.6999,0,84,66,44,2760,10501,5.13307,165,16.9766,0,0,5429,26539693345
342.843,2.91679,44.6999,0,84,66,44,2760,10501,5.13307,165,16.9766,0,0,5429,26542610520
342.029,2.92373,44.6999,0,84,66,44,2760,10501,5.13307,165,16.9766,0,0,5429,26545534599
302.112,3.31003,44.6999,0,84,66,44,2760,10501,5.13307,165,16.9766,0,0,5429,26548844922
727.823,1.37396,44.6999,0,84,66,44,2760,10501,5.13307,165,16.9766,0,0,5429,26550219286
313.479,3.19001,44.6999,0,84,66,44,2760,10501,5.13307,165,16.9766,0,0,5429,26553409711
353.37,2.82989,44.6999,0,84,66,44,2760,10501,5.13307,165,16.9766,0,0,5429,26556239748
278.162,3.59503,44.6999,0,84,66,44,2760,10501,5.13307,165,16.9766,0,0,5429,26559835168
563.331,1.77516,44.6999,0,84,66,44,2760,10501,5.13307,165,16.9766,0,0,5429,26561610660
342.422,2.92038,44.6999,0,84,66,44,2760,10501,5.13307,165,16.9766,0,0,5429,26564531307
402.104,2.48692,44.6999,0,84,66,44,2760,10501,5.13307,165,16.9766,0,0,5429,26567018496
376.525,2.65587,44.6999,0,84,66,44,2760,10501,5.13307,165,16.9766,0,0,5429,26569674663
414.547,2.41227,44.6999,0,84,66,44,2760,10501,5.13307,165,16.9766,0,0,5429,26572087215
288.136,3.47058,44.6999,0,84,66,44,2760,10501,5.13307,165,16.9766,0,0,5429,26575558217
428.191,2.33541,44.6999,0,84,66,44,2760,10501,5.13307,165,16.9766,0,0,5429,26577893930
354.256,2.82282,44.6999,0,84,66,44,2760,10501,5.13307,165,16.9766,0,0,5429,26580717044
350.287,2.8548,44.6999,0,84,66,44,2760,10501,5.13307,165,16.9766,0,0,5429,26583572198
305.46,3.27376,44.6999,0,84,66,44,2760,10501,5.13307,165,16.9766,0,0,5429,26586846299
541.212,1.84771,44.6999,0,84,66,44,2760,10501,5.13307,165,16.9766,0,0,5429,26588694256
393.26,2.54285,44.6999,0,84,66,44,2760,10501,5.13307,165,16.9766,0,0,5429,26591237399
388.299,2.57534,44.6999,0,84,66,44,2760,10501,5.13307,165,16.9766,0,0,5429,26593813072
201.425,4.96462,44.6999,0,84,66,44,2760,10501,5.13307,165,16.9766,0,0,5429,26598778278
2062.93,0.484748,44.6999,0,84,66,44,2760,10501,5.13307,165,16.9766,0,0,5429,26599263266
273.904,3.65091,44.6999,0,84,66,44,2760,10501,5.13307,165,16.9766,0,0,5429,26602914610
599.829,1.66714,44.6999,0,84,66,44,2760,10501,5.13307,165,16.9766,0,0,5429,26604582128
358.199,2.79175,44.6999,0,84,66,44,2760,10501,5.13307,165,16.9766,0,0,5429,26607374356
434.12,2.30351,44.6999,0,84,66,44,2760,10501,5.13307,165,16.9766,0,0,5429,26609677982
209.083,4.78279,44.6999,0,84,66,44,2760,10501,5.13307,165,16.9766,0,0,5429,26614463143
523.4,1.91058,44.4586,0,79,66,44,2760,10501,5.13112,164,16.9682,0,0,5451,26616372284
479.461,2.08568,44.4586,0,79,66,44,2760,10501,5.13112,164,16.9682,0,0,5451,26618458153
519.333,1.92555,44.4586,0,79,66,44,2760,10501,5.13112,164,16.9682,0,0,5451,26620384016
319.805,3.1269,44.4586,0,79,66,44,2760,10501,5.13112,164,16.9682,0,0,5451,26623511189
302.29,3.30808,44.4586,0,79,66,44,2760,10501,5.13112,164,16.9682,0,0,5451,26626819502
443.123,2.25671,44.4586,0,79,66,44,2760,10501,5.13112,164,16.9682,0,0,5451,26629076511
411.016,2.433,44.4586,0,79,66,44,2760,10501,5.13112,164,16.9682,0,0,5451,26631509852
381.194,2.62334,44.4586,0,79,66,44,2760,10501,5.13112,164,16.9682,0,0,5451,26634133489
197.808,5.05541,44.4586,0,79,66,44,2760,10501,5.13112,164,16.9682,0,0,5451,26639189275
596.355,1.67685,44.4586,0,79,66,44,2760,10501,5.13112,164,16.9682,0,0,5451,26640866456
489.995,2.04084,44.4586,0,79,66,44,2760,10501,5.13112,164,16.9682,0,0,5451,26642907496
490.339,2.03941,44.4586,0,79,66,44,2760,10501,5.13112,164,16.9682,0,0,5451,26644947411
203.414,4.91608,44.4586,0,79,66,44,2760,10501,5.13112,164,16.9682,0,0,5451,26649863942
1072.24,0.932628,44.4586,0,79,66,44,2760,10501,5.13112,164,16.9682,0,0,5451,26650796723
431.376,2.31817,44.4586,0,79,66,44,2760,10501,5.13112,164,16.9682,0,0,5451,26653115475
351.519,2.8448,44.4586,0,79,66,44,2760,10501,5.13112,164,16.9682,0,0,5451,26655960811
374.026,2.67361,44.4586,0,79,66,44,2760,10501,5.13112,164,16.9682,0,0,5451,26658634420
426.819,2.34292,44.4586,0,79,66,44,2760,10501,5.13112,164,16.9682,0,0,5451,26660977643
304.375,3.28542,44.4586,0,79,66,44,2760,10501,5.13112,164,16.9682,0,0,5451,26664263379
247.485,4.04065,44.4586,0,79,66,44,2760,10501,5.13112,164,16.9682,0,0,5451,26668304400
508.859,1.96518,44.4586,0,79,66,44,2760,10501,5.13112,164,16.9682,0,0,5451,26670269870
404.267,2.47361,44.4586,0,79,66,44,2760,10501,5.13112,164,16.9682,0,0,5451,26672743915
347.321,2.87918,44.4586,0,79,66,44,2760,10501,5.13112,164,16.9682,0,0,5451,26675623348
345.255,2.89641,44.4586,0,79,66,44,2760,10501,5.13112,164,16.9682,0,0,5451,26678520090
388.32,2.57519,44.4586,0,79,66,44,2760,10501,5.13112,164,16.9682,0,0,5451,26681095754
395.113,2.53092,44.4586,0,79,66,44,2760,10501,5.13112,164,16.9682,0,0,5451,26683626887
383.738,2.60594,44.4586,0,79,66,44,2760,10501,5.13112,164,16.9682,0,0,5451,26686233177
295.615,3.38278,44.4586,0,79,66,44,2760,10501,5.13112,164,16.9682,0,0,5451,26689616128
462.733,2.16107,44.4586,0,79,66,44,2760,10501,5.13112,164,16.9682,0,0,5451,26691777518
283.649,3.52548,44.4586,0,79,66,44,2760,10501,5.13112,164,16.9682,0,0,5451,26695303512
426.107,2.34683,44.4586,0,79,66,44,2760,10501,5.13112,164,16.9682,0,0,5451,26697650514
446.435,2.23997,44.4586,0,79,66,44,2760,10501,5.13112,164,16.9682,0,0,5451,26699890782
306.215,3.26568,44.4586,0,79,66,44,2760,10501,5.13112,164,16.9682,0,0,5451,26703157084
464.689,2.15198,44.4586,0,79,66,44,2760,10501,5.13112,164,16.9682,0,0,5451,26705309368
368.986,2.71013,44.4586,0,79,66,44,2760,10501,5.13112,164,16.9682,0,0,5451,26708019748
370.502,2.69904,44.4586,0,79,66,44,2760,10501,5.13112,164,16.9682,0,0,5451,26710719108
359.491,2.78171,44.4586,0,79,66,44,2760,10501,5.13112,164,16.9682,0,0,5451,26713501106
368.083,2.71677,44.4586,0,79,66,44,2760,10501,5.13112,164,16.9682,0,0,5451,26716218293
376.93,2.65301,44.4586,0,79,66,44,2760,10501,5.13112,164,16.9682,0,0,5451,26718871556
303.646,3.29331,44.4586,0,79,66,44,2760,10501,5.13112,164,16.9682,0,0,5451,26722165196
263.147,3.80016,44.4586,0,79,66,44,2760,10501,5.13112,164,16.9682,0,0,5451,26725965862
584.693,1.7103,44.4586,0,79,66,44,2760,10501,5.13112,164,16.9682,0,0,5451,26727676458
438.752,2.27919,44.4586,0,79,66,44,2760,10501,5.13112,164,16.9682,0,0,5451,26729955958
371.348,2.69289,44.4586,0,79,66,44,2760,10501,5.13112,164,16.9682,0,0,5451,26732649328
307.817,3.24869,44.4586,0,79,66,44,2760,10501,5.13112,164,16.9682,0,0,5451,26735898091
524.906,1.9051,44.4586,0,79,66,44,2760,10501,5.13112,164,16.9682,0,0,5451,26737803684
248.225,4.0286,44.4586,0,79,66,44,2760,10501,5.13112,164,16.9682,0,0,5451,26741832522
381.35,2.62226,44.4586,0,79,66,44,2760,10501,5.13112,164,16.9682,0,0,5451,26744455187
542.488,1.84336,44.4586,0,79,66,44,2760,10501,5.13112,164,16.9682,0,0,5451,26746298788
322.572,3.10009,44.4586,0,79,66,44,2760,10501,5.13112,164,16.9682,0,0,5451,26749399440
434.939,2.29917,44.4586,0,79,66,44,2760,10501,5.13112,164,16.9682,0,0,5451,26751698845
403.743,2.47682,44.4586,0,79,66,44,2760,10501,5.13112,164,16.9682,0,0,5451,26754175967
361.574,2.76569,44.4586,0,79,66,44,2760,10501,5.13112,164,16.9682,0,0,5451,26756941964
384.973,2.59759,44.4586,0,79,66,44,2760,10501,5.13112,164,16.9682,0,0,5451,26759539782
355.687,2.81146,44.4586,0,79,66,44,2760,10501,5.13112,164,16.9682,0,0,5451,26762351598
309.133,3.23485,44.4586,0,79,66,44,2760,10501,5.13112,164,16.9682,0,0,5451,26765586928
567.679,1.76156,44.4586,0,79,66,44,2760,10501,5.13112,164,16.9682,0,0,5451,26767348651
341.063,2.93201,44.4586,0,79,66,44,2760,10501,5.13112,164,16.9682,0,0,5451,26770280990
373.443,2.67778,44.4586,0,79,66,44,2760,10501,5.13112,164,16.9682,0,0,5451,26772959100
277.866,3.59885,44.4586,0,79,66,44,2760,10501,5.13112,164,16.9682,0,0,5451,26776558298
449.149,2.22643,44.4586,0,79,66,44,2760,10501,5.13112,164,16.9682,0,0,5451,26778785094
350.306,2.85465,44.4586,0,79,66,44,2760,10501,5.13112,164,16.9682,0,0,5451,26781640210
497.924,2.00834,44.4586,0,79,66,44,2760,10501,5.13112,164,16.9682,0,0,5451,26783648739
427.737,2.33789,44.4586,0,79,66,44,2760,10501,5.13112,164,16.9682,0,0,5451,26785986894
196.719,5.0834,44.4586,0,79,66,44,2760,10501,5.13112,164,16.9682,0,0,5451,26791070604
340.405,2.93768,44.4586,0,79,66,44,2760,10501,5.13112,164,16.9682,0,0,5451,26794008713
1727.23,0.578962,44.4586,0,79,66,44,2760,10501,5.13112,164,16.9682,0,0,5451,26794587530
209.135,4.78159,44.4586,0,79,66,44,2760,10501,5.13112,164,16.9682,0,0,5451,26799369759
373.646,2.67633,44.4586,0,79,66,44,2760,10501,5.13112,164,16.9682,0,0,5451,26802046426
420.337,2.37904,44.4586,0,79,66,44,2760,10501,5.13112,164,16.9682,0,0,5451,26804425872
441.61,2.26444,44.4586,0,79,66,44,2760,10501,5.13112,164,16.9682,0,0,5451,26806690659
598.541,1.67073,44.4586,0,79,66,44,2760,10501,5.13112,164,16.9682,0,0,5451,26808361773
385.841,2.59174,44.4586,0,79,66,44,2760,10501,5.13112,164,16.9682,0,0,5451,26810953832
370.506,2.69901,44.4586,0,79,66,44,2760,10501,5.13112,164,16.9682,0,0,5451,26813653096
391.876,2.55183,44.4586,0,79,66,44,2760,10501,5.13112,164,16.9682,0,0,5451,26816205220
339.646,2.94424,44.4586,0,79,66,44,2760,10501,5.13112,164,16.9682,0,0,5451,26819149858
354.04,2.82454,44.4586,0,79,66,44,2760,10501,5.13112,164,16.9682,0,0,5451,26821974703
386.457,2.58761,44.4586,0,79,66,44,2760,10501,5.13112,164,16.9682,0,0,5451,26824562675
373.065,2.6805,44.4586,0,79,66,44,2760,10501,5.13112,164,16.9682,0,0,5451,26827243410
199.434,5.01418,44.4586,0,79,66,44,2760,10501,5.13112,164,16.9682,0,0,5451,26832257973
721.472,1.38606,44.4586,0,79,66,44,2760,10501,5.13112,164,16.9682,0,0,5451,26833644279
627.634,1.59328,44.4586,0,79,66,44,2760,10501,5.13112,164,16.9682,0,0,5451,26835237939
323.34,3.09272,44.4586,0,79,66,44,2760,10501,5.13112,164,16.9682,0,0,5451,26838331139
375.95,2.65993,44.4586,0,79,66,44,2760,10501,5.13112,164,16.9682,0,0,5451,26840991190
314.151,3.18318,44.4586,0,79,66,44,2760,10501,5.13112,164,16.9682,0,0,5451,26844174971
545.83,1.83207,44.4586,0,79,66,44,2760,10501,5.13112,164,16.9682,0,0,5451,26846007090
213.229,4.6898,44.4586,0,79,66,44,2760,10501,5.13112,164,16.9682,0,0,5451,26850697325
1043.64,0.958186,44.4586,0,79,66,44,2760,10501,5.13112,164,16.9682,0,0,5451,26851655800
377.41,2.64964,44.4586,0,79,66,44,2760,10501,5.13112,164,16.9682,0,0,5451,26854305697
192.693,5.18961,44.4586,0,79,66,44,2760,10501,5.13112,164,16.9682,0,0,5451,26859495650
375.57,2.66262,44.4586,0,79,66,44,2760,10501,5.13112,164,16.9682,0,0,5451,26862158769
726.415,1.37662,44.4586,0,79,66,44,2760,10501,5.13112,164,16.9682,0,0,5451,26863535546
407.266,2.4554,44.4586,0,79,66,44,2760,10501,5.13112,164,16.9682,0,0,5451,26865991350
522.504,1.91386,44.4586,0,79,66,44,2760,10501,5.13112,164,16.9682,0,0,5451,26867905607
279.778,3.57426,44.4586,0,79,66,44,2760,10501,5.13112,164,16.9682,0,0,5451,26871480131
532.3,1.87864,44.4586,0,79,66,44,2760,10501,5.13112,164,16.9682,0,0,5451,26873359012
378.597,2.64133,44.4586,0,79,66,44,2760,10501,5.13112,164,16.9682,0,0,5451,26876000639
279.549,3.57719,44.4586,0,79,66,44,2760,10501,5.13112,164,16.9682,0,0,5451,26879578231
503.432,1.98636,44.4586,0,79,66,44,2760,10501,5.13112,164,16.9682,0,0,5451,26881564894
181.208,5.51852,44.4586,0,79,66,44,2760,10501,5.13112,164,16.9682,0,0,5451,26887083888
497.244,2.01109,44.4586,0,79,66,44,2760,10501,5.13112,164,16.9682,0,0,5451,26889095282
733.377,1.36356,44.4586,0,79,66,44,2760,10501,5.13112,164,16.9682,0,0,5451,26890459050
635.983,1.57237,44.4586,0,79,66,44,2760,10501,5.13112,164,16.9682,0,0,5451,26892031785
239.604,4.17355,44.4586,0,79,66,44,2760,10501,5.13112,164,16.9682,0,0,5451,26896205762
472.832,2.11492,44.4586,0,79,66,44,2760,10501,5.13112,164,16.9682,0,0,5451,26898320843
365.492,2.73604,44.4586,0,79,66,44,2760,10501,5.13112,164,16.9682,0,0,5451,26901057311
505.648,1.97766,44.4586,0,79,66,44,2760,10501,5.13112,164,16.9682,0,0,5451,26903035195
292.386,3.42014,44.4586,0,79,66,44,2760,10501,5.13112,164,16.9682,0,0,5451,26906455666
437.488,2.28578,44.4586,0,79,66,44,2760,10501,5.13112,164,16.9682,0,0,5451,26908741752
235.66,4.24339,44.4586,0,79,66,44,2760,10501,5.13112,164,16.9682,0,0,5451,26912985616
621.453,1.60913,44.4586,0,79,66,44,2760,10501,5.13112,164,16.9682,0,0,5451,26914595017
370.743,2.69728,44.4586,0,79,66,44,2760,10501,5.13112,164,16.9682,0,0,5451,26917292627
496.837,2.01273,44.4586,0,79,66,44,2760,10501,5.13112,164,16.9682,0,0,5451,26919305820
280.664,3.56298,44.4586,0,79,66,44,2760,10501,5.13112,164,16.9682,0,0,5451,26922869065
509.647,1.96214,44.4586,0,79,66,44,2760,10501,5.13112,164,16.9682,0,0,5451,26924831564
322.755,3.09833,44.4586,0,79,66,44,2760,10501,5.13112,164,16.9682,0,0,5451,26927930485
475.615,2.10254,44.4586,0,79,66,44,2760,10501,5.13112,164,16.9682,0,0,5451,26930033229
399.515,2.50304,44.4586,0,79,66,44,2760,10501,5.13112,164,16.9682,0,0,5451,26932536785
327.62,3.05231,44.4586,0,79,66,44,2760,10501,5.13112,164,16.9682,0,0,5451,26935589359
274.911,3.63754,44.4586,0,79,66,44,2760,10501,5.13112,164,16.9682,0,0,5451,26939227203
543.167,1.84105,44.4586,0,79,66,44,2760,10501,5.13112,164,16.9682,0,0,5451,26941068544
371.392,2.69257,44.4586,0,79,66,44,2760,10501,5.13112,164,16.9682,0,0,5451,26943761336
385.415,2.59461,44.4586,0,79,66,44,2760,10501,5.13112,164,16.9682,0,0,5451,26946356491
453.215,2.20646,44.4586,0,79,66,44,2760,10501,5.13112,164,16.9682,0,0,5451,26948563267
193.874,5.158,44.4586,0,79,66,44,2760,10501,5.13112,164,16.9682,0,0,5451,26953721749
313.767,3.18708,44.4586,0,79,66,44,2760,10501,5.13112,164,16.9682,0,0,5451,26956909020
1877.29,0.532682,44.4586,0,79,66,44,2760,10501,5.13112,164,16.9682,0,0,5451,26957441740
351.163,2.84768,44.4586,0,79,66,44,2760,10501,5.13112,164,16.9682,0,0,5451,26960289807
501.529,1.9939,44.4586,0,79,66,44,2760,10501,5.13112,164,16.9682,0,0,5451,26962284066
131.211,7.62129,44.4586,0,79,66,44,2760,10501,5.13112,164,16.9682,0,0,5451,26969906467
618.901,1.61577,44.4586,0,79,66,44,2760,10501,5.13112,164,16.9682,0,0,5451,26971522791
261.745,3.82051,44.4586,0,79,66,44,2760,10501,5.13112,164,16.9682,0,0,5451,26975353237
194.007,5.15444,44.4586,0,79,66,44,2760,10501,5.13112,164,16.9682,0,0,5451,26980499103
271.391,3.68472,44.4586,0,79,66,44,2760,10501,5.13112,164,16.9682,0,0,5451,26984184227
274.482,3.64323,44.4586,0,79,66,44,2760,10501,5.13112,164,16.9682,0,0,5451,26987827898
449.149,2.22643,44.4586,0,79,66,44,2760,10501,5.13112,164,16.9682,0,0,5451,26990054867
111.142,8.99751,44.4586,0,79,66,44,2760,10501,5.13112,164,16.9682,0,0,5451,26999053132
123.314,8.10935,44.4586,0,79,66,44,2760,10501,5.13112,164,16.9682,0,0,5451,27007163098
2121.47,0.471372,44.4586,0,79,66,44,2760,10501,5.13112,164,16.9682,0,0,5451,27007634191
268.286,3.72737,44.4586,0,79,66,44,2760,10501,5.13112,164,16.9682,0,0,5451,27011361932
792.855,1.26126,44.4586,0,79,66,44,2760,10501,5.13112,164,16.9682,0,0,5451,27012623397
294.785,3.3923,44.4586,0,79,66,44,2760,10501,5.13112,164,16.9682,0,0,5451,27016016060
459.645,2.17559,44.4586,0,79,66,44,2760,10501,5.13112,164,16.9682,0,0,5451,27018192027
150.103,6.66211,44.4586,0,79,66,44,2760,10501,5.13112,164,16.9682,0,0,5451,27024854790
270.36,3.69877,44.4586,0,79,66,44,2760,10501,5.13112,164,16.9682,0,0,5451,27028554155
467.335,2.13979,44.4586,0,79,66,44,2760,10501,5.13112,164,16.9682,0,0,5451,27030694420
197.37,5.06663,44.4586,0,79,66,44,2760,10501,5.13112,164,16.9682,0,0,5451,27035761725
412.793,2.42252,44.4586,0,79,66,44,2760,10501,5.13112,164,16.9682,0,0,5451,27038184816
596.231,1.6772,44.4586,0,79,66,44,2760,10501,5.13112,164,16.9682,0,0,5451,27039862382
487.589,2.05091,44.4586,0,79,66,44,2760,10501,5.13112,164,16.9682,0,0,5451,27041913682
442.785,2.25843,44.4586,0,79,66,44,2760,10501,5.13112,164,16.9682,0,0,5451,27044172480
242.208,4.12869,44.4586,0,79,66,44,2760,10501,5.13112,164,16.9682,0,0,5451,27048301436
577.771,1.73079,44.4586,0,79,66,44,2760,10501,5.13112,164,16.9682,0,0,5451,27050032639
515.398,1.94025,44.4586,0,79,66,44,2760,10501,5.13112,164,16.9682,0,0,5451,27051973012
278.343,3.59269,44.4586,0,79,66,44,2760,10501,5.13112,164,16.9682,0,0,5451,27055566392
342.778,2.91734,44.4586,0,79,66,44,2760,10501,5.13112,164,16.9682,0,0,5451,27058483981
360.181,2.77638,44.4586,0,79,66,44,2760,10501,5.13112,164,16.9682,0,0,5451,27061260642
283.309,3.52972,44.4586,0,79,66,44,2760,10501,5.13112,164,16.9682,0,0,5451,27064790857
271.054,3.68931,44.4586,0,79,66,44,2760,10501,5.13112,164,16.9682,0,0,5451,27068480366
473.801,2.11059,44.4586,0,79,66,44,2760,10501,5.13112,164,16.9682,0,0,5451,27070591447
413.162,2.42036,44.4586,0,79,66,44,2760,10501,5.13112,164,16.9682,0,0,5451,27073012115
220.576,4.53359,44.4586,0,79,66,44,2760,10501,5.13112,164,16.9682,0,0,5451,27077546095
551.425,1.81348,44.4586,0,79,66,44,2760,10501,5.13112,164,16.9682,0,0,5451,27079359886
290.271,3.44506,44.4586,0,79,66,44,2760,10501,5.13112,164,16.9682,0,0,5451,27082805406
2054.9,0.486641,44.4586,0,79,66,44,2760,10501,5.13112,164,16.9682,0,0,5451,27083292288
439.056,2.27762,44.4586,0,79,66,44,2760,10501,5.13112,164,16.9682,0,0,5451,27085570375
201.448,4.96406,44.4586,0,79,66,44,2760,10501,5.13112,164,16.9682,0,0,5451,27090534715
1029.02,0.971802,44.4586,0,79,66,44,2760,10501,5.13112,164,16.9682,0,0,5451,27091506661
254.795,3.92472,44.4586,0,79,66,44,2760,10501,5.13112,164,16.9682,0,0,5451,27095431890
1233.37,0.810787,44.4586,0,79,66,44,2760,10501,5.13112,164,16.9682,0,0,5451,27096242936
187.956,5.32038,44.4586,0,79,66,44,2760,10501,5.13112,164,16.9682,0,0,5451,27101563817
636.446,1.57123,44.4586,0,79,66,44,2760,10501,5.13112,164,16.9682,0,0,5451,27103135226
428.961,2.33121,44.4586,0,79,66,44,2760,10501,5.13112,164,16.9682,0,0,5451,27105466766
444.96,2.24739,44.4586,0,79,66,44,2760,10501,5.13112,164,16.9682,0,0,5451,27107714438
387.647,2.57966,44.4586,0,79,66,44,2760,10501,5.13112,164,16.9682,0,0,5451,27110294438
340.496,2.93689,44.4586,0,79,66,44,2760,10501,5.13112,164,16.9682,0,0,5451,27113231624
355.599,2.81215,44.4586,0,79,66,44,2760,10501,5.13112,164,16.9682,0,0,5451,27116045863
449.96,2.22242,48.8342,0,81,66,44,2760,10501,5.12994,164,16.9733,0,0,5432,27118266832
237.15,4.21674,48.8342,0,81,66,44,2760,10501,5.12994,164,16.9733,0,0,5432,27122483955
314.405,3.18061,48.8342,0,81,66,44,2760,10501,5.12994,164,16.9733,0,0,5432,27125664908
216.395,4.62118,48.8342,0,81,66,44,2760,10501,5.12994,164,16.9733,0,0,5432,27130286353
551.785,1.8123,48.8342,0,81,66,44,2760,10501,5.12994,164,16.9733,0,0,5432,27132099058
461.067,2.16888,48.8342,0,81,66,44,2760,10501,5.12994,164,16.9733,0,0,5432,27134268266
349.103,2.86448,48.8342,0,81,66,44,2760,10501,5.12994,164,16.9733,0,0,5432,27137132997
344.717,2.90093,48.8342,0,81,66,44,2760,10501,5.12994,164,16.9733,0,0,5432,27140034258
433.697,2.30576,48.8342,0,81,66,44,2760,10501,5.12994,164,16.9733,0,0,5432,27142340432
407.058,2.45665,48.8342,0,81,66,44,2760,10501,5.12994,164,16.9733,0,0,5432,27144797342
341.204,2.9308,48.8342,0,81,66,44,2760,10501,5.12994,164,16.9733,0,0,5432,27147728479
350,2.85715,48.8342,0,81,66,44,2760,10501,5.12994,164,16.9733,0,0,5432,27150585960
333.145,3.0017,48.8342,0,81,66,44,2760,10501,5.12994,164,16.9733,0,0,5432,27153587974
169.274,5.90758,48.8342,0,81,66,44,2760,10501,5.12994,164,16.9733,0,0,5432,27159495991
297.54,3.36089,48.8342,0,81,66,44,2760,10501,5.12994,164,16.9733,0,0,5432,27162857373
460.602,2.17107,48.8342,0,81,66,44,2760,10501,5.12994,164,16.9733,0,0,5432,27165028821
311.946,3.20568,48.8342,0,81,66,44,2760,10501,5.12994,164,16.9733,0,0,5432,27168235026
830.146,1.20461,48.8342,0,81,66,44,2760,10501,5.12994,164,16.9733,0,0,5432,27169439749
197.186,5.07136,48.8342,0,81,66,44,2760,10501,5.12994,164,16.9733,0,0,5432,27174511718
1177.02,0.849605,48.8342,0,81,66,44,2760,10501,5.12994,164,16.9733,0,0,5432,27175361458
536.244,1.86482,48.8342,0,81,66,44,2760,10501,5.12994,164,16.9733,0,0,5432,27177226588
207.284,4.82429,48.8342,0,81,66,44,2760,10501,5.12994,164,16.9733,0,0,5432,27182051318
293.175,3.41093,48.8342,0,81,66,44,2760,10501,5.12994,164,16.9733,0,0,5432,27185462568
888.297,1.12575,48.8342,0,81,66,44,2760,10501,5.12994,164,16.9733,0,0,5432,27186588654
240.549,4.15715,48.8342,0,81,66,44,2760,10501,5.12994,164,16.9733,0,0,5432,27190746342
530.232,1.88597,48.8342,0,81,66,44,2760,10501,5.12994,164,16.9733,0,0,5432,27192632636
261.033,3.83093,48.8342,0,81,66,44,2760,10501,5.12994,164,16.9733,0,0,5432,27196463833
632.813,1.58025,48.8342,0,81,66,44,2760,10501,5.12994,164,16.9733,0,0,5432,27198044549
477.309,2.09508,48.8342,0,81,66,44,2760,10501,5.12994,164,16.9733,0,0,5432,27200139995
527.638,1.89524,48.8342,0,81,66,44,2760,10501,5.12994,164,16.9733,0,0,5432,27202035405
294.105,3.40014,48.8342,0,81,66,44,2760,10501,5.12994,164,16.9733,0,0,5432,27205435895
245.72,4.06968,48.8342,0,81,66,44,2760,10501,5.12994,164,16.9733,0,0,5432,27209505868
685.107,1.45963,48.8342,0,81,66,44,2760,10501,5.12994,164,16.9733,0,0,5432,27210965802
338.33,2.9557,48.8342,0,81,66,44,2760,10501,5.12994,164,16.9733,0,0,5432,27213921950
204.951,4.87921,48.8342,0,81,66,44,2760,10501,5.12994,164,16.9733,0,0,5432,27218801364
538.023,1.85866,48.8342,0,81,66,44,2760,10501,5.12994,164,16.9733,0,0,5432,27220660321
365.77,2.73396,48.8342,0,81,66,44,2760,10501,5.12994,164,16.9733,0,0,5432,27223394769
465.486,2.14829,48.8342,0,81,66,44,2760,10501,5.12994,164,16.9733,0,0,5432,27225543245
437.83,2.28399,48.8342,0,81,66,44,2760,10501,5.12994,164,16.9733,0,0,5432,27227827582
265.278,3.76963,48.8342,0,81,66,44,2760,10501,5.12994,164,16.9733,0,0,5432,27231597824
469.324,2.13073,48.8342,0,81,66,44,2760,10501,5.12994,164,16.9733,0,0,5432,27233728838
161.998,6.1729,48.8342,0,81,66,44,2760,10501,5.12994,164,16.9733,0,0,5432,27239902220
2169.4,0.460958,48.8342,0,81,66,44,2760,10501,5.12994,164,16.9733,0,0,5432,27240363370
297.281,3.36383,48.8342,0,81,66,44,2760,10501,5.12994,164,16.9733,0,0,5432,27243727396
896.321,1.11567,48.8342,0,81,66,44,2760,10501,5.12994,164,16.9733,0,0,5432,27244843280
298.762,3.34714,48.8342,0,81,66,44,2760,10501,5.12994,164,16.9733,0,0,5432,27248190845
486.656,2.05484,48.8342,0,81,66,44,2760,10501,5.12994,164,16.9733,0,0,5432,27250246116
227.137,4.40263,48.8342,0,81,66,44,2760,10501,5.12994,164,16.9733,0,0,5432,27254649149
570.817,1.75188,48.8342,0,81,66,44,2760,10501,5.12994,164,16.9733,0,0,5432,27256401227
233.809,4.27699,48.8342,0,81,66,44,2760,10501,5.12994,164,16.9733,0,0,5432,27260678612
906.145,1.10358,48.8342,0,81,66,44,2760,10501,5.12994,164,16.9733,0,0,5432,27261782207
219.836,4.54884,48.8342,0,81,66,44,2760,10501,5.12994,164,16.9733,0,0,5432,27266331610
546.731,1.82905,48.8342,0,81,66,44,2760,10501,5.12994,164,16.9733,0,0,5432,27268160893
964.941,1.03633,48.8342,0,81,66,44,2760,10501,5.12994,164,16.9733,0,0,5432,27269197543
233.691,4.27915,48.8342,0,81,66,44,2760,10501,5.12994,164,16.9733,0,0,5432,27273477072
241.504,4.14072,48.8342,0,81,66,44,2760,10501,5.12994,164,16.9733,0,0,5432,27277618192
497.989,2.00808,48.8342,0,81,66,44,2760,10501,5.12994,164,16.9733,0,0,5432,27279626491
507.085,1.97206,48.8342,0,81,66,44,2760,10501,5.12994,164,16.9733,0,0,5432,27281599067
490.461,2.0389,48.8342,0,81,66,44,2760,10501,5.12994,164,16.9733,0,0,5432,27283638376
296.58,3.37177,48.8342,0,81,66,44,2760,10501,5.12994,164,16.9733,0,0,5432,27287010355
529.398,1.88894,48.8342,0,81,66,44,2760,10501,5.12994,164,16.9733,0,0,5432,27288899582
191.161,5.2312,48.8342,0,81,66,44,2760,10501,5.12994,164,16.9733,0,0,5432,27294131085
542.813,1.84225,48.8342,0,81,66,44,2760,10501,5.12994,164,16.9733,0,0,5432,27295973657
390.83,2.55865,48.8342,0,81,66,44,2760,10501,5.12994,164,16.9733,0,0,5432,27298532772
356.794,2.80274,48.8342,0,81,66,44,2760,10501,5.12994,164,16.9733,0,0,5432,27301335742
380.832,2.62583,48.8342,0,81,66,44,2760,10501,5.12994,164,16.9733,0,0,5432,27303961869
375.096,2.66598,48.8342,0,81,66,44,2760,10501,5.12994,164,16.9733,0,0,5432,27306628353
206.105,4.85188,48.8342,0,81,66,44,2760,10501,5.12994,164,16.9733,0,0,5432,27311480603
2217.64,0.450929,48.8342,0,81,66,44,2760,10501,5.12994,164,16.9733,0,0,5432,27311931772
299.039,3.34404,48.8342,0,81,66,44,2760,10501,5.12994,164,16.9733,0,0,5432,27315276125
244.509,4.08983,48.8342,0,81,66,44,2760,10501,5.12994,164,16.9733,0,0,5432,27319366445
308.042,3.24631,48.8342,0,81,66,44,2760,10501,5.12994,164,16.9733,0,0,5432,27322613084
996.737,1.00327,48.8342,0,81,66,44,2760,10501,5.12994,164,16.9733,0,0,5432,27323616637
460.906,2.16964,48.8342,0,81,66,44,2760,10501,5.12994,164,16.9733,0,0,5432,27325786739
233.712,4.27877,48.8342,0,81,66,44,2760,10501,5.12994,164,16.9733,0,0,5432,27330066219
151.258,6.61124,48.8342,0,81,66,44,2760,10501,5.12994,164,16.9733,0,0,5432,27336677856
184.198,5.42894,48.8342,0,81,66,44,2760,10501,5.12994,164,16.9733,0,0,5432,27342107048
537.444,1.86066,48.8342,0,81,66,44,2760,10501,5.12994,164,16.9733,0,0,5432,27343967909
303.042,3.29987,48.8342,0,81,66,44,2760,10501,5.12994,164,16.9733,0,0,5432,27347268261
575.648,1.73717,48.8342,0,81,66,44,2760,10501,5.12994,164,16.9733,0,0,5432,27349005742
410.677,2.435,48.8342,0,81,66,44,2760,10501,5.12994,164,16.9733,0,0,5432,27351441026
324.693,3.07983,48.8342,0,81,66,44,2760,10501,5.12994,164,16.9733,0,0,5432,27354521159
340.158,2.93981,48.8342,0,81,66,44,2760,10501,5.12994,164,16.9733,0,0,5432,27357461277
465.605,2.14774,48.8342,0,81,66,44,2760,10501,5.12994,164,16.9733,0,0,5432,27359609273
330.534,3.02541,48.8342,0,81,66,44,2760,10501,5.12994,164,16.9733,0,0,5432,27362635028
431.006,2.32015,48.8342,0,81,66,44,2760,10501,5.12994,164,16.9733,0,0,5432,27364955405
370.039,2.70242,48.8342,0,81,66,44,2760,10501,5.12994,164,16.9733,0,0,5432,27367658159
369.855,2.70376,48.8342,0,81,66,44,2760,10501,5.12994,164,16.9733,0,0,5432,27370362241
229.529,4.35674,48.8342,0,81,66,44,2760,10501,5.12994,164,16.9733,0,0,5432,27374719541
281.031,3.55832,48.8342,0,81,66,44,2760,10501,5.12994,164,16.9733,0,0,5432,27378277998
470.075,2.12732,48.8342,0,81,66,44,2760,10501,5.12994,164,16.9733,0,0,5432,27380467908
654.424,1.52806,48.8342,0,81,66,44,2760,10501,5.12994,164,16.9733,0,0,5432,27381996229
260.01,3.846,48.8342,0,81,66,44,2760,10501,5.12994,164,16.9733,0,0,5432,27385842791
595.498,1.67927,48.8342,0,81,66,44,2760,10501,5.12994,164,16.9733,0,0,5432,27387522165
496.669,2.01341,48.8342,0,81,66,44,2760,10501,5.12994,164,16.9733,0,0,5432,27389535897
359.394,2.78246,48.8342,0,81,66,44,2760,10501,5.12994,164,16.9733,0,0,5432,27392318635
300.961,3.32269,48.8342,0,81,66,44,2760,10501,5.12994,164,16.9733,0,0,5432,27395641660
398.695,2.50818,48.8342,0,81,66,44,2760,10501,5.12994,164,16.9733,0,0,5432,27398150110
262.867,3.8042,48.8342,0,81,66,44,2760,10501,5.12994,164,16.9733,0,0,5432,27401954834
265.526,3.76611,48.8342,0,81,66,44,2760,10501,5.12994,164,16.9733,0,0,5432,27405721317
1498.01,0.667552,48.8342,0,81,66,44,2760,10501,5.12994,164,16.9733,0,0,5432,27406389051
442.168,2.26159,48.8342,0,81,66,44,2760,10501,5.12994,164,16.9733,0,0,5432,27408650935
348.311,2.871,48.8342,0,81,66,44,2760,10501,5.12994,164,16.9733,0,0,5432,27411522426
400.972,2.49394,48.8342,0,81,66,44,2760,10501,5.12994,164,16.9733,0,0,5432,27414016520
349.767,2.85905,48.8342,0,81,66,44,2760,10501,5.12994,164,16.9733,0,0,5432,27416875827
348.949,2.86575,48.8342,0,81,66,44,2760,10501,5.12994,164,16.9733,0,0,5432,27419742107
415.171,2.40865,48.8342,0,81,66,44,2760,10501,5.12994,164,16.9733,0,0,5432,27422151015
384.216,2.6027,48.8342,0,81,66,44,2760,10501,5.12994,164,16.9733,0,0,5432,27424754208
208.794,4.78941,48.8342,0,81,66,44,2760,10501,5.12994,164,16.9733,0,0,5432,27429544004
275.873,3.62485,48.8342,0,81,66,44,2760,10501,5.12994,164,16.9733,0,0,5432,27433169059
701.651,1.42521,48.8342,0,81,66,44,2760,10501,5.12994,164,16.9733,0,0,5432,27434594588
727.778,1.37405,48.8342,0,81,66,44,2760,10501,5.12994,164,16.9733,0,0,5432,27435969000
360.063,2.7773,48.8342,0,81,66,44,2760,10501,5.12994,164,16.9733,0,0,5432,27438746632
235.373,4.24858,48.8342,0,81,66,44,2760,10501,5.12994,164,16.9733,0,0,5432,27443010199
645.384,1.54947,48.8342,0,81,66,44,2760,10501,5.12994,164,16.9733,0,0,5432,27444545471
440.588,2.26969,48.8342,0,81,66,44,2760,10501,5.12994,164,16.9733,0,0,5432,27446815423
465.972,2.14605,48.8342,0,81,66,44,2760,10501,5.12994,164,16.9733,0,0,5432,27448961793
271.133,3.68822,48.8342,0,81,66,44,2760,10501,5.12994,164,16.9733,0,0,5432,27452650456
242.095,4.13061,48.8342,0,81,66,44,2760,10501,5.12994,164,16.9733,0,0,5432,27456781326
465.469,2.14837,48.8342,0,81,66,44,2760,10501,5.12994,164,16.9733,0,0,5432,27458930148
643.531,1.55393,48.8342,0,81,66,44,2760,10501,5.12994,164,16.9733,0,0,5432,27460484287
273.905,3.6509,48.8342,0,81,66,44,2760,10501,5.12994,164,16.9733,0,0,5432,27464135651
1483.5,0.674081,48.8342,0,81,66,44,2760,10501,5.12994,164,16.9733,0,0,5432,27464810087
343.792,2.90873,48.8342,0,81,66,44,2760,10501,5.12994,164,16.9733,0,0,5432,27467718954
360.569,2.77339,48.8342,0,81,66,44,2760,10501,5.12994,164,16.9733,0,0,5432,27470492682
367.802,2.71885,48.8342,0,81,66,44,2760,10501,5.12994,164,16.9733,0,0,5432,27473211812
326.321,3.06447,48.8342,0,81,66,44,2760,10501,5.12994,164,16.9733,0,0,5432,27476276656
362.069,2.7619,48.8342,0,81,66,44,2760,10501,5.12994,164,16.9733,0,0,5432,27479038884
277.129,3.60843,48.8342,0,81,66,44,2760,10501,5.12994,164,16.9733,0,0,5432,27482647784
587.963,1.70079,48.8342,0,81,66,44,2760,10501,5.12994,164,16.9733,0,0,5432,27484348793
420.142,2.38015,48.8342,0,81,66,44,2760,10501,5.12994,164,16.9733,0,0,5432,27486729181
358.408,2.79011,48.8342,0,81,66,44,2760,10501,5.12994,164,16.9733,0,0,5432,27489519622
338.724,2.95225,48.8342,0,81,66,44,2760,10501,5.12994,164,16.9733,0,0,5432,27492472327
420.005,2.38093,48.8342,0,81,66,44,2760,10501,5.12994,164,16.9733,0,0,5432,27494853494
270.858,3.69197,48.8342,0,81,66,44,2760,10501,5.12994,164,16.9733,0,0,5432,27498545791
551.899,1.81193,48.8342,0,81,66,44,2760,10501,5.12994,164,16.9733,0,0,5432,27500358218
381.177,2.62345,48.8342,0,81,66,44,2760,10501,5.12994,164,16.9733,0,0,5432,27502981854
372.839,2.68212,48.8342,0,81,66,44,2760,10501,5.12994,164,16.9733,0,0,5432,27505664329
173.553,5.76194,48.8342,0,81,66,44,2760,10501,5.12994,164,16.9733,0,0,5432,27511426658
1588.48,0.629531,48.8342,0,81,66,44,2760,10501,5.12994,164,16.9733,0,0,5432,27512056208
360.347,2.7751,48.8342,0,81,66,44,2760,10501,5.12994,164,16.9733,0,0,5432,27514831888
483.88,2.06663,48.8342,0,81,66,44,2760,10501,5.12994,164,16.9733,0,0,5432,27516898852
409.04,2.44475,48.8342,0,81,66,44,2760,10501,5.12994,164,16.9733,0,0,5432,27519343771
346.504,2.88597,48.8342,0,81,66,44,2760,10501,5.12994,164,16.9733,0,0,5432,27522230234
209.574,4.77159,48.8342,0,81,66,44,2760,10501,5.12994,164,16.9733,0,0,5432,27527002029
527.424,1.89601,48.8342,0,81,66,44,2760,10501,5.12994,164,16.9733,0,0,5432,27528898343
461.862,2.16515,48.8342,0,81,66,44,2760,10501,5.12994,164,16.9733,0,0,5432,27531063791
407.717,2.45268,48.8342,0,81,66,44,2760,10501,5.12994,164,16.9733,0,0,5432,27533516960
327.063,3.05752,48.8342,0,81,66,44,2760,10501,5.12994,164,16.9733,0,0,5432,27536574669
544.704,1.83586,48.8342,0,81,66,44,2760,10501,5.12994,164,16.9733,0,0,5432,27538411010
302.005,3.31121,48.8342,0,81,66,44,2760,10501,5.12994,164,16.9733,0,0,5432,27541722448
401.986,2.48765,48.8342,0,81,66,44,2760,10501,5.12994,164,16.9733,0,0,5432,27544210426
405.53,2.46591,48.8342,0,81,66,44,2760,10501,5.12994,164,16.9733,0,0,5432,27546676692
385.06,2.597,48.8342,0,81,66,44,2760,10501,5.12994,164,16.9733,0,0,5432,27549274241
337.498,2.96298,48.8342,0,81,66,44,2760,10501,5.12994,164,16.9733,0,0,5432,27552237235
407.125,2.45625,48.8342,0,81,66,44,2760,10501,5.12994,164,16.9733,0,0,5432,27554693972
345.467,2.89464,48.8342,0,81,66,44,2760,10501,5.12994,164,16.9733,0,0,5432,27557588896
345.336,2.89573,48.8342,0,81,66,44,2760,10501,5.12994,164,16.9733,0,0,5432,27560484926
343.403,2.91203,48.8342,0,81,66,44,2760,10501,5.12994,164,16.9733,0,0,5432,27563397265
363.381,2.75193,48.8342,0,81,66,44,2760,10501,5.12994,164,16.9733,0,0,5432,27566149569
400.484,2.49698,48.8342,0,81,66,44,2760,10501,5.12994,164,16.9733,0,0,5432,27568647077
340.832,2.93399,48.8342,0,81,66,44,2760,10501,5.12994,164,16.9733,0,0,5432,27571581166
485.393,2.06018,48.8342,0,81,66,44,2760,10501,5.12994,164,16.9733,0,0,5432,27573641649
293.907,3.40243,48.8342,0,81,66,44,2760,10501,5.12994,164,16.9733,0,0,5432,27577044417
567.403,1.76242,48.8342,0,81,66,44,2760,10501,5.12994,164,16.9733,0,0,5432,27578807294
362.368,2.75962,48.8342,0,81,66,44,2760,10501,5.12994,164,16.9733,0,0,5432,27581567262
228.97,4.36739,48.8342,0,81,66,44,2760,10501,5.12994,164,16.9733,0,0,5432,27585935024
687.212,1.45516,48.8342,0,81,66,44,2760,10501,5.12994,164,16.9733,0,0,5432,27587390420
229.407,4.35907,48.8342,0,81,66,44,2760,10501,5.12994,164,16.9733,0,0,5432,27591749769
358.955,2.78586,48.8342,0,81,66,44,2760,10501,5.12994,164,16.9733,0,0,5432,27594535949
591.915,1.68943,48.8342,0,81,66,44,2760,10501,5.12994,164,16.9733,0,0,5432,27596225708
534.524,1.87082,48.8342,0,81,66,44,2760,10501,5.12994,164,16.9733,0,0,5432,27598096780
370.227,2.70104,48.8342,0,81,66,44,2760,10501,5.12994,164,16.9733,0,0,5432,27600798208
374.758,2.66839,48.8342,0,81,66,44,2760,10501,5.12994,164,16.9733,0,0,5432,27603466846
314.31,3.18157,48.8342,0,81,66,44,2760,10501,5.12994,164,16.9733,0,0,5432,27606648924
533.351,1.87494,48.8342,0,81,66,44,2760,10501,5.12994,164,16.9733,0,0,5432,27608524190
334.827,2.98662,48.8342,0,81,66,44,2760,10501,5.12994,164,16.9733,0,0,5432,27611511002
398.492,2.50946,48.8342,0,81,66,44,2760,10501,5.12994,164,16.9733,0,0,5432,27614020740
270.473,3.69722,48.8342,0,81,66,44,2760,10501,5.12994,164,16.9733,0,0,5432,27617720826
598.834,1.66991,46.735,0,86,66,44,2760,10501,5.13385,164,16.9779,0,0,5451,27619388604
401.306,2.49186,46.735,0,86,66,44,2760,10501,5.13385,164,16.9779,0,0,5451,27621880861
381.996,2.61783,46.735,0,86,66,44,2760,10501,5.13385,164,16.9779,0,0,5451,27624499016
189.756,5.26994,46.735,0,86,66,44,2760,10501,5.13385,164,16.9779,0,0,5451,27629769280
1699.76,0.588318,46.735,0,86,66,44,2760,10501,5.13385,164,16.9779,0,0,5451,27630357964
370.935,2.69589,46.735,0,86,66,44,2760,10501,5.13385,164,16.9779,0,0,5451,27633054103
283.334,3.5294,46.735,0,86,66,44,2760,10501,5.13385,164,16.9779,0,0,5451,27636583818
561.512,1.78091,46.735,0,86,66,44,2760,10501,5.13385,164,16.9779,0,0,5451,27638365137
385.501,2.59403,46.735,0,86,66,44,2760,10501,5.13385,164,16.9779,0,0,5451,27640959533
255.253,3.91769,46.735,0,86,66,44,2760,10501,5.13385,164,16.9779,0,0,5451,27644877482
633.372,1.57885,46.735,0,86,66,44,2760,10501,5.13385,164,16.9779,0,0,5451,27646456814
329.117,3.03843,46.735,0,86,66,44,2760,10501,5.13385,164,16.9779,0,0,5451,27649495464
519.852,1.92362,46.735,0,86,66,44,2760,10501,5.13385,164,16.9779,0,0,5451,27651419558
343.896,2.90786,46.735,0,86,66,44,2760,10501,5.13385,164,16.9779,0,0,5451,27654327647
318.313,3.14156,46.735,0,86,66,44,2760,10501,5.13385,164,16.9779,0,0,5451,27657469502
384.617,2.59999,46.735,0,86,66,44,2760,10501,5.13385,164,16.9779,0,0,5451,27660069984
398.856,2.50717,46.735,0,86,66,44,2760,10501,5.13385,164,16.9779,0,0,5451,27662577521
306.479,3.26287,46.735,0,86,66,44,2760,10501,5.13385,164,16.9779,0,0,5451,27665840583
443.414,2.25523,46.735,0,86,66,44,2760,10501,5.13385,164,16.9779,0,0,5451,27668096082
267.997,3.73138,46.735,0,86,66,44,2760,10501,5.13385,164,16.9779,0,0,5451,27671827832
474.983,2.10534,46.735,0,86,66,44,2760,10501,5.13385,164,16.9779,0,0,5451,27673933519
435.629,2.29553,46.735,0,86,66,44,2760,10501,5.13385,164,16.9779,0,0,5451,27676229385
352.989,2.83295,46.735,0,86,66,44,2760,10501,5.13385,164,16.9779,0,0,5451,27679062682
339.422,2.94619,46.735,0,86,66,44,2760,10501,5.13385,164,16.9779,0,0,5451,27682009252
399.743,2.5016,46.735,0,86,66,44,2760,10501,5.13385,164,16.9779,0,0,5451,27684511116
385.515,2.59393,46.735,0,86,66,44,2760,10501,5.13385,164,16.9779,0,0,5451,27687105616
382.216,2.61632,46.735,0,86,66,44,2760,10501,5.13385,164,16.9779,0,0,5451,27689722003
365.183,2.73835,46.735,0,86,66,44,2760,10501,5.13385,164,16.9779,0,0,5451,27692460682
389.802,2.5654,46.735,0,86,66,44,2760,10501,5.13385,164,16.9779,0,0,5451,27695026547
227.633,4.39303,46.735,0,86,66,44,2760,10501,5.13385,164,16.9779,0,0,5451,27699419974
759.57,1.31653,46.735,0,86,66,44,2760,10501,5.13385,164,16.9779,0,0,5451,27700736749
352.685,2.83539,46.735,0,86,66,44,2760,10501,5.13385,164,16.9779,0,0,5451,27703572594
527.259,1.8966,46.735,0,86,66,44,2760,10501,5.13385,164,16.9779,0,0,5451,27705469553
383.71,2.60614,46.735,0,86,66,44,2760,10501,5.13385,164,16.9779,0,0,5451,27708075958
393.063,2.54412,46.735,0,86,66,44,2760,10501,5.13385,164,16.9779,0,0,5451,27710620370
318.281,3.14188,46.735,0,86,66,44,2760,10501,5.13385,164,16.9779,0,0,5451,27713762553
396.953,2.51919,46.735,0,86,66,44,2760,10501,5.13385,164,16.9779,0,0,5451,27716282052
388.173,2.57617,46.735,0,86,66,44,2760,10501,5.13385,164,16.9779,0,0,5451,27718858715
358.096,2.79255,46.735,0,86,66,44,2760,10501,5.13385,164,16.9779,0,0,5451,27721651463
207.968,4.80843,46.735,0,86,66,44,2760,10501,5.13385,164,16.9779,0,0,5451,27726460250
574.709,1.74001,46.735,0,86,66,44,2760,10501,5.13385,164,16.9779,0,0,5451,27728200597
656.867,1.52238,46.735,0,86,66,44,2760,10501,5.13385,164,16.9779,0,0,5451,27729723293
336.681,2.97017,46.735,0,86,66,44,2760,10501,5.13385,164,16.9779,0,0,5451,27732693903
425.41,2.35068,46.735,0,86,66,44,2760,10501,5.13385,164,16.9779,0,0,5451,27735044847
319.37,3.13116,46.735,0,86,66,44,2760,10501,5.13385,164,16.9779,0,0,5451,27738176299
346.078,2.88952,46.735,0,86,66,44,2760,10501,5.13385,164,16.9779,0,0,5451,27741066271
450.674,2.2189,46.735,0,86,66,44,2760,10501,5.13385,164,16.9779,0,0,5451,27743285490
363.109,2.754,46.735,0,86,66,44,2760,10501,5.13385,164,16.9779,0,0,5451,27746039593
195.827,5.10654,46.735,0,86,66,44,2760,10501,5.13385,164,16.9779,0,0,5451,27751146563
410.627,2.4353,46.735,0,86,66,44,2760,10501,5.13385,164,16.9779,0,0,5451,27753582097
507.337,1.97108,46.735,0,86,66,44,2760,10501,5.13385,164,16.9779,0,0,5451,27755553558
535.259,1.86826,46.735,0,86,66,44,2760,10501,5.13385,164,16.9779,0,0,5451,27757422111
308.451,3.242,46.735,0,86,66,44,2760,10501,5.13385,164,16.9779,0,0,5451,27760664730
492.996,2.02841,46.735,0,86,66,44,2760,10501,5.13385,164,16.9779,0,0,5451,27762693346
355.393,2.81379,46.735,0,86,66,44,2760,10501,5.13385,164,16.9779,0,0,5451,27765507345
387.19,2.58271,46.735,0,86,66,44,2760,10501,5.13385,164,16.9779,0,0,5451,27768090509
379.1,2.63783,46.735,0,86,66,44,2760,10501,5.13385,164,16.9779,0,0,5451,27770728646
433.743,2.30551,46.735,0,86,66,44,2760,10501,5.13385,164,16.9779,0,0,5451,27773034628
327.97,3.04906,46.735,0,86,66,44,2760,10501,5.13385,164,16.9779,0,0,5451,27776084134
255.912,3.90759,46.735,0,86,66,44,2760,10501,5.13385,164,16.9779,0,0,5451,27779992045
565.989,1.76682,46.735,0,86,66,44,2760,10501,5.13385,164,16.9779,0,0,5451,27781759152
441.024,2.26745,46.735,0,86,66,44,2760,10501,5.13385,164,16.9779,0,0,5451,27784026854
381.303,2.62259,46.735,0,86,66,44,2760,10501,5.13385,164,16.9779,0,0,5451,27786649875
321.97,3.10588,46.735,0,86,66,44,2760,10501,5.13385,164,16.9779,0,0,5451,27789756191
427.329,2.34012,46.735,0,86,66,44,2760,10501,5.13385,164,16.9779,0,0,5451,27792096424
347.385,2.87865,46.735,0,86,66,44,2760,10501,5.13385,164,16.9779,0,0,5451,27794975396
351.736,2.84304,46.735,0,86,66,44,2760,10501,5.13385,164,16.9779,0,0,5451,27797818934
386.194,2.58938,46.735,0,86,66,44,2760,10501,5.13385,164,16.9779,0,0,5451,27800408435
322.586,3.09995,46.735,0,86,66,44,2760,10501,5.13385,164,16.9779,0,0,5451,27803508712
207.834,4.81154,46.735,0,86,66,44,2760,10501,5.13385,164,16.9779,0,0,5451,27808320547
1758.3,0.568731,46.735,0,86,66,44,2760,10501,5.13385,164,16.9779,0,0,5451,27808889547
358.851,2.78667,46.735,0,86,66,44,2760,10501,5.13385,164,16.9779,0,0,5451,27811676430
405.171,2.46809,46.735,0,86,66,44,2760,10501,5.13385,164,16.9779,0,0,5451,27814144869
265.484,3.7667,46.735,0,86,66,44,2760,10501,5.13385,164,16.9779,0,0,5451,27817911996
507.736,1.96953,46.735,0,86,66,44,2760,10501,5.13385,164,16.9779,0,0,5451,27819881706
469.447,2.13017,46.735,0,86,66,44,2760,10501,5.13385,164,16.9779,0,0,5451,27822012355
322.871,3.09721,46.735,0,86,66,44,2760,10501,5.13385,164,16.9779,0,0,5451,27825109815
352.988,2.83296,46.735,0,86,66,44,2760,10501,5.13385,164,16.9779,0,0,5451,27827943074
372.1,2.68745,46.735,0,86,66,44,2760,10501,5.13385,164,16.9779,0,0,5451,27830630770
246.481,4.05711,46.735,0,86,66,44,2760,10501,5.13385,164,16.9779,0,0,5451,27834688282
587.743,1.70142,46.735,0,86,66,44,2760,10501,5.13385,164,16.9779,0,0,5451,27836390157
588.019,1.70062,46.735,0,86,66,44,2760,10501,5.13385,164,16.9779,0,0,5451,27838090993
398.391,2.51009,46.735,0,86,66,44,2760,10501,5.13385,164,16.9779,0,0,5451,27840601376
355.102,2.8161,46.735,0,86,66,44,2760,10501,5.13385,164,16.9779,0,0,5451,27843417845
235.767,4.24147,46.735,0,86,66,44,2760,10501,5.13385,164,16.9779,0,0,5451,27847659681
735.977,1.35874,46.735,0,86,66,44,2760,10501,5.13385,164,16.9779,0,0,5451,27849018717
470.007,2.12763,46.735,0,86,66,44,2760,10501,5.13385,164,16.9779,0,0,5451,27851146673
291.297,3.43292,46.735,0,86,66,44,2760,10501,5.13385,164,16.9779,0,0,5451,27854579866
475.121,2.10472,46.735,0,86,66,44,2760,10501,5.13385,164,16.9779,0,0,5451,27856684898
205.884,4.85711,46.735,0,86,66,44,2760,10501,5.13385,164,16.9779,0,0,5451,27861542399
608.12,1.64441,46.735,0,86,66,44,2760,10501,5.13385,164,16.9779,0,0,5451,27863187166
242.436,4.1248,46.735,0,86,66,44,2760,10501,5.13385,164,16.9779,0,0,5451,27867312506
2021.67,0.494641,46.735,0,86,66,44,2760,10501,5.13385,164,16.9779,0,0,5451,27867807408
362.483,2.75875,46.735,0,86,66,44,2760,10501,5.13385,164,16.9779,0,0,5451,27870566270
430.264,2.32416,46.735,0,86,66,44,2760,10501,5.13385,164,16.9779,0,0,5451,27872890714
339.934,2.94174,46.735,0,86,66,44,2760,10501,5.13385,164,16.9779,0,0,5451,27875832957
265.738,3.7631,46.735,0,86,66,44,2760,10501,5.13385,164,16.9779,0,0,5451,27879596372
376.461,2.65632,46.735,0,86,66,44,2760,10501,5.13385,164,16.9779,0,0,5451,27882253231
559.94,1.78591,46.735,0,86,66,44,2760,10501,5.13385,164,16.9779,0,0,5451,27884039272
156.481,6.39057,46.735,0,86,66,44,2760,10501,5.13385,164,16.9779,0,0,5451,27890430459
1453.77,0.687869,46.735,0,86,66,44,2760,10501,5.13385,164,16.9779,0,0,5451,27891118443
285.154,3.50688,46.735,0,86,66,44,2760,10501,5.13385,164,16.9779,0,0,5451,27894625667
917.311,1.09014,46.735,0,86,66,44,2760,10501,5.13385,164,16.9779,0,0,5451,27895716002
382.044,2.6175,46.735,0,86,66,44,2760,10501,5.13385,164,16.9779,0,0,5451,27898333850
172.142,5.80916,46.735,0,86,66,44,2760,10501,5.13385,164,16.9779,0,0,5451,27904143507
1045.89,0.956128,46.735,0,86,66,44,2760,10501,5.13385,164,16.9779,0,0,5451,27905099895
209.82,4.766,46.735,0,86,66,44,2760,10501,5.13385,164,16.9779,0,0,5451,27909866162
373.792,2.67528,46.735,0,86,66,44,2760,10501,5.13385,164,16.9779,0,0,5451,27912541800
197.079,5.07411,46.735,0,86,66,44,2760,10501,5.13385,164,16.9779,0,0,5451,27917616346
186.745,5.35488,46.735,0,86,66,44,2760,10501,5.13385,164,16.9779,0,0,5451,27922971478
1320.31,0.7574,46.735,0,86,66,44,2760,10501,5.13385,164,16.9779,0,0,5451,27923728994
527.62,1.89531,46.735,0,86,66,44,2760,10501,5.13385,164,16.9779,0,0,5451,27925625212
290.577,3.44142,46.735,0,86,66,44,2760,10501,5.13385,164,16.9779,0,0,5451,27929066578
178.018,5.61741,46.735,0,86,66,44,2760,10501,5.13385,164,16.9779,0,0,5451,27934684508
669.287,1.49413,46.735,0,86,66,44,2760,10501,5.13385,164,16.9779,0,0,5451,27936179000
508.289,1.96738,46.735,0,86,66,44,2760,10501,5.13385,164,16.9779,0,0,5451,27938146701
220.419,4.53682,46.735,0,86,66,44,2760,10501,5.13385,164,16.9779,0,0,5451,27942684094
451.401,2.21533,46.735,0,86,66,44,2760,10501,5.13385,164,16.9779,0,0,5451,27944899756
557.538,1.7936,46.735,0,86,66,44,2760,10501,5.13385,164,16.9779,0,0,5451,27946693556
271.361,3.68512,46.735,0,86,66,44,2760,10501,5.13385,164,16.9779,0,0,5451,27950379296
385.248,2.59573,46.735,0,86,66,44,2760,10501,5.13385,164,16.9779,0,0,5451,27952975220
133.908,7.46783,46.735,0,86,66,44,2760,10501,5.13385,164,16.9779,0,0,5451,27960443597
876.838,1.14046,46.735,0,86,66,44,2760,10501,5.13385,164,16.9779,0,0,5451,27961584126
495.835,2.0168,46.735,0,86,66,44,2760,10501,5.13385,164,16.9779,0,0,5451,27963601415
457.921,2.18378,46.735,0,86,66,44,2760,10501,5.13385,164,16.9779,0,0,5451,27965785575
287.461,3.47873,46.735,0,86,66,44,2760,10501,5.13385,164,16.9779,0,0,5451,27969264817
560.462,1.78424,46.735,0,86,66,44,2760,10501,5.13385,164,16.9779,0,0,5451,27971049281
193.848,5.15869,46.735,0,86,66,44,2760,10501,5.13385,164,16.9779,0,0,5451,27976208493
2019.35,0.495209,46.735,0,86,66,44,2760,10501,5.13385,164,16.9779,0,0,5451,27976703664
189.232,5.28452,46.735,0,86,66,44,2760,10501,5.13385,164,16.9779,0,0,5451,27981988717
417.605,2.39461,46.735,0,86,66,44,2760,10501,5.13385,164,16.9779,0,0,5451,27984383528
1411.39,0.708523,46.735,0,86,66,44,2760,10501,5.13385,164,16.9779,0,0,5451,27985092495
311.734,3.20787,46.735,0,86,66,44,2760,10501,5.13385,164,16.9779,0,0,5451,27988300814
395.427,2.52891,46.735,0,86,66,44,2760,10501,5.13385,164,16.9779,0,0,5451,27990829938
456.72,2.18953,46.735,0,86,66,44,2760,10501,5.13385,164,16.9779,0,0,5451,27993019964
239.487,4.17559,46.735,0,86,66,44,2760,10501,5.13385,164,16.9779,0,0,5451,27997195797
343.829,2.90843,46.735,0,86,66,44,2760,10501,5.13385,164,16.9779,0,0,5451,28000104501
299.505,3.33884,46.735,0,86,66,44,2760,10501,5.13385,164,16.9779,0,0,5451,28003443902
2378.26,0.420475,46.735,0,86,66,44,2760,10501,5.13385,164,16.9779,0,0,5451,28003864425
356.725,2.80328,46.735,0,86,66,44,2760,10501,5.13385,164,16.9779,0,0,5451,28006667991
363.19,2.75338,46.735,0,86,66,44,2760,10501,5.13385,164,16.9779,0,0,5451,28009421747
236.538,4.22764,46.735,0,86,66,44,2760,10501,5.13385,164,16.9779,0,0,5451,28013649726
409.884,2.43972,46.735,0,86,66,44,2760,10501,5.13385,164,16.9779,0,0,5451,28016090058
319.638,3.12854,46.735,0,86,66,44,2760,10501,5.13385,164,16.9779,0,0,5451,28019218837
1633.93,0.612021,46.735,0,86,66,44,2760,10501,5.13385,164,16.9779,0,0,5451,28019831204
168.259,5.94322,46.735,0,86,66,44,2760,10501,5.13385,164,16.9779,0,0,5451,28025775019
555.113,1.80143,46.735,0,86,66,44,2760,10501,5.13385,164,16.9779,0,0,5451,28027576830
946.222,1.05683,46.735,0,86,66,44,2760,10501,5.13385,164,16.9779,0,0,5451,28028633770
208.963,4.78554,46.735,0,86,66,44,2760,10501,5.13385,164,16.9779,0,0,5451,28033419777
339.798,2.94293,46.735,0,86,66,44,2760,10501,5.13385,164,16.9779,0,0,5451,28036362895
710.465,1.40753,46.735,0,86,66,44,2760,10501,5.13385,164,16.9779,0,0,5451,28037770904
252.44,3.96134,46.735,0,86,66,44,2760,10501,5.13385,164,16.9779,0,0,5451,28041732480
1220.43,0.819383,46.735,0,86,66,44,2760,10501,5.13385,164,16.9779,0,0,5451,28042552210
362.573,2.75806,46.735,0,86,66,44,2760,10501,5.13385,164,16.9779,0,0,5451,28045310620
179.52,5.57041,46.735,0,86,66,44,2760,10501,5.13385,164,16.9779,0,0,5451,28050881625
484.202,2.06525,46.735,0,86,66,44,2760,10501,5.13385,164,16.9779,0,0,5451,28052947022
717.667,1.3934,46.735,0,86,66,44,2760,10501,5.13385,164,16.9779,0,0,5451,28054340742
277.297,3.60624,46.735,0,86,66,44,2760,10501,5.13385,164,16.9779,0,0,5451,28057947479
376.908,2.65317,46.735,0,86,66,44,2760,10501,5.13385,164,16.9779,0,0,5451,28060600712
262.182,3.81415,46.735,0,86,66,44,2760,10501,5.13385,164,16.9779,0,0,5451,28064415379
332.118,3.01098,46.735,0,86,66,44,2760,10501,5.13385,164,16.9779,0,0,5451,28067426519
1721.43,0.580914,46.735,0,86,66,44,2760,10501,5.13385,164,16.9779,0,0,5451,28068007481
398.17,2.51149,46.735,0,86,66,44,2760,10501,5.13385,164,16.9779,0,0,5451,28070519345
380.154,2.63051,46.735,0,86,66,44,2760,10501,5.13385,164,16.9779,0,0,5451,28073150183
244.375,4.09207,46.735,0,86,66,44,2760,10501,5.13385,164,16.9779,0,0,5451,28077242677
568.806,1.75807,46.735,0,86,66,44,2760,10501,5.13385,164,16.9779,0,0,5451,28079000967
372.975,2.68115,46.735,0,86,66,44,2760,10501,5.13385,164,16.9779,0,0,5451,28081682596
539.614,1.85318,46.735,0,86,66,44,2760,10501,5.13385,164,16.9779,0,0,5451,28083536254
341.465,2.92856,46.735,0,86,66,44,2760,10501,5.13385,164,16.9779,0,0,5451,28086465815
416.379,2.40166,46.735,0,86,66,44,2760,10501,5.13385,164,16.9779,0,0,5451,28088867482
411.382,2.43083,46.735,0,86,66,44,2760,10501,5.13385,164,16.9779,0,0,5451,28091298602
372.266,2.68625,46.735,0,86,66,44,2760,10501,5.13385,164,16.9779,0,0,5451,28093985183
342.455,2.92009,46.735,0,86,66,44,2760,10501,5.13385,164,16.9779,0,0,5451,28096905657
372.857,2.68199,46.735,0,86,66,44,2760,10501,5.13385,164,16.9779,0,0,5451,28099587959
453.774,2.20374,46.735,0,86,66,44,2760,10501,5.13385,164,16.9779,0,0,5451,28101792110
265.758,3.76282,46.735,0,86,66,44,2760,10501,5.13385,164,16.9779,0,0,5451,28105555150
239.899,4.16843,46.735,0,86,66,44,2760,10501,5.13385,164,16.9779,0,0,5451,28109724195
1670.09,0.59877,46.735,0,86,66,44,2760,10501,5.13385,164,16.9779,0,0,5451,28110323340
213.284,4.68858,46.735,0,86,66,44,2760,10501,5.13385,164,16.9779,0,0,5451,28115012430
290.913,3.43745,46.735,0,86,66,44,2760,10501,5.13385,164,16.9779,0,0,5451,28118453229
791.872,1.26283,47.7302,0,84,66,44,2760,10501,5.13424,163,16.8135,0,0,5423,28119713175
544.764,1.83566,47.7302,0,84,66,44,2760,10501,5.13424,163,16.8135,0,0,5423,28121549131
425.767,2.3487,47.7302,0,84,66,44,2760,10501,5.13424,163,16.8135,0,0,5423,28123898182
217.845,4.59042,47.7302,0,84,66,44,2760,10501,5.13424,163,16.8135,0,0,5423,28128489163
377.313,2.65032,47.7302,0,84,66,44,2760,10501,5.13424,163,16.8135,0,0,5423,28131139810
681.533,1.46728,47.7302,0,84,66,44,2760,10501,5.13424,163,16.8135,0,0,5423,28132607408
291.486,3.43069,47.7302,0,84,66,44,2760,10501,5.13424,163,16.8135,0,0,5423,28136038331
423.482,2.36138,47.7302,0,84,66,44,2760,10501,5.13424,163,16.8135,0,0,5423,28138399997
241.486,4.14102,47.7302,0,84,66,44,2760,10501,5.13424,163,16.8135,0,0,5423,28142541329
644.241,1.55221,47.7302,0,84,66,44,2760,10501,5.13424,163,16.8135,0,0,5423,28144093901
500.638,1.99745,47.7302,0,84,66,44,2760,10501,5.13424,163,16.8135,0,0,5423,28146091622
330.872,3.02231,47.7302,0,84,66,44,2760,10501,5.13424,163,16.8135,0,0,5423,28149114253
509.155,1.96404,47.7302,0,84,66,44,2760,10501,5.13424,163,16.8135,0,0,5423,28151078502
179.092,5.58372,47.7302,0,84,66,44,2760,10501,5.13424,163,16.8135,0,0,5423,28156662632
479.183,2.08689,47.7302,0,84,66,44,2760,10501,5.13424,163,16.8135,0,0,5423,28158750020
244.62,4.08797,47.7302,0,84,66,44,2760,10501,5.13424,163,16.8135,0,0,5423,28162838321
487.956,2.04937,47.7302,0,84,66,44,2760,10501,5.13424,163,16.8135,0,0,5423,28164888044
650.624,1.53699,47.7302,0,84,66,44,2760,10501,5.13424,163,16.8135,0,0,5423,28166425221
529.236,1.88952,47.7302,0,84,66,44,2760,10501,5.13424,163,16.8135,0,0,5423,28168315150
363.216,2.75318,47.7302,0,84,66,44,2760,10501,5.13424,163,16.8135,0,0,5423,28171068762
369.893,2.70349,47.7302,0,84,66,44,2760,10501,5.13424,163,16.8135,0,0,5423,28173772478
443.03,2.25718,47.7302,0,84,66,44,2760,10501,5.13424,163,16.8135,0,0,5423,28176029939
324.661,3.08013,47.7302,0,84,66,44,2760,10501,5.13424,163,16.8135,0,0,5423,28179110610
437.307,2.28672,47.7302,0,84,66,44,2760,10501,5.13424,163,16.8135,0,0,5423,28181397543
173.358,5.76842,47.7302,0,84,66,44,2760,10501,5.13424,163,16.8135,0,0,5423,28187166429
453.865,2.2033,47.7302,0,84,66,44,2760,10501,5.13424,163,16.8135,0,0,5423,28189370100
934.892,1.06964,47.7302,0,84,66,44,2760,10501,5.13424,163,16.8135,0,0,5423,28190439963
326.975,3.05833,47.7302,0,84,66,44,2760,10501,5.13424,163,16.8135,0,0,5423,28193498614
478.902,2.08811,47.7302,0,84,66,44,2760,10501,5.13424,163,16.8135,0,0,5423,28195587011
339.394,2.94643,47.7302,0,84,66,44,2760,10501,5.13424,163,16.8135,0,0,5423,28198533889
492.191,2.03173,47.7302,0,84,66,44,2760,10501,5.13424,163,16.8135,0,0,5423,28200565996
377.461,2.64928,47.7302,0,84,66,44,2760,10501,5.13424,163,16.8135,0,0,5423,28203215451
408.199,2.44978,47.7302,0,84,66,44,2760,10501,5.13424,163,16.8135,0,0,5423,28205665620
206.694,4.83808,47.7302,0,84,66,44,2760,10501,5.13424,163,16.8135,0,0,5423,28210504139
474.316,2.1083,47.7302,0,84,66,44,2760,10501,5.13424,163,16.8135,0,0,5423,28212612643
259.706,3.85051,47.7302,0,84,66,44,2760,10501,5.13424,163,16.8135,0,0,5423,28216463503
1531.12,0.653118,47.7302,0,84,66,44,2760,10501,5.13424,163,16.8135,0,0,5423,28217116621
523.111,1.91164,47.7302,0,84,66,44,2760,10501,5.13424,163,16.8135,0,0,5423,28219028878
359.443,2.78208,47.7302,0,84,66,44,2760,10501,5.13424,163,16.8135,0,0,5423,28221811241
167.108,5.98414,47.7302,0,84,66,44,2760,10501,5.13424,163,16.8135,0,0,5423,28227795683
1184.78,0.844038,47.7302,0,84,66,44,2760,10501,5.13424,163,16.8135,0,0,5423,28228640038
504.658,1.98154,47.7302,0,84,66,44,2760,10501,5.13424,163,16.8135,0,0,5423,28230621971
444.052,2.25199,47.7302,0,84,66,44,2760,10501,5.13424,163,16.8135,0,0,5423,28232874306
363.393,2.75184,47.7302,0,84,66,44,2760,10501,5.13424,163,16.8135,0,0,5423,28235626418
189.123,5.28757,47.7302,0,84,66,44,2760,10501,5.13424,163,16.8135,0,0,5423,28240914250
265.723,3.76332,47.7302,0,84,66,44,2760,10501,5.13424,163,16.8135,0,0,5423,28244677906
468.662,2.13374,47.7302,0,84,66,44,2760,10501,5.13424,163,16.8135,0,0,5423,28246811930
2056.24,0.486324,47.7302,0,84,66,44,2760,10501,5.13424,163,16.8135,0,0,5423,28247298715
307.699,3.24993,47.7302,0,84,66,44,2760,10501,5.13424,163,16.8135,0,0,5423,28250548882
606.305,1.64933,47.7302,0,84,66,44,2760,10501,5.13424,163,16.8135,0,0,5423,28252198525
429.892,2.32616,47.7302,0,84,66,44,2760,10501,5.13424,163,16.8135,0,0,5423,28254524997
225.298,4.43857,47.7302,0,84,66,44,2760,10501,5.13424,163,16.8135,0,0,5423,28258964041
491.149,2.03604,47.7302,0,84,66,44,2760,10501,5.13424,163,16.8135,0,0,5423,28261000533
182.644,5.47514,47.7302,0,84,66,44,2760,10501,5.13424,163,16.8135,0,0,5423,28266476092
468.335,2.13523,47.7302,0,84,66,44,2760,10501,5.13424,163,16.8135,0,0,5423,28268611616
627.029,1.59482,47.7302,0,84,66,44,2760,10501,5.13424,163,16.8135,0,0,5423,28270206795
344.561,2.90224,47.7302,0,84,66,44,2760,10501,5.13424,163,16.8135,0,0,5423,28273109258
352.814,2.83436,47.7302,0,84,66,44,2760,10501,5.13424,163,16.8135,0,0,5423,28275943940
281.657,3.55042,47.7302,0,84,66,44,2760,10501,5.13424,163,16.8135,0,0,5423,28279494887
407.441,2.45434,47.7302,0,84,66,44,2760,10501,5.13424,163,16.8135,0,0,5423,28281949546
228,4.38596,47.7302,0,84,66,44,2760,10501,5.13424,163,16.8135,0,0,5423,28286335886
336.021,2.976,47.7302,0,84,66,44,2760,10501,5.13424,163,16.8135,0,0,5423,28289312246
1766.01,0.566249,47.7302,0,84,66,44,2760,10501,5.13424,163,16.8135,0,0,5423,28289878881
234.648,4.2617,47.7302,0,84,66,44,2760,10501,5.13424,163,16.8135,0,0,5423,28294140919
681.502,1.46735,47.7302,0,84,66,44,2760,10501,5.13424,163,16.8135,0,0,5423,28295608487
549.322,1.82043,47.7302,0,84,66,44,2760,10501,5.13424,163,16.8135,0,0,5423,28297429337
347.567,2.87715,47.7302,0,84,66,44,2760,10501,5.13424,163,16.8135,0,0,5423,28300306857
333.209,3.00112,47.7302,0,84,66,44,2760,10501,5.13424,163,16.8135,0,0,5423,28303308256
445.623,2.24405,47.7302,0,84,66,44,2760,10501,5.13424,163,16.8135,0,0,5423,28305552601
357.829,2.79463,47.7302,0,84,66,44,2760,10501,5.13424,163,16.8135,0,0,5423,28308347571
356.178,2.80759,47.7302,0,84,66,44,2760,10501,5.13424,163,16.8135,0,0,5423,28311155482
415.698,2.40559,47.7302,0,84,66,44,2760,10501,5.13424,163,16.8135,0,0,5423,28313561410
312.382,3.2012,47.7302,0,84,66,44,2760,10501,5.13424,163,16.8135,0,0,5423,28316762921
360.099,2.77702,47.7302,0,84,66,44,2760,10501,5.13424,163,16.8135,0,0,5423,28319540265
424.017,2.3584,47.7302,0,84,66,44,2760,10501,5.13424,163,16.8135,0,0,5423,28321898979
370.225,2.70106,47.7302,0,84,66,44,2760,10501,5.13424,163,16.8135,0,0,5423,28324600464
380.417,2.6287,47.7302,0,84,66,44,2760,10501,5.13424,163,16.8135,0,0,5423,28327229370
384.017,2.60405,47.7302,0,84,66,44,2760,10501,5.13424,163,16.8135,0,0,5423,28329833929
346.847,2.88312,47.7302,0,84,66,44,2760,10501,5.13424,163,16.8135,0,0,5423,28332717267
390.468,2.56103,47.7302,0,84,66,44,2760,10501,5.13424,163,16.8135,0,0,5423,28335278574
429.447,2.32858,47.7302,0,84,66,44,2760,10501,5.13424,163,16.8135,0,0,5423,28337607460
395.749,2.52685,47.7302,0,84,66,44,2760,10501,5.13424,163,16.8135,0,0,5423,28340134680
290.353,3.44409,47.7302,0,84,66,44,2760,10501,5.13424,163,16.8135,0,0,5423,28343579181
256.063,3.90529,47.7302,0,84,66,44,2760,10501,5.13424,163,16.8135,0,0,5423,28347484745
685.549,1.45868,47.7302,0,84,66,44,2760,10501,5.13424,163,16.8135,0,0,5423,28348943862
400.379,2.49763,47.7302,0,84,66,44,2760,10501,5.13424,163,16.8135,0,0,5423,28351441686
450.305,2.22072,47.7302,0,84,66,44,2760,10501,5.13424,163,16.8135,0,0,5423,28353662694
305.575,3.27252,47.7302,0,84,66,44,2760,10501,5.13424,163,16.8135,0,0,5423,28356935544
386.206,2.58929,47.7302,0,84,66,44,2760,10501,5.13424,163,16.8135,0,0,5423,28359525170
343.15,2.91418,47.7302,0,84,66,44,2760,10501,5.13424,163,16.8135,0,0,5423,28362439663
401.746,2.48913,47.7302,0,84,66,44,2760,10501,5.13424,163,16.8135,0,0,5423,28364929198
269.895,3.70514,47.7302,0,84,66,44,2760,10501,5.13424,163,16.8135,0,0,5423,28368634746
526.845,1.89809,47.7302,0,84,66,44,2760,10501,5.13424,163,16.8135,0,0,5423,28370533031
263.996,3.78794,47.7302,0,84,66,44,2760,10501,5.13424,163,16.8135,0,0,5423,28374321448
571.061,1.75113,47.7302,0,84,66,44,2760,10501,5.13424,163,16.8135,0,0,5423,28376072795
491.05,2.03645,47.7302,0,84,66,44,2760,10501,5.13424,163,16.8135,0,0,5423,28378109748
363.034,2.75456,47.7302,0,84,66,44,2760,10501,5.13424,163,16.8135,0,0,5423,28380864389
401.556,2.49031,47.7302,0,84,66,44,2760,10501,5.13424,163,16.8135,0,0,5423,28383354906
372.938,2.68141,47.7302,0,84,66,44,2760,10501,5.13424,163,16.8135,0,0,5423,28386036612
326.393,3.0638,47.7302,0,84,66,44,2760,10501,5.13424,163,16.8135,0,0,5423,28389100811
420.351,2.37896,47.7302,0,84,66,44,2760,10501,5.13424,163,16.8135,0,0,5423,28391480141
319.803,3.12692,47.7302,0,84,66,44,2760,10501,5.13424,163,16.8135,0,0,5423,28394607468
420.866,2.37605,47.7302,0,84,66,44,2760,10501,5.13424,163,16.8135,0,0,5423,28396983894
250.956,3.98477,47.7302,0,84,66,44,2760,10501,5.13424,163,16.8135,0,0,5423,28400969182
626.096,1.5972,47.7302,0,84,66,44,2760,10501,5.13424,163,16.8135,0,0,5423,28402566553
331.39,3.01759,47.7302,0,84,66,44,2760,10501,5.13424,163,16.8135,0,0,5423,28405584424
449.169,2.22634,47.7302,0,84,66,44,2760,10501,5.13424,163,16.8135,0,0,5423,28407811115
359.348,2.78281,47.7302,0,84,66,44,2760,10501,5.13424,163,16.8135,0,0,5423,28410594305
402.356,2.48536,47.7302,0,84,66,44,2760,10501,5.13424,163,16.8135,0,0,5423,28413080090
294.807,3.39205,47.7302,0,84,66,44,2760,10501,5.13424,163,16.8135,0,0,5423,28416472416
535.088,1.86885,47.7302,0,84,66,44,2760,10501,5.13424,163,16.8135,0,0,5423,28418341556
338.855,2.95112,47.7302,0,84,66,44,2760,10501,5.13424,163,16.8135,0,0,5423,28421293050
371.769,2.68984,47.7302,0,84,66,44,2760,10501,5.13424,163,16.8135,0,0,5423,28423983169
198.772,5.03089,47.7302,0,84,66,44,2760,10501,5.13424,163,16.8135,0,0,5423,28429014464
595.682,1.67875,47.7302,0,84,66,44,2760,10501,5.13424,163,16.8135,0,0,5423,28430693491
486.154,2.05696,47.7302,0,84,66,44,2760,10501,5.13424,163,16.8135,0,0,5423,28432750782
343.924,2.90762,47.7302,0,84,66,44,2760,10501,5.13424,163,16.8135,0,0,5423,28435658880
372.232,2.6865,47.7302,0,84,66,44,2760,10501,5.13424,163,16.8135,0,0,5423,28438345663
384.196,2.60284,47.7302,0,84,66,44,2760,10501,5.13424,163,16.8135,0,0,5423,28440948885
375.759,2.66128,47.7302,0,84,66,44,2760,10501,5.13424,163,16.8135,0,0,5423,28443610619
418.224,2.39106,47.7302,0,84,66,44,2760,10501,5.13424,163,16.8135,0,0,5423,28446001969
328.571,3.04348,47.7302,0,84,66,44,2760,10501,5.13424,163,16.8135,0,0,5423,28449045773
408.88,2.44571,47.7302,0,84,66,44,2760,10501,5.13424,163,16.8135,0,0,5423,28451491904
221.223,4.52033,47.7302,0,84,66,44,2760,10501,5.13424,163,16.8135,0,0,5423,28456012652
559.81,1.78632,47.7302,0,84,66,44,2760,10501,5.13424,163,16.8135,0,0,5423,28457799232
481.016,2.07893,47.7302,0,84,66,44,2760,10501,5.13424,163,16.8135,0,0,5423,28459878408
349.622,2.86023,47.7302,0,84,66,44,2760,10501,5.13424,163,16.8135,0,0,5423,28462739004
345.757,2.8922,47.7302,0,84,66,44,2760,10501,5.13424,163,16.8135,0,0,5423,28465631496
441.357,2.26574,47.7302,0,84,66,44,2760,10501,5.13424,163,16.8135,0,0,5423,28467897562
420.979,2.37542,47.7302,0,84,66,44,2760,10501,5.13424,163,16.8135,0,0,5423,28470273556
327.007,3.05804,47.7302,0,84,66,44,2760,10501,5.13424,163,16.8135,0,0,5423,28473331803
401.965,2.48778,47.7302,0,84,66,44,2760,10501,5.13424,163,16.8135,0,0,5423,28475819916
356.232,2.80716,47.7302,0,84,66,44,2760,10501,5.13424,163,16.8135,0,0,5423,28478627405
248.257,4.02808,47.7302,0,84,66,44,2760,10501,5.13424,163,16.8135,0,0,5423,28482655829
475.282,2.10401,47.7302,0,84,66,44,2760,10501,5.13424,163,16.8135,0,0,5423,28484760169
341.935,2.92453,47.7302,0,84,66,44,2760,10501,5.13424,163,16.8135,0,0,5423,28487685220
525.633,1.90247,47.7302,0,84,66,44,2760,10501,5.13424,163,16.8135,0,0,5423,28489587986
352.792,2.83453,47.7302,0,84,66,44,2760,10501,5.13424,163,16.8135,0,0,5423,28492422831
334.914,2.98584,47.7302,0,84,66,44,2760,10501,5.13424,163,16.8135,0,0,5423,28495409076
425.969,2.34759,47.7302,0,84,66,44,2760,10501,5.13424,163,16.8135,0,0,5423,28497757030
258.348,3.87074,47.7302,0,84,66,44,2760,10501,5.13424,163,16.8135,0,0,5423,28501628266
736.66,1.35748,47.7302,0,84,66,44,2760,10501,5.13424,163,16.8135,0,0,5423,28502986014
395.169,2.53057,47.7302,0,84,66,44,2760,10501,5.13424,163,16.8135,0,0,5423,28505517032
179.679,5.56548,47.7302,0,84,66,44,2760,10501,5.13424,163,16.8135,0,0,5423,28511082672
561.973,1.77945,47.7302,0,84,66,44,2760,10501,5.13424,163,16.8135,0,0,5423,28512862616
317.881,3.14583,47.7302,0,84,66,44,2760,10501,5.13424,163,16.8135,0,0,5423,28516008674
579.064,1.72692,47.7302,0,84,66,44,2760,10501,5.13424,163,16.8135,0,0,5423,28517735886
260.446,3.83957,47.7302,0,84,66,44,2760,10501,5.13424,163,16.8135,0,0,5423,28521576073
676.365,1.47849,47.7302,0,84,66,44,2760,10501,5.13424,163,16.8135,0,0,5423,28523054748
489.741,2.04189,47.7302,0,84,66,44,2760,10501,5.13424,163,16.8135,0,0,5423,28525097125
337.593,2.96215,47.7302,0,84,66,44,2760,10501,5.13424,163,16.8135,0,0,5423,28528059455
289.591,3.45315,47.7302,0,84,66,44,2760,10501,5.13424,163,16.8135,0,0,5423,28531513081
459.647,2.17558,47.7302,0,84,66,44,2760,10501,5.13424,163,16.8135,0,0,5423,28533688876
335.032,2.98479,47.7302,0,84,66,44,2760,10501,5.13424,163,16.8135,0,0,5423,28536674130
520.779,1.9202,47.7302,0,84,66,44,2760,10501,5.13424,163,16.8135,0,0,5423,28538594541
274.315,3.64545,47.7302,0,84,66,44,2760,10501,5.13424,163,16.8135,0,0,5423,28542240337
880.379,1.13587,47.7302,0,84,66,44,2760,10501,5.13424,163,16.8135,0,0,5423,28543376443
328.36,3.04544,47.7302,0,84,66,44,2760,10501,5.13424,163,16.8135,0,0,5423,28546422218
372.763,2.68267,47.7302,0,84,66,44,2760,10501,5.13424,163,16.8135,0,0,5423,28549105184
302.386,3.30703,47.7302,0,84,66,44,2760,10501,5.13424,163,16.8135,0,0,5423,28552412641
512.646,1.95066,47.7302,0,84,66,44,2760,10501,5.13424,163,16.8135,0,0,5423,28554363524
310.794,3.21757,47.7302,0,84,66,44,2760,10501,5.13424,163,16.8135,0,0,5423,28557581652
395.535,2.52822,47.7302,0,84,66,44,2760,10501,5.13424,163,16.8135,0,0,5423,28560110083
237.574,4.20921,47.7302,0,84,66,44,2760,10501,5.13424,163,16.8135,0,0,5423,28564319485
657.515,1.52088,47.7302,0,84,66,44,2760,10501,5.13424,163,16.8135,0,0,5423,28565840921
470.965,2.1233,47.7302,0,84,66,44,2760,10501,5.13424,163,16.8135,0,0,5423,28567964367
320.889,3.11634,47.7302,0,84,66,44,2760,10501,5.13424,163,16.8135,0,0,5423,28571080943
378.201,2.6441,47.7302,0,84,66,44,2760,10501,5.13424,163,16.8135,0,0,5423,28573725523
431.379,2.31815,47.7302,0,84,66,44,2760,10501,5.13424,163,16.8135,0,0,5423,28576043976
292.945,3.41361,47.7302,0,84,66,44,2760,10501,5.13424,163,16.8135,0,0,5423,28579457851
410.729,2.4347,47.7302,0,84,66,44,2760,10501,5.13424,163,16.8135,0,0,5423,28581892962
490.962,2.03682,47.7302,0,84,66,44,2760,10501,5.13424,163,16.8135,0,0,5423,28583929925
181.22,5.51817,47.7302,0,84,66,44,2760,10501,5.13424,163,16.8135,0,0,5423,28589448409
278.045,3.59654,47.7302,0,84,66,44,2760,10501,5.13424,163,16.8135,0,0,5423,28593045299
1751.43,0.570961,47.7302,0,84,66,44,2760,10501,5.13424,163,16.8135,0,0,5423,28593616684
366.867,2.72578,47.7302,0,84,66,44,2760,10501,5.13424,163,16.8135,0,0,5423,28596342766
336.381,2.97282,47.7302,0,84,66,44,2760,10501,5.13424,163,16.8135,0,0,5423,28599315972
468.29,2.13543,47.7302,0,84,66,44,2760,10501,5.13424,163,16.8135,0,0,5423,28601451717
279.419,3.57886,47.7302,0,84,66,44,2760,10501,5.13424,163,16.8135,0,0,5423,28605031039
586.864,1.70397,47.7302,0,84,66,44,2760,10501,5.13424,163,16.8135,0,0,5423,28606735376
365.231,2.738,47.7302,0,84,66,44,2760,10501,5.13424,163,16.8135,0,0,5423,28609473651
311.843,3.20674,47.7302,0,84,66,44,2760,10501,5.13424,163,16.8135,0,0,5423,28612680711
395.639,2.52756,47.7302,0,84,66,44,2760,10501,5.13424,163,16.8135,0,0,5423,28615208680
227.102,4.4033,47.7302,0,84,66,44,2760,10501,5.13424,163,16.8135,0,0,5423,28619617339
659.458,1.5164,46.863,0,84,66,44,2760,10501,5.13268,162,16.8148,0,0,5441,28621129005
459.952,2.17414,46.863,0,84,66,44,2760,10501,5.13268,162,16.8148,0,0,5441,28623303367
388.265,2.57556,46.863,0,84,66,44,2760,10501,5.13268,162,16.8148,0,0,5441,28625879232
294.643,3.39393,46.863,0,84,66,44,2760,10501,5.13268,162,16.8148,0,0,5441,28629273520
320.353,3.12156,46.863,0,84,66,44,2760,10501,5.13268,162,16.8148,0,0,5441,28632395462
658.593,1.51839,46.863,0,84,66,44,2760,10501,5.13268,162,16.8148,0,0,5441,28633914032
276.949,3.61078,46.863,0,84,66,44,2760,10501,5.13268,162,16.8148,0,0,5441,28637525154
447.051,2.23688,46.863,0,84,66,44,2760,10501,5.13268,162,16.8148,0,0,5441,28639762479
365.534,2.73573,46.863,0,84,66,44,2760,10501,5.13268,162,16.8148,0,0,5441,28642498629
236.016,4.237,46.863,0,84,66,44,2760,10501,5.13268,162,16.8148,0,0,5441,28646735945
462.048,2.16427,46.863,0,84,66,44,2760,10501,5.13268,162,16.8148,0,0,5441,28648900354
418.819,2.38767,46.863,0,84,66,44,2760,10501,5.13268,162,16.8148,0,0,5441,28651288541
431.614,2.31689,46.863,0,84,66,44,2760,10501,5.13268,162,16.8148,0,0,5441,28653605772
401.456,2.49093,46.863,0,84,66,44,2760,10501,5.13268,162,16.8148,0,0,5441,28656097030
310.148,3.22426,46.863,0,84,66,44,2760,10501,5.13268,162,16.8148,0,0,5441,28659321552
388.152,2.57631,46.863,0,84,66,44,2760,10501,5.13268,162,16.8148,0,0,5441,28661898158
343.556,2.91073,46.863,0,84,66,44,2760,10501,5.13268,162,16.8148,0,0,5441,28664809342
355.669,2.8116,46.863,0,84,66,44,2760,10501,5.13268,162,16.8148,0,0,5441,28667621177
498.523,2.00592,46.863,0,84,66,44,2760,10501,5.13268,162,16.8148,0,0,5441,28669627572
199.827,5.00432,46.863,0,84,66,44,2760,10501,5.13268,162,16.8148,0,0,5441,28674632221
953.808,1.04843,46.863,0,84,66,44,2760,10501,5.13268,162,16.8148,0,0,5441,28675680891
396.324,2.52319,46.863,0,84,66,44,2760,10501,5.13268,162,16.8148,0,0,5441,28678204351
359.227,2.78376,46.863,0,84,66,44,2760,10501,5.13268,162,16.8148,0,0,5441,28680988474
371.6,2.69106,46.863,0,84,66,44,2760,10501,5.13268,162,16.8148,0,0,5441,28683679776
430.449,2.32315,46.863,0,84,66,44,2760,10501,5.13268,162,16.8148,0,0,5441,28686003335
291.796,3.42705,46.863,0,84,66,44,2760,10501,5.13268,162,16.8148,0,0,5441,28689430672
301.911,3.31224,46.863,0,84,66,44,2760,10501,5.13268,162,16.8148,0,0,5441,28692743380
396.103,2.5246,46.863,0,84,66,44,2760,10501,5.13268,162,16.8148,0,0,5441,28695268273
566.331,1.76575,46.863,0,84,66,44,2760,10501,5.13268,162,16.8148,0,0,5441,28697034457
185.762,5.38324,46.863,0,84,66,44,2760,10501,5.13268,162,16.8148,0,0,5441,28702417946
1883.38,0.53096,46.863,0,84,66,44,2760,10501,5.13268,162,16.8148,0,0,5441,28702949137
500.789,1.99685,46.863,0,84,66,44,2760,10501,5.13268,162,16.8148,0,0,5441,28704946320
308.448,3.24203,46.863,0,84,66,44,2760,10501,5.13268,162,16.8148,0,0,5441,28708188564
335.822,2.97776,46.863,0,84,66,44,2760,10501,5.13268,162,16.8148,0,0,5441,28711166731
586.467,1.70512,46.863,0,84,66,44,2760,10501,5.13268,162,16.8148,0,0,5441,28712872222
372.898,2.6817,46.863,0,84,66,44,2760,10501,5.13268,162,16.8148,0,0,5441,28715554129
335.742,2.97848,46.863,0,84,66,44,2760,10501,5.13268,162,16.8148,0,0,5441,28718533037
358.845,2.78672,46.863,0,84,66,44,2760,10501,5.13268,162,16.8148,0,0,5441,28721319929
412.853,2.42217,46.863,0,84,66,44,2760,10501,5.13268,162,16.8148,0,0,5441,28723742348
124.935,8.00417,46.863,0,84,66,44,2760,10501,5.13268,162,16.8148,0,0,5441,28731747021
421.286,2.37369,46.863,0,84,66,44,2760,10501,5.13268,162,16.8148,0,0,5441,28734120851
703.287,1.42189,46.863,0,84,66,44,2760,10501,5.13268,162,16.8148,0,0,5441,28735543091
492.168,2.03183,46.863,0,84,66,44,2760,10501,5.13268,162,16.8148,0,0,5441,28737575371
296.136,3.37683,46.863,0,84,66,44,2760,10501,5.13268,162,16.8148,0,0,5441,28740952399
485.149,2.06122,46.863,0,84,66,44,2760,10501,5.13268,162,16.8148,0,0,5441,28743013930
234.539,4.26368,46.863,0,84,66,44,2760,10501,5.13268,162,16.8148,0,0,5441,28747278112
939.257,1.06467,46.863,0,84,66,44,2760,10501,5.13268,162,16.8148,0,0,5441,28748342984
204.041,4.90097,46.863,0,84,66,44,2760,10501,5.13268,162,16.8148,0,0,5441,28753244332
537.461,1.8606,46.863,0,84,66,44,2760,10501,5.13268,162,16.8148,0,0,5441,28755105414
400.318,2.49802,46.863,0,84,66,44,2760,10501,5.13268,162,16.8148,0,0,5441,28757603710
678.518,1.4738,46.863,0,84,66,44,2760,10501,5.13268,162,16.8148,0,0,5441,28759077634
328.671,3.04256,46.863,0,84,66,44,2760,10501,5.13268,162,16.8148,0,0,5441,28762120535
474.662,2.10676,46.863,0,84,66,44,2760,10501,5.13268,162,16.8148,0,0,5441,28764227798
369.003,2.71001,46.863,0,84,66,44,2760,10501,5.13268,162,16.8148,0,0,5441,28766937880
227.143,4.4025,46.863,0,84,66,44,2760,10501,5.13268,162,16.8148,0,0,5441,28771340692
1332.03,0.750736,46.863,0,84,66,44,2760,10501,5.13268,162,16.8148,0,0,5441,28772091496
185.652,5.38641,46.863,0,84,66,44,2760,10501,5.13268,162,16.8148,0,0,5441,28777478447
2427.38,0.411966,46.863,0,84,66,44,2760,10501,5.13268,162,16.8148,0,0,5441,28777890393
440.143,2.27199,46.863,0,84,66,44,2760,10501,5.13268,162,16.8148,0,0,5441,28780162903
241.303,4.14417,46.863,0,84,66,44,2760,10501,5.13268,162,16.8148,0,0,5441,28784307485
387.416,2.5812,46.863,0,84,66,44,2760,10501,5.13268,162,16.8148,0,0,5441,28786888879
241.27,4.14473,46.863,0,84,66,44,2760,10501,5.13268,162,16.8148,0,0,5441,28791034202
876.453,1.14096,46.863,0,84,66,44,2760,10501,5.13268,162,16.8148,0,0,5441,28792175586
566.516,1.76517,46.863,0,84,66,44,2760,10501,5.13268,162,16.8148,0,0,5441,28793941030
273.805,3.65224,46.863,0,84,66,44,2760,10501,5.13268,162,16.8148,0,0,5441,28797593827
332.382,3.00858,46.863,0,84,66,44,2760,10501,5.13268,162,16.8148,0,0,5441,28800602880
232.977,4.29226,46.863,0,84,66,44,2760,10501,5.13268,162,16.8148,0,0,5441,28804895582
384.115,2.60339,46.863,0,84,66,44,2760,10501,5.13268,162,16.8148,0,0,5441,28807499285
159.819,6.25708,46.863,0,84,66,44,2760,10501,5.13268,162,16.8148,0,0,5441,28813757006
2396.73,0.417235,46.863,0,84,66,44,2760,10501,5.13268,162,16.8148,0,0,5441,28814174328
374.403,2.67092,46.863,0,84,66,44,2760,10501,5.13268,162,16.8148,0,0,5441,28816845648
300.453,3.3283,46.863,0,84,66,44,2760,10501,5.13268,162,16.8148,0,0,5441,28820174539
485.117,2.06136,46.863,0,84,66,44,2760,10501,5.13268,162,16.8148,0,0,5441,28822236224
257.474,3.88389,46.863,0,84,66,44,2760,10501,5.13268,162,16.8148,0,0,5441,28826120596
399.394,2.5038,46.863,0,84,66,44,2760,10501,5.13268,162,16.8148,0,0,5441,28828625122
238.297,4.19644,46.863,0,84,66,44,2760,10501,5.13268,162,16.8148,0,0,5441,28832821908
1142.62,0.875183,46.863,0,84,66,44,2760,10501,5.13268,162,16.8148,0,0,5441,28833697139
173.017,5.77977,46.863,0,84,66,44,2760,10501,5.13268,162,16.8148,0,0,5441,28839477325
272.249,3.67311,46.863,0,84,66,44,2760,10501,5.13268,162,16.8148,0,0,5441,28843150968
343.709,2.90944,46.863,0,84,66,44,2760,10501,5.13268,162,16.8148,0,0,5441,28846060816
407.113,2.45632,46.863,0,84,66,44,2760,10501,5.13268,162,16.8148,0,0,5441,28848517235
657.656,1.52055,46.863,0,84,66,44,2760,10501,5.13268,162,16.8148,0,0,5441,28850038277
335.431,2.98124,46.863,0,84,66,44,2760,10501,5.13268,162,16.8148,0,0,5441,28853019617
301.773,3.31375,46.863,0,84,66,44,2760,10501,5.13268,162,16.8148,0,0,5441,28856333806
223.267,4.47894,46.863,0,84,66,44,2760,10501,5.13268,162,16.8148,0,0,5441,28860813197
475.013,2.10521,46.863,0,84,66,44,2760,10501,5.13268,162,16.8148,0,0,5441,28862918903
272.115,3.67492,46.863,0,84,66,44,2760,10501,5.13268,162,16.8148,0,0,5441,28866594190
196.406,5.09149,46.863,0,84,66,44,2760,10501,5.13268,162,16.8148,0,0,5441,28871686304
387.766,2.57888,46.863,0,84,66,44,2760,10501,5.13268,162,16.8148,0,0,5441,28874265978
228.589,4.37466,46.863,0,84,66,44,2760,10501,5.13268,162,16.8148,0,0,5441,28878641577
1329.32,0.752266,46.863,0,84,66,44,2760,10501,5.13268,162,16.8148,0,0,5441,28879393823
103.622,9.65048,46.863,0,84,66,44,2760,10501,5.13268,162,16.8148,0,0,5441,28889045658
336.588,2.97099,46.863,0,84,66,44,2760,10501,5.13268,162,16.8148,0,0,5441,28892016845
291.668,3.42856,46.863,0,84,66,44,2760,10501,5.13268,162,16.8148,0,0,5441,28895445634
562.95,1.77636,46.863,0,84,66,44,2760,10501,5.13268,162,16.8148,0,0,5441,28897222722
130.44,7.66638,46.863,0,84,66,44,2760,10501,5.13268,162,16.8148,0,0,5441,28904889404
573.454,1.74382,46.863,0,84,66,44,2760,10501,5.13268,162,16.8148,0,0,5441,28906633626
287.131,3.48273,46.863,0,84,66,44,2760,10501,5.13268,162,16.8148,0,0,5441,28910116715
359.407,2.78236,46.863,0,84,66,44,2760,10501,5.13268,162,16.8148,0,0,5441,28912899683
355.694,2.8114,46.863,0,84,66,44,2760,10501,5.13268,162,16.8148,0,0,5441,28915711393
258.803,3.86394,46.863,0,84,66,44,2760,10501,5.13268,162,16.8148,0,0,5441,28919575668
1571.58,0.636301,46.863,0,84,66,44,2760,10501,5.13268,162,16.8148,0,0,5441,28920212632
463.692,2.1566,46.863,0,84,66,44,2760,10501,5.13268,162,16.8148,0,0,5441,28922369320
259.946,3.84696,46.863,0,84,66,44,2760,10501,5.13268,162,16.8148,0,0,5441,28926216613
271.266,3.68642,46.863,0,84,66,44,2760,10501,5.13268,162,16.8148,0,0,5441,28929903449
584.549,1.71072,46.863,0,84,66,44,2760,10501,5.13268,162,16.8148,0,0,5441,28931614766
495.62,2.01767,46.863,0,84,66,44,2760,10501,5.13268,162,16.8148,0,0,5441,28933632863
281.868,3.54775,46.863,0,84,66,44,2760,10501,5.13268,162,16.8148,0,0,5441,28937180867
309.847,3.2274,46.863,0,84,66,44,2760,10501,5.13268,162,16.8148,0,0,5441,28940408678
613.201,1.63079,46.863,0,84,66,44,2760,10501,5.13268,162,16.8148,0,0,5441,28942039636
215.823,4.63342,46.863,0,84,66,44,2760,10501,5.13268,162,16.8148,0,0,5441,28946673331
447.001,2.23713,46.863,0,84,66,44,2760,10501,5.13268,162,16.8148,0,0,5441,28948910906
756.542,1.3218,46.863,0,84,66,44,2760,10501,5.13268,162,16.8148,0,0,5441,28950232874
365.905,2.73295,46.863,0,84,66,44,2760,10501,5.13268,162,16.8148,0,0,5441,28952966351
223.046,4.48338,46.863,0,84,66,44,2760,10501,5.13268,162,16.8148,0,0,5441,28957450204
353.583,2.82819,46.863,0,84,66,44,2760,10501,5.13268,162,16.8148,0,0,5441,28960278886
745.206,1.34191,46.863,0,84,66,44,2760,10501,5.13268,162,16.8148,0,0,5441,28961621075
372.758,2.68271,46.863,0,84,66,44,2760,10501,5.13268,162,16.8148,0,0,5441,28964304271
352.127,2.83988,46.863,0,84,66,44,2760,10501,5.13268,162,16.8148,0,0,5441,28967144665
302.306,3.30791,46.863,0,84,66,44,2760,10501,5.13268,162,16.8148,0,0,5441,28970452594
229.576,4.35586,46.863,0,84,66,44,2760,10501,5.13268,162,16.8148,0,0,5441,28974808760
622.115,1.60742,46.863,0,84,66,44,2760,10501,5.13268,162,16.8148,0,0,5441,28976416564
320.723,3.11795,46.863,0,84,66,44,2760,10501,5.13268,162,16.8148,0,0,5441,28979534996
513.013,1.94927,46.863,0,84,66,44,2760,10501,5.13268,162,16.8148,0,0,5441,28981484639
341.202,2.93082,46.863,0,84,66,44,2760,10501,5.13268,162,16.8148,0,0,5441,28984415795
327.873,3.04996,46.863,0,84,66,44,2760,10501,5.13268,162,16.8148,0,0,5441,28987466167
208.184,4.80344,46.863,0,84,66,44,2760,10501,5.13268,162,16.8148,0,0,5441,28992269925
341.013,2.93244,46.863,0,84,66,44,2760,10501,5.13268,162,16.8148,0,0,5441,28995202697
1094.65,0.913531,46.863,0,84,66,44,2760,10501,5.13268,162,16.8148,0,0,5441,28996116141
183.973,5.43558,46.863,0,84,66,44,2760,10501,5.13268,162,16.8148,0,0,5441,29001552180
537.439,1.86068,46.863,0,84,66,44,2760,10501,5.13268,162,16.8148,0,0,5441,29003413243
594.157,1.68306,46.863,0,84,66,44,2760,10501,5.13268,162,16.8148,0,0,5441,29005096684
354.318,2.82233,46.863,0,84,66,44,2760,10501,5.13268,162,16.8148,0,0,5441,29007919472
332.633,3.00631,46.863,0,84,66,44,2760,10501,5.13268,162,16.8148,0,0,5441,29010926025
397.17,2.51782,46.863,0,84,66,44,2760,10501,5.13268,162,16.8148,0,0,5441,29013444235
345.088,2.89781,46.863,0,84,66,44,2760,10501,5.13268,162,16.8148,0,0,5441,29016342313
248.111,4.03045,46.863,0,84,66,44,2760,10501,5.13268,162,16.8148,0,0,5441,29020373218
717.489,1.39375,46.863,0,84,66,44,2760,10501,5.13268,162,16.8148,0,0,5441,29021767294
284.886,3.51018,46.863,0,84,66,44,2760,10501,5.13268,162,16.8148,0,0,5441,29025277778
370.125,2.70179,46.863,0,84,66,44,2760,10501,5.13268,162,16.8148,0,0,5441,29027980071
434.545,2.30126,46.863,0,84,66,44,2760,10501,5.13268,162,16.8148,0,0,5441,29030281764
299.392,3.3401,46.863,0,84,66,44,2760,10501,5.13268,162,16.8148,0,0,5441,29033622126
244.221,4.09466,46.863,0,84,66,44,2760,10501,5.13268,162,16.8148,0,0,5441,29037717216
531.622,1.88103,46.863,0,84,66,44,2760,10501,5.13268,162,16.8148,0,0,5441,29039598443
400.524,2.49673,46.863,0,84,66,44,2760,10501,5.13268,162,16.8148,0,0,5441,29042095441
322.566,3.10014,46.863,0,84,66,44,2760,10501,5.13268,162,16.8148,0,0,5441,29045196026
528.319,1.89279,46.863,0,84,66,44,2760,10501,5.13268,162,16.8148,0,0,5441,29047089157
358.161,2.79204,46.863,0,84,66,44,2760,10501,5.13268,162,16.8148,0,0,5441,29049881607
324.223,3.0843,46.863,0,84,66,44,2760,10501,5.13268,162,16.8148,0,0,5441,29052966355
204.343,4.89372,46.863,0,84,66,44,2760,10501,5.13268,162,16.8148,0,0,5441,29057860770
235.402,4.24806,46.863,0,84,66,44,2760,10501,5.13268,162,16.8148,0,0,5441,29062109048
2121.21,0.471429,46.863,0,84,66,44,2760,10501,5.13268,162,16.8148,0,0,5441,29062580400
540.185,1.85122,46.863,0,84,66,44,2760,10501,5.13268,162,16.8148,0,0,5441,29064432222
286.655,3.48851,46.863,0,84,66,44,2760,10501,5.13268,162,16.8148,0,0,5441,29067921225
448.197,2.23116,46.863,0,84,66,44,2760,10501,5.13268,162,16.8148,0,0,5441,29070152531
366.54,2.72822,46.863,0,84,66,44,2760,10501,5.13268,162,16.8148,0,0,5441,29072881074
375.321,2.66439,46.863,0,84,66,44,2760,10501,5.13268,162,16.8148,0,0,5441,29075546039
330.657,3.02429,46.863,0,84,66,44,2760,10501,5.13268,162,16.8148,0,0,5441,29078570766
180.759,5.53223,46.863,0,84,66,44,2760,10501,5.13268,162,16.8148,0,0,5441,29084103356
350.983,2.84914,46.863,0,84,66,44,2760,10501,5.13268,162,16.8148,0,0,5441,29086952914
344.93,2.89914,46.863,0,84,66,44,2760,10501,5.13268,162,16.8148,0,0,5441,29089852377
1394.22,0.717245,46.863,0,84,66,44,2760,10501,5.13268,162,16.8148,0,0,5441,29090569709
405.422,2.46656,46.863,0,84,66,44,2760,10501,5.13268,162,16.8148,0,0,5441,29093036629
268.484,3.72462,46.863,0,84,66,44,2760,10501,5.13268,162,16.8148,0,0,5441,29096761889
543.844,1.83876,46.863,0,84,66,44,2760,10501,5.13268,162,16.8148,0,0,5441,29098601307
340.207,2.93939,46.863,0,84,66,44,2760,10501,5.13268,162,16.8148,0,0,5441,29101540800
311.025,3.21518,46.863,0,84,66,44,2760,10501,5.13268,162,16.8148,0,0,5441,29104756351
314.852,3.1761,46.863,0,84,66,44,2760,10501,5.13268,162,16.8148,0,0,5441,29107932756
230.454,4.33926,46.863,0,84,66,44,2760,10501,5.13268,162,16.8148,0,0,5441,29112272527
345.958,2.89052,46.863,0,84,66,44,2760,10501,5.13268,162,16.8148,0,0,5441,29115163240
2340.21,0.427312,46.863,0,84,66,44,2760,10501,5.13268,162,16.8148,0,0,5441,29115590831
425.008,2.3529,46.863,0,84,66,44,2760,10501,5.13268,162,16.8148,0,0,5441,29117944170
344.501,2.90275,46.863,0,84,66,44,2760,10501,5.13268,162,16.8148,0,0,5441,29120849268
371.723,2.69018,49.0298,0,84,67,44,2760,10501,5.13268,164,16.8175,0,0,5434,29123537599
278.515,3.59047,49.0298,0,84,67,44,2760,10501,5.13268,164,16.8175,0,0,5434,29127128403
594.062,1.68333,49.0298,0,84,67,44,2760,10501,5.13268,164,16.8175,0,0,5434,29128812027
371.8,2.68962,49.0298,0,84,67,44,2760,10501,5.13268,164,16.8175,0,0,5434,29131501935
376.883,2.65334,49.0298,0,84,67,44,2760,10501,5.13268,164,16.8175,0,0,5434,29134155582
199.002,5.02506,49.0298,0,84,67,44,2760,10501,5.13268,164,16.8175,0,0,5434,29139181107
640.972,1.56013,49.0298,0,84,67,44,2760,10501,5.13268,164,16.8175,0,0,5434,29140741505
213.805,4.67717,49.0298,0,84,67,44,2760,10501,5.13268,164,16.8175,0,0,5434,29145419134
1721.14,0.58101,49.0298,0,84,67,44,2760,10501,5.13268,164,16.8175,0,0,5434,29146000365
285.102,3.50751,49.0298,0,84,67,44,2760,10501,5.13268,164,16.8175,0,0,5434,29149508387
651.599,1.53469,49.0298,0,84,67,44,2760,10501,5.13268,164,16.8175,0,0,5434,29151043324
428.444,2.33403,49.0298,0,84,67,44,2760,10501,5.13268,164,16.8175,0,0,5434,29153377402
283.089,3.53245,49.0298,0,84,67,44,2760,10501,5.13268,164,16.8175,0,0,5434,29156910310
321.411,3.11128,49.0298,0,84,67,44,2760,10501,5.13268,164,16.8175,0,0,5434,29160021924
399.119,2.50552,49.0298,0,84,67,44,2760,10501,5.13268,164,16.8175,0,0,5434,29162527884
335.864,2.9774,49.0298,0,84,67,44,2760,10501,5.13268,164,16.8175,0,0,5434,29165505465
284.767,3.51165,49.0298,0,84,67,44,2760,10501,5.13268,164,16.8175,0,0,5434,29169017535
629.648,1.58819,49.0298,0,84,67,44,2760,10501,5.13268,164,16.8175,0,0,5434,29170606060
378.136,2.64455,49.0298,0,84,67,44,2760,10501,5.13268,164,16.8175,0,0,5434,29173250976
363.576,2.75046,49.0298,0,84,67,44,2760,10501,5.13268,164,16.8175,0,0,5434,29176001953
350.166,2.85579,49.0298,0,84,67,44,2760,10501,5.13268,164,16.8175,0,0,5434,29178857963
280.817,3.56104,49.0298,0,84,67,44,2760,10501,5.13268,164,16.8175,0,0,5434,29182419343
471.708,2.11996,49.0298,0,84,67,44,2760,10501,5.13268,164,16.8175,0,0,5434,29184539626
377.005,2.65248,49.0298,0,84,67,44,2760,10501,5.13268,164,16.8175,0,0,5434,29187192455
453.79,2.20366,49.0298,0,84,67,44,2760,10501,5.13268,164,16.8175,0,0,5434,29189396453
345.777,2.89204,49.0298,0,84,67,44,2760,10501,5.13268,164,16.8175,0,0,5434,29192288810
322.459,3.10117,49.0298,0,84,67,44,2760,10501,5.13268,164,16.8175,0,0,5434,29195390270
425.761,2.34873,49.0298,0,84,67,44,2760,10501,5.13268,164,16.8175,0,0,5434,29197739320
372.724,2.68295,49.0298,0,84,67,44,2760,10501,5.13268,164,16.8175,0,0,5434,29200422536
331.204,3.01928,49.0298,0,84,67,44,2760,10501,5.13268,164,16.8175,0,0,5434,29203442176
371.551,2.69142,49.0298,0,84,67,44,2760,10501,5.13268,164,16.8175,0,0,5434,29206133892
491.565,2.03432,49.0298,0,84,67,44,2760,10501,5.13268,164,16.8175,0,0,5434,29208168595
365.697,2.7345,49.0298,0,84,67,44,2760,10501,5.13268,164,16.8175,0,0,5434,29210903408
366.904,2.72551,49.0298,0,84,67,44,2760,10501,5.13268,164,16.8175,0,0,5434,29213629212
326.172,3.06586,49.0298,0,84,67,44,2760,10501,5.13268,164,16.8175,0,0,5434,29216695373
314.929,3.17532,49.0298,0,84,67,44,2760,10501,5.13268,164,16.8175,0,0,5434,29219871009
242.838,4.11798,49.0298,0,84,67,44,2760,10501,5.13268,164,16.8175,0,0,5434,29223989301
657.419,1.5211,49.0298,0,84,67,44,2760,10501,5.13268,164,16.8175,0,0,5434,29225510804
479.525,2.0854,49.0298,0,84,67,44,2760,10501,5.13268,164,16.8175,0,0,5434,29227596442
381.606,2.6205,49.0298,0,84,67,44,2760,10501,5.13268,164,16.8175,0,0,5434,29230217367
444.656,2.24893,49.0298,0,84,67,44,2760,10501,5.13268,164,16.8175,0,0,5434,29232466625
416.716,2.39971,49.0298,0,84,67,44,2760,10501,5.13268,164,16.8175,0,0,5434,29234866754
299.472,3.33921,49.0298,0,84,67,44,2760,10501,5.13268,164,16.8175,0,0,5434,29238206232
372.831,2.68218,49.0298,0,84,67,44,2760,10501,5.13268,164,16.8175,0,0,5434,29240888794
389.23,2.56917,49.0298,0,84,67,44,2760,10501,5.13268,164,16.8175,0,0,5434,29243458448
280.705,3.56246,49.0298,0,84,67,44,2760,10501,5.13268,164,16.8175,0,0,5434,29247021135
532.491,1.87797,49.0298,0,84,67,44,2760,10501,5.13268,164,16.8175,0,0,5434,29248899621
391.568,2.55384,49.0298,0,84,67,44,2760,10501,5.13268,164,16.8175,0,0,5434,29251453650
392.457,2.54805,49.0298,0,84,67,44,2760,10501,5.13268,164,16.8175,0,0,5434,29254002226
372.412,2.6852,49.0298,0,84,67,44,2760,10501,5.13268,164,16.8175,0,0,5434,29256687490
333.705,2.99666,49.0298,0,84,67,44,2760,10501,5.13268,164,16.8175,0,0,5434,29259684504
390.512,2.56074,49.0298,0,84,67,44,2760,10501,5.13268,164,16.8175,0,0,5434,29262245667
350.529,2.85283,49.0298,0,84,67,44,2760,10501,5.13268,164,16.8175,0,0,5434,29265098725
374.104,2.67305,49.0298,0,84,67,44,2760,10501,5.13268,164,16.8175,0,0,5434,29267772104
347.472,2.87793,49.0298,0,84,67,44,2760,10501,5.13268,164,16.8175,0,0,5434,29270650556
209.063,4.78325,49.0298,0,84,67,44,2760,10501,5.13268,164,16.8175,0,0,5434,29275434208
873.465,1.14487,49.0298,0,84,67,44,2760,10501,5.13268,164,16.8175,0,0,5434,29276579256
453.963,2.20282,49.0298,0,84,67,44,2760,10501,5.13268,164,16.8175,0,0,5434,29278782542
275.375,3.63141,49.0298,0,84,67,44,2760,10501,5.13268,164,16.8175,0,0,5434,29282414251
628.651,1.59071,49.0298,0,84,67,44,2760,10501,5.13268,164,16.8175,0,0,5434,29284005295
281.908,3.54725,49.0298,0,84,67,44,2760,10501,5.13268,164,16.8175,0,0,5434,29287552972
424.031,2.35832,49.0298,0,84,67,44,2760,10501,5.13268,164,16.8175,0,0,5434,29289911513
349.093,2.86457,49.0298,0,84,67,44,2760,10501,5.13268,164,16.8175,0,0,5434,29292776494
372.183,2.68685,49.0298,0,84,67,44,2760,10501,5.13268,164,16.8175,0,0,5434,29295463614
493.695,2.02554,49.0298,0,84,67,44,2760,10501,5.13268,164,16.8175,0,0,5434,29297489393
282.603,3.53853,49.0298,0,84,67,44,2760,10501,5.13268,164,16.8175,0,0,5434,29301028368
326.293,3.06473,49.0298,0,84,67,44,2760,10501,5.13268,164,16.8175,0,0,5434,29304093577
609.275,1.6413,49.0298,0,84,67,44,2760,10501,5.13268,164,16.8175,0,0,5434,29305734912
258.34,3.87087,49.0298,0,84,67,44,2760,10501,5.13268,164,16.8175,0,0,5434,29309606234
511.736,1.95413,49.0298,0,84,67,44,2760,10501,5.13268,164,16.8175,0,0,5434,29311560646
284.774,3.51155,49.0298,0,84,67,44,2760,10501,5.13268,164,16.8175,0,0,5434,29315072726
645.132,1.55007,49.0298,0,84,67,44,2760,10501,5.13268,164,16.8175,0,0,5434,29316623105
380.796,2.62608,49.0298,0,84,67,44,2760,10501,5.13268,164,16.8175,0,0,5434,29319249521
373.216,2.67942,49.0298,0,84,67,44,2760,10501,5.13268,164,16.8175,0,0,5434,29321929150
381.633,2.62032,49.0298,0,84,67,44,2760,10501,5.13268,164,16.8175,0,0,5434,29324549796
258.299,3.87149,49.0298,0,84,67,44,2760,10501,5.13268,164,16.8175,0,0,5434,29328421753
883.107,1.13236,49.0298,0,84,67,44,2760,10501,5.13268,164,16.8175,0,0,5434,29329554147
329.877,3.03143,49.0298,0,84,67,44,2760,10501,5.13268,164,16.8175,0,0,5434,29332586086
244.734,4.08607,49.0298,0,84,67,44,2760,10501,5.13268,164,16.8175,0,0,5434,29336672570
1385.95,0.721525,49.0298,0,84,67,44,2760,10501,5.13268,164,16.8175,0,0,5434,29337394354
364.262,2.74528,49.0298,0,84,67,44,2760,10501,5.13268,164,16.8175,0,0,5434,29340139984
357.741,2.79532,49.0298,0,84,67,44,2760,10501,5.13268,164,16.8175,0,0,5434,29342935579
328.773,3.04161,49.0298,0,84,67,44,2760,10501,5.13268,164,16.8175,0,0,5434,29345977460
370.326,2.70032,49.0298,0,84,67,44,2760,10501,5.13268,164,16.8175,0,0,5434,29348678090
552.271,1.81071,49.0298,0,84,67,44,2760,10501,5.13268,164,16.8175,0,0,5434,29350489064
243.882,4.10035,49.0298,0,84,67,44,2760,10501,5.13268,164,16.8175,0,0,5434,29354589914
438.255,2.28178,49.0298,0,84,67,44,2760,10501,5.13268,164,16.8175,0,0,5434,29356872019
511.61,1.95461,49.0298,0,84,67,44,2760,10501,5.13268,164,16.8175,0,0,5434,29358826826
352.428,2.83746,49.0298,0,84,67,44,2760,10501,5.13268,164,16.8175,0,0,5434,29361664739
348.339,2.87077,49.0298,0,84,67,44,2760,10501,5.13268,164,16.8175,0,0,5434,29364535720
445.307,2.24564,49.0298,0,84,67,44,2760,10501,5.13268,164,16.8175,0,0,5434,29366781700
286.812,3.48661,49.0298,0,84,67,44,2760,10501,5.13268,164,16.8175,0,0,5434,29370268625
525.121,1.90432,49.0298,0,84,67,44,2760,10501,5.13268,164,16.8175,0,0,5434,29372173227
358.999,2.78553,49.0298,0,84,67,44,2760,10501,5.13268,164,16.8175,0,0,5434,29374959244
265.508,3.76637,49.0298,0,84,67,44,2760,10501,5.13268,164,16.8175,0,0,5434,29378726054
362.228,2.76069,49.0298,0,84,67,44,2760,10501,5.13268,164,16.8175,0,0,5434,29381486926
498.758,2.00498,49.0298,0,84,67,44,2760,10501,5.13268,164,16.8175,0,0,5434,29383492205
537.175,1.86159,49.0298,0,84,67,44,2760,10501,5.13268,164,16.8175,0,0,5434,29385354114
397.139,2.51801,49.0298,0,84,67,44,2760,10501,5.13268,164,16.8175,0,0,5434,29387872430
383.201,2.6096,49.0298,0,84,67,44,2760,10501,5.13268,164,16.8175,0,0,5434,29390482479
315.665,3.16791,49.0298,0,84,67,44,2760,10501,5.13268,164,16.8175,0,0,5434,29393650663
451.307,2.21579,49.0298,0,84,67,44,2760,10501,5.13268,164,16.8175,0,0,5434,29395866757
327.703,3.05154,49.0298,0,84,67,44,2760,10501,5.13268,164,16.8175,0,0,5434,29398918773
209.075,4.78297,49.0298,0,84,67,44,2760,10501,5.13268,164,16.8175,0,0,5434,29403702098
1177.62,0.849172,49.0298,0,84,67,44,2760,10501,5.13268,164,16.8175,0,0,5434,29404551338
333.586,2.99773,49.0298,0,84,67,44,2760,10501,5.13268,164,16.8175,0,0,5434,29407549506
500.036,1.99986,49.0298,0,84,67,44,2760,10501,5.13268,164,16.8175,0,0,5434,29409549708
300.875,3.32364,49.0298,0,84,67,44,2760,10501,5.13268,164,16.8175,0,0,5434,29412873599
383.257,2.60921,49.0298,0,84,67,44,2760,10501,5.13268,164,16.8175,0,0,5434,29415483158
557.153,1.79484,49.0298,0,84,67,44,2760,10501,5.13268,164,16.8175,0,0,5434,29417278315
335.469,2.9809,49.0298,0,84,67,44,2760,10501,5.13268,164,16.8175,0,0,5434,29420259415
423.011,2.364,49.0298,0,84,67,44,2760,10501,5.13268,164,16.8175,0,0,5434,29422623889
432.053,2.31453,49.0298,0,84,67,44,2760,10501,5.13268,164,16.8175,0,0,5434,29424938659
336.775,2.96934,49.0298,0,84,67,44,2760,10501,5.13268,164,16.8175,0,0,5434,29427908317
450.172,2.22137,49.0298,0,84,67,44,2760,10501,5.13268,164,16.8175,0,0,5434,29430130036
169.386,5.90369,49.0298,0,84,67,44,2760,10501,5.13268,164,16.8175,0,0,5434,29436034206
418.966,2.38683,49.0298,0,84,67,44,2760,10501,5.13268,164,16.8175,0,0,5434,29438421489
507.001,1.97238,49.0298,0,84,67,44,2760,10501,5.13268,164,16.8175,0,0,5434,29440394094
420.626,2.37741,49.0298,0,84,67,44,2760,10501,5.13268,164,16.8175,0,0,5434,29442771962
211.512,4.72786,49.0298,0,84,67,44,2760,10501,5.13268,164,16.8175,0,0,5434,29447500035
502.28,1.99092,49.0298,0,84,67,44,2760,10501,5.13268,164,16.8175,0,0,5434,29449491439
704.183,1.42009,49.0298,0,84,67,44,2760,10501,5.13268,164,16.8175,0,0,5434,29450911688
360.378,2.77486,49.0298,0,84,67,44,2760,10501,5.13268,164,16.8175,0,0,5434,29453687022
359.14,2.78443,49.0298,0,84,67,44,2760,10501,5.13268,164,16.8175,0,0,5434,29456471722
397.385,2.51645,49.0298,0,84,67,44,2760,10501,5.13268,164,16.8175,0,0,5434,29458988480
331.591,3.01576,49.0298,0,84,67,44,2760,10501,5.13268,164,16.8175,0,0,5434,29462004755
528.886,1.89077,49.0298,0,84,67,44,2760,10501,5.13268,164,16.8175,0,0,5434,29463895607
367.215,2.7232,49.0298,0,84,67,44,2760,10501,5.13268,164,16.8175,0,0,5434,29466619333
337.058,2.96685,49.0298,0,84,67,44,2760,10501,5.13268,164,16.8175,0,0,5434,29469586558
396.055,2.5249,49.0298,0,84,67,44,2760,10501,5.13268,164,16.8175,0,0,5434,29472111595
308.542,3.24105,49.0298,0,84,67,44,2760,10501,5.13268,164,16.8175,0,0,5434,29475353022
363.52,2.75088,49.0298,0,84,67,44,2760,10501,5.13268,164,16.8175,0,0,5434,29478104191
410.605,2.43543,49.0298,0,84,67,44,2760,10501,5.13268,164,16.8175,0,0,5434,29480539889
382.483,2.61449,49.0298,0,84,67,44,2760,10501,5.13268,164,16.8175,0,0,5434,29483154592
309.401,3.23205,49.0298,0,84,67,44,2760,10501,5.13268,164,16.8175,0,0,5434,29486387105
203.196,4.92135,49.0298,0,84,67,44,2760,10501,5.13268,164,16.8175,0,0,5434,29491308752
2166.59,0.461554,49.0298,0,84,67,44,2760,10501,5.13268,164,16.8175,0,0,5434,29491770738
504.401,1.98255,49.0298,0,84,67,44,2760,10501,5.13268,164,16.8175,0,0,5434,29493753623
316.209,3.16246,49.0298,0,84,67,44,2760,10501,5.13268,164,16.8175,0,0,5434,29496916296
375.979,2.65972,49.0298,0,84,67,44,2760,10501,5.13268,164,16.8175,0,0,5434,29499576376
456.56,2.19029,49.0298,0,84,67,44,2760,10501,5.13268,164,16.8175,0,0,5434,29501767018
338.471,2.95446,49.0298,0,84,67,44,2760,10501,5.13268,164,16.8175,0,0,5434,29504721915
316.306,3.16149,49.0298,0,84,67,44,2760,10501,5.13268,164,16.8175,0,0,5434,29507883685
476.958,2.09662,49.0298,0,84,67,44,2760,10501,5.13268,164,16.8175,0,0,5434,29509980650
361.406,2.76697,49.0298,0,84,67,44,2760,10501,5.13268,164,16.8175,0,0,5434,29512748090
207.766,4.81311,49.0298,0,84,67,44,2760,10501,5.13268,164,16.8175,0,0,5434,29517561752
571.868,1.74865,49.0298,0,84,67,44,2760,10501,5.13268,164,16.8175,0,0,5434,29519310647
398.26,2.51092,49.0298,0,84,67,44,2760,10501,5.13268,164,16.8175,0,0,5434,29521821876
398.785,2.50761,49.0298,0,84,67,44,2760,10501,5.13268,164,16.8175,0,0,5434,29524329807
382.076,2.61728,49.0298,0,84,67,44,2760,10501,5.13268,164,16.8175,0,0,5434,29526947472
370.163,2.70151,49.0298,0,84,67,44,2760,10501,5.13268,164,16.8175,0,0,5434,29529649342
345.943,2.89065,49.0298,0,84,67,44,2760,10501,5.13268,164,16.8175,0,0,5434,29532540420
426.397,2.34523,49.0298,0,84,67,44,2760,10501,5.13268,164,16.8175,0,0,5434,29534886220
361.433,2.76677,49.0298,0,84,67,44,2760,10501,5.13268,164,16.8175,0,0,5434,29537653227
328.145,3.04743,49.0298,0,84,67,44,2760,10501,5.13268,164,16.8175,0,0,5434,29540701080
327.528,3.05317,49.0298,0,84,67,44,2760,10501,5.13268,164,16.8175,0,0,5434,29543754481
361.634,2.76523,49.0298,0,84,67,44,2760,10501,5.13268,164,16.8175,0,0,5434,29546520083
587.05,1.70343,49.0298,0,84,67,44,2760,10501,5.13268,164,16.8175,0,0,5434,29548223756
394.988,2.53172,49.0298,0,84,67,44,2760,10501,5.13268,164,16.8175,0,0,5434,29550755861
324.15,3.08499,49.0298,0,84,67,44,2760,10501,5.13268,164,16.8175,0,0,5434,29553841080
341.483,2.92841,49.0298,0,84,67,44,2760,10501,5.13268,164,16.8175,0,0,5434,29556769804
372.677,2.68329,49.0298,0,84,67,44,2760,10501,5.13268,164,16.8175,0,0,5434,29559453413
392.44,2.54816,49.0298,0,84,67,44,2760,10501,5.13268,164,16.8175,0,0,5434,29562001922
276.931,3.61101,49.0298,0,84,67,44,2760,10501,5.13268,164,16.8175,0,0,5434,29565613265
459.517,2.1762,49.0298,0,84,67,44,2760,10501,5.13268,164,16.8175,0,0,5434,29567789781
269.571,3.7096,49.0298,0,84,67,44,2760,10501,5.13268,164,16.8175,0,0,5434,29571499656
476.572,2.09832,49.0298,0,84,67,44,2760,10501,5.13268,164,16.8175,0,0,5434,29573598419
525.936,1.90137,49.0298,0,84,67,44,2760,10501,5.13268,164,16.8175,0,0,5434,29575500089
330.109,3.0293,49.0298,0,84,67,44,2760,10501,5.13268,164,16.8175,0,0,5434,29578529710
390.105,2.56341,49.0298,0,84,67,44,2760,10501,5.13268,164,16.8175,0,0,5434,29581093479
370.607,2.69827,49.0298,0,84,67,44,2760,10501,5.13268,164,16.8175,0,0,5434,29583792118
397.183,2.51773,49.0298,0,84,67,44,2760,10501,5.13268,164,16.8175,0,0,5434,29586310068
339.534,2.94521,49.0298,0,84,67,44,2760,10501,5.13268,164,16.8175,0,0,5434,29589255649
421.45,2.37276,49.0298,0,84,67,44,2760,10501,5.13268,164,16.8175,0,0,5434,29591628777
321.722,3.10828,49.0298,0,84,67,44,2760,10501,5.13268,164,16.8175,0,0,5434,29594737420
268.691,3.72174,49.0298,0,84,67,44,2760,10501,5.13268,164,16.8175,0,0,5434,29598459670
644.684,1.55115,49.0298,0,84,67,44,2760,10501,5.13268,164,16.8175,0,0,5434,29600011155
440.327,2.27104,49.0298,0,84,67,44,2760,10501,5.13268,164,16.8175,0,0,5434,29602282414
369.19,2.70863,49.0298,0,84,67,44,2760,10501,5.13268,164,16.8175,0,0,5434,29604991352
351.167,2.84764,49.0298,0,84,67,44,2760,10501,5.13268,164,16.8175,0,0,5434,29607839313
346.036,2.88988,49.0298,0,84,67,44,2760,10501,5.13268,164,16.8175,0,0,5434,29610729718
436.707,2.28987,49.0298,0,84,67,44,2760,10501,5.13268,164,16.8175,0,0,5434,29613019786
291.26,3.43336,49.0298,0,84,67,44,2760,10501,5.13268,164,16.8175,0,0,5434,29616453613
536.978,1.86227,49.0298,0,84,67,44,2760,10501,5.13268,164,16.8175,0,0,5434,29618316109
379.044,2.63821,49.0298,0,84,67,44,2760,10501,5.13268,164,16.8175,0,0,5434,29620957169
216.178,4.62581,44.9482,0,85,67,44,2760,10501,5.13346,163,16.8214,0,0,5439,29625580767
563.185,1.77562,44.9482,0,85,67,44,2760,10501,5.13346,163,16.8214,0,0,5439,29627356750
451.09,2.21685,44.9482,0,85,67,44,2760,10501,5.13346,163,16.8214,0,0,5439,29629573949
502.564,1.9898,44.9482,0,85,67,44,2760,10501,5.13346,163,16.8214,0,0,5439,29631564017
331.861,3.01331,44.9482,0,85,67,44,2760,10501,5.13346,163,16.8214,0,0,5439,29634577637
331.401,3.0175,44.9482,0,85,67,44,2760,10501,5.13346,163,16.8214,0,0,5439,29637595431
362.53,2.75839,44.9482,0,85,67,44,2760,10501,5.13346,163,16.8214,0,0,5439,29640354063
475.552,2.10282,44.9482,0,85,67,44,2760,10501,5.13346,163,16.8214,0,0,5439,29642457326
234.734,4.26014,44.9482,0,85,67,44,2760,10501,5.13346,163,16.8214,0,0,5439,29646717720
617.776,1.61871,44.9482,0,85,67,44,2760,10501,5.13346,163,16.8214,0,0,5439,29648336832
354.83,2.81825,44.9482,0,85,67,44,2760,10501,5.13346,163,16.8214,0,0,5439,29651155398
482.549,2.07233,44.9482,0,85,67,44,2760,10501,5.13346,163,16.8214,0,0,5439,29653228054
329.633,3.03368,44.9482,0,85,67,44,2760,10501,5.13346,163,16.8214,0,0,5439,29656262176
308.135,3.24533,44.9482,0,85,67,44,2760,10501,5.13346,163,16.8214,0,0,5439,29659507910
460.634,2.17092,44.9482,0,85,67,44,2760,10501,5.13346,163,16.8214,0,0,5439,29661679003
503.988,1.98417,44.9482,0,85,67,44,2760,10501,5.13346,163,16.8214,0,0,5439,29663663425
334.855,2.98637,44.9482,0,85,67,44,2760,10501,5.13346,163,16.8214,0,0,5439,29666650209
347.789,2.87531,44.9482,0,85,67,44,2760,10501,5.13346,163,16.8214,0,0,5439,29669525988
400.424,2.49735,44.9482,0,85,67,44,2760,10501,5.13346,163,16.8214,0,0,5439,29672023572
429.935,2.32593,44.9482,0,85,67,44,2760,10501,5.13346,163,16.8214,0,0,5439,29674349833
212.342,4.70938,44.9482,0,85,67,44,2760,10501,5.13346,163,16.8214,0,0,5439,29679059559
493.244,2.0274,44.9482,0,85,67,44,2760,10501,5.13346,163,16.8214,0,0,5439,29681087291
401.483,2.49077,44.9482,0,85,67,44,2760,10501,5.13346,163,16.8214,0,0,5439,29683578356
475.819,2.10164,44.9482,0,85,67,44,2760,10501,5.13346,163,16.8214,0,0,5439,29685680273
339.63,2.94438,44.9482,0,85,67,44,2760,10501,5.13346,163,16.8214,0,0,5439,29688625007
376.722,2.65447,44.9482,0,85,67,44,2760,10501,5.13346,163,16.8214,0,0,5439,29691279788
382.789,2.61241,44.9482,0,85,67,44,2760,10501,5.13346,163,16.8214,0,0,5439,29693892463
372.846,2.68207,44.9482,0,85,67,44,2760,10501,5.13346,163,16.8214,0,0,5439,29696575082
340.095,2.94036,44.9482,0,85,67,44,2760,10501,5.13346,163,16.8214,0,0,5439,29699515585
351.706,2.84329,44.9482,0,85,67,44,2760,10501,5.13346,163,16.8214,0,0,5439,29702359191
241.173,4.14641,44.9482,0,85,67,44,2760,10501,5.13346,163,16.8214,0,0,5439,29706506109
625.693,1.59823,44.9482,0,85,67,44,2760,10501,5.13346,163,16.8214,0,0,5439,29708104567
448.622,2.22905,44.9482,0,85,67,44,2760,10501,5.13346,163,16.8214,0,0,5439,29710333959
212.418,4.70771,44.9482,0,85,67,44,2760,10501,5.13346,163,16.8214,0,0,5439,29715042166
600.279,1.66589,44.9482,0,85,67,44,2760,10501,5.13346,163,16.8214,0,0,5439,29716708251
589.219,1.69716,44.9482,0,85,67,44,2760,10501,5.13346,163,16.8214,0,0,5439,29718405885
434.071,2.30377,44.9482,0,85,67,44,2760,10501,5.13346,163,16.8214,0,0,5439,29720709857
339.613,2.94453,44.9482,0,85,67,44,2760,10501,5.13346,163,16.8214,0,0,5439,29723654706
281.989,3.54624,44.9482,0,85,67,44,2760,10501,5.13346,163,16.8214,0,0,5439,29727201441
547.609,1.82612,44.9482,0,85,67,44,2760,10501,5.13346,163,16.8214,0,0,5439,29729027734
191.172,5.2309,44.9482,0,85,67,44,2760,10501,5.13346,163,16.8214,0,0,5439,29734259160
1493.79,0.669436,44.9482,0,85,67,44,2760,10501,5.13346,163,16.8214,0,0,5439,29734928788
387.138,2.58306,44.9482,0,85,67,44,2760,10501,5.13346,163,16.8214,0,0,5439,29737512135
260.749,3.83511,44.9482,0,85,67,44,2760,10501,5.13346,163,16.8214,0,0,5439,29741347601
634.322,1.57649,44.9482,0,85,67,44,2760,10501,5.13346,163,16.8214,0,0,5439,29742924394
376.195,2.6582,44.9482,0,85,67,44,2760,10501,5.13346,163,16.8214,0,0,5439,29745582916
372.794,2.68245,44.9482,0,85,67,44,2760,10501,5.13346,163,16.8214,0,0,5439,29748265680
420.201,2.37981,44.9482,0,85,67,44,2760,10501,5.13346,163,16.8214,0,0,5439,29750645808
363.492,2.75109,44.9482,0,85,67,44,2760,10501,5.13346,163,16.8214,0,0,5439,29753397459
322.208,3.10359,44.9482,0,85,67,44,2760,10501,5.13346,163,16.8214,0,0,5439,29756501361
241.639,4.1384,44.9482,0,85,67,44,2760,10501,5.13346,163,16.8214,0,0,5439,29760640184
556.995,1.79535,44.9482,0,85,67,44,2760,10501,5.13346,163,16.8214,0,0,5439,29762435782
456.171,2.19216,44.9482,0,85,67,44,2760,10501,5.13346,163,16.8214,0,0,5439,29764628395
361.268,2.76803,44.9482,0,85,67,44,2760,10501,5.13346,163,16.8214,0,0,5439,29767396594
380.365,2.62905,44.9482,0,85,67,44,2760,10501,5.13346,163,16.8214,0,0,5439,29770025971
425.314,2.3512,44.9482,0,85,67,44,2760,10501,5.13346,163,16.8214,0,0,5439,29772377608
344.876,2.8996,44.9482,0,85,67,44,2760,10501,5.13346,163,16.8214,0,0,5439,29775277456
346.32,2.8875,44.9482,0,85,67,44,2760,10501,5.13346,163,16.8214,0,0,5439,29778165303
281.693,3.54997,44.9482,0,85,67,44,2760,10501,5.13346,163,16.8214,0,0,5439,29781715567
432.902,2.30999,44.9482,0,85,67,44,2760,10501,5.13346,163,16.8214,0,0,5439,29784025895
278.231,3.59413,44.9482,0,85,67,44,2760,10501,5.13346,163,16.8214,0,0,5439,29787620506
527.762,1.89479,44.9482,0,85,67,44,2760,10501,5.13346,163,16.8214,0,0,5439,29789515532
473.335,2.11267,44.9482,0,85,67,44,2760,10501,5.13346,163,16.8214,0,0,5439,29791628449
390.831,2.55865,44.9482,0,85,67,44,2760,10501,5.13346,163,16.8214,0,0,5439,29794187401
426.631,2.34395,44.9482,0,85,67,44,2760,10501,5.13346,163,16.8214,0,0,5439,29796531739
312.962,3.19527,44.9482,0,85,67,44,2760,10501,5.13346,163,16.8214,0,0,5439,29799727251
436.668,2.29007,44.9482,0,85,67,44,2760,10501,5.13346,163,16.8214,0,0,5439,29802017559
387.663,2.57956,44.9482,0,85,67,44,2760,10501,5.13346,163,16.8214,0,0,5439,29804597655
303.373,3.29627,44.9482,0,85,67,44,2760,10501,5.13346,163,16.8214,0,0,5439,29807894257
420.152,2.38009,44.9482,0,85,67,44,2760,10501,5.13346,163,16.8214,0,0,5439,29810274539
199.063,5.02353,44.9482,0,85,67,44,2760,10501,5.13346,163,16.8214,0,0,5439,29815298477
586.722,1.70438,44.9482,0,85,67,44,2760,10501,5.13346,163,16.8214,0,0,5439,29817003092
671.578,1.48903,44.9482,0,85,67,44,2760,10501,5.13346,163,16.8214,0,0,5439,29818492402
426.553,2.34438,44.9482,0,85,67,44,2760,10501,5.13346,163,16.8214,0,0,5439,29820837058
300.623,3.32643,44.9482,0,85,67,44,2760,10501,5.13346,163,16.8214,0,0,5439,29824163882
390.487,2.5609,44.9482,0,85,67,44,2760,10501,5.13346,163,16.8214,0,0,5439,29826725141
461.45,2.16708,44.9482,0,85,67,44,2760,10501,5.13346,163,16.8214,0,0,5439,29828892484
364.397,2.74426,44.9482,0,85,67,44,2760,10501,5.13346,163,16.8214,0,0,5439,29831637230
368.685,2.71234,44.9482,0,85,67,44,2760,10501,5.13346,163,16.8214,0,0,5439,29834349735
185.028,5.40458,44.9482,0,85,67,44,2760,10501,5.13346,163,16.8214,0,0,5439,29839755013
445.639,2.24397,44.9482,0,85,67,44,2760,10501,5.13346,163,16.8214,0,0,5439,29841999069
548.331,1.82371,44.9482,0,85,67,44,2760,10501,5.13346,163,16.8214,0,0,5439,29843823217
214.132,4.67001,44.9482,0,85,67,44,2760,10501,5.13346,163,16.8214,0,0,5439,29848493606
576.097,1.73582,44.9482,0,85,67,44,2760,10501,5.13346,163,16.8214,0,0,5439,29850229828
598.149,1.67183,44.9482,0,85,67,44,2760,10501,5.13346,163,16.8214,0,0,5439,29851901845
417.559,2.39487,44.9482,0,85,67,44,2760,10501,5.13346,163,16.8214,0,0,5439,29854297070
279.11,3.58281,44.9482,0,85,67,44,2760,10501,5.13346,163,16.8214,0,0,5439,29857880316
516.984,1.9343,44.9482,0,85,67,44,2760,10501,5.13346,163,16.8214,0,0,5439,29859814824
357.924,2.79389,44.9482,0,85,67,44,2760,10501,5.13346,163,16.8214,0,0,5439,29862609062
392.33,2.54887,44.9482,0,85,67,44,2760,10501,5.13346,163,16.8214,0,0,5439,29865158273
292.467,3.41919,44.9482,0,85,67,44,2760,10501,5.13346,163,16.8214,0,0,5439,29868577705
599.856,1.66707,44.9482,0,85,67,44,2760,10501,5.13346,163,16.8214,0,0,5439,29870245165
338.221,2.95665,44.9482,0,85,67,44,2760,10501,5.13346,163,16.8214,0,0,5439,29873202082
290.842,3.4383,44.9482,0,85,67,44,2760,10501,5.13346,163,16.8214,0,0,5439,29876640727
318.901,3.13577,44.9482,0,85,67,44,2760,10501,5.13346,163,16.8214,0,0,5439,29879776977
754.352,1.32564,44.9482,0,85,67,44,2760,10501,5.13346,163,16.8214,0,0,5439,29881102849
375.984,2.65968,44.9482,0,85,67,44,2760,10501,5.13346,163,16.8214,0,0,5439,29883762881
201.43,4.9645,44.9482,0,85,67,44,2760,10501,5.13346,163,16.8214,0,0,5439,29888727884
1128.25,0.886327,44.9482,0,85,67,44,2760,10501,5.13346,163,16.8214,0,0,5439,29889614386
435.037,2.29866,44.9482,0,85,67,44,2760,10501,5.13346,163,16.8214,0,0,5439,29891913367
294.302,3.39787,44.9482,0,85,67,44,2760,10501,5.13346,163,16.8214,0,0,5439,29895311626
280.323,3.56731,44.9482,0,85,67,44,2760,10501,5.13346,163,16.8214,0,0,5439,29898879236
537.444,1.86066,44.9482,0,85,67,44,2760,10501,5.13346,163,16.8214,0,0,5439,29900740184
539.978,1.85193,44.9482,0,85,67,44,2760,10501,5.13346,163,16.8214,0,0,5439,29902592467
408.236,2.44956,44.9482,0,85,67,44,2760,10501,5.13346,163,16.8214,0,0,5439,29905042482
318.587,3.13886,44.9482,0,85,67,44,2760,10501,5.13346,163,16.8214,0,0,5439,29908181540
181.733,5.50259,44.9482,0,85,67,44,2760,10501,5.13346,163,16.8214,0,0,5439,29913684533
1914.16,0.522422,44.9482,0,85,67,44,2760,10501,5.13346,163,16.8214,0,0,5439,29914207330
360.967,2.77033,44.9482,0,85,67,44,2760,10501,5.13346,163,16.8214,0,0,5439,29916978038
642.382,1.55671,44.9482,0,85,67,44,2760,10501,5.13346,163,16.8214,0,0,5439,29918535120
294.376,3.39702,44.9482,0,85,67,44,2760,10501,5.13346,163,16.8214,0,0,5439,29921932475
246.271,4.06057,44.9482,0,85,67,44,2760,10501,5.13346,163,16.8214,0,0,5439,29925993304
807.213,1.23883,44.9482,0,85,67,44,2760,10501,5.13346,163,16.8214,0,0,5439,29927232470
385.108,2.59667,44.9482,0,85,67,44,2760,10501,5.13346,163,16.8214,0,0,5439,29929829462
398.067,2.51214,44.9482,0,85,67,44,2760,10501,5.13346,163,16.8214,0,0,5439,29932341902
346.023,2.88998,44.9482,0,85,67,44,2760,10501,5.13346,163,16.8214,0,0,5439,29935232202
412.194,2.42604,44.9482,0,85,67,44,2760,10501,5.13346,163,16.8214,0,0,5439,29937658610
340.509,2.93678,44.9482,0,85,67,44,2760,10501,5.13346,163,16.8214,0,0,5439,29940595719
352.472,2.83711,44.9482,0,85,67,44,2760,10501,5.13346,163,16.8214,0,0,5439,29943433093
378.955,2.63884,44.9482,0,85,67,44,2760,10501,5.13346,163,16.8214,0,0,5439,29946072653
302.852,3.30195,44.9482,0,85,67,44,2760,10501,5.13346,163,16.8214,0,0,5439,29949374515
242.165,4.12941,44.9482,0,85,67,44,2760,10501,5.13346,163,16.8214,0,0,5439,29953504413
1141.45,0.876077,44.9482,0,85,67,44,2760,10501,5.13346,163,16.8214,0,0,5439,29954380741
409.374,2.44276,44.9482,0,85,67,44,2760,10501,5.13346,163,16.8214,0,0,5439,29956823872
377.273,2.6506,44.9482,0,85,67,44,2760,10501,5.13346,163,16.8214,0,0,5439,29959474749
401.111,2.49307,44.9482,0,85,67,44,2760,10501,5.13346,163,16.8214,0,0,5439,29961968285
360.923,2.77067,44.9482,0,85,67,44,2760,10501,5.13346,163,16.8214,0,0,5439,29964739119
237.216,4.21557,44.9482,0,85,67,44,2760,10501,5.13346,163,16.8214,0,0,5439,29968955030
1045.52,0.956465,44.9482,0,85,67,44,2760,10501,5.13346,163,16.8214,0,0,5439,29969911803
335.321,2.98222,44.9482,0,85,67,44,2760,10501,5.13346,163,16.8214,0,0,5439,29972894557
331.903,3.01293,44.9482,0,85,67,44,2760,10501,5.13346,163,16.8214,0,0,5439,29975907707
277.695,3.60107,44.9482,0,85,67,44,2760,10501,5.13346,163,16.8214,0,0,5439,29979509098
397.121,2.51812,44.9482,0,85,67,44,2760,10501,5.13346,163,16.8214,0,0,5439,29982027721
639.908,1.56272,44.9482,0,85,67,44,2760,10501,5.13346,163,16.8214,0,0,5439,29983590639
437.443,2.28601,44.9482,0,85,67,44,2760,10501,5.13346,163,16.8214,0,0,5439,29985877139
323.228,3.0938,44.9482,0,85,67,44,2760,10501,5.13346,163,16.8214,0,0,5439,29988971330
456.682,2.18971,44.9482,0,85,67,44,2760,10501,5.13346,163,16.8214,0,0,5439,29991161298
292.491,3.4189,44.9482,0,85,67,44,2760,10501,5.13346,163,16.8214,0,0,5439,29994580490
504.62,1.98169,44.9482,0,85,67,44,2760,10501,5.13346,163,16.8214,0,0,5439,29996562538
318.248,3.1422,44.9482,0,85,67,44,2760,10501,5.13346,163,16.8214,0,0,5439,29999705028
205.038,4.87714,44.9482,0,85,67,44,2760,10501,5.13346,163,16.8214,0,0,5439,30004582500
