os,cpu,gpu,ram,kernel,driver,cpuscheduler
CachyOS,AMD Ryzen 7 9800X3D 8-Core Processor,NVIDIA GeForce RTX 4090,98499656,6.17.9-2-cachyos,,performance
fps,frametime,cpu_load,cpu_power,gpu_load,cpu_temp,gpu_temp,gpu_core_clock,gpu_mem_clock,gpu_vram_used,gpu_power,ram_used,swap_used,process_rss,cpu_mhz,elapsed
520.792,1.92015,46.2516,0,85,66,0,0,0,5.12842,166,17.0145,0,0,5441,337658263
322.303,3.10267,46.2516,0,85,66,0,0,0,5.12842,166,17.0145,0,0,5441,340761310
454.522,2.20011,46.2516,0,85,66,0,0,0,5.12842,166,17.0145,0,0,5441,342961605
426.147,2.34661,46.2516,0,85,66,0,0,0,5.12842,166,17.0145,0,0,5441,345308521
328.295,3.04605,46.2516,0,85,66,0,0,0,5.12842,166,17.0145,0,0,5441,348354835
351.088,2.84829,46.2516,0,85,66,0,0,0,5.12842,166,17.0145,0,0,5441,351203411
298.583,3.34915,46.2516,0,85,66,0,0,0,5.12842,166,17.0145,0,0,5441,354552909
381.296,2.62264,46.2516,0,85,66,0,0,0,5.12842,166,17.0145,0,0,5441,357175892
187.504,5.33323,46.2516,0,85,66,0,0,0,5.12842,166,17.0145,0,0,5441,362509446
438.231,2.2819,46.2516,0,85,66,0,0,0,5.12842,166,17.0145,0,0,5441,364791494
499.196,2.00322,46.2516,0,85,66,0,0,0,5.12842,166,17.0145,0,0,5441,366795004
376.128,2.65867,46.2516,0,85,66,0,0,0,5.12842,166,17.0145,0,0,5441,369453950
429.807,2.32663,46.2516,0,85,66,0,0,0,5.12842,166,17.0145,0,0,5441,371780836
344.975,2.89876,46.2516,0,85,66,0,0,0,5.12842,166,17.0145,0,0,5441,374679895
376.784,2.65404,46.2516,0,85,66,0,0,0,5.12842,166,17.0145,0,0,5441,377334302
295.97,3.37872,46.2516,0,85,66,0,0,0,5.12842,166,17.0145,0,0,5441,380713252
427.017,2.34183,46.2516,0,85,66,0,0,0,5.12842,166,17.0145,0,0,5441,383055389
382.9,2.61164,46.2516,0,85,66,0,0,0,5.12842,166,17.0145,0,0,5441,385667342
203.167,4.92205,46.2516,0,85,66,0,0,0,5.12842,166,17.0145,0,0,5441,390589873
549.333,1.82039,46.2516,0,85,66,0,0,0,5.12842,166,17.0145,0,0,5441,392410492
319.93,3.12568,46.2516,0,85,66,0,0,0,5.12842,166,17.0145,0,0,5441,395536617
479.565,2.08522,46.2516,0,85,66,0,0,0,5.12842,166,17.0145,0,0,5441,397622101
223.5,4.47427,46.2516,0,85,66,0,0,0,5.12842,166,17.0145,0,0,5441,402096607
1608.61,0.621655,46.2516,0,85,66,0,0,0,5.12842,166,17.0145,0,0,5441,402718609
353.65,2.82765,46.2516,0,85,66,0,0,0,5.12842,166,17.0145,0,0,5441,405546608
395.353,2.52938,46.2516,0,85,66,0,0,0,5.12842,166,17.0145,0,0,5441,408076203
353.951,2.82525,46.2516,0,85,66,0,0,0,5.12842,166,17.0145,0,0,5441,410901846
410.1,2.43843,46.2516,0,85,66,0,0,0,5.12842,166,17.0145,0,0,5441,413340688
200.924,4.97699,46.2516,0,85,66,0,0,0,5.12842,166,17.0145,0,0,5441,418317933
368.511,2.71362,46.2516,0,85,66,0,0,0,5.12842,166,17.0145,0,0,5441,421031880
649.986,1.53849,46.2516,0,85,66,0,0,0,5.12842,166,17.0145,0,0,5441,422570836
505.495,1.97826,46.2516,0,85,66,0,0,0,5.12842,166,17.0145,0,0,5441,424549489
400.125,2.49922,46.2516,0,85,66,0,0,0,5.12842,166,17.0145,0,0,5441,427048948
438.609,2.27993,46.2516,0,85,66,0,0,0,5.12842,166,17.0145,0,0,5441,429329227
327.442,3.05398,46.2516,0,85,66,0,0,0,5.12842,166,17.0145,0,0,5441,432383426
201.122,4.97212,46.2516,0,85,66,0,0,0,5.12842,166,17.0145,0,0,5441,437355949
678.753,1.47329,46.2516,0,85,66,0,0,0,5.12842,166,17.0145,0,0,5441,438829557
400.161,2.499,46.2516,0,85,66,0,0,0,5.12842,166,17.0145,0,0,5441,441328862
265.475,3.76684,46.2516,0,85,66,0,0,0,5.12842,166,17.0145,0,0,5441,445096143
572.529,1.74664,46.2516,0,85,66,0,0,0,5.12842,166,17.0145,0,0,5441,446842971
405.468,2.46628,46.2516,0,85,66,0,0,0,5.12842,166,17.0145,0,0,5441,449309708
266.305,3.75509,46.2516,0,85,66,0,0,0,5.12842,166,17.0145,0,0,5441,453065133
762.024,1.31229,46.2516,0,85,66,0,0,0,5.12842,166,17.0145,0,0,5441,454377600
318.087,3.1438,46.2516,0,85,66,0,0,0,5.12842,166,17.0145,0,0,5441,457521831
370.483,2.69918,46.2516,0,85,66,0,0,0,5.12842,166,17.0145,0,0,5441,460221239
499.431,2.00228,46.2516,0,85,66,0,0,0,5.12842,166,17.0145,0,0,5441,462223970
405.528,2.46592,46.2516,0,85,66,0,0,0,5.12842,166,17.0145,0,0,5441,464690149
407.401,2.45458,46.2516,0,85,66,0,0,0,5.12842,166,17.0145,0,0,5441,467144982
327.176,3.05646,46.2516,0,85,66,0,0,0,5.12842,166,17.0145,0,0,5441,470201912
343.419,2.9119,46.2516,0,85,66,0,0,0,5.12842,166,17.0145,0,0,5441,473114279
389.713,2.56599,46.2516,0,85,66,0,0,0,5.12842,166,17.0145,0,0,5441,475680635
427.134,2.34118,46.2516,0,85,66,0,0,0,5.12842,166,17.0145,0,0,5441,478021791
353.519,2.8287,46.2516,0,85,66,0,0,0,5.12842,166,17.0145,0,0,5441,480850800
223.845,4.46738,46.2516,0,85,66,0,0,0,5.12842,166,17.0145,0,0,5441,485318527
1357.04,0.7369,46.2516,0,85,66,0,0,0,5.12842,166,17.0145,0,0,5441,486055744
360.391,2.77477,46.2516,0,85,66,0,0,0,5.12842,166,17.0145,0,0,5441,488830761
226.599,4.41308,46.2516,0,85,66,0,0,0,5.12842,166,17.0145,0,0,5441,493244246
701.409,1.4257,46.2516,0,85,66,0,0,0,5.12842,166,17.0145,0,0,5441,494670111
534.53,1.8708,46.2516,0,85,66,0,0,0,5.12842,166,17.0145,0,0,5441,496541251
301.028,3.32195,46.2516,0,85,66,0,0,0,5.12842,166,17.0145,0,0,5441,499863517
229.593,4.35553,46.2516,0,85,66,0,0,0,5.12842,166,17.0145,0,0,5441,504219376
676.95,1.47721,46.2516,0,85,66,0,0,0,5.12842,166,17.0145,0,0,5441,505697012
609.282,1.64128,46.2516,0,85,66,0,0,0,5.12842,166,17.0145,0,0,5441,507338510
364.307,2.74494,46.2516,0,85,66,0,0,0,5.12842,166,17.0145,0,0,5441,510083775
269.559,3.70976,46.2516,0,85,66,0,0,0,5.12842,166,17.0145,0,0,5441,513793871
402.462,2.48471,46.2516,0,85,66,0,0,0,5.12842,166,17.0145,0,0,5441,516278984
571.372,1.75017,46.2516,0,85,66,0,0,0,5.12842,166,17.0145,0,0,5441,518029379
359.922,2.77838,46.2516,0,85,66,0,0,0,5.12842,166,17.0145,0,0,5441,520808261
303.481,3.2951,46.2516,0,85,66,0,0,0,5.12842,166,17.0145,0,0,5441,524103699
379.878,2.63243,46.2516,0,85,66,0,0,0,5.12842,166,17.0145,0,0,5441,526736432
467.148,2.14065,46.2516,0,85,66,0,0,0,5.12842,166,17.0145,0,0,5441,528877447
170.084,5.87946,46.2516,0,85,66,0,0,0,5.12842,166,17.0145,0,0,5441,534757289
1778.93,0.562135,46.2516,0,85,66,0,0,0,5.12842,166,17.0145,0,0,5441,535319876
628.264,1.59169,46.2516,0,85,66,0,0,0,5.12842,166,17.0145,0,0,5441,536911737
390.174,2.56296,46.2516,0,85,66,0,0,0,5.12842,166,17.0145,0,0,5441,539475064
359.706,2.78005,46.2516,0,85,66,0,0,0,5.12842,166,17.0145,0,0,5441,542255475
359.974,2.77798,46.2516,0,85,66,0,0,0,5.12842,166,17.0145,0,0,5441,545033809
429.523,2.32817,46.2516,0,85,66,0,0,0,5.12842,166,17.0145,0,0,5441,547362349
335.446,2.98111,46.2516,0,85,66,0,0,0,5.12842,166,17.0145,0,0,5441,550343814
220.487,4.53541,46.2516,0,85,66,0,0,0,5.12842,166,17.0145,0,0,5441,554879631
617.531,1.61935,46.2516,0,85,66,0,0,0,5.12842,166,17.0145,0,0,5441,556499099
461.241,2.16806,46.2516,0,85,66,0,0,0,5.12842,166,17.0145,0,0,5441,558667633
319.373,3.13113,46.2516,0,85,66,0,0,0,5.12842,166,17.0145,0,0,5441,561799104
361.081,2.76946,46.2516,0,85,66,0,0,0,5.12842,166,17.0145,0,0,5441,564569025
440.91,2.26804,46.2516,0,85,66,0,0,0,5.12842,166,17.0145,0,0,5441,566837236
314.74,3.17722,46.2516,0,85,66,0,0,0,5.12842,166,17.0145,0,0,5441,570014737
488.77,2.04595,46.2516,0,85,66,0,0,0,5.12842,166,17.0145,0,0,5441,572060998
264.671,3.77827,46.2516,0,85,66,0,0,0,5.12842,166,17.0145,0,0,5441,575839626
575.386,1.73796,46.2516,0,85,66,0,0,0,5.12842,166,17.0145,0,0,5441,577577886
158.625,6.30418,46.2516,0,85,66,0,0,0,5.12842,166,17.0145,0,0,5441,583882618
1959.54,0.510325,46.2516,0,85,66,0,0,0,5.12842,166,17.0145,0,0,5441,584392952
374.155,2.67269,46.2516,0,85,66,0,0,0,5.12842,166,17.0145,0,0,5441,587066052
427.08,2.34148,46.2516,0,85,66,0,0,0,5.12842,166,17.0145,0,0,5441,589407679
287.362,3.47993,46.2516,0,85,66,0,0,0,5.12842,166,17.0145,0,0,5441,592887979
456.83,2.189,46.2516,0,85,66,0,0,0,5.12842,166,17.0145,0,0,5441,595077466
372.431,2.68506,46.2516,0,85,66,0,0,0,5.12842,166,17.0145,0,0,5441,597762730
383.516,2.60745,46.2516,0,85,66,0,0,0,5.12842,166,17.0145,0,0,5441,600370558
282.2,3.54358,46.2516,0,85,66,0,0,0,5.12842,166,17.0145,0,0,5441,603914610
590.212,1.69431,46.2516,0,85,66,0,0,0,5.12842,166,17.0145,0,0,5441,605609100
326.983,3.05827,46.2516,0,85,66,0,0,0,5.12842,166,17.0145,0,0,5441,608667665
408.827,2.44602,46.2516,0,85,66,0,0,0,5.12842,166,17.0145,0,0,5441,611113997
400.675,2.49579,46.2516,0,85,66,0,0,0,5.12842,166,17.0145,0,0,5441,613610091
300.413,3.32875,46.2516,0,85,66,0,0,0,5.12842,166,17.0145,0,0,5441,616939203
476.613,2.09814,46.2516,0,85,66,0,0,0,5.12842,166,17.0145,0,0,5441,619037629
329.922,3.03102,46.2516,0,85,66,0,0,0,5.12842,166,17.0145,0,0,5441,622069010
365.899,2.733,46.2516,0,85,66,0,0,0,5.12842,166,17.0145,0,0,5441,624802381
466.668,2.14285,46.2516,0,85,66,0,0,0,5.12842,166,17.0145,0,0,5441,626945502
369.09,2.70937,46.2516,0,85,66,0,0,0,5.12842,166,17.0145,0,0,5441,629655228
322.931,3.09663,46.2516,0,85,66,0,0,0,5.12842,166,17.0145,0,0,5441,632752226
231.196,4.32534,46.2516,0,85,66,0,0,0,5.12842,166,17.0145,0,0,5441,637077997
529.935,1.88702,46.2516,0,85,66,0,0,0,5.12842,166,17.0145,0,0,5441,638965455
502.537,1.9899,46.2516,0,85,66,0,0,0,5.12842,166,17.0145,0,0,5441,640955608
284.387,3.51634,46.2516,0,85,66,0,0,0,5.12842,166,17.0145,0,0,5441,644472285
520.151,1.92252,46.2516,0,85,66,0,0,0,5.12842,166,17.0145,0,0,5441,646395090
370.705,2.69756,46.2516,0,85,66,0,0,0,5.12842,166,17.0145,0,0,5441,649093046
361.541,2.76594,46.2516,0,85,66,0,0,0,5.12842,166,17.0145,0,0,5441,651859235
355.979,2.80915,46.2516,0,85,66,0,0,0,5.12842,166,17.0145,0,0,5441,654668744
411.17,2.43208,46.2516,0,85,66,0,0,0,5.12842,166,17.0145,0,0,5441,657101104
440.745,2.26888,46.2516,0,85,66,0,0,0,5.12842,166,17.0145,0,0,5441,659370335
252.666,3.9578,46.2516,0,85,66,0,0,0,5.12842,166,17.0145,0,0,5441,663328449
637.518,1.56858,46.2516,0,85,66,0,0,0,5.12842,166,17.0145,0,0,5441,664897329
278.305,3.59318,46.2516,0,85,66,0,0,0,5.12842,166,17.0145,0,0,5441,668490863
279.068,3.58336,46.2516,0,85,66,0,0,0,5.12842,166,17.0145,0,0,5441,672074628
346.914,2.88256,46.2516,0,85,66,0,0,0,5.12842,166,17.0145,0,0,5441,674957591
620.134,1.61255,46.2516,0,85,66,0,0,0,5.12842,166,17.0145,0,0,5441,676570405
248.847,4.01853,46.2516,0,85,66,0,0,0,5.12842,166,17.0145,0,0,5441,680589348
937.032,1.0672,46.2516,0,85,66,0,0,0,5.12842,166,17.0145,0,0,5441,681656490
494.184,2.02354,46.2516,0,85,66,0,0,0,5.12842,166,17.0145,0,0,5441,683680510
380.562,2.62769,46.2516,0,85,66,0,0,0,5.12842,166,17.0145,0,0,5441,686308637
266.695,3.74961,46.2516,0,85,66,0,0,0,5.12842,166,17.0145,0,0,5441,690058600
243.049,4.1144,46.2516,0,85,66,0,0,0,5.12842,166,17.0145,0,0,5441,694173277
1738.08,0.575347,46.2516,0,85,66,0,0,0,5.12842,166,17.0145,0,0,5441,694748863
412.725,2.42292,46.2516,0,85,66,0,0,0,5.12842,166,17.0145,0,0,5441,697172109
407.764,2.4524,46.2516,0,85,66,0,0,0,5.12842,166,17.0145,0,0,5441,699624864
365.831,2.73351,46.2516,0,85,66,0,0,0,5.12842,166,17.0145,0,0,5441,702358754
373.402,2.67808,46.2516,0,85,66,0,0,0,5.12842,166,17.0145,0,0,5441,705037095
382.575,2.61387,46.2516,0,85,66,0,0,0,5.12842,166,17.0145,0,0,5441,707651269
395.032,2.53144,46.2516,0,85,66,0,0,0,5.12842,166,17.0145,0,0,5441,710183047
371.233,2.69373,46.2516,0,85,66,0,0,0,5.12842,166,17.0145,0,0,5441,712877070
185.855,5.38055,46.2516,0,85,66,0,0,0,5.12842,166,17.0145,0,0,5441,718257925
958.926,1.04283,46.2516,0,85,66,0,0,0,5.12842,166,17.0145,0,0,5441,719300720
389.472,2.56758,46.2516,0,85,66,0,0,0,5.12842,166,17.0145,0,0,5441,721868672
500.792,1.99684,46.2516,0,85,66,0,0,0,5.12842,166,17.0145,0,0,5441,723865941
355.575,2.81235,46.2516,0,85,66,0,0,0,5.12842,166,17.0145,0,0,5441,726678584
328.91,3.04034,46.2516,0,85,66,0,0,0,5.12842,166,17.0145,0,0,5441,729719253
456.319,2.19145,46.2516,0,85,66,0,0,0,5.12842,166,17.0145,0,0,5441,731911010
398.738,2.50791,46.2516,0,85,66,0,0,0,5.12842,166,17.0145,0,0,5441,734419219
321.337,3.112,46.2516,0,85,66,0,0,0,5.12842,166,17.0145,0,0,5441,737531747
378.956,2.63883,46.2516,0,85,66,0,0,0,5.12842,166,17.0145,0,0,5441,740170952
219.121,4.56369,46.2516,0,85,66,0,0,0,5.12842,166,17.0145,0,0,5441,744734827
733.392,1.36353,46.2516,0,85,66,0,0,0,5.12842,166,17.0145,0,0,5441,746098671
271.247,3.68667,46.2516,0,85,66,0,0,0,5.12842,166,17.0145,0,0,5441,749785901
345.22,2.8967,46.2516,0,85,66,0,0,0,5.12842,166,17.0145,0,0,5441,752682739
1386.4,0.721294,46.2516,0,85,66,0,0,0,5.12842,166,17.0145,0,0,5441,753404369
216.826,4.612,46.2516,0,85,66,0,0,0,5.12842,166,17.0145,0,0,5441,758017063
1541.37,0.648772,46.2516,0,85,66,0,0,0,5.12842,166,17.0145,0,0,5441,758665681
404.421,2.47267,46.2516,0,85,66,0,0,0,5.12842,166,17.0145,0,0,5441,761138774
197.455,5.06445,46.2516,0,85,66,0,0,0,5.12842,166,17.0145,0,0,5441,766203608
1444.25,0.692399,46.2516,0,85,66,0,0,0,5.12842,166,17.0145,0,0,5441,766896381
407.76,2.45242,46.2516,0,85,66,0,0,0,5.12842,166,17.0145,0,0,5441,769349012
316.462,3.15993,46.2516,0,85,66,0,0,0,5.12842,166,17.0145,0,0,5441,772509359
506.949,1.97259,46.2516,0,85,66,0,0,0,5.12842,166,17.0145,0,0,5441,774482358
375.699,2.66171,46.2516,0,85,66,0,0,0,5.12842,166,17.0145,0,0,5441,777144275
365.013,2.73963,46.2516,0,85,66,0,0,0,5.12842,166,17.0145,0,0,5441,779884175
413.877,2.41618,46.2516,0,85,66,0,0,0,5.12842,166,17.0145,0,0,5441,782300660
321.436,3.11104,46.2516,0,85,66,0,0,0,5.12842,166,17.0145,0,0,5441,785412063
433.523,2.30668,46.2516,0,85,66,0,0,0,5.12842,166,17.0145,0,0,5441,787719102
369.696,2.70493,46.2516,0,85,66,0,0,0,5.12842,166,17.0145,0,0,5441,790424530
250.403,3.99356,46.2516,0,85,66,0,0,0,5.12842,166,17.0145,0,0,5441,794418520
274.76,3.63954,46.2516,0,85,66,0,0,0,5.12842,166,17.0145,0,0,5441,798058191
358.233,2.79148,46.2516,0,85,66,0,0,0,5.12842,166,17.0145,0,0,5441,800850006
1073.7,0.931359,46.2516,0,85,66,0,0,0,5.12842,166,17.0145,0,0,5441,801781682
503.15,1.98748,46.2516,0,85,66,0,0,0,5.12842,166,17.0145,0,0,5441,803769720
380.428,2.62862,46.2516,0,85,66,0,0,0,5.12842,166,17.0145,0,0,5441,806398578
286.779,3.487,46.2516,0,85,66,0,0,0,5.12842,166,17.0145,0,0,5441,809885936
389.89,2.56483,46.2516,0,85,66,0,0,0,5.12842,166,17.0145,0,0,5441,812451012
463.381,2.15805,46.2516,0,85,66,0,0,0,5.12842,166,17.0145,0,0,5441,814609460
398.932,2.50669,46.2516,0,85,66,0,0,0,5.12842,166,17.0145,0,0,5441,817116391
352.134,2.83983,46.2516,0,85,66,0,0,0,5.12842,166,17.0145,0,0,5441,819956612
379.216,2.63702,46.2516,0,85,66,0,0,0,5.12842,166,17.0145,0,0,5441,822593883
328.502,3.04412,46.2516,0,85,66,0,0,0,5.12842,166,17.0145,0,0,5441,825638438
409.383,2.4427,46.2516,0,85,66,0,0,0,5.12842,166,17.0145,0,0,5441,828081337
559.319,1.78789,46.2516,0,85,66,0,0,0,5.12842,166,17.0145,0,0,5441,829869513
301.637,3.31525,46.2516,0,85,66,0,0,0,5.12842,166,17.0145,0,0,5441,833185096
317.45,3.15011,46.2516,0,85,66,0,0,0,5.12842,166,17.0145,0,0,5441,836337615
410.324,2.4371,46.0076,0,85,66,37,2346,8925,5.12842,166,17.0103,0,0,5430,838772851
308.085,3.24586,46.0076,0,85,66,37,2346,8925,5.12842,166,17.0103,0,0,5430,842019086
419.5,2.38379,46.0076,0,85,66,37,2346,8925,5.12842,166,17.0103,0,0,5430,844403166
489.513,2.04285,46.0076,0,85,66,37,2346,8925,5.12842,166,17.0103,0,0,5430,846446379
367.073,2.72426,46.0076,0,85,66,37,2346,8925,5.12842,166,17.0103,0,0,5430,849170971
321.775,3.10776,46.0076,0,85,66,37,2346,8925,5.12842,166,17.0103,0,0,5430,852279095
249.51,4.00786,46.0076,0,85,66,37,2346,8925,5.12842,166,17.0103,0,0,5430,856287249
929.511,1.07583,46.0076,0,85,66,37,2346,8925,5.12842,166,17.0103,0,0,5430,857363401
393.534,2.54108,46.0076,0,85,66,37,2346,8925,5.12842,166,17.0103,0,0,5430,859904814
379.58,2.63449,46.0076,0,85,66,37,2346,8925,5.12842,166,17.0103,0,0,5430,862539758
379.511,2.63497,46.0076,0,85,66,37,2346,8925,5.12842,166,17.0103,0,0,5430,865174943
317.453,3.15008,46.0076,0,85,66,37,2346,8925,5.12842,166,17.0103,0,0,5430,868325617
416.216,2.4026,46.0076,0,85,66,37,2346,8925,5.12842,166,17.0103,0,0,5430,870728322
361.086,2.76942,46.0076,0,85,66,37,2346,8925,5.12842,166,17.0103,0,0,5430,873498137
429.521,2.32818,46.0076,0,85,66,37,2346,8925,5.12842,166,17.0103,0,0,5430,875826619
272.598,3.6684,46.0076,0,85,66,37,2346,8925,5.12842,166,17.0103,0,0,5430,879495368
403.908,2.47581,46.0076,0,85,66,37,2346,8925,5.12842,166,17.0103,0,0,5430,881971471
446.111,2.2416,46.0076,0,85,66,37,2346,8925,5.12842,166,17.0103,0,0,5430,884213546
376.997,2.65254,46.0076,0,85,66,37,2346,8925,5.12842,166,17.0103,0,0,5430,886866289
418.718,2.38824,46.0076,0,85,66,37,2346,8925,5.12842,166,17.0103,0,0,5430,889255014
202.242,4.94458,46.0076,0,85,66,37,2346,8925,5.12842,166,17.0103,0,0,5430,894199863
1458.8,0.685495,46.0076,0,85,66,37,2346,8925,5.12842,166,17.0103,0,0,5430,894885425
437.39,2.28629,46.0076,0,85,66,37,2346,8925,5.12842,166,17.0103,0,0,5430,897172300
332.118,3.01098,46.0076,0,85,66,37,2346,8925,5.12842,166,17.0103,0,0,5430,900183430
364.59,2.7428,46.0076,0,85,66,37,2346,8925,5.12842,166,17.0103,0,0,5430,902926686
305.932,3.2687,46.0076,0,85,66,37,2346,8925,5.12842,166,17.0103,0,0,5430,906195633
327.223,3.05602,46.0076,0,85,66,37,2346,8925,5.12842,166,17.0103,0,0,5430,909251948
459.105,2.17815,46.0076,0,85,66,37,2346,8925,5.12842,166,17.0103,0,0,5430,911430425
506.606,1.97392,46.0076,0,85,66,37,2346,8925,5.12842,166,17.0103,0,0,5430,913404886
326.337,3.06432,46.0076,0,85,66,37,2346,8925,5.12842,166,17.0103,0,0,5430,916469268
207.891,4.81022,46.0076,0,85,66,37,2346,8925,5.12842,166,17.0103,0,0,5430,921279814
1804.62,0.554134,46.0076,0,85,66,37,2346,8925,5.12842,166,17.0103,0,0,5430,921834266
379.44,2.63546,46.0076,0,85,66,37,2346,8925,5.12842,166,17.0103,0,0,5430,924470028
469.958,2.12785,46.0076,0,85,66,37,2346,8925,5.12842,166,17.0103,0,0,5430,926598244
383.932,2.60463,46.0076,0,85,66,37,2346,8925,5.12842,166,17.0103,0,0,5430,929203168
269.628,3.70881,46.0076,0,85,66,37,2346,8925,5.12842,166,17.0103,0,0,5430,932912274
613.357,1.63037,46.0076,0,85,66,37,2346,8925,5.12842,166,17.0103,0,0,5430,934542963
343.237,2.91343,46.0076,0,85,66,37,2346,8925,5.12842,166,17.0103,0,0,5430,937456735
364.956,2.74005,46.0076,0,85,66,37,2346,8925,5.12842,166,17.0103,0,0,5430,940197106
357.131,2.80009,46.0076,0,85,66,37,2346,8925,5.12842,166,17.0103,0,0,5430,942997517
349.168,2.86395,46.0076,0,85,66,37,2346,8925,5.12842,166,17.0103,0,0,5430,945861902
418.054,2.39203,46.0076,0,85,66,37,2346,8925,5.12842,166,17.0103,0,0,5430,948254137
323.16,3.09444,46.0076,0,85,66,37,2346,8925,5.12842,166,17.0103,0,0,5430,951348905
446.044,2.24193,46.0076,0,85,66,37,2346,8925,5.12842,166,17.0103,0,0,5430,953591115
297.712,3.35895,46.0076,0,85,66,37,2346,8925,5.12842,166,17.0103,0,0,5430,956950430
301.249,3.31951,46.0076,0,85,66,37,2346,8925,5.12842,166,17.0103,0,0,5430,960270340
499.002,2.004,46.0076,0,85,66,37,2346,8925,5.12842,166,17.0103,0,0,5430,962274706
453.6,2.20458,46.0076,0,85,66,37,2346,8925,5.12842,166,17.0103,0,0,5430,964479703
434.766,2.30009,46.0076,0,85,66,37,2346,8925,5.12842,166,17.0103,0,0,5430,966779944
364.182,2.74588,46.0076,0,85,66,37,2346,8925,5.12842,166,17.0103,0,0,5430,969526190
361.638,2.7652,46.0076,0,85,66,37,2346,8925,5.12842,166,17.0103,0,0,5430,972291745
327.128,3.05691,46.0076,0,85,66,37,2346,8925,5.12842,166,17.0103,0,0,5430,975348906
456.522,2.19048,46.0076,0,85,66,37,2346,8925,5.12842,166,17.0103,0,0,5430,977539662
324.978,3.07713,46.0076,0,85,66,37,2346,8925,5.12842,166,17.0103,0,0,5430,980617112
394.668,2.53378,46.0076,0,85,66,37,2346,8925,5.12842,166,17.0103,0,0,5430,983151371
261.262,3.82757,46.0076,0,85,66,37,2346,8925,5.12842,166,17.0103,0,0,5430,986979211
607.847,1.64515,46.0076,0,85,66,37,2346,8925,5.12842,166,17.0103,0,0,5430,988624603
354.176,2.82345,46.0076,0,85,66,37,2346,8925,5.12842,166,17.0103,0,0,5430,991448612
392.772,2.54601,46.0076,0,85,66,37,2346,8925,5.12842,166,17.0103,0,0,5430,993994794
329.814,3.03202,46.0076,0,85,66,37,2346,8925,5.12842,166,17.0103,0,0,5430,997027184
248.631,4.02203,46.0076,0,85,66,37,2346,8925,5.12842,166,17.0103,0,0,5430,1001049733
1074.78,0.930426,46.0076,0,85,66,37,2346,8925,5.12842,166,17.0103,0,0,5430,1001980390
357.668,2.79589,46.0076,0,85,66,37,2346,8925,5.12842,166,17.0103,0,0,5430,1004776599
292.136,3.42307,46.0076,0,85,66,37,2346,8925,5.12842,166,17.0103,0,0,5430,1008200119
253.292,3.94801,46.0076,0,85,66,37,2346,8925,5.12842,166,17.0103,0,0,5430,1012148521
462.301,2.16309,46.0076,0,85,66,37,2346,8925,5.12842,166,17.0103,0,0,5430,1014311969
673.343,1.48513,46.0076,0,85,66,37,2346,8925,5.12842,166,17.0103,0,0,5430,1015797403
377.027,2.65233,46.0076,0,85,66,37,2346,8925,5.12842,166,17.0103,0,0,5430,1018450185
222.572,4.49293,46.0076,0,85,66,37,2346,8925,5.12842,166,17.0103,0,0,5430,1022943365
908.703,1.10047,46.0076,0,85,66,37,2346,8925,5.12842,166,17.0103,0,0,5430,1024044162
377.608,2.64825,46.0076,0,85,66,37,2346,8925,5.12842,166,17.0103,0,0,5430,1026692722
308.973,3.23653,46.0076,0,85,66,37,2346,8925,5.12842,166,17.0103,0,0,5430,1029929745
504.901,1.98059,46.0076,0,85,66,37,2346,8925,5.12842,166,17.0103,0,0,5430,1031910619
352.451,2.83728,46.0076,0,85,66,37,2346,8925,5.12842,166,17.0103,0,0,5430,1034748167
350.372,2.85411,46.0076,0,85,66,37,2346,8925,5.12842,166,17.0103,0,0,5430,1037602600
240.545,4.15723,46.0076,0,85,66,37,2346,8925,5.12842,166,17.0103,0,0,5430,1041760144
842.077,1.18754,46.0076,0,85,66,37,2346,8925,5.12842,166,17.0103,0,0,5430,1042948001
428.207,2.33532,46.0076,0,85,66,37,2346,8925,5.12842,166,17.0103,0,0,5430,1045283560
390.373,2.56165,46.0076,0,85,66,37,2346,8925,5.12842,166,17.0103,0,0,5430,1047845560
317.715,3.14747,46.0076,0,85,66,37,2346,8925,5.12842,166,17.0103,0,0,5430,1050993359
392.936,2.54494,46.0076,0,85,66,37,2346,8925,5.12842,166,17.0103,0,0,5430,1053538742
390.519,2.56069,46.0076,0,85,66,37,2346,8925,5.12842,166,17.0103,0,0,5430,1056099579
375.43,2.66361,46.0076,0,85,66,37,2346,8925,5.12842,166,17.0103,0,0,5430,1058763524
368.938,2.71049,46.0076,0,85,66,37,2346,8925,5.12842,166,17.0103,0,0,5430,1061474289
383.949,2.60451,46.0076,0,85,66,37,2346,8925,5.12842,166,17.0103,0,0,5430,1064079146
199.794,5.00516,46.0076,0,85,66,37,2346,8925,5.12842,166,17.0103,0,0,5430,1069084622
351.785,2.84264,46.0076,0,85,66,37,2346,8925,5.12842,166,17.0103,0,0,5430,1071927583
1848.43,0.540999,46.0076,0,85,66,37,2346,8925,5.12842,166,17.0103,0,0,5430,1072468948
383.071,2.61048,46.0076,0,85,66,37,2346,8925,5.12842,166,17.0103,0,0,5430,1075079699
373.737,2.67568,46.0076,0,85,66,37,2346,8925,5.12842,166,17.0103,0,0,5430,1077755943
354.859,2.81802,46.0076,0,85,66,37,2346,8925,5.12842,166,17.0103,0,0,5430,1080574154
430.547,2.32263,46.0076,0,85,66,37,2346,8925,5.12842,166,17.0103,0,0,5430,1082897068
344.346,2.90406,46.0076,0,85,66,37,2346,8925,5.12842,166,17.0103,0,0,5430,1085801397
367.978,2.71755,46.0076,0,85,66,37,2346,8925,5.12842,166,17.0103,0,0,5430,1088519325
327.919,3.04954,46.0076,0,85,66,37,2346,8925,5.12842,166,17.0103,0,0,5430,1091569236
450.482,2.21984,46.0076,0,85,66,37,2346,8925,5.12842,166,17.0103,0,0,5430,1093789474
345.045,2.89818,46.0076,0,85,66,37,2346,8925,5.12842,166,17.0103,0,0,5430,1096687898
492.345,2.0311,46.0076,0,85,66,37,2346,8925,5.12842,166,17.0103,0,0,5430,1098719342
299.98,3.33355,46.0076,0,85,66,37,2346,8925,5.12842,166,17.0103,0,0,5430,1102053195
434.423,2.3019,46.0076,0,85,66,37,2346,8925,5.12842,166,17.0103,0,0,5430,1104355590
352.121,2.83993,46.0076,0,85,66,37,2346,8925,5.12842,166,17.0103,0,0,5430,1107195820
407.972,2.45115,46.0076,0,85,66,37,2346,8925,5.12842,166,17.0103,0,0,5430,1109647210
346.599,2.88517,46.0076,0,85,66,37,2346,8925,5.12842,166,17.0103,0,0,5430,1112532817
406.613,2.45934,46.0076,0,85,66,37,2346,8925,5.12842,166,17.0103,0,0,5430,1114992294
308.736,3.23901,46.0076,0,85,66,37,2346,8925,5.12842,166,17.0103,0,0,5430,1118231721
267.907,3.73265,46.0076,0,85,66,37,2346,8925,5.12842,166,17.0103,0,0,5430,1121964808
565.967,1.76689,46.0076,0,85,66,37,2346,8925,5.12842,166,17.0103,0,0,5430,1123731848
485.675,2.05899,46.0076,0,85,66,37,2346,8925,5.12842,166,17.0103,0,0,5430,1125791254
392.124,2.55021,46.0076,0,85,66,37,2346,8925,5.12842,166,17.0103,0,0,5430,1128341821
365.23,2.738,46.0076,0,85,66,37,2346,8925,5.12842,166,17.0103,0,0,5430,1131080173
417.826,2.39334,46.0076,0,85,66,37,2346,8925,5.12842,166,17.0103,0,0,5430,1133473792
371.929,2.68869,46.0076,0,85,66,37,2346,8925,5.12842,166,17.0103,0,0,5430,1136162815
359.1,2.78474,46.0076,0,85,66,37,2346,8925,5.12842,166,17.0103,0,0,5430,1138947909
348.998,2.86535,46.0076,0,85,66,37,2346,8925,5.12842,166,17.0103,0,0,5430,1141813621
426.61,2.34406,46.0076,0,85,66,37,2346,8925,5.12842,166,17.0103,0,0,5430,1144157950
338.783,2.95174,46.0076,0,85,66,37,2346,8925,5.12842,166,17.0103,0,0,5430,1147110242
392.712,2.54639,46.0076,0,85,66,37,2346,8925,5.12842,166,17.0103,0,0,5430,1149656703
250.66,3.98946,46.0076,0,85,66,37,2346,8925,5.12842,166,17.0103,0,0,5430,1153646549
425.639,2.34941,46.0076,0,85,66,37,2346,8925,5.12842,166,17.0103,0,0,5430,1155996253
282.116,3.54464,46.0076,0,85,66,37,2346,8925,5.12842,166,17.0103,0,0,5430,1159541401
845.617,1.18257,46.0076,0,85,66,37,2346,8925,5.12842,166,17.0103,0,0,5430,1160724181
404.046,2.47497,46.0076,0,85,66,37,2346,8925,5.12842,166,17.0103,0,0,5430,1163199534
289.176,3.4581,46.0076,0,85,66,37,2346,8925,5.12842,166,17.0103,0,0,5430,1166657881
574.665,1.74014,46.0076,0,85,66,37,2346,8925,5.12842,166,17.0103,0,0,5430,1168398488
300.257,3.33048,46.0076,0,85,66,37,2346,8925,5.12842,166,17.0103,0,0,5430,1171729206
542.989,1.84166,46.0076,0,85,66,37,2346,8925,5.12842,166,17.0103,0,0,5430,1173571182
228.379,4.37869,46.0076,0,85,66,37,2346,8925,5.12842,166,17.0103,0,0,5430,1177950214
284.777,3.51152,46.0076,0,85,66,37,2346,8925,5.12842,166,17.0103,0,0,5430,1181462111
363.848,2.7484,46.0076,0,85,66,37,2346,8925,5.12842,166,17.0103,0,0,5430,1184210761
1939.55,0.515584,46.0076,0,85,66,37,2346,8925,5.12842,166,17.0103,0,0,5430,1184726769
201.465,4.96364,46.0076,0,85,66,37,2346,8925,5.12842,166,17.0103,0,0,5430,1189690715
426.194,2.34635,46.0076,0,85,66,37,2346,8925,5.12842,166,17.0103,0,0,5430,1192037458
712.041,1.40441,46.0076,0,85,66,37,2346,8925,5.12842,166,17.0103,0,0,5430,1193442140
247.86,4.03454,46.0076,0,85,66,37,2346,8925,5.12842,166,17.0103,0,0,5430,1197477026
1740.18,0.574654,46.0076,0,85,66,37,2346,8925,5.12842,166,17.0103,0,0,5430,1198052045
411.968,2.42737,46.0076,0,85,66,37,2346,8925,5.12842,166,17.0103,0,0,5430,1200479675
310.233,3.22339,46.0076,0,85,66,37,2346,8925,5.12842,166,17.0103,0,0,5430,1203703389
195.816,5.10683,46.0076,0,85,66,37,2346,8925,5.12842,166,17.0103,0,0,5430,1208810821
1705.17,0.586453,46.0076,0,85,66,37,2346,8925,5.12842,166,17.0103,0,0,5430,1209397139
608.715,1.64281,46.0076,0,85,66,37,2346,8925,5.12842,166,17.0103,0,0,5430,1211040358
348.982,2.86548,46.0076,0,85,66,37,2346,8925,5.12842,166,17.0103,0,0,5430,1213906300
385.035,2.59716,46.0076,0,85,66,37,2346,8925,5.12842,166,17.0103,0,0,5430,1216503638
242.019,4.13191,46.0076,0,85,66,37,2346,8925,5.12842,166,17.0103,0,0,5430,1220635893
444.099,2.25175,46.0076,0,85,66,37,2346,8925,5.12842,166,17.0103,0,0,5430,1222887930
572.019,1.74819,46.0076,0,85,66,37,2346,8925,5.12842,166,17.0103,0,0,5430,1224636479
325.692,3.07038,46.0076,0,85,66,37,2346,8925,5.12842,166,17.0103,0,0,5430,1227707141
300.429,3.32857,46.0076,0,85,66,37,2346,8925,5.12842,166,17.0103,0,0,5430,1231036118
501.067,1.99574,46.0076,0,85,66,37,2346,8925,5.12842,166,17.0103,0,0,5430,1233032233
419.461,2.38401,46.0076,0,85,66,37,2346,8925,5.12842,166,17.0103,0,0,5430,1235416679
273.232,3.65989,46.0076,0,85,66,37,2346,8925,5.12842,166,17.0103,0,0,5430,1239076928
457.047,2.18796,46.0076,0,85,66,37,2346,8925,5.12842,166,17.0103,0,0,5430,1241265126
286.556,3.48972,46.0076,0,85,66,37,2346,8925,5.12842,166,17.0103,0,0,5430,1244755321
664.349,1.50523,46.0076,0,85,66,37,2346,8925,5.12842,166,17.0103,0,0,5430,1246260804
465.955,2.14613,46.0076,0,85,66,37,2346,8925,5.12842,166,17.0103,0,0,5430,1248407242
334.86,2.98632,46.0076,0,85,66,37,2346,8925,5.12842,166,17.0103,0,0,5430,1251393871
287.457,3.47878,46.0076,0,85,66,37,2346,8925,5.12842,166,17.0103,0,0,5430,1254872989
307.119,3.25607,46.0076,0,85,66,37,2346,8925,5.12842,166,17.0103,0,0,5430,1258129473
565.73,1.76763,46.0076,0,85,66,37,2346,8925,5.12842,166,17.0103,0,0,5430,1259897302
414.848,2.41052,46.0076,0,85,66,37,2346,8925,5.12842,166,17.0103,0,0,5430,1262308162
486.097,2.0572,46.0076,0,85,66,37,2346,8925,5.12842,166,17.0103,0,0,5430,1264365722
303.225,3.29788,46.0076,0,85,66,37,2346,8925,5.12842,166,17.0103,0,0,5430,1267663881
352.17,2.83954,46.0076,0,85,66,37,2346,8925,5.12842,166,17.0103,0,0,5430,1270503737
478.867,2.08826,46.0076,0,85,66,37,2346,8925,5.12842,166,17.0103,0,0,5430,1272592374
276.309,3.61913,46.0076,0,85,66,37,2346,8925,5.12842,166,17.0103,0,0,5430,1276211794
482.623,2.07201,46.0076,0,85,66,37,2346,8925,5.12842,166,17.0103,0,0,5430,1278284124
399.994,2.50004,46.0076,0,85,66,37,2346,8925,5.12842,166,17.0103,0,0,5430,1280784554
259.192,3.85814,46.0076,0,85,66,37,2346,8925,5.12842,166,17.0103,0,0,5430,1284643136
545.278,1.83393,46.0076,0,85,66,37,2346,8925,5.12842,166,17.0103,0,0,5430,1286477409
386.417,2.58787,46.0076,0,85,66,37,2346,8925,5.12842,166,17.0103,0,0,5430,1289065477
382.026,2.61763,46.0076,0,85,66,37,2346,8925,5.12842,166,17.0103,0,0,5430,1291683556
319.591,3.129,46.0076,0,85,66,37,2346,8925,5.12842,166,17.0103,0,0,5430,1294812796
440.781,2.2687,46.0076,0,85,66,37,2346,8925,5.12842,166,17.0103,0,0,5430,1297081834
396.342,2.52308,46.0076,0,85,66,37,2346,8925,5.12842,166,17.0103,0,0,5430,1299605265
293.514,3.40699,46.0076,0,85,66,37,2346,8925,5.12842,166,17.0103,0,0,5430,1303012726
543.227,1.84085,46.0076,0,85,66,37,2346,8925,5.12842,166,17.0103,0,0,5430,1304854019
382.895,2.61168,46.0076,0,85,66,37,2346,8925,5.12842,166,17.0103,0,0,5430,1307465838
253.342,3.94723,46.0076,0,85,66,37,2346,8925,5.12842,166,17.0103,0,0,5430,1311413432
476.253,2.09973,46.0076,0,85,66,37,2346,8925,5.12842,166,17.0103,0,0,5430,1313513388
550.753,1.8157,46.0076,0,85,66,37,2346,8925,5.12842,166,17.0103,0,0,5430,1315329362
286.751,3.48735,46.0076,0,85,66,37,2346,8925,5.12842,166,17.0103,0,0,5430,1318817076
559.049,1.78875,46.0076,0,85,66,37,2346,8925,5.12842,166,17.0103,0,0,5430,1320606290
304.337,3.28583,46.0076,0,85,66,37,2346,8925,5.12842,166,17.0103,0,0,5430,1323892488
511.436,1.95528,46.0076,0,85,66,37,2346,8925,5.12842,166,17.0103,0,0,5430,1325847977
390.147,2.56313,46.0076,0,85,66,37,2346,8925,5.12842,166,17.0103,0,0,5430,1328411476
310.118,3.22458,46.0076,0,85,66,37,2346,8925,5.12842,166,17.0103,0,0,5430,1331636383
415.801,2.40499,46.0076,0,85,66,37,2346,8925,5.12842,166,17.0103,0,0,5430,1334041724
178.528,5.60135,46.0076,0,85,66,37,2346,8925,5.12842,166,17.0103,0,0,5430,1339645605
644.081,1.5526,44.6015,0,83,66,44,2760,10501,5.12842,166,17.0067,0,0,5436,1341196321
511.245,1.95601,44.6015,0,83,66,44,2760,10501,5.12842,166,17.0067,0,0,5436,1343152560
394.177,2.53693,44.6015,0,83,66,44,2760,10501,5.12842,166,17.0067,0,0,5436,1345690011
340.336,2.93827,44.6015,0,83,66,44,2760,10501,5.12842,166,17.0067,0,0,5436,1348628667
374.703,2.66878,44.6015,0,83,66,44,2760,10501,5.12842,166,17.0067,0,0,5436,1351297901
356.258,2.80695,44.6015,0,83,66,44,2760,10501,5.12842,166,17.0067,0,0,5436,1354104948
217.139,4.60535,44.6015,0,83,66,44,2760,10501,5.12842,166,17.0067,0,0,5436,1358710853
1151.35,0.868548,44.6015,0,83,66,44,2760,10501,5.12842,166,17.0067,0,0,5436,1359579584
325.869,3.06872,44.6015,0,83,66,44,2760,10501,5.12842,166,17.0067,0,0,5436,1362648611
360.751,2.772,44.6015,0,83,66,44,2760,10501,5.12842,166,17.0067,0,0,5436,1365421051
378.432,2.64248,44.6015,0,83,66,44,2760,10501,5.12842,166,17.0067,0,0,5436,1368063745
564.095,1.77275,44.6015,0,83,66,44,2760,10501,5.12842,166,17.0067,0,0,5436,1369836834
377.398,2.64972,44.6015,0,83,66,44,2760,10501,5.12842,166,17.0067,0,0,5436,1372486866
298.441,3.35075,44.6015,0,83,66,44,2760,10501,5.12842,166,17.0067,0,0,5436,1375837959
465.761,2.14702,44.6015,0,83,66,44,2760,10501,5.12842,166,17.0067,0,0,5436,1377985474
273.499,3.65633,44.6015,0,83,66,44,2760,10501,5.12842,166,17.0067,0,0,5436,1381642424
436.044,2.29335,44.6015,0,83,66,44,2760,10501,5.12842,166,17.0067,0,0,5436,1383936261
485.656,2.05907,44.6015,0,83,66,44,2760,10501,5.12842,166,17.0067,0,0,5436,1385995600
377.083,2.65194,44.6015,0,83,66,44,2760,10501,5.12842,166,17.0067,0,0,5436,1388647872
278.502,3.59064,44.6015,0,83,66,44,2760,10501,5.12842,166,17.0067,0,0,5436,1392238839
554.355,1.8039,44.6015,0,83,66,44,2760,10501,5.12842,166,17.0067,0,0,5436,1394043053
389.341,2.56844,44.6015,0,83,66,44,2760,10501,5.12842,166,17.0067,0,0,5436,1396611813
399.696,2.5019,44.6015,0,83,66,44,2760,10501,5.12842,166,17.0067,0,0,5436,1399114196
334.078,2.99331,44.6015,0,83,66,44,2760,10501,5.12842,166,17.0067,0,0,5436,1402107787
396.683,2.5209,44.6015,0,83,66,44,2760,10501,5.12842,166,17.0067,0,0,5436,1404628958
344.901,2.89939,44.6015,0,83,66,44,2760,10501,5.12842,166,17.0067,0,0,5436,1407528681
406.684,2.45891,44.6015,0,83,66,44,2760,10501,5.12842,166,17.0067,0,0,5436,1409987908
324.934,3.07755,44.6015,0,83,66,44,2760,10501,5.12842,166,17.0067,0,0,5436,1413065762
430.674,2.32194,44.6015,0,83,66,44,2760,10501,5.12842,166,17.0067,0,0,5436,1415388157
256.986,3.89126,44.6015,0,83,66,44,2760,10501,5.12842,166,17.0067,0,0,5436,1419279702
547.892,1.82518,44.6015,0,83,66,44,2760,10501,5.12842,166,17.0067,0,0,5436,1421105177
491.66,2.03393,44.6015,0,83,66,44,2760,10501,5.12842,166,17.0067,0,0,5436,1423139476
341.247,2.93043,44.6015,0,83,66,44,2760,10501,5.12842,166,17.0067,0,0,5436,1426070152
428.07,2.33607,44.6015,0,83,66,44,2760,10501,5.12842,166,17.0067,0,0,5436,1428406625
331.021,3.02096,44.6015,0,83,66,44,2760,10501,5.12842,166,17.0067,0,0,5436,1431427958
360.502,2.77391,44.6015,0,83,66,44,2760,10501,5.12842,166,17.0067,0,0,5436,1434202176
432.136,2.31409,44.6015,0,83,66,44,2760,10501,5.12842,166,17.0067,0,0,5436,1436516706
294.967,3.39021,44.6015,0,83,66,44,2760,10501,5.12842,166,17.0067,0,0,5436,1439907397
505.775,1.97716,44.6015,0,83,66,44,2760,10501,5.12842,166,17.0067,0,0,5436,1441884656
221.994,4.50463,44.6015,0,83,66,44,2760,10501,5.12842,166,17.0067,0,0,5436,1446389596
560.54,1.78399,44.6015,0,83,66,44,2760,10501,5.12842,166,17.0067,0,0,5436,1448173916
600.997,1.6639,44.6015,0,83,66,44,2760,10501,5.12842,166,17.0067,0,0,5436,1449838203
247.209,4.04517,44.6015,0,83,66,44,2760,10501,5.12842,166,17.0067,0,0,5436,1453883772
636.73,1.57053,44.6015,0,83,66,44,2760,10501,5.12842,166,17.0067,0,0,5436,1455454604
362.121,2.76151,44.6015,0,83,66,44,2760,10501,5.12842,166,17.0067,0,0,5436,1458216418
438.391,2.28107,44.6015,0,83,66,44,2760,10501,5.12842,166,17.0067,0,0,5436,1460497966
282.456,3.54037,44.6015,0,83,66,44,2760,10501,5.12842,166,17.0067,0,0,5436,1464038681
417.947,2.39265,44.6015,0,83,66,44,2760,10501,5.12842,166,17.0067,0,0,5436,1466431762
279.527,3.57747,44.6015,0,83,66,44,2760,10501,5.12842,166,17.0067,0,0,5436,1470009440
358.38,2.79033,44.6015,0,83,66,44,2760,10501,5.12842,166,17.0067,0,0,5436,1472800227
494.847,2.02083,44.6015,0,83,66,44,2760,10501,5.12842,166,17.0067,0,0,5436,1474821401
442.906,2.25782,44.6015,0,83,66,44,2760,10501,5.12842,166,17.0067,0,0,5436,1477079409
384.274,2.60231,44.6015,0,83,66,44,2760,10501,5.12842,166,17.0067,0,0,5436,1479682189
504.516,1.9821,44.6015,0,83,66,44,2760,10501,5.12842,166,17.0067,0,0,5436,1481664487
314.606,3.17858,44.6015,0,83,66,44,2760,10501,5.12842,166,17.0067,0,0,5436,1484843479
350.885,2.84993,44.6015,0,83,66,44,2760,10501,5.12842,166,17.0067,0,0,5436,1487693738
361.912,2.7631,44.6015,0,83,66,44,2760,10501,5.12842,166,17.0067,0,0,5436,1490457081
212.466,4.70663,44.6015,0,83,66,44,2760,10501,5.12842,166,17.0067,0,0,5436,1495164067
578.733,1.72791,44.6015,0,83,66,44,2760,10501,5.12842,166,17.0067,0,0,5436,1496892279
279.311,3.58024,44.6015,0,83,66,44,2760,10501,5.12842,166,17.0067,0,0,5436,1500472842
583.444,1.71396,44.6015,0,83,66,44,2760,10501,5.12842,166,17.0067,0,0,5436,1502187121
573.473,1.74376,44.6015,0,83,66,44,2760,10501,5.12842,166,17.0067,0,0,5436,1503931132
457.836,2.18419,44.6015,0,83,66,44,2760,10501,5.12842,166,17.0067,0,0,5436,1506115772
249.771,4.00366,44.6015,0,83,66,44,2760,10501,5.12842,166,17.0067,0,0,5436,1510119792
534.64,1.87042,44.6015,0,83,66,44,2760,10501,5.12842,166,17.0067,0,0,5436,1511990451
337.647,2.96168,44.6015,0,83,66,44,2760,10501,5.12842,166,17.0067,0,0,5436,1514952541
511.673,1.95437,44.6015,0,83,66,44,2760,10501,5.12842,166,17.0067,0,0,5436,1516907261
263.416,3.79627,44.6015,0,83,66,44,2760,10501,5.12842,166,17.0067,0,0,5436,1520704081
631.357,1.58389,44.6015,0,83,66,44,2760,10501,5.12842,166,17.0067,0,0,5436,1522288212
345.555,2.8939,44.6015,0,83,66,44,2760,10501,5.12842,166,17.0067,0,0,5436,1525182569
377.62,2.64817,44.6015,0,83,66,44,2760,10501,5.12842,166,17.0067,0,0,5436,1527830860
434.606,2.30093,44.6015,0,83,66,44,2760,10501,5.12842,166,17.0067,0,0,5436,1530132159
365.017,2.7396,44.6015,0,83,66,44,2760,10501,5.12842,166,17.0067,0,0,5436,1532872261
356.791,2.80276,44.6015,0,83,66,44,2760,10501,5.12842,166,17.0067,0,0,5436,1535675182
370.496,2.69908,44.6015,0,83,66,44,2760,10501,5.12842,166,17.0067,0,0,5436,1538374610
436.58,2.29053,44.6015,0,83,66,44,2760,10501,5.12842,166,17.0067,0,0,5436,1540665562
307.732,3.24958,44.6015,0,83,66,44,2760,10501,5.12842,166,17.0067,0,0,5436,1543915383
373.634,2.67642,44.6015,0,83,66,44,2760,10501,5.12842,166,17.0067,0,0,5436,1546592098
406.447,2.46034,44.6015,0,83,66,44,2760,10501,5.12842,166,17.0067,0,0,5436,1549052873
204.05,4.90077,44.6015,0,83,66,44,2760,10501,5.12842,166,17.0067,0,0,5436,1553954115
1592.48,0.627953,44.6015,0,83,66,44,2760,10501,5.12842,166,17.0067,0,0,5436,1554582060
339.568,2.94492,44.6015,0,83,66,44,2760,10501,5.12842,166,17.0067,0,0,5436,1557527370
441.865,2.26313,44.6015,0,83,66,44,2760,10501,5.12842,166,17.0067,0,0,5436,1559790831
313.759,3.18716,44.6015,0,83,66,44,2760,10501,5.12842,166,17.0067,0,0,5436,1563013988
499.019,2.00393,44.6015,0,83,66,44,2760,10501,5.12842,166,17.0067,0,0,5436,1564982583
400.011,2.49993,44.6015,0,83,66,44,2760,10501,5.12842,166,17.0067,0,0,5436,1567482812
324.838,3.07846,44.6015,0,83,66,44,2760,10501,5.12842,166,17.0067,0,0,5436,1570561761
361.688,2.76482,44.6015,0,83,66,44,2760,10501,5.12842,166,17.0067,0,0,5436,1573326701
328.63,3.04294,44.6015,0,83,66,44,2760,10501,5.12842,166,17.0067,0,0,5436,1576370025
519.014,1.92673,44.6015,0,83,66,44,2760,10501,5.12842,166,17.0067,0,0,5436,1578297032
333.872,2.99516,44.6015,0,83,66,44,2760,10501,5.12842,166,17.0067,0,0,5436,1581292508
460.773,2.17026,44.6015,0,83,66,44,2760,10501,5.12842,166,17.0067,0,0,5436,1583463090
385.821,2.59188,44.6015,0,83,66,44,2760,10501,5.12842,166,17.0067,0,0,5436,1586055284
220.003,4.54539,44.6015,0,83,66,44,2760,10501,5.12842,166,17.0067,0,0,5436,1590601225
1168.41,0.855865,44.6015,0,83,66,44,2760,10501,5.12842,166,17.0067,0,0,5436,1591457360
356.594,2.80431,44.6015,0,83,66,44,2760,10501,5.12842,166,17.0067,0,0,5436,1594261945
397.855,2.51348,44.6015,0,83,66,44,2760,10501,5.12842,166,17.0067,0,0,5436,1596775779
307.857,3.24826,44.6015,0,83,66,44,2760,10501,5.12842,166,17.0067,0,0,5436,1600024562
446.987,2.2372,44.6015,0,83,66,44,2760,10501,5.12842,166,17.0067,0,0,5436,1602261984
349.534,2.86095,44.6015,0,83,66,44,2760,10501,5.12842,166,17.0067,0,0,5436,1605123282
312.119,3.20391,44.6015,0,83,66,44,2760,10501,5.12842,166,17.0067,0,0,5436,1608327717
489.108,2.04454,44.6015,0,83,66,44,2760,10501,5.12842,166,17.0067,0,0,5436,1610372478
358.638,2.78833,44.6015,0,83,66,44,2760,10501,5.12842,166,17.0067,0,0,5436,1613161168
379.642,2.63406,44.6015,0,83,66,44,2760,10501,5.12842,166,17.0067,0,0,5436,1615795459
301.109,3.32105,44.6015,0,83,66,44,2760,10501,5.12842,166,17.0067,0,0,5436,1619116840
505.822,1.97698,44.6015,0,83,66,44,2760,10501,5.12842,166,17.0067,0,0,5436,1621094137
380.289,2.62958,44.6015,0,83,66,44,2760,10501,5.12842,166,17.0067,0,0,5436,1623724024
341.157,2.9312,44.6015,0,83,66,44,2760,10501,5.12842,166,17.0067,0,0,5436,1626655575
294.971,3.39016,44.6015,0,83,66,44,2760,10501,5.12842,166,17.0067,0,0,5436,1630046170
479.832,2.08406,44.6015,0,83,66,44,2760,10501,5.12842,166,17.0067,0,0,5436,1632130490
287.238,3.48143,44.6015,0,83,66,44,2760,10501,5.12842,166,17.0067,0,0,5436,1635612309
579.4,1.72592,44.6015,0,83,66,44,2760,10501,5.12842,166,17.0067,0,0,5436,1637338502
405.476,2.46624,44.6015,0,83,66,44,2760,10501,5.12842,166,17.0067,0,0,5436,1639805095
374.177,2.67253,44.6015,0,83,66,44,2760,10501,5.12842,166,17.0067,0,0,5436,1642478070
387.598,2.57999,44.6015,0,83,66,44,2760,10501,5.12842,166,17.0067,0,0,5436,1645058416
367.769,2.7191,44.6015,0,83,66,44,2760,10501,5.12842,166,17.0067,0,0,5436,1647777758
404.057,2.4749,44.6015,0,83,66,44,2760,10501,5.12842,166,17.0067,0,0,5436,1650253091
357.639,2.79611,44.6015,0,83,66,44,2760,10501,5.12842,166,17.0067,0,0,5436,1653049599
378.805,2.63988,44.6015,0,83,66,44,2760,10501,5.12842,166,17.0067,0,0,5436,1655689582
387.437,2.58107,44.6015,0,83,66,44,2760,10501,5.12842,166,17.0067,0,0,5436,1658271025
241.778,4.13603,44.6015,0,83,66,44,2760,10501,5.12842,166,17.0067,0,0,5436,1662407549
524.678,1.90593,44.6015,0,83,66,44,2760,10501,5.12842,166,17.0067,0,0,5436,1664313892
490.834,2.03735,44.6015,0,83,66,44,2760,10501,5.12842,166,17.0067,0,0,5436,1666351403
354.762,2.81879,44.6015,0,83,66,44,2760,10501,5.12842,166,17.0067,0,0,5436,1669170671
341.944,2.92445,44.6015,0,83,66,44,2760,10501,5.12842,166,17.0067,0,0,5436,1672095568
359.756,2.77966,44.6015,0,83,66,44,2760,10501,5.12842,166,17.0067,0,0,5436,1674875421
349.454,2.86161,44.6015,0,83,66,44,2760,10501,5.12842,166,17.0067,0,0,5436,1677737344
462.54,2.16198,44.6015,0,83,66,44,2760,10501,5.12842,166,17.0067,0,0,5436,1679899696
275.799,3.62583,44.6015,0,83,66,44,2760,10501,5.12842,166,17.0067,0,0,5436,1683526049
436.604,2.29041,44.6015,0,83,66,44,2760,10501,5.12842,166,17.0067,0,0,5436,1685816617
234.041,4.27276,44.6015,0,83,66,44,2760,10501,5.12842,166,17.0067,0,0,5436,1690089799
686.463,1.45674,44.6015,0,83,66,44,2760,10501,5.12842,166,17.0067,0,0,5436,1691546790
431.052,2.31991,44.6015,0,83,66,44,2760,10501,5.12842,166,17.0067,0,0,5436,1693867128
328.536,3.0438,44.6015,0,83,66,44,2760,10501,5.12842,166,17.0067,0,0,5436,1696911260
453.503,2.20505,44.6015,0,83,66,44,2760,10501,5.12842,166,17.0067,0,0,5436,1699116719
341.254,2.93037,44.6015,0,83,66,44,2760,10501,5.12842,166,17.0067,0,0,5436,1702047433
372.058,2.68775,44.6015,0,83,66,44,2760,10501,5.12842,166,17.0067,0,0,5436,1704735504
334.903,2.98594,44.6015,0,83,66,44,2760,10501,5.12842,166,17.0067,0,0,5436,1707721855
468.41,2.13488,44.6015,0,83,66,44,2760,10501,5.12842,166,17.0067,0,0,5436,1709857061
372.139,2.68717,44.6015,0,83,66,44,2760,10501,5.12842,166,17.0067,0,0,5436,1712544460
252.495,3.96048,44.6015,0,83,66,44,2760,10501,5.12842,166,17.0067,0,0,5436,1716505276
436.632,2.29026,44.6015,0,83,66,44,2760,10501,5.12842,166,17.0067,0,0,5436,1718795843
389.691,2.56613,44.6015,0,83,66,44,2760,10501,5.12842,166,17.0067,0,0,5436,1721362189
532.796,1.87689,44.6015,0,83,66,44,2760,10501,5.12842,166,17.0067,0,0,5436,1723239310
364.214,2.74564,44.6015,0,83,66,44,2760,10501,5.12842,166,17.0067,0,0,5436,1725985489
316.135,3.1632,44.6015,0,83,66,44,2760,10501,5.12842,166,17.0067,0,0,5436,1729148913
275.742,3.62657,44.6015,0,83,66,44,2760,10501,5.12842,166,17.0067,0,0,5436,1732775862
571.629,1.74939,44.6015,0,83,66,44,2760,10501,5.12842,166,17.0067,0,0,5436,1734525623
403.403,2.47891,44.6015,0,83,66,44,2760,10501,5.12842,166,17.0067,0,0,5436,1737004803
390.619,2.56004,44.6015,0,83,66,44,2760,10501,5.12842,166,17.0067,0,0,5436,1739565130
233.352,4.28537,44.6015,0,83,66,44,2760,10501,5.12842,166,17.0067,0,0,5436,1743851043
655.868,1.5247,44.6015,0,83,66,44,2760,10501,5.12842,166,17.0067,0,0,5436,1745375941
495.465,2.01831,44.6015,0,83,66,44,2760,10501,5.12842,166,17.0067,0,0,5436,1747394576
374.312,2.67157,44.6015,0,83,66,44,2760,10501,5.12842,166,17.0067,0,0,5436,1750066695
337.874,2.95969,44.6015,0,83,66,44,2760,10501,5.12842,166,17.0067,0,0,5436,1753026593
309.035,3.23588,44.6015,0,83,66,44,2760,10501,5.12842,166,17.0067,0,0,5436,1756262731
382.062,2.61738,44.6015,0,83,66,44,2760,10501,5.12842,166,17.0067,0,0,5436,1758880483
468.006,2.13673,44.6015,0,83,66,44,2760,10501,5.12842,166,17.0067,0,0,5436,1761017526
238.976,4.18453,44.6015,0,83,66,44,2760,10501,5.12842,166,17.0067,0,0,5436,1765202340
646.057,1.54785,44.6015,0,83,66,44,2760,10501,5.12842,166,17.0067,0,0,5436,1766750613
273.68,3.6539,44.6015,0,83,66,44,2760,10501,5.12842,166,17.0067,0,0,5436,1770404765
576.055,1.73594,44.6015,0,83,66,44,2760,10501,5.12842,166,17.0067,0,0,5436,1772141035
435.206,2.29776,44.6015,0,83,66,44,2760,10501,5.12842,166,17.0067,0,0,5436,1774439103
282.275,3.54264,44.6015,0,83,66,44,2760,10501,5.12842,166,17.0067,0,0,5436,1777982088
572.655,1.74625,44.6015,0,83,66,44,2760,10501,5.12842,166,17.0067,0,0,5436,1779728733
323.196,3.09409,44.6015,0,83,66,44,2760,10501,5.12842,166,17.0067,0,0,5436,1782823049
337.226,2.96537,44.6015,0,83,66,44,2760,10501,5.12842,166,17.0067,0,0,5436,1785788745
586.672,1.70453,44.6015,0,83,66,44,2760,10501,5.12842,166,17.0067,0,0,5436,1787493543
359.843,2.77899,44.6015,0,83,66,44,2760,10501,5.12842,166,17.0067,0,0,5436,1790272983
209.859,4.76511,44.6015,0,83,66,44,2760,10501,5.12842,166,17.0067,0,0,5436,1795038441
321.698,3.10851,44.6015,0,83,66,44,2760,10501,5.12842,166,17.0067,0,0,5436,1798147431
631.227,1.58422,44.6015,0,83,66,44,2760,10501,5.12842,166,17.0067,0,0,5436,1799731946
413.778,2.41675,44.6015,0,83,66,44,2760,10501,5.12842,166,17.0067,0,0,5436,1802148893
359.776,2.77951,44.6015,0,83,66,44,2760,10501,5.12842,166,17.0067,0,0,5436,1804928755
393.278,2.54273,44.6015,0,83,66,44,2760,10501,5.12842,166,17.0067,0,0,5436,1807471918
340.048,2.94076,44.6015,0,83,66,44,2760,10501,5.12842,166,17.0067,0,0,5436,1810413036
368.416,2.71432,44.6015,0,83,66,44,2760,10501,5.12842,166,17.0067,0,0,5436,1813127599
443.125,2.2567,44.6015,0,83,66,44,2760,10501,5.12842,166,17.0067,0,0,5436,1815384608
212.299,4.71034,44.6015,0,83,66,44,2760,10501,5.12842,166,17.0067,0,0,5436,1820095247
621.687,1.60853,44.6015,0,83,66,44,2760,10501,5.12842,166,17.0067,0,0,5436,1821704119
277.436,3.60444,44.6015,0,83,66,44,2760,10501,5.12842,166,17.0067,0,0,5436,1825308894
357.541,2.79688,44.6015,0,83,66,44,2760,10501,5.12842,166,17.0067,0,0,5436,1828106085
498.653,2.0054,44.6015,0,83,66,44,2760,10501,5.12842,166,17.0067,0,0,5436,1830111806
490.795,2.03751,44.6015,0,83,66,44,2760,10501,5.12842,166,17.0067,0,0,5436,1832149673
478.834,2.08841,44.6015,0,83,66,44,2760,10501,5.12842,166,17.0067,0,0,5436,1834238387
407.151,2.45609,44.6015,0,83,66,44,2760,10501,5.12842,166,17.0067,0,0,5436,1836694961
296.98,3.36723,44.6015,0,83,66,44,2760,10501,5.12842,166,17.0067,0,0,5436,1840065180
474.859,2.10589,45.5013,0,83,66,44,2760,10501,5.12842,166,17.0029,0,0,5437,1842168664
322.165,3.104,45.5013,0,83,66,44,2760,10501,5.12842,166,17.0029,0,0,5437,1845273096
394.767,2.53314,45.5013,0,83,66,44,2760,10501,5.12842,166,17.0029,0,0,5437,1847806556
227.383,4.39786,45.5013,0,83,66,44,2760,10501,5.12842,166,17.0029,0,0,5437,1852204752
740.389,1.35064,45.5013,0,83,66,44,2760,10501,5.12842,166,17.0029,0,0,5437,1853555894
657.212,1.52158,45.5013,0,83,66,44,2760,10501,5.12842,166,17.0029,0,0,5437,1855077830
321.806,3.10746,45.5013,0,83,66,44,2760,10501,5.12842,166,17.0029,0,0,5437,1858185627
345.165,2.89717,45.5013,0,83,66,44,2760,10501,5.12842,166,17.0029,0,0,5437,1861083100
430.447,2.32316,45.5013,0,83,66,44,2760,10501,5.12842,166,17.0029,0,0,5437,1863406611
325.732,3.07001,45.5013,0,83,66,44,2760,10501,5.12842,166,17.0029,0,0,5437,1866477003
353.17,2.8315,45.5013,0,83,66,44,2760,10501,5.12842,166,17.0029,0,0,5437,1869308858
395.654,2.52746,45.5013,0,83,66,44,2760,10501,5.12842,166,17.0029,0,0,5437,1871836587
383.197,2.60963,45.5013,0,83,66,44,2760,10501,5.12842,166,17.0029,0,0,5437,1874446627
213.123,4.69213,45.5013,0,83,66,44,2760,10501,5.12842,166,17.0029,0,0,5437,1879139006
654.56,1.52774,45.5013,0,83,66,44,2760,10501,5.12842,166,17.0029,0,0,5437,1880667221
538,1.85873,45.5013,0,83,66,44,2760,10501,5.12842,166,17.0029,0,0,5437,1882526216
373.686,2.67604,45.5013,0,83,66,44,2760,10501,5.12842,166,17.0029,0,0,5437,1885202557
270.299,3.6996,45.5013,0,83,66,44,2760,10501,5.12842,166,17.0029,0,0,5437,1888902585
343.468,2.91148,45.5013,0,83,66,44,2760,10501,5.12842,166,17.0029,0,0,5437,1891814491
417.114,2.39743,45.5013,0,83,66,44,2760,10501,5.12842,166,17.0029,0,0,5437,1894212149
577.665,1.73111,45.5013,0,83,66,44,2760,10501,5.12842,166,17.0029,0,0,5437,1895943582
286.813,3.48659,45.5013,0,83,66,44,2760,10501,5.12842,166,17.0029,0,0,5437,1899430478
571.322,1.75033,45.5013,0,83,66,44,2760,10501,5.12842,166,17.0029,0,0,5437,1901181153
491.944,2.03275,45.5013,0,83,66,44,2760,10501,5.12842,166,17.0029,0,0,5437,1903214279
304.996,3.27874,45.5013,0,83,66,44,2760,10501,5.12842,166,17.0029,0,0,5437,1906493226
233.996,4.27359,45.5013,0,83,66,44,2760,10501,5.12842,166,17.0029,0,0,5437,1910767312
585.902,1.70677,45.5013,0,83,66,44,2760,10501,5.12842,166,17.0029,0,0,5437,1912474303
274.254,3.64626,45.5013,0,83,66,44,2760,10501,5.12842,166,17.0029,0,0,5437,1916120964
1274.15,0.784834,45.5013,0,83,66,44,2760,10501,5.12842,166,17.0029,0,0,5437,1916905904
363.909,2.74794,45.5013,0,83,66,44,2760,10501,5.12842,166,17.0029,0,0,5437,1919654170
392.204,2.54969,45.5013,0,83,66,44,2760,10501,5.12842,166,17.0029,0,0,5437,1922204073
284.658,3.51299,45.5013,0,83,66,44,2760,10501,5.12842,166,17.0029,0,0,5437,1925717422
486.766,2.05438,45.5013,0,83,66,44,2760,10501,5.12842,166,17.0029,0,0,5437,1927772203
391.575,2.55379,45.5013,0,83,66,44,2760,10501,5.12842,166,17.0029,0,0,5437,1930326308
374.672,2.669,45.5013,0,83,66,44,2760,10501,5.12842,166,17.0029,0,0,5437,1932995629
370.602,2.69831,45.5013,0,83,66,44,2760,10501,5.12842,166,17.0029,0,0,5437,1935694268
395.481,2.52857,45.5013,0,83,66,44,2760,10501,5.12842,166,17.0029,0,0,5437,1938223151
271.7,3.68053,45.5013,0,83,66,44,2760,10501,5.12842,166,17.0029,0,0,5437,1941904035
667.213,1.49877,45.5013,0,83,66,44,2760,10501,5.12842,166,17.0029,0,0,5437,1943403095
323.98,3.08661,45.5013,0,83,66,44,2760,10501,5.12842,166,17.0029,0,0,5437,1946490045
376.235,2.65792,45.5013,0,83,66,44,2760,10501,5.12842,166,17.0029,0,0,5437,1949148298
327.47,3.05372,45.5013,0,83,66,44,2760,10501,5.12842,166,17.0029,0,0,5437,1952202276
450.75,2.21853,45.5013,0,83,66,44,2760,10501,5.12842,166,17.0029,0,0,5437,1954421082
361.298,2.7678,45.5013,0,83,66,44,2760,10501,5.12842,166,17.0029,0,0,5437,1957189194
272.602,3.66835,45.5013,0,83,66,44,2760,10501,5.12842,166,17.0029,0,0,5437,1960857895
629.896,1.58756,45.5013,0,83,66,44,2760,10501,5.12842,166,17.0029,0,0,5437,1962445871
369.848,2.70381,45.5013,0,83,66,44,2760,10501,5.12842,166,17.0029,0,0,5437,1965149828
360.526,2.77373,45.5013,0,83,66,44,2760,10501,5.12842,166,17.0029,0,0,5437,1967923883
372.226,2.68654,45.5013,0,83,66,44,2760,10501,5.12842,166,17.0029,0,0,5437,1970610742
384.205,2.60278,45.5013,0,83,66,44,2760,10501,5.12842,166,17.0029,0,0,5437,1973213821
341.459,2.92861,45.5013,0,83,66,44,2760,10501,5.12842,166,17.0029,0,0,5437,1976142833
487.804,2.05,45.5013,0,83,66,44,2760,10501,5.12842,166,17.0029,0,0,5437,1978193104
320.061,3.1244,45.5013,0,83,66,44,2760,10501,5.12842,166,17.0029,0,0,5437,1981317815
509.767,1.96168,45.5013,0,83,66,44,2760,10501,5.12842,166,17.0029,0,0,5437,1983279967
283.81,3.52348,45.5013,0,83,66,44,2760,10501,5.12842,166,17.0029,0,0,5437,1986803730
316.266,3.1619,45.5013,0,83,66,44,2760,10501,5.12842,166,17.0029,0,0,5437,1989966049
501.901,1.99242,45.5013,0,83,66,44,2760,10501,5.12842,166,17.0029,0,0,5437,1991958673
256.83,3.89363,45.5013,0,83,66,44,2760,10501,5.12842,166,17.0029,0,0,5437,1995852882
1571.92,0.636166,45.5013,0,83,66,44,2760,10501,5.12842,166,17.0029,0,0,5437,1996489009
350.675,2.85164,45.5013,0,83,66,44,2760,10501,5.12842,166,17.0029,0,0,5437,1999341240
284.176,3.51894,45.5013,0,83,66,44,2760,10501,5.12842,166,17.0029,0,0,5437,2002860473
504.651,1.98157,45.5013,0,83,66,44,2760,10501,5.12842,166,17.0029,0,0,5437,2004842348
323.661,3.08965,45.5013,0,83,66,44,2760,10501,5.12842,166,17.0029,0,0,5437,2007932317
473.508,2.1119,45.5013,0,83,66,44,2760,10501,5.12842,166,17.0029,0,0,5437,2010044648
230.25,4.3431,45.5013,0,83,66,44,2760,10501,5.12842,166,17.0029,0,0,5437,2014388218
295.867,3.3799,45.5013,0,83,66,44,2760,10501,5.12842,166,17.0029,0,0,5437,2017768312
946.584,1.05643,45.5013,0,83,66,44,2760,10501,5.12842,166,17.0029,0,0,5437,2018825117
455.677,2.19454,45.5013,0,83,66,44,2760,10501,5.12842,166,17.0029,0,0,5437,2021019960
356.279,2.80679,45.5013,0,83,66,44,2760,10501,5.12842,166,17.0029,0,0,5437,2023827036
218.331,4.5802,45.5013,0,83,66,44,2760,10501,5.12842,166,17.0029,0,0,5437,2028407594
624.911,1.60023,45.5013,0,83,66,44,2760,10501,5.12842,166,17.0029,0,0,5437,2030008129
534.195,1.87198,45.5013,0,83,66,44,2760,10501,5.12842,166,17.0029,0,0,5437,2031880442
365.373,2.73693,45.5013,0,83,66,44,2760,10501,5.12842,166,17.0029,0,0,5437,2034617707
343.499,2.91121,45.5013,0,83,66,44,2760,10501,5.12842,166,17.0029,0,0,5437,2037529209
271.761,3.6797,45.5013,0,83,66,44,2760,10501,5.12842,166,17.0029,0,0,5437,2041209381
555.866,1.79899,45.5013,0,83,66,44,2760,10501,5.12842,166,17.0029,0,0,5437,2043008596
387.262,2.58223,45.5013,0,83,66,44,2760,10501,5.12842,166,17.0029,0,0,5437,2045591356
409.131,2.44421,45.5013,0,83,66,44,2760,10501,5.12842,166,17.0029,0,0,5437,2048035804
241.182,4.14625,45.5013,0,83,66,44,2760,10501,5.12842,166,17.0029,0,0,5437,2052182376
617.314,1.61992,45.5013,0,83,66,44,2760,10501,5.12842,166,17.0029,0,0,5437,2053802604
332.857,3.00429,45.5013,0,83,66,44,2760,10501,5.12842,166,17.0029,0,0,5437,2056807291
563.52,1.77456,45.5013,0,83,66,44,2760,10501,5.12842,166,17.0029,0,0,5437,2058582236
405.138,2.46829,45.5013,0,83,66,44,2760,10501,5.12842,166,17.0029,0,0,5437,2061050781
407.403,2.45457,45.5013,0,83,66,44,2760,10501,5.12842,166,17.0029,0,0,5437,2063505623
248.596,4.0226,45.5013,0,83,66,44,2760,10501,5.12842,166,17.0029,0,0,5437,2067528710
382.041,2.61752,45.5013,0,83,66,44,2760,10501,5.12842,166,17.0029,0,0,5437,2070146616
345.235,2.89658,45.5013,0,83,66,44,2760,10501,5.12842,166,17.0029,0,0,5437,2073043502
742.801,1.34626,45.5013,0,83,66,44,2760,10501,5.12842,166,17.0029,0,0,5437,2074389942
322.906,3.09687,45.5013,0,83,66,44,2760,10501,5.12842,166,17.0029,0,0,5437,2077487113
430.298,2.32397,45.5013,0,83,66,44,2760,10501,5.12842,166,17.0029,0,0,5437,2079811432
410.961,2.43332,45.5013,0,83,66,44,2760,10501,5.12842,166,17.0029,0,0,5437,2082245091
267.706,3.73544,45.5013,0,83,66,44,2760,10501,5.12842,166,17.0029,0,0,5437,2085980832
563.355,1.77508,45.5013,0,83,66,44,2760,10501,5.12842,166,17.0029,0,0,5437,2087756296
366.217,2.73062,45.5013,0,83,66,44,2760,10501,5.12842,166,17.0029,0,0,5437,2090487263
165.176,6.05417,45.5013,0,83,66,44,2760,10501,5.12842,166,17.0029,0,0,5437,2096541794
632.921,1.57998,45.5013,0,83,66,44,2760,10501,5.12842,166,17.0029,0,0,5437,2098122078
374.151,2.67271,45.5013,0,83,66,44,2760,10501,5.12842,166,17.0029,0,0,5437,2100795168
216.859,4.61129,45.5013,0,83,66,44,2760,10501,5.12842,166,17.0029,0,0,5437,2105406766
1705.53,0.586328,45.5013,0,83,66,44,2760,10501,5.12842,166,17.0029,0,0,5437,2105993132
333.734,2.9964,45.5013,0,83,66,44,2760,10501,5.12842,166,17.0029,0,0,5437,2108990117
507.424,1.97074,45.5013,0,83,66,44,2760,10501,5.12842,166,17.0029,0,0,5437,2110961078
204.133,4.89876,45.5013,0,83,66,44,2760,10501,5.12842,166,17.0029,0,0,5437,2115860185
679.245,1.47222,45.5013,0,83,66,44,2760,10501,5.12842,166,17.0029,0,0,5437,2117332812
570.378,1.75322,45.5013,0,83,66,44,2760,10501,5.12842,166,17.0029,0,0,5437,2119086419
217.558,4.59647,45.5013,0,83,66,44,2760,10501,5.12842,166,17.0029,0,0,5437,2123683237
541.22,1.84768,45.5013,0,83,66,44,2760,10501,5.12842,166,17.0029,0,0,5437,2125531165
432.684,2.31116,45.5013,0,83,66,44,2760,10501,5.12842,166,17.0029,0,0,5437,2127842627
504.754,1.98116,45.5013,0,83,66,44,2760,10501,5.12842,166,17.0029,0,0,5437,2129824262
371.038,2.69514,45.5013,0,83,66,44,2760,10501,5.12842,166,17.0029,0,0,5437,2132519775
377.631,2.64809,45.5013,0,83,66,44,2760,10501,5.12842,166,17.0029,0,0,5437,2135168182
205.235,4.87245,45.5013,0,83,66,44,2760,10501,5.12842,166,17.0029,0,0,5437,2140041087
491.21,2.03579,45.5013,0,83,66,44,2760,10501,5.12842,166,17.0029,0,0,5437,2142077309
399.742,2.50161,45.5013,0,83,66,44,2760,10501,5.12842,166,17.0029,0,0,5437,2144579230
189.336,5.28162,45.5013,0,83,66,44,2760,10501,5.12842,166,17.0029,0,0,5437,2149861043
1610.75,0.620828,45.5013,0,83,66,44,2760,10501,5.12842,166,17.0029,0,0,5437,2150482006
525.662,1.90236,45.5013,0,83,66,44,2760,10501,5.12842,166,17.0029,0,0,5437,2152384849
361.984,2.76255,45.5013,0,83,66,44,2760,10501,5.12842,166,17.0029,0,0,5437,2155147653
393.743,2.53973,45.5013,0,83,66,44,2760,10501,5.12842,166,17.0029,0,0,5437,2157687720
342.229,2.92202,45.5013,0,83,66,44,2760,10501,5.12842,166,17.0029,0,0,5437,2160610155
432.627,2.31146,45.5013,0,83,66,44,2760,10501,5.12842,166,17.0029,0,0,5437,2162921896
310.975,3.21569,45.5013,0,83,66,44,2760,10501,5.12842,166,17.0029,0,0,5437,2166138043
500.607,1.99758,45.5013,0,83,66,44,2760,10501,5.12842,166,17.0029,0,0,5437,2168135880
379.829,2.63276,45.5013,0,83,66,44,2760,10501,5.12842,166,17.0029,0,0,5437,2170768959
352.25,2.83889,45.5013,0,83,66,44,2760,10501,5.12842,166,17.0029,0,0,5437,2173608179
307.778,3.2491,45.5013,0,83,66,44,2760,10501,5.12842,166,17.0029,0,0,5437,2176857702
449.882,2.22281,45.5013,0,83,66,44,2760,10501,5.12842,166,17.0029,0,0,5437,2179080777
354.4,2.82167,45.5013,0,83,66,44,2760,10501,5.12842,166,17.0029,0,0,5437,2181902747
331.392,3.01757,45.5013,0,83,66,44,2760,10501,5.12842,166,17.0029,0,0,5437,2184920753
564.661,1.77097,45.5013,0,83,66,44,2760,10501,5.12842,166,17.0029,0,0,5437,2186692053
187.158,5.34308,45.5013,0,83,66,44,2760,10501,5.12842,166,17.0029,0,0,5437,2192035589
2247.01,0.445035,45.5013,0,83,66,44,2760,10501,5.12842,166,17.0029,0,0,5437,2192480767
428.135,2.33571,45.5013,0,83,66,44,2760,10501,5.12842,166,17.0029,0,0,5437,2194816692
330.391,3.02672,45.5013,0,83,66,44,2760,10501,5.12842,166,17.0029,0,0,5437,2197843727
441.149,2.26681,45.5013,0,83,66,44,2760,10501,5.12842,166,17.0029,0,0,5437,2200110871
258.042,3.87533,45.5013,0,83,66,44,2760,10501,5.12842,166,17.0029,0,0,5437,2203986732
493.431,2.02663,45.5013,0,83,66,44,2760,10501,5.12842,166,17.0029,0,0,5437,2206013521
519.665,1.92431,45.5013,0,83,66,44,2760,10501,5.12842,166,17.0029,0,0,5437,2207938182
186.275,5.36841,45.5013,0,83,66,44,2760,10501,5.12842,166,17.0029,0,0,5437,2213306940
425.043,2.35271,45.5013,0,83,66,44,2760,10501,5.12842,166,17.0029,0,0,5437,2215659952
1132.42,0.883068,45.5013,0,83,66,44,2760,10501,5.12842,166,17.0029,0,0,5437,2216543415
418.009,2.39229,45.5013,0,83,66,44,2760,10501,5.12842,166,17.0029,0,0,5437,2218936014
409.251,2.44349,45.5013,0,83,66,44,2760,10501,5.12842,166,17.0029,0,0,5437,2221380020
347.818,2.87507,45.5013,0,83,66,44,2760,10501,5.12842,166,17.0029,0,0,5437,2224255232
388.425,2.5745,45.5013,0,83,66,44,2760,10501,5.12842,166,17.0029,0,0,5437,2226829925
231.739,4.3152,45.5013,0,83,66,44,2760,10501,5.12842,166,17.0029,0,0,5437,2231145618
694.078,1.44076,45.5013,0,83,66,44,2760,10501,5.12842,166,17.0029,0,0,5437,2232586590
551.866,1.81203,45.5013,0,83,66,44,2760,10501,5.12842,166,17.0029,0,0,5437,2234398968
269.831,3.70602,45.5013,0,83,66,44,2760,10501,5.12842,166,17.0029,0,0,5437,2238105324
541.99,1.84505,45.5013,0,83,66,44,2760,10501,5.12842,166,17.0029,0,0,5437,2239950732
387.754,2.57895,45.5013,0,83,66,44,2760,10501,5.12842,166,17.0029,0,0,5437,2242529992
351.958,2.84125,45.5013,0,83,66,44,2760,10501,5.12842,166,17.0029,0,0,5437,2245371626
423.929,2.35889,45.5013,0,83,66,44,2760,10501,5.12842,166,17.0029,0,0,5437,2247730860
401.751,2.4891,45.5013,0,83,66,44,2760,10501,5.12842,166,17.0029,0,0,5437,2250220415
323.348,3.09264,45.5013,0,83,66,44,2760,10501,5.12842,166,17.0029,0,0,5437,2253313259
222.041,4.50367,45.5013,0,83,66,44,2760,10501,5.12842,166,17.0029,0,0,5437,2257817459
370.028,2.7025,45.5013,0,83,66,44,2760,10501,5.12842,166,17.0029,0,0,5437,2260520127
1127.25,0.887117,45.5013,0,83,66,44,2760,10501,5.12842,166,17.0029,0,0,5437,2261407561
357.414,2.79787,45.5013,0,83,66,44,2760,10501,5.12842,166,17.0029,0,0,5437,2264205771
313.226,3.19258,45.5013,0,83,66,44,2760,10501,5.12842,166,17.0029,0,0,5437,2267398667
548.175,1.82423,45.5013,0,83,66,44,2760,10501,5.12842,166,17.0029,0,0,5437,2269223199
360.197,2.77626,45.5013,0,83,66,44,2760,10501,5.12842,166,17.0029,0,0,5437,2271999697
318.796,3.13681,45.5013,0,83,66,44,2760,10501,5.12842,166,17.0029,0,0,5437,2275136908
357.074,2.80054,45.5013,0,83,66,44,2760,10501,5.12842,166,17.0029,0,0,5437,2277937753
356.679,2.80364,45.5013,0,83,66,44,2760,10501,5.12842,166,17.0029,0,0,5437,2280742030
295.521,3.38385,45.5013,0,83,66,44,2760,10501,5.12842,166,17.0029,0,0,5437,2284126057
493.41,2.02671,45.5013,0,83,66,44,2760,10501,5.12842,166,17.0029,0,0,5437,2286153058
362.621,2.7577,45.5013,0,83,66,44,2760,10501,5.12842,166,17.0029,0,0,5437,2288911065
563.489,1.77466,45.5013,0,83,66,44,2760,10501,5.12842,166,17.0029,0,0,5437,2290686086
324.801,3.07881,45.5013,0,83,66,44,2760,10501,5.12842,166,17.0029,0,0,5437,2293765151
383.975,2.60434,45.5013,0,83,66,44,2760,10501,5.12842,166,17.0029,0,0,5437,2296369787
449.196,2.2262,45.5013,0,83,66,44,2760,10501,5.12842,166,17.0029,0,0,5437,2298596324
289.334,3.45621,45.5013,0,83,66,44,2760,10501,5.12842,166,17.0029,0,0,5437,2302052844
562.01,1.77933,45.5013,0,83,66,44,2760,10501,5.12842,166,17.0029,0,0,5437,2303832673
359.751,2.7797,45.5013,0,83,66,44,2760,10501,5.12842,166,17.0029,0,0,5437,2306612508
375.869,2.6605,45.5013,0,83,66,44,2760,10501,5.12842,166,17.0029,0,0,5437,2309273328
350.861,2.85014,45.5013,0,83,66,44,2760,10501,5.12842,166,17.0029,0,0,5437,2312123837
373.189,2.67961,45.5013,0,83,66,44,2760,10501,5.12842,166,17.0029,0,0,5437,2314803909
415.984,2.40394,45.5013,0,83,66,44,2760,10501,5.12842,166,17.0029,0,0,5437,2317208066
320.736,3.11783,45.5013,0,83,66,44,2760,10501,5.12842,166,17.0029,0,0,5437,2320326364
385.601,2.59336,45.5013,0,83,66,44,2760,10501,5.12842,166,17.0029,0,0,5437,2322919942
291.907,3.42575,45.5013,0,83,66,44,2760,10501,5.12842,166,17.0029,0,0,5437,2326345990
503.574,1.98581,45.5013,0,83,66,44,2760,10501,5.12842,166,17.0029,0,0,5437,2328332239
359.624,2.78068,45.5013,0,83,66,44,2760,10501,5.12842,166,17.0029,0,0,5437,2331113266
333.488,2.99861,45.5013,0,83,66,44,2760,10501,5.12842,166,17.0029,0,0,5437,2334112155
258.555,3.86765,45.5013,0,83,66,44,2760,10501,5.12842,166,17.0029,0,0,5437,2337980228
637.808,1.56787,45.5013,0,83,66,44,2760,10501,5.12842,166,17.0029,0,0,5437,2339548339
448.752,2.2284,45.5013,0,83,66,44,2760,10501,5.12842,166,17.0029,0,0,5437,2341779635
343.689,2.90961,44.4588,0,85,65,44,2760,10501,5.12842,166,17.003,0,0,5442,2344687194
443.87,2.25291,44.4588,0,85,65,44,2760,10501,5.12842,166,17.003,0,0,5442,2346940222
390.977,2.55769,44.4588,0,85,65,44,2760,10501,5.12842,166,17.003,0,0,5442,2349498260
331.208,3.01925,44.4588,0,85,65,44,2760,10501,5.12842,166,17.003,0,0,5442,2352517776
388.135,2.57642,44.4588,0,85,65,44,2760,10501,5.12842,166,17.003,0,0,5442,2355094526
335.469,2.9809,44.4588,0,85,65,44,2760,10501,5.12842,166,17.003,0,0,5442,2358075771
418.846,2.38751,44.4588,0,85,65,44,2760,10501,5.12842,166,17.003,0,0,5442,2360463630
243.043,4.11449,44.4588,0,85,65,44,2760,10501,5.12842,166,17.003,0,0,5442,2364578470
516.602,1.93573,44.4588,0,85,65,44,2760,10501,5.12842,166,17.003,0,0,5442,2366514526
487.42,2.05162,44.4588,0,85,65,44,2760,10501,5.12842,166,17.003,0,0,5442,2368566480
335.673,2.97909,44.4588,0,85,65,44,2760,10501,5.12842,166,17.003,0,0,5442,2371545965
475.23,2.10424,44.4588,0,85,65,44,2760,10501,5.12842,166,17.003,0,0,5442,2373650555
396.005,2.52522,44.4588,0,85,65,44,2760,10501,5.12842,166,17.003,0,0,5442,2376176169
333.874,2.99514,44.4588,0,85,65,44,2760,10501,5.12842,166,17.003,0,0,5442,2379171510
425.95,2.34769,44.4588,0,85,65,44,2760,10501,5.12842,166,17.003,0,0,5442,2381519580
377.213,2.65102,44.4588,0,85,65,44,2760,10501,5.12842,166,17.003,0,0,5442,2384171054
325.829,3.06909,44.4588,0,85,65,44,2760,10501,5.12842,166,17.003,0,0,5442,2387240369
195.178,5.12353,44.4588,0,85,65,44,2760,10501,5.12842,166,17.003,0,0,5442,2392364330
348.721,2.86763,44.4588,0,85,65,44,2760,10501,5.12842,166,17.003,0,0,5442,2395232119
1104.45,0.905424,44.4588,0,85,65,44,2760,10501,5.12842,166,17.003,0,0,5442,2396137909
334.24,2.99186,44.4588,0,85,65,44,2760,10501,5.12842,166,17.003,0,0,5442,2399130154
522.543,1.91372,44.4588,0,85,65,44,2760,10501,5.12842,166,17.003,0,0,5442,2401044228
401.63,2.48985,44.4588,0,85,65,44,2760,10501,5.12842,166,17.003,0,0,5442,2403534302
274.858,3.63824,44.4588,0,85,65,44,2760,10501,5.12842,166,17.003,0,0,5442,2407172848
410.314,2.43716,44.4588,0,85,65,44,2760,10501,5.12842,166,17.003,0,0,5442,2409610344
239.357,4.17785,44.4588,0,85,65,44,2760,10501,5.12842,166,17.003,0,0,5442,2413788494
156.897,6.37361,44.4588,0,85,65,44,2760,10501,5.12842,166,17.003,0,0,5442,2420162632
364.413,2.74414,44.4588,0,85,65,44,2760,10501,5.12842,166,17.003,0,0,5442,2422906936
955.841,1.0462,44.4588,0,85,65,44,2760,10501,5.12842,166,17.003,0,0,5442,2423953539
469.62,2.12938,44.4588,0,85,65,44,2760,10501,5.12842,166,17.003,0,0,5442,2426083235
374.646,2.66919,44.4588,0,85,65,44,2760,10501,5.12842,166,17.003,0,0,5442,2428752700
223.837,4.46755,44.4588,0,85,65,44,2760,10501,5.12842,166,17.003,0,0,5442,2433220630
577.954,1.73024,44.4588,0,85,65,44,2760,10501,5.12842,166,17.003,0,0,5442,2434951082
583.732,1.71311,44.4588,0,85,65,44,2760,10501,5.12842,166,17.003,0,0,5442,2436664534
375.275,2.66471,44.4588,0,85,65,44,2760,10501,5.12842,166,17.003,0,0,5442,2439329576
394.447,2.53519,44.4588,0,85,65,44,2760,10501,5.12842,166,17.003,0,0,5442,2441865085
380.648,2.6271,44.4588,0,85,65,44,2760,10501,5.12842,166,17.003,0,0,5442,2444492452
315.201,3.17258,44.4588,0,85,65,44,2760,10501,5.12842,166,17.003,0,0,5442,2447665376
346.992,2.88191,44.4588,0,85,65,44,2760,10501,5.12842,166,17.003,0,0,5442,2450547541
471.864,2.11925,44.4588,0,85,65,44,2760,10501,5.12842,166,17.003,0,0,5442,2452667160
424.604,2.35514,44.4588,0,85,65,44,2760,10501,5.12842,166,17.003,0,0,5442,2455022605
344.493,2.90282,44.4588,0,85,65,44,2760,10501,5.12842,166,17.003,0,0,5442,2457925693
387.533,2.58042,44.4588,0,85,65,44,2760,10501,5.12842,166,17.003,0,0,5442,2460506501
371.314,2.69314,44.4588,0,85,65,44,2760,10501,5.12842,166,17.003,0,0,5442,2463200044
373.971,2.674,44.4588,0,85,65,44,2760,10501,5.12842,166,17.003,0,0,5442,2465874336
199.005,5.02499,44.4588,0,85,65,44,2760,10501,5.12842,166,17.003,0,0,5442,2470899823
289.659,3.45234,44.4588,0,85,65,44,2760,10501,5.12842,166,17.003,0,0,5442,2474352381
494.844,2.02084,44.4588,0,85,65,44,2760,10501,5.12842,166,17.003,0,0,5442,2476373257
532.518,1.87787,44.4588,0,85,65,44,2760,10501,5.12842,166,17.003,0,0,5442,2478251522
377.035,2.65227,44.4588,0,85,65,44,2760,10501,5.12842,166,17.003,0,0,5442,2480904112
379.745,2.63335,44.4588,0,85,65,44,2760,10501,5.12842,166,17.003,0,0,5442,2483537902
336.57,2.97115,44.4588,0,85,65,44,2760,10501,5.12842,166,17.003,0,0,5442,2486509301
294.432,3.39636,44.4588,0,85,65,44,2760,10501,5.12842,166,17.003,0,0,5442,2489905982
504.933,1.98046,44.4588,0,85,65,44,2760,10501,5.12842,166,17.003,0,0,5442,2491886741
417.049,2.3978,44.4588,0,85,65,44,2760,10501,5.12842,166,17.003,0,0,5442,2494284966
177.731,5.62647,44.4588,0,85,65,44,2760,10501,5.12842,166,17.003,0,0,5442,2499911723
948.215,1.05461,44.4588,0,85,65,44,2760,10501,5.12842,166,17.003,0,0,5442,2500966634
568.33,1.75954,44.4588,0,85,65,44,2760,10501,5.12842,166,17.003,0,0,5442,2502726510
319.657,3.12836,44.4588,0,85,65,44,2760,10501,5.12842,166,17.003,0,0,5442,2505855231
475.845,2.10152,44.4588,0,85,65,44,2760,10501,5.12842,166,17.003,0,0,5442,2507957110
369.017,2.7099,44.4588,0,85,65,44,2760,10501,5.12842,166,17.003,0,0,5442,2510667249
304.122,3.28816,44.4588,0,85,65,44,2760,10501,5.12842,166,17.003,0,0,5442,2513955870
529.543,1.88842,44.4588,0,85,65,44,2760,10501,5.12842,166,17.003,0,0,5442,2515844683
361.18,2.7687,44.4588,0,85,65,44,2760,10501,5.12842,166,17.003,0,0,5442,2518613517
356.883,2.80204,44.4588,0,85,65,44,2760,10501,5.12842,166,17.003,0,0,5442,2521415900
395.179,2.5305,44.4588,0,85,65,44,2760,10501,5.12842,166,17.003,0,0,5442,2523946841
219.427,4.55732,44.4588,0,85,65,44,2760,10501,5.12842,166,17.003,0,0,5442,2528504504
544.065,1.83801,44.4588,0,85,65,44,2760,10501,5.12842,166,17.003,0,0,5442,2530342605
584.047,1.71219,44.4588,0,85,65,44,2760,10501,5.12842,166,17.003,0,0,5442,2532055210
414.063,2.41509,44.4588,0,85,65,44,2760,10501,5.12842,166,17.003,0,0,5442,2534470724
341.1,2.93169,44.4588,0,85,65,44,2760,10501,5.12842,166,17.003,0,0,5442,2537402698
380.676,2.62691,44.4588,0,85,65,44,2760,10501,5.12842,166,17.003,0,0,5442,2540030046
428.97,2.33117,44.4588,0,85,65,44,2760,10501,5.12842,166,17.003,0,0,5442,2542361442
303.609,3.29371,44.4588,0,85,65,44,2760,10501,5.12842,166,17.003,0,0,5442,2545655467
423.806,2.35957,44.4588,0,85,65,44,2760,10501,5.12842,166,17.003,0,0,5442,2548015306
373.641,2.67637,44.4588,0,85,65,44,2760,10501,5.12842,166,17.003,0,0,5442,2550692108
226.785,4.40946,44.4588,0,85,65,44,2760,10501,5.12842,166,17.003,0,0,5442,2555101968
547.039,1.82802,44.4588,0,85,65,44,2760,10501,5.12842,166,17.003,0,0,5442,2556930395
348.459,2.86978,44.4588,0,85,65,44,2760,10501,5.12842,166,17.003,0,0,5442,2559800588
523.448,1.91041,44.4588,0,85,65,44,2760,10501,5.12842,166,17.003,0,0,5442,2561711354
390.316,2.56203,44.4588,0,85,65,44,2760,10501,5.12842,166,17.003,0,0,5442,2564273585
382.896,2.61168,44.4588,0,85,65,44,2760,10501,5.12842,166,17.003,0,0,5442,2566885538
317.634,3.14828,44.4588,0,85,65,44,2760,10501,5.12842,166,17.003,0,0,5442,2570034221
410.273,2.4374,44.4588,0,85,65,44,2760,10501,5.12842,166,17.003,0,0,5442,2572471918
363.663,2.74979,44.4588,0,85,65,44,2760,10501,5.12842,166,17.003,0,0,5442,2575222203
353.401,2.82964,44.4588,0,85,65,44,2760,10501,5.12842,166,17.003,0,0,5442,2578052135
256.032,3.90577,44.4588,0,85,65,44,2760,10501,5.12842,166,17.003,0,0,5442,2581958161
519.121,1.92633,44.4588,0,85,65,44,2760,10501,5.12842,166,17.003,0,0,5442,2583885005
489.497,2.04292,44.4588,0,85,65,44,2760,10501,5.12842,166,17.003,0,0,5442,2585928218
352.176,2.83949,44.4588,0,85,65,44,2760,10501,5.12842,166,17.003,0,0,5442,2588768035
394.095,2.53746,44.4588,0,85,65,44,2760,10501,5.12842,166,17.003,0,0,5442,2591305899
318.158,3.1431,44.4588,0,85,65,44,2760,10501,5.12842,166,17.003,0,0,5442,2594449246
449.254,2.22591,44.4588,0,85,65,44,2760,10501,5.12842,166,17.003,0,0,5442,2596675484
290.637,3.44072,44.4588,0,85,65,44,2760,10501,5.12842,166,17.003,0,0,5442,2600116475
481.167,2.07828,44.4588,0,85,65,44,2760,10501,5.12842,166,17.003,0,0,5442,2602195122
342.135,2.92282,44.4588,0,85,65,44,2760,10501,5.12842,166,17.003,0,0,5442,2605118240
234.207,4.26972,44.4588,0,85,65,44,2760,10501,5.12842,166,17.003,0,0,5442,2609388230
600.251,1.66597,44.4588,0,85,65,44,2760,10501,5.12842,166,17.003,0,0,5442,2611054517
662.04,1.51048,44.4588,0,85,65,44,2760,10501,5.12842,166,17.003,0,0,5442,2612565356
358.925,2.78609,44.4588,0,85,65,44,2760,10501,5.12842,166,17.003,0,0,5442,2615351854
391.698,2.55299,44.4588,0,85,65,44,2760,10501,5.12842,166,17.003,0,0,5442,2617905113
341.604,2.92737,44.4588,0,85,65,44,2760,10501,5.12842,166,17.003,0,0,5442,2620832923
306.05,3.26744,44.4588,0,85,65,44,2760,10501,5.12842,166,17.003,0,0,5442,2624100601
341.265,2.93027,44.4588,0,85,65,44,2760,10501,5.12842,166,17.003,0,0,5442,2627031353
264.414,3.78195,44.4588,0,85,65,44,2760,10501,5.12842,166,17.003,0,0,5442,2630813538
1215.95,0.822403,44.4588,0,85,65,44,2760,10501,5.12842,166,17.003,0,0,5442,2631636268
207.664,4.81548,44.4588,0,85,65,44,2760,10501,5.12842,166,17.003,0,0,5442,2636452055
651.264,1.53548,44.4588,0,85,65,44,2760,10501,5.12842,166,17.003,0,0,5442,2637987713
408.918,2.44548,44.4588,0,85,65,44,2760,10501,5.12842,166,17.003,0,0,5442,2640433709
431.173,2.31925,44.4588,0,85,65,44,2760,10501,5.12842,166,17.003,0,0,5442,2642753210
346.086,2.88945,44.4588,0,85,65,44,2760,10501,5.12842,166,17.003,0,0,5442,2645642942
364.131,2.74626,44.4588,0,85,65,44,2760,10501,5.12842,166,17.003,0,0,5442,2648389390
281.063,3.55792,44.4588,0,85,65,44,2760,10501,5.12842,166,17.003,0,0,5442,2651947914
492.914,2.02875,44.4588,0,85,65,44,2760,10501,5.12842,166,17.003,0,0,5442,2653977011
372.979,2.68112,44.4588,0,85,65,44,2760,10501,5.12842,166,17.003,0,0,5442,2656658380
299.232,3.34189,44.4588,0,85,65,44,2760,10501,5.12842,166,17.003,0,0,5442,2660000493
567.924,1.7608,44.4588,0,85,65,44,2760,10501,5.12842,166,17.003,0,0,5442,2661761822
331.94,3.01259,44.4588,0,85,65,44,2760,10501,5.12842,166,17.003,0,0,5442,2664774539
422.571,2.36646,44.4588,0,85,65,44,2760,10501,5.12842,166,17.003,0,0,5442,2667141291
358.395,2.79022,44.4588,0,85,65,44,2760,10501,5.12842,166,17.003,0,0,5442,2669931953
316.102,3.16354,44.4588,0,85,65,44,2760,10501,5.12842,166,17.003,0,0,5442,2673095723
401.014,2.49368,44.4588,0,85,65,44,2760,10501,5.12842,166,17.003,0,0,5442,2675589759
443.902,2.25275,44.4588,0,85,65,44,2760,10501,5.12842,166,17.003,0,0,5442,2677842796
376.968,2.65274,44.4588,0,85,65,44,2760,10501,5.12842,166,17.003,0,0,5442,2680495838
377.827,2.64671,44.4588,0,85,65,44,2760,10501,5.12842,166,17.003,0,0,5442,2683142936
392.397,2.54844,44.4588,0,85,65,44,2760,10501,5.12842,166,17.003,0,0,5442,2685691849
316.4,3.16056,44.4588,0,85,65,44,2760,10501,5.12842,166,17.003,0,0,5442,2688852667
451.013,2.21723,44.4588,0,85,65,44,2760,10501,5.12842,166,17.003,0,0,5442,2691070280
319.057,3.13424,44.4588,0,85,65,44,2760,10501,5.12842,166,17.003,0,0,5442,2694204944
449.88,2.22282,44.4588,0,85,65,44,2760,10501,5.12842,166,17.003,0,0,5442,2696427990
421.028,2.37514,44.4588,0,85,65,44,2760,10501,5.12842,166,17.003,0,0,5442,2698803628
363.219,2.75316,44.4588,0,85,65,44,2760,10501,5.12842,166,17.003,0,0,5442,2701557201
335.791,2.97804,44.4588,0,85,65,44,2760,10501,5.12842,166,17.003,0,0,5442,2704535465
377.944,2.6459,44.4588,0,85,65,44,2760,10501,5.12842,166,17.003,0,0,5442,2707181679
248.292,4.02751,44.4588,0,85,65,44,2760,10501,5.12842,166,17.003,0,0,5442,2711209594
615.71,1.62414,44.4588,0,85,65,44,2760,10501,5.12842,166,17.003,0,0,5442,2712834100
442.013,2.26238,44.4588,0,85,65,44,2760,10501,5.12842,166,17.003,0,0,5442,2715096763
330.832,3.02268,44.4588,0,85,65,44,2760,10501,5.12842,166,17.003,0,0,5442,2718119721
389.118,2.56991,44.4588,0,85,65,44,2760,10501,5.12842,166,17.003,0,0,5442,2720689923
422.764,2.36539,44.4588,0,85,65,44,2760,10501,5.12842,166,17.003,0,0,5442,2723055676
345.826,2.89163,44.4588,0,85,65,44,2760,10501,5.12842,166,17.003,0,0,5442,2725947619
231.202,4.32522,44.4588,0,85,65,44,2760,10501,5.12842,166,17.003,0,0,5442,2730273111
1541.33,0.648791,44.4588,0,85,65,44,2760,10501,5.12842,166,17.003,0,0,5442,2730922239
227.566,4.39432,44.4588,0,85,65,44,2760,10501,5.12842,166,17.003,0,0,5442,2735316896
1183.73,0.844788,44.4588,0,85,65,44,2760,10501,5.12842,166,17.003,0,0,5442,2736162011
349.252,2.86326,44.4588,0,85,65,44,2760,10501,5.12842,166,17.003,0,0,5442,2739025579
371.339,2.69296,44.4588,0,85,65,44,2760,10501,5.12842,166,17.003,0,0,5442,2741718833
294.583,3.39462,44.4588,0,85,65,44,2760,10501,5.12842,166,17.003,0,0,5442,2745113919
630.095,1.58706,44.4588,0,85,65,44,2760,10501,5.12842,166,17.003,0,0,5442,2746701203
361.742,2.7644,44.4588,0,85,65,44,2760,10501,5.12842,166,17.003,0,0,5442,2749465902
295.929,3.37919,44.4588,0,85,65,44,2760,10501,5.12842,166,17.003,0,0,5442,2752845429
221.796,4.50864,44.4588,0,85,65,44,2760,10501,5.12842,166,17.003,0,0,5442,2757354389
313.273,3.19211,44.4588,0,85,65,44,2760,10501,5.12842,166,17.003,0,0,5442,2760547045
997.386,1.00262,44.4588,0,85,65,44,2760,10501,5.12842,166,17.003,0,0,5442,2761550030
553.308,1.80731,44.4588,0,85,65,44,2760,10501,5.12842,166,17.003,0,0,5442,2763357563
317.31,3.15149,44.4588,0,85,65,44,2760,10501,5.12842,166,17.003,0,0,5442,2766509573
542.301,1.84399,44.4588,0,85,65,44,2760,10501,5.12842,166,17.003,0,0,5442,2768353721
315.828,3.16628,44.4588,0,85,65,44,2760,10501,5.12842,166,17.003,0,0,5442,2771520328
436.8,2.28938,44.4588,0,85,65,44,2760,10501,5.12842,166,17.003,0,0,5442,2773810078
372.154,2.68706,44.4588,0,85,65,44,2760,10501,5.12842,166,17.003,0,0,5442,2776497476
386.255,2.58896,44.4588,0,85,65,44,2760,10501,5.12842,166,17.003,0,0,5442,2779086756
352.095,2.84014,44.4588,0,85,65,44,2760,10501,5.12842,166,17.003,0,0,5442,2781927227
381.433,2.62169,44.4588,0,85,65,44,2760,10501,5.12842,166,17.003,0,0,5442,2784549257
183.561,5.44778,44.4588,0,85,65,44,2760,10501,5.12842,166,17.003,0,0,5442,2789997383
669.421,1.49383,44.4588,0,85,65,44,2760,10501,5.12842,166,17.003,0,0,5442,2791491684
607.059,1.64729,44.4588,0,85,65,44,2760,10501,5.12842,166,17.003,0,0,5442,2793139297
382.129,2.61691,44.4588,0,85,65,44,2760,10501,5.12842,166,17.003,0,0,5442,2795756500
276.783,3.61294,44.4588,0,85,65,44,2760,10501,5.12842,166,17.003,0,0,5442,2799369863
317.437,3.15023,44.4588,0,85,65,44,2760,10501,5.12842,166,17.003,0,0,5442,2802520344
539.871,1.85229,44.4588,0,85,65,44,2760,10501,5.12842,166,17.003,0,0,5442,2804372945
288.647,3.46443,44.4588,0,85,65,44,2760,10501,5.12842,166,17.003,0,0,5442,2807837686
448.158,2.23135,44.4588,0,85,65,44,2760,10501,5.12842,166,17.003,0,0,5442,2810069531
557.99,1.79215,44.4588,0,85,65,44,2760,10501,5.12842,166,17.003,0,0,5442,2811862178
355.305,2.81448,44.4588,0,85,65,44,2760,10501,5.12842,166,17.003,0,0,5442,2814676878
376.113,2.65877,44.4588,0,85,65,44,2760,10501,5.12842,166,17.003,0,0,5442,2817336083
364.596,2.74276,44.4588,0,85,65,44,2760,10501,5.12842,166,17.003,0,0,5442,2820079157
201.707,4.95768,44.4588,0,85,65,44,2760,10501,5.12842,166,17.003,0,0,5442,2825037093
518.414,1.92896,44.4588,0,85,65,44,2760,10501,5.12842,166,17.003,0,0,5442,2826966485
647.941,1.54335,44.4588,0,85,65,44,2760,10501,5.12842,166,17.003,0,0,5442,2828510123
414.277,2.41384,44.4588,0,85,65,44,2760,10501,5.12842,166,17.003,0,0,5442,2830924214
279.609,3.57643,44.4588,0,85,65,44,2760,10501,5.12842,166,17.003,0,0,5442,2834501143
444.989,2.24725,44.4588,0,85,65,44,2760,10501,5.12842,166,17.003,0,0,5442,2836748757
512.008,1.95309,44.4588,0,85,65,44,2760,10501,5.12842,166,17.003,0,0,5442,2838702207
366.515,2.7284,44.4588,0,85,65,44,2760,10501,5.12842,166,17.003,0,0,5442,2841430992
331.501,3.01658,44.4588,0,85,65,44,2760,10501,5.12842,166,17.003,0,0,5442,2844449978
470.741,2.12431,44.2875,0,85,65,44,2760,10501,5.12847,166,16.9964,0,0,5435,2846572424
357.867,2.79433,44.2875,0,85,65,44,2760,10501,5.12847,166,16.9964,0,0,5435,2849367336
182.276,5.48619,44.2875,0,85,65,44,2760,10501,5.12847,166,16.9964,0,0,5435,2854853569
396.268,2.52355,44.2875,0,85,65,44,2760,10501,5.12847,166,16.9964,0,0,5435,2857377587
737.935,1.35513,44.2875,0,85,65,44,2760,10501,5.12847,166,16.9964,0,0,5435,2858733017
404.579,2.47171,44.2875,0,85,65,44,2760,10501,5.12847,166,16.9964,0,0,5435,2861205033
432.556,2.31184,44.2875,0,85,65,44,2760,10501,5.12847,166,16.9964,0,0,5435,2863517361
412.596,2.42368,44.2875,0,85,65,44,2760,10501,5.12847,166,16.9964,0,0,5435,2865941221
394.16,2.53704,44.2875,0,85,65,44,2760,10501,5.12847,166,16.9964,0,0,5435,2868478615
312.59,3.19908,44.2875,0,85,65,44,2760,10501,5.12847,166,16.9964,0,0,5435,2871677886
420.625,2.37742,44.2875,0,85,65,44,2760,10501,5.12847,166,16.9964,0,0,5435,2874055678
395.477,2.52859,44.2875,0,85,65,44,2760,10501,5.12847,166,16.9964,0,0,5435,2876584830
220.687,4.53131,44.2875,0,85,65,44,2760,10501,5.12847,166,16.9964,0,0,5435,2881116435
512.19,1.9524,44.2875,0,85,65,44,2760,10501,5.12847,166,16.9964,0,0,5435,2883069087
255.513,3.91369,44.2875,0,85,65,44,2760,10501,5.12847,166,16.9964,0,0,5435,2886983248
550.66,1.816,44.2875,0,85,65,44,2760,10501,5.12847,166,16.9964,0,0,5435,2888799597
296.652,3.37095,44.2875,0,85,65,44,2760,10501,5.12847,166,16.9964,0,0,5435,2892170749
523.622,1.90978,44.2875,0,85,65,44,2760,10501,5.12847,166,16.9964,0,0,5435,2894081073
614.655,1.62693,44.2875,0,85,65,44,2760,10501,5.12847,166,16.9964,0,0,5435,2895708157
301.113,3.32102,44.2875,0,85,65,44,2760,10501,5.12847,166,16.9964,0,0,5435,2899029548
471.599,2.12045,44.2875,0,85,65,44,2760,10501,5.12847,166,16.9964,0,0,5435,2901150283
399.42,2.50363,44.2875,0,85,65,44,2760,10501,5.12847,166,16.9964,0,0,5435,2903654213
200.01,4.99975,44.2875,0,85,65,44,2760,10501,5.12847,166,16.9964,0,0,5435,2908654411
563.117,1.77583,44.2875,0,85,65,44,2760,10501,5.12847,166,16.9964,0,0,5435,2910430471
457.473,2.18592,44.2875,0,85,65,44,2760,10501,5.12847,166,16.9964,0,0,5435,2912616746
511.988,1.95317,44.2875,0,85,65,44,2760,10501,5.12847,166,16.9964,0,0,5435,2914570206
332.61,3.00653,44.2875,0,85,65,44,2760,10501,5.12847,166,16.9964,0,0,5435,2917577029
287.801,3.47463,44.2875,0,85,65,44,2760,10501,5.12847,166,16.9964,0,0,5435,2921052069
501.817,1.99276,44.2875,0,85,65,44,2760,10501,5.12847,166,16.9964,0,0,5435,2923045078
394.189,2.53685,44.2875,0,85,65,44,2760,10501,5.12847,166,16.9964,0,0,5435,2925582270
361.925,2.76301,44.2875,0,85,65,44,2760,10501,5.12847,166,16.9964,0,0,5435,2928345594
391.876,2.55183,44.2875,0,85,65,44,2760,10501,5.12847,166,16.9964,0,0,5435,2930897766
167.994,5.95258,44.2875,0,85,65,44,2760,10501,5.12847,166,16.9964,0,0,5435,2936850755
350.994,2.84905,44.2875,0,85,65,44,2760,10501,5.12847,166,16.9964,0,0,5435,2939700063
1254.03,0.797431,44.2875,0,85,65,44,2760,10501,5.12847,166,16.9964,0,0,5435,2940497801
458.296,2.182,44.2875,0,85,65,44,2760,10501,5.12847,166,16.9964,0,0,5435,2942680144
422.057,2.36935,44.2875,0,85,65,44,2760,10501,5.12847,166,16.9964,0,0,5435,2945049858
389.482,2.56751,44.2875,0,85,65,44,2760,10501,5.12847,166,16.9964,0,0,5435,2947617647
284.461,3.51542,44.2875,0,85,65,44,2760,10501,5.12847,166,16.9964,0,0,5435,2951133429
483.141,2.06979,44.2875,0,85,65,44,2760,10501,5.12847,166,16.9964,0,0,5435,2953203450
373.575,2.67684,44.2875,0,85,65,44,2760,10501,5.12847,166,16.9964,0,0,5435,2955880646
366.017,2.73211,44.2875,0,85,65,44,2760,10501,5.12847,166,16.9964,0,0,5435,2958613017
336.909,2.96816,44.2875,0,85,65,44,2760,10501,5.12847,166,16.9964,0,0,5435,2961581531
353.422,2.82948,44.2875,0,85,65,44,2760,10501,5.12847,166,16.9964,0,0,5435,2964411395
302.946,3.30092,44.2875,0,85,65,44,2760,10501,5.12847,166,16.9964,0,0,5435,2967712737
286.852,3.48612,44.2875,0,85,65,44,2760,10501,5.12847,166,16.9964,0,0,5435,2971199172
1076.48,0.928954,44.2875,0,85,65,44,2760,10501,5.12847,166,16.9964,0,0,5435,2972128377
358.081,2.79266,44.2875,0,85,65,44,2760,10501,5.12847,166,16.9964,0,0,5435,2974921298
475.243,2.10419,44.2875,0,85,65,44,2760,10501,5.12847,166,16.9964,0,0,5435,2977025917
334.255,2.99173,44.2875,0,85,65,44,2760,10501,5.12847,166,16.9964,0,0,5435,2980017912
348.475,2.86965,44.2875,0,85,65,44,2760,10501,5.12847,166,16.9964,0,0,5435,2982887903
391.145,2.5566,44.2875,0,85,65,44,2760,10501,5.12847,166,16.9964,0,0,5435,2985444816
463.345,2.15822,44.2875,0,85,65,44,2760,10501,5.12847,166,16.9964,0,0,5435,2987603494
212.249,4.71144,44.2875,0,85,65,44,2760,10501,5.12847,166,16.9964,0,0,5435,2992315124
371.177,2.69413,44.2875,0,85,65,44,2760,10501,5.12847,166,16.9964,0,0,5435,2995009696
596.974,1.67511,44.2875,0,85,65,44,2760,10501,5.12847,166,16.9964,0,0,5435,2996685070
667.358,1.49845,44.2875,0,85,65,44,2760,10501,5.12847,166,16.9964,0,0,5435,2998183793
257.769,3.87945,44.2875,0,85,65,44,2760,10501,5.12847,166,16.9964,0,0,5435,3002063587
571.287,1.75043,44.2875,0,85,65,44,2760,10501,5.12847,166,16.9964,0,0,5435,3003814252
389.82,2.56529,44.2875,0,85,65,44,2760,10501,5.12847,166,16.9964,0,0,5435,3006379896
369.709,2.70483,44.2875,0,85,65,44,2760,10501,5.12847,166,16.9964,0,0,5435,3009085228
403.142,2.48052,44.2875,0,85,65,44,2760,10501,5.12847,166,16.9964,0,0,5435,3011566052
306.803,3.25942,44.2875,0,85,65,44,2760,10501,5.12847,166,16.9964,0,0,5435,3014825796
150.293,6.65366,44.2875,0,85,65,44,2760,10501,5.12847,166,16.9964,0,0,5435,3021479924
310.562,3.21997,44.2875,0,85,65,44,2760,10501,5.12847,166,16.9964,0,0,5435,3024700139
1558.84,0.641502,44.2875,0,85,65,44,2760,10501,5.12847,166,16.9964,0,0,5435,3025341949
414.035,2.41526,44.2875,0,85,65,44,2760,10501,5.12847,166,16.9964,0,0,5435,3027757655
427.199,2.34083,44.2875,0,85,65,44,2760,10501,5.12847,166,16.9964,0,0,5435,3030098696
342.454,2.9201,44.2875,0,85,65,44,2760,10501,5.12847,166,16.9964,0,0,5435,3033019217
335.488,2.98074,44.2875,0,85,65,44,2760,10501,5.12847,166,16.9964,0,0,5435,3036000231
407.697,2.4528,44.2875,0,85,65,44,2760,10501,5.12847,166,16.9964,0,0,5435,3038453391
388.49,2.57407,44.2875,0,85,65,44,2760,10501,5.12847,166,16.9964,0,0,5435,3041027775
367.645,2.72002,44.2875,0,85,65,44,2760,10501,5.12847,166,16.9964,0,0,5435,3043748107
242.937,4.11629,44.2875,0,85,65,44,2760,10501,5.12847,166,16.9964,0,0,5435,3047864727
605.412,1.65177,44.2875,0,85,65,44,2760,10501,5.12847,166,16.9964,0,0,5435,3049516946
343.445,2.91167,44.2875,0,85,65,44,2760,10501,5.12847,166,16.9964,0,0,5435,3052428900
404.476,2.47233,44.2875,0,85,65,44,2760,10501,5.12847,166,16.9964,0,0,5435,3054901589
327.471,3.05371,44.2875,0,85,65,44,2760,10501,5.12847,166,16.9964,0,0,5435,3057955644
381.374,2.6221,44.2875,0,85,65,44,2760,10501,5.12847,166,16.9964,0,0,5435,3060578107
418.976,2.38677,44.2875,0,85,65,44,2760,10501,5.12847,166,16.9964,0,0,5435,3062965178
382.471,2.61458,44.2875,0,85,65,44,2760,10501,5.12847,166,16.9964,0,0,5435,3065579997
362.658,2.75742,44.2875,0,85,65,44,2760,10501,5.12847,166,16.9964,0,0,5435,3068337667
368.349,2.71481,44.2875,0,85,65,44,2760,10501,5.12847,166,16.9964,0,0,5435,3071052922
211.556,4.72689,44.2875,0,85,65,44,2760,10501,5.12847,166,16.9964,0,0,5435,3075780341
642.156,1.55725,44.2875,0,85,65,44,2760,10501,5.12847,166,16.9964,0,0,5435,3077337787
567.357,1.76256,44.2875,0,85,65,44,2760,10501,5.12847,166,16.9964,0,0,5435,3079100789
421.586,2.37199,44.2875,0,85,65,44,2760,10501,5.12847,166,16.9964,0,0,5435,3081473033
287.132,3.48272,44.2875,0,85,65,44,2760,10501,5.12847,166,16.9964,0,0,5435,3084956073
477.346,2.09492,44.2875,0,85,65,44,2760,10501,5.12847,166,16.9964,0,0,5435,3087051384
376.881,2.65336,44.2875,0,85,65,44,2760,10501,5.12847,166,16.9964,0,0,5435,3089704877
317.815,3.14648,44.2875,0,85,65,44,2760,10501,5.12847,166,16.9964,0,0,5435,3092851724
323.333,3.09279,44.2875,0,85,65,44,2760,10501,5.12847,166,16.9964,0,0,5435,3095944684
657.515,1.52088,44.2875,0,85,65,44,2760,10501,5.12847,166,16.9964,0,0,5435,3097465975
189.633,5.27333,44.2875,0,85,65,44,2760,10501,5.12847,166,16.9964,0,0,5435,3102739759
901.699,1.10902,44.2875,0,85,65,44,2760,10501,5.12847,166,16.9964,0,0,5435,3103849190
457.007,2.18815,44.2875,0,85,65,44,2760,10501,5.12847,166,16.9964,0,0,5435,3106037543
352.934,2.83339,44.2875,0,85,65,44,2760,10501,5.12847,166,16.9964,0,0,5435,3108871292
571.966,1.74836,44.2875,0,85,65,44,2760,10501,5.12847,166,16.9964,0,0,5435,3110620034
251.516,3.97588,44.2875,0,85,65,44,2760,10501,5.12847,166,16.9964,0,0,5435,3114596399
495.125,2.01969,44.2875,0,85,65,44,2760,10501,5.12847,166,16.9964,0,0,5435,3116616496
413.327,2.41939,44.2875,0,85,65,44,2760,10501,5.12847,166,16.9964,0,0,5435,3119036000
325.181,3.07521,44.2875,0,85,65,44,2760,10501,5.12847,166,16.9964,0,0,5435,3122111498
282.4,3.54107,44.2875,0,85,65,44,2760,10501,5.12847,166,16.9964,0,0,5435,3125652935
233.004,4.29178,44.2875,0,85,65,44,2760,10501,5.12847,166,16.9964,0,0,5435,3129945060
912.37,1.09605,44.2875,0,85,65,44,2760,10501,5.12847,166,16.9964,0,0,5435,3131041424
525.737,1.90209,44.2875,0,85,65,44,2760,10501,5.12847,166,16.9964,0,0,5435,3132943854
303.501,3.29488,44.2875,0,85,65,44,2760,10501,5.12847,166,16.9964,0,0,5435,3136239070
606.656,1.64838,44.2875,0,85,65,44,2760,10501,5.12847,166,16.9964,0,0,5435,3137887741
378.038,2.64523,44.2875,0,85,65,44,2760,10501,5.12847,166,16.9964,0,0,5435,3140533475
307.16,3.25563,44.2875,0,85,65,44,2760,10501,5.12847,166,16.9964,0,0,5435,3143789517
513.883,1.94597,44.2875,0,85,65,44,2760,10501,5.12847,166,16.9964,0,0,5435,3145735631
358.792,2.78713,44.2875,0,85,65,44,2760,10501,5.12847,166,16.9964,0,0,5435,3148523061
296.861,3.36858,44.2875,0,85,65,44,2760,10501,5.12847,166,16.9964,0,0,5435,3151892059
234.862,4.25783,44.2875,0,85,65,44,2760,10501,5.12847,166,16.9964,0,0,5435,3156150289
358.601,2.78861,44.2875,0,85,65,44,2760,10501,5.12847,166,16.9964,0,0,5435,3158939114
1164.72,0.858577,44.2875,0,85,65,44,2760,10501,5.12847,166,16.9964,0,0,5435,3159797797
373.024,2.68079,44.2875,0,85,65,44,2760,10501,5.12847,166,16.9964,0,0,5435,3162479022
287.362,3.47993,44.2875,0,85,65,44,2760,10501,5.12847,166,16.9964,0,0,5435,3165959283
627.99,1.59238,44.2875,0,85,65,44,2760,10501,5.12847,166,16.9964,0,0,5435,3167551895
360.256,2.7758,44.2875,0,85,65,44,2760,10501,5.12847,166,16.9964,0,0,5435,3170328152
365.65,2.73485,44.2875,0,85,65,44,2760,10501,5.12847,166,16.9964,0,0,5435,3173063292
379.203,2.63711,44.2875,0,85,65,44,2760,10501,5.12847,166,16.9964,0,0,5435,3175700698
303.328,3.29676,44.2875,0,85,65,44,2760,10501,5.12847,166,16.9964,0,0,5435,3178997809
247.481,4.04071,44.2875,0,85,65,44,2760,10501,5.12847,166,16.9964,0,0,5435,3183038974
600.566,1.66509,44.2875,0,85,65,44,2760,10501,5.12847,166,16.9964,0,0,5435,3184704136
540.922,1.8487,44.2875,0,85,65,44,2760,10501,5.12847,166,16.9964,0,0,5435,3186553237
319.952,3.12547,44.2875,0,85,65,44,2760,10501,5.12847,166,16.9964,0,0,5435,3189679131
489.651,2.04227,44.2875,0,85,65,44,2760,10501,5.12847,166,16.9964,0,0,5435,3191721671
389.348,2.56839,44.2875,0,85,65,44,2760,10501,5.12847,166,16.9964,0,0,5435,3194290354
357.18,2.79971,44.2875,0,85,65,44,2760,10501,5.12847,166,16.9964,0,0,5435,3197090390
347.838,2.87491,44.2875,0,85,65,44,2760,10501,5.12847,166,16.9964,0,0,5435,3199965602
437.838,2.28395,44.2875,0,85,65,44,2760,10501,5.12847,166,16.9964,0,0,5435,3202249872
375.107,2.66591,44.2875,0,85,65,44,2760,10501,5.12847,166,16.9964,0,0,5435,3204916115
248.966,4.01662,44.2875,0,85,65,44,2760,10501,5.12847,166,16.9964,0,0,5435,3208932876
660.543,1.51391,44.2875,0,85,65,44,2760,10501,5.12847,166,16.9964,0,0,5435,3210446927
387.59,2.58005,44.2875,0,85,65,44,2760,10501,5.12847,166,16.9964,0,0,5435,3213028033
324.137,3.08511,44.2875,0,85,65,44,2760,10501,5.12847,166,16.9964,0,0,5435,3216113147
441.717,2.26389,44.2875,0,85,65,44,2760,10501,5.12847,166,16.9964,0,0,5435,3218377483
325.764,3.06971,44.2875,0,85,65,44,2760,10501,5.12847,166,16.9964,0,0,5435,3221447451
331.591,3.01576,44.2875,0,85,65,44,2760,10501,5.12847,166,16.9964,0,0,5435,3224463524
471.515,2.12082,44.2875,0,85,65,44,2760,10501,5.12847,166,16.9964,0,0,5435,3226584624
374.86,2.66767,44.2875,0,85,65,44,2760,10501,5.12847,166,16.9964,0,0,5435,3229252609
376.607,2.65529,44.2875,0,85,65,44,2760,10501,5.12847,166,16.9964,0,0,5435,3231908352
198.56,5.03627,44.2875,0,85,65,44,2760,10501,5.12847,166,16.9964,0,0,5435,3236944935
591.363,1.69101,44.2875,0,85,65,44,2760,10501,5.12847,166,16.9964,0,0,5435,3238636011
690.332,1.44858,44.2875,0,85,65,44,2760,10501,5.12847,166,16.9964,0,0,5435,3240085022
369.036,2.70976,44.2875,0,85,65,44,2760,10501,5.12847,166,16.9964,0,0,5435,3242795055
347.742,2.87569,44.2875,0,85,65,44,2760,10501,5.12847,166,16.9964,0,0,5435,3245671114
417.367,2.39598,44.2875,0,85,65,44,2760,10501,5.12847,166,16.9964,0,0,5435,3248067435
364.411,2.74415,44.2875,0,85,65,44,2760,10501,5.12847,166,16.9964,0,0,5435,3250811874
413.78,2.41674,44.2875,0,85,65,44,2760,10501,5.12847,166,16.9964,0,0,5435,3253229070
352.559,2.8364,44.2875,0,85,65,44,2760,10501,5.12847,166,16.9964,0,0,5435,3256065858
351.526,2.84474,44.2875,0,85,65,44,2760,10501,5.12847,166,16.9964,0,0,5435,3258910954
201.016,4.97473,44.2875,0,85,65,44,2760,10501,5.12847,166,16.9964,0,0,5435,3263886064
1170.01,0.854692,44.2875,0,85,65,44,2760,10501,5.12847,166,16.9964,0,0,5435,3264741045
438.922,2.27831,44.2875,0,85,65,44,2760,10501,5.12847,166,16.9964,0,0,5435,3267019612
199.596,5.01011,44.2875,0,85,65,44,2760,10501,5.12847,166,16.9964,0,0,5435,3272030223
2340.42,0.427274,44.2875,0,85,65,44,2760,10501,5.12847,166,16.9964,0,0,5435,3272457526
279.144,3.58238,44.2875,0,85,65,44,2760,10501,5.12847,166,16.9964,0,0,5435,3276040358
531.519,1.8814,44.2875,0,85,65,44,2760,10501,5.12847,166,16.9964,0,0,5435,3277921999
244.29,4.09349,44.2875,0,85,65,44,2760,10501,5.12847,166,16.9964,0,0,5435,3282015973
1222.86,0.817758,44.2875,0,85,65,44,2760,10501,5.12847,166,16.9964,0,0,5435,3282833943
332.692,3.00578,44.2875,0,85,65,44,2760,10501,5.12847,166,16.9964,0,0,5435,3285839948
179.869,5.55961,44.2875,0,85,65,44,2760,10501,5.12847,166,16.9964,0,0,5435,3291400011
2513.45,0.397859,44.2875,0,85,65,44,2760,10501,5.12847,166,16.9964,0,0,5435,3291798178
560.311,1.78472,44.2875,0,85,65,44,2760,10501,5.12847,166,16.9964,0,0,5435,3293583430
367.348,2.72222,44.2875,0,85,65,44,2760,10501,5.12847,166,16.9964,0,0,5435,3296305791
369.234,2.70831,44.2875,0,85,65,44,2760,10501,5.12847,166,16.9964,0,0,5435,3299014440
378.453,2.64234,44.2875,0,85,65,44,2760,10501,5.12847,166,16.9964,0,0,5435,3301657106
352.293,2.83855,44.2875,0,85,65,44,2760,10501,5.12847,166,16.9964,0,0,5435,3304495923
416.527,2.4008,44.2875,0,85,65,44,2760,10501,5.12847,166,16.9964,0,0,5435,3306897148
307.637,3.25058,44.2875,0,85,65,44,2760,10501,5.12847,166,16.9964,0,0,5435,3310148027
450.759,2.21848,44.2875,0,85,65,44,2760,10501,5.12847,166,16.9964,0,0,5435,3312366775
197.997,5.05057,44.2875,0,85,65,44,2760,10501,5.12847,166,16.9964,0,0,5435,3317418041
271.086,3.68886,44.2875,0,85,65,44,2760,10501,5.12847,166,16.9964,0,0,5435,3321107348
392.686,2.54657,44.2875,0,85,65,44,2760,10501,5.12847,166,16.9964,0,0,5435,3323654107
296.193,3.37618,44.2875,0,85,65,44,2760,10501,5.12847,166,16.9964,0,0,5435,3327030711
465.646,2.14755,44.2875,0,85,65,44,2760,10501,5.12847,166,16.9964,0,0,5435,3329178659
263.453,3.79574,44.2875,0,85,65,44,2760,10501,5.12847,166,16.9964,0,0,5435,3332974825
153.528,6.51347,44.2875,0,85,65,44,2760,10501,5.12847,166,16.9964,0,0,5435,3339488833
242.767,4.11917,44.2875,0,85,65,44,2760,10501,5.12847,166,16.9964,0,0,5435,3343608395
496.818,2.01281,44.2875,0,85,65,44,2760,10501,5.12847,166,16.9964,0,0,5435,3345624136
434.828,2.29976,43.7662,0,86,65,44,2760,10501,5.12848,166,16.9704,0,0,5451,3347921579
536.327,1.86453,43.7662,0,86,65,44,2760,10501,5.12848,166,16.9704,0,0,5451,3349786430
381.503,2.62121,43.7662,0,86,65,44,2760,10501,5.12848,166,16.9704,0,0,5451,3352407903
203.868,4.90514,43.7662,0,86,65,44,2760,10501,5.12848,166,16.9704,0,0,5451,3357313530
1092.03,0.915723,43.7662,0,86,65,44,2760,10501,5.12848,166,16.9704,0,0,5451,3358229580
435.243,2.29757,43.7662,0,86,65,44,2760,10501,5.12848,166,16.9704,0,0,5451,3360527330
315.802,3.16654,43.7662,0,86,65,44,2760,10501,5.12848,166,16.9704,0,0,5451,3363694168
447.42,2.23504,43.7662,0,86,65,44,2760,10501,5.12848,166,16.9704,0,0,5451,3365929551
375.685,2.6618,43.7662,0,86,65,44,2760,10501,5.12848,166,16.9704,0,0,5451,3368591669
374.34,2.67137,43.7662,0,86,65,44,2760,10501,5.12848,166,16.9704,0,0,5451,3371263385
331.096,3.02028,43.7662,0,86,65,44,2760,10501,5.12848,166,16.9704,0,0,5451,3374283977
247.391,4.04218,43.7662,0,86,65,44,2760,10501,5.12848,166,16.9704,0,0,5451,3378326594
267.605,3.73686,43.7662,0,86,65,44,2760,10501,5.12848,166,16.9704,0,0,5451,3382063768
1901.22,0.525979,43.7662,0,86,65,44,2760,10501,5.12848,166,16.9704,0,0,5451,3382589920
363.823,2.74859,43.7662,0,86,65,44,2760,10501,5.12848,166,16.9704,0,0,5451,3385338917
453.735,2.20393,43.7662,0,86,65,44,2760,10501,5.12848,166,16.9704,0,0,5451,3387543279
327.903,3.04968,43.7662,0,86,65,44,2760,10501,5.12848,166,16.9704,0,0,5451,3390593324
409.971,2.4392,43.7662,0,86,65,44,2760,10501,5.12848,166,16.9704,0,0,5451,3393032743
434.997,2.29887,43.7662,0,86,65,44,2760,10501,5.12848,166,16.9704,0,0,5451,3395332080
324.903,3.07784,43.7662,0,86,65,44,2760,10501,5.12848,166,16.9704,0,0,5451,3398410203
392.468,2.54798,43.7662,0,86,65,44,2760,10501,5.12848,166,16.9704,0,0,5451,3400958510
445.099,2.24669,43.7662,0,86,65,44,2760,10501,5.12848,166,16.9704,0,0,5451,3403205538
358.48,2.78956,43.7662,0,86,65,44,2760,10501,5.12848,166,16.9704,0,0,5451,3405995449
356.528,2.80483,43.7662,0,86,65,44,2760,10501,5.12848,166,16.9704,0,0,5451,3408800659
369.383,2.70722,43.7662,0,86,65,44,2760,10501,5.12848,166,16.9704,0,0,5451,3411508279
386.483,2.58743,43.7662,0,86,65,44,2760,10501,5.12848,166,16.9704,0,0,5451,3414096049
206.436,4.84411,43.7662,0,86,65,44,2760,10501,5.12848,166,16.9704,0,0,5451,3418940510
1671.43,0.598289,43.7662,0,86,65,44,2760,10501,5.12848,166,16.9704,0,0,5451,3419538973
293.342,3.40899,43.7662,0,86,65,44,2760,10501,5.12848,166,16.9704,0,0,5451,3422948367
465.196,2.14963,43.7662,0,86,65,44,2760,10501,5.12848,166,16.9704,0,0,5451,3425098449
462.233,2.16341,43.7662,0,86,65,44,2760,10501,5.12848,166,16.9704,0,0,5451,3427262185
266.879,3.74701,43.7662,0,86,65,44,2760,10501,5.12848,166,16.9704,0,0,5451,3431009523
364.17,2.74597,43.7662,0,86,65,44,2760,10501,5.12848,166,16.9704,0,0,5451,3433755942
574.109,1.74183,43.7662,0,86,65,44,2760,10501,5.12848,166,16.9704,0,0,5451,3435498001
420.149,2.38011,43.7662,0,86,65,44,2760,10501,5.12848,166,16.9704,0,0,5451,3437878581
293.2,3.41064,43.7662,0,86,65,44,2760,10501,5.12848,166,16.9704,0,0,5451,3441289465
482.871,2.07095,43.7662,0,86,65,44,2760,10501,5.12848,166,16.9704,0,0,5451,3443360747
365.861,2.73327,43.7662,0,86,65,44,2760,10501,5.12848,166,16.9704,0,0,5451,3446094300
425.862,2.34818,43.7662,0,86,65,44,2760,10501,5.12848,166,16.9704,0,0,5451,3448442793
225.51,4.43439,43.7662,0,86,65,44,2760,10501,5.12848,166,16.9704,0,0,5451,3452877635
537.288,1.8612,43.7662,0,86,65,44,2760,10501,5.12848,166,16.9704,0,0,5451,3454739073
426.418,2.34512,43.7662,0,86,65,44,2760,10501,5.12848,166,16.9704,0,0,5451,3457084478
430.674,2.32194,43.7662,0,86,65,44,2760,10501,5.12848,166,16.9704,0,0,5451,3459406874
214.224,4.668,43.7662,0,86,65,44,2760,10501,5.12848,166,16.9704,0,0,5451,3464075128
980.867,1.01951,43.7662,0,86,65,44,2760,10501,5.12848,166,16.9704,0,0,5451,3465094921
411.535,2.42993,43.7662,0,86,65,44,2760,10501,5.12848,166,16.9704,0,0,5451,3467525167
348.873,2.86637,43.7662,0,86,65,44,2760,10501,5.12848,166,16.9704,0,0,5451,3470391879
395.16,2.53062,43.7662,0,86,65,44,2760,10501,5.12848,166,16.9704,0,0,5451,3472922935
205.465,4.86701,43.7662,0,86,65,44,2760,10501,5.12848,166,16.9704,0,0,5451,3477790378
675.837,1.47965,43.7662,0,86,65,44,2760,10501,5.12848,166,16.9704,0,0,5451,3479270274
401.618,2.48993,43.7662,0,86,65,44,2760,10501,5.12848,166,16.9704,0,0,5451,3481760522
366.497,2.72853,43.7662,0,86,65,44,2760,10501,5.12848,166,16.9704,0,0,5451,3484489287
352.486,2.83699,43.7662,0,86,65,44,2760,10501,5.12848,166,16.9704,0,0,5451,3487326680
401.164,2.49275,43.7662,0,86,65,44,2760,10501,5.12848,166,16.9704,0,0,5451,3489819755
368.12,2.71651,43.7662,0,86,65,44,2760,10501,5.12848,166,16.9704,0,0,5451,3492536567
250.796,3.98731,43.7662,0,86,65,44,2760,10501,5.12848,166,16.9704,0,0,5451,3496524327
426.941,2.34224,43.7662,0,86,65,44,2760,10501,5.12848,166,16.9704,0,0,5451,3498866896
426.922,2.34235,43.7662,0,86,65,44,2760,10501,5.12848,166,16.9704,0,0,5451,3501209485
285.758,3.49946,43.7662,0,86,65,44,2760,10501,5.12848,166,16.9704,0,0,5451,3504709343
552.444,1.81014,43.7662,0,86,65,44,2760,10501,5.12848,166,16.9704,0,0,5451,3506519846
687.776,1.45396,43.7662,0,86,65,44,2760,10501,5.12848,166,16.9704,0,0,5451,3507974145
302.416,3.30671,43.7662,0,86,65,44,2760,10501,5.12848,166,16.9704,0,0,5451,3511281055
416.447,2.40126,43.7662,0,86,65,44,2760,10501,5.12848,166,16.9704,0,0,5451,3513682665
311.144,3.21394,43.7662,0,86,65,44,2760,10501,5.12848,166,16.9704,0,0,5451,3516896917
391.089,2.55696,43.7662,0,86,65,44,2760,10501,5.12848,166,16.9704,0,0,5451,3519454196
259.07,3.85997,43.7662,0,86,65,44,2760,10501,5.12848,166,16.9704,0,0,5451,3523314470
535.915,1.86597,43.7662,0,86,65,44,2760,10501,5.12848,166,16.9704,0,0,5451,3525180744
454.389,2.20076,43.7662,0,86,65,44,2760,10501,5.12848,166,16.9704,0,0,5451,3527381847
221.278,4.51921,43.7662,0,86,65,44,2760,10501,5.12848,166,16.9704,0,0,5451,3531901346
849.93,1.17657,43.7662,0,86,65,44,2760,10501,5.12848,166,16.9704,0,0,5451,3533078059
479.87,2.0839,43.7662,0,86,65,44,2760,10501,5.12848,166,16.9704,0,0,5451,3535162408
396.809,2.5201,43.7662,0,86,65,44,2760,10501,5.12848,166,16.9704,0,0,5451,3537682829
364.406,2.74419,43.7662,0,86,65,44,2760,10501,5.12848,166,16.9704,0,0,5451,3540427364
382.213,2.61634,43.7662,0,86,65,44,2760,10501,5.12848,166,16.9704,0,0,5451,3543044067
356.94,2.80159,43.7662,0,86,65,44,2760,10501,5.12848,166,16.9704,0,0,5451,3545845950
386.552,2.58697,43.7662,0,86,65,44,2760,10501,5.12848,166,16.9704,0,0,5451,3548433230
281.913,3.5472,43.7662,0,86,65,44,2760,10501,5.12848,166,16.9704,0,0,5451,3551980734
470.658,2.12469,43.7662,0,86,65,44,2760,10501,5.12848,166,16.9704,0,0,5451,3554105729
240.821,4.15247,43.7662,0,86,65,44,2760,10501,5.12848,166,16.9704,0,0,5451,3558258609
561.606,1.78061,43.7662,0,86,65,44,2760,10501,5.12848,166,16.9704,0,0,5451,3560039583
557.777,1.79283,43.7662,0,86,65,44,2760,10501,5.12848,166,16.9704,0,0,5451,3561832835
312.427,3.20075,43.7662,0,86,65,44,2760,10501,5.12848,166,16.9704,0,0,5451,3565033876
360.023,2.7776,43.7662,0,86,65,44,2760,10501,5.12848,166,16.9704,0,0,5451,3567811777
399.423,2.50361,43.7662,0,86,65,44,2760,10501,5.12848,166,16.9704,0,0,5451,3570315717
316.512,3.15944,43.7662,0,86,65,44,2760,10501,5.12848,166,16.9704,0,0,5451,3573475603
470.272,2.12643,43.7662,0,86,65,44,2760,10501,5.12848,166,16.9704,0,0,5451,3575602270
282.84,3.53557,43.7662,0,86,65,44,2760,10501,5.12848,166,16.9704,0,0,5451,3579138274
453.436,2.20538,43.7662,0,86,65,44,2760,10501,5.12848,166,16.9704,0,0,5451,3581343935
223.463,4.47502,43.7662,0,86,65,44,2760,10501,5.12848,166,16.9704,0,0,5451,3585819470
513.266,1.94831,43.7662,0,86,65,44,2760,10501,5.12848,166,16.9704,0,0,5451,3587767978
402.767,2.48282,43.7662,0,86,65,44,2760,10501,5.12848,166,16.9704,0,0,5451,3590251206
528.97,1.89047,43.7662,0,86,65,44,2760,10501,5.12848,166,16.9704,0,0,5451,3592142068
225.872,4.42728,43.7662,0,86,65,44,2760,10501,5.12848,166,16.9704,0,0,5451,3596570929
636.648,1.57073,43.7662,0,86,65,44,2760,10501,5.12848,166,16.9704,0,0,5451,3598141770
449.349,2.22544,43.7662,0,86,65,44,2760,10501,5.12848,166,16.9704,0,0,5451,3600367518
371.982,2.6883,43.7662,0,86,65,44,2760,10501,5.12848,166,16.9704,0,0,5451,3603056109
275.796,3.62587,43.7662,0,86,65,44,2760,10501,5.12848,166,16.9704,0,0,5451,3606682366
482.968,2.07053,43.7662,0,86,65,44,2760,10501,5.12848,166,16.9704,0,0,5451,3608753272
186.698,5.35625,43.7662,0,86,65,44,2760,10501,5.12848,166,16.9704,0,0,5451,3614110385
1206.34,0.828952,43.7662,0,86,65,44,2760,10501,5.12848,166,16.9704,0,0,5451,3614939356
612.591,1.63241,43.7662,0,86,65,44,2760,10501,5.12848,166,16.9704,0,0,5451,3616572055
294.487,3.39574,43.7662,0,86,65,44,2760,10501,5.12848,166,16.9704,0,0,5451,3619968140
506.69,1.9736,43.7662,0,86,65,44,2760,10501,5.12848,166,16.9704,0,0,5451,3621941976
360.776,2.77181,43.7662,0,86,65,44,2760,10501,5.12848,166,16.9704,0,0,5451,3624714098
394.146,2.53713,43.7662,0,86,65,44,2760,10501,5.12848,166,16.9704,0,0,5451,3627251771
332.927,3.00366,43.7662,0,86,65,44,2760,10501,5.12848,166,16.9704,0,0,5451,3630255574
377.819,2.64677,43.7662,0,86,65,44,2760,10501,5.12848,166,16.9704,0,0,5451,3632902894
341.198,2.93085,43.7662,0,86,65,44,2760,10501,5.12848,166,16.9704,0,0,5451,3635833983
295.483,3.38429,43.7662,0,86,65,44,2760,10501,5.12848,166,16.9704,0,0,5451,3639218693
527.802,1.89465,43.7662,0,86,65,44,2760,10501,5.12848,166,16.9704,0,0,5451,3641113661
391.555,2.55392,43.7662,0,86,65,44,2760,10501,5.12848,166,16.9704,0,0,5451,3643667958
388.403,2.57464,43.7662,0,86,65,44,2760,10501,5.12848,166,16.9704,0,0,5451,3646242882
307.876,3.24806,43.7662,0,86,65,44,2760,10501,5.12848,166,16.9704,0,0,5451,3649491289
507.171,1.97172,43.7662,0,86,65,44,2760,10501,5.12848,166,16.9704,0,0,5451,3651463452
288.736,3.46338,43.7662,0,86,65,44,2760,10501,5.12848,166,16.9704,0,0,5451,3654927107
494.292,2.0231,43.7662,0,86,65,44,2760,10501,5.12848,166,16.9704,0,0,5451,3656950617
241.316,4.14394,43.7662,0,86,65,44,2760,10501,5.12848,166,16.9704,0,0,5451,3661094796
497.946,2.00825,43.7662,0,86,65,44,2760,10501,5.12848,166,16.9704,0,0,5451,3663103325
343.257,2.91327,43.7662,0,86,65,44,2760,10501,5.12848,166,16.9704,0,0,5451,3666017115
477.745,2.09317,43.7662,0,86,65,44,2760,10501,5.12848,166,16.9704,0,0,5451,3668110599
479.994,2.08336,43.7662,0,86,65,44,2760,10501,5.12848,166,16.9704,0,0,5451,3670194352
411.615,2.42946,43.7662,0,86,65,44,2760,10501,5.12848,166,16.9704,0,0,5451,3672624184
315.579,3.16878,43.7662,0,86,65,44,2760,10501,5.12848,166,16.9704,0,0,5451,3675793416
335.787,2.97808,43.7662,0,86,65,44,2760,10501,5.12848,166,16.9704,0,0,5451,3678771824
440.488,2.27021,43.7662,0,86,65,44,2760,10501,5.12848,166,16.9704,0,0,5451,3681042362
408.154,2.45005,43.7662,0,86,65,44,2760,10501,5.12848,166,16.9704,0,0,5451,3683492704
347.299,2.87937,43.7662,0,86,65,44,2760,10501,5.12848,166,16.9704,0,0,5451,3686372494
410.065,2.43864,43.7662,0,86,65,44,2760,10501,5.12848,166,16.9704,0,0,5451,3688811576
176.019,5.6812,43.7662,0,86,65,44,2760,10501,5.12848,166,16.9704,0,0,5451,3694493267
2026.35,0.493497,43.7662,0,86,65,44,2760,10501,5.12848,166,16.9704,0,0,5451,3694987015
346.828,2.88327,43.7662,0,86,65,44,2760,10501,5.12848,166,16.9704,0,0,5451,3697870564
463.16,2.15908,43.7662,0,86,65,44,2760,10501,5.12848,166,16.9704,0,0,5451,3700029944
379.275,2.63661,43.7662,0,86,65,44,2760,10501,5.12848,166,16.9704,0,0,5451,3702666985
325.443,3.07274,43.7662,0,86,65,44,2760,10501,5.12848,166,16.9704,0,0,5451,3705740079
416.579,2.4005,43.7662,0,86,65,44,2760,10501,5.12848,166,16.9704,0,0,5451,3708140900
344.505,2.90271,43.7662,0,86,65,44,2760,10501,5.12848,166,16.9704,0,0,5451,3711043940
402.638,2.48362,43.7662,0,86,65,44,2760,10501,5.12848,166,16.9704,0,0,5451,3713527880
405.406,2.46666,43.7662,0,86,65,44,2760,10501,5.12848,166,16.9704,0,0,5451,3715994915
213.736,4.67868,43.7662,0,86,65,44,2760,10501,5.12848,166,16.9704,0,0,5451,3720673909
706.474,1.41548,43.7662,0,86,65,44,2760,10501,5.12848,166,16.9704,0,0,5451,3722089861
365.825,2.73354,43.7662,0,86,65,44,2760,10501,5.12848,166,16.9704,0,0,5451,3724823597
570.876,1.75169,43.7662,0,86,65,44,2760,10501,5.12848,166,16.9704,0,0,5451,3726575637
327.75,3.0511,43.7662,0,86,65,44,2760,10501,5.12848,166,16.9704,0,0,5451,3729627067
300.983,3.32245,43.7662,0,86,65,44,2760,10501,5.12848,166,16.9704,0,0,5451,3732949967
506.433,1.97459,43.7662,0,86,65,44,2760,10501,5.12848,166,16.9704,0,0,5451,3734924755
384.914,2.59798,43.7662,0,86,65,44,2760,10501,5.12848,166,16.9704,0,0,5451,3737523179
291.968,3.42503,43.7662,0,86,65,44,2760,10501,5.12848,166,16.9704,0,0,5451,3740948438
493.192,2.02761,43.7662,0,86,65,44,2760,10501,5.12848,166,16.9704,0,0,5451,3742976391
213.38,4.68648,43.7662,0,86,65,44,2760,10501,5.12848,166,16.9704,0,0,5451,3747663107
698.948,1.43072,43.7662,0,86,65,44,2760,10501,5.12848,166,16.9704,0,0,5451,3749094155
430.241,2.32428,43.7662,0,86,65,44,2760,10501,5.12848,166,16.9704,0,0,5451,3751418676
331.6,3.01568,43.7662,0,86,65,44,2760,10501,5.12848,166,16.9704,0,0,5451,3754434720
213.86,4.67596,43.7662,0,86,65,44,2760,10501,5.12848,166,16.9704,0,0,5451,3759111185
972.348,1.02844,43.7662,0,86,65,44,2760,10501,5.12848,166,16.9704,0,0,5451,3760139806
466.132,2.14531,43.7662,0,86,65,44,2760,10501,5.12848,166,16.9704,0,0,5451,3762285581
367.522,2.72093,43.7662,0,86,65,44,2760,10501,5.12848,166,16.9704,0,0,5451,3765006730
375.089,2.66603,43.7662,0,86,65,44,2760,10501,5.12848,166,16.9704,0,0,5451,3767673070
408.539,2.44775,43.7662,0,86,65,44,2760,10501,5.12848,166,16.9704,0,0,5451,3770121133
263.664,3.79271,43.7662,0,86,65,44,2760,10501,5.12848,166,16.9704,0,0,5451,3773914232
487.597,2.05088,43.7662,0,86,65,44,2760,10501,5.12848,166,16.9704,0,0,5451,3775965561
406.193,2.46188,43.7662,0,86,65,44,2760,10501,5.12848,166,16.9704,0,0,5451,3778427663
395.015,2.53155,43.7662,0,86,65,44,2760,10501,5.12848,166,16.9704,0,0,5451,3780959729
327.187,3.05635,43.7662,0,86,65,44,2760,10501,5.12848,166,16.9704,0,0,5451,3784016399
498.873,2.00452,43.7662,0,86,65,44,2760,10501,5.12848,166,16.9704,0,0,5451,3786021169
207.178,4.82677,43.7662,0,86,65,44,2760,10501,5.12848,166,16.9704,0,0,5451,3790848370
834.523,1.19829,43.7662,0,86,65,44,2760,10501,5.12848,166,16.9704,0,0,5451,3792046862
331.244,3.01892,43.7662,0,86,65,44,2760,10501,5.12848,166,16.9704,0,0,5451,3795066262
346.476,2.8862,43.7662,0,86,65,44,2760,10501,5.12848,166,16.9704,0,0,5451,3797952821
375.824,2.66082,43.7662,0,86,65,44,2760,10501,5.12848,166,16.9704,0,0,5451,3800613978
618.055,1.61798,43.7662,0,86,65,44,2760,10501,5.12848,166,16.9704,0,0,5451,3802232225
265.92,3.76053,43.7662,0,86,65,44,2760,10501,5.12848,166,16.9704,0,0,5451,3805993121
616.378,1.62238,43.7662,0,86,65,44,2760,10501,5.12848,166,16.9704,0,0,5451,3807615839
363.926,2.74781,43.7662,0,86,65,44,2760,10501,5.12848,166,16.9704,0,0,5451,3810363874
442.036,2.26226,43.7662,0,86,65,44,2760,10501,5.12848,166,16.9704,0,0,5451,3812626556
332.396,3.00846,43.7662,0,86,65,44,2760,10501,5.12848,166,16.9704,0,0,5451,3815635542
303.362,3.29639,43.7662,0,86,65,44,2760,10501,5.12848,166,16.9704,0,0,5451,3818932038
411.026,2.43294,43.7662,0,86,65,44,2760,10501,5.12848,166,16.9704,0,0,5451,3821365341
410.578,2.43559,43.7662,0,86,65,44,2760,10501,5.12848,166,16.9704,0,0,5451,3823801279
195.397,5.1178,43.7662,0,86,65,44,2760,10501,5.12848,166,16.9704,0,0,5451,3828919355
746.104,1.34029,43.7662,0,86,65,44,2760,10501,5.12848,166,16.9704,0,0,5451,3830260035
557.577,1.79347,43.7662,0,86,65,44,2760,10501,5.12848,166,16.9704,0,0,5451,3832053960
382.752,2.61265,43.7662,0,86,65,44,2760,10501,5.12848,166,16.9704,0,0,5451,3834666818
343.062,2.91493,43.7662,0,86,65,44,2760,10501,5.12848,166,16.9704,0,0,5451,3837582281
408.674,2.44694,43.7662,0,86,65,44,2760,10501,5.12848,166,16.9704,0,0,5451,3840029547
343.815,2.90854,43.7662,0,86,65,44,2760,10501,5.12848,166,16.9704,0,0,5451,3842938366
393.464,2.54153,43.7662,0,86,65,44,2760,10501,5.12848,166,16.9704,0,0,5451,3845480230
297.915,3.35666,43.7662,0,86,65,44,2760,10501,5.12848,166,16.9704,0,0,5451,3848839305
232.985,4.29213,45.5598,0,82,65,44,2760,10501,5.13278,165,16.9694,0,0,5451,3853129709
392.014,2.55093,45.5598,0,82,65,44,2760,10501,5.13278,165,16.9694,0,0,5451,3855681026
586.619,1.70468,45.5598,0,82,65,44,2760,10501,5.13278,165,16.9694,0,0,5451,3857386151
523.769,1.90924,45.5598,0,82,65,44,2760,10501,5.13278,165,16.9694,0,0,5451,3859295590
446.745,2.23841,45.5598,0,82,65,44,2760,10501,5.13278,165,16.9694,0,0,5451,3861534290
338.527,2.95397,45.5598,0,82,65,44,2760,10501,5.13278,165,16.9694,0,0,5451,3864488592
367.732,2.71937,45.5598,0,82,65,44,2760,10501,5.13278,165,16.9694,0,0,5451,3867208309
358.3,2.79096,45.5598,0,82,65,44,2760,10501,5.13278,165,16.9694,0,0,5451,3869999585
358.369,2.79042,45.5598,0,82,65,44,2760,10501,5.13278,165,16.9694,0,0,5451,3872790362
293.227,3.41033,45.5598,0,82,65,44,2760,10501,5.13278,165,16.9694,0,0,5451,3876201217
538.373,1.85745,45.5598,0,82,65,44,2760,10501,5.13278,165,16.9694,0,0,5451,3878058924
216.545,4.61797,45.5598,0,82,65,44,2760,10501,5.13278,165,16.9694,0,0,5451,3882677243
723.771,1.38165,45.5598,0,82,65,44,2760,10501,5.13278,165,16.9694,0,0,5451,3884059232
302.637,3.30428,45.5598,0,82,65,44,2760,10501,5.13278,165,16.9694,0,0,5451,3887363930
682.293,1.46565,45.5598,0,82,65,44,2760,10501,5.13278,165,16.9694,0,0,5451,3888829749
380.176,2.63036,45.5598,0,82,65,44,2760,10501,5.13278,165,16.9694,0,0,5451,3891460424
390.938,2.55795,45.5598,0,82,65,44,2760,10501,5.13278,165,16.9694,0,0,5451,3894018895
408.302,2.44917,45.5598,0,82,65,44,2760,10501,5.13278,165,16.9694,0,0,5451,3896468323
326.331,3.06437,45.5598,0,82,65,44,2760,10501,5.13278,165,16.9694,0,0,5451,3899533081
402.808,2.48257,45.5598,0,82,65,44,2760,10501,5.13278,165,16.9694,0,0,5451,3902015953
363.76,2.74906,45.5598,0,82,65,44,2760,10501,5.13278,165,16.9694,0,0,5451,3904765449
237.927,4.20298,45.5598,0,82,65,44,2760,10501,5.13278,165,16.9694,0,0,5451,3908968908
480.893,2.07946,45.5598,0,82,65,44,2760,10501,5.13278,165,16.9694,0,0,5451,3911048738
541.437,1.84694,45.5598,0,82,65,44,2760,10501,5.13278,165,16.9694,0,0,5451,3912895964
350.13,2.85609,45.5598,0,82,65,44,2760,10501,5.13278,165,16.9694,0,0,5451,3915752435
331.344,3.01801,45.5598,0,82,65,44,2760,10501,5.13278,165,16.9694,0,0,5451,3918770681
381.561,2.62081,45.5598,0,82,65,44,2760,10501,5.13278,165,16.9694,0,0,5451,3921391808
372.427,2.68509,45.5598,0,82,65,44,2760,10501,5.13278,165,16.9694,0,0,5451,3924077263
368.035,2.71713,45.5598,0,82,65,44,2760,10501,5.13278,165,16.9694,0,0,5451,3926794663
357.855,2.79443,45.5598,0,82,65,44,2760,10501,5.13278,165,16.9694,0,0,5451,3929589420
536.366,1.8644,45.5598,0,82,65,44,2760,10501,5.13278,165,16.9694,0,0,5451,3931454070
186.723,5.35552,45.5598,0,82,65,44,2760,10501,5.13278,165,16.9694,0,0,5451,3936810029
595.082,1.68044,45.5598,0,82,65,44,2760,10501,5.13278,165,16.9694,0,0,5451,3938490970
252.972,3.95301,45.5598,0,82,65,44,2760,10501,5.13278,165,16.9694,0,0,5451,3942444229
581.1,1.72088,45.5598,0,82,65,44,2760,10501,5.13278,165,16.9694,0,0,5451,3944165440
503.186,1.98734,45.5598,0,82,65,44,2760,10501,5.13278,165,16.9694,0,0,5451,3946153248
319.861,3.12635,45.5598,0,82,65,44,2760,10501,5.13278,165,16.9694,0,0,5451,3949279834
252.759,3.95634,45.5598,0,82,65,44,2760,10501,5.13278,165,16.9694,0,0,5451,3953236496
1147.74,0.87128,45.5598,0,82,65,44,2760,10501,5.13278,165,16.9694,0,0,5451,3954107929
309.453,3.23151,45.5598,0,82,65,44,2760,10501,5.13278,165,16.9694,0,0,5451,3957339827
359.576,2.78105,45.5598,0,82,65,44,2760,10501,5.13278,165,16.9694,0,0,5451,3960121315
201.483,4.9632,45.5598,0,82,65,44,2760,10501,5.13278,165,16.9694,0,0,5451,3965084905
315.42,3.17038,45.5598,0,82,65,44,2760,10501,5.13278,165,16.9694,0,0,5451,3968255618
2134.88,0.46841,45.5598,0,82,65,44,2760,10501,5.13278,165,16.9694,0,0,5451,3968724268
515.82,1.93866,45.5598,0,82,65,44,2760,10501,5.13278,165,16.9694,0,0,5451,3970663487
350.099,2.85634,45.5598,0,82,65,44,2760,10501,5.13278,165,16.9694,0,0,5451,3973520074
386.433,2.58777,45.5598,0,82,65,44,2760,10501,5.13278,165,16.9694,0,0,5451,3976108190
422.673,2.3659,45.5598,0,82,65,44,2760,10501,5.13278,165,16.9694,0,0,5451,3978474462
310.262,3.22308,45.5598,0,82,65,44,2760,10501,5.13278,165,16.9694,0,0,5451,3981697763
417.191,2.39699,45.5598,0,82,65,44,2760,10501,5.13278,165,16.9694,0,0,5451,3984095074
387.05,2.58365,45.5598,0,82,65,44,2760,10501,5.13278,165,16.9694,0,0,5451,3986679161
243.67,4.10391,45.5598,0,82,65,44,2760,10501,5.13278,165,16.9694,0,0,5451,3990783415
675.671,1.48001,45.5598,0,82,65,44,2760,10501,5.13278,165,16.9694,0,0,5451,3992263609
394.349,2.53583,45.5598,0,82,65,44,2760,10501,5.13278,165,16.9694,0,0,5451,3994799906
377.986,2.6456,45.5598,0,82,65,44,2760,10501,5.13278,165,16.9694,0,0,5451,3997445919
324.96,3.07731,45.5598,0,82,65,44,2760,10501,5.13278,165,16.9694,0,0,5451,4000523426
389.937,2.56452,45.5598,0,82,65,44,2760,10501,5.13278,165,16.9694,0,0,5451,4003088291
374.691,2.66887,45.5598,0,82,65,44,2760,10501,5.13278,165,16.9694,0,0,5451,4005757497
377.157,2.65142,45.5598,0,82,65,44,2760,10501,5.13278,165,16.9694,0,0,5451,4008409355
329.201,3.03766,45.5598,0,82,65,44,2760,10501,5.13278,165,16.9694,0,0,5451,4011447237
468.531,2.13433,45.5598,0,82,65,44,2760,10501,5.13278,165,16.9694,0,0,5451,4013581962
210.94,4.74068,45.5598,0,82,65,44,2760,10501,5.13278,165,16.9694,0,0,5451,4018322997
309.749,3.22842,45.5598,0,82,65,44,2760,10501,5.13278,165,16.9694,0,0,5451,4021551789
1806.18,0.553654,45.5598,0,82,65,44,2760,10501,5.13278,165,16.9694,0,0,5451,4022105625
416.923,2.39852,45.5598,0,82,65,44,2760,10501,5.13278,165,16.9694,0,0,5451,4024504648
407.679,2.45291,45.5598,0,82,65,44,2760,10501,5.13278,165,16.9694,0,0,5451,4026957769
357.255,2.79912,45.5598,0,82,65,44,2760,10501,5.13278,165,16.9694,0,0,5451,4029757190
264.834,3.77594,45.5598,0,82,65,44,2760,10501,5.13278,165,16.9694,0,0,5451,4033533596
560.876,1.78293,45.5598,0,82,65,44,2760,10501,5.13278,165,16.9694,0,0,5451,4035316724
349.207,2.86364,45.5598,0,82,65,44,2760,10501,5.13278,165,16.9694,0,0,5451,4038180868
295.793,3.38074,45.5598,0,82,65,44,2760,10501,5.13278,165,16.9694,0,0,5451,4041561944
340.124,2.94011,45.5598,0,82,65,44,2760,10501,5.13278,165,16.9694,0,0,5451,4044502254
304.488,3.28421,45.5598,0,82,65,44,2760,10501,5.13278,165,16.9694,0,0,5451,4047786923
761.494,1.31321,45.5598,0,82,65,44,2760,10501,5.13278,165,16.9694,0,0,5451,4049100467
463.255,2.15864,45.5598,0,82,65,44,2760,10501,5.13278,165,16.9694,0,0,5451,4051259434
362.66,2.7574,45.5598,0,82,65,44,2760,10501,5.13278,165,16.9694,0,0,5451,4054017354
429.581,2.32785,45.5598,0,82,65,44,2760,10501,5.13278,165,16.9694,0,0,5451,4056345634
276.808,3.61261,45.5598,0,82,65,44,2760,10501,5.13278,165,16.9694,0,0,5451,4059958419
246.736,4.05292,45.5598,0,82,65,44,2760,10501,5.13278,165,16.9694,0,0,5451,4064011796
816.973,1.22403,45.5598,0,82,65,44,2760,10501,5.13278,165,16.9694,0,0,5451,4065236001
467.503,2.13902,45.5598,0,82,65,44,2760,10501,5.13278,165,16.9694,0,0,5451,4067375429
197.114,5.07321,45.5598,0,82,65,44,2760,10501,5.13278,165,16.9694,0,0,5451,4072449023
297.665,3.35948,45.5598,0,82,65,44,2760,10501,5.13278,165,16.9694,0,0,5451,4075809040
1173.97,0.851808,45.5598,0,82,65,44,2760,10501,5.13278,165,16.9694,0,0,5451,4076660848
493.141,2.02782,45.5598,0,82,65,44,2760,10501,5.13278,165,16.9694,0,0,5451,4078689099
356.985,2.80124,45.5598,0,82,65,44,2760,10501,5.13278,165,16.9694,0,0,5451,4081490645
215.015,4.65085,45.5598,0,82,65,44,2760,10501,5.13278,165,16.9694,0,0,5451,4086141956
595.835,1.67832,45.5598,0,82,65,44,2760,10501,5.13278,165,16.9694,0,0,5451,4087820618
603.116,1.65805,45.5598,0,82,65,44,2760,10501,5.13278,165,16.9694,0,0,5451,4089478924
286.694,3.48804,45.5598,0,82,65,44,2760,10501,5.13278,165,16.9694,0,0,5451,4092967195
478.852,2.08833,45.5598,0,82,65,44,2760,10501,5.13278,165,16.9694,0,0,5451,4095055967
248.057,4.03133,45.5598,0,82,65,44,2760,10501,5.13278,165,16.9694,0,0,5451,4099087536
723.933,1.38134,45.5598,0,82,65,44,2760,10501,5.13278,165,16.9694,0,0,5451,4100469227
225.889,4.42696,45.5598,0,82,65,44,2760,10501,5.13278,165,16.9694,0,0,5451,4104896780
1981.26,0.504729,45.5598,0,82,65,44,2760,10501,5.13278,165,16.9694,0,0,5451,4105401662
377.057,2.65212,45.5598,0,82,65,44,2760,10501,5.13278,165,16.9694,0,0,5451,4108054088
342.251,2.92183,45.5598,0,82,65,44,2760,10501,5.13278,165,16.9694,0,0,5451,4110976244
329.677,3.03328,45.5598,0,82,65,44,2760,10501,5.13278,165,16.9694,0,0,5451,4114009866
328.31,3.0459,45.5598,0,82,65,44,2760,10501,5.13278,165,16.9694,0,0,5451,4117056065
507.746,1.96949,45.5598,0,82,65,44,2760,10501,5.13278,165,16.9694,0,0,5451,4119025823
402.269,2.4859,45.5598,0,82,65,44,2760,10501,5.13278,165,16.9694,0,0,5451,4121512224
202.573,4.93648,45.5598,0,82,65,44,2760,10501,5.13278,165,16.9694,0,0,5451,4126449083
418.841,2.38754,45.5598,0,82,65,44,2760,10501,5.13278,165,16.9694,0,0,5451,4128836789
973.896,1.0268,45.5598,0,82,65,44,2760,10501,5.13278,165,16.9694,0,0,5451,4129863737
379.127,2.63764,45.5598,0,82,65,44,2760,10501,5.13278,165,16.9694,0,0,5451,4132501941
403.146,2.48049,45.5598,0,82,65,44,2760,10501,5.13278,165,16.9694,0,0,5451,4134982784
364.343,2.74467,45.5598,0,82,65,44,2760,10501,5.13278,165,16.9694,0,0,5451,4137727723
312.151,3.20358,45.5598,0,82,65,44,2760,10501,5.13278,165,16.9694,0,0,5451,4140931523
371.727,2.69015,45.5598,0,82,65,44,2760,10501,5.13278,165,16.9694,0,0,5451,4143622037
447.343,2.23542,45.5598,0,82,65,44,2760,10501,5.13278,165,16.9694,0,0,5451,4145857756
331.414,3.01737,45.5598,0,82,65,44,2760,10501,5.13278,165,16.9694,0,0,5451,4148875473
235.128,4.25301,45.5598,0,82,65,44,2760,10501,5.13278,165,16.9694,0,0,5451,4153128761
589.202,1.69721,45.5598,0,82,65,44,2760,10501,5.13278,165,16.9694,0,0,5451,4154826309
264.555,3.77993,45.5598,0,82,65,44,2760,10501,5.13278,165,16.9694,0,0,5451,4158606590
734.957,1.36062,45.5598,0,82,65,44,2760,10501,5.13278,165,16.9694,0,0,5451,4159967655
375.039,2.66639,45.5598,0,82,65,44,2760,10501,5.13278,165,16.9694,0,0,5451,4162634466
395.11,2.53094,45.5598,0,82,65,44,2760,10501,5.13278,165,16.9694,0,0,5451,4165165734
357.695,2.79568,45.5598,0,82,65,44,2760,10501,5.13278,165,16.9694,0,0,5451,4167961597
386.955,2.58428,45.5598,0,82,65,44,2760,10501,5.13278,165,16.9694,0,0,5451,4170546184
356.565,2.80454,45.5598,0,82,65,44,2760,10501,5.13278,165,16.9694,0,0,5451,4173351173
337.787,2.96045,45.5598,0,82,65,44,2760,10501,5.13278,165,16.9694,0,0,5451,4176311859
242.173,4.12928,45.5598,0,82,65,44,2760,10501,5.13278,165,16.9694,0,0,5451,4180441479
745.5,1.34138,45.5598,0,82,65,44,2760,10501,5.13278,165,16.9694,0,0,5451,4181783217
457.943,2.18368,45.5598,0,82,65,44,2760,10501,5.13278,165,16.9694,0,0,5451,4183967233
356.315,2.80651,45.5598,0,82,65,44,2760,10501,5.13278,165,16.9694,0,0,5451,4186774087
402.153,2.48661,45.5598,0,82,65,44,2760,10501,5.13278,165,16.9694,0,0,5451,4189261142
297.327,3.3633,45.5598,0,82,65,44,2760,10501,5.13278,165,16.9694,0,0,5451,4192624659
625.554,1.59858,45.5598,0,82,65,44,2760,10501,5.13278,165,16.9694,0,0,5451,4194223550
335.017,2.98493,45.5598,0,82,65,44,2760,10501,5.13278,165,16.9694,0,0,5451,4197208823
339.775,2.94313,45.5598,0,82,65,44,2760,10501,5.13278,165,16.9694,0,0,5451,4200152278
285.141,3.50704,45.5598,0,82,65,44,2760,10501,5.13278,165,16.9694,0,0,5451,4203659695
273.708,3.65353,45.5598,0,82,65,44,2760,10501,5.13278,165,16.9694,0,0,5451,4207313693
639.904,1.56273,45.5598,0,82,65,44,2760,10501,5.13278,165,16.9694,0,0,5451,4208876697
225.225,4.43999,45.5598,0,82,65,44,2760,10501,5.13278,165,16.9694,0,0,5451,4213317155
1412.57,0.707928,45.5598,0,82,65,44,2760,10501,5.13278,165,16.9694,0,0,5451,4214025265
432.589,2.31166,45.5598,0,82,65,44,2760,10501,5.13278,165,16.9694,0,0,5451,4216337295
354.003,2.82484,45.5598,0,82,65,44,2760,10501,5.13278,165,16.9694,0,0,5451,4219162544
361.846,2.7636,45.5598,0,82,65,44,2760,10501,5.13278,165,16.9694,0,0,5451,4221926358
399.368,2.50396,45.5598,0,82,65,44,2760,10501,5.13278,165,16.9694,0,0,5451,4224430721
282.518,3.5396,45.5598,0,82,65,44,2760,10501,5.13278,165,16.9694,0,0,5451,4227970725
591.915,1.68943,45.5598,0,82,65,44,2760,10501,5.13278,165,16.9694,0,0,5451,4229660359
238.252,4.19724,45.5598,0,82,65,44,2760,10501,5.13278,165,16.9694,0,0,5451,4233857924
562.876,1.77659,45.5598,0,82,65,44,2760,10501,5.13278,165,16.9694,0,0,5451,4235635003
366.092,2.73155,45.5598,0,82,65,44,2760,10501,5.13278,165,16.9694,0,0,5451,4238367018
371.845,2.68929,45.5598,0,82,65,44,2760,10501,5.13278,165,16.9694,0,0,5451,4241056320
220.841,4.52815,45.5598,0,82,65,44,2760,10501,5.13278,165,16.9694,0,0,5451,4245584829
1692.35,0.590895,45.5598,0,82,65,44,2760,10501,5.13278,165,16.9694,0,0,5451,4246175906
344.514,2.90264,45.5598,0,82,65,44,2760,10501,5.13278,165,16.9694,0,0,5451,4249078860
215.938,4.63095,45.5598,0,82,65,44,2760,10501,5.13278,165,16.9694,0,0,5451,4253710304
1568.43,0.63758,45.5598,0,82,65,44,2760,10501,5.13278,165,16.9694,0,0,5451,4254348210
384.975,2.59757,45.5598,0,82,65,44,2760,10501,5.13278,165,16.9694,0,0,5451,4256946259
161.811,6.18006,45.5598,0,82,65,44,2760,10501,5.13278,165,16.9694,0,0,5451,4263126516
1411.77,0.708332,45.5598,0,82,65,44,2760,10501,5.13278,165,16.9694,0,0,5451,4263835319
484.502,2.06397,45.5598,0,82,65,44,2760,10501,5.13278,165,16.9694,0,0,5451,4265899503
329.051,3.03905,45.5598,0,82,65,44,2760,10501,5.13278,165,16.9694,0,0,5451,4268939000
546.502,1.82982,45.5598,0,82,65,44,2760,10501,5.13278,165,16.9694,0,0,5451,4270769071
363.062,2.75435,45.5598,0,82,65,44,2760,10501,5.13278,165,16.9694,0,0,5451,4273523751
199.961,5.00097,45.5598,0,82,65,44,2760,10501,5.13278,165,16.9694,0,0,5451,4278525169
1100.62,0.908579,45.5598,0,82,65,44,2760,10501,5.13278,165,16.9694,0,0,5451,4279433902
415.212,2.40841,45.5598,0,82,65,44,2760,10501,5.13278,165,16.9694,0,0,5451,4281842598
211.082,4.7375,45.5598,0,82,65,44,2760,10501,5.13278,165,16.9694,0,0,5451,4286580585
309.936,3.22647,45.5598,0,82,65,44,2760,10501,5.13278,165,16.9694,0,0,5451,4289807232
2298.67,0.435034,45.5598,0,82,65,44,2760,10501,5.13278,165,16.9694,0,0,5451,4290242641
390.898,2.55821,45.5598,0,82,65,44,2760,10501,5.13278,165,16.9694,0,0,5451,4292801227
449.276,2.22581,45.5598,0,82,65,44,2760,10501,5.13278,165,16.9694,0,0,5451,4295027331
364.471,2.7437,45.5598,0,82,65,44,2760,10501,5.13278,165,16.9694,0,0,5451,4297771337
399.499,2.50313,45.5598,0,82,65,44,2760,10501,5.13278,165,16.9694,0,0,5451,4300274806
362.064,2.76194,45.5598,0,82,65,44,2760,10501,5.13278,165,16.9694,0,0,5451,4303037091
358.968,2.78577,45.5598,0,82,65,44,2760,10501,5.13278,165,16.9694,0,0,5451,4305823185
395.964,2.52548,45.5598,0,82,65,44,2760,10501,5.13278,165,16.9694,0,0,5451,4308349001
278.622,3.58909,45.5598,0,82,65,44,2760,10501,5.13278,165,16.9694,0,0,5451,4311938391
283.344,3.52927,45.5598,0,82,65,44,2760,10501,5.13278,165,16.9694,0,0,5451,4315468078
605.821,1.65065,45.5598,0,82,65,44,2760,10501,5.13278,165,16.9694,0,0,5451,4317118999
533.004,1.87616,45.5598,0,82,65,44,2760,10501,5.13278,165,16.9694,0,0,5451,4318995523
325.216,3.07488,45.5598,0,82,65,44,2760,10501,5.13278,165,16.9694,0,0,5451,4322070733
475.126,2.10471,45.5598,0,82,65,44,2760,10501,5.13278,165,16.9694,0,0,5451,4324175727
326.536,3.06245,45.5598,0,82,65,44,2760,10501,5.13278,165,16.9694,0,0,5451,4327238513
217.724,4.59296,45.5598,0,82,65,44,2760,10501,5.13278,165,16.9694,0,0,5451,4331832014
870.708,1.14849,45.5598,0,82,65,44,2760,10501,5.13278,165,16.9694,0,0,5451,4332980764
426.217,2.34622,45.5598,0,82,65,44,2760,10501,5.13278,165,16.9694,0,0,5451,4335327362
259.174,3.85842,45.5598,0,82,65,44,2760,10501,5.13278,165,16.9694,0,0,5451,4339186300
402.381,2.48521,45.5598,0,82,65,44,2760,10501,5.13278,165,16.9694,0,0,5451,4341671701
591.397,1.69091,45.5598,0,82,65,44,2760,10501,5.13278,165,16.9694,0,0,5451,4343362950
375.226,2.66506,45.5598,0,82,65,44,2760,10501,5.13278,165,16.9694,0,0,5451,4346028348
254.934,3.92258,45.5598,0,82,65,44,2760,10501,5.13278,165,16.9694,0,0,5451,4349953461
262.465,3.81003,44.7436,0,79,65,44,2760,10501,5.13629,165,16.9713,0,0,5433,4353761830
2182.78,0.458131,44.7436,0,79,65,44,2760,10501,5.13629,165,16.9713,0,0,5433,4354220134
353.127,2.83185,44.7436,0,79,65,44,2760,10501,5.13629,165,16.9713,0,0,5433,4357052335
384.116,2.60338,44.7436,0,79,65,44,2760,10501,5.13629,165,16.9713,0,0,5433,4359656038
322.271,3.10298,44.7436,0,79,65,44,2760,10501,5.13629,165,16.9713,0,0,5433,4362759489
461.345,2.16757,44.7436,0,79,65,44,2760,10501,5.13629,165,16.9713,0,0,5433,4364927216
242.901,4.1169,44.7436,0,79,65,44,2760,10501,5.13629,165,16.9713,0,0,5433,4369044297
530.914,1.88354,44.7436,0,79,65,44,2760,10501,5.13629,165,16.9713,0,0,5433,4370928264
455.125,2.1972,44.7436,0,79,65,44,2760,10501,5.13629,165,16.9713,0,0,5433,4373125761
363.589,2.75036,44.7436,0,79,65,44,2760,10501,5.13629,165,16.9713,0,0,5433,4375876363
341.305,2.92993,44.7436,0,79,65,44,2760,10501,5.13629,165,16.9713,0,0,5433,4378806654
443.508,2.25475,44.7436,0,79,65,44,2760,10501,5.13629,165,16.9713,0,0,5433,4381061894
341.851,2.92525,44.7436,0,79,65,44,2760,10501,5.13629,165,16.9713,0,0,5433,4383987329
390.181,2.56291,44.7436,0,79,65,44,2760,10501,5.13629,165,16.9713,0,0,5433,4386550454
350.788,2.85072,44.7436,0,79,65,44,2760,10501,5.13629,165,16.9713,0,0,5433,4389401656
192.452,5.19609,44.7436,0,79,65,44,2760,10501,5.13629,165,16.9713,0,0,5433,4394598206
406.54,2.45978,44.7436,0,79,65,44,2760,10501,5.13629,165,16.9713,0,0,5433,4397058327
323.179,3.09426,44.7436,0,79,65,44,2760,10501,5.13629,165,16.9713,0,0,5433,4400152864
2888.8,0.346165,44.7436,0,79,65,44,2760,10501,5.13629,165,16.9713,0,0,5433,4400499318
438.175,2.28219,44.7436,0,79,65,44,2760,10501,5.13629,165,16.9713,0,0,5433,4402781828
355.826,2.81036,44.7436,0,79,65,44,2760,10501,5.13629,165,16.9713,0,0,5433,4405592519
386.169,2.58954,44.7436,0,79,65,44,2760,10501,5.13629,165,16.9713,0,0,5433,4408182212
370.581,2.69847,44.7436,0,79,65,44,2760,10501,5.13629,165,16.9713,0,0,5433,4410881312
379.594,2.6344,44.7436,0,79,65,44,2760,10501,5.13629,165,16.9713,0,0,5433,4413515863
298.727,3.34754,44.7436,0,79,65,44,2760,10501,5.13629,165,16.9713,0,0,5433,4416863735
501.492,1.99405,44.7436,0,79,65,44,2760,10501,5.13629,165,16.9713,0,0,5433,4418858091
198.764,5.0311,44.7436,0,79,65,44,2760,10501,5.13629,165,16.9713,0,0,5433,4423889635
655.431,1.52571,44.7436,0,79,65,44,2760,10501,5.13629,165,16.9713,0,0,5433,4425415581
411.146,2.43223,44.7436,0,79,65,44,2760,10501,5.13629,165,16.9713,0,0,5433,4427848259
646.588,1.54658,44.7436,0,79,65,44,2760,10501,5.13629,165,16.9713,0,0,5433,4429395109
252.557,3.95951,44.7436,0,79,65,44,2760,10501,5.13629,165,16.9713,0,0,5433,4433354829
502.011,1.99199,44.7436,0,79,65,44,2760,10501,5.13629,165,16.9713,0,0,5433,4435347252
525.253,1.90384,44.7436,0,79,65,44,2760,10501,5.13629,165,16.9713,0,0,5433,4437251335
330.477,3.02593,44.7436,0,79,65,44,2760,10501,5.13629,165,16.9713,0,0,5433,4440277755
387.803,2.57863,44.7436,0,79,65,44,2760,10501,5.13629,165,16.9713,0,0,5433,4442856697
367.511,2.721,44.7436,0,79,65,44,2760,10501,5.13629,165,16.9713,0,0,5433,4445578001
365.201,2.73822,44.7436,0,79,65,44,2760,10501,5.13629,165,16.9713,0,0,5433,4448316497
310.108,3.22469,44.7436,0,79,65,44,2760,10501,5.13629,165,16.9713,0,0,5433,4451541490
367.831,2.71864,44.7436,0,79,65,44,2760,10501,5.13629,165,16.9713,0,0,5433,4454260447
520.152,1.92252,44.7436,0,79,65,44,2760,10501,5.13629,165,16.9713,0,0,5433,4456183493
425.558,2.34986,44.7436,0,79,65,44,2760,10501,5.13629,165,16.9713,0,0,5433,4458533649
197.367,5.0667,44.7436,0,79,65,44,2760,10501,5.13629,165,16.9713,0,0,5433,4463600579
410.1,2.43843,44.7436,0,79,65,44,2760,10501,5.13629,165,16.9713,0,0,5433,4466039354
565.543,1.76821,44.7436,0,79,65,44,2760,10501,5.13629,165,16.9713,0,0,5433,4467807971
551.425,1.81348,44.7436,0,79,65,44,2760,10501,5.13629,165,16.9713,0,0,5433,4469621820
303.824,3.29138,44.7436,0,79,65,44,2760,10501,5.13629,165,16.9713,0,0,5433,4472913441
497.056,2.01185,44.7436,0,79,65,44,2760,10501,5.13629,165,16.9713,0,0,5433,4474927480
291.435,3.4313,44.7436,0,79,65,44,2760,10501,5.13629,165,16.9713,0,0,5433,4478358500
527.096,1.89719,44.7436,0,79,65,44,2760,10501,5.13629,165,16.9713,0,0,5433,4480255775
343.223,2.91356,44.7436,0,79,65,44,2760,10501,5.13629,165,16.9713,0,0,5433,4483169623
302.489,3.30591,44.7436,0,79,65,44,2760,10501,5.13629,165,16.9713,0,0,5433,4486475965
439.453,2.27556,44.7436,0,79,65,44,2760,10501,5.13629,165,16.9713,0,0,5433,4488751754
401.385,2.49137,44.7436,0,79,65,44,2760,10501,5.13629,165,16.9713,0,0,5433,4491243434
322.075,3.10487,44.7436,0,79,65,44,2760,10501,5.13629,165,16.9713,0,0,5433,4494348625
511.497,1.95505,44.7436,0,79,65,44,2760,10501,5.13629,165,16.9713,0,0,5433,4496304085
301.188,3.32019,44.7436,0,79,65,44,2760,10501,5.13629,165,16.9713,0,0,5433,4499624639
453.31,2.206,44.7436,0,79,65,44,2760,10501,5.13629,165,16.9713,0,0,5433,4501831012
276.806,3.61264,44.7436,0,79,65,44,2760,10501,5.13629,165,16.9713,0,0,5433,4505443797
460.17,2.17311,44.7436,0,79,65,44,2760,10501,5.13629,165,16.9713,0,0,5433,4507617216
518.619,1.9282,44.7436,0,79,65,44,2760,10501,5.13629,165,16.9713,0,0,5433,4509545752
352.462,2.83718,44.7436,0,79,65,44,2760,10501,5.13629,165,16.9713,0,0,5433,4512383290
379.387,2.63583,44.7436,0,79,65,44,2760,10501,5.13629,165,16.9713,0,0,5433,4515019485
315.459,3.16998,44.7436,0,79,65,44,2760,10501,5.13629,165,16.9713,0,0,5433,4518189823
397.303,2.51697,44.7436,0,79,65,44,2760,10501,5.13629,165,16.9713,0,0,5433,4520707129
377.353,2.65004,44.7436,0,79,65,44,2760,10501,5.13629,165,16.9713,0,0,5433,4523357449
340.507,2.9368,44.7436,0,79,65,44,2760,10501,5.13629,165,16.9713,0,0,5433,4526294528
201.213,4.96986,44.7436,0,79,65,44,2760,10501,5.13629,165,16.9713,0,0,5433,4531264821
459.472,2.17641,44.7436,0,79,65,44,2760,10501,5.13629,165,16.9713,0,0,5433,4533441596
632.328,1.58146,44.7436,0,79,65,44,2760,10501,5.13629,165,16.9713,0,0,5433,4535023294
398.182,2.51141,44.7436,0,79,65,44,2760,10501,5.13629,165,16.9713,0,0,5433,4537535023
413.783,2.41672,44.7436,0,79,65,44,2760,10501,5.13629,165,16.9713,0,0,5433,4539952075
375.863,2.66054,44.7436,0,79,65,44,2760,10501,5.13629,165,16.9713,0,0,5433,4542612790
291.687,3.42834,44.7436,0,79,65,44,2760,10501,5.13629,165,16.9713,0,0,5433,4546041511
460.426,2.1719,44.7436,0,79,65,44,2760,10501,5.13629,165,16.9713,0,0,5433,4548213854
358.027,2.79308,44.7436,0,79,65,44,2760,10501,5.13629,165,16.9713,0,0,5433,4551007150
192.968,5.18221,44.7436,0,79,65,44,2760,10501,5.13629,165,16.9713,0,0,5433,4556189824
493.59,2.02597,44.7436,0,79,65,44,2760,10501,5.13629,165,16.9713,0,0,5433,4558216075
595.767,1.67851,44.7436,0,79,65,44,2760,10501,5.13629,165,16.9713,0,0,5433,4559894920
336.116,2.97517,44.7436,0,79,65,44,2760,10501,5.13629,165,16.9713,0,0,5433,4562870511
580.143,1.72371,44.7436,0,79,65,44,2760,10501,5.13629,165,16.9713,0,0,5433,4564594482
268.218,3.72831,44.7436,0,79,65,44,2760,10501,5.13629,165,16.9713,0,0,5433,4568323252
647.497,1.54441,44.7436,0,79,65,44,2760,10501,5.13629,165,16.9713,0,0,5433,4569868026
365.846,2.73339,44.7436,0,79,65,44,2760,10501,5.13629,165,16.9713,0,0,5433,4572601618
298.699,3.34785,44.7436,0,79,65,44,2760,10501,5.13629,165,16.9713,0,0,5433,4575949836
456.347,2.19131,44.7436,0,79,65,44,2760,10501,5.13629,165,16.9713,0,0,5433,4578141458
363.331,2.75231,44.7436,0,79,65,44,2760,10501,5.13629,165,16.9713,0,0,5433,4580894214
228.929,4.36818,44.7436,0,79,65,44,2760,10501,5.13629,165,16.9713,0,0,5433,4585262640
603.217,1.65778,44.7436,0,79,65,44,2760,10501,5.13629,165,16.9713,0,0,5433,4586920716
506.998,1.97239,44.7436,0,79,65,44,2760,10501,5.13629,165,16.9713,0,0,5433,4588893417
202.683,4.93382,44.7436,0,79,65,44,2760,10501,5.13629,165,16.9713,0,0,5433,4593827804
2424.22,0.412504,44.7436,0,79,65,44,2760,10501,5.13629,165,16.9713,0,0,5433,4594240405
369.48,2.7065,44.7436,0,79,65,44,2760,10501,5.13629,165,16.9713,0,0,5433,4596947313
388.789,2.57209,44.7436,0,79,65,44,2760,10501,5.13629,165,16.9713,0,0,5433,4599519650
333.687,2.99682,44.7436,0,79,65,44,2760,10501,5.13629,165,16.9713,0,0,5433,4602516943
360.674,2.77258,44.7436,0,79,65,44,2760,10501,5.13629,165,16.9713,0,0,5433,4605289671
218.302,4.58082,44.7436,0,79,65,44,2760,10501,5.13629,165,16.9713,0,0,5433,4609871027
621.16,1.60989,44.7436,0,79,65,44,2760,10501,5.13629,165,16.9713,0,0,5433,4611481236
502.226,1.99113,44.7436,0,79,65,44,2760,10501,5.13629,165,16.9713,0,0,5433,4613472745
436.921,2.28874,44.7436,0,79,65,44,2760,10501,5.13629,165,16.9713,0,0,5433,4615761726
311.542,3.20984,44.7436,0,79,65,44,2760,10501,5.13629,165,16.9713,0,0,5433,4618972103
508.821,1.96533,44.7436,0,79,65,44,2760,10501,5.13629,165,16.9713,0,0,5433,4620937525
342.339,2.92108,44.7436,0,79,65,44,2760,10501,5.13629,165,16.9713,0,0,5433,4623858941
417.119,2.3974,44.7436,0,79,65,44,2760,10501,5.13629,165,16.9713,0,0,5433,4626256666
345.281,2.89619,44.7436,0,79,65,44,2760,10501,5.13629,165,16.9713,0,0,5433,4629153293
410.803,2.43425,44.7436,0,79,65,44,2760,10501,5.13629,165,16.9713,0,0,5433,4631587855
273.397,3.65768,44.7436,0,79,65,44,2760,10501,5.13629,165,16.9713,0,0,5433,4635246200
224.167,4.46096,44.7436,0,79,65,44,2760,10501,5.13629,165,16.9713,0,0,5433,4639707427
1968.59,0.507979,44.7436,0,79,65,44,2760,10501,5.13629,165,16.9713,0,0,5433,4640215242
455.959,2.19318,44.7436,0,79,65,44,2760,10501,5.13629,165,16.9713,0,0,5433,4642409037
355.903,2.80976,44.7436,0,79,65,44,2760,10501,5.13629,165,16.9713,0,0,5433,4645219084
348.497,2.86946,44.7436,0,79,65,44,2760,10501,5.13629,165,16.9713,0,0,5433,4648088931
362.52,2.75847,44.7436,0,79,65,44,2760,10501,5.13629,165,16.9713,0,0,5433,4650847601
352.593,2.83613,44.7436,0,79,65,44,2760,10501,5.13629,165,16.9713,0,0,5433,4653684033
236.175,4.23414,44.7436,0,79,65,44,2760,10501,5.13629,165,16.9713,0,0,5433,4657918589
634.086,1.57707,44.7436,0,79,65,44,2760,10501,5.13629,165,16.9713,0,0,5433,4659495998
549.786,1.81889,44.7436,0,79,65,44,2760,10501,5.13629,165,16.9713,0,0,5433,4661315165
227.879,4.3883,44.7436,0,79,65,44,2760,10501,5.13629,165,16.9713,0,0,5433,4665703890
607.833,1.64519,44.7436,0,79,65,44,2760,10501,5.13629,165,16.9713,0,0,5433,4667349512
510.645,1.95831,44.7436,0,79,65,44,2760,10501,5.13629,165,16.9713,0,0,5433,4669307992
377.03,2.65231,44.7436,0,79,65,44,2760,10501,5.13629,165,16.9713,0,0,5433,4671960629
353.223,2.83108,44.7436,0,79,65,44,2760,10501,5.13629,165,16.9713,0,0,5433,4674792023
318.969,3.1351,44.7436,0,79,65,44,2760,10501,5.13629,165,16.9713,0,0,5433,4677927455
431.591,2.31701,44.7436,0,79,65,44,2760,10501,5.13629,165,16.9713,0,0,5433,4680244928
355.253,2.81489,44.7436,0,79,65,44,2760,10501,5.13629,165,16.9713,0,0,5433,4683059946
241.567,4.13964,44.7436,0,79,65,44,2760,10501,5.13629,165,16.9713,0,0,5433,4687200085
583.022,1.7152,44.7436,0,79,65,44,2760,10501,5.13629,165,16.9713,0,0,5433,4688915662
195.827,5.10655,44.7436,0,79,65,44,2760,10501,5.13629,165,16.9713,0,0,5433,4694022363
550.543,1.81639,44.7436,0,79,65,44,2760,10501,5.13629,165,16.9713,0,0,5433,4695839069
357.114,2.80023,44.7436,0,79,65,44,2760,10501,5.13629,165,16.9713,0,0,5433,4698639605
567.004,1.76366,44.7436,0,79,65,44,2760,10501,5.13629,165,16.9713,0,0,5433,4700403569
315.403,3.17055,44.7436,0,79,65,44,2760,10501,5.13629,165,16.9713,0,0,5433,4703574416
360.638,2.77286,44.7436,0,79,65,44,2760,10501,5.13629,165,16.9713,0,0,5433,4706347740
350.28,2.85486,44.7436,0,79,65,44,2760,10501,5.13629,165,16.9713,0,0,5433,4709202942
410.768,2.43447,44.7436,0,79,65,44,2760,10501,5.13629,165,16.9713,0,0,5433,4711637774
368.836,2.71124,44.7436,0,79,65,44,2760,10501,5.13629,165,16.9713,0,0,5433,4714349240
313.396,3.19085,44.7436,0,79,65,44,2760,10501,5.13629,165,16.9713,0,0,5433,4717540454
309.798,3.22791,44.7436,0,79,65,44,2760,10501,5.13629,165,16.9713,0,0,5433,4720768880
609.607,1.6404,44.7436,0,79,65,44,2760,10501,5.13629,165,16.9713,0,0,5433,4722409647
351.883,2.84186,44.7436,0,79,65,44,2760,10501,5.13629,165,16.9713,0,0,5433,4725251819
299.59,3.33789,44.7436,0,79,65,44,2760,10501,5.13629,165,16.9713,0,0,5433,4728590115
490.619,2.03824,44.7436,0,79,65,44,2760,10501,5.13629,165,16.9713,0,0,5433,4730628847
349.5,2.86123,44.7436,0,79,65,44,2760,10501,5.13629,165,16.9713,0,0,5433,4733490559
343.245,2.91337,44.7436,0,79,65,44,2760,10501,5.13629,165,16.9713,0,0,5433,4736404253
423.545,2.36102,44.7436,0,79,65,44,2760,10501,5.13629,165,16.9713,0,0,5433,4738765477
344.584,2.90205,44.7436,0,79,65,44,2760,10501,5.13629,165,16.9713,0,0,5433,4741667959
168.011,5.952,44.7436,0,79,65,44,2760,10501,5.13629,165,16.9713,0,0,5433,4747620381
382.073,2.6173,44.7436,0,79,65,44,2760,10501,5.13629,165,16.9713,0,0,5433,4750237931
1466.58,0.68186,44.7436,0,79,65,44,2760,10501,5.13629,165,16.9713,0,0,5433,4750920040
381.503,2.62121,44.7436,0,79,65,44,2760,10501,5.13629,165,16.9713,0,0,5433,4753541619
362.373,2.75958,44.7436,0,79,65,44,2760,10501,5.13629,165,16.9713,0,0,5433,4756301539
353.356,2.83001,44.7436,0,79,65,44,2760,10501,5.13629,165,16.9713,0,0,5433,4759131865
375.77,2.66121,44.7436,0,79,65,44,2760,10501,5.13629,165,16.9713,0,0,5433,4761793349
324.944,3.07745,44.7436,0,79,65,44,2760,10501,5.13629,165,16.9713,0,0,5433,4764871270
424.838,2.35384,44.7436,0,79,65,44,2760,10501,5.13629,165,16.9713,0,0,5433,4767225349
407.009,2.45695,44.7436,0,79,65,44,2760,10501,5.13629,165,16.9713,0,0,5433,4769682576
287.14,3.48263,44.7436,0,79,65,44,2760,10501,5.13629,165,16.9713,0,0,5433,4773165549
552.28,1.81068,44.7436,0,79,65,44,2760,10501,5.13629,165,16.9713,0,0,5433,4774976543
356.867,2.80216,44.7436,0,79,65,44,2760,10501,5.13629,165,16.9713,0,0,5433,4777779003
397.669,2.51465,44.7436,0,79,65,44,2760,10501,5.13629,165,16.9713,0,0,5433,4780294107
371.549,2.69144,44.7436,0,79,65,44,2760,10501,5.13629,165,16.9713,0,0,5433,4782985832
324.418,3.08244,44.7436,0,79,65,44,2760,10501,5.13629,165,16.9713,0,0,5433,4786068590
364.283,2.74512,44.7436,0,79,65,44,2760,10501,5.13629,165,16.9713,0,0,5433,4788814134
442.074,2.26207,44.7436,0,79,65,44,2760,10501,5.13629,165,16.9713,0,0,5433,4791076490
353.722,2.82708,44.7436,0,79,65,44,2760,10501,5.13629,165,16.9713,0,0,5433,4793903825
381.136,2.62373,44.7436,0,79,65,44,2760,10501,5.13629,165,16.9713,0,0,5433,4796527866
277.63,3.60192,44.7436,0,79,65,44,2760,10501,5.13629,165,16.9713,0,0,5433,4800130093
563.929,1.77327,44.7436,0,79,65,44,2760,10501,5.13629,165,16.9713,0,0,5433,4801903806
332.356,3.00882,44.7436,0,79,65,44,2760,10501,5.13629,165,16.9713,0,0,5433,4804912879
422.676,2.36588,44.7436,0,79,65,44,2760,10501,5.13629,165,16.9713,0,0,5433,4807278987
365.717,2.73435,44.7436,0,79,65,44,2760,10501,5.13629,165,16.9713,0,0,5433,4810013964
346.673,2.88456,44.7436,0,79,65,44,2760,10501,5.13629,165,16.9713,0,0,5433,4812898811
384.466,2.60101,44.7436,0,79,65,44,2760,10501,5.13629,165,16.9713,0,0,5433,4815500082
351.935,2.84143,44.7436,0,79,65,44,2760,10501,5.13629,165,16.9713,0,0,5433,4818341774
387.882,2.57811,44.7436,0,79,65,44,2760,10501,5.13629,165,16.9713,0,0,5433,4820920361
331.396,3.01753,44.7436,0,79,65,44,2760,10501,5.13629,165,16.9713,0,0,5433,4823938222
308.501,3.24148,44.7436,0,79,65,44,2760,10501,5.13629,165,16.9713,0,0,5433,4827180062
326.756,3.06039,44.7436,0,79,65,44,2760,10501,5.13629,165,16.9713,0,0,5433,4830240752
900.418,1.11059,44.7436,0,79,65,44,2760,10501,5.13629,165,16.9713,0,0,5433,4831351866
345.569,2.89378,44.7436,0,79,65,44,2760,10501,5.13629,165,16.9713,0,0,5433,4834245781
388.176,2.57615,44.7436,0,79,65,44,2760,10501,5.13629,165,16.9713,0,0,5433,4836822387
316.256,3.16199,44.7436,0,79,65,44,2760,10501,5.13629,165,16.9713,0,0,5433,4840019456
334.198,2.99223,44.7436,0,79,65,44,2760,10501,5.13629,165,16.9713,0,0,5433,4843012134
449.68,2.22381,44.7436,0,79,65,44,2760,10501,5.13629,165,16.9713,0,0,5433,4845236305
392.647,2.54682,44.7436,0,79,65,44,2760,10501,5.13629,165,16.9713,0,0,5433,4847783410
420.242,2.37958,44.7436,0,79,65,44,2760,10501,5.13629,165,16.9713,0,0,5433,4850165000
216.932,4.60973,45.1861,0,82,65,44,2760,10501,5.13629,165,16.9644,0,0,5443,4854773424
571.102,1.751,45.1861,0,82,65,44,2760,10501,5.13629,165,16.9644,0,0,5443,4856524714
562.204,1.77871,45.1861,0,82,65,44,2760,10501,5.13629,165,16.9644,0,0,5443,4858303697
361.395,2.76706,45.1861,0,82,65,44,2760,10501,5.13629,165,16.9644,0,0,5443,4861071089
199.697,5.00759,45.1861,0,82,65,44,2760,10501,5.13629,165,16.9644,0,0,5443,4866079257
603.711,1.65642,45.1861,0,82,65,44,2760,10501,5.13629,165,16.9644,0,0,5443,4867736150
349.82,2.85861,45.1861,0,82,65,44,2760,10501,5.13629,165,16.9644,0,0,5443,4870595179
632.994,1.57979,45.1861,0,82,65,44,2760,10501,5.13629,165,16.9644,0,0,5443,4872175213
306.064,3.26729,45.1861,0,82,65,44,2760,10501,5.13629,165,16.9644,0,0,5443,4875443083
533.734,1.87359,45.1861,0,82,65,44,2760,10501,5.13629,165,16.9644,0,0,5443,4877316848
194.858,5.13193,45.1861,0,82,65,44,2760,10501,5.13629,165,16.9644,0,0,5443,4882449136
1754.3,0.570029,45.1861,0,82,65,44,2760,10501,5.13629,165,16.9644,0,0,5443,4883019309
335.412,2.98141,45.1861,0,82,65,44,2760,10501,5.13629,165,16.9644,0,0,5443,4886001006
526.509,1.8993,45.1861,0,82,65,44,2760,10501,5.13629,165,16.9644,0,0,5443,4887900647
347.609,2.8768,45.1861,0,82,65,44,2760,10501,5.13629,165,16.9644,0,0,5443,4890777705
284.394,3.51624,45.1861,0,82,65,44,2760,10501,5.13629,165,16.9644,0,0,5443,4894294285
355.96,2.80931,45.1861,0,82,65,44,2760,10501,5.13629,165,16.9644,0,0,5443,4897104159
520.232,1.92222,45.1861,0,82,65,44,2760,10501,5.13629,165,16.9644,0,0,5443,4899026647
337.654,2.96161,45.1861,0,82,65,44,2760,10501,5.13629,165,16.9644,0,0,5443,4901988554
538.769,1.85608,45.1861,0,82,65,44,2760,10501,5.13629,165,16.9644,0,0,5443,4903844876
237.748,4.20614,45.1861,0,82,65,44,2760,10501,5.13629,165,16.9644,0,0,5443,4908051556
522.753,1.91295,45.1861,0,82,65,44,2760,10501,5.13629,165,16.9644,0,0,5443,4909964659
398.361,2.51029,45.1861,0,82,65,44,2760,10501,5.13629,165,16.9644,0,0,5443,4912475436
413.299,2.41955,45.1861,0,82,65,44,2760,10501,5.13629,165,16.9644,0,0,5443,4914895229
300.169,3.33146,45.1861,0,82,65,44,2760,10501,5.13629,165,16.9644,0,0,5443,4918227351
437.596,2.28521,45.1861,0,82,65,44,2760,10501,5.13629,165,16.9644,0,0,5443,4920512996
344.762,2.90055,45.1861,0,82,65,44,2760,10501,5.13629,165,16.9644,0,0,5443,4923413776
376.322,2.6573,45.1861,0,82,65,44,2760,10501,5.13629,165,16.9644,0,0,5443,4926071414
450.242,2.22103,45.1861,0,82,65,44,2760,10501,5.13629,165,16.9644,0,0,5443,4928292585
354.576,2.82027,45.1861,0,82,65,44,2760,10501,5.13629,165,16.9644,0,0,5443,4931113507
230.001,4.34781,45.1861,0,82,65,44,2760,10501,5.13629,165,16.9644,0,0,5443,4935461682
467.228,2.14028,45.1861,0,82,65,44,2760,10501,5.13629,165,16.9644,0,0,5443,4937602014
554.485,1.80347,45.1861,0,82,65,44,2760,10501,5.13629,165,16.9644,0,0,5443,4939405863
335.565,2.98005,45.1861,0,82,65,44,2760,10501,5.13629,165,16.9644,0,0,5443,4942386290
467.869,2.13735,45.1861,0,82,65,44,2760,10501,5.13629,165,16.9644,0,0,5443,4944523939
336.387,2.97276,45.1861,0,82,65,44,2760,10501,5.13629,165,16.9644,0,0,5443,4947497030
438.133,2.28241,45.1861,0,82,65,44,2760,10501,5.13629,165,16.9644,0,0,5443,4949779761
314.547,3.17917,45.1861,0,82,65,44,2760,10501,5.13629,165,16.9644,0,0,5443,4952959349
328.031,3.0485,45.1861,0,82,65,44,2760,10501,5.13629,165,16.9644,0,0,5443,4956008086
420.677,2.37712,45.1861,0,82,65,44,2760,10501,5.13629,165,16.9644,0,0,5443,4958385522
197.218,5.07054,45.1861,0,82,65,44,2760,10501,5.13629,165,16.9644,0,0,5443,4963456385
551.609,1.81288,45.1861,0,82,65,44,2760,10501,5.13629,165,16.9644,0,0,5443,4965269629
365.992,2.7323,45.1861,0,82,65,44,2760,10501,5.13629,165,16.9644,0,0,5443,4968002250
674.868,1.48177,45.1861,0,82,65,44,2760,10501,5.13629,165,16.9644,0,0,5443,4969484242
332.397,3.00845,45.1861,0,82,65,44,2760,10501,5.13629,165,16.9644,0,0,5443,4972493065
290.161,3.44636,45.1861,0,82,65,44,2760,10501,5.13629,165,16.9644,0,0,5443,4975939748
532.761,1.87701,45.1861,0,82,65,44,2760,10501,5.13629,165,16.9644,0,0,5443,4977817090
321.543,3.11001,45.1861,0,82,65,44,2760,10501,5.13629,165,16.9644,0,0,5443,4980927426
466.955,2.14153,45.1861,0,82,65,44,2760,10501,5.13629,165,16.9644,0,0,5443,4983069257
337.985,2.95871,45.1861,0,82,65,44,2760,10501,5.13629,165,16.9644,0,0,5443,4986028319
280.584,3.56399,45.1861,0,82,65,44,2760,10501,5.13629,165,16.9644,0,0,5443,4989592641
420.251,2.37953,45.1861,0,82,65,44,2760,10501,5.13629,165,16.9644,0,0,5443,4991972529
473.12,2.11363,45.1861,0,82,65,44,2760,10501,5.13629,165,16.9644,0,0,5443,4994086590
236.524,4.22789,45.1861,0,82,65,44,2760,10501,5.13629,165,16.9644,0,0,5443,4998314781
590.54,1.69336,45.1861,0,82,65,44,2760,10501,5.13629,165,16.9644,0,0,5443,5000008424
424.607,2.35512,45.1861,0,82,65,44,2760,10501,5.13629,165,16.9644,0,0,5443,5002363811
424.697,2.35462,45.1861,0,82,65,44,2760,10501,5.13629,165,16.9644,0,0,5443,5004718814
355.625,2.81195,45.1861,0,82,65,44,2760,10501,5.13629,165,16.9644,0,0,5443,5007531188
344.069,2.9064,45.1861,0,82,65,44,2760,10501,5.13629,165,16.9644,0,0,5443,5010437795
456.742,2.18942,45.1861,0,82,65,44,2760,10501,5.13629,165,16.9644,0,0,5443,5012627532
236.002,4.23725,45.1861,0,82,65,44,2760,10501,5.13629,165,16.9644,0,0,5443,5016865242
292.159,3.4228,45.1861,0,82,65,44,2760,10501,5.13629,165,16.9644,0,0,5443,5020288310
636.414,1.5713,45.1861,0,82,65,44,2760,10501,5.13629,165,16.9644,0,0,5443,5021859738
603.221,1.65777,45.1861,0,82,65,44,2760,10501,5.13629,165,16.9644,0,0,5443,5023518034
356.893,2.80196,45.1861,0,82,65,44,2760,10501,5.13629,165,16.9644,0,0,5443,5026320350
330.366,3.02695,45.1861,0,82,65,44,2760,10501,5.13629,165,16.9644,0,0,5443,5029347740
508.379,1.96704,45.1861,0,82,65,44,2760,10501,5.13629,165,16.9644,0,0,5443,5031314989
292.329,3.4208,45.1861,0,82,65,44,2760,10501,5.13629,165,16.9644,0,0,5443,5034736075
410.979,2.43322,45.1861,0,82,65,44,2760,10501,5.13629,165,16.9644,0,0,5443,5037169581
417.333,2.39617,45.1861,0,82,65,44,2760,10501,5.13629,165,16.9644,0,0,5443,5039566190
204.308,4.89457,45.1861,0,82,65,44,2760,10501,5.13629,165,16.9644,0,0,5443,5044461172
340.984,2.93269,45.1861,0,82,65,44,2760,10501,5.13629,165,16.9644,0,0,5443,5047394319
1964.42,0.509055,45.1861,0,82,65,44,2760,10501,5.13629,165,16.9644,0,0,5443,5047903327
454.538,2.20004,45.1861,0,82,65,44,2760,10501,5.13629,165,16.9644,0,0,5443,5050103786
364.782,2.74136,45.1861,0,82,65,44,2760,10501,5.13629,165,16.9644,0,0,5443,5052845455
364.928,2.74027,45.1861,0,82,65,44,2760,10501,5.13629,165,16.9644,0,0,5443,5055586057
369.415,2.70699,45.1861,0,82,65,44,2760,10501,5.13629,165,16.9644,0,0,5443,5058293677
323.479,3.09139,45.1861,0,82,65,44,2760,10501,5.13629,165,16.9644,0,0,5443,5061385079
369.466,2.70661,45.1861,0,82,65,44,2760,10501,5.13629,165,16.9644,0,0,5443,5064092065
353.693,2.82731,45.1861,0,82,65,44,2760,10501,5.13629,165,16.9644,0,0,5443,5066919756
219.691,4.55186,45.1861,0,82,65,44,2760,10501,5.13629,165,16.9644,0,0,5443,5071472150
670.244,1.49199,45.1861,0,82,65,44,2760,10501,5.13629,165,16.9644,0,0,5443,5072964191
434.456,2.30173,45.1861,0,82,65,44,2760,10501,5.13629,165,16.9644,0,0,5443,5075266412
301.955,3.31176,45.1861,0,82,65,44,2760,10501,5.13629,165,16.9644,0,0,5443,5078578466
364.624,2.74255,45.1861,0,82,65,44,2760,10501,5.13629,165,16.9644,0,0,5443,5081321463
375.517,2.66299,45.1861,0,82,65,44,2760,10501,5.13629,165,16.9644,0,0,5443,5083984610
462.007,2.16447,45.1861,0,82,65,44,2760,10501,5.13629,165,16.9644,0,0,5443,5086149423
463.542,2.1573,45.1861,0,82,65,44,2760,10501,5.13629,165,16.9644,0,0,5443,5088307188
335.67,2.97912,45.1861,0,82,65,44,2760,10501,5.13629,165,16.9644,0,0,5443,5091286539
431.861,2.31556,45.1861,0,82,65,44,2760,10501,5.13629,165,16.9644,0,0,5443,5093602501
213.403,4.68598,45.1861,0,82,65,44,2760,10501,5.13629,165,16.9644,0,0,5443,5098288813
618.184,1.61764,45.1861,0,82,65,44,2760,10501,5.13629,165,16.9644,0,0,5443,5099906781
534.815,1.8698,45.1861,0,82,65,44,2760,10501,5.13629,165,16.9644,0,0,5443,5101776988
282.361,3.54157,45.1861,0,82,65,44,2760,10501,5.13629,165,16.9644,0,0,5443,5105318771
411.836,2.42815,45.1861,0,82,65,44,2760,10501,5.13629,165,16.9644,0,0,5443,5107747267
524.503,1.90656,45.1861,0,82,65,44,2760,10501,5.13629,165,16.9644,0,0,5443,5109654244
299.971,3.33366,45.1861,0,82,65,44,2760,10501,5.13629,165,16.9644,0,0,5443,5112988155
240.041,4.16596,45.1861,0,82,65,44,2760,10501,5.13629,165,16.9644,0,0,5443,5117154555
907.229,1.10226,45.1861,0,82,65,44,2760,10501,5.13629,165,16.9644,0,0,5443,5118257188
446.985,2.23721,45.1861,0,82,65,44,2760,10501,5.13629,165,16.9644,0,0,5443,5120494687
207.907,4.80983,45.1861,0,82,65,44,2760,10501,5.13629,165,16.9644,0,0,5443,5125304839
770.088,1.29855,45.1861,0,82,65,44,2760,10501,5.13629,165,16.9644,0,0,5443,5126603767
513.16,1.94871,45.1861,0,82,65,44,2760,10501,5.13629,165,16.9644,0,0,5443,5128552670
320.046,3.12455,45.1861,0,82,65,44,2760,10501,5.13629,165,16.9644,0,0,5443,5131677554
444.086,2.25182,45.1861,0,82,65,44,2760,10501,5.13629,165,16.9644,0,0,5443,5133929630
327.182,3.0564,45.1861,0,82,65,44,2760,10501,5.13629,165,16.9644,0,0,5443,5136986387
309.759,3.22831,45.1861,0,82,65,44,2760,10501,5.13629,165,16.9644,0,0,5443,5140215015
340.901,2.93341,45.1861,0,82,65,44,2760,10501,5.13629,165,16.9644,0,0,5443,5143148883
364.839,2.74094,45.1861,0,82,65,44,2760,10501,5.13629,165,16.9644,0,0,5443,5145890292
652.163,1.53336,45.1861,0,82,65,44,2760,10501,5.13629,165,16.9644,0,0,5443,5147424084
207.606,4.81683,45.1861,0,82,65,44,2760,10501,5.13629,165,16.9644,0,0,5443,5152241256
564.888,1.77026,45.1861,0,82,65,44,2760,10501,5.13629,165,16.9644,0,0,5443,5154011941
505.802,1.97706,45.1861,0,82,65,44,2760,10501,5.13629,165,16.9644,0,0,5443,5155989267
339.422,2.94619,45.1861,0,82,65,44,2760,10501,5.13629,165,16.9644,0,0,5443,5158935722
354.748,2.8189,45.1861,0,82,65,44,2760,10501,5.13629,165,16.9644,0,0,5443,5161754798
394.632,2.53401,45.1861,0,82,65,44,2760,10501,5.13629,165,16.9644,0,0,5443,5164289191
353.746,2.82688,45.1861,0,82,65,44,2760,10501,5.13629,165,16.9644,0,0,5443,5167116383
328.508,3.04406,45.1861,0,82,65,44,2760,10501,5.13629,165,16.9644,0,0,5443,5170160783
362.583,2.75799,45.1861,0,82,65,44,2760,10501,5.13629,165,16.9644,0,0,5443,5172919126
410.092,2.43848,45.1861,0,82,65,44,2760,10501,5.13629,165,16.9644,0,0,5443,5175357939
280.33,3.56723,45.1861,0,82,65,44,2760,10501,5.13629,165,16.9644,0,0,5443,5178925742
398.23,2.51111,45.1861,0,82,65,44,2760,10501,5.13629,165,16.9644,0,0,5443,5181437144
552.694,1.80932,45.1861,0,82,65,44,2760,10501,5.13629,165,16.9644,0,0,5443,5183246811
264.378,3.78246,45.1861,0,82,65,44,2760,10501,5.13629,165,16.9644,0,0,5443,5187029506
562.341,1.77828,45.1861,0,82,65,44,2760,10501,5.13629,165,16.9644,0,0,5443,5188808239
372.779,2.68255,45.1861,0,82,65,44,2760,10501,5.13629,165,16.9644,0,0,5443,5191491089
327.694,3.05163,45.1861,0,82,65,44,2760,10501,5.13629,165,16.9644,0,0,5443,5194543047
458.807,2.17956,45.1861,0,82,65,44,2760,10501,5.13629,165,16.9644,0,0,5443,5196722967
332.673,3.00596,45.1861,0,82,65,44,2760,10501,5.13629,165,16.9644,0,0,5443,5199729184
328.859,3.04081,45.1861,0,82,65,44,2760,10501,5.13629,165,16.9644,0,0,5443,5202770411
255.075,3.92042,45.1861,0,82,65,44,2760,10501,5.13629,165,16.9644,0,0,5443,5206691447
544.481,1.83661,45.1861,0,82,65,44,2760,10501,5.13629,165,16.9644,0,0,5443,5208528220
347.669,2.8763,45.1861,0,82,65,44,2760,10501,5.13629,165,16.9644,0,0,5443,5211404760
500.293,1.99883,45.1861,0,82,65,44,2760,10501,5.13629,165,16.9644,0,0,5443,5213403904
342.898,2.91632,45.1861,0,82,65,44,2760,10501,5.13629,165,16.9644,0,0,5443,5216320521
212.47,4.70654,45.1861,0,82,65,44,2760,10501,5.13629,165,16.9644,0,0,5443,5221027680
335.968,2.97648,45.1861,0,82,65,44,2760,10501,5.13629,165,16.9644,0,0,5443,5224004444
565.58,1.7681,45.1861,0,82,65,44,2760,10501,5.13629,165,16.9644,0,0,5443,5225772859
397.534,2.51551,45.1861,0,82,65,44,2760,10501,5.13629,165,16.9644,0,0,5443,5228288877
415.111,2.40899,45.1861,0,82,65,44,2760,10501,5.13629,165,16.9644,0,0,5443,5230698198
287.59,3.47717,45.1861,0,82,65,44,2760,10501,5.13629,165,16.9644,0,0,5443,5234175652
455.242,2.19663,45.1861,0,82,65,44,2760,10501,5.13629,165,16.9644,0,0,5443,5236372707
463.331,2.15828,45.1861,0,82,65,44,2760,10501,5.13629,165,16.9644,0,0,5443,5238531203
293.585,3.40616,45.1861,0,82,65,44,2760,10501,5.13629,165,16.9644,0,0,5443,5241937683
244.448,4.09085,45.1861,0,82,65,44,2760,10501,5.13629,165,16.9644,0,0,5443,5246028859
2664.25,0.37534,45.1861,0,82,65,44,2760,10501,5.13629,165,16.9644,0,0,5443,5246404295
399.072,2.50582,45.1861,0,82,65,44,2760,10501,5.13629,165,16.9644,0,0,5443,5248910543
354.523,2.82069,45.1861,0,82,65,44,2760,10501,5.13629,165,16.9644,0,0,5443,5251731503
389.121,2.56989,45.1861,0,82,65,44,2760,10501,5.13629,165,16.9644,0,0,5443,5254301744
358.398,2.79019,45.1861,0,82,65,44,2760,10501,5.13629,165,16.9644,0,0,5443,5257092376
250.538,3.9914,45.1861,0,82,65,44,2760,10501,5.13629,165,16.9644,0,0,5443,5261084184
532.134,1.87923,45.1861,0,82,65,44,2760,10501,5.13629,165,16.9644,0,0,5443,5262963738
433.377,2.30746,45.1861,0,82,65,44,2760,10501,5.13629,165,16.9644,0,0,5443,5265271758
406.991,2.45705,45.1861,0,82,65,44,2760,10501,5.13629,165,16.9644,0,0,5443,5267729360
318.186,3.14282,45.1861,0,82,65,44,2760,10501,5.13629,165,16.9644,0,0,5443,5270872504
380.263,2.62976,45.1861,0,82,65,44,2760,10501,5.13629,165,16.9644,0,0,5443,5273502525
382.119,2.61698,45.1861,0,82,65,44,2760,10501,5.13629,165,16.9644,0,0,5443,5276119825
425.443,2.35049,45.1861,0,82,65,44,2760,10501,5.13629,165,16.9644,0,0,5443,5278470779
282.131,3.54446,45.1861,0,82,65,44,2760,10501,5.13629,165,16.9644,0,0,5443,5282015524
541.922,1.84528,45.1861,0,82,65,44,2760,10501,5.13629,165,16.9644,0,0,5443,5283861144
265.171,3.77116,45.1861,0,82,65,44,2760,10501,5.13629,165,16.9644,0,0,5443,5287632703
479.103,2.08723,45.1861,0,82,65,44,2760,10501,5.13629,165,16.9644,0,0,5443,5289720466
418.999,2.38664,45.1861,0,82,65,44,2760,10501,5.13629,165,16.9644,0,0,5443,5292107422
372.929,2.68147,45.1861,0,82,65,44,2760,10501,5.13629,165,16.9644,0,0,5443,5294789185
399.526,2.50297,45.1861,0,82,65,44,2760,10501,5.13629,165,16.9644,0,0,5443,5297292510
333.976,2.99423,45.1861,0,82,65,44,2760,10501,5.13629,165,16.9644,0,0,5443,5300287063
422.982,2.36417,45.1861,0,82,65,44,2760,10501,5.13629,165,16.9644,0,0,5443,5302651556
317.874,3.1459,45.1861,0,82,65,44,2760,10501,5.13629,165,16.9644,0,0,5443,5305797931
467.848,2.13745,45.1861,0,82,65,44,2760,10501,5.13629,165,16.9644,0,0,5443,5307935570
277.517,3.60338,45.1861,0,82,65,44,2760,10501,5.13629,165,16.9644,0,0,5443,5311539394
234.214,4.26961,45.1861,0,82,65,44,2760,10501,5.13629,165,16.9644,0,0,5443,5315809441
566.183,1.76621,45.1861,0,82,65,44,2760,10501,5.13629,165,16.9644,0,0,5443,5317575895
524.073,1.90813,45.1861,0,82,65,44,2760,10501,5.13629,165,16.9644,0,0,5443,5319484258
280.542,3.56453,45.1861,0,82,65,44,2760,10501,5.13629,165,16.9644,0,0,5443,5323049118
577.575,1.73138,45.1861,0,82,65,44,2760,10501,5.13629,165,16.9644,0,0,5443,5324780811
314.087,3.18383,45.1861,0,82,65,44,2760,10501,5.13629,165,16.9644,0,0,5443,5327965072
495.909,2.0165,45.1861,0,82,65,44,2760,10501,5.13629,165,16.9644,0,0,5443,5329981813
374.275,2.67183,45.1861,0,82,65,44,2760,10501,5.13629,165,16.9644,0,0,5443,5332653932
351.722,2.84315,45.1861,0,82,65,44,2760,10501,5.13629,165,16.9644,0,0,5443,5335497624
355.166,2.81558,45.1861,0,82,65,44,2760,10501,5.13629,165,16.9644,0,0,5443,5338313507
280.434,3.5659,45.1861,0,82,65,44,2760,10501,5.13629,165,16.9644,0,0,5443,5341879743
278.582,3.58961,45.1861,0,82,65,44,2760,10501,5.13629,165,16.9644,0,0,5443,5345469739
693.342,1.44229,45.1861,0,82,65,44,2760,10501,5.13629,165,16.9644,0,0,5443,5346912480
532.447,1.87812,45.1861,0,82,65,44,2760,10501,5.13629,165,16.9644,0,0,5443,5348790803
390.177,2.56294,45.1861,0,82,65,44,2760,10501,5.13629,165,16.9644,0,0,5443,5351356707
376.735,2.65439,44.7471,0,82,65,44,2760,10501,5.13629,165,16.9519,0,0,5434,5354008806
333.539,2.99815,44.7471,0,82,65,44,2760,10501,5.13629,165,16.9519,0,0,5434,5357007224
320.315,3.12192,44.7471,0,82,65,44,2760,10501,5.13629,165,16.9519,0,0,5434,5360129493
445.815,2.24308,44.7471,0,82,65,44,2760,10501,5.13629,165,16.9519,0,0,5434,5362372886
334.113,2.993,44.7471,0,82,65,44,2760,10501,5.13629,165,16.9519,0,0,5434,5365366179
231.729,4.31539,44.7471,0,82,65,44,2760,10501,5.13629,165,16.9519,0,0,5434,5369681911
616.644,1.62168,44.7471,0,82,65,44,2760,10501,5.13629,165,16.9519,0,0,5434,5371303898
519.988,1.92312,44.7471,0,82,65,44,2760,10501,5.13629,165,16.9519,0,0,5434,5373227319
361.202,2.76853,44.7471,0,82,65,44,2760,10501,5.13629,165,16.9519,0,0,5434,5375996229
389.475,2.56756,44.7471,0,82,65,44,2760,10501,5.13629,165,16.9519,0,0,5434,5378564095
296.981,3.36722,44.7471,0,82,65,44,2760,10501,5.13629,165,16.9519,0,0,5434,5381931698
568.408,1.7593,44.7471,0,82,65,44,2760,10501,5.13629,165,16.9519,0,0,5434,5383691498
388.612,2.57326,44.7471,0,82,65,44,2760,10501,5.13629,165,16.9519,0,0,5434,5386265018
352.717,2.83513,44.7471,0,82,65,44,2760,10501,5.13629,165,16.9519,0,0,5434,5389100652
376.315,2.65735,44.7471,0,82,65,44,2760,10501,5.13629,165,16.9519,0,0,5434,5391758203
251.151,3.98166,44.7471,0,82,65,44,2760,10501,5.13629,165,16.9519,0,0,5434,5395740221
570.456,1.75298,44.7471,0,82,65,44,2760,10501,5.13629,165,16.9519,0,0,5434,5397493502
426.227,2.34617,44.7471,0,82,65,44,2760,10501,5.13629,165,16.9519,0,0,5434,5399840081
331.377,3.01771,44.7471,0,82,65,44,2760,10501,5.13629,165,16.9519,0,0,5434,5402858019
413.119,2.42061,44.7471,0,82,65,44,2760,10501,5.13629,165,16.9519,0,0,5434,5405278803
258.832,3.8635,44.7471,0,82,65,44,2760,10501,5.13629,165,16.9519,0,0,5434,5409142692
574.217,1.7415,44.7471,0,82,65,44,2760,10501,5.13629,165,16.9519,0,0,5434,5410884472
429.448,2.32857,44.7471,0,82,65,44,2760,10501,5.13629,165,16.9519,0,0,5434,5413213580
310.779,3.21772,44.7471,0,82,65,44,2760,10501,5.13629,165,16.9519,0,0,5434,5416431505
481.04,2.07883,44.7471,0,82,65,44,2760,10501,5.13629,165,16.9519,0,0,5434,5418510547
202.256,4.94423,44.7471,0,82,65,44,2760,10501,5.13629,165,16.9519,0,0,5434,5423455165
341.405,2.92907,44.7471,0,82,65,44,2760,10501,5.13629,165,16.9519,0,0,5434,5426384552
835.85,1.19639,44.7471,0,82,65,44,2760,10501,5.13629,165,16.9519,0,0,5434,5427581362
765.158,1.30692,44.7471,0,82,65,44,2760,10501,5.13629,165,16.9519,0,0,5434,5428888675
319.729,3.12764,44.7471,0,82,65,44,2760,10501,5.13629,165,16.9519,0,0,5434,5432016521
335.023,2.98487,44.7471,0,82,65,44,2760,10501,5.13629,165,16.9519,0,0,5434,5435001977
372.936,2.68143,44.7471,0,82,65,44,2760,10501,5.13629,165,16.9519,0,0,5434,5437683568
397.499,2.51573,44.7471,0,82,65,44,2760,10501,5.13629,165,16.9519,0,0,5434,5440199527
354.326,2.82226,44.7471,0,82,65,44,2760,10501,5.13629,165,16.9519,0,0,5434,5443022094
420.933,2.37568,44.7471,0,82,65,44,2760,10501,5.13629,165,16.9519,0,0,5434,5445398260
395.416,2.52898,44.7471,0,82,65,44,2760,10501,5.13629,165,16.9519,0,0,5434,5447927394
288.803,3.46257,44.7471,0,82,65,44,2760,10501,5.13629,165,16.9519,0,0,5434,5451390279
371.569,2.69129,44.7471,0,82,65,44,2760,10501,5.13629,165,16.9519,0,0,5434,5454082005
418.632,2.38873,44.7471,0,82,65,44,2760,10501,5.13629,165,16.9519,0,0,5434,5456471037
472.142,2.11801,44.7471,0,82,65,44,2760,10501,5.13629,165,16.9519,0,0,5434,5458589339
382.143,2.61682,44.7471,0,82,65,44,2760,10501,5.13629,165,16.9519,0,0,5434,5461206562
327.221,3.05604,44.7471,0,82,65,44,2760,10501,5.13629,165,16.9519,0,0,5434,5464262973
372.66,2.68341,44.7471,0,82,65,44,2760,10501,5.13629,165,16.9519,0,0,5434,5466946650
205.547,4.86508,44.7471,0,82,65,44,2760,10501,5.13629,165,16.9519,0,0,5434,5471812083
400.759,2.49527,44.7471,0,82,65,44,2760,10501,5.13629,165,16.9519,0,0,5434,5474307783
347.01,2.88176,44.7471,0,82,65,44,2760,10501,5.13629,165,16.9519,0,0,5434,5477189755
913.067,1.09521,44.7471,0,82,65,44,2760,10501,5.13629,165,16.9519,0,0,5434,5478285253
181.029,5.52397,44.7471,0,82,65,44,2760,10501,5.13629,165,16.9519,0,0,5434,5483809776
685.676,1.45841,44.7471,0,82,65,44,2760,10501,5.13629,165,16.9519,0,0,5434,5485268537
545.326,1.83376,44.7471,0,82,65,44,2760,10501,5.13629,165,16.9519,0,0,5434,5487102675
331.852,3.01339,44.7471,0,82,65,44,2760,10501,5.13629,165,16.9519,0,0,5434,5490116488
534.755,1.87002,44.7471,0,82,65,44,2760,10501,5.13629,165,16.9519,0,0,5434,5491987013
343.514,2.91109,44.7471,0,82,65,44,2760,10501,5.13629,165,16.9519,0,0,5434,5494898438
274.362,3.64481,44.7471,0,82,65,44,2760,10501,5.13629,165,16.9519,0,0,5434,5498543580
513.834,1.94615,44.7471,0,82,65,44,2760,10501,5.13629,165,16.9519,0,0,5434,5500490059
280.066,3.57058,44.7471,0,82,65,44,2760,10501,5.13629,165,16.9519,0,0,5434,5504061141
520.081,1.92278,44.7471,0,82,65,44,2760,10501,5.13629,165,16.9519,0,0,5434,5505984042
350.29,2.85478,44.7471,0,82,65,44,2760,10501,5.13629,165,16.9519,0,0,5434,5508839292
306.644,3.26111,44.7471,0,82,65,44,2760,10501,5.13629,165,16.9519,0,0,5434,5512100816
549.659,1.81931,44.7471,0,82,65,44,2760,10501,5.13629,165,16.9519,0,0,5434,5513920329
377.973,2.64569,44.7471,0,82,65,44,2760,10501,5.13629,165,16.9519,0,0,5434,5516566582
277.003,3.61007,44.7471,0,82,65,44,2760,10501,5.13629,165,16.9519,0,0,5434,5520176857
518.438,1.92887,44.7471,0,82,65,44,2760,10501,5.13629,165,16.9519,0,0,5434,5522106105
368.617,2.71284,44.7471,0,82,65,44,2760,10501,5.13629,165,16.9519,0,0,5434,5524819302
368.331,2.71495,44.7471,0,82,65,44,2760,10501,5.13629,165,16.9519,0,0,5434,5527534567
335.261,2.98275,44.7471,0,82,65,44,2760,10501,5.13629,165,16.9519,0,0,5434,5530517686
483.887,2.0666,44.7471,0,82,65,44,2760,10501,5.13629,165,16.9519,0,0,5434,5532584419
360.656,2.77273,44.7471,0,82,65,44,2760,10501,5.13629,165,16.9519,0,0,5434,5535357417
349.776,2.85897,44.7471,0,82,65,44,2760,10501,5.13629,165,16.9519,0,0,5434,5538216734
371.585,2.69118,44.7471,0,82,65,44,2760,10501,5.13629,165,16.9519,0,0,5434,5540908258
382.889,2.61172,44.7471,0,82,65,44,2760,10501,5.13629,165,16.9519,0,0,5434,5543520288
283.597,3.52613,44.7471,0,82,65,44,2760,10501,5.13629,165,16.9519,0,0,5434,5547046763
618.456,1.61693,44.7471,0,82,65,44,2760,10501,5.13629,165,16.9519,0,0,5434,5548664106
337.314,2.9646,44.7471,0,82,65,44,2760,10501,5.13629,165,16.9519,0,0,5434,5551628984
303.954,3.28997,44.7471,0,82,65,44,2760,10501,5.13629,165,16.9519,0,0,5434,5554919307
336.034,2.97589,44.7471,0,82,65,44,2760,10501,5.13629,165,16.9519,0,0,5434,5557895484
540.711,1.84942,44.7471,0,82,65,44,2760,10501,5.13629,165,16.9519,0,0,5434,5559745373
369.744,2.70457,44.7471,0,82,65,44,2760,10501,5.13629,165,16.9519,0,0,5434,5562450109
373.936,2.67425,44.7471,0,82,65,44,2760,10501,5.13629,165,16.9519,0,0,5434,5565124824
396.864,2.51976,44.7471,0,82,65,44,2760,10501,5.13629,165,16.9519,0,0,5434,5567644851
344.439,2.90327,44.7471,0,82,65,44,2760,10501,5.13629,165,16.9519,0,0,5434,5570548430
403.917,2.47576,44.7471,0,82,65,44,2760,10501,5.13629,165,16.9519,0,0,5434,5573024734
340.763,2.93459,44.7471,0,82,65,44,2760,10501,5.13629,165,16.9519,0,0,5434,5575959756
409.763,2.44044,44.7471,0,82,65,44,2760,10501,5.13629,165,16.9519,0,0,5434,5578400204
339.982,2.94133,44.7471,0,82,65,44,2760,10501,5.13629,165,16.9519,0,0,5434,5581341899
316.081,3.16374,44.7471,0,82,65,44,2760,10501,5.13629,165,16.9519,0,0,5434,5584506140
384.104,2.60346,44.7471,0,82,65,44,2760,10501,5.13629,165,16.9519,0,0,5434,5587109834
509.49,1.96275,44.7471,0,82,65,44,2760,10501,5.13629,165,16.9519,0,0,5434,5589072958
369.036,2.70976,44.7471,0,82,65,44,2760,10501,5.13629,165,16.9519,0,0,5434,5591783337
342.327,2.92119,44.7471,0,82,65,44,2760,10501,5.13629,165,16.9519,0,0,5434,5594704840
353.176,2.83145,44.7471,0,82,65,44,2760,10501,5.13629,165,16.9519,0,0,5434,5597536493
405.392,2.46675,44.7471,0,82,65,44,2760,10501,5.13629,165,16.9519,0,0,5434,5600003566
358.491,2.78947,44.7471,0,82,65,44,2760,10501,5.13629,165,16.9519,0,0,5434,5602793391
323.233,3.09374,44.7471,0,82,65,44,2760,10501,5.13629,165,16.9519,0,0,5434,5605887630
519.206,1.92602,44.7471,0,82,65,44,2760,10501,5.13629,165,16.9519,0,0,5434,5607813955
255.254,3.91767,44.7471,0,82,65,44,2760,10501,5.13629,165,16.9519,0,0,5434,5611732096
600.411,1.66553,44.7471,0,82,65,44,2760,10501,5.13629,165,16.9519,0,0,5434,5613397806
394.419,2.53537,44.7471,0,82,65,44,2760,10501,5.13629,165,16.9519,0,0,5434,5615933459
355.771,2.8108,44.7471,0,82,65,44,2760,10501,5.13629,165,16.9519,0,0,5434,5618744736
345.642,2.89316,44.7471,0,82,65,44,2760,10501,5.13629,165,16.9519,0,0,5434,5621638142
301.8,3.31346,44.7471,0,82,65,44,2760,10501,5.13629,165,16.9519,0,0,5434,5624952167
480.731,2.08017,44.7471,0,82,65,44,2760,10501,5.13629,165,16.9519,0,0,5434,5627032593
435.779,2.29474,44.7471,0,82,65,44,2760,10501,5.13629,165,16.9519,0,0,5434,5629327612
318.871,3.13607,44.7471,0,82,65,44,2760,10501,5.13629,165,16.9519,0,0,5434,5632463987
392.745,2.54618,44.7471,0,82,65,44,2760,10501,5.13629,165,16.9519,0,0,5434,5635010496
271.168,3.68775,44.7471,0,82,65,44,2760,10501,5.13629,165,16.9519,0,0,5434,5638698611
517.898,1.93088,44.7471,0,82,65,44,2760,10501,5.13629,165,16.9519,0,0,5434,5640629820
413.645,2.41753,44.7471,0,82,65,44,2760,10501,5.13629,165,16.9519,0,0,5434,5643047651
399.45,2.50344,44.7471,0,82,65,44,2760,10501,5.13629,165,16.9519,0,0,5434,5645551409
295.963,3.3788,44.7471,0,82,65,44,2760,10501,5.13629,165,16.9519,0,0,5434,5648930648
495.687,2.0174,44.7471,0,82,65,44,2760,10501,5.13629,165,16.9519,0,0,5434,5650948370
315.483,3.16974,44.7471,0,82,65,44,2760,10501,5.13629,165,16.9519,0,0,5434,5654118448
457.429,2.18613,44.7471,0,82,65,44,2760,10501,5.13629,165,16.9519,0,0,5434,5656304791
347.889,2.87448,44.7471,0,82,65,44,2760,10501,5.13629,165,16.9519,0,0,5434,5659179561
311.584,3.20941,44.7471,0,82,65,44,2760,10501,5.13629,165,16.9519,0,0,5434,5662389313
282.877,3.53511,44.7471,0,82,65,44,2760,10501,5.13629,165,16.9519,0,0,5434,5665924807
666.046,1.5014,44.7471,0,82,65,44,2760,10501,5.13629,165,16.9519,0,0,5434,5667426492
395.247,2.53007,44.7471,0,82,65,44,2760,10501,5.13629,165,16.9519,0,0,5434,5669956856
369.885,2.70354,44.7471,0,82,65,44,2760,10501,5.13629,165,16.9519,0,0,5434,5672660774
348.334,2.87081,44.7471,0,82,65,44,2760,10501,5.13629,165,16.9519,0,0,5434,5675531813
346.087,2.88944,44.7471,0,82,65,44,2760,10501,5.13629,165,16.9519,0,0,5434,5678421699
391.817,2.55221,44.7471,0,82,65,44,2760,10501,5.13629,165,16.9519,0,0,5434,5680974151
443.984,2.25234,44.7471,0,82,65,44,2760,10501,5.13629,165,16.9519,0,0,5434,5683226804
252.019,3.96796,44.7471,0,82,65,44,2760,10501,5.13629,165,16.9519,0,0,5434,5687195245
598.976,1.66952,44.7471,0,82,65,44,2760,10501,5.13629,165,16.9519,0,0,5434,5688864955
155.709,6.42224,44.7471,0,82,65,44,2760,10501,5.13629,165,16.9519,0,0,5434,5695287643
627.225,1.59432,44.7471,0,82,65,44,2760,10501,5.13629,165,16.9519,0,0,5434,5696882341
487.466,2.05142,44.7471,0,82,65,44,2760,10501,5.13629,165,16.9519,0,0,5434,5698933987
230.865,4.33154,44.7471,0,82,65,44,2760,10501,5.13629,165,16.9519,0,0,5434,5703266017
1118.15,0.894337,44.7471,0,82,65,44,2760,10501,5.13629,165,16.9519,0,0,5434,5704160605
409.369,2.44278,44.7471,0,82,65,44,2760,10501,5.13629,165,16.9519,0,0,5434,5706603851
302.315,3.30781,44.7471,0,82,65,44,2760,10501,5.13629,165,16.9519,0,0,5434,5709911982
500.353,1.99859,44.7471,0,82,65,44,2760,10501,5.13629,165,16.9519,0,0,5434,5711910895
316.592,3.15863,44.7471,0,82,65,44,2760,10501,5.13629,165,16.9519,0,0,5434,5715069780
467.094,2.1409,44.7471,0,82,65,44,2760,10501,5.13629,165,16.9519,0,0,5434,5717211122
267.492,3.73842,44.7471,0,82,65,44,2760,10501,5.13629,165,16.9519,0,0,5434,5720949863
462.813,2.1607,44.7471,0,82,65,44,2760,10501,5.13629,165,16.9519,0,0,5434,5723110917
523.767,1.90925,44.7471,0,82,65,44,2760,10501,5.13629,165,16.9519,0,0,5434,5725020577
340.38,2.9379,44.7471,0,82,65,44,2760,10501,5.13629,165,16.9519,0,0,5434,5727958744
394.94,2.53203,44.7471,0,82,65,44,2760,10501,5.13629,165,16.9519,0,0,5434,5730491050
367.987,2.71749,44.7471,0,82,65,44,2760,10501,5.13629,165,16.9519,0,0,5434,5733208863
359.085,2.78485,44.7471,0,82,65,44,2760,10501,5.13629,165,16.9519,0,0,5434,5735993986
313.338,3.19144,44.7471,0,82,65,44,2760,10501,5.13629,165,16.9519,0,0,5434,5739185757
375.422,2.66367,44.7471,0,82,65,44,2760,10501,5.13629,165,16.9519,0,0,5434,5741849846
236.796,4.22305,44.7471,0,82,65,44,2760,10501,5.13629,165,16.9519,0,0,5434,5746073191
1223.57,0.817278,44.7471,0,82,65,44,2760,10501,5.13629,165,16.9519,0,0,5434,5746890805
326.699,3.06092,44.7471,0,82,65,44,2760,10501,5.13629,165,16.9519,0,0,5434,5749952129
346.622,2.88499,44.7471,0,82,65,44,2760,10501,5.13629,165,16.9519,0,0,5434,5752837515
740.22,1.35095,44.7471,0,82,65,44,2760,10501,5.13629,165,16.9519,0,0,5434,5754188801
328.108,3.04778,44.7471,0,82,65,44,2760,10501,5.13629,165,16.9519,0,0,5434,5757236874
355.889,2.80986,44.7471,0,82,65,44,2760,10501,5.13629,165,16.9519,0,0,5434,5760047056
381.608,2.62049,44.7471,0,82,65,44,2760,10501,5.13629,165,16.9519,0,0,5434,5762667942
390.938,2.55795,44.7471,0,82,65,44,2760,10501,5.13629,165,16.9519,0,0,5434,5765226134
358.873,2.7865,44.7471,0,82,65,44,2760,10501,5.13629,165,16.9519,0,0,5434,5768013036
288.448,3.46683,44.7471,0,82,65,44,2760,10501,5.13629,165,16.9519,0,0,5434,5771480249
287.147,3.48254,44.7471,0,82,65,44,2760,10501,5.13629,165,16.9519,0,0,5434,5774963222
704.254,1.41994,44.7471,0,82,65,44,2760,10501,5.13629,165,16.9519,0,0,5434,5776383491
391.22,2.5561,44.7471,0,82,65,44,2760,10501,5.13629,165,16.9519,0,0,5434,5778939885
313.45,3.1903,44.7471,0,82,65,44,2760,10501,5.13629,165,16.9519,0,0,5434,5782130492
495.947,2.01635,44.7471,0,82,65,44,2760,10501,5.13629,165,16.9519,0,0,5434,5784147089
357.403,2.79796,44.7471,0,82,65,44,2760,10501,5.13629,165,16.9519,0,0,5434,5786945356
502.97,1.98819,44.7471,0,82,65,44,2760,10501,5.13629,165,16.9519,0,0,5434,5788933981
358.752,2.78744,44.7471,0,82,65,44,2760,10501,5.13629,165,16.9519,0,0,5434,5791721787
375.074,2.66614,44.7471,0,82,65,44,2760,10501,5.13629,165,16.9519,0,0,5434,5794388300
209.137,4.78157,44.7471,0,82,65,44,2760,10501,5.13629,165,16.9519,0,0,5434,5799170124
567.057,1.76349,44.7471,0,82,65,44,2760,10501,5.13629,165,16.9519,0,0,5434,5800934107
436.575,2.29056,44.7471,0,82,65,44,2760,10501,5.13629,165,16.9519,0,0,5434,5803225251
476.366,2.09922,44.7471,0,82,65,44,2760,10501,5.13629,165,16.9519,0,0,5434,5805324572
355.521,2.81278,44.7471,0,82,65,44,2760,10501,5.13629,165,16.9519,0,0,5434,5808137657
383.553,2.6072,44.7471,0,82,65,44,2760,10501,5.13629,165,16.9519,0,0,5434,5810745168
278.81,3.58668,44.7471,0,82,65,44,2760,10501,5.13629,165,16.9519,0,0,5434,5814332183
543.821,1.83884,44.7471,0,82,65,44,2760,10501,5.13629,165,16.9519,0,0,5434,5816171351
268.245,3.72793,44.7471,0,82,65,44,2760,10501,5.13629,165,16.9519,0,0,5434,5819899727
633.967,1.57737,44.7471,0,82,65,44,2760,10501,5.13629,165,16.9519,0,0,5434,5821477318
265.242,3.77014,44.7471,0,82,65,44,2760,10501,5.13629,165,16.9519,0,0,5434,5825247714
303.473,3.29519,44.7471,0,82,65,44,2760,10501,5.13629,165,16.9519,0,0,5434,5828543268
671.933,1.48824,44.7471,0,82,65,44,2760,10501,5.13629,165,16.9519,0,0,5434,5830031808
262.68,3.80691,44.7471,0,82,65,44,2760,10501,5.13629,165,16.9519,0,0,5434,5833839225
446.582,2.23923,44.7471,0,82,65,44,2760,10501,5.13629,165,16.9519,0,0,5434,5836078618
494.214,2.02342,44.7471,0,82,65,44,2760,10501,5.13629,165,16.9519,0,0,5434,5838102503
358.696,2.78787,44.7471,0,82,65,44,2760,10501,5.13629,165,16.9519,0,0,5434,5840890722
243.415,4.10821,44.7471,0,82,65,44,2760,10501,5.13629,165,16.9519,0,0,5434,5844999428
219.583,4.55409,44.7471,0,82,65,44,2760,10501,5.13629,165,16.9519,0,0,5434,5849553870
752.366,1.32914,44.7471,0,82,65,44,2760,10501,5.13629,165,16.9519,0,0,5434,5850883309
263.917,3.78907,44.7471,0,82,65,44,2760,10501,5.13629,165,16.9519,0,0,5434,5854675071
704.354,1.41974,46.2516,0,85,65,44,2760,10501,5.13629,165,16.9486,0,0,5444,5856092773
425.375,2.35087,46.2516,0,85,65,44,2760,10501,5.13629,165,16.9486,0,0,5444,5858443939
309.682,3.22912,46.2516,0,85,65,44,2760,10501,5.13629,165,16.9486,0,0,5444,5861673538
377.618,2.64818,46.2516,0,85,65,44,2760,10501,5.13629,165,16.9486,0,0,5444,5864322031
572.205,1.74763,46.2516,0,85,65,44,2760,10501,5.13629,165,16.9486,0,0,5444,5866069965
337.96,2.95893,46.2516,0,85,65,44,2760,10501,5.13629,165,16.9486,0,0,5444,5869029228
443.692,2.25382,46.2516,0,85,65,44,2760,10501,5.13629,165,16.9486,0,0,5444,5871283323
261.695,3.82123,46.2516,0,85,65,44,2760,10501,5.13629,165,16.9486,0,0,5444,5875104875
567.899,1.76088,46.2516,0,85,65,44,2760,10501,5.13629,165,16.9486,0,0,5444,5876866088
396.007,2.52521,46.2516,0,85,65,44,2760,10501,5.13629,165,16.9486,0,0,5444,5879391472
287.598,3.47708,46.2516,0,85,65,44,2760,10501,5.13629,165,16.9486,0,0,5444,5882868964
527.251,1.89663,46.2516,0,85,65,44,2760,10501,5.13629,165,16.9486,0,0,5444,5884766047
353.357,2.83,46.2516,0,85,65,44,2760,10501,5.13629,165,16.9486,0,0,5444,5887596277
407.713,2.45271,46.2516,0,85,65,44,2760,10501,5.13629,165,16.9486,0,0,5444,5890049340
372.714,2.68302,46.2516,0,85,65,44,2760,10501,5.13629,165,16.9486,0,0,5444,5892732604
283.172,3.53143,46.2516,0,85,65,44,2760,10501,5.13629,165,16.9486,0,0,5444,5896264531
568.962,1.75759,46.2516,0,85,65,44,2760,10501,5.13629,165,16.9486,0,0,5444,5898022369
373.453,2.67772,46.2516,0,85,65,44,2760,10501,5.13629,165,16.9486,0,0,5444,5900700353
350.595,2.8523,46.2516,0,85,65,44,2760,10501,5.13629,165,16.9486,0,0,5444,5903553161
372.084,2.68756,46.2516,0,85,65,44,2760,10501,5.13629,165,16.9486,0,0,5444,5906241021
215.664,4.63684,46.2516,0,85,65,44,2760,10501,5.13629,165,16.9486,0,0,5444,5910878417
541.821,1.84563,46.2516,0,85,65,44,2760,10501,5.13629,165,16.9486,0,0,5444,5912724162
567.313,1.76269,46.2516,0,85,65,44,2760,10501,5.13629,165,16.9486,0,0,5444,5914487231
394.467,2.53507,46.2516,0,85,65,44,2760,10501,5.13629,165,16.9486,0,0,5444,5917022365
329.349,3.03629,46.2516,0,85,65,44,2760,10501,5.13629,165,16.9486,0,0,5444,5920059121
386.88,2.58478,46.2516,0,85,65,44,2760,10501,5.13629,165,16.9486,0,0,5444,5922644295
415.762,2.40523,46.2516,0,85,65,44,2760,10501,5.13629,165,16.9486,0,0,5444,5925049895
361.117,2.76919,46.2516,0,85,65,44,2760,10501,5.13629,165,16.9486,0,0,5444,5927819507
314.79,3.17672,46.2516,0,85,65,44,2760,10501,5.13629,165,16.9486,0,0,5444,5930996528
487.759,2.05019,46.2516,0,85,65,44,2760,10501,5.13629,165,16.9486,0,0,5444,5933047049
251.157,3.98158,46.2516,0,85,65,44,2760,10501,5.13629,165,16.9486,0,0,5444,5937028981
547.203,1.82747,46.2516,0,85,65,44,2760,10501,5.13629,165,16.9486,0,0,5444,5938856706
401.017,2.49366,46.2516,0,85,65,44,2760,10501,5.13629,165,16.9486,0,0,5444,5941350848
382.447,2.61474,46.2516,0,85,65,44,2760,10501,5.13629,165,16.9486,0,0,5444,5943965917
212.354,4.70911,46.2516,0,85,65,44,2760,10501,5.13629,165,16.9486,0,0,5444,5948675508
1249.27,0.800469,46.2516,0,85,65,44,2760,10501,5.13629,165,16.9486,0,0,5444,5949476055
299.492,3.33899,46.2516,0,85,65,44,2760,10501,5.13629,165,16.9486,0,0,5444,5952815388
468.883,2.13273,46.2516,0,85,65,44,2760,10501,5.13629,165,16.9486,0,0,5444,5954948326
244.945,4.08254,46.2516,0,85,65,44,2760,10501,5.13629,165,16.9486,0,0,5444,5959031194
866.97,1.15344,46.2516,0,85,65,44,2760,10501,5.13629,165,16.9486,0,0,5444,5960184935
256.579,3.89744,46.2516,0,85,65,44,2760,10501,5.13629,165,16.9486,0,0,5444,5964082710
489.478,2.04299,46.2516,0,85,65,44,2760,10501,5.13629,165,16.9486,0,0,5444,5966126173
533.649,1.87389,46.2516,0,85,65,44,2760,10501,5.13629,165,16.9486,0,0,5444,5968000352
417.057,2.39775,46.2516,0,85,65,44,2760,10501,5.13629,165,16.9486,0,0,5444,5970398442
199.829,5.00428,46.2516,0,85,65,44,2760,10501,5.13629,165,16.9486,0,0,5444,5975403111
546.769,1.82893,46.2516,0,85,65,44,2760,10501,5.13629,165,16.9486,0,0,5444,5977232278
392.031,2.55082,46.2516,0,85,65,44,2760,10501,5.13629,165,16.9486,0,0,5444,5979783441
568.744,1.75826,46.2516,0,85,65,44,2760,10501,5.13629,165,16.9486,0,0,5444,5981542145
396.962,2.51913,46.2516,0,85,65,44,2760,10501,5.13629,165,16.9486,0,0,5444,5984061605
361.694,2.76477,46.2516,0,85,65,44,2760,10501,5.13629,165,16.9486,0,0,5444,5986827486
230.535,4.33774,46.2516,0,85,65,44,2760,10501,5.13629,165,16.9486,0,0,5444,5991166238
495.965,2.01627,46.2516,0,85,65,44,2760,10501,5.13629,165,16.9486,0,0,5444,5993181960
631.975,1.58234,46.2516,0,85,65,44,2760,10501,5.13629,165,16.9486,0,0,5444,5994764638
332.747,3.00528,46.2516,0,85,65,44,2760,10501,5.13629,165,16.9486,0,0,5444,5997770105
401.74,2.48917,46.2516,0,85,65,44,2760,10501,5.13629,165,16.9486,0,0,5444,6000259525
382.367,2.61529,46.2516,0,85,65,44,2760,10501,5.13629,165,16.9486,0,0,5444,6002875239
311.374,3.21157,46.2516,0,85,65,44,2760,10501,5.13629,165,16.9486,0,0,5444,6006087078
488.304,2.04791,46.2516,0,85,65,44,2760,10501,5.13629,165,16.9486,0,0,5444,6008135435
302.288,3.3081,46.2516,0,85,65,44,2760,10501,5.13629,165,16.9486,0,0,5444,6011443816
391.928,2.55149,46.2516,0,85,65,44,2760,10501,5.13629,165,16.9486,0,0,5444,6013995565
538.421,1.85728,46.2516,0,85,65,44,2760,10501,5.13629,165,16.9486,0,0,5444,6015853118
318.464,3.14008,46.2516,0,85,65,44,2760,10501,5.13629,165,16.9486,0,0,5444,6018993503
270.412,3.69806,46.2516,0,85,65,44,2760,10501,5.13629,165,16.9486,0,0,5444,6022691887
388.245,2.57569,46.2516,0,85,65,44,2760,10501,5.13629,165,16.9486,0,0,5444,6025267878
465.375,2.1488,46.2516,0,85,65,44,2760,10501,5.13629,165,16.9486,0,0,5444,6027417027
395.245,2.53008,46.2516,0,85,65,44,2760,10501,5.13629,165,16.9486,0,0,5444,6029947680
335.03,2.9848,46.2516,0,85,65,44,2760,10501,5.13629,165,16.9486,0,0,5444,6032932694
438.6,2.27998,46.2516,0,85,65,44,2760,10501,5.13629,165,16.9486,0,0,5444,6035213040
398.625,2.50862,46.2516,0,85,65,44,2760,10501,5.13629,165,16.9486,0,0,5444,6037721980
226.933,4.40659,46.2516,0,85,65,44,2760,10501,5.13629,165,16.9486,0,0,5444,6042129148
384.065,2.60372,46.2516,0,85,65,44,2760,10501,5.13629,165,16.9486,0,0,5444,6044733120
459.507,2.17625,46.2516,0,85,65,44,2760,10501,5.13629,165,16.9486,0,0,5444,6046909607
518.606,1.92825,46.2516,0,85,65,44,2760,10501,5.13629,165,16.9486,0,0,5444,6048838163
370.002,2.70269,46.2516,0,85,65,44,2760,10501,5.13629,165,16.9486,0,0,5444,6051541225
326.184,3.06576,46.2516,0,85,65,44,2760,10501,5.13629,165,16.9486,0,0,5444,6054607395
478.517,2.08979,46.2516,0,85,65,44,2760,10501,5.13629,165,16.9486,0,0,5444,6056697427
278.188,3.5947,46.2516,0,85,65,44,2760,10501,5.13629,165,16.9486,0,0,5444,6060292510
554.977,1.80188,46.2516,0,85,65,44,2760,10501,5.13629,165,16.9486,0,0,5444,6062094705
339.828,2.94267,46.2516,0,85,65,44,2760,10501,5.13629,165,16.9486,0,0,5444,6065037728
316.103,3.16353,46.2516,0,85,65,44,2760,10501,5.13629,165,16.9486,0,0,5444,6068201565
231.793,4.3142,46.2516,0,85,65,44,2760,10501,5.13629,165,16.9486,0,0,5444,6072516210
422.642,2.36607,46.2516,0,85,65,44,2760,10501,5.13629,165,16.9486,0,0,5444,6074882607
703.244,1.42198,46.2516,0,85,65,44,2760,10501,5.13629,165,16.9486,0,0,5444,6076304886
474.352,2.10814,46.2516,0,85,65,44,2760,10501,5.13629,165,16.9486,0,0,5444,6078413534
375.626,2.66222,46.2516,0,85,65,44,2760,10501,5.13629,165,16.9486,0,0,5444,6081075874
260.548,3.83806,46.2516,0,85,65,44,2760,10501,5.13629,165,16.9486,0,0,5444,6084914340
488.542,2.04691,46.2516,0,85,65,44,2760,10501,5.13629,165,16.9486,0,0,5444,6086961457
592.535,1.68766,46.2516,0,85,65,44,2760,10501,5.13629,165,16.9486,0,0,5444,6088649379
316.543,3.15913,46.2516,0,85,65,44,2760,10501,5.13629,165,16.9486,0,0,5444,6091808957
339.533,2.94522,46.2516,0,85,65,44,2760,10501,5.13629,165,16.9486,0,0,5444,6094754604
213.721,4.679,46.2516,0,85,65,44,2760,10501,5.13629,165,16.9486,0,0,5444,6099433877
714.772,1.39905,46.2516,0,85,65,44,2760,10501,5.13629,165,16.9486,0,0,5444,6100833107
433.373,2.30748,46.2516,0,85,65,44,2760,10501,5.13629,165,16.9486,0,0,5444,6103140848
426.514,2.34459,46.2516,0,85,65,44,2760,10501,5.13629,165,16.9486,0,0,5444,6105485764
370.411,2.69971,46.2516,0,85,65,44,2760,10501,5.13629,165,16.9486,0,0,5444,6108185711
252.288,3.96372,46.2516,0,85,65,44,2760,10501,5.13629,165,16.9486,0,0,5444,6112150027
255.484,3.91414,46.2516,0,85,65,44,2760,10501,5.13629,165,16.9486,0,0,5444,6116064543
2976.34,0.335983,46.2516,0,85,65,44,2760,10501,5.13629,165,16.9486,0,0,5444,6116400324
398.481,2.50953,46.2516,0,85,65,44,2760,10501,5.13629,165,16.9486,0,0,5444,6118910408
471.368,2.12148,46.2516,0,85,65,44,2760,10501,5.13629,165,16.9486,0,0,5444,6121032240
151.967,6.58036,46.2516,0,85,65,44,2760,10501,5.13629,165,16.9486,0,0,5444,6127613029
2608.85,0.383311,46.2516,0,85,65,44,2760,10501,5.13629,165,16.9486,0,0,5444,6127996522
479.397,2.08595,46.2516,0,85,65,44,2760,10501,5.13629,165,16.9486,0,0,5444,6130082910
362.446,2.75904,46.2516,0,85,65,44,2760,10501,5.13629,165,16.9486,0,0,5444,6132842176
447.711,2.23358,46.2516,0,85,65,44,2760,10501,5.13629,165,16.9486,0,0,5444,6135076126
258.225,3.87259,46.2516,0,85,65,44,2760,10501,5.13629,165,16.9486,0,0,5444,6138949016
546.102,1.83116,46.2516,0,85,65,44,2760,10501,5.13629,165,16.9486,0,0,5444,6140780405
436.059,2.29327,46.2516,0,85,65,44,2760,10501,5.13629,165,16.9486,0,0,5444,6143074002
357.693,2.79569,46.2516,0,85,65,44,2760,10501,5.13629,165,16.9486,0,0,5444,6145870250
215.142,4.6481,46.2516,0,85,65,44,2760,10501,5.13629,165,16.9486,0,0,5444,6150518531
306.347,3.26427,46.2516,0,85,65,44,2760,10501,5.13629,165,16.9486,0,0,5444,6153783122
439.302,2.27634,46.2516,0,85,65,44,2760,10501,5.13629,165,16.9486,0,0,5444,6156059805
598.582,1.67061,46.2516,0,85,65,44,2760,10501,5.13629,165,16.9486,0,0,5444,6157730717
441.679,2.26409,46.2516,0,85,65,44,2760,10501,5.13629,165,16.9486,0,0,5444,6159995149
311.767,3.20752,46.2516,0,85,65,44,2760,10501,5.13629,165,16.9486,0,0,5444,6163202959
555.403,1.80049,46.2516,0,85,65,44,2760,10501,5.13629,165,16.9486,0,0,5444,6165003808
365.672,2.73469,46.2516,0,85,65,44,2760,10501,5.13629,165,16.9486,0,0,5444,6167738919
315.036,3.17424,46.2516,0,85,65,44,2760,10501,5.13629,165,16.9486,0,0,5444,6170913988
388.829,2.57183,46.2516,0,85,65,44,2760,10501,5.13629,165,16.9486,0,0,5444,6173486248
416.935,2.39846,46.2516,0,85,65,44,2760,10501,5.13629,165,16.9486,0,0,5444,6175884934
254.673,3.9266,46.2516,0,85,65,44,2760,10501,5.13629,165,16.9486,0,0,5444,6179811865
428.567,2.33336,46.2516,0,85,65,44,2760,10501,5.13629,165,16.9486,0,0,5444,6182145664
542.377,1.84373,46.2516,0,85,65,44,2760,10501,5.13629,165,16.9486,0,0,5444,6183989630
368.177,2.71608,46.2516,0,85,65,44,2760,10501,5.13629,165,16.9486,0,0,5444,6186706001
305.821,3.26989,46.2516,0,85,65,44,2760,10501,5.13629,165,16.9486,0,0,5444,6189976476
393.042,2.54426,46.2516,0,85,65,44,2760,10501,5.13629,165,16.9486,0,0,5444,6192520947
407.694,2.45282,46.2516,0,85,65,44,2760,10501,5.13629,165,16.9486,0,0,5444,6194974222
372.658,2.68343,46.2516,0,85,65,44,2760,10501,5.13629,165,16.9486,0,0,5444,6197657899
390.081,2.56357,46.2516,0,85,65,44,2760,10501,5.13629,165,16.9486,0,0,5444,6200221783
357.814,2.79475,46.2516,0,85,65,44,2760,10501,5.13629,165,16.9486,0,0,5444,6203016829
321.956,3.10602,46.2516,0,85,65,44,2760,10501,5.13629,165,16.9486,0,0,5444,6206123174
536.479,1.864,46.2516,0,85,65,44,2760,10501,5.13629,165,16.9486,0,0,5444,6207987516
342.318,2.92126,46.2516,0,85,65,44,2760,10501,5.13629,165,16.9486,0,0,5444,6210909182
289.458,3.45473,46.2516,0,85,65,44,2760,10501,5.13629,165,16.9486,0,0,5444,6214364269
639.805,1.56298,46.2516,0,85,65,44,2760,10501,5.13629,165,16.9486,0,0,5444,6215927543
318.148,3.14319,46.2516,0,85,65,44,2760,10501,5.13629,165,16.9486,0,0,5444,6219070986
375.763,2.66125,46.2516,0,85,65,44,2760,10501,5.13629,165,16.9486,0,0,5444,6221732614
391.525,2.55412,46.2516,0,85,65,44,2760,10501,5.13629,165,16.9486,0,0,5444,6224287113
375.605,2.66237,46.2516,0,85,65,44,2760,10501,5.13629,165,16.9486,0,0,5444,6226949867
201.698,4.9579,46.2516,0,85,65,44,2760,10501,5.13629,165,16.9486,0,0,5444,6231908197
449.213,2.22611,46.2516,0,85,65,44,2760,10501,5.13629,165,16.9486,0,0,5444,6234134897
524.173,1.90777,46.2516,0,85,65,44,2760,10501,5.13629,165,16.9486,0,0,5444,6236043029
535.465,1.86753,46.2516,0,85,65,44,2760,10501,5.13629,165,16.9486,0,0,5444,6237910784
410.382,2.43675,46.2516,0,85,65,44,2760,10501,5.13629,165,16.9486,0,0,5444,6240347953
350.867,2.85009,46.2516,0,85,65,44,2760,10501,5.13629,165,16.9486,0,0,5444,6243198347
340.879,2.93359,46.2516,0,85,65,44,2760,10501,5.13629,165,16.9486,0,0,5444,6246132263
426.743,2.34333,46.2516,0,85,65,44,2760,10501,5.13629,165,16.9486,0,0,5444,6248475900
333.556,2.998,46.2516,0,85,65,44,2760,10501,5.13629,165,16.9486,0,0,5444,6251474308
346.64,2.88484,46.2516,0,85,65,44,2760,10501,5.13629,165,16.9486,0,0,5444,6254359425
305.157,3.277,46.2516,0,85,65,44,2760,10501,5.13629,165,16.9486,0,0,5444,6257636747
433.319,2.30777,46.2516,0,85,65,44,2760,10501,5.13629,165,16.9486,0,0,5444,6259944959
491.386,2.03506,46.2516,0,85,65,44,2760,10501,5.13629,165,16.9486,0,0,5444,6261980220
341.464,2.92857,46.2516,0,85,65,44,2760,10501,5.13629,165,16.9486,0,0,5444,6264909136
363.982,2.74739,46.2516,0,85,65,44,2760,10501,5.13629,165,16.9486,0,0,5444,6267656863
444.526,2.24958,46.2516,0,85,65,44,2760,10501,5.13629,165,16.9486,0,0,5444,6269906843
372.16,2.68701,46.2516,0,85,65,44,2760,10501,5.13629,165,16.9486,0,0,5444,6272594212
219.46,4.55664,46.2516,0,85,65,44,2760,10501,5.13629,165,16.9486,0,0,5444,6277151549
618.081,1.61791,46.2516,0,85,65,44,2760,10501,5.13629,165,16.9486,0,0,5444,6278769613
562.353,1.77824,46.2516,0,85,65,44,2760,10501,5.13629,165,16.9486,0,0,5444,6280548057
375.505,2.66308,46.2516,0,85,65,44,2760,10501,5.13629,165,16.9486,0,0,5444,6283211599
236.289,4.23211,46.2516,0,85,65,44,2760,10501,5.13629,165,16.9486,0,0,5444,6287444097
402.331,2.48552,46.2516,0,85,65,44,2760,10501,5.13629,165,16.9486,0,0,5444,6289929864
582.516,1.71669,46.2516,0,85,65,44,2760,10501,5.13629,165,16.9486,0,0,5444,6291646854
349.28,2.86303,46.2516,0,85,65,44,2760,10501,5.13629,165,16.9486,0,0,5444,6294510230
368.402,2.71443,46.2516,0,85,65,44,2760,10501,5.13629,165,16.9486,0,0,5444,6297225119
372.681,2.68326,46.2516,0,85,65,44,2760,10501,5.13629,165,16.9486,0,0,5444,6299908700
252.942,3.95347,46.2516,0,85,65,44,2760,10501,5.13629,165,16.9486,0,0,5444,6303862429
598.317,1.67136,46.2516,0,85,65,44,2760,10501,5.13629,165,16.9486,0,0,5444,6305534015
399.584,2.5026,46.2516,0,85,65,44,2760,10501,5.13629,165,16.9486,0,0,5444,6308037041
346.77,2.88376,46.2516,0,85,65,44,2760,10501,5.13629,165,16.9486,0,0,5444,6310921090
336.92,2.96806,46.2516,0,85,65,44,2760,10501,5.13629,165,16.9486,0,0,5444,6313889450
473.527,2.11181,46.2516,0,85,65,44,2760,10501,5.13629,165,16.9486,0,0,5444,6316001723
341.755,2.92607,46.2516,0,85,65,44,2760,10501,5.13629,165,16.9486,0,0,5444,6318927976
334.917,2.98581,46.2516,0,85,65,44,2760,10501,5.13629,165,16.9486,0,0,5444,6321914105
473.495,2.11196,46.2516,0,85,65,44,2760,10501,5.13629,165,16.9486,0,0,5444,6324026330
337.432,2.96356,46.2516,0,85,65,44,2760,10501,5.13629,165,16.9486,0,0,5444,6326990218
380.192,2.63025,46.2516,0,85,65,44,2760,10501,5.13629,165,16.9486,0,0,5444,6329620778
241.099,4.14767,46.2516,0,85,65,44,2760,10501,5.13629,165,16.9486,0,0,5444,6333768995
826.728,1.20959,46.2516,0,85,65,44,2760,10501,5.13629,165,16.9486,0,0,5444,6334978920
345.133,2.89743,46.2516,0,85,65,44,2760,10501,5.13629,165,16.9486,0,0,5444,6337876460
331.282,3.01857,46.2516,0,85,65,44,2760,10501,5.13629,165,16.9486,0,0,5444,6340895341
560.239,1.78495,46.2516,0,85,65,44,2760,10501,5.13629,165,16.9486,0,0,5444,6342680757
271.032,3.6896,46.2516,0,85,65,44,2760,10501,5.13629,165,16.9486,0,0,5444,6346370747
557.619,1.79334,46.2516,0,85,65,44,2760,10501,5.13629,165,16.9486,0,0,5444,6348164307
203.689,4.90945,46.2516,0,85,65,44,2760,10501,5.13629,165,16.9486,0,0,5444,6353074001
637.577,1.56844,46.2516,0,85,65,44,2760,10501,5.13629,165,16.9486,0,0,5444,6354642910
368.02,2.71725,46.2516,0,85,65,44,2760,10501,5.13629,165,16.9486,0,0,5444,6357362982
641.459,1.55895,44.9163,0,85,65,44,2760,10501,5.13629,166,16.9473,0,0,5443,6358919554
340.981,2.93271,44.9163,0,85,65,44,2760,10501,5.13629,166,16.9473,0,0,5443,6361852663
358.94,2.78598,44.9163,0,85,65,44,2760,10501,5.13629,166,16.9473,0,0,5443,6364638968
192.638,5.19108,44.9163,0,85,65,44,2760,10501,5.13629,166,16.9473,0,0,5443,6369830633
2369.86,0.421966,44.9163,0,85,65,44,2760,10501,5.13629,166,16.9473,0,0,5443,6370252474
438.831,2.27878,44.9163,0,85,65,44,2760,10501,5.13629,166,16.9473,0,0,5443,6372531705
336.777,2.96932,44.9163,0,85,65,44,2760,10501,5.13629,166,16.9473,0,0,5443,6375501363
395.693,2.52721,44.9163,0,85,65,44,2760,10501,5.13629,166,16.9473,0,0,5443,6378028967
381.954,2.61812,44.9163,0,85,65,44,2760,10501,5.13629,166,16.9473,0,0,5443,6380647459
324.616,3.08056,44.9163,0,85,65,44,2760,10501,5.13629,166,16.9473,0,0,5443,6383728352
412.055,2.42686,44.9163,0,85,65,44,2760,10501,5.13629,166,16.9473,0,0,5443,6386155635
373.874,2.6747,44.9163,0,85,65,44,2760,10501,5.13629,166,16.9473,0,0,5443,6388830860
350.888,2.84991,44.9163,0,85,65,44,2760,10501,5.13629,166,16.9473,0,0,5443,6391680975
285.024,3.50847,44.9163,0,85,65,44,2760,10501,5.13629,166,16.9473,0,0,5443,6395189776
381.815,2.61907,44.9163,0,85,65,44,2760,10501,5.13629,166,16.9473,0,0,5443,6397809413
365.152,2.73858,44.9163,0,85,65,44,2760,10501,5.13629,166,16.9473,0,0,5443,6400548293
507.372,1.97094,44.9163,0,85,65,44,2760,10501,5.13629,166,16.9473,0,0,5443,6402519533
486.633,2.05493,44.9163,0,85,65,44,2760,10501,5.13629,166,16.9473,0,0,5443,6404574833
299.288,3.34127,44.9163,0,85,65,44,2760,10501,5.13629,166,16.9473,0,0,5443,6407916590
485.577,2.05941,44.9163,0,85,65,44,2760,10501,5.13629,166,16.9473,0,0,5443,6409976323
312.291,3.20214,44.9163,0,85,65,44,2760,10501,5.13629,166,16.9473,0,0,5443,6413178642
437.852,2.28387,44.9163,0,85,65,44,2760,10501,5.13629,166,16.9473,0,0,5443,6415462911
364.446,2.74389,44.9163,0,85,65,44,2760,10501,5.13629,166,16.9473,0,0,5443,6418207398
236.307,4.23178,44.9163,0,85,65,44,2760,10501,5.13629,166,16.9473,0,0,5443,6422439329
705.789,1.41685,44.9163,0,85,65,44,2760,10501,5.13629,166,16.9473,0,0,5443,6423856579
463.302,2.15842,44.9163,0,85,65,44,2760,10501,5.13629,166,16.9473,0,0,5443,6426015209
370.067,2.70222,44.9163,0,85,65,44,2760,10501,5.13629,166,16.9473,0,0,5443,6428717848
306.797,3.25949,44.9163,0,85,65,44,2760,10501,5.13629,166,16.9473,0,0,5443,6431977689
408.627,2.44722,44.9163,0,85,65,44,2760,10501,5.13629,166,16.9473,0,0,5443,6434425272
343.581,2.91052,44.9163,0,85,65,44,2760,10501,5.13629,166,16.9473,0,0,5443,6437336235
303.003,3.30029,44.9163,0,85,65,44,2760,10501,5.13629,166,16.9473,0,0,5443,6440636904
494.821,2.02093,44.9163,0,85,65,44,2760,10501,5.13629,166,16.9473,0,0,5443,6442658193
419.089,2.38613,44.9163,0,85,65,44,2760,10501,5.13629,166,16.9473,0,0,5443,6445044716
165.455,6.04394,44.9163,0,85,65,44,2760,10501,5.13629,166,16.9473,0,0,5443,6451089016
2079.64,0.480853,44.9163,0,85,65,44,2760,10501,5.13629,166,16.9473,0,0,5443,6451570147
563.767,1.77378,44.9163,0,85,65,44,2760,10501,5.13629,166,16.9473,0,0,5443,6453344351
324.639,3.08034,44.9163,0,85,65,44,2760,10501,5.13629,166,16.9473,0,0,5443,6456425099
423.328,2.36223,44.9163,0,85,65,44,2760,10501,5.13629,166,16.9473,0,0,5443,6458787804
365.1,2.73898,44.9163,0,85,65,44,2760,10501,5.13629,166,16.9473,0,0,5443,6461527175
359.091,2.78481,44.9163,0,85,65,44,2760,10501,5.13629,166,16.9473,0,0,5443,6464312423
393.798,2.53937,44.9163,0,85,65,44,2760,10501,5.13629,166,16.9473,0,0,5443,6466852134
369.778,2.70432,44.9163,0,85,65,44,2760,10501,5.13629,166,16.9473,0,0,5443,6469556773
379.154,2.63745,44.9163,0,85,65,44,2760,10501,5.13629,166,16.9473,0,0,5443,6472194631
242.06,4.13121,44.9163,0,85,65,44,2760,10501,5.13629,166,16.9473,0,0,5443,6476326347
510.242,1.95985,44.9163,0,85,65,44,2760,10501,5.13629,166,16.9473,0,0,5443,6478286365
437.939,2.28342,44.9163,0,85,65,44,2760,10501,5.13629,166,16.9473,0,0,5443,6480570134
319.495,3.12994,44.9163,0,85,65,44,2760,10501,5.13629,166,16.9473,0,0,5443,6483700374
432.565,2.31179,44.9163,0,85,65,44,2760,10501,5.13629,166,16.9473,0,0,5443,6486012664
354.811,2.8184,44.9163,0,85,65,44,2760,10501,5.13629,166,16.9473,0,0,5443,6488831220
446.138,2.24146,44.9163,0,85,65,44,2760,10501,5.13629,166,16.9473,0,0,5443,6491072979
276.085,3.62207,44.9163,0,85,65,44,2760,10501,5.13629,166,16.9473,0,0,5443,6494695639
461.472,2.16698,44.9163,0,85,65,44,2760,10501,5.13629,166,16.9473,0,0,5443,6496862808
381.478,2.62139,44.9163,0,85,65,44,2760,10501,5.13629,166,16.9473,0,0,5443,6499484406
267.967,3.7318,44.9163,0,85,65,44,2760,10501,5.13629,166,16.9473,0,0,5443,6503216590
573.097,1.7449,44.9163,0,85,65,44,2760,10501,5.13629,166,16.9473,0,0,5443,6504961860
337.486,2.96309,44.9163,0,85,65,44,2760,10501,5.13629,166,16.9473,0,0,5443,6507925258
479.658,2.08482,44.9163,0,85,65,44,2760,10501,5.13629,166,16.9473,0,0,5443,6510010319
297.347,3.36308,44.9163,0,85,65,44,2760,10501,5.13629,166,16.9473,0,0,5443,6513373740
346.6,2.88517,44.9163,0,85,65,44,2760,10501,5.13629,166,16.9473,0,0,5443,6516259356
523.809,1.90909,44.9163,0,85,65,44,2760,10501,5.13629,166,16.9473,0,0,5443,6518168594
331.297,3.01844,44.9163,0,85,65,44,2760,10501,5.13629,166,16.9473,0,0,5443,6521187426
496.043,2.01595,44.9163,0,85,65,44,2760,10501,5.13629,166,16.9473,0,0,5443,6523203773
360.323,2.77529,44.9163,0,85,65,44,2760,10501,5.13629,166,16.9473,0,0,5443,6525979318
261.072,3.83036,44.9163,0,85,65,44,2760,10501,5.13629,166,16.9473,0,0,5443,6529810149
597.163,1.67458,44.9163,0,85,65,44,2760,10501,5.13629,166,16.9473,0,0,5443,6531484888
288.406,3.46734,44.9163,0,85,65,44,2760,10501,5.13629,166,16.9473,0,0,5443,6534952678
344.811,2.90014,44.9163,0,85,65,44,2760,10501,5.13629,166,16.9473,0,0,5443,6537853343
616.071,1.62319,44.9163,0,85,65,44,2760,10501,5.13629,166,16.9473,0,0,5443,6539476619
364.737,2.7417,44.9163,0,85,65,44,2760,10501,5.13629,166,16.9473,0,0,5443,6542218625
352.265,2.83877,44.9163,0,85,65,44,2760,10501,5.13629,166,16.9473,0,0,5443,6545057769
410.294,2.43727,44.9163,0,85,65,44,2760,10501,5.13629,166,16.9473,0,0,5443,6547495438
356.871,2.80213,44.9163,0,85,65,44,2760,10501,5.13629,166,16.9473,0,0,5443,6550297888
274.587,3.64183,44.9163,0,85,65,44,2760,10501,5.13629,166,16.9473,0,0,5443,6553940049
309.454,3.2315,44.9163,0,85,65,44,2760,10501,5.13629,166,16.9473,0,0,5443,6557171869
565.46,1.76847,44.9163,0,85,65,44,2760,10501,5.13629,166,16.9473,0,0,5443,6558940833
414.126,2.41473,44.9163,0,85,65,44,2760,10501,5.13629,166,16.9473,0,0,5443,6561355760
435.516,2.29612,44.9163,0,85,65,44,2760,10501,5.13629,166,16.9473,0,0,5443,6563652232
374.962,2.66694,44.9163,0,85,65,44,2760,10501,5.13629,166,16.9473,0,0,5443,6566319485
347.781,2.87538,44.9163,0,85,65,44,2760,10501,5.13629,166,16.9473,0,0,5443,6569195198
394.319,2.53602,44.9163,0,85,65,44,2760,10501,5.13629,166,16.9473,0,0,5443,6571731514
290.567,3.44155,44.9163,0,85,65,44,2760,10501,5.13629,166,16.9473,0,0,5443,6575173293
572.551,1.74657,44.9163,0,85,65,44,2760,10501,5.13629,166,16.9473,0,0,5443,6576920218
375.964,2.65983,44.9163,0,85,65,44,2760,10501,5.13629,166,16.9473,0,0,5443,6579580365
187.799,5.32484,44.9163,0,85,65,44,2760,10501,5.13629,166,16.9473,0,0,5443,6584905718
694.069,1.44078,44.9163,0,85,65,44,2760,10501,5.13629,166,16.9473,0,0,5443,6586346756
805.469,1.24151,44.9163,0,85,65,44,2760,10501,5.13629,166,16.9473,0,0,5443,6587588644
299.711,3.33654,44.9163,0,85,65,44,2760,10501,5.13629,166,16.9473,0,0,5443,6590925468
542.754,1.84246,44.9163,0,85,65,44,2760,10501,5.13629,166,16.9473,0,0,5443,6592768213
373.518,2.67724,44.9163,0,85,65,44,2760,10501,5.13629,166,16.9473,0,0,5443,6595445746
394.326,2.53597,44.9163,0,85,65,44,2760,10501,5.13629,166,16.9473,0,0,5443,6597982033
331.098,3.02026,44.9163,0,85,65,44,2760,10501,5.13629,166,16.9473,0,0,5443,6601002635
394.701,2.53357,44.9163,0,85,65,44,2760,10501,5.13629,166,16.9473,0,0,5443,6603536509
352.606,2.83603,44.9163,0,85,65,44,2760,10501,5.13629,166,16.9473,0,0,5443,6606373008
375.521,2.66296,44.9163,0,85,65,44,2760,10501,5.13629,166,16.9473,0,0,5443,6609036281
243.964,4.09897,44.9163,0,85,65,44,2760,10501,5.13629,166,16.9473,0,0,5443,6613135457
343.8,2.90866,44.9163,0,85,65,44,2760,10501,5.13629,166,16.9473,0,0,5443,6616044430
283.436,3.52813,44.9163,0,85,65,44,2760,10501,5.13629,166,16.9473,0,0,5443,6619573117
1191.62,0.839192,44.9163,0,85,65,44,2760,10501,5.13629,166,16.9473,0,0,5443,6620412626
240.986,4.14962,44.9163,0,85,65,44,2760,10501,5.13629,166,16.9473,0,0,5443,6624562640
742.482,1.34683,44.9163,0,85,65,44,2760,10501,5.13629,166,16.9473,0,0,5443,6625909570
316.292,3.16163,44.9163,0,85,65,44,2760,10501,5.13629,166,16.9473,0,0,5443,6629071696
354.461,2.82118,44.9163,0,85,65,44,2760,10501,5.13629,166,16.9473,0,0,5443,6631893166
469.158,2.13148,44.9163,0,85,65,44,2760,10501,5.13629,166,16.9473,0,0,5443,6634024940
426.567,2.3443,44.9163,0,85,65,44,2760,10501,5.13629,166,16.9473,0,0,5443,6636369654
318.501,3.13971,44.9163,0,85,65,44,2760,10501,5.13629,166,16.9473,0,0,5443,6639509663
402.847,2.48233,44.9163,0,85,65,44,2760,10501,5.13629,166,16.9473,0,0,5443,6641992391
460.331,2.17235,44.9163,0,85,65,44,2760,10501,5.13629,166,16.9473,0,0,5443,6644165176
267.056,3.74454,44.9163,0,85,65,44,2760,10501,5.13629,166,16.9473,0,0,5443,6647910004
529.546,1.88841,44.9163,0,85,65,44,2760,10501,5.13629,166,16.9473,0,0,5443,6649798731
309.258,3.23354,44.9163,0,85,65,44,2760,10501,5.13629,166,16.9473,0,0,5443,6653032581
496.467,2.01423,44.9163,0,85,65,44,2760,10501,5.13629,166,16.9473,0,0,5443,6655047245
377.897,2.64622,44.9163,0,85,65,44,2760,10501,5.13629,166,16.9473,0,0,5443,6657693661
395.185,2.53046,44.9163,0,85,65,44,2760,10501,5.13629,166,16.9473,0,0,5443,6660224573
369.183,2.70869,44.9163,0,85,65,44,2760,10501,5.13629,166,16.9473,0,0,5443,6662933530
288.895,3.46146,44.9163,0,85,65,44,2760,10501,5.13629,166,16.9473,0,0,5443,6666395319
614.285,1.62791,44.9163,0,85,65,44,2760,10501,5.13629,166,16.9473,0,0,5443,6668023538
318.292,3.14177,44.9163,0,85,65,44,2760,10501,5.13629,166,16.9473,0,0,5443,6671165682
347.339,2.87903,44.9163,0,85,65,44,2760,10501,5.13629,166,16.9473,0,0,5443,6674045164
333.634,2.99729,44.9163,0,85,65,44,2760,10501,5.13629,166,16.9473,0,0,5443,6677042755
466.388,2.14414,44.9163,0,85,65,44,2760,10501,5.13629,166,16.9473,0,0,5443,6679187222
353.339,2.83014,44.9163,0,85,65,44,2760,10501,5.13629,166,16.9473,0,0,5443,6682017634
402.663,2.48347,44.9163,0,85,65,44,2760,10501,5.13629,166,16.9473,0,0,5443,6684501449
351.807,2.84247,44.9163,0,85,65,44,2760,10501,5.13629,166,16.9473,0,0,5443,6687344227
388.461,2.57426,44.9163,0,85,65,44,2760,10501,5.13629,166,16.9473,0,0,5443,6689918939
296.875,3.36842,44.9163,0,85,65,44,2760,10501,5.13629,166,16.9473,0,0,5443,6693287668
329.767,3.03245,44.9163,0,85,65,44,2760,10501,5.13629,166,16.9473,0,0,5443,6696320443
270.252,3.70025,44.9163,0,85,65,44,2760,10501,5.13629,166,16.9473,0,0,5443,6700021126
603.403,1.65727,44.9163,0,85,65,44,2760,10501,5.13629,166,16.9473,0,0,5443,6701678470
522.69,1.91318,44.9163,0,85,65,44,2760,10501,5.13629,166,16.9473,0,0,5443,6703592207
397.32,2.51686,44.9163,0,85,65,44,2760,10501,5.13629,166,16.9473,0,0,5443,6706109417
346.773,2.88373,44.9163,0,85,65,44,2760,10501,5.13629,166,16.9473,0,0,5443,6708993351
390.578,2.56031,44.9163,0,85,65,44,2760,10501,5.13629,166,16.9473,0,0,5443,6711554072
395.773,2.5267,44.9163,0,85,65,44,2760,10501,5.13629,166,16.9473,0,0,5443,6714081282
324.065,3.0858,44.9163,0,85,65,44,2760,10501,5.13629,166,16.9473,0,0,5443,6717167290
337.767,2.96062,44.9163,0,85,65,44,2760,10501,5.13629,166,16.9473,0,0,5443,6720128274
407.735,2.45257,44.9163,0,85,65,44,2760,10501,5.13629,166,16.9473,0,0,5443,6722581165
365.685,2.73459,44.9163,0,85,65,44,2760,10501,5.13629,166,16.9473,0,0,5443,6725316055
463.986,2.15524,44.9163,0,85,65,44,2760,10501,5.13629,166,16.9473,0,0,5443,6727471628
400.8,2.49501,44.9163,0,85,65,44,2760,10501,5.13629,166,16.9473,0,0,5443,6729966923
332.231,3.00996,44.9163,0,85,65,44,2760,10501,5.13629,166,16.9473,0,0,5443,6732977178
369.613,2.70553,44.9163,0,85,65,44,2760,10501,5.13629,166,16.9473,0,0,5443,6735683020
364.822,2.74106,44.9163,0,85,65,44,2760,10501,5.13629,166,16.9473,0,0,5443,6738424593
226.159,4.42167,44.9163,0,85,65,44,2760,10501,5.13629,166,16.9473,0,0,5443,6742846463
437.083,2.28789,44.9163,0,85,65,44,2760,10501,5.13629,166,16.9473,0,0,5443,6745134790
413.946,2.41577,44.9163,0,85,65,44,2760,10501,5.13629,166,16.9473,0,0,5443,6747550823
529.182,1.88971,44.9163,0,85,65,44,2760,10501,5.13629,166,16.9473,0,0,5443,6749440887
401.224,2.49237,44.9163,0,85,65,44,2760,10501,5.13629,166,16.9473,0,0,5443,6751933548
351.657,2.84368,44.9163,0,85,65,44,2760,10501,5.13629,166,16.9473,0,0,5443,6754777557
366.844,2.72596,44.9163,0,85,65,44,2760,10501,5.13629,166,16.9473,0,0,5443,6757503813
369.472,2.70656,44.9163,0,85,65,44,2760,10501,5.13629,166,16.9473,0,0,5443,6760210712
364.191,2.74581,44.9163,0,85,65,44,2760,10501,5.13629,166,16.9473,0,0,5443,6762956823
425.394,2.35076,44.9163,0,85,65,44,2760,10501,5.13629,166,16.9473,0,0,5443,6765308028
358.397,2.7902,44.9163,0,85,65,44,2760,10501,5.13629,166,16.9473,0,0,5443,6768098477
339.4,2.94638,44.9163,0,85,65,44,2760,10501,5.13629,166,16.9473,0,0,5443,6771045125
279.397,3.57914,44.9163,0,85,65,44,2760,10501,5.13629,166,16.9473,0,0,5443,6774624620
551.229,1.81413,44.9163,0,85,65,44,2760,10501,5.13629,166,16.9473,0,0,5443,6776439220
225.408,4.4364,44.9163,0,85,65,44,2760,10501,5.13629,166,16.9473,0,0,5443,6780875879
1113.74,0.897877,44.9163,0,85,65,44,2760,10501,5.13629,166,16.9473,0,0,5443,6781774111
338.336,2.95564,44.9163,0,85,65,44,2760,10501,5.13629,166,16.9473,0,0,5443,6784729990
409.319,2.44308,44.9163,0,85,65,44,2760,10501,5.13629,166,16.9473,0,0,5443,6787173409
416.478,2.40109,44.9163,0,85,65,44,2760,10501,5.13629,166,16.9473,0,0,5443,6789574797
215.575,4.63875,44.9163,0,85,65,44,2760,10501,5.13629,166,16.9473,0,0,5443,6794213963
543.27,1.84071,44.9163,0,85,65,44,2760,10501,5.13629,166,16.9473,0,0,5443,6796055102
515.961,1.93813,44.9163,0,85,65,44,2760,10501,5.13629,166,16.9473,0,0,5443,6797993437
253.149,3.95025,44.9163,0,85,65,44,2760,10501,5.13629,166,16.9473,0,0,5443,6801944204
650.861,1.53643,44.9163,0,85,65,44,2760,10501,5.13629,166,16.9473,0,0,5443,6803480737
368.571,2.71318,44.9163,0,85,65,44,2760,10501,5.13629,166,16.9473,0,0,5443,6806194271
494.001,2.02429,44.9163,0,85,65,44,2760,10501,5.13629,166,16.9473,0,0,5443,6808218877
302.685,3.30377,44.9163,0,85,65,44,2760,10501,5.13629,166,16.9473,0,0,5443,6811522979
385.659,2.59296,44.9163,0,85,65,44,2760,10501,5.13629,166,16.9473,0,0,5443,6814116249
339.254,2.94765,44.9163,0,85,65,44,2760,10501,5.13629,166,16.9473,0,0,5443,6817064156
293.303,3.40944,44.9163,0,85,65,44,2760,10501,5.13629,166,16.9473,0,0,5443,6820474060
641.863,1.55797,44.9163,0,85,65,44,2760,10501,5.13629,166,16.9473,0,0,5443,6822032381
371.692,2.6904,44.9163,0,85,65,44,2760,10501,5.13629,166,16.9473,0,0,5443,6824722934
219.535,4.55508,44.9163,0,85,65,44,2760,10501,5.13629,166,16.9473,0,0,5443,6829278414
613.494,1.63001,44.9163,0,85,65,44,2760,10501,5.13629,166,16.9473,0,0,5443,6830908632
554.781,1.80251,44.9163,0,85,65,44,2760,10501,5.13629,166,16.9473,0,0,5443,6832711366
337.617,2.96194,44.9163,0,85,65,44,2760,10501,5.13629,166,16.9473,0,0,5443,6835673697
339.851,2.94246,44.9163,0,85,65,44,2760,10501,5.13629,166,16.9473,0,0,5443,6838616440
432.136,2.31409,44.9163,0,85,65,44,2760,10501,5.13629,166,16.9473,0,0,5443,6840930922
314.969,3.17492,44.9163,0,85,65,44,2760,10501,5.13629,166,16.9473,0,0,5443,6844106068
397.147,2.51796,44.9163,0,85,65,44,2760,10501,5.13629,166,16.9473,0,0,5443,6846624575
356.991,2.80119,44.9163,0,85,65,44,2760,10501,5.13629,166,16.9473,0,0,5443,6849427131
286.752,3.48733,44.9163,0,85,65,44,2760,10501,5.13629,166,16.9473,0,0,5443,6852913595
275.747,3.62652,44.9163,0,85,65,44,2760,10501,5.13629,166,16.9473,0,0,5443,6856540573
838.513,1.19259,44.9163,0,85,65,44,2760,10501,5.13629,166,16.9473,0,0,5443,6857735267
398.243,2.51103,45.5128,0,85,65,44,2760,10501,5.13629,166,16.9452,0,0,5442,6860244727
459.375,2.17687,45.5128,0,85,65,44,2760,10501,5.13629,166,16.9452,0,0,5442,6862421925
339.796,2.94295,45.5128,0,85,65,44,2760,10501,5.13629,166,16.9452,0,0,5442,6865365178
362.988,2.75491,45.5128,0,85,65,44,2760,10501,5.13629,166,16.9452,0,0,5442,6868120483
395.487,2.52853,45.5128,0,85,65,44,2760,10501,5.13629,166,16.9452,0,0,5442,6870649318
354.158,2.8236,45.5128,0,85,65,44,2760,10501,5.13629,166,16.9452,0,0,5442,6873473182
282.785,3.53625,45.5128,0,85,65,44,2760,10501,5.13629,166,16.9452,0,0,5442,6877009782
661.661,1.51135,45.5128,0,85,65,44,2760,10501,5.13629,166,16.9452,0,0,5442,6878521573
179.914,5.55822,45.5128,0,85,65,44,2760,10501,5.13629,166,16.9452,0,0,5442,6884080165
472.619,2.11587,45.5128,0,85,65,44,2760,10501,5.13629,166,16.9452,0,0,5442,6886196409
776.476,1.28787,45.5128,0,85,65,44,2760,10501,5.13629,166,16.9452,0,0,5442,6887484597
210.095,4.75976,45.5128,0,85,65,44,2760,10501,5.13629,166,16.9452,0,0,5442,6892244757
337.424,2.96363,45.5128,0,85,65,44,2760,10501,5.13629,166,16.9452,0,0,5442,6895208588
588.428,1.69944,45.5128,0,85,65,44,2760,10501,5.13629,166,16.9452,0,0,5442,6896908376
450.468,2.21991,45.5128,0,85,65,44,2760,10501,5.13629,166,16.9452,0,0,5442,6899128576
620.586,1.61138,45.5128,0,85,65,44,2760,10501,5.13629,166,16.9452,0,0,5442,6900740264
303.735,3.29234,45.5128,0,85,65,44,2760,10501,5.13629,166,16.9452,0,0,5442,6904032933
165.018,6.05994,45.5128,0,85,65,44,2760,10501,5.13629,166,16.9452,0,0,5442,6910093301
780.532,1.28118,45.5128,0,85,65,44,2760,10501,5.13629,166,16.9452,0,0,5442,6911374815
557.007,1.79531,45.5128,0,85,65,44,2760,10501,5.13629,166,16.9452,0,0,5442,6913170231
253.032,3.95206,45.5128,0,85,65,44,2760,10501,5.13629,166,16.9452,0,0,5442,6917122845
477.298,2.09513,45.5128,0,85,65,44,2760,10501,5.13629,166,16.9452,0,0,5442,6919218387
260.183,3.84345,45.5128,0,85,65,44,2760,10501,5.13629,166,16.9452,0,0,5442,6923062055
623.615,1.60355,45.5128,0,85,65,44,2760,10501,5.13629,166,16.9452,0,0,5442,6924665773
534.802,1.86985,45.5128,0,85,65,44,2760,10501,5.13629,166,16.9452,0,0,5442,6926536047
421.078,2.37486,45.5128,0,85,65,44,2760,10501,5.13629,166,16.9452,0,0,5442,6928911262
348.594,2.86866,45.5128,0,85,65,44,2760,10501,5.13629,166,16.9452,0,0,5442,6931780234
314.682,3.17781,45.5128,0,85,65,44,2760,10501,5.13629,166,16.9452,0,0,5442,6934958350
435.958,2.2938,45.5128,0,85,65,44,2760,10501,5.13629,166,16.9452,0,0,5442,6937252466
363.817,2.74863,45.5128,0,85,65,44,2760,10501,5.13629,166,16.9452,0,0,5442,6940001405
430.731,2.32164,45.5128,0,85,65,44,2760,10501,5.13629,166,16.9452,0,0,5442,6942323339
368.679,2.71239,45.5128,0,85,65,44,2760,10501,5.13629,166,16.9452,0,0,5442,6945036113
275.83,3.62542,45.5128,0,85,65,44,2760,10501,5.13629,166,16.9452,0,0,5442,6948661966
611.273,1.63593,45.5128,0,85,65,44,2760,10501,5.13629,166,16.9452,0,0,5442,6950297973
198.998,5.02519,45.5128,0,85,65,44,2760,10501,5.13629,166,16.9452,0,0,5442,6955323796
984.442,1.0158,45.5128,0,85,65,44,2760,10501,5.13629,166,16.9452,0,0,5442,6956339936
200.135,4.99662,45.5128,0,85,65,44,2760,10501,5.13629,166,16.9452,0,0,5442,6961336864
534.766,1.86998,45.5128,0,85,65,44,2760,10501,5.13629,166,16.9452,0,0,5442,6963207014
350.2,2.85551,45.5128,0,85,65,44,2760,10501,5.13629,166,16.9452,0,0,5442,6966062870
644.34,1.55198,45.5128,0,85,65,44,2760,10501,5.13629,166,16.9452,0,0,5442,6967615162
577.066,1.7329,45.5128,0,85,65,44,2760,10501,5.13629,166,16.9452,0,0,5442,6969348375
366.938,2.72526,45.5128,0,85,65,44,2760,10501,5.13629,166,16.9452,0,0,5442,6972073957
363.446,2.75144,45.5128,0,85,65,44,2760,10501,5.13629,166,16.9452,0,0,5442,6974825742
392.833,2.54561,45.5128,0,85,65,44,2760,10501,5.13629,166,16.9452,0,0,5442,6977371558
366.819,2.72614,45.5128,0,85,65,44,2760,10501,5.13629,166,16.9452,0,0,5442,6980098102
346.112,2.88924,45.5128,0,85,65,44,2760,10501,5.13629,166,16.9452,0,0,5442,6982987786
343.971,2.90722,45.5128,0,85,65,44,2760,10501,5.13629,166,16.9452,0,0,5442,6985895259
445.105,2.24666,45.5128,0,85,65,44,2760,10501,5.13629,166,16.9452,0,0,5442,6988142267
347.521,2.87752,45.5128,0,85,65,44,2760,10501,5.13629,166,16.9452,0,0,5442,6991020172
425.37,2.3509,45.5128,0,85,65,44,2760,10501,5.13629,166,16.9452,0,0,5442,6993371444
363.126,2.75386,45.5128,0,85,65,44,2760,10501,5.13629,166,16.9452,0,0,5442,6996125556
372.558,2.68415,45.5128,0,85,65,44,2760,10501,5.13629,166,16.9452,0,0,5442,6998810098
380.122,2.63073,45.5128,0,85,65,44,2760,10501,5.13629,166,16.9452,0,0,5442,7001441129
369.011,2.70995,45.5128,0,85,65,44,2760,10501,5.13629,166,16.9452,0,0,5442,7004151595
199.353,5.01623,45.5128,0,85,65,44,2760,10501,5.13629,166,16.9452,0,0,5442,7009168168
2537.3,0.394119,45.5128,0,85,65,44,2760,10501,5.13629,166,16.9452,0,0,5442,7009562499
382.302,2.61573,45.5128,0,85,65,44,2760,10501,5.13629,166,16.9452,0,0,5442,7012178635
362.96,2.75512,45.5128,0,85,65,44,2760,10501,5.13629,166,16.9452,0,0,5442,7014934007
375.127,2.66576,45.5128,0,85,65,44,2760,10501,5.13629,166,16.9452,0,0,5442,7017600087
300.649,3.32614,45.5128,0,85,65,44,2760,10501,5.13629,166,16.9452,0,0,5442,7020926613
456.347,2.19131,45.5128,0,85,65,44,2760,10501,5.13629,166,16.9452,0,0,5442,7023118263
485.065,2.06158,45.5128,0,85,65,44,2760,10501,5.13629,166,16.9452,0,0,5442,7025180064
183.349,5.45409,45.5128,0,85,65,44,2760,10501,5.13629,166,16.9452,0,0,5442,7030634680
1997.86,0.500536,45.5128,0,85,65,44,2760,10501,5.13629,166,16.9452,0,0,5442,7031135226
357.857,2.79441,45.5128,0,85,65,44,2760,10501,5.13629,166,16.9452,0,0,5442,7033930109
430.827,2.32112,45.5128,0,85,65,44,2760,10501,5.13629,166,16.9452,0,0,5442,7036251571
414.834,2.4106,45.5128,0,85,65,44,2760,10501,5.13629,166,16.9452,0,0,5442,7038662518
340.998,2.93257,45.5128,0,85,65,44,2760,10501,5.13629,166,16.9452,0,0,5442,7041595492
300.604,3.32664,45.5128,0,85,65,44,2760,10501,5.13629,166,16.9452,0,0,5442,7044922421
330.803,3.02295,45.5128,0,85,65,44,2760,10501,5.13629,166,16.9452,0,0,5442,7047945850
624.183,1.60209,45.5128,0,85,65,44,2760,10501,5.13629,166,16.9452,0,0,5442,7049548144
360.075,2.7772,45.5128,0,85,65,44,2760,10501,5.13629,166,16.9452,0,0,5442,7052325690
274.892,3.63779,45.5128,0,85,65,44,2760,10501,5.13629,166,16.9452,0,0,5442,7055963803
342.67,2.91826,45.5128,0,85,65,44,2760,10501,5.13629,166,16.9452,0,0,5442,7058882430
501.86,1.99259,45.5128,0,85,65,44,2760,10501,5.13629,166,16.9452,0,0,5442,7060875315
424.926,2.35335,45.5128,0,85,65,44,2760,10501,5.13629,166,16.9452,0,0,5442,7063228952
420.802,2.37642,45.5128,0,85,65,44,2760,10501,5.13629,166,16.9452,0,0,5442,7065605984
349.319,2.86271,45.5128,0,85,65,44,2760,10501,5.13629,166,16.9452,0,0,5442,7068468926
192.902,5.18397,45.5128,0,85,65,44,2760,10501,5.13629,166,16.9452,0,0,5442,7073653399
1301.29,0.768468,45.5128,0,85,65,44,2760,10501,5.13629,166,16.9452,0,0,5442,7074422300
421.001,2.37529,45.5128,0,85,65,44,2760,10501,5.13629,166,16.9452,0,0,5442,7076797899
401.097,2.49316,45.5128,0,85,65,44,2760,10501,5.13629,166,16.9452,0,0,5442,7079291618
254.772,3.92509,45.5128,0,85,65,44,2760,10501,5.13629,166,16.9452,0,0,5442,7083217039
511.862,1.95365,45.5128,0,85,65,44,2760,10501,5.13629,166,16.9452,0,0,5442,7085170951
383.642,2.6066,45.5128,0,85,65,44,2760,10501,5.13629,166,16.9452,0,0,5442,7087777885
417.756,2.39374,45.5128,0,85,65,44,2760,10501,5.13629,166,16.9452,0,0,5442,7090171956
339.329,2.94699,45.5128,0,85,65,44,2760,10501,5.13629,166,16.9452,0,0,5442,7093119382
363.647,2.74992,45.5128,0,85,65,44,2760,10501,5.13629,166,16.9452,0,0,5442,7095869465
292.963,3.4134,45.5128,0,85,65,44,2760,10501,5.13629,166,16.9452,0,0,5442,7099283195
564.634,1.77106,45.5128,0,85,65,44,2760,10501,5.13629,166,16.9452,0,0,5442,7101054621
357.809,2.79479,45.5128,0,85,65,44,2760,10501,5.13629,166,16.9452,0,0,5442,7103849686
385.96,2.59094,45.5128,0,85,65,44,2760,10501,5.13629,166,16.9452,0,0,5442,7106440946
193.656,5.16381,45.5128,0,85,65,44,2760,10501,5.13629,166,16.9452,0,0,5442,7111605313
1893.29,0.528181,45.5128,0,85,65,44,2760,10501,5.13629,166,16.9452,0,0,5442,7112133600
378.83,2.6397,45.5128,0,85,65,44,2760,10501,5.13629,166,16.9452,0,0,5442,7114773746
303.524,3.29463,45.5128,0,85,65,44,2760,10501,5.13629,166,16.9452,0,0,5442,7118068752
544.744,1.83573,45.5128,0,85,65,44,2760,10501,5.13629,166,16.9452,0,0,5442,7119904842
359.719,2.77995,45.5128,0,85,65,44,2760,10501,5.13629,166,16.9452,0,0,5442,7122685080
288.859,3.4619,45.5128,0,85,65,44,2760,10501,5.13629,166,16.9452,0,0,5442,7126147351
501.449,1.99422,45.5128,0,85,65,44,2760,10501,5.13629,166,16.9452,0,0,5442,7128142120
354.23,2.82303,45.5128,0,85,65,44,2760,10501,5.13629,166,16.9452,0,0,5442,7130965273
538.677,1.8564,45.5128,0,85,65,44,2760,10501,5.13629,166,16.9452,0,0,5442,7132822028
214.369,4.66485,45.5128,0,85,65,44,2760,10501,5.13629,166,16.9452,0,0,5442,7137487444
1426.09,0.701216,45.5128,0,85,65,44,2760,10501,5.13629,166,16.9452,0,0,5442,7138188939
351.156,2.84774,45.5128,0,85,65,44,2760,10501,5.13629,166,16.9452,0,0,5442,7141037045
382.306,2.6157,45.5128,0,85,65,44,2760,10501,5.13629,166,16.9452,0,0,5442,7143653210
360.345,2.77512,45.5128,0,85,65,44,2760,10501,5.13629,166,16.9452,0,0,5442,7146428573
156.195,6.40226,45.5128,0,85,65,44,2760,10501,5.13629,166,16.9452,0,0,5442,7152831211
675.035,1.48141,45.5128,0,85,65,44,2760,10501,5.13629,166,16.9452,0,0,5442,7154312915
989.849,1.01025,45.5128,0,85,65,44,2760,10501,5.13629,166,16.9452,0,0,5442,7155323353
380.285,2.62961,45.5128,0,85,65,44,2760,10501,5.13629,166,16.9452,0,0,5442,7157953451
370.047,2.70236,45.5128,0,85,65,44,2760,10501,5.13629,166,16.9452,0,0,5442,7160656167
310.049,3.2253,45.5128,0,85,65,44,2760,10501,5.13629,166,16.9452,0,0,5442,7163881728
493.26,2.02733,45.5128,0,85,65,44,2760,10501,5.13629,166,16.9452,0,0,5442,7165909393
360.146,2.77665,45.5128,0,85,65,44,2760,10501,5.13629,166,16.9452,0,0,5442,7168686323
409.79,2.44027,45.5128,0,85,65,44,2760,10501,5.13629,166,16.9452,0,0,5442,7171126943
275.034,3.63591,45.5128,0,85,65,44,2760,10501,5.13629,166,16.9452,0,0,5442,7174763201
545.664,1.83263,45.5128,0,85,65,44,2760,10501,5.13629,166,16.9452,0,0,5442,7176596108
219.419,4.55749,45.5128,0,85,65,44,2760,10501,5.13629,166,16.9452,0,0,5442,7181154089
309.781,3.22809,45.5128,0,85,65,44,2760,10501,5.13629,166,16.9452,0,0,5442,7184382332
587.498,1.70213,45.5128,0,85,65,44,2760,10501,5.13629,166,16.9452,0,0,5442,7186084697
520.164,1.92247,45.5128,0,85,65,44,2760,10501,5.13629,166,16.9452,0,0,5442,7188007560
391.92,2.55154,45.5128,0,85,65,44,2760,10501,5.13629,166,16.9452,0,0,5442,7190559435
389.808,2.56537,45.5128,0,85,65,44,2760,10501,5.13629,166,16.9452,0,0,5442,7193125127
237.411,4.2121,45.5128,0,85,65,44,2760,10501,5.13629,166,16.9452,0,0,5442,7197337605
837.492,1.19404,45.5128,0,85,65,44,2760,10501,5.13629,166,16.9452,0,0,5442,7198531925
478.462,2.09003,45.5128,0,85,65,44,2760,10501,5.13629,166,16.9452,0,0,5442,7200622303
344.651,2.90148,45.5128,0,85,65,44,2760,10501,5.13629,166,16.9452,0,0,5442,7203524112
298.4,3.35121,45.5128,0,85,65,44,2760,10501,5.13629,166,16.9452,0,0,5442,7206875687
482.244,2.07364,45.5128,0,85,65,44,2760,10501,5.13629,166,16.9452,0,0,5442,7208949766
333.676,2.99692,45.5128,0,85,65,44,2760,10501,5.13629,166,16.9452,0,0,5442,7211946867
435.823,2.29451,45.5128,0,85,65,44,2760,10501,5.13629,166,16.9452,0,0,5442,7214241675
336.787,2.96923,45.5128,0,85,65,44,2760,10501,5.13629,166,16.9452,0,0,5442,7217211227
394.323,2.53599,45.5128,0,85,65,44,2760,10501,5.13629,166,16.9452,0,0,5442,7219747553
304.877,3.28001,45.5128,0,85,65,44,2760,10501,5.13629,166,16.9452,0,0,5442,7223027885
489.69,2.04211,45.5128,0,85,65,44,2760,10501,5.13629,166,16.9452,0,0,5442,7225070261
348.017,2.87342,45.5128,0,85,65,44,2760,10501,5.13629,166,16.9452,0,0,5442,7227944021
379.853,2.6326,45.5128,0,85,65,44,2760,10501,5.13629,166,16.9452,0,0,5442,7230577197
227.926,4.38739,45.5128,0,85,65,44,2760,10501,5.13629,166,16.9452,0,0,5442,7234964979
442.235,2.26124,45.5128,0,85,65,44,2760,10501,5.13629,166,16.9452,0,0,5442,7237226536
514.546,1.94346,45.5128,0,85,65,44,2760,10501,5.13629,166,16.9452,0,0,5442,7239170409
409.379,2.44273,45.5128,0,85,65,44,2760,10501,5.13629,166,16.9452,0,0,5442,7241613549
380.2,2.63019,45.5128,0,85,65,44,2760,10501,5.13629,166,16.9452,0,0,5442,7244244119
367.332,2.72233,45.5128,0,85,65,44,2760,10501,5.13629,166,16.9452,0,0,5442,7246966797
342.245,2.92189,45.5128,0,85,65,44,2760,10501,5.13629,166,16.9452,0,0,5442,7249889078
497.453,2.01024,45.5128,0,85,65,44,2760,10501,5.13629,166,16.9452,0,0,5442,7251899723
248.584,4.02278,45.5128,0,85,65,44,2760,10501,5.13629,166,16.9452,0,0,5442,7255923012
492.907,2.02878,45.5128,0,85,65,44,2760,10501,5.13629,166,16.9452,0,0,5442,7257952071
274.03,3.64923,45.5128,0,85,65,44,2760,10501,5.13629,166,16.9452,0,0,5442,7261601790
532.136,1.87922,45.5128,0,85,65,44,2760,10501,5.13629,166,16.9452,0,0,5442,7263481209
479.806,2.08418,45.5128,0,85,65,44,2760,10501,5.13629,166,16.9452,0,0,5442,7265565703
291.37,3.43207,45.5128,0,85,65,44,2760,10501,5.13629,166,16.9452,0,0,5442,7268998078
228.505,4.37627,45.5128,0,85,65,44,2760,10501,5.13629,166,16.9452,0,0,5442,7273374860
1529.31,0.653888,45.5128,0,85,65,44,2760,10501,5.13629,166,16.9452,0,0,5442,7274028940
436.944,2.28863,45.5128,0,85,65,44,2760,10501,5.13629,166,16.9452,0,0,5442,7276317844
271.089,3.68883,45.5128,0,85,65,44,2760,10501,5.13629,166,16.9452,0,0,5442,7280007103
377.365,2.64995,45.5128,0,85,65,44,2760,10501,5.13629,166,16.9452,0,0,5442,7282657606
457.518,2.18571,45.5128,0,85,65,44,2760,10501,5.13629,166,16.9452,0,0,5442,7284843535
293.215,3.41047,45.5128,0,85,65,44,2760,10501,5.13629,166,16.9452,0,0,5442,7288254294
695.145,1.43855,45.5128,0,85,65,44,2760,10501,5.13629,166,16.9452,0,0,5442,7289693333
337.186,2.96572,45.5128,0,85,65,44,2760,10501,5.13629,166,16.9452,0,0,5442,7292659375
388.736,2.57244,45.5128,0,85,65,44,2760,10501,5.13629,166,16.9452,0,0,5442,7295232058
420.349,2.37897,45.5128,0,85,65,44,2760,10501,5.13629,166,16.9452,0,0,5442,7297611398
199.666,5.00836,45.5128,0,85,65,44,2760,10501,5.13629,166,16.9452,0,0,5442,7302620288
1125.72,0.888318,45.5128,0,85,65,44,2760,10501,5.13629,166,16.9452,0,0,5442,7303508895
435.533,2.29604,45.5128,0,85,65,44,2760,10501,5.13629,166,16.9452,0,0,5442,7305805405
395.149,2.53069,45.5128,0,85,65,44,2760,10501,5.13629,166,16.9452,0,0,5442,7308336586
375.272,2.66473,45.5128,0,85,65,44,2760,10501,5.13629,166,16.9452,0,0,5442,7311001532
261.355,3.82622,45.5128,0,85,65,44,2760,10501,5.13629,166,16.9452,0,0,5442,7314828219
589.884,1.69525,45.5128,0,85,65,44,2760,10501,5.13629,166,16.9452,0,0,5442,7316523910
284.163,3.51911,45.5128,0,85,65,44,2760,10501,5.13629,166,16.9452,0,0,5442,7320043144
340.733,2.93485,45.5128,0,85,65,44,2760,10501,5.13629,166,16.9452,0,0,5442,7322978291
266.997,3.74536,45.5128,0,85,65,44,2760,10501,5.13629,166,16.9452,0,0,5442,7326724196
710.344,1.40777,45.5128,0,85,65,44,2760,10501,5.13629,166,16.9452,0,0,5442,7328132061
535.176,1.86854,45.5128,0,85,65,44,2760,10501,5.13629,166,16.9452,0,0,5442,7330000980
400.099,2.49938,45.5128,0,85,65,44,2760,10501,5.13629,166,16.9452,0,0,5442,7332500679
375.812,2.66091,45.5128,0,85,65,44,2760,10501,5.13629,166,16.9452,0,0,5442,7335161779
291.268,3.43327,45.5128,0,85,65,44,2760,10501,5.13629,166,16.9452,0,0,5442,7338595404
234.574,4.26305,45.5128,0,85,65,44,2760,10501,5.13629,166,16.9452,0,0,5442,7342858759
1332.14,0.75067,45.5128,0,85,65,44,2760,10501,5.13629,166,16.9452,0,0,5442,7343609775
370.336,2.70025,45.5128,0,85,65,44,2760,10501,5.13629,166,16.9452,0,0,5442,7346310443
474.173,2.10894,45.5128,0,85,65,44,2760,10501,5.13629,166,16.9452,0,0,5442,7348419668
291.58,3.42959,45.5128,0,85,65,44,2760,10501,5.13629,166,16.9452,0,0,5442,7351849572
491.43,2.03488,45.5128,0,85,65,44,2760,10501,5.13629,166,16.9452,0,0,5442,7353884794
271.736,3.68004,45.5128,0,85,65,44,2760,10501,5.13629,166,16.9452,0,0,5442,7357565197
404.726,2.4708,45.5128,0,85,65,44,2760,10501,5.13629,166,16.9452,0,0,5442,7360039742
405.675,2.46503,45.7908,0,85,65,44,2760,10501,5.13746,166,16.9561,0,0,5435,7362502008
533.814,1.87331,45.7908,0,85,65,44,2760,10501,5.13746,166,16.9561,0,0,5435,7364375590
174.532,5.72961,45.7908,0,85,65,44,2760,10501,5.13746,166,16.9561,0,0,5435,7370105793
684.881,1.46011,45.7908,0,85,65,44,2760,10501,5.13746,166,16.9561,0,0,5435,7371566121
580.736,1.72195,45.7908,0,85,65,44,2760,10501,5.13746,166,16.9561,0,0,5435,7373288496
451.566,2.21452,45.7908,0,85,65,44,2760,10501,5.13746,166,16.9561,0,0,5435,7375503254
325.932,3.06812,45.7908,0,85,65,44,2760,10501,5.13746,166,16.9561,0,0,5435,7378571694
417.724,2.39393,45.7908,0,85,65,44,2760,10501,5.13746,166,16.9561,0,0,5435,7380966024
345.851,2.89142,45.7908,0,85,65,44,2760,10501,5.13746,166,16.9561,0,0,5435,7383857651
377.699,2.64761,45.7908,0,85,65,44,2760,10501,5.13746,166,16.9561,0,0,5435,7386505624
317.409,3.15051,45.7908,0,85,65,44,2760,10501,5.13746,166,16.9561,0,0,5435,7389656500
441.159,2.26676,45.7908,0,85,65,44,2760,10501,5.13746,166,16.9561,0,0,5435,7391923605
222.429,4.49581,45.7908,0,85,65,44,2760,10501,5.13746,166,16.9561,0,0,5435,7396419699
633.175,1.57934,45.7908,0,85,65,44,2760,10501,5.13746,166,16.9561,0,0,5435,7397999300
542.485,1.84337,45.7908,0,85,65,44,2760,10501,5.13746,166,16.9561,0,0,5435,7399842987
311.42,3.2111,45.7908,0,85,65,44,2760,10501,5.13746,166,16.9561,0,0,5435,7403054422
508.734,1.96566,45.7908,0,85,65,44,2760,10501,5.13746,166,16.9561,0,0,5435,7405020412
337.124,2.96626,45.7908,0,85,65,44,2760,10501,5.13746,166,16.9561,0,0,5435,7407987041
376.402,2.65673,45.7908,0,85,65,44,2760,10501,5.13746,166,16.9561,0,0,5435,7410644044
182.935,5.46641,45.7908,0,85,65,44,2760,10501,5.13746,166,16.9561,0,0,5435,7416111247
956.422,1.04556,45.7908,0,85,65,44,2760,10501,5.13746,166,16.9561,0,0,5435,7417156898
387.932,2.57777,45.7908,0,85,65,44,2760,10501,5.13746,166,16.9561,0,0,5435,7419735090
204.826,4.88219,45.7908,0,85,65,44,2760,10501,5.13746,166,16.9561,0,0,5435,7424617803
712.202,1.4041,45.7908,0,85,65,44,2760,10501,5.13746,166,16.9561,0,0,5435,7426022293
508.68,1.96587,45.7908,0,85,65,44,2760,10501,5.13746,166,16.9561,0,0,5435,7427988551
567.372,1.76251,45.7908,0,85,65,44,2760,10501,5.13746,166,16.9561,0,0,5435,7429751370
286.993,3.48441,45.7908,0,85,65,44,2760,10501,5.13746,166,16.9561,0,0,5435,7433236372
369.012,2.70994,45.7908,0,85,65,44,2760,10501,5.13746,166,16.9561,0,0,5435,7435946521
338.212,2.95672,45.7908,0,85,65,44,2760,10501,5.13746,166,16.9561,0,0,5435,7438903544
242.448,4.12459,45.7908,0,85,65,44,2760,10501,5.13746,166,16.9561,0,0,5435,7443028568
465.249,2.14939,45.7908,0,85,65,44,2760,10501,5.13746,166,16.9561,0,0,5435,7445178102
456.265,2.19171,45.7908,0,85,65,44,2760,10501,5.13746,166,16.9561,0,0,5435,7447369964
363.989,2.74733,45.7908,0,85,65,44,2760,10501,5.13746,166,16.9561,0,0,5435,7450117806
337.686,2.96133,45.7908,0,85,65,44,2760,10501,5.13746,166,16.9561,0,0,5435,7453079570
734.812,1.36089,45.7908,0,85,65,44,2760,10501,5.13746,166,16.9561,0,0,5435,7454440789
321.009,3.11518,45.7908,0,85,65,44,2760,10501,5.13746,166,16.9561,0,0,5435,7457556297
357.476,2.79739,45.7908,0,85,65,44,2760,10501,5.13746,166,16.9561,0,0,5435,7460354123
406.447,2.46034,45.7908,0,85,65,44,2760,10501,5.13746,166,16.9561,0,0,5435,7462814648
250.007,3.99989,45.7908,0,85,65,44,2760,10501,5.13746,166,16.9561,0,0,5435,7466815061
711.179,1.40612,45.7908,0,85,65,44,2760,10501,5.13746,166,16.9561,0,0,5435,7468221474
203.671,4.90989,45.7908,0,85,65,44,2760,10501,5.13746,166,16.9561,0,0,5435,7473131899
407.637,2.45316,45.7908,0,85,65,44,2760,10501,5.13746,166,16.9561,0,0,5435,7475585213
514.493,1.94366,45.7908,0,85,65,44,2760,10501,5.13746,166,16.9561,0,0,5435,7477529221
558.493,1.79053,45.7908,0,85,65,44,2760,10501,5.13746,166,16.9561,0,0,5435,7479320204
395.648,2.5275,45.7908,0,85,65,44,2760,10501,5.13746,166,16.9561,0,0,5435,7481850741
247.857,4.03459,45.7908,0,85,65,44,2760,10501,5.13746,166,16.9561,0,0,5435,7485882906
666.853,1.49958,45.7908,0,85,65,44,2760,10501,5.13746,166,16.9561,0,0,5435,7487382793
371.805,2.68958,45.7908,0,85,65,44,2760,10501,5.13746,166,16.9561,0,0,5435,7490072701
239.237,4.17995,45.7908,0,85,65,44,2760,10501,5.13746,166,16.9561,0,0,5435,7494252967
1004.65,0.99537,45.7908,0,85,65,44,2760,10501,5.13746,166,16.9561,0,0,5435,7495248673
358.968,2.78577,45.7908,0,85,65,44,2760,10501,5.13746,166,16.9561,0,0,5435,7498034892
360.238,2.77594,45.7908,0,85,65,44,2760,10501,5.13746,166,16.9561,0,0,5435,7500811188
284.366,3.51659,45.7908,0,85,65,44,2760,10501,5.13746,166,16.9561,0,0,5435,7504328047
543.429,1.84017,45.7908,0,85,65,44,2760,10501,5.13746,166,16.9561,0,0,5435,7506168734
409.509,2.44195,45.7908,0,85,65,44,2760,10501,5.13746,166,16.9561,0,0,5435,7508610845
353.991,2.82493,45.7908,0,85,65,44,2760,10501,5.13746,166,16.9561,0,0,5435,7511436171
279.839,3.57348,45.7908,0,85,65,44,2760,10501,5.13746,166,16.9561,0,0,5435,7515010051
541.034,1.84831,45.7908,0,85,65,44,2760,10501,5.13746,166,16.9561,0,0,5435,7516858940
362.763,2.75662,45.7908,0,85,65,44,2760,10501,5.13746,166,16.9561,0,0,5435,7519615706
373.924,2.67434,45.7908,0,85,65,44,2760,10501,5.13746,166,16.9561,0,0,5435,7522290296
377.457,2.64931,45.7908,0,85,65,44,2760,10501,5.13746,166,16.9561,0,0,5435,7524939924
380.058,2.63118,45.7908,0,85,65,44,2760,10501,5.13746,166,16.9561,0,0,5435,7527571465
200.786,4.98044,45.7908,0,85,65,44,2760,10501,5.13746,166,16.9561,0,0,5435,7532552200
321.24,3.11294,45.7908,0,85,65,44,2760,10501,5.13746,166,16.9561,0,0,5435,7535665487
692.908,1.44319,45.7908,0,85,65,44,2760,10501,5.13746,166,16.9561,0,0,5435,7537109190
424.571,2.35532,45.7908,0,85,65,44,2760,10501,5.13746,166,16.9561,0,0,5435,7539464692
445.954,2.24238,45.7908,0,85,65,44,2760,10501,5.13746,166,16.9561,0,0,5435,7541707508
353.397,2.82968,45.7908,0,85,65,44,2760,10501,5.13746,166,16.9561,0,0,5435,7544537450
330.341,3.02718,45.7908,0,85,65,44,2760,10501,5.13746,166,16.9561,0,0,5435,7547565100
522.1,1.91534,45.7908,0,85,65,44,2760,10501,5.13746,166,16.9561,0,0,5435,7549480664
341.159,2.93119,45.7908,0,85,65,44,2760,10501,5.13746,166,16.9561,0,0,5435,7552412292
430.913,2.32066,45.7908,0,85,65,44,2760,10501,5.13746,166,16.9561,0,0,5435,7554733197
189.404,5.27971,45.7908,0,85,65,44,2760,10501,5.13746,166,16.9561,0,0,5435,7560013404
1086.28,0.920569,45.7908,0,85,65,44,2760,10501,5.13746,166,16.9561,0,0,5435,7560934166
408.113,2.4503,45.7908,0,85,65,44,2760,10501,5.13746,166,16.9561,0,0,5435,7563384825
314.678,3.17785,45.7908,0,85,65,44,2760,10501,5.13746,166,16.9561,0,0,5435,7566562971
494.642,2.02167,45.7908,0,85,65,44,2760,10501,5.13746,166,16.9561,0,0,5435,7568584981
410.269,2.43743,45.7908,0,85,65,44,2760,10501,5.13746,166,16.9561,0,0,5435,7571022708
312.828,3.19665,45.7908,0,85,65,44,2760,10501,5.13746,166,16.9561,0,0,5435,7574219681
238.447,4.19381,45.7908,0,85,65,44,2760,10501,5.13746,166,16.9561,0,0,5435,7578413774
548.21,1.82412,45.7908,0,85,65,44,2760,10501,5.13746,166,16.9561,0,0,5435,7580238364
453.523,2.20496,45.7908,0,85,65,44,2760,10501,5.13746,166,16.9561,0,0,5435,7582443487
249.765,4.00376,45.7908,0,85,65,44,2760,10501,5.13746,166,16.9561,0,0,5435,7586447670
829.583,1.20543,45.7908,0,85,65,44,2760,10501,5.13746,166,16.9561,0,0,5435,7587653230
337.093,2.96654,45.7908,0,85,65,44,2760,10501,5.13746,166,16.9561,0,0,5435,7590620166
249.829,4.00274,45.7908,0,85,65,44,2760,10501,5.13746,166,16.9561,0,0,5435,7594623205
645.66,1.5488,45.7908,0,85,65,44,2760,10501,5.13746,166,16.9561,0,0,5435,7596172497
393.057,2.54416,45.7908,0,85,65,44,2760,10501,5.13746,166,16.9561,0,0,5435,7598716891
325.869,3.06872,45.7908,0,85,65,44,2760,10501,5.13746,166,16.9561,0,0,5435,7601785917
308.059,3.24613,45.7908,0,85,65,44,2760,10501,5.13746,166,16.9561,0,0,5435,7605032604
498.612,2.00557,45.7908,0,85,65,44,2760,10501,5.13746,166,16.9561,0,0,5435,7607038316
450.244,2.22102,45.7908,0,85,65,44,2760,10501,5.13746,166,16.9561,0,0,5435,7609259679
317.83,3.14634,45.7908,0,85,65,44,2760,10501,5.13746,166,16.9561,0,0,5435,7612406323
405.275,2.46746,45.7908,0,85,65,44,2760,10501,5.13746,166,16.9561,0,0,5435,7614874108
447.318,2.23555,45.7908,0,85,65,44,2760,10501,5.13746,166,16.9561,0,0,5435,7617109972
363.942,2.74769,45.7908,0,85,65,44,2760,10501,5.13746,166,16.9561,0,0,5435,7619858161
284.964,3.50921,45.7908,0,85,65,44,2760,10501,5.13746,166,16.9561,0,0,5435,7623367606
523.516,1.91016,45.7908,0,85,65,44,2760,10501,5.13746,166,16.9561,0,0,5435,7625278094
375.427,2.66364,45.7908,0,85,65,44,2760,10501,5.13746,166,16.9561,0,0,5435,7627942049
437.543,2.28549,45.7908,0,85,65,44,2760,10501,5.13746,166,16.9561,0,0,5435,7630227837
378.741,2.64033,45.7908,0,85,65,44,2760,10501,5.13746,166,16.9561,0,0,5435,7632868532
408.428,2.44841,45.7908,0,85,65,44,2760,10501,5.13746,166,16.9561,0,0,5435,7635317384
230.831,4.33216,45.7908,0,85,65,44,2760,10501,5.13746,166,16.9561,0,0,5435,7639649790
586.087,1.70623,45.7908,0,85,65,44,2760,10501,5.13746,166,16.9561,0,0,5435,7641356443
336.048,2.97576,45.7908,0,85,65,44,2760,10501,5.13746,166,16.9561,0,0,5435,7644332592
427.737,2.33789,45.7908,0,85,65,44,2760,10501,5.13746,166,16.9561,0,0,5435,7646670911
384.924,2.59791,45.7908,0,85,65,44,2760,10501,5.13746,166,16.9561,0,0,5435,7649268950
339.092,2.94905,45.7908,0,85,65,44,2760,10501,5.13746,166,16.9561,0,0,5435,7652218280
352.296,2.83852,45.7908,0,85,65,44,2760,10501,5.13746,166,16.9561,0,0,5435,7655057261
380.413,2.62872,45.7908,0,85,65,44,2760,10501,5.13746,166,16.9561,0,0,5435,7657686215
371.023,2.69525,45.7908,0,85,65,44,2760,10501,5.13746,166,16.9561,0,0,5435,7660381767
202.524,4.93768,45.7908,0,85,65,44,2760,10501,5.13746,166,16.9561,0,0,5435,7665319674
308.933,3.23695,45.7908,0,85,65,44,2760,10501,5.13746,166,16.9561,0,0,5435,7668557062
443.862,2.25295,45.7908,0,85,65,44,2760,10501,5.13746,166,16.9561,0,0,5435,7670810474
1246.83,0.802037,45.7908,0,85,65,44,2760,10501,5.13746,166,16.9561,0,0,5435,7671612655
439.202,2.27686,45.7908,0,85,65,44,2760,10501,5.13746,166,16.9561,0,0,5435,7673889982
333.113,3.00199,45.7908,0,85,65,44,2760,10501,5.13746,166,16.9561,0,0,5435,7676892179
388.633,2.57312,45.7908,0,85,65,44,2760,10501,5.13746,166,16.9561,0,0,5435,7679465747
374.046,2.67347,45.7908,0,85,65,44,2760,10501,5.13746,166,16.9561,0,0,5435,7682139529
380.719,2.62661,45.7908,0,85,65,44,2760,10501,5.13746,166,16.9561,0,0,5435,7684766368
315.954,3.16502,45.7908,0,85,65,44,2760,10501,5.13746,166,16.9561,0,0,5435,7687931811
426.383,2.34531,45.7908,0,85,65,44,2760,10501,5.13746,166,16.9561,0,0,5435,7690277409
427.387,2.3398,45.7908,0,85,65,44,2760,10501,5.13746,166,16.9561,0,0,5435,7692617498
231.671,4.31647,45.7908,0,85,65,44,2760,10501,5.13746,166,16.9561,0,0,5435,7696934297
482.059,2.07444,45.7908,0,85,65,44,2760,10501,5.13746,166,16.9561,0,0,5435,7699009357
491.191,2.03587,45.7908,0,85,65,44,2760,10501,5.13746,166,16.9561,0,0,5435,7701045435
296.659,3.37087,45.7908,0,85,65,44,2760,10501,5.13746,166,16.9561,0,0,5435,7704416645
459.82,2.17477,45.7908,0,85,65,44,2760,10501,5.13746,166,16.9561,0,0,5435,7706591728
377.58,2.64844,45.7908,0,85,65,44,2760,10501,5.13746,166,16.9561,0,0,5435,7709240413
363.502,2.75101,45.7908,0,85,65,44,2760,10501,5.13746,166,16.9561,0,0,5435,7711991775
321.731,3.10818,45.7908,0,85,65,44,2760,10501,5.13746,166,16.9561,0,0,5435,7715100371
494.085,2.02394,45.7908,0,85,65,44,2760,10501,5.13746,166,16.9561,0,0,5435,7717124554
223.186,4.48057,45.7908,0,85,65,44,2760,10501,5.13746,166,16.9561,0,0,5435,7721605667
613.429,1.63018,45.7908,0,85,65,44,2760,10501,5.13746,166,16.9561,0,0,5435,7723236000
528.335,1.89274,45.7908,0,85,65,44,2760,10501,5.13746,166,16.9561,0,0,5435,7725129064
329.471,3.03517,45.7908,0,85,65,44,2760,10501,5.13746,166,16.9561,0,0,5435,7728164542
349.526,2.86102,45.7908,0,85,65,44,2760,10501,5.13746,166,16.9561,0,0,5435,7731025946
448.729,2.22852,45.7908,0,85,65,44,2760,10501,5.13746,166,16.9561,0,0,5435,7733254713
385.159,2.59633,45.7908,0,85,65,44,2760,10501,5.13746,166,16.9561,0,0,5435,7735851522
369.217,2.70844,45.7908,0,85,65,44,2760,10501,5.13746,166,16.9561,0,0,5435,7738560325
340.54,2.93651,45.7908,0,85,65,44,2760,10501,5.13746,166,16.9561,0,0,5435,7741497049
263.643,3.79301,45.7908,0,85,65,44,2760,10501,5.13746,166,16.9561,0,0,5435,7745290465
317.209,3.15249,45.7908,0,85,65,44,2760,10501,5.13746,166,16.9561,0,0,5435,7748443311
424.323,2.35669,45.7908,0,85,65,44,2760,10501,5.13746,166,16.9561,0,0,5435,7750800266
420.974,2.37544,45.7908,0,85,65,44,2760,10501,5.13746,166,16.9561,0,0,5435,7753176038
486.775,2.05434,45.7908,0,85,65,44,2760,10501,5.13746,166,16.9561,0,0,5435,7755230569
328.456,3.04454,45.7908,0,85,65,44,2760,10501,5.13746,166,16.9561,0,0,5435,7758275633
380.232,2.62997,45.7908,0,85,65,44,2760,10501,5.13746,166,16.9561,0,0,5435,7760905837
399.945,2.50034,45.7908,0,85,65,44,2760,10501,5.13746,166,16.9561,0,0,5435,7763406527
377.598,2.64832,45.7908,0,85,65,44,2760,10501,5.13746,166,16.9561,0,0,5435,7766055107
454.995,2.19782,45.7908,0,85,65,44,2760,10501,5.13746,166,16.9561,0,0,5435,7768253258
302.393,3.30696,45.7908,0,85,65,44,2760,10501,5.13746,166,16.9561,0,0,5435,7771560542
258.192,3.87308,45.7908,0,85,65,44,2760,10501,5.13746,166,16.9561,0,0,5435,7775434086
452.745,2.20875,45.7908,0,85,65,44,2760,10501,5.13746,166,16.9561,0,0,5435,7777643113
536.761,1.86302,45.7908,0,85,65,44,2760,10501,5.13746,166,16.9561,0,0,5435,7779506397
371.227,2.69377,45.7908,0,85,65,44,2760,10501,5.13746,166,16.9561,0,0,5435,7782200545
371.594,2.69111,45.7908,0,85,65,44,2760,10501,5.13746,166,16.9561,0,0,5435,7784891953
407.967,2.45118,45.7908,0,85,65,44,2760,10501,5.13746,166,16.9561,0,0,5435,7787343468
372.476,2.68474,45.7908,0,85,65,44,2760,10501,5.13746,166,16.9561,0,0,5435,7790028636
299.987,3.33348,45.7908,0,85,65,44,2760,10501,5.13746,166,16.9561,0,0,5435,7793362633
430.956,2.32043,45.7908,0,85,65,44,2760,10501,5.13746,166,16.9561,0,0,5435,7795683125
316.059,3.16396,45.7908,0,85,65,44,2760,10501,5.13746,166,16.9561,0,0,5435,7798847414
296.346,3.37443,45.7908,0,85,65,44,2760,10501,5.13746,166,16.9561,0,0,5435,7802222412
526.423,1.89961,45.7908,0,85,65,44,2760,10501,5.13746,166,16.9561,0,0,5435,7804122274
218.48,4.57709,45.7908,0,85,65,44,2760,10501,5.13746,166,16.9561,0,0,5435,7808699852
1793.66,0.557519,45.7908,0,85,65,44,2760,10501,5.13746,166,16.9561,0,0,5435,7809257640
286.571,3.48954,45.7908,0,85,65,44,2760,10501,5.13746,166,16.9561,0,0,5435,7812747430
435.812,2.29457,45.7908,0,85,65,44,2760,10501,5.13746,166,16.9561,0,0,5435,7815042440
539.063,1.85507,45.7908,0,85,65,44,2760,10501,5.13746,166,16.9561,0,0,5435,7816897993
356.648,2.80388,45.7908,0,85,65,44,2760,10501,5.13746,166,16.9561,0,0,5435,7819702107
343.634,2.91007,45.7908,0,85,65,44,2760,10501,5.13746,166,16.9561,0,0,5435,7822612859
372.606,2.6838,45.7908,0,85,65,44,2760,10501,5.13746,166,16.9561,0,0,5435,7825296786
216.784,4.6129,45.7908,0,85,65,44,2760,10501,5.13746,166,16.9561,0,0,5435,7829910028
342.503,2.91968,45.7908,0,85,65,44,2760,10501,5.13746,166,16.9561,0,0,5435,7832830271
711.993,1.40451,45.7908,0,85,65,44,2760,10501,5.13746,166,16.9561,0,0,5435,7834235001
554.06,1.80486,45.7908,0,85,65,44,2760,10501,5.13746,166,16.9561,0,0,5435,7836040148
409.711,2.44075,45.7908,0,85,65,44,2760,10501,5.13746,166,16.9561,0,0,5435,7838481317
337.7,2.96121,45.7908,0,85,65,44,2760,10501,5.13746,166,16.9561,0,0,5435,7841442801
428.737,2.33243,45.7908,0,85,65,44,2760,10501,5.13746,166,16.9561,0,0,5435,7843775476
350.276,2.85489,45.7908,0,85,65,44,2760,10501,5.13746,166,16.9561,0,0,5435,7846630707
306.639,3.26117,45.7908,0,85,65,44,2760,10501,5.13746,166,16.9561,0,0,5435,7849892230
250.662,3.98944,45.7908,0,85,65,44,2760,10501,5.13746,166,16.9561,0,0,5435,7853882268
566.3,1.76585,45.7908,0,85,65,44,2760,10501,5.13746,166,16.9561,0,0,5435,7855648453
585.945,1.70664,45.7908,0,85,65,44,2760,10501,5.13746,166,16.9561,0,0,5435,7857385175
404.763,2.47058,45.7908,0,85,65,44,2760,10501,5.13746,166,16.9561,0,0,5435,7859856124
367.405,2.72179,45.7908,0,85,65,44,2760,10501,5.13746,166,16.9561,0,0,5435,7862581042
282.437,3.54061,45.3846,0,86,65,44,2760,10501,5.13629,167,16.9555,0,0,5440,7866119142
344.592,2.90198,45.3846,0,86,65,44,2760,10501,5.13629,167,16.9555,0,0,5440,7869021452
555.65,1.7997,45.3846,0,86,65,44,2760,10501,5.13629,167,16.9555,0,0,5440,7870821445
366.078,2.73166,45.3846,0,86,65,44,2760,10501,5.13629,167,16.9555,0,0,5440,7873553518
175.15,5.70938,45.3846,0,86,65,44,2760,10501,5.13629,167,16.9555,0,0,5440,7879263605
479.618,2.08499,45.3846,0,86,65,44,2760,10501,5.13629,167,16.9555,0,0,5440,7881348877
561.648,1.78047,45.3846,0,86,65,44,2760,10501,5.13629,167,16.9555,0,0,5440,7883129716
535.83,1.86627,45.3846,0,86,65,44,2760,10501,5.13629,167,16.9555,0,0,5440,7884996384
490.598,2.03833,45.3846,0,86,65,44,2760,10501,5.13629,167,16.9555,0,0,5440,7887034963
259.229,3.85759,45.3846,0,86,65,44,2760,10501,5.13629,167,16.9555,0,0,5440,7890892881
568.349,1.75948,45.3846,0,86,65,44,2760,10501,5.13629,167,16.9555,0,0,5440,7892652844
420.822,2.3763,45.3846,0,86,65,44,2760,10501,5.13629,167,16.9555,0,0,5440,7895029299
349.13,2.86426,45.3846,0,86,65,44,2760,10501,5.13629,167,16.9555,0,0,5440,7897893886
309.571,3.23027,45.3846,0,86,65,44,2760,10501,5.13629,167,16.9555,0,0,5440,7901124582
558.499,1.79051,45.3846,0,86,65,44,2760,10501,5.13629,167,16.9555,0,0,5440,7902915488
184.842,5.41003,45.3846,0,86,65,44,2760,10501,5.13629,167,16.9555,0,0,5440,7908325911
427.282,2.34038,45.3846,0,86,65,44,2760,10501,5.13629,167,16.9555,0,0,5440,7910666576
646.499,1.54679,45.3846,0,86,65,44,2760,10501,5.13629,167,16.9555,0,0,5440,7912213628
576.835,1.7336,45.3846,0,86,65,44,2760,10501,5.13629,167,16.9555,0,0,5440,7913947523
382.208,2.61638,45.3846,0,86,65,44,2760,10501,5.13629,167,16.9555,0,0,5440,7916564410
325.178,3.07524,45.3846,0,86,65,44,2760,10501,5.13629,167,16.9555,0,0,5440,7919639802
557.861,1.79256,45.3846,0,86,65,44,2760,10501,5.13629,167,16.9555,0,0,5440,7921432824
315.513,3.16944,45.3846,0,86,65,44,2760,10501,5.13629,167,16.9555,0,0,5440,7924602642
386.522,2.58717,45.3846,0,86,65,44,2760,10501,5.13629,167,16.9555,0,0,5440,7927189998
355.005,2.81686,45.3846,0,86,65,44,2760,10501,5.13629,167,16.9555,0,0,5440,7930007189
323.32,3.09291,45.3846,0,86,65,44,2760,10501,5.13629,167,16.9555,0,0,5440,7933100419
268.712,3.72146,45.3846,0,86,65,44,2760,10501,5.13629,167,16.9555,0,0,5440,7936822361
478.136,2.09145,45.3846,0,86,65,44,2760,10501,5.13629,167,16.9555,0,0,5440,7938914268
601.654,1.66209,45.3846,0,86,65,44,2760,10501,5.13629,167,16.9555,0,0,5440,7940576334
362.062,2.76196,45.3846,0,86,65,44,2760,10501,5.13629,167,16.9555,0,0,5440,7943338677
350.658,2.85178,45.3846,0,86,65,44,2760,10501,5.13629,167,16.9555,0,0,5440,7946190744
401.731,2.48923,45.3846,0,86,65,44,2760,10501,5.13629,167,16.9555,0,0,5440,7948680482
398.744,2.50787,45.3846,0,86,65,44,2760,10501,5.13629,167,16.9555,0,0,5440,7951188586
308.299,3.2436,45.3846,0,86,65,44,2760,10501,5.13629,167,16.9555,0,0,5440,7954432532
368.216,2.71579,45.3846,0,86,65,44,2760,10501,5.13629,167,16.9555,0,0,5440,7957148643
368.185,2.71603,45.3846,0,86,65,44,2760,10501,5.13629,167,16.9555,0,0,5440,7959865032
217.873,4.58984,45.3846,0,86,65,44,2760,10501,5.13629,167,16.9555,0,0,5440,7964455389
534.928,1.86941,45.3846,0,86,65,44,2760,10501,5.13629,167,16.9555,0,0,5440,7966325125
541.583,1.84644,45.3846,0,86,65,44,2760,10501,5.13629,167,16.9555,0,0,5440,7968171735
366.365,2.72952,45.3846,0,86,65,44,2760,10501,5.13629,167,16.9555,0,0,5440,7970901596
414.79,2.41086,45.3846,0,86,65,44,2760,10501,5.13629,167,16.9555,0,0,5440,7973312735
385.844,2.59172,45.3846,0,86,65,44,2760,10501,5.13629,167,16.9555,0,0,5440,7975904736
312.723,3.19772,45.3846,0,86,65,44,2760,10501,5.13629,167,16.9555,0,0,5440,7979102854
672.034,1.48802,45.3846,0,86,65,44,2760,10501,5.13629,167,16.9555,0,0,5440,7980591086
379.113,2.63773,45.3846,0,86,65,44,2760,10501,5.13629,167,16.9555,0,0,5440,7983229300
185.778,5.38278,45.3846,0,86,65,44,2760,10501,5.13629,167,16.9555,0,0,5440,7988612491
348.776,2.86717,45.3846,0,86,65,44,2760,10501,5.13629,167,16.9555,0,0,5440,7991480011
1096.08,0.912338,45.3846,0,86,65,44,2760,10501,5.13629,167,16.9555,0,0,5440,7992392657
409.4,2.4426,45.3846,0,86,65,44,2760,10501,5.13629,167,16.9555,0,0,5440,7994835518
425.078,2.35251,45.3846,0,86,65,44,2760,10501,5.13629,167,16.9555,0,0,5440,7997188463
430.756,2.3215,45.3846,0,86,65,44,2760,10501,5.13629,167,16.9555,0,0,5440,7999510532
356.244,2.80707,45.3846,0,86,65,44,2760,10501,5.13629,167,16.9555,0,0,5440,8002318049
374.398,2.67096,45.3846,0,86,65,44,2760,10501,5.13629,167,16.9555,0,0,5440,8004989226
394.745,2.53328,45.3846,0,86,65,44,2760,10501,5.13629,167,16.9555,0,0,5440,8007522802
345.54,2.89402,45.3846,0,86,65,44,2760,10501,5.13629,167,16.9555,0,0,5440,8010417216
386.797,2.58534,45.3846,0,86,65,44,2760,10501,5.13629,167,16.9555,0,0,5440,8013002957
448.361,2.23035,45.3846,0,86,65,44,2760,10501,5.13629,167,16.9555,0,0,5440,8015233706
315.668,3.16789,45.3846,0,86,65,44,2760,10501,5.13629,167,16.9555,0,0,5440,8018401889
388.875,2.57152,45.3846,0,86,65,44,2760,10501,5.13629,167,16.9555,0,0,5440,8020973813
363.209,2.75324,45.3846,0,86,65,44,2760,10501,5.13629,167,16.9555,0,0,5440,8023727453
288.654,3.46436,45.3846,0,86,65,44,2760,10501,5.13629,167,16.9555,0,0,5440,8027192224
523.927,1.90866,45.3846,0,86,65,44,2760,10501,5.13629,167,16.9555,0,0,5440,8029101202
380.13,2.63068,45.3846,0,86,65,44,2760,10501,5.13629,167,16.9555,0,0,5440,8031732329
359.373,2.78262,45.3846,0,86,65,44,2760,10501,5.13629,167,16.9555,0,0,5440,8034515230
369.608,2.70557,45.3846,0,86,65,44,2760,10501,5.13629,167,16.9555,0,0,5440,8037221052
355.587,2.81225,45.3846,0,86,65,44,2760,10501,5.13629,167,16.9555,0,0,5440,8040033628
219.253,4.56093,45.3846,0,86,65,44,2760,10501,5.13629,167,16.9555,0,0,5440,8044594964
408.639,2.44715,45.3846,0,86,65,44,2760,10501,5.13629,167,16.9555,0,0,5440,8047042355
551.346,1.81374,45.3846,0,86,65,44,2760,10501,5.13629,167,16.9555,0,0,5440,8048856454
401.858,2.48844,45.3846,0,86,65,44,2760,10501,5.13629,167,16.9555,0,0,5440,8051345182
384.406,2.60141,45.3846,0,86,65,44,2760,10501,5.13629,167,16.9555,0,0,5440,8053947155
274.489,3.64313,45.3846,0,86,65,44,2760,10501,5.13629,167,16.9555,0,0,5440,8057590393
425.837,2.34832,45.3846,0,86,65,44,2760,10501,5.13629,167,16.9555,0,0,5440,8059939203
442.412,2.26033,45.3846,0,86,65,44,2760,10501,5.13629,167,16.9555,0,0,5440,8062199779
370.918,2.69601,45.3846,0,86,65,44,2760,10501,5.13629,167,16.9555,0,0,5440,8064896062
336.715,2.96987,45.3846,0,86,65,44,2760,10501,5.13629,167,16.9555,0,0,5440,8067866402
174.976,5.71507,45.3846,0,86,65,44,2760,10501,5.13629,167,16.9555,0,0,5440,8073581855
426.465,2.34486,45.3846,0,86,65,44,2760,10501,5.13629,167,16.9555,0,0,5440,8075926934
736.472,1.35783,45.3846,0,86,65,44,2760,10501,5.13629,167,16.9555,0,0,5440,8077285249
678.381,1.4741,45.3846,0,86,65,44,2760,10501,5.13629,167,16.9555,0,0,5440,8078759568
441.101,2.26706,45.3846,0,86,65,44,2760,10501,5.13629,167,16.9555,0,0,5440,8081026981
393.852,2.53903,45.3846,0,86,65,44,2760,10501,5.13629,167,16.9555,0,0,5440,8083566355
352.977,2.83305,45.3846,0,86,65,44,2760,10501,5.13629,167,16.9555,0,0,5440,8086399844
365.436,2.73646,45.3846,0,86,65,44,2760,10501,5.13629,167,16.9555,0,0,5440,8089136619
398.789,2.50759,45.3846,0,86,65,44,2760,10501,5.13629,167,16.9555,0,0,5440,8091644396
313.247,3.19237,45.3846,0,86,65,44,2760,10501,5.13629,167,16.9555,0,0,5440,8094837071
562.17,1.77882,45.3846,0,86,65,44,2760,10501,5.13629,167,16.9555,0,0,5440,8096616237
269.586,3.70938,45.3846,0,86,65,44,2760,10501,5.13629,167,16.9555,0,0,5440,8100325871
284.047,3.52054,45.3846,0,86,65,44,2760,10501,5.13629,167,16.9555,0,0,5440,8103846807
605.081,1.65267,45.3846,0,86,65,44,2760,10501,5.13629,167,16.9555,0,0,5440,8105499776
417.788,2.39356,45.3846,0,86,65,44,2760,10501,5.13629,167,16.9555,0,0,5440,8107893694
395.284,2.52983,45.3846,0,86,65,44,2760,10501,5.13629,167,16.9555,0,0,5440,8110423846
358.052,2.79289,45.3846,0,86,65,44,2760,10501,5.13629,167,16.9555,0,0,5440,8113216921
370.802,2.69686,45.3846,0,86,65,44,2760,10501,5.13629,167,16.9555,0,0,5440,8115914022
345.028,2.89832,45.3846,0,86,65,44,2760,10501,5.13629,167,16.9555,0,0,5440,8118812725
413.513,2.4183,45.3846,0,86,65,44,2760,10501,5.13629,167,16.9555,0,0,5440,8121231345
345.663,2.89299,45.3846,0,86,65,44,2760,10501,5.13629,167,16.9555,0,0,5440,8124124673
311.826,3.20692,45.3846,0,86,65,44,2760,10501,5.13629,167,16.9555,0,0,5440,8127331897
249.846,4.00246,45.3846,0,86,65,44,2760,10501,5.13629,167,16.9555,0,0,5440,8131334666
638.701,1.56568,45.3846,0,86,65,44,2760,10501,5.13629,167,16.9555,0,0,5440,8132900527
436.668,2.29007,45.3846,0,86,65,44,2760,10501,5.13629,167,16.9555,0,0,5440,8135190979
378.176,2.64427,45.3846,0,86,65,44,2760,10501,5.13629,167,16.9555,0,0,5440,8137835520
410.604,2.43544,45.3846,0,86,65,44,2760,10501,5.13629,167,16.9555,0,0,5440,8140271294
396.739,2.52055,45.3846,0,86,65,44,2760,10501,5.13629,167,16.9555,0,0,5440,8142792168
325.306,3.07403,45.3846,0,86,65,44,2760,10501,5.13629,167,16.9555,0,0,5440,8145866502
402.591,2.48391,45.3846,0,86,65,44,2760,10501,5.13629,167,16.9555,0,0,5440,8148350720
349.343,2.86252,45.3846,0,86,65,44,2760,10501,5.13629,167,16.9555,0,0,5440,8151213788
300.858,3.32382,45.3846,0,86,65,44,2760,10501,5.13629,167,16.9555,0,0,5440,8154537958
502.699,1.98926,45.3846,0,86,65,44,2760,10501,5.13629,167,16.9555,0,0,5440,8156527371
368.75,2.71186,45.3846,0,86,65,44,2760,10501,5.13629,167,16.9555,0,0,5440,8159239635
352.151,2.83969,45.3846,0,86,65,44,2760,10501,5.13629,167,16.9555,0,0,5440,8162079789
378.487,2.6421,45.3846,0,86,65,44,2760,10501,5.13629,167,16.9555,0,0,5440,8164722070
422.028,2.36951,45.3846,0,86,65,44,2760,10501,5.13629,167,16.9555,0,0,5440,8167091862
241.464,4.14141,45.3846,0,86,65,44,2760,10501,5.13629,167,16.9555,0,0,5440,8171233761
692.198,1.44467,45.3846,0,86,65,44,2760,10501,5.13629,167,16.9555,0,0,5440,8172678607
391.596,2.55365,45.3846,0,86,65,44,2760,10501,5.13629,167,16.9555,0,0,5440,8175232607
209.094,4.78255,45.3846,0,86,65,44,2760,10501,5.13629,167,16.9555,0,0,5440,8180015537
305.337,3.27507,45.3846,0,86,65,44,2760,10501,5.13629,167,16.9555,0,0,5440,8183290869
875.893,1.14169,45.3846,0,86,65,44,2760,10501,5.13629,167,16.9555,0,0,5440,8184432879
569.866,1.7548,45.3846,0,86,65,44,2760,10501,5.13629,167,16.9555,0,0,5440,8186188034
366.394,2.7293,45.3846,0,86,65,44,2760,10501,5.13629,167,16.9555,0,0,5440,8188917780
367.406,2.72179,45.3846,0,86,65,44,2760,10501,5.13629,167,16.9555,0,0,5440,8191639785
371.128,2.69448,45.3846,0,86,65,44,2760,10501,5.13629,167,16.9555,0,0,5440,8194334626
349.244,2.86333,45.3846,0,86,65,44,2760,10501,5.13629,167,16.9555,0,0,5440,8197198299
287.434,3.47906,45.3846,0,86,65,44,2760,10501,5.13629,167,16.9555,0,0,5440,8200677676
537.325,1.86107,45.3846,0,86,65,44,2760,10501,5.13629,167,16.9555,0,0,5440,8202539085
391.404,2.5549,45.3846,0,86,65,44,2760,10501,5.13629,167,16.9555,0,0,5440,8205094277
326.708,3.06083,45.3846,0,86,65,44,2760,10501,5.13629,167,16.9555,0,0,5440,8208155380
406.794,2.45825,45.3846,0,86,65,44,2760,10501,5.13629,167,16.9555,0,0,5440,8210613982
403.956,2.47552,45.3846,0,86,65,44,2760,10501,5.13629,167,16.9555,0,0,5440,8213089729
326.581,3.06203,45.3846,0,86,65,44,2760,10501,5.13629,167,16.9555,0,0,5440,8216152015
358.292,2.79102,45.3846,0,86,65,44,2760,10501,5.13629,167,16.9555,0,0,5440,8218943407
465.976,2.14603,45.3846,0,86,65,44,2760,10501,5.13629,167,16.9555,0,0,5440,8221089691
342.948,2.9159,45.3846,0,86,65,44,2760,10501,5.13629,167,16.9555,0,0,5440,8224005943
429.397,2.32885,45.3846,0,86,65,44,2760,10501,5.13629,167,16.9555,0,0,5440,8226335166
361.587,2.76558,45.3846,0,86,65,44,2760,10501,5.13629,167,16.9555,0,0,5440,8229101028
315.461,3.16996,45.3846,0,86,65,44,2760,10501,5.13629,167,16.9555,0,0,5440,8232271510
311.72,3.208,45.3846,0,86,65,44,2760,10501,5.13629,167,16.9555,0,0,5440,8235479849
478.462,2.09003,45.3846,0,86,65,44,2760,10501,5.13629,167,16.9555,0,0,5440,8237570217
293.332,3.40911,45.3846,0,86,65,44,2760,10501,5.13629,167,16.9555,0,0,5440,8240979563
443.948,2.25252,45.3846,0,86,65,44,2760,10501,5.13629,167,16.9555,0,0,5440,8243232466
532.51,1.8779,45.3846,0,86,65,44,2760,10501,5.13629,167,16.9555,0,0,5440,8245110673
276.378,3.61823,45.3846,0,86,65,44,2760,10501,5.13629,167,16.9555,0,0,5440,8248729430
647.445,1.54453,45.3846,0,86,65,44,2760,10501,5.13629,167,16.9555,0,0,5440,8250274251
339.285,2.94738,45.3846,0,86,65,44,2760,10501,5.13629,167,16.9555,0,0,5440,8253221956
359.232,2.78372,45.3846,0,86,65,44,2760,10501,5.13629,167,16.9555,0,0,5440,8256005896
405.329,2.46713,45.3846,0,86,65,44,2760,10501,5.13629,167,16.9555,0,0,5440,8258473335
309.188,3.23428,45.3846,0,86,65,44,2760,10501,5.13629,167,16.9555,0,0,5440,8261708156
498.837,2.00466,45.3846,0,86,65,44,2760,10501,5.13629,167,16.9555,0,0,5440,8263713175
194.576,5.13938,45.3846,0,86,65,44,2760,10501,5.13629,167,16.9555,0,0,5440,8268852945
1593.6,0.627512,45.3846,0,86,65,44,2760,10501,5.13629,167,16.9555,0,0,5440,8269480331
438.291,2.28159,45.3846,0,86,65,44,2760,10501,5.13629,167,16.9555,0,0,5440,8271762495
204.954,4.87914,45.3846,0,86,65,44,2760,10501,5.13629,167,16.9555,0,0,5440,8276642005
598.283,1.67145,45.3846,0,86,65,44,2760,10501,5.13629,167,16.9555,0,0,5440,8278313840
538.251,1.85787,45.3846,0,86,65,44,2760,10501,5.13629,167,16.9555,0,0,5440,8280171913
435.157,2.29802,45.3846,0,86,65,44,2760,10501,5.13629,167,16.9555,0,0,5440,8282470365
392.971,2.54472,45.3846,0,86,65,44,2760,10501,5.13629,167,16.9555,0,0,5440,8285015326
274.985,3.63656,45.3846,0,86,65,44,2760,10501,5.13629,167,16.9555,0,0,5440,8288652189
466.118,2.14538,45.3846,0,86,65,44,2760,10501,5.13629,167,16.9555,0,0,5440,8290797819
416.402,2.40152,45.3846,0,86,65,44,2760,10501,5.13629,167,16.9555,0,0,5440,8293199775
346.372,2.88707,45.3846,0,86,65,44,2760,10501,5.13629,167,16.9555,0,0,5440,8296087208
392.534,2.54755,45.3846,0,86,65,44,2760,10501,5.13629,167,16.9555,0,0,5440,8298635131
405.637,2.46526,45.3846,0,86,65,44,2760,10501,5.13629,167,16.9555,0,0,5440,8301100849
319.24,3.13244,45.3846,0,86,65,44,2760,10501,5.13629,167,16.9555,0,0,5440,8304233618
429.051,2.33072,45.3846,0,86,65,44,2760,10501,5.13629,167,16.9555,0,0,5440,8306564696
355.983,2.80912,45.3846,0,86,65,44,2760,10501,5.13629,167,16.9555,0,0,5440,8309373964
260.192,3.84332,45.3846,0,86,65,44,2760,10501,5.13629,167,16.9555,0,0,5440,8313217613
366.71,2.72695,45.3846,0,86,65,44,2760,10501,5.13629,167,16.9555,0,0,5440,8315945031
666.473,1.50044,45.3846,0,86,65,44,2760,10501,5.13629,167,16.9555,0,0,5440,8317445726
383.713,2.60612,45.3846,0,86,65,44,2760,10501,5.13629,167,16.9555,0,0,5440,8320052170
320.993,3.11533,45.3846,0,86,65,44,2760,10501,5.13629,167,16.9555,0,0,5440,8323167919
358.438,2.78988,45.3846,0,86,65,44,2760,10501,5.13629,167,16.9555,0,0,5440,8325958109
389.478,2.56754,45.3846,0,86,65,44,2760,10501,5.13629,167,16.9555,0,0,5440,8328525898
388.261,2.57559,45.3846,0,86,65,44,2760,10501,5.13629,167,16.9555,0,0,5440,8331101802
409.263,2.44342,45.3846,0,86,65,44,2760,10501,5.13629,167,16.9555,0,0,5440,8333545548
294.181,3.39927,45.3846,0,86,65,44,2760,10501,5.13629,167,16.9555,0,0,5440,8336945162
448.938,2.22748,45.3846,0,86,65,44,2760,10501,5.13629,167,16.9555,0,0,5440,8339172920
214.505,4.6619,45.3846,0,86,65,44,2760,10501,5.13629,167,16.9555,0,0,5440,8343835366
760.642,1.31468,45.3846,0,86,65,44,2760,10501,5.13629,167,16.9555,0,0,5440,8345150391
269.581,3.70946,45.3846,0,86,65,44,2760,10501,5.13629,167,16.9555,0,0,5440,8348860371
2136.15,0.468131,45.3846,0,86,65,44,2760,10501,5.13629,167,16.9555,0,0,5440,8349328656
391.166,2.55646,45.3846,0,86,65,44,2760,10501,5.13629,167,16.9555,0,0,5440,8351885521
287.18,3.48214,45.3846,0,86,65,44,2760,10501,5.13629,167,16.9555,0,0,5440,8355367898
357.434,2.79772,45.3846,0,86,65,44,2760,10501,5.13629,167,16.9555,0,0,5440,8358165906
329.563,3.03432,45.3846,0,86,65,44,2760,10501,5.13629,167,16.9555,0,0,5440,8361200557
486.09,2.05723,45.3846,0,86,65,44,2760,10501,5.13629,167,16.9555,0,0,5440,8363260453
342.106,2.92307,45.0323,0,86,65,44,2760,10501,5.13629,167,16.9557,0,0,5440,8366181561
195.406,5.11754,45.0323,0,86,65,44,2760,10501,5.13629,167,16.9557,0,0,5440,8371299416
2042.31,0.489641,45.0323,0,86,65,44,2760,10501,5.13629,167,16.9557,0,0,5440,8371789461
438.524,2.28038,45.0323,0,86,65,44,2760,10501,5.13629,167,16.9557,0,0,5440,8374070308
326.072,3.0668,45.0323,0,86,65,44,2760,10501,5.13629,167,16.9557,0,0,5440,8377137488
429.473,2.32843,45.0323,0,86,65,44,2760,10501,5.13629,167,16.9557,0,0,5440,8379466345
363.478,2.7512,45.0323,0,86,65,44,2760,10501,5.13629,167,16.9557,0,0,5440,8382217967
387.764,2.57889,45.0323,0,86,65,44,2760,10501,5.13629,167,16.9557,0,0,5440,8384797342
300.5,3.32779,45.0323,0,86,65,44,2760,10501,5.13629,167,16.9557,0,0,5440,8388125685
346.135,2.88905,45.0323,0,86,65,44,2760,10501,5.13629,167,16.9557,0,0,5440,8391015215
486.135,2.05704,45.0323,0,86,65,44,2760,10501,5.13629,167,16.9557,0,0,5440,8393072582
262.599,3.80809,45.0323,0,86,65,44,2760,10501,5.13629,167,16.9557,0,0,5440,8396881230
294.187,3.3992,45.0323,0,86,65,44,2760,10501,5.13629,167,16.9557,0,0,5440,8400280662
867.513,1.15272,45.0323,0,86,65,44,2760,10501,5.13629,167,16.9557,0,0,5440,8401433662
453.636,2.20441,45.0323,0,86,65,44,2760,10501,5.13629,167,16.9557,0,0,5440,8403638400
355.972,2.80921,45.0323,0,86,65,44,2760,10501,5.13629,167,16.9557,0,0,5440,8406448081
343.09,2.91469,45.0323,0,86,65,44,2760,10501,5.13629,167,16.9557,0,0,5440,8409363035
432.675,2.3112,45.0323,0,86,65,44,2760,10501,5.13629,167,16.9557,0,0,5440,8411674517
343.844,2.9083,45.0323,0,86,65,44,2760,10501,5.13629,167,16.9557,0,0,5440,8414583192
482.102,2.07425,45.0323,0,86,65,44,2760,10501,5.13629,167,16.9557,0,0,5440,8416657695
320.972,3.11554,45.0323,0,86,65,44,2760,10501,5.13629,167,16.9557,0,0,5440,8419773723
211.177,4.73537,45.0323,0,86,65,44,2760,10501,5.13629,167,16.9557,0,0,5440,8424509575
679.268,1.47217,45.0323,0,86,65,44,2760,10501,5.13629,167,16.9557,0,0,5440,8425982124
413.816,2.41653,45.0323,0,86,65,44,2760,10501,5.13629,167,16.9557,0,0,5440,8428398888
239.452,4.1762,45.0323,0,86,65,44,2760,10501,5.13629,167,16.9557,0,0,5440,8432575558
565.217,1.76923,45.0323,0,86,65,44,2760,10501,5.13629,167,16.9557,0,0,5440,8434345021
373.661,2.67622,45.0323,0,86,65,44,2760,10501,5.13629,167,16.9557,0,0,5440,8437021535
677.034,1.47703,45.0323,0,86,65,44,2760,10501,5.13629,167,16.9557,0,0,5440,8438498883
392.241,2.54945,45.0323,0,86,65,44,2760,10501,5.13629,167,16.9557,0,0,5440,8441048680
340.573,2.93622,45.0323,0,86,65,44,2760,10501,5.13629,167,16.9557,0,0,5440,8443985260
367.104,2.72403,45.0323,0,86,65,44,2760,10501,5.13629,167,16.9557,0,0,5440,8446709650
189.267,5.28353,45.0323,0,86,65,44,2760,10501,5.13629,167,16.9557,0,0,5440,8451993683
1733.94,0.576721,45.0323,0,86,65,44,2760,10501,5.13629,167,16.9557,0,0,5440,8452570886
469.491,2.12997,45.0323,0,86,65,44,2760,10501,5.13629,167,16.9557,0,0,5440,8454701265
171.506,5.83071,45.0323,0,86,65,44,2760,10501,5.13629,167,16.9557,0,0,5440,8460532240
1043.26,0.958532,45.0323,0,86,65,44,2760,10501,5.13629,167,16.9557,0,0,5440,8461491138
606.91,1.64769,45.0323,0,86,65,44,2760,10501,5.13629,167,16.9557,0,0,5440,8463138982
366.572,2.72798,45.0323,0,86,65,44,2760,10501,5.13629,167,16.9557,0,0,5440,8465867459
372.58,2.68398,45.0323,0,86,65,44,2760,10501,5.13629,167,16.9557,0,0,5440,8468551732
394.355,2.53579,45.0323,0,86,65,44,2760,10501,5.13629,167,16.9557,0,0,5440,8471087913
326.633,3.06154,45.0323,0,86,65,44,2760,10501,5.13629,167,16.9557,0,0,5440,8474149805
283.345,3.52926,45.0323,0,86,65,44,2760,10501,5.13629,167,16.9557,0,0,5440,8477679299
541.186,1.84779,45.0323,0,86,65,44,2760,10501,5.13629,167,16.9557,0,0,5440,8479527554
355.533,2.81268,45.0323,0,86,65,44,2760,10501,5.13629,167,16.9557,0,0,5440,8482340485
390.644,2.55988,45.0323,0,86,65,44,2760,10501,5.13629,167,16.9557,0,0,5440,8484900667
371.217,2.69384,45.0323,0,86,65,44,2760,10501,5.13629,167,16.9557,0,0,5440,8487594864
288.779,3.46286,45.0323,0,86,65,44,2760,10501,5.13629,167,16.9557,0,0,5440,8491058077
521.351,1.91809,45.0323,0,86,65,44,2760,10501,5.13629,167,16.9557,0,0,5440,8492976516
424.966,2.35313,45.0323,0,86,65,44,2760,10501,5.13629,167,16.9557,0,0,5440,8495330038
327.727,3.05132,45.0323,0,86,65,44,2760,10501,5.13629,167,16.9557,0,0,5440,8498381910
302.816,3.30233,45.0323,0,86,65,44,2760,10501,5.13629,167,16.9557,0,0,5440,8501684646
313.312,3.1917,45.0323,0,86,65,44,2760,10501,5.13629,167,16.9557,0,0,5440,8504876764
614.335,1.62778,45.0323,0,86,65,44,2760,10501,5.13629,167,16.9557,0,0,5440,8506504780
415.664,2.40579,45.0323,0,86,65,44,2760,10501,5.13629,167,16.9557,0,0,5440,8508911063
249.096,4.01452,45.0323,0,86,65,44,2760,10501,5.13629,167,16.9557,0,0,5440,8512925698
586.18,1.70596,45.0323,0,86,65,44,2760,10501,5.13629,167,16.9557,0,0,5440,8514632121
434.287,2.30263,45.0323,0,86,65,44,2760,10501,5.13629,167,16.9557,0,0,5440,8516934901
185.327,5.39585,45.0323,0,86,65,44,2760,10501,5.13629,167,16.9557,0,0,5440,8522331227
340.753,2.93467,45.0323,0,86,65,44,2760,10501,5.13629,167,16.9557,0,0,5440,8525266172
840.94,1.18915,45.0323,0,86,65,44,2760,10501,5.13629,167,16.9557,0,0,5440,8526455616
521.1,1.91902,45.0323,0,86,65,44,2760,10501,5.13629,167,16.9557,0,0,5440,8528374834
301.671,3.31487,45.0323,0,86,65,44,2760,10501,5.13629,167,16.9557,0,0,5440,8531690061
689.339,1.45066,45.0323,0,86,65,44,2760,10501,5.13629,167,16.9557,0,0,5440,8533141101
346.084,2.88947,45.0323,0,86,65,44,2760,10501,5.13629,167,16.9557,0,0,5440,8536030967
290.581,3.44138,45.0323,0,86,65,44,2760,10501,5.13629,167,16.9557,0,0,5440,8539472689
426.561,2.34433,45.0323,0,86,65,44,2760,10501,5.13629,167,16.9557,0,0,5440,8541817403
426.775,2.34316,45.0323,0,86,65,44,2760,10501,5.13629,167,16.9557,0,0,5440,8544160895
366.217,2.73062,45.0323,0,86,65,44,2760,10501,5.13629,167,16.9557,0,0,5440,8546891891
380.956,2.62497,45.0323,0,86,65,44,2760,10501,5.13629,167,16.9557,0,0,5440,8549517124
408.029,2.4508,45.0323,0,86,65,44,2760,10501,5.13629,167,16.9557,0,0,5440,8551968389
294.669,3.39364,45.0323,0,86,65,44,2760,10501,5.13629,167,16.9557,0,0,5440,8555362474
218.415,4.57844,45.0323,0,86,65,44,2760,10501,5.13629,167,16.9557,0,0,5440,8559941158
678.461,1.47392,45.0323,0,86,65,44,2760,10501,5.13629,167,16.9557,0,0,5440,8561415505
431.556,2.31719,45.0323,0,86,65,44,2760,10501,5.13629,167,16.9557,0,0,5440,8563732958
431.623,2.31684,45.0323,0,86,65,44,2760,10501,5.13629,167,16.9557,0,0,5440,8566050258
400.388,2.49758,45.0323,0,86,65,44,2760,10501,5.13629,167,16.9557,0,0,5440,8568548227
351.015,2.84888,45.0323,0,86,65,44,2760,10501,5.13629,167,16.9557,0,0,5440,8571397323
343.376,2.91226,45.0323,0,86,65,44,2760,10501,5.13629,167,16.9557,0,0,5440,8574309959
382.575,2.61387,45.0323,0,86,65,44,2760,10501,5.13629,167,16.9557,0,0,5440,8576924297
398.579,2.50891,45.0323,0,86,65,44,2760,10501,5.13629,167,16.9557,0,0,5440,8579433314
387.777,2.5788,45.0323,0,86,65,44,2760,10501,5.13629,167,16.9557,0,0,5440,8582012594
247.244,4.04459,45.0323,0,86,65,44,2760,10501,5.13629,167,16.9557,0,0,5440,8586057682
275.001,3.63634,45.0323,0,86,65,44,2760,10501,5.13629,167,16.9557,0,0,5440,8589694228
581.304,1.72027,45.0323,0,86,65,44,2760,10501,5.13629,167,16.9557,0,0,5440,8591414766
771.613,1.29599,45.0323,0,86,65,44,2760,10501,5.13629,167,16.9557,0,0,5440,8592711050
306.138,3.2665,45.0323,0,86,65,44,2760,10501,5.13629,167,16.9557,0,0,5440,8595977853
326.419,3.06354,45.0323,0,86,65,44,2760,10501,5.13629,167,16.9557,0,0,5440,8599041793
664.544,1.50479,45.0323,0,86,65,44,2760,10501,5.13629,167,16.9557,0,0,5440,8600546978
298.286,3.35249,45.0323,0,86,65,44,2760,10501,5.13629,167,16.9557,0,0,5440,8603899927
489.14,2.0444,45.0323,0,86,65,44,2760,10501,5.13629,167,16.9557,0,0,5440,8605944621
329.9,3.03122,45.0323,0,86,65,44,2760,10501,5.13629,167,16.9557,0,0,5440,8608976156
478.984,2.08775,45.0323,0,86,65,44,2760,10501,5.13629,167,16.9557,0,0,5440,8611064217
383.199,2.60961,45.0323,0,86,65,44,2760,10501,5.13629,167,16.9557,0,0,5440,8613674113
257.861,3.87806,45.0323,0,86,65,44,2760,10501,5.13629,167,16.9557,0,0,5440,8617552541
541.068,1.8482,45.0323,0,86,65,44,2760,10501,5.13629,167,16.9557,0,0,5440,8619401036
407.066,2.4566,45.0323,0,86,65,44,2760,10501,5.13629,167,16.9557,0,0,5440,8621858033
295.805,3.3806,45.0323,0,86,65,44,2760,10501,5.13629,167,16.9557,0,0,5440,8625238954
508.734,1.96566,45.0323,0,86,65,44,2760,10501,5.13629,167,16.9557,0,0,5440,8627205059
363.047,2.75447,45.0323,0,86,65,44,2760,10501,5.13629,167,16.9557,0,0,5440,8629960075
334.695,2.98779,45.0323,0,86,65,44,2760,10501,5.13629,167,16.9557,0,0,5440,8632948272
402.431,2.4849,45.0323,0,86,65,44,2760,10501,5.13629,167,16.9557,0,0,5440,8635433423
196.102,5.09939,45.0323,0,86,65,44,2760,10501,5.13629,167,16.9557,0,0,5440,8640533181
519.299,1.92567,45.0323,0,86,65,44,2760,10501,5.13629,167,16.9557,0,0,5440,8642459313
261.36,3.82614,45.0323,0,86,65,44,2760,10501,5.13629,167,16.9557,0,0,5440,8646285817
2208.7,0.452756,45.0323,0,86,65,44,2760,10501,5.13629,167,16.9557,0,0,5440,8646738477
412.328,2.42526,45.0323,0,86,65,44,2760,10501,5.13629,167,16.9557,0,0,5440,8649164309
384.206,2.60277,45.0323,0,86,65,44,2760,10501,5.13629,167,16.9557,0,0,5440,8651767425
344.882,2.89954,45.0323,0,86,65,44,2760,10501,5.13629,167,16.9557,0,0,5440,8654667311
405.151,2.46822,45.0323,0,86,65,44,2760,10501,5.13629,167,16.9557,0,0,5440,8657135952
484.25,2.06505,45.0323,0,86,65,44,2760,10501,5.13629,167,16.9557,0,0,5440,8659201426
332.269,3.00961,45.0323,0,86,65,44,2760,10501,5.13629,167,16.9557,0,0,5440,8662211229
353.567,2.82832,45.0323,0,86,65,44,2760,10501,5.13629,167,16.9557,0,0,5440,8665039959
459.586,2.17587,45.0323,0,86,65,44,2760,10501,5.13629,167,16.9557,0,0,5440,8667216071
266.871,3.74713,45.0323,0,86,65,44,2760,10501,5.13629,167,16.9557,0,0,5440,8670963543
508.053,1.9683,45.0323,0,86,65,44,2760,10501,5.13629,167,16.9557,0,0,5440,8672932167
406.521,2.4599,45.0323,0,86,65,44,2760,10501,5.13629,167,16.9557,0,0,5440,8675392452
342.474,2.91993,45.0323,0,86,65,44,2760,10501,5.13629,167,16.9557,0,0,5440,8678312752
437.377,2.28636,45.0323,0,86,65,44,2760,10501,5.13629,167,16.9557,0,0,5440,8680599281
350.726,2.85123,45.0323,0,86,65,44,2760,10501,5.13629,167,16.9557,0,0,5440,8683451031
341.14,2.93135,45.0323,0,86,65,44,2760,10501,5.13629,167,16.9557,0,0,5440,8686382736
411.333,2.43112,45.0323,0,86,65,44,2760,10501,5.13629,167,16.9557,0,0,5440,8688814058
219.992,4.54562,45.0323,0,86,65,44,2760,10501,5.13629,167,16.9557,0,0,5440,8693360240
511.104,1.95655,45.0323,0,86,65,44,2760,10501,5.13629,167,16.9557,0,0,5440,8695316912
531.397,1.88183,45.0323,0,86,65,44,2760,10501,5.13629,167,16.9557,0,0,5440,8697199350
420.342,2.37901,45.0323,0,86,65,44,2760,10501,5.13629,167,16.9557,0,0,5440,8699578555
292.697,3.4165,45.0323,0,86,65,44,2760,10501,5.13629,167,16.9557,0,0,5440,8702995517
455.959,2.19318,45.0323,0,86,65,44,2760,10501,5.13629,167,16.9557,0,0,5440,8705188956
333.007,3.00294,45.0323,0,86,65,44,2760,10501,5.13629,167,16.9557,0,0,5440,8708192163
418.937,2.38699,45.0323,0,86,65,44,2760,10501,5.13629,167,16.9557,0,0,5440,8710579619
276.456,3.61722,45.0323,0,86,65,44,2760,10501,5.13629,167,16.9557,0,0,5440,8714197048
255.196,3.91856,45.0323,0,86,65,44,2760,10501,5.13629,167,16.9557,0,0,5440,8718116142
283.081,3.53256,45.0323,0,86,65,44,2760,10501,5.13629,167,16.9557,0,0,5440,8721649001
684.958,1.45994,45.0323,0,86,65,44,2760,10501,5.13629,167,16.9557,0,0,5440,8723109483
315.415,3.17042,45.0323,0,86,65,44,2760,10501,5.13629,167,16.9557,0,0,5440,8726280350
390.941,2.55793,45.0323,0,86,65,44,2760,10501,5.13629,167,16.9557,0,0,5440,8728838763
472.838,2.11489,45.0323,0,86,65,44,2760,10501,5.13629,167,16.9557,0,0,5440,8730953795
490.827,2.03738,45.0323,0,86,65,44,2760,10501,5.13629,167,16.9557,0,0,5440,8732991480
333.996,2.99405,45.0323,0,86,65,44,2760,10501,5.13629,167,16.9557,0,0,5440,8735985907
399.971,2.50018,45.0323,0,86,65,44,2760,10501,5.13629,167,16.9557,0,0,5440,8738486367
335.748,2.97843,45.0323,0,86,65,44,2760,10501,5.13629,167,16.9557,0,0,5440,8741465044
380.991,2.62473,45.0323,0,86,65,44,2760,10501,5.13629,167,16.9557,0,0,5440,8744090104
260.564,3.83783,45.0323,0,86,65,44,2760,10501,5.13629,167,16.9557,0,0,5440,8747928406
589.262,1.69704,45.0323,0,86,65,44,2760,10501,5.13629,167,16.9557,0,0,5440,8749625502
439.169,2.27703,45.0323,0,86,65,44,2760,10501,5.13629,167,16.9557,0,0,5440,8751902886
357.537,2.79691,45.0323,0,86,65,44,2760,10501,5.13629,167,16.9557,0,0,5440,8754700182
285.654,3.50074,45.0323,0,86,65,44,2760,10501,5.13629,167,16.9557,0,0,5440,8758201175
522.824,1.91269,45.0323,0,86,65,44,2760,10501,5.13629,167,16.9557,0,0,5440,8760114192
352.325,2.83829,45.0323,0,86,65,44,2760,10501,5.13629,167,16.9557,0,0,5440,8762952835
378.56,2.64159,45.0323,0,86,65,44,2760,10501,5.13629,167,16.9557,0,0,5440,8765594684
264.019,3.78761,45.0323,0,86,65,44,2760,10501,5.13629,167,16.9557,0,0,5440,8769382764
358.511,2.78931,45.0323,0,86,65,44,2760,10501,5.13629,167,16.9557,0,0,5440,8772172309
268.652,3.72229,45.0323,0,86,65,44,2760,10501,5.13629,167,16.9557,0,0,5440,8775895185
2417.18,0.413706,45.0323,0,86,65,44,2760,10501,5.13629,167,16.9557,0,0,5440,8776308660
391.484,2.55438,45.0323,0,86,65,44,2760,10501,5.13629,167,16.9557,0,0,5440,8778863410
294.389,3.39686,45.0323,0,86,65,44,2760,10501,5.13629,167,16.9557,0,0,5440,8782260630
326.438,3.06337,45.0323,0,86,65,44,2760,10501,5.13629,167,16.9557,0,0,5440,8785324445
611.805,1.63451,45.0323,0,86,65,44,2760,10501,5.13629,167,16.9557,0,0,5440,8786959279
412.652,2.42335,45.0323,0,86,65,44,2760,10501,5.13629,167,16.9557,0,0,5440,8789383014
407.701,2.45278,45.0323,0,86,65,44,2760,10501,5.13629,167,16.9557,0,0,5440,8791836030
330.433,3.02633,45.0323,0,86,65,44,2760,10501,5.13629,167,16.9557,0,0,5440,8794862622
359.584,2.78099,45.0323,0,86,65,44,2760,10501,5.13629,167,16.9557,0,0,5440,8797643976
264.496,3.78077,45.0323,0,86,65,44,2760,10501,5.13629,167,16.9557,0,0,5440,8801425218
530.743,1.88415,45.0323,0,86,65,44,2760,10501,5.13629,167,16.9557,0,0,5440,8803309590
478.622,2.08933,45.0323,0,86,65,44,2760,10501,5.13629,167,16.9557,0,0,5440,8805399266
402.348,2.48541,45.0323,0,86,65,44,2760,10501,5.13629,167,16.9557,0,0,5440,8807884965
290.624,3.44088,45.0323,0,86,65,44,2760,10501,5.13629,167,16.9557,0,0,5440,8811326158
543.386,1.84031,45.0323,0,86,65,44,2760,10501,5.13629,167,16.9557,0,0,5440,8813166951
342.003,2.92395,45.0323,0,86,65,44,2760,10501,5.13629,167,16.9557,0,0,5440,8816091078
317.546,3.14915,45.0323,0,86,65,44,2760,10501,5.13629,167,16.9557,0,0,5440,8819240559
419.079,2.38619,45.0323,0,86,65,44,2760,10501,5.13629,167,16.9557,0,0,5440,8821627072
300.227,3.33081,45.0323,0,86,65,44,2760,10501,5.13629,167,16.9557,0,0,5440,8824958213
328.401,3.04505,45.0323,0,86,65,44,2760,10501,5.13629,167,16.9557,0,0,5440,8828003758
593.57,1.68472,45.0323,0,86,65,44,2760,10501,5.13629,167,16.9557,0,0,5440,8829688748
352.571,2.83631,45.0323,0,86,65,44,2760,10501,5.13629,167,16.9557,0,0,5440,8832525286
294.345,3.39737,45.0323,0,86,65,44,2760,10501,5.13629,167,16.9557,0,0,5440,8835923006
499.244,2.00303,45.0323,0,86,65,44,2760,10501,5.13629,167,16.9557,0,0,5440,8837926333
399.85,2.50094,45.0323,0,86,65,44,2760,10501,5.13629,167,16.9557,0,0,5440,8840427783
379.425,2.63557,45.0323,0,86,65,44,2760,10501,5.13629,167,16.9557,0,0,5440,8843063708
343.491,2.91128,45.0323,0,86,65,44,2760,10501,5.13629,167,16.9557,0,0,5440,8845975200
410.584,2.43555,45.0323,0,86,65,44,2760,10501,5.13629,167,16.9557,0,0,5440,8848411071
343.397,2.91208,45.0323,0,86,65,44,2760,10501,5.13629,167,16.9557,0,0,5440,8851323438
184.724,5.41347,45.0323,0,86,65,44,2760,10501,5.13629,167,16.9557,0,0,5440,8856737332
1691.55,0.591173,45.0323,0,86,65,44,2760,10501,5.13629,167,16.9557,0,0,5440,8857328381
270.006,3.70362,45.0323,0,86,65,44,2760,10501,5.13629,167,16.9557,0,0,5440,8861032525
810.743,1.23344,45.0323,0,86,65,44,2760,10501,5.13629,167,16.9557,0,0,5440,8862266269
424.885,2.35358,45.0323,0,86,65,44,2760,10501,5.13629,167,16.9557,0,0,5440,8864622627
361.073,2.76953,44.9424,0,86,65,44,2760,10501,5.13629,167,16.9564,0,0,5436,8867390134
341.661,2.92688,44.9424,0,86,65,44,2760,10501,5.13629,167,16.9564,0,0,5436,8870317424
381.877,2.61865,44.9424,0,86,65,44,2760,10501,5.13629,167,16.9564,0,0,5436,8872936340
374.232,2.67214,44.9424,0,86,65,44,2760,10501,5.13629,167,16.9564,0,0,5436,8875608757
368.936,2.71049,44.9424,0,86,65,44,2760,10501,5.13629,167,16.9564,0,0,5436,8878319579
164.488,6.07947,44.9424,0,86,65,44,2760,10501,5.13629,167,16.9564,0,0,5436,8884399524
730.543,1.36884,44.9424,0,86,65,44,2760,10501,5.13629,167,16.9564,0,0,5436,8885768445
460.471,2.17169,44.9424,0,86,65,44,2760,10501,5.13629,167,16.9564,0,0,5436,8887940691
518.43,1.9289,44.9424,0,86,65,44,2760,10501,5.13629,167,16.9564,0,0,5436,8889869785
410.688,2.43494,44.9424,0,86,65,44,2760,10501,5.13629,167,16.9564,0,0,5436,8892305069
256.565,3.89765,44.9424,0,86,65,44,2760,10501,5.13629,167,16.9564,0,0,5436,8896202979
524.168,1.90779,44.9424,0,86,65,44,2760,10501,5.13629,167,16.9564,0,0,5436,8898111092
416.171,2.40286,44.9424,0,86,65,44,2760,10501,5.13629,167,16.9564,0,0,5436,8900514240
376.811,2.65385,44.9424,0,86,65,44,2760,10501,5.13629,167,16.9564,0,0,5436,8903168532
349.715,2.85947,44.9424,0,86,65,44,2760,10501,5.13629,167,16.9564,0,0,5436,8906028320
232.791,4.2957,44.9424,0,86,65,44,2760,10501,5.13629,167,16.9564,0,0,5436,8910324494
853.536,1.1716,44.9424,0,86,65,44,2760,10501,5.13629,167,16.9564,0,0,5436,8911496331
231.291,4.32356,44.9424,0,86,65,44,2760,10501,5.13629,167,16.9564,0,0,5436,8915820227
1028.81,0.971994,44.9424,0,86,65,44,2760,10501,5.13629,167,16.9564,0,0,5436,8916792721
481.786,2.07561,44.9424,0,86,65,44,2760,10501,5.13629,167,16.9564,0,0,5436,8918868416
293.961,3.40181,44.9424,0,86,65,44,2760,10501,5.13629,167,16.9564,0,0,5436,8922270723
254.368,3.9313,44.9424,0,86,65,44,2760,10501,5.13629,167,16.9564,0,0,5436,8926202346
505.254,1.9792,44.9424,0,86,65,44,2760,10501,5.13629,167,16.9564,0,0,5436,8928181826
553.485,1.80673,44.9424,0,86,65,44,2760,10501,5.13629,167,16.9564,0,0,5436,8929988897
444.012,2.25219,44.9424,0,86,65,44,2760,10501,5.13629,167,16.9564,0,0,5436,8932241357
249.052,4.01522,44.9424,0,86,65,44,2760,10501,5.13629,167,16.9564,0,0,5436,8936256906
584.792,1.71001,44.9424,0,86,65,44,2760,10501,5.13629,167,16.9564,0,0,5436,8937967348
351.735,2.84305,44.9424,0,86,65,44,2760,10501,5.13629,167,16.9564,0,0,5436,8940810848
284.546,3.51437,44.9424,0,86,65,44,2760,10501,5.13629,167,16.9564,0,0,5436,8944325640
519.772,1.92392,44.9424,0,86,65,44,2760,10501,5.13629,167,16.9564,0,0,5436,8946249628
386.659,2.58626,44.9424,0,86,65,44,2760,10501,5.13629,167,16.9564,0,0,5436,8948836167
391.264,2.55582,44.9424,0,86,65,44,2760,10501,5.13629,167,16.9564,0,0,5436,8951392445
268.722,3.72132,44.9424,0,86,65,44,2760,10501,5.13629,167,16.9564,0,0,5436,8955113974
415.8,2.405,44.9424,0,86,65,44,2760,10501,5.13629,167,16.9564,0,0,5436,8957519334
564.704,1.77084,44.9424,0,86,65,44,2760,10501,5.13629,167,16.9564,0,0,5436,8959290355
184.708,5.41396,44.9424,0,86,65,44,2760,10501,5.13629,167,16.9564,0,0,5436,8964705047
1303.67,0.767064,44.9424,0,86,65,44,2760,10501,5.13629,167,16.9564,0,0,5436,8965472006
471.475,2.121,44.9424,0,86,65,44,2760,10501,5.13629,167,16.9564,0,0,5436,8967593337
376.06,2.65915,44.9424,0,86,65,44,2760,10501,5.13629,167,16.9564,0,0,5436,8970252908
339.425,2.94616,44.9424,0,86,65,44,2760,10501,5.13629,167,16.9564,0,0,5436,8973199334
414.471,2.41272,44.9424,0,86,65,44,2760,10501,5.13629,167,16.9564,0,0,5436,8975612386
321.509,3.11034,44.9424,0,86,65,44,2760,10501,5.13629,167,16.9564,0,0,5436,8978723058
313.33,3.19152,44.9424,0,86,65,44,2760,10501,5.13629,167,16.9564,0,0,5436,8981914801
542.618,1.84292,44.9424,0,86,65,44,2760,10501,5.13629,167,16.9564,0,0,5436,8983758055
375.35,2.66418,44.9424,0,86,65,44,2760,10501,5.13629,167,16.9564,0,0,5436,8986422577
240.73,4.15403,44.9424,0,86,65,44,2760,10501,5.13629,167,16.9564,0,0,5436,8990577044
472.297,2.11731,44.9424,0,86,65,44,2760,10501,5.13629,167,16.9564,0,0,5436,8992694750
490.284,2.03964,44.9424,0,86,65,44,2760,10501,5.13629,167,16.9564,0,0,5436,8994734588
373.17,2.67974,44.9424,0,86,65,44,2760,10501,5.13629,167,16.9564,0,0,5436,8997414650
379.342,2.63615,44.9424,0,86,65,44,2760,10501,5.13629,167,16.9564,0,0,5436,9000051344
364.704,2.74195,44.9424,0,86,65,44,2760,10501,5.13629,167,16.9564,0,0,5436,9002793543
348.898,2.86616,44.9424,0,86,65,44,2760,10501,5.13629,167,16.9564,0,0,5436,9005660014
310.476,3.22086,44.9424,0,86,65,44,2760,10501,5.13629,167,16.9564,0,0,5436,9008881382
495.571,2.01788,44.9424,0,86,65,44,2760,10501,5.13629,167,16.9564,0,0,5436,9010899537
380.43,2.62861,44.9424,0,86,65,44,2760,10501,5.13629,167,16.9564,0,0,5436,9013528424
210.713,4.74579,44.9424,0,86,65,44,2760,10501,5.13629,167,16.9564,0,0,5436,9018274737
493.117,2.02792,44.9424,0,86,65,44,2760,10501,5.13629,167,16.9564,0,0,5436,9020302806
709.593,1.40926,44.9424,0,86,65,44,2760,10501,5.13629,167,16.9564,0,0,5436,9021712545
415.923,2.40429,44.9424,0,86,65,44,2760,10501,5.13629,167,16.9564,0,0,5436,9024117011
359.099,2.78475,44.9424,0,86,65,44,2760,10501,5.13629,167,16.9564,0,0,5436,9026902124
421.154,2.37443,44.9424,0,86,65,44,2760,10501,5.13629,167,16.9564,0,0,5436,9029276964
360.07,2.77724,44.9424,0,86,65,44,2760,10501,5.13629,167,16.9564,0,0,5436,9032054500
343.653,2.90992,44.9424,0,86,65,44,2760,10501,5.13629,167,16.9564,0,0,5436,9034964694
400.552,2.49656,44.9424,0,86,65,44,2760,10501,5.13629,167,16.9564,0,0,5436,9037461605
329.242,3.03728,44.9424,0,86,65,44,2760,10501,5.13629,167,16.9564,0,0,5436,9040499121
193.2,5.17599,44.9424,0,86,65,44,2760,10501,5.13629,167,16.9564,0,0,5436,9045675526
719.246,1.39034,44.9424,0,86,65,44,2760,10501,5.13629,167,16.9564,0,0,5436,9047066140
530.448,1.8852,44.9424,0,86,65,44,2760,10501,5.13629,167,16.9564,0,0,5436,9048951656
475.861,2.10145,44.9424,0,86,65,44,2760,10501,5.13629,167,16.9564,0,0,5436,9051053428
255.738,3.91025,44.9424,0,86,65,44,2760,10501,5.13629,167,16.9564,0,0,5436,9054963983
642.62,1.55613,44.9424,0,86,65,44,2760,10501,5.13629,167,16.9564,0,0,5436,9056520401
364.698,2.742,44.9424,0,86,65,44,2760,10501,5.13629,167,16.9564,0,0,5436,9059262734
323.214,3.09392,44.9424,0,86,65,44,2760,10501,5.13629,167,16.9564,0,0,5436,9062357002
447.349,2.23539,44.9424,0,86,65,44,2760,10501,5.13629,167,16.9564,0,0,5436,9064592635
340.175,2.93967,44.9424,0,86,65,44,2760,10501,5.13629,167,16.9564,0,0,5436,9067532743
199.663,5.00844,44.9424,0,86,65,44,2760,10501,5.13629,167,16.9564,0,0,5436,9072541585
354.372,2.82189,44.9424,0,86,65,44,2760,10501,5.13629,167,16.9564,0,0,5436,9075363709
881.924,1.13388,44.9424,0,86,65,44,2760,10501,5.13629,167,16.9564,0,0,5436,9076497872
396.387,2.52279,44.9424,0,86,65,44,2760,10501,5.13629,167,16.9564,0,0,5436,9079021006
360.877,2.77103,44.9424,0,86,65,44,2760,10501,5.13629,167,16.9564,0,0,5436,9081792368
349.791,2.85885,44.9424,0,86,65,44,2760,10501,5.13629,167,16.9564,0,0,5436,9084651532
438.794,2.27897,44.9424,0,86,65,44,2760,10501,5.13629,167,16.9564,0,0,5436,9086930916
370.943,2.69583,44.9424,0,86,65,44,2760,10501,5.13629,167,16.9564,0,0,5436,9089626969
360.483,2.77406,44.9424,0,86,65,44,2760,10501,5.13629,167,16.9564,0,0,5436,9092401168
361.786,2.76406,44.9424,0,86,65,44,2760,10501,5.13629,167,16.9564,0,0,5436,9095165665
262.147,3.81466,44.9424,0,86,65,44,2760,10501,5.13629,167,16.9564,0,0,5436,9098980640
604.845,1.65332,44.9424,0,86,65,44,2760,10501,5.13629,167,16.9564,0,0,5436,9100634272
388.071,2.57685,44.9424,0,86,65,44,2760,10501,5.13629,167,16.9564,0,0,5436,9103211561
204.942,4.87942,44.9424,0,86,65,44,2760,10501,5.13629,167,16.9564,0,0,5436,9108091197
468.666,2.13372,44.9424,0,86,65,44,2760,10501,5.13629,167,16.9564,0,0,5436,9110225432
658.148,1.51942,44.9424,0,86,65,44,2760,10501,5.13629,167,16.9564,0,0,5436,9111745003
305.479,3.27355,44.9424,0,86,65,44,2760,10501,5.13629,167,16.9564,0,0,5436,9115018911
585.477,1.70801,44.9424,0,86,65,44,2760,10501,5.13629,167,16.9564,0,0,5436,9116727228
276.148,3.62125,44.9424,0,86,65,44,2760,10501,5.13629,167,16.9564,0,0,5436,9120348792
493.822,2.02502,44.9424,0,86,65,44,2760,10501,5.13629,167,16.9564,0,0,5436,9122374091
270.733,3.69367,44.9424,0,86,65,44,2760,10501,5.13629,167,16.9564,0,0,5436,9126068033
535.57,1.86717,44.9424,0,86,65,44,2760,10501,5.13629,167,16.9564,0,0,5436,9127935538
297.17,3.36508,44.9424,0,86,65,44,2760,10501,5.13629,167,16.9564,0,0,5436,9131300950
461.237,2.16808,44.9424,0,86,65,44,2760,10501,5.13629,167,16.9564,0,0,5436,9133469513
406.317,2.46113,44.9424,0,86,65,44,2760,10501,5.13629,167,16.9564,0,0,5436,9135930856
386.512,2.58724,44.9424,0,86,65,44,2760,10501,5.13629,167,16.9564,0,0,5436,9138518482
372.142,2.68715,44.9424,0,86,65,44,2760,10501,5.13629,167,16.9564,0,0,5436,9141205890
340.023,2.94097,44.9424,0,86,65,44,2760,10501,5.13629,167,16.9564,0,0,5436,9144147421
350.057,2.85667,44.9424,0,86,65,44,2760,10501,5.13629,167,16.9564,0,0,5436,9147004498
233.589,4.28102,44.9424,0,86,65,44,2760,10501,5.13629,167,16.9564,0,0,5436,9151285787
267.261,3.74166,44.9424,0,86,65,44,2760,10501,5.13629,167,16.9564,0,0,5436,9155027740
377.591,2.64837,44.9424,0,86,65,44,2760,10501,5.13629,167,16.9564,0,0,5436,9157676627
1489.39,0.671417,44.9424,0,86,65,44,2760,10501,5.13629,167,16.9564,0,0,5436,9158348198
452.869,2.20814,44.9424,0,86,65,44,2760,10501,5.13629,167,16.9564,0,0,5436,9160556647
418.905,2.38718,44.9424,0,86,65,44,2760,10501,5.13629,167,16.9564,0,0,5436,9162944064
340.739,2.9348,44.9424,0,86,65,44,2760,10501,5.13629,167,16.9564,0,0,5436,9165879202
330.868,3.02235,44.9424,0,86,65,44,2760,10501,5.13629,167,16.9564,0,0,5436,9168901861
388.251,2.57565,44.9424,0,86,65,44,2760,10501,5.13629,167,16.9564,0,0,5436,9171508132
423.308,2.36235,44.9424,0,86,65,44,2760,10501,5.13629,167,16.9564,0,0,5436,9173870846
283.868,3.52276,44.9424,0,86,65,44,2760,10501,5.13629,167,16.9564,0,0,5436,9177393984
693.717,1.44151,44.9424,0,86,65,44,2760,10501,5.13629,167,16.9564,0,0,5436,9178835773
311.426,3.21103,44.9424,0,86,65,44,2760,10501,5.13629,167,16.9564,0,0,5436,9182047304
305.141,3.27718,44.9424,0,86,65,44,2760,10501,5.13629,167,16.9564,0,0,5436,9185324694
509.934,1.96104,44.9424,0,86,65,44,2760,10501,5.13629,167,16.9564,0,0,5436,9187286144
282.241,3.54307,44.9424,0,86,65,44,2760,10501,5.13629,167,16.9564,0,0,5436,9190829658
534.505,1.87089,44.9424,0,86,65,44,2760,10501,5.13629,167,16.9564,0,0,5436,9192700759
378.422,2.64255,44.9424,0,86,65,44,2760,10501,5.13629,167,16.9564,0,0,5436,9195343608
357.691,2.79571,44.9424,0,86,65,44,2760,10501,5.13629,167,16.9564,0,0,5436,9198139558
337.659,2.96157,44.9424,0,86,65,44,2760,10501,5.13629,167,16.9564,0,0,5436,9201101466
349.044,2.86497,44.9424,0,86,65,44,2760,10501,5.13629,167,16.9564,0,0,5436,9203966735
310.639,3.21917,44.9424,0,86,65,44,2760,10501,5.13629,167,16.9564,0,0,5436,9207186238
549.598,1.81951,44.9424,0,86,65,44,2760,10501,5.13629,167,16.9564,0,0,5436,9209006107
346.999,2.88186,44.9424,0,86,65,44,2760,10501,5.13629,167,16.9564,0,0,5436,9211888291
431.691,2.31647,44.9424,0,86,65,44,2760,10501,5.13629,167,16.9564,0,0,5436,9214205234
394.966,2.53186,44.9424,0,86,65,44,2760,10501,5.13629,167,16.9564,0,0,5436,9216737339
283.659,3.52536,44.9424,0,86,65,44,2760,10501,5.13629,167,16.9564,0,0,5436,9220262900
435.276,2.29739,44.9424,0,86,65,44,2760,10501,5.13629,167,16.9564,0,0,5436,9222560631
344.669,2.90134,44.9424,0,86,65,44,2760,10501,5.13629,167,16.9564,0,0,5436,9225462267
467.238,2.14023,44.9424,0,86,65,44,2760,10501,5.13629,167,16.9564,0,0,5436,9227602714
376.803,2.65391,44.9424,0,86,65,44,2760,10501,5.13629,167,16.9564,0,0,5436,9230257063
193.819,5.15944,44.9424,0,86,65,44,2760,10501,5.13629,167,16.9564,0,0,5436,9235417007
610.591,1.63776,44.9424,0,86,65,44,2760,10501,5.13629,167,16.9564,0,0,5436,9237054956
463.218,2.15881,44.9424,0,86,65,44,2760,10501,5.13629,167,16.9564,0,0,5436,9239214308
686.94,1.45573,44.9424,0,86,65,44,2760,10501,5.13629,167,16.9564,0,0,5436,9240670318
308.383,3.24272,44.9424,0,86,65,44,2760,10501,5.13629,167,16.9564,0,0,5436,9243913264
361.352,2.76738,44.9424,0,86,65,44,2760,10501,5.13629,167,16.9564,0,0,5436,9246681088
405.147,2.46824,44.9424,0,86,65,44,2760,10501,5.13629,167,16.9564,0,0,5436,9249149527
412.311,2.42535,44.9424,0,86,65,44,2760,10501,5.13629,167,16.9564,0,0,5436,9251575234
393.04,2.54427,44.9424,0,86,65,44,2760,10501,5.13629,167,16.9564,0,0,5436,9254119791
366.652,2.72738,44.9424,0,86,65,44,2760,10501,5.13629,167,16.9564,0,0,5436,9256847700
193.236,5.17501,44.9424,0,86,65,44,2760,10501,5.13629,167,16.9564,0,0,5436,9262023019
527.331,1.89634,44.9424,0,86,65,44,2760,10501,5.13629,167,16.9564,0,0,5436,9263919890
397.72,2.51433,44.9424,0,86,65,44,2760,10501,5.13629,167,16.9564,0,0,5436,9266434292
499.289,2.00285,44.9424,0,86,65,44,2760,10501,5.13629,167,16.9564,0,0,5436,9268437417
281.54,3.5519,44.9424,0,86,65,44,2760,10501,5.13629,167,16.9564,0,0,5436,9271989826
530.37,1.88548,44.9424,0,86,65,44,2760,10501,5.13629,167,16.9564,0,0,5436,9273875774
312.956,3.19534,44.9424,0,86,65,44,2760,10501,5.13629,167,16.9564,0,0,5436,9277071449
238.726,4.1889,44.9424,0,86,65,44,2760,10501,5.13629,167,16.9564,0,0,5436,9281260638
1209.68,0.826662,44.9424,0,86,65,44,2760,10501,5.13629,167,16.9564,0,0,5436,9282087695
337.97,2.95884,44.9424,0,86,65,44,2760,10501,5.13629,167,16.9564,0,0,5436,9285046919
184.352,5.4244,44.9424,0,86,65,44,2760,10501,5.13629,167,16.9564,0,0,5436,9290471641
2916.34,0.342896,44.9424,0,86,65,44,2760,10501,5.13629,167,16.9564,0,0,5436,9290814373
453.686,2.20417,44.9424,0,86,65,44,2760,10501,5.13629,167,16.9564,0,0,5436,9293019053
320.241,3.12265,44.9424,0,86,65,44,2760,10501,5.13629,167,16.9564,0,0,5436,9296142014
460.581,2.17117,44.9424,0,86,65,44,2760,10501,5.13629,167,16.9564,0,0,5436,9298313684
367.694,2.71965,44.9424,0,86,65,44,2760,10501,5.13629,167,16.9564,0,0,5436,9301033439
337.903,2.95943,44.9424,0,86,65,44,2760,10501,5.13629,167,16.9564,0,0,5436,9303993260
439.726,2.27414,44.9424,0,86,65,44,2760,10501,5.13629,167,16.9564,0,0,5436,9306267779
387.649,2.57965,44.9424,0,86,65,44,2760,10501,5.13629,167,16.9564,0,0,5436,9308847818
355.23,2.81507,44.9424,0,86,65,44,2760,10501,5.13629,167,16.9564,0,0,5436,9311663441
247.248,4.04452,44.9424,0,86,65,44,2760,10501,5.13629,167,16.9564,0,0,5436,9315708241
496.581,2.01377,44.9424,0,86,65,44,2760,10501,5.13629,167,16.9564,0,0,5436,9317722569
566.14,1.76635,44.9424,0,86,65,44,2760,10501,5.13629,167,16.9564,0,0,5436,9319489003
333.95,2.99446,44.9424,0,86,65,44,2760,10501,5.13629,167,16.9564,0,0,5436,9322483671
229.157,4.36382,44.9424,0,86,65,44,2760,10501,5.13629,167,16.9564,0,0,5436,9326848097
885.445,1.12937,44.9424,0,86,65,44,2760,10501,5.13629,167,16.9564,0,0,5436,9327977645
363.092,2.75412,44.9424,0,86,65,44,2760,10501,5.13629,167,16.9564,0,0,5436,9330732074
287.626,3.47674,44.9424,0,86,65,44,2760,10501,5.13629,167,16.9564,0,0,5436,9334209201
566.954,1.76381,44.9424,0,86,65,44,2760,10501,5.13629,167,16.9564,0,0,5436,9335973453
444.38,2.25033,44.9424,0,86,65,44,2760,10501,5.13629,167,16.9564,0,0,5436,9338224067
174.02,5.74646,44.9424,0,86,65,44,2760,10501,5.13629,167,16.9564,0,0,5436,9343970982
528.32,1.89279,44.9424,0,86,65,44,2760,10501,5.13629,167,16.9564,0,0,5436,9345864027
438.919,2.27833,44.9424,0,86,65,44,2760,10501,5.13629,167,16.9564,0,0,5436,9348143017
509.155,1.96404,44.9424,0,86,65,44,2760,10501,5.13629,167,16.9564,0,0,5436,9350107525
353.89,2.82574,44.9424,0,86,65,44,2760,10501,5.13629,167,16.9564,0,0,5436,9352933515
349.656,2.85995,44.9424,0,86,65,44,2760,10501,5.13629,167,16.9564,0,0,5436,9355793775
357.628,2.7962,44.9424,0,86,65,44,2760,10501,5.13629,167,16.9564,0,0,5436,9358590398
381.997,2.61782,44.9424,0,86,65,44,2760,10501,5.13629,167,16.9564,0,0,5436,9361208572
333.716,2.99656,44.9424,0,86,65,44,2760,10501,5.13629,167,16.9564,0,0,5436,9364205385
434.975,2.29898,44.9424,0,86,65,44,2760,10501,5.13629,167,16.9564,0,0,5436,9366506693
313.571,3.18907,45.0255,0,86,65,44,2760,10501,5.13043,167,16.9611,0,0,5440,9369694128
353.783,2.8266,45.0255,0,86,65,44,2760,10501,5.13043,167,16.9611,0,0,5440,9372521079
396.907,2.51948,45.0255,0,86,65,44,2760,10501,5.13043,167,16.9611,0,0,5440,9375040808
461.817,2.16536,45.0255,0,86,65,44,2760,10501,5.13043,167,16.9611,0,0,5440,9377206496
256.436,3.8996,45.0255,0,86,65,44,2760,10501,5.13043,167,16.9611,0,0,5440,9381106445
554.68,1.80284,45.0255,0,86,65,44,2760,10501,5.13043,167,16.9611,0,0,5440,9382909573
318.66,3.13814,45.0255,0,86,65,44,2760,10501,5.13043,167,16.9611,0,0,5440,9386048544
435.872,2.29425,45.0255,0,86,65,44,2760,10501,5.13043,167,16.9611,0,0,5440,9388343083
315.229,3.1723,45.0255,0,86,65,44,2760,10501,5.13043,167,16.9611,0,0,5440,9391515728
417.306,2.39632,45.0255,0,86,65,44,2760,10501,5.13043,167,16.9611,0,0,5440,9393912511
353.251,2.83085,45.0255,0,86,65,44,2760,10501,5.13043,167,16.9611,0,0,5440,9396743751
472.134,2.11804,45.0255,0,86,65,44,2760,10501,5.13043,167,16.9611,0,0,5440,9398862014
342.611,2.91876,45.0255,0,86,65,44,2760,10501,5.13043,167,16.9611,0,0,5440,9401781074
382.207,2.61639,45.0255,0,86,65,44,2760,10501,5.13043,167,16.9611,0,0,5440,9404397807
356.017,2.80886,45.0255,0,86,65,44,2760,10501,5.13043,167,16.9611,0,0,5440,9407206969
353.107,2.832,45.0255,0,86,65,44,2760,10501,5.13043,167,16.9611,0,0,5440,9410039247
416.538,2.40074,45.0255,0,86,65,44,2760,10501,5.13043,167,16.9611,0,0,5440,9412440347
331.963,3.01238,45.0255,0,86,65,44,2760,10501,5.13043,167,16.9611,0,0,5440,9415453006
282.491,3.53994,45.0255,0,86,65,44,2760,10501,5.13043,167,16.9611,0,0,5440,9418993347
575.546,1.73748,45.0255,0,86,65,44,2760,10501,5.13043,167,16.9611,0,0,5440,9420731174
286.52,3.49016,45.0255,0,86,65,44,2760,10501,5.13043,167,16.9611,0,0,5440,9424221542
239.593,4.17374,45.0255,0,86,65,44,2760,10501,5.13043,167,16.9611,0,0,5440,9428395635
307.388,3.25322,45.0255,0,86,65,44,2760,10501,5.13043,167,16.9611,0,0,5440,9431649167
403.9,2.47586,45.0255,0,86,65,44,2760,10501,5.13043,167,16.9611,0,0,5440,9434125472
869.332,1.15031,45.0255,0,86,65,44,2760,10501,5.13043,167,16.9611,0,0,5440,9435276117
352.303,2.83846,45.0255,0,86,65,44,2760,10501,5.13043,167,16.9611,0,0,5440,9438115020
404.656,2.47124,45.0255,0,86,65,44,2760,10501,5.13043,167,16.9611,0,0,5440,9440586517
292.808,3.41521,45.0255,0,86,65,44,2760,10501,5.13043,167,16.9611,0,0,5440,9444002141
259.802,3.84909,45.0255,0,86,65,44,2760,10501,5.13043,167,16.9611,0,0,5440,9447851935
579.61,1.7253,45.0255,0,86,65,44,2760,10501,5.13043,167,16.9611,0,0,5440,9449577512
352.989,2.83295,45.0255,0,86,65,44,2760,10501,5.13043,167,16.9611,0,0,5440,9452410896
418.179,2.39132,45.0255,0,86,65,44,2760,10501,5.13043,167,16.9611,0,0,5440,9454802371
410.662,2.43509,45.0255,0,86,65,44,2760,10501,5.13043,167,16.9611,0,0,5440,9457237770
382.59,2.61376,45.0255,0,86,65,44,2760,10501,5.13043,167,16.9611,0,0,5440,9459852137
377.197,2.65114,45.0255,0,86,65,44,2760,10501,5.13043,167,16.9611,0,0,5440,9462503447
361.086,2.76942,45.0255,0,86,65,44,2760,10501,5.13043,167,16.9611,0,0,5440,9465273224
375.394,2.66387,45.0255,0,86,65,44,2760,10501,5.13043,167,16.9611,0,0,5440,9467937419
378.924,2.63905,45.0255,0,86,65,44,2760,10501,5.13043,167,16.9611,0,0,5440,9470576777
374.68,2.66895,45.0255,0,86,65,44,2760,10501,5.13043,167,16.9611,0,0,5440,9473246050
360.955,2.77043,45.0255,0,86,65,44,2760,10501,5.13043,167,16.9611,0,0,5440,9476016826
335.531,2.98035,45.0255,0,86,65,44,2760,10501,5.13043,167,16.9611,0,0,5440,9478997426
329.022,3.03931,45.0255,0,86,65,44,2760,10501,5.13043,167,16.9611,0,0,5440,9482037288
608.348,1.6438,45.0255,0,86,65,44,2760,10501,5.13043,167,16.9611,0,0,5440,9483681219
348.956,2.86569,45.0255,0,86,65,44,2760,10501,5.13043,167,16.9611,0,0,5440,9486547315
390.873,2.55837,45.0255,0,86,65,44,2760,10501,5.13043,167,16.9611,0,0,5440,9489106027
337.051,2.96691,45.0255,0,86,65,44,2760,10501,5.13043,167,16.9611,0,0,5440,9492073213
334.371,2.99069,45.0255,0,86,65,44,2760,10501,5.13043,167,16.9611,0,0,5440,9495064247
432.799,2.31054,45.0255,0,86,65,44,2760,10501,5.13043,167,16.9611,0,0,5440,9497375065
449.802,2.2232,45.0255,0,86,65,44,2760,10501,5.13043,167,16.9611,0,0,5440,9499598563
325.33,3.07381,45.0255,0,86,65,44,2760,10501,5.13043,167,16.9611,0,0,5440,9502672705
277.146,3.60821,45.0255,0,86,65,44,2760,10501,5.13043,167,16.9611,0,0,5440,9506281221
551.074,1.81464,45.0255,0,86,65,44,2760,10501,5.13043,167,16.9611,0,0,5440,9508096272
415.966,2.40404,45.0255,0,86,65,44,2760,10501,5.13043,167,16.9611,0,0,5440,9510500700
388.255,2.57562,45.0255,0,86,65,44,2760,10501,5.13043,167,16.9611,0,0,5440,9513076758
337.988,2.95869,45.0255,0,86,65,44,2760,10501,5.13043,167,16.9611,0,0,5440,9516035684
373.724,2.67577,45.0255,0,86,65,44,2760,10501,5.13043,167,16.9611,0,0,5440,9518711794
387.151,2.58297,45.0255,0,86,65,44,2760,10501,5.13043,167,16.9611,0,0,5440,9521295073
281.882,3.54759,45.0255,0,86,65,44,2760,10501,5.13043,167,16.9611,0,0,5440,9524843029
472.355,2.11705,45.0255,0,86,65,44,2760,10501,5.13043,167,16.9611,0,0,5440,9526960504
307.435,3.25272,45.0255,0,86,65,44,2760,10501,5.13043,167,16.9611,0,0,5440,9530213527
416.983,2.39818,45.0255,0,86,65,44,2760,10501,5.13043,167,16.9611,0,0,5440,9532612166
257.057,3.89019,45.0255,0,86,65,44,2760,10501,5.13043,167,16.9611,0,0,5440,9536504422
715.254,1.39811,45.0255,0,86,65,44,2760,10501,5.13043,167,16.9611,0,0,5440,9537902056
491.21,2.03579,45.0255,0,86,65,44,2760,10501,5.13043,167,16.9611,0,0,5440,9539938028
384.8,2.59875,45.0255,0,86,65,44,2760,10501,5.13043,167,16.9611,0,0,5440,9542537125
318.827,3.1365,45.0255,0,86,65,44,2760,10501,5.13043,167,16.9611,0,0,5440,9545673943
434.966,2.29903,45.0255,0,86,65,44,2760,10501,5.13043,167,16.9611,0,0,5440,9547973337
382.306,2.6157,45.0255,0,86,65,44,2760,10501,5.13043,167,16.9611,0,0,5440,9550589339
402.177,2.48647,45.0255,0,86,65,44,2760,10501,5.13043,167,16.9611,0,0,5440,9553076211
330.116,3.02924,45.0255,0,86,65,44,2760,10501,5.13043,167,16.9611,0,0,5440,9556105688
297.042,3.36653,45.0255,0,86,65,44,2760,10501,5.13043,167,16.9611,0,0,5440,9559472513
566.899,1.76398,45.0255,0,86,65,44,2760,10501,5.13043,167,16.9611,0,0,5440,9561236880
338.632,2.95306,45.0255,0,86,65,44,2760,10501,5.13043,167,16.9611,0,0,5440,9564190182
363.667,2.74977,45.0255,0,86,65,44,2760,10501,5.13043,167,16.9611,0,0,5440,9566940178
432.515,2.31206,45.0255,0,86,65,44,2760,10501,5.13043,167,16.9611,0,0,5440,9569252545
277.8,3.59972,45.0255,0,86,65,44,2760,10501,5.13043,167,16.9611,0,0,5440,9572852743
391.543,2.554,45.0255,0,86,65,44,2760,10501,5.13043,167,16.9611,0,0,5440,9575407108
540.09,1.85154,45.0255,0,86,65,44,2760,10501,5.13043,167,16.9611,0,0,5440,9577258824
470.937,2.12343,45.0255,0,86,65,44,2760,10501,5.13043,167,16.9611,0,0,5440,9579382617
224.558,4.45319,45.0255,0,86,65,44,2760,10501,5.13043,167,16.9611,0,0,5440,9583836142
419.849,2.38181,45.0255,0,86,65,44,2760,10501,5.13043,167,16.9611,0,0,5440,9586218299
502.457,1.99022,45.0255,0,86,65,44,2760,10501,5.13043,167,16.9611,0,0,5440,9588208847
378.959,2.63881,45.0255,0,86,65,44,2760,10501,5.13043,167,16.9611,0,0,5440,9590848128
424.411,2.3562,45.0255,0,86,65,44,2760,10501,5.13043,167,16.9611,0,0,5440,9593204544
395.102,2.53099,45.0255,0,86,65,44,2760,10501,5.13043,167,16.9611,0,0,5440,9595735870
366.958,2.72511,45.0255,0,86,65,44,2760,10501,5.13043,167,16.9611,0,0,5440,9598461269
358.427,2.78997,45.0255,0,86,65,44,2760,10501,5.13043,167,16.9611,0,0,5440,9601251604
376.643,2.65503,45.0255,0,86,65,44,2760,10501,5.13043,167,16.9611,0,0,5440,9603907001
383.314,2.60883,45.0255,0,86,65,44,2760,10501,5.13043,167,16.9611,0,0,5440,9606516108
359.95,2.77816,45.0255,0,86,65,44,2760,10501,5.13043,167,16.9611,0,0,5440,9609294558
192.353,5.19877,45.0255,0,86,65,44,2760,10501,5.13043,167,16.9611,0,0,5440,9614493694
406.719,2.4587,45.0255,0,86,65,44,2760,10501,5.13043,167,16.9611,0,0,5440,9616952902
958.158,1.04367,45.0255,0,86,65,44,2760,10501,5.13043,167,16.9611,0,0,5440,9617996947
336.123,2.9751,45.0255,0,86,65,44,2760,10501,5.13043,167,16.9611,0,0,5440,9620972153
427.735,2.3379,45.0255,0,86,65,44,2760,10501,5.13043,167,16.9611,0,0,5440,9623310674
366.399,2.72927,45.0255,0,86,65,44,2760,10501,5.13043,167,16.9611,0,0,5440,9626039978
426.82,2.34291,45.0255,0,86,65,44,2760,10501,5.13043,167,16.9611,0,0,5440,9628383335
376.698,2.65465,45.0255,0,86,65,44,2760,10501,5.13043,167,16.9611,0,0,5440,9631038319
249.161,4.01347,45.0255,0,86,65,44,2760,10501,5.13043,167,16.9611,0,0,5440,9635052070
558.637,1.79007,45.0255,0,86,65,44,2760,10501,5.13043,167,16.9611,0,0,5440,9636842399
313.222,3.19263,45.0255,0,86,65,44,2760,10501,5.13043,167,16.9611,0,0,5440,9640035449
465.23,2.14948,45.0255,0,86,65,44,2760,10501,5.13043,167,16.9611,0,0,5440,9642185185
369.835,2.70391,45.0255,0,86,65,44,2760,10501,5.13043,167,16.9611,0,0,5440,9644889536
365.038,2.73944,45.0255,0,86,65,44,2760,10501,5.13043,167,16.9611,0,0,5440,9647629272
351.893,2.84177,45.0255,0,86,65,44,2760,10501,5.13043,167,16.9611,0,0,5440,9650471387
404.083,2.47474,45.0255,0,86,65,44,2760,10501,5.13043,167,16.9611,0,0,5440,9652946452
302.309,3.30787,45.0255,0,86,65,44,2760,10501,5.13043,167,16.9611,0,0,5440,9656254727
432.859,2.31022,45.0255,0,86,65,44,2760,10501,5.13043,167,16.9611,0,0,5440,9658565285
307.819,3.24866,45.0255,0,86,65,44,2760,10501,5.13043,167,16.9611,0,0,5440,9661814212
601.905,1.66139,45.0255,0,86,65,44,2760,10501,5.13043,167,16.9611,0,0,5440,9663475883
336.046,2.97578,45.0255,0,86,65,44,2760,10501,5.13043,167,16.9611,0,0,5440,9666451945
461.854,2.16519,45.0255,0,86,65,44,2760,10501,5.13043,167,16.9611,0,0,5440,9668617605
334.088,2.99323,45.0255,0,86,65,44,2760,10501,5.13043,167,16.9611,0,0,5440,9671611071
364.042,2.74694,45.0255,0,86,65,44,2760,10501,5.13043,167,16.9611,0,0,5440,9674358289
231.002,4.32896,45.0255,0,86,65,44,2760,10501,5.13043,167,16.9611,0,0,5440,9678687598
1187.91,0.841817,45.0255,0,86,65,44,2760,10501,5.13043,167,16.9611,0,0,5440,9679529607
393.704,2.53998,45.0255,0,86,65,44,2760,10501,5.13043,167,16.9611,0,0,5440,9682069972
401.184,2.49262,45.0255,0,86,65,44,2760,10501,5.13043,167,16.9611,0,0,5440,9684563084
321.626,3.1092,45.0255,0,86,65,44,2760,10501,5.13043,167,16.9611,0,0,5440,9687672612
402.826,2.48246,45.0255,0,86,65,44,2760,10501,5.13043,167,16.9611,0,0,5440,9690155475
238.052,4.20077,45.0255,0,86,65,44,2760,10501,5.13043,167,16.9611,0,0,5440,9694356616
592.023,1.68912,45.0255,0,86,65,44,2760,10501,5.13043,167,16.9611,0,0,5440,9696046135
258.959,3.86162,45.0255,0,86,65,44,2760,10501,5.13043,167,16.9611,0,0,5440,9699910044
894.278,1.11822,45.0255,0,86,65,44,2760,10501,5.13043,167,16.9611,0,0,5440,9701028053
338.558,2.95371,45.0255,0,86,65,44,2760,10501,5.13043,167,16.9611,0,0,5440,9703982018
564.6,1.77117,45.0255,0,86,65,44,2760,10501,5.13043,167,16.9611,0,0,5440,9705753539
376.017,2.65946,45.0255,0,86,65,44,2760,10501,5.13043,167,16.9611,0,0,5440,9708413330
340.101,2.9403,45.0255,0,86,65,44,2760,10501,5.13043,167,16.9611,0,0,5440,9711353833
420.701,2.37698,45.0255,0,86,65,44,2760,10501,5.13043,167,16.9611,0,0,5440,9713731298
344.039,2.90665,45.0255,0,86,65,44,2760,10501,5.13043,167,16.9611,0,0,5440,9716638194
192.939,5.18297,45.0255,0,86,65,44,2760,10501,5.13043,167,16.9611,0,0,5440,9721821561
924.044,1.0822,45.0255,0,86,65,44,2760,10501,5.13043,167,16.9611,0,0,5440,9722903848
504.671,1.98149,45.0255,0,86,65,44,2760,10501,5.13043,167,16.9611,0,0,5440,9724885722
334.887,2.98608,45.0255,0,86,65,44,2760,10501,5.13043,167,16.9611,0,0,5440,9727872102
407.253,2.45548,45.0255,0,86,65,44,2760,10501,5.13043,167,16.9611,0,0,5440,9730328002
345.703,2.89265,45.0255,0,86,65,44,2760,10501,5.13043,167,16.9611,0,0,5440,9733220888
391.873,2.55185,45.0255,0,86,65,44,2760,10501,5.13043,167,16.9611,0,0,5440,9735773060
366.617,2.72764,45.0255,0,86,65,44,2760,10501,5.13043,167,16.9611,0,0,5440,9738500998
391.888,2.55175,45.0255,0,86,65,44,2760,10501,5.13043,167,16.9611,0,0,5440,9741053046
312.398,3.20104,45.0255,0,86,65,44,2760,10501,5.13043,167,16.9611,0,0,5440,9744254432
287.293,3.48076,45.0255,0,86,65,44,2760,10501,5.13043,167,16.9611,0,0,5440,9747735531
429.059,2.33068,45.0255,0,86,65,44,2760,10501,5.13043,167,16.9611,0,0,5440,9750066484
495.137,2.01964,45.0255,0,86,65,44,2760,10501,5.13043,167,16.9611,0,0,5440,9752086533
340.693,2.93519,45.0255,0,86,65,44,2760,10501,5.13043,167,16.9611,0,0,5440,9755022151
348.413,2.87015,45.0255,0,86,65,44,2760,10501,5.13043,167,16.9611,0,0,5440,9757892738
483.208,2.0695,45.0255,0,86,65,44,2760,10501,5.13043,167,16.9611,0,0,5440,9759962558
352.109,2.84003,45.0255,0,86,65,44,2760,10501,5.13043,167,16.9611,0,0,5440,9762802836
386.125,2.58984,45.0255,0,86,65,44,2760,10501,5.13043,167,16.9611,0,0,5440,9765393145
364.037,2.74698,45.0255,0,86,65,44,2760,10501,5.13043,167,16.9611,0,0,5440,9768140449
400.594,2.4963,45.0255,0,86,65,44,2760,10501,5.13043,167,16.9611,0,0,5440,9770637043
250.163,3.99739,45.0255,0,86,65,44,2760,10501,5.13043,167,16.9611,0,0,5440,9774634870
511.469,1.95515,45.0255,0,86,65,44,2760,10501,5.13043,167,16.9611,0,0,5440,9776590214
394.494,2.53489,45.0255,0,86,65,44,2760,10501,5.13043,167,16.9611,0,0,5440,9779125502
391.689,2.55305,45.0255,0,86,65,44,2760,10501,5.13043,167,16.9611,0,0,5440,9781678790
344.22,2.90512,45.0255,0,86,65,44,2760,10501,5.13043,167,16.9611,0,0,5440,9784584320
394.518,2.53474,45.0255,0,86,65,44,2760,10501,5.13043,167,16.9611,0,0,5440,9787119290
320.784,3.11736,45.0255,0,86,65,44,2760,10501,5.13043,167,16.9611,0,0,5440,9790236934
433.866,2.30486,45.0255,0,86,65,44,2760,10501,5.13043,167,16.9611,0,0,5440,9792542108
370.527,2.69886,45.0255,0,86,65,44,2760,10501,5.13043,167,16.9611,0,0,5440,9795241429
400.291,2.49818,45.0255,0,86,65,44,2760,10501,5.13043,167,16.9611,0,0,5440,9797739898
204.942,4.87943,45.0255,0,86,65,44,2760,10501,5.13043,167,16.9611,0,0,5440,9802619620
307.221,3.25498,45.0255,0,86,65,44,2760,10501,5.13043,167,16.9611,0,0,5440,9805875086
949.332,1.05337,45.0255,0,86,65,44,2760,10501,5.13043,167,16.9611,0,0,5440,9806928708
497.674,2.00935,45.0255,0,86,65,44,2760,10501,5.13043,167,16.9611,0,0,5440,9808938343
385.372,2.59489,45.0255,0,86,65,44,2760,10501,5.13043,167,16.9611,0,0,5440,9811533575
291.868,3.42621,45.0255,0,86,65,44,2760,10501,5.13043,167,16.9611,0,0,5440,9814960113
499.625,2.0015,45.0255,0,86,65,44,2760,10501,5.13043,167,16.9611,0,0,5440,9816961892
398.401,2.51004,45.0255,0,86,65,44,2760,10501,5.13043,167,16.9611,0,0,5440,9819472881
371.664,2.6906,45.0255,0,86,65,44,2760,10501,5.13043,167,16.9611,0,0,5440,9822163250
305.382,3.27459,45.0255,0,86,65,44,2760,10501,5.13043,167,16.9611,0,0,5440,9825438101
289.511,3.4541,45.0255,0,86,65,44,2760,10501,5.13043,167,16.9611,0,0,5440,9828892438
467.705,2.1381,45.0255,0,86,65,44,2760,10501,5.13043,167,16.9611,0,0,5440,9831030876
467.69,2.13817,45.0255,0,86,65,44,2760,10501,5.13043,167,16.9611,0,0,5440,9833169400
339.818,2.94275,45.0255,0,86,65,44,2760,10501,5.13043,167,16.9611,0,0,5440,9836112470
419.085,2.38615,45.0255,0,86,65,44,2760,10501,5.13043,167,16.9611,0,0,5440,9838498993
378.117,2.64469,45.0255,0,86,65,44,2760,10501,5.13043,167,16.9611,0,0,5440,9841144063
350.599,2.85226,45.0255,0,86,65,44,2760,10501,5.13043,167,16.9611,0,0,5440,9843996688
319.716,3.12778,45.0255,0,86,65,44,2760,10501,5.13043,167,16.9611,0,0,5440,9847124957
349.427,2.86183,45.0255,0,86,65,44,2760,10501,5.13043,167,16.9611,0,0,5440,9849986995
530.383,1.88543,45.0255,0,86,65,44,2760,10501,5.13043,167,16.9611,0,0,5440,9851872780
256.457,3.8993,45.0255,0,86,65,44,2760,10501,5.13043,167,16.9611,0,0,5440,9855772508
475.717,2.10209,45.0255,0,86,65,44,2760,10501,5.13043,167,16.9611,0,0,5440,9857874771
509.814,1.9615,45.0255,0,86,65,44,2760,10501,5.13043,167,16.9611,0,0,5440,9859836625
340.453,2.93726,45.0255,0,86,65,44,2760,10501,5.13043,167,16.9611,0,0,5440,9862774196
371.84,2.68933,45.0255,0,86,65,44,2760,10501,5.13043,167,16.9611,0,0,5440,9865463825
390.929,2.55801,45.0255,0,86,65,44,2760,10501,5.13043,167,16.9611,0,0,5440,9868023584
310.842,3.21707,45.2685,0,85,65,44,2760,10501,5.13278,166,16.9537,0,0,5446,9871239606
472.668,2.11565,45.2685,0,85,65,44,2760,10501,5.13278,166,16.9537,0,0,5446,9873355485
327.12,3.05698,45.2685,0,85,65,44,2760,10501,5.13278,166,16.9537,0,0,5446,9876412751
450.646,2.21904,45.2685,0,85,65,44,2760,10501,5.13278,166,16.9537,0,0,5446,9878632249
193.247,5.17472,45.2685,0,85,65,44,2760,10501,5.13278,166,16.9537,0,0,5446,9883807443
1516.23,0.659531,45.2685,0,85,65,44,2760,10501,5.13278,166,16.9537,0,0,5446,9884467157
445.965,2.24233,45.2685,0,85,65,44,2760,10501,5.13278,166,16.9537,0,0,5446,9886709829
263.832,3.79029,45.2685,0,85,65,44,2760,10501,5.13278,166,16.9537,0,0,5446,9890500447
262.352,3.81167,45.2685,0,85,65,44,2760,10501,5.13278,166,16.9537,0,0,5446,9894312470
1641.33,0.609261,45.2685,0,85,65,44,2760,10501,5.13278,166,16.9537,0,0,5446,9894922067
397.948,2.51289,45.2685,0,85,65,44,2760,10501,5.13278,166,16.9537,0,0,5446,9897435431
415.356,2.40757,45.2685,0,85,65,44,2760,10501,5.13278,166,16.9537,0,0,5446,9899843195
292.882,3.41435,45.2685,0,85,65,44,2760,10501,5.13278,166,16.9537,0,0,5446,9903258079
465.417,2.14861,45.2685,0,85,65,44,2760,10501,5.13278,166,16.9537,0,0,5446,9905406825
229.899,4.34973,45.2685,0,85,65,44,2760,10501,5.13278,166,16.9537,0,0,5446,9909757096
536.997,1.86221,45.2685,0,85,65,44,2760,10501,5.13278,166,16.9537,0,0,5446,9911619534
526.05,1.90096,45.2685,0,85,65,44,2760,10501,5.13278,166,16.9537,0,0,5446,9913520733
367.126,2.72386,45.2685,0,85,65,44,2760,10501,5.13278,166,16.9537,0,0,5446,9916244844
386.406,2.58795,45.2685,0,85,65,44,2760,10501,5.13278,166,16.9537,0,0,5446,9918833152
410.238,2.43761,45.2685,0,85,65,44,2760,10501,5.13278,166,16.9537,0,0,5446,9921271100
334.415,2.99029,45.2685,0,85,65,44,2760,10501,5.13278,166,16.9537,0,0,5446,9924261662
361.275,2.76798,45.2685,0,85,65,44,2760,10501,5.13278,166,16.9537,0,0,5446,9927030034
331.933,3.01266,45.2685,0,85,65,44,2760,10501,5.13278,166,16.9537,0,0,5446,9930042972
487.069,2.0531,45.2685,0,85,65,44,2760,10501,5.13278,166,16.9537,0,0,5446,9932096445
259,3.86101,45.2685,0,85,65,44,2760,10501,5.13278,166,16.9537,0,0,5446,9935957825
588.642,1.69883,45.2685,0,85,65,44,2760,10501,5.13278,166,16.9537,0,0,5446,9937657007
356.078,2.80837,45.2685,0,85,65,44,2760,10501,5.13278,166,16.9537,0,0,5446,9940465641
455.887,2.19353,45.2685,0,85,65,44,2760,10501,5.13278,166,16.9537,0,0,5446,9942659743
333.138,3.00175,45.2685,0,85,65,44,2760,10501,5.13278,166,16.9537,0,0,5446,9945661691
306.915,3.25823,45.2685,0,85,65,44,2760,10501,5.13278,166,16.9537,0,0,5446,9948920118
329.245,3.03726,45.2685,0,85,65,44,2760,10501,5.13278,166,16.9537,0,0,5446,9951957797
497.467,2.01018,45.2685,0,85,65,44,2760,10501,5.13278,166,16.9537,0,0,5446,9953968374
418.276,2.39076,45.2685,0,85,65,44,2760,10501,5.13278,166,16.9537,0,0,5446,9956359378
342.625,2.91865,45.2685,0,85,65,44,2760,10501,5.13278,166,16.9537,0,0,5446,9959278303
193.589,5.16558,45.2685,0,85,65,44,2760,10501,5.13278,166,16.9537,0,0,5446,9964444381
643.542,1.5539,45.2685,0,85,65,44,2760,10501,5.13278,166,16.9537,0,0,5446,9965998482
382.869,2.61186,45.2685,0,85,65,44,2760,10501,5.13278,166,16.9537,0,0,5446,9968610695
383.944,2.60455,45.2685,0,85,65,44,2760,10501,5.13278,166,16.9537,0,0,5446,9971215571
510.738,1.95795,45.2685,0,85,65,44,2760,10501,5.13278,166,16.9537,0,0,5446,9973173964
327.042,3.05771,45.2685,0,85,65,44,2760,10501,5.13278,166,16.9537,0,0,5446,9976232029
389.439,2.5678,45.2685,0,85,65,44,2760,10501,5.13278,166,16.9537,0,0,5446,9978800057
370.899,2.69615,45.2685,0,85,65,44,2760,10501,5.13278,166,16.9537,0,0,5446,9981496725
427.329,2.34012,45.2685,0,85,65,44,2760,10501,5.13278,166,16.9537,0,0,5446,9983837016
303.674,3.293,45.2685,0,85,65,44,2760,10501,5.13278,166,16.9537,0,0,5446,9987130367
240.495,4.15809,45.2685,0,85,65,44,2760,10501,5.13278,166,16.9537,0,0,5446,9991288747
399.562,2.50274,45.2685,0,85,65,44,2760,10501,5.13278,166,16.9537,0,0,5446,9993791813
610.544,1.63788,45.2685,0,85,65,44,2760,10501,5.13278,166,16.9537,0,0,5446,9995430118
347.817,2.87508,45.2685,0,85,65,44,2760,10501,5.13278,166,16.9537,0,0,5446,9998305445
278.709,3.58798,45.2685,0,85,65,44,2760,10501,5.13278,166,16.9537,0,0,5446,10001893893
239.749,4.17103,45.2685,0,85,65,44,2760,10501,5.13278,166,16.9537,0,0,5446,10006065236
503.564,1.98585,45.2685,0,85,65,44,2760,10501,5.13278,166,16.9537,0,0,5446,10008051485
489.236,2.044,45.2685,0,85,65,44,2760,10501,5.13278,166,16.9537,0,0,5446,10010095747
537.892,1.85911,45.2685,0,85,65,44,2760,10501,5.13278,166,16.9537,0,0,5446,10011955194
384.61,2.60004,45.2685,0,85,65,44,2760,10501,5.13278,166,16.9537,0,0,5446,10014555560
286.537,3.48995,45.2685,0,85,65,44,2760,10501,5.13278,166,16.9537,0,0,5446,10018045870
482.822,2.07116,45.2685,0,85,65,44,2760,10501,5.13278,166,16.9537,0,0,5446,10020117325
458.062,2.18311,45.2685,0,85,65,44,2760,10501,5.13278,166,16.9537,0,0,5446,10022300783
340,2.94118,45.2685,0,85,65,44,2760,10501,5.13278,166,16.9537,0,0,5446,10025242238
447.316,2.23556,45.2685,0,85,65,44,2760,10501,5.13278,166,16.9537,0,0,5446,10027478304
375.317,2.66442,45.2685,0,85,65,44,2760,10501,5.13278,166,16.9537,0,0,5446,10030142970
347.021,2.88167,45.2685,0,85,65,44,2760,10501,5.13278,166,16.9537,0,0,5446,10033024923
335.566,2.98004,45.2685,0,85,65,44,2760,10501,5.13278,166,16.9537,0,0,5446,10036005293
422.163,2.36875,45.2685,0,85,65,44,2760,10501,5.13278,166,16.9537,0,0,5446,10038374382
350.084,2.85646,45.2685,0,85,65,44,2760,10501,5.13278,166,16.9537,0,0,5446,10041231161
271.337,3.68545,45.2685,0,85,65,44,2760,10501,5.13278,166,16.9537,0,0,5446,10044916901
588.212,1.70007,45.2685,0,85,65,44,2760,10501,5.13278,166,16.9537,0,0,5446,10046617237
339.07,2.94924,45.2685,0,85,65,44,2760,10501,5.13278,166,16.9537,0,0,5446,10049566779
398.006,2.51253,45.2685,0,85,65,44,2760,10501,5.13278,166,16.9537,0,0,5446,10052079613
395.289,2.5298,45.2685,0,85,65,44,2760,10501,5.13278,166,16.9537,0,0,5446,10054609756
353.197,2.83128,45.2685,0,85,65,44,2760,10501,5.13278,166,16.9537,0,0,5446,10057441352
374.343,2.67135,45.2685,0,85,65,44,2760,10501,5.13278,166,16.9537,0,0,5446,10060112990
413.025,2.42116,45.2685,0,85,65,44,2760,10501,5.13278,166,16.9537,0,0,5446,10062534456
291.698,3.4282,45.2685,0,85,65,44,2760,10501,5.13278,166,16.9537,0,0,5446,10065962937
479.788,2.08425,45.2685,0,85,65,44,2760,10501,5.13278,166,16.9537,0,0,5446,10068047594
244.845,4.08422,45.2685,0,85,65,44,2760,10501,5.13278,166,16.9537,0,0,5446,10072132135
610.036,1.63925,45.2685,0,85,65,44,2760,10501,5.13278,166,16.9537,0,0,5446,10073771633
503.016,1.98801,45.2685,0,85,65,44,2760,10501,5.13278,166,16.9537,0,0,5446,10075760046
374.285,2.67176,45.2685,0,85,65,44,2760,10501,5.13278,166,16.9537,0,0,5446,10078432136
393.956,2.53835,45.2685,0,85,65,44,2760,10501,5.13278,166,16.9537,0,0,5446,10080970895
310.649,3.21907,45.2685,0,85,65,44,2760,10501,5.13278,166,16.9537,0,0,5446,10084190205
394.066,2.53764,45.2685,0,85,65,44,2760,10501,5.13278,166,16.9537,0,0,5446,10086728512
357.401,2.79798,45.2685,0,85,65,44,2760,10501,5.13278,166,16.9537,0,0,5446,10089526404
387.245,2.58235,45.2685,0,85,65,44,2760,10501,5.13278,166,16.9537,0,0,5446,10092109106
378.414,2.64261,45.2685,0,85,65,44,2760,10501,5.13278,166,16.9537,0,0,5446,10094752138
181.242,5.51748,45.2685,0,85,65,44,2760,10501,5.13278,166,16.9537,0,0,5446,10100269891
1437.13,0.695832,45.2685,0,85,65,44,2760,10501,5.13278,166,16.9537,0,0,5446,10100965722
424.807,2.35401,45.2685,0,85,65,44,2760,10501,5.13278,166,16.9537,0,0,5446,10103320148
380.416,2.6287,45.2685,0,85,65,44,2760,10501,5.13278,166,16.9537,0,0,5446,10105949198
353.163,2.83156,45.2685,0,85,65,44,2760,10501,5.13278,166,16.9537,0,0,5446,10108780957
360.372,2.77491,45.2685,0,85,65,44,2760,10501,5.13278,166,16.9537,0,0,5446,10111556281
300.302,3.32998,45.2685,0,85,65,44,2760,10501,5.13278,166,16.9537,0,0,5446,10114886451
410.61,2.4354,45.2685,0,85,65,44,2760,10501,5.13278,166,16.9537,0,0,5446,10117322283
399.756,2.50153,45.2685,0,85,65,44,2760,10501,5.13278,166,16.9537,0,0,5446,10119824060
446.73,2.23849,45.2685,0,85,65,44,2760,10501,5.13278,166,16.9537,0,0,5446,10122062885
210.426,4.75227,45.2685,0,85,65,44,2760,10501,5.13278,166,16.9537,0,0,5446,10126815497
574.094,1.74188,45.2685,0,85,65,44,2760,10501,5.13278,166,16.9537,0,0,5446,10128557681
659.7,1.51584,45.2685,0,85,65,44,2760,10501,5.13278,166,16.9537,0,0,5446,10130073838
392.962,2.54478,45.2685,0,85,65,44,2760,10501,5.13278,166,16.9537,0,0,5446,10132618866
362.927,2.75537,45.2685,0,85,65,44,2760,10501,5.13278,166,16.9537,0,0,5446,10135374516
254.975,3.92196,45.2685,0,85,65,44,2760,10501,5.13278,166,16.9537,0,0,5446,10139296985
712.315,1.40387,45.2685,0,85,65,44,2760,10501,5.13278,166,16.9537,0,0,5446,10140701206
411.185,2.43199,45.2685,0,85,65,44,2760,10501,5.13278,166,16.9537,0,0,5446,10143133537
260.41,3.84009,45.2685,0,85,65,44,2760,10501,5.13278,166,16.9537,0,0,5446,10146973994
681.439,1.46748,45.2685,0,85,65,44,2760,10501,5.13278,166,16.9537,0,0,5446,10148441774
360.035,2.77751,45.2685,0,85,65,44,2760,10501,5.13278,166,16.9537,0,0,5446,10151219550
278.901,3.58551,45.2685,0,85,65,44,2760,10501,5.13278,166,16.9537,0,0,5446,10154805517
521.04,1.91924,45.2685,0,85,65,44,2760,10501,5.13278,166,16.9537,0,0,5446,10156724967
407.302,2.45518,45.2685,0,85,65,44,2760,10501,5.13278,166,16.9537,0,0,5446,10159180405
356.481,2.8052,45.2685,0,85,65,44,2760,10501,5.13278,166,16.9537,0,0,5446,10161985990
332.817,3.00466,45.2685,0,85,65,44,2760,10501,5.13278,166,16.9537,0,0,5446,10164990928
440.076,2.27234,45.2685,0,85,65,44,2760,10501,5.13278,166,16.9537,0,0,5446,10167263716
343.783,2.90881,45.2685,0,85,65,44,2760,10501,5.13278,166,16.9537,0,0,5446,10170172756
354.816,2.81836,45.2685,0,85,65,44,2760,10501,5.13278,166,16.9537,0,0,5446,10172991467
412.794,2.42251,45.2685,0,85,65,44,2760,10501,5.13278,166,16.9537,0,0,5446,10175414318
236.732,4.22418,45.2685,0,85,65,44,2760,10501,5.13278,166,16.9537,0,0,5446,10179638825
457.415,2.1862,45.2685,0,85,65,44,2760,10501,5.13278,166,16.9537,0,0,5446,10181825274
562.432,1.77799,45.2685,0,85,65,44,2760,10501,5.13278,166,16.9537,0,0,5446,10183603632
375.694,2.66174,45.2685,0,85,65,44,2760,10501,5.13278,166,16.9537,0,0,5446,10186265664
355.853,2.81015,45.2685,0,85,65,44,2760,10501,5.13278,166,16.9537,0,0,5446,10189076182
333.615,2.99747,45.2685,0,85,65,44,2760,10501,5.13278,166,16.9537,0,0,5446,10192073937
304.907,3.27969,45.2685,0,85,65,44,2760,10501,5.13278,166,16.9537,0,0,5446,10195357557
478.103,2.0916,45.2685,0,85,65,44,2760,10501,5.13278,166,16.9537,0,0,5446,10197446079
394.019,2.53795,45.2685,0,85,65,44,2760,10501,5.13278,166,16.9537,0,0,5446,10199984261
274.118,3.64807,45.2685,0,85,65,44,2760,10501,5.13278,166,16.9537,0,0,5446,10203632653
272.513,3.66956,45.2685,0,85,65,44,2760,10501,5.13278,166,16.9537,0,0,5446,10207302556
629.138,1.58948,45.2685,0,85,65,44,2760,10501,5.13278,166,16.9537,0,0,5446,10208892234
321.138,3.11392,45.2685,0,85,65,44,2760,10501,5.13278,166,16.9537,0,0,5446,10212006618
496.667,2.01342,45.2685,0,85,65,44,2760,10501,5.13278,166,16.9537,0,0,5446,10214020426
523.819,1.90905,45.2685,0,85,65,44,2760,10501,5.13278,166,16.9537,0,0,5446,10215929712
324.566,3.08104,45.2685,0,85,65,44,2760,10501,5.13278,166,16.9537,0,0,5446,10219011306
356.315,2.80651,45.2685,0,85,65,44,2760,10501,5.13278,166,16.9537,0,0,5446,10221817949
342.067,2.92341,45.2685,0,85,65,44,2760,10501,5.13278,166,16.9537,0,0,5446,10224741778
420.497,2.37814,45.2685,0,85,65,44,2760,10501,5.13278,166,16.9537,0,0,5446,10227120127
414.692,2.41143,45.2685,0,85,65,44,2760,10501,5.13278,166,16.9537,0,0,5446,10229531891
201.393,4.96542,45.2685,0,85,65,44,2760,10501,5.13278,166,16.9537,0,0,5446,10234497732
482.511,2.07249,45.2685,0,85,65,44,2760,10501,5.13278,166,16.9537,0,0,5446,10236570427
421.091,2.37478,45.2685,0,85,65,44,2760,10501,5.13278,166,16.9537,0,0,5446,10238945526
432.639,2.31139,45.2685,0,85,65,44,2760,10501,5.13278,166,16.9537,0,0,5446,10241257248
243.343,4.10942,45.2685,0,85,65,44,2760,10501,5.13278,166,16.9537,0,0,5446,10245367185
683.985,1.46202,45.2685,0,85,65,44,2760,10501,5.13278,166,16.9537,0,0,5446,10246829378
356.498,2.80507,45.2685,0,85,65,44,2760,10501,5.13278,166,16.9537,0,0,5446,10249634761
452.844,2.20827,45.2685,0,85,65,44,2760,10501,5.13278,166,16.9537,0,0,5446,10251843470
326.416,3.06357,45.2685,0,85,65,44,2760,10501,5.13278,166,16.9537,0,0,5446,10254907275
404.927,2.46958,45.2685,0,85,65,44,2760,10501,5.13278,166,16.9537,0,0,5446,10257377205
240.806,4.15272,45.2685,0,85,65,44,2760,10501,5.13278,166,16.9537,0,0,5446,10261530181
683.033,1.46406,45.2685,0,85,65,44,2760,10501,5.13278,166,16.9537,0,0,5446,10262994567
396.664,2.52103,45.2685,0,85,65,44,2760,10501,5.13278,166,16.9537,0,0,5446,10265515902
428.322,2.33469,45.2685,0,85,65,44,2760,10501,5.13278,166,16.9537,0,0,5446,10267850913
375.08,2.6661,45.2685,0,85,65,44,2760,10501,5.13278,166,16.9537,0,0,5446,10270517369
394.326,2.53597,45.2685,0,85,65,44,2760,10501,5.13278,166,16.9537,0,0,5446,10273053704
438.475,2.28063,45.2685,0,85,65,44,2760,10501,5.13278,166,16.9537,0,0,5446,10275334598
347.119,2.88086,45.2685,0,85,65,44,2760,10501,5.13278,166,16.9537,0,0,5446,10278215984
332.63,3.00634,45.2685,0,85,65,44,2760,10501,5.13278,166,16.9537,0,0,5446,10281222441
227.56,4.39445,45.2685,0,85,65,44,2760,10501,5.13278,166,16.9537,0,0,5446,10285617387
438.867,2.2786,45.2685,0,85,65,44,2760,10501,5.13278,166,16.9537,0,0,5446,10287896339
502.505,1.99003,45.2685,0,85,65,44,2760,10501,5.13278,166,16.9537,0,0,5446,10289886627
348.048,2.87316,45.2685,0,85,65,44,2760,10501,5.13278,166,16.9537,0,0,5446,10292760118
369.446,2.70675,45.2685,0,85,65,44,2760,10501,5.13278,166,16.9537,0,0,5446,10295467200
587.733,1.70145,45.2685,0,85,65,44,2760,10501,5.13278,166,16.9537,0,0,5446,10297168901
363.868,2.74825,45.2685,0,85,65,44,2760,10501,5.13278,166,16.9537,0,0,5446,10299917513
383.084,2.61039,45.2685,0,85,65,44,2760,10501,5.13278,166,16.9537,0,0,5446,10302528159
214.104,4.67062,45.2685,0,85,65,44,2760,10501,5.13278,166,16.9537,0,0,5446,10307200249
1109.85,0.90102,45.2685,0,85,65,44,2760,10501,5.13278,166,16.9537,0,0,5446,10308101529
412.151,2.42629,45.2685,0,85,65,44,2760,10501,5.13278,166,16.9537,0,0,5446,10310528111
171.59,5.82786,45.2685,0,85,65,44,2760,10501,5.13278,166,16.9537,0,0,5446,10316356384
502.219,1.99116,45.2685,0,85,65,44,2760,10501,5.13278,166,16.9537,0,0,5446,10318347884
675.328,1.48076,45.2685,0,85,65,44,2760,10501,5.13278,166,16.9537,0,0,5446,10319830069
443,2.25734,45.2685,0,85,65,44,2760,10501,5.13278,166,16.9537,0,0,5446,10322087837
328.179,3.04712,45.2685,0,85,65,44,2760,10501,5.13278,166,16.9537,0,0,5446,10325135228
441.37,2.26567,45.2685,0,85,65,44,2760,10501,5.13278,166,16.9537,0,0,5446,10327401189
366.928,2.72533,45.2685,0,85,65,44,2760,10501,5.13278,166,16.9537,0,0,5446,10330126877
421.615,2.37183,45.2685,0,85,65,44,2760,10501,5.13278,166,16.9537,0,0,5446,10332498967
327.262,3.05566,45.2685,0,85,65,44,2760,10501,5.13278,166,16.9537,0,0,5446,10335555089
432.242,2.31352,45.2685,0,85,65,44,2760,10501,5.13278,166,16.9537,0,0,5446,10337868859
246.35,4.05927,45.2685,0,85,65,44,2760,10501,5.13278,166,16.9537,0,0,5446,10341928573
634.148,1.57692,45.2685,0,85,65,44,2760,10501,5.13278,166,16.9537,0,0,5446,10343505819
394.122,2.53729,45.2685,0,85,65,44,2760,10501,5.13278,166,16.9537,0,0,5446,10346043356
348.68,2.86796,45.2685,0,85,65,44,2760,10501,5.13278,166,16.9537,0,0,5446,10348911683
328.546,3.04372,45.2685,0,85,65,44,2760,10501,5.13278,166,16.9537,0,0,5446,10351955699
534.412,1.87122,45.2685,0,85,65,44,2760,10501,5.13278,166,16.9537,0,0,5446,10353827205
312.462,3.20039,45.2685,0,85,65,44,2760,10501,5.13278,166,16.9537,0,0,5446,10357027899
338.708,2.9524,45.2685,0,85,65,44,2760,10501,5.13278,166,16.9537,0,0,5446,10359980720
475.415,2.10343,45.2685,0,85,65,44,2760,10501,5.13278,166,16.9537,0,0,5446,10362084397
341.788,2.92579,45.2685,0,85,65,44,2760,10501,5.13278,166,16.9537,0,0,5446,10365010505
220.061,4.5442,45.2685,0,85,65,44,2760,10501,5.13278,166,16.9537,0,0,5446,10369556898
483.747,2.06719,44.6863,0,85,65,44,2760,10501,5.12848,166,16.9538,0,0,5435,10371622679
629.622,1.58826,44.6863,0,85,65,44,2760,10501,5.12848,166,16.9538,0,0,5435,10373211156
367.27,2.72279,44.6863,0,85,65,44,2760,10501,5.12848,166,16.9538,0,0,5435,10375934296
387.893,2.57803,44.6863,0,85,65,44,2760,10501,5.12848,166,16.9538,0,0,5435,10378512604
372.316,2.68589,44.6863,0,85,65,44,2760,10501,5.12848,166,16.9538,0,0,5435,10381198829
395.909,2.52584,44.6863,0,85,65,44,2760,10501,5.12848,166,16.9538,0,0,5435,10383724943
382.251,2.61608,44.6863,0,85,65,44,2760,10501,5.12848,166,16.9538,0,0,5435,10386341368
320.268,3.12238,44.6863,0,85,65,44,2760,10501,5.12848,166,16.9538,0,0,5435,10389464079
348.15,2.87233,44.6863,0,85,65,44,2760,10501,5.12848,166,16.9538,0,0,5435,10392336704
233.124,4.28956,44.6863,0,85,65,44,2760,10501,5.12848,166,16.9538,0,0,5435,10396626743
650.787,1.5366,44.6863,0,85,65,44,2760,10501,5.12848,166,16.9538,0,0,5435,10398163612
284.353,3.51675,44.6863,0,85,65,44,2760,10501,5.12848,166,16.9538,0,0,5435,10401680702
1277.41,0.782834,44.6863,0,85,65,44,2760,10501,5.12848,166,16.9538,0,0,5435,10402463901
377.857,2.6465,44.6863,0,85,65,44,2760,10501,5.12848,166,16.9538,0,0,5435,10405110693
302.763,3.30291,44.6863,0,85,65,44,2760,10501,5.12848,166,16.9538,0,0,5435,10408413862
422.953,2.36433,44.6863,0,85,65,44,2760,10501,5.12848,166,16.9538,0,0,5435,10410778518
434.262,2.30276,44.6863,0,85,65,44,2760,10501,5.12848,166,16.9538,0,0,5435,10413081634
166.649,6.00064,44.6863,0,85,65,44,2760,10501,5.12848,166,16.9538,0,0,5435,10419082529
769.239,1.29999,44.6863,0,85,65,44,2760,10501,5.12848,166,16.9538,0,0,5435,10420382678
308.575,3.24071,44.6863,0,85,65,44,2760,10501,5.12848,166,16.9538,0,0,5435,10423623816
546.947,1.82833,44.6863,0,85,65,44,2760,10501,5.12848,166,16.9538,0,0,5435,10425452599
524.588,1.90626,44.6863,0,85,65,44,2760,10501,5.12848,166,16.9538,0,0,5435,10427359029
427.987,2.33652,44.6863,0,85,65,44,2760,10501,5.12848,166,16.9538,0,0,5435,10429695983
367.466,2.72134,44.6863,0,85,65,44,2760,10501,5.12848,166,16.9538,0,0,5435,10432417651
338.764,2.95191,44.6863,0,85,65,44,2760,10501,5.12848,166,16.9538,0,0,5435,10435369876
385.561,2.59363,44.6863,0,85,65,44,2760,10501,5.12848,166,16.9538,0,0,5435,10437963925
422.874,2.36477,44.6863,0,85,65,44,2760,10501,5.12848,166,16.9538,0,0,5435,10440328947
351.468,2.84521,44.6863,0,85,65,44,2760,10501,5.12848,166,16.9538,0,0,5435,10443174514
305.072,3.27792,44.6863,0,85,65,44,2760,10501,5.12848,166,16.9538,0,0,5435,10446452672
222.726,4.48982,44.6863,0,85,65,44,2760,10501,5.12848,166,16.9538,0,0,5435,10450942785
619.875,1.61323,44.6863,0,85,65,44,2760,10501,5.12848,166,16.9538,0,0,5435,10452556253
552.465,1.81007,44.6863,0,85,65,44,2760,10501,5.12848,166,16.9538,0,0,5435,10454366651
379.441,2.63545,44.6863,0,85,65,44,2760,10501,5.12848,166,16.9538,0,0,5435,10457002393
392.494,2.54781,44.6863,0,85,65,44,2760,10501,5.12848,166,16.9538,0,0,5435,10459550537
325.677,3.07053,44.6863,0,85,65,44,2760,10501,5.12848,166,16.9538,0,0,5435,10462621515
471.717,2.11992,44.6863,0,85,65,44,2760,10501,5.12848,166,16.9538,0,0,5435,10464741760
359.238,2.78367,44.6863,0,85,65,44,2760,10501,5.12848,166,16.9538,0,0,5435,10467525700
367.818,2.71873,44.6863,0,85,65,44,2760,10501,5.12848,166,16.9538,0,0,5435,10470244878
331.136,3.01991,44.6863,0,85,65,44,2760,10501,5.12848,166,16.9538,0,0,5435,10473264989
199.691,5.00773,44.6863,0,85,65,44,2760,10501,5.12848,166,16.9538,0,0,5435,10478273023
372.164,2.68699,44.6863,0,85,65,44,2760,10501,5.12848,166,16.9538,0,0,5435,10480960451
487.194,2.05257,44.6863,0,85,65,44,2760,10501,5.12848,166,16.9538,0,0,5435,10483013520
304.3,3.28623,44.6863,0,85,65,44,2760,10501,5.12848,166,16.9538,0,0,5435,10486300034
515.687,1.93916,44.6863,0,85,65,44,2760,10501,5.12848,166,16.9538,0,0,5435,10488239792
475.656,2.10236,44.6863,0,85,65,44,2760,10501,5.12848,166,16.9538,0,0,5435,10490342334
511.585,1.95471,44.6863,0,85,65,44,2760,10501,5.12848,166,16.9538,0,0,5435,10492297506
455.991,2.19303,44.6863,0,85,65,44,2760,10501,5.12848,166,16.9538,0,0,5435,10494490781
387.286,2.58207,44.6863,0,85,65,44,2760,10501,5.12848,166,16.9538,0,0,5435,10497073330
356.987,2.80122,44.6863,0,85,65,44,2760,10501,5.12848,166,16.9538,0,0,5435,10499874617
243.501,4.10676,44.6863,0,85,65,44,2760,10501,5.12848,166,16.9538,0,0,5435,10503981899
495.523,2.01807,44.6863,0,85,65,44,2760,10501,5.12848,166,16.9538,0,0,5435,10506000179
363.028,2.75461,44.6863,0,85,65,44,2760,10501,5.12848,166,16.9538,0,0,5435,10508755185
548.458,1.82329,44.6863,0,85,65,44,2760,10501,5.12848,166,16.9538,0,0,5435,10510578756
284.378,3.51644,44.6863,0,85,65,44,2760,10501,5.12848,166,16.9538,0,0,5435,10514095615
487.752,2.05022,44.6863,0,85,65,44,2760,10501,5.12848,166,16.9538,0,0,5435,10516146069
278.002,3.5971,44.6863,0,85,65,44,2760,10501,5.12848,166,16.9538,0,0,5435,10519743498
389.122,2.56989,44.6863,0,85,65,44,2760,10501,5.12848,166,16.9538,0,0,5435,10522313604
540.463,1.85026,44.6863,0,85,65,44,2760,10501,5.12848,166,16.9538,0,0,5435,10524164291
229.385,4.35947,44.6863,0,85,65,44,2760,10501,5.12848,166,16.9538,0,0,5435,10528524025
365.779,2.73389,44.6863,0,85,65,44,2760,10501,5.12848,166,16.9538,0,0,5435,10531258232
569.635,1.75551,44.6863,0,85,65,44,2760,10501,5.12848,166,16.9538,0,0,5435,10533013916
525.5,1.90295,44.6863,0,85,65,44,2760,10501,5.12848,166,16.9538,0,0,5435,10534917259
382.871,2.61185,44.6863,0,85,65,44,2760,10501,5.12848,166,16.9538,0,0,5435,10537529424
386.044,2.59038,44.6863,0,85,65,44,2760,10501,5.12848,166,16.9538,0,0,5435,10540120079
382.886,2.61174,44.6863,0,85,65,44,2760,10501,5.12848,166,16.9538,0,0,5435,10542732032
270.163,3.70147,44.6863,0,85,65,44,2760,10501,5.12848,166,16.9538,0,0,5435,10546434234
727.462,1.37464,44.6863,0,85,65,44,2760,10501,5.12848,166,16.9538,0,0,5435,10547808896
325.423,3.07292,44.6863,0,85,65,44,2760,10501,5.12848,166,16.9538,0,0,5435,10550882191
382.624,2.61353,44.6863,0,85,65,44,2760,10501,5.12848,166,16.9538,0,0,5435,10553496058
202.678,4.93393,44.6863,0,85,65,44,2760,10501,5.12848,166,16.9538,0,0,5435,10558430359
641.791,1.55814,44.6863,0,85,65,44,2760,10501,5.12848,166,16.9538,0,0,5435,10559988806
311.456,3.21072,44.6863,0,85,65,44,2760,10501,5.12848,166,16.9538,0,0,5435,10563199943
491.3,2.03541,44.6863,0,85,65,44,2760,10501,5.12848,166,16.9538,0,0,5435,10565235579
453.503,2.20505,44.6863,0,85,65,44,2760,10501,5.12848,166,16.9538,0,0,5435,10567441028
285.797,3.49898,44.6863,0,85,65,44,2760,10501,5.12848,166,16.9538,0,0,5435,10570940358
595.859,1.67825,44.6863,0,85,65,44,2760,10501,5.12848,166,16.9538,0,0,5435,10572619010
302.38,3.3071,44.6863,0,85,65,44,2760,10501,5.12848,166,16.9538,0,0,5435,10575926372
470.715,2.12443,44.6863,0,85,65,44,2760,10501,5.12848,166,16.9538,0,0,5435,10578051040
333.766,2.99611,44.6863,0,85,65,44,2760,10501,5.12848,166,16.9538,0,0,5435,10581047468
208.298,4.80081,44.6863,0,85,65,44,2760,10501,5.12848,166,16.9538,0,0,5435,10585848610
1804.02,0.554317,44.6863,0,85,65,44,2760,10501,5.12848,166,16.9538,0,0,5435,10586402860
204.613,4.88727,44.6863,0,85,65,44,2760,10501,5.12848,166,16.9538,0,0,5435,10591290765
1361.96,0.734236,44.6863,0,85,65,44,2760,10501,5.12848,166,16.9538,0,0,5435,10592025212
381.86,2.61876,44.6863,0,85,65,44,2760,10501,5.12848,166,16.9538,0,0,5435,10594644358
392.139,2.55011,44.6863,0,85,65,44,2760,10501,5.12848,166,16.9538,0,0,5435,10597194877
414.325,2.41356,44.6863,0,85,65,44,2760,10501,5.12848,166,16.9538,0,0,5435,10599608920
364.878,2.74064,44.6863,0,85,65,44,2760,10501,5.12848,166,16.9538,0,0,5435,10602349801
319.602,3.12889,44.6863,0,85,65,44,2760,10501,5.12848,166,16.9538,0,0,5435,10605479022
374.932,2.66715,44.6863,0,85,65,44,2760,10501,5.12848,166,16.9538,0,0,5435,10608146535
257.38,3.8853,44.6863,0,85,65,44,2760,10501,5.12848,166,16.9538,0,0,5435,10612032214
854.96,1.16964,44.6863,0,85,65,44,2760,10501,5.12848,166,16.9538,0,0,5435,10613202099
466.009,2.14588,44.6863,0,85,65,44,2760,10501,5.12848,166,16.9538,0,0,5435,10615348354
348.503,2.86941,44.6863,0,85,65,44,2760,10501,5.12848,166,16.9538,0,0,5435,10618218201
384.358,2.60174,44.6863,0,85,65,44,2760,10501,5.12848,166,16.9538,0,0,5435,10620820173
366.369,2.72949,44.6863,0,85,65,44,2760,10501,5.12848,166,16.9538,0,0,5435,10623549938
268.876,3.71918,44.6863,0,85,65,44,2760,10501,5.12848,166,16.9538,0,0,5435,10627269573
650.1,1.53823,44.6863,0,85,65,44,2760,10501,5.12848,166,16.9538,0,0,5435,10628808048
374.649,2.66917,44.6863,0,85,65,44,2760,10501,5.12848,166,16.9538,0,0,5435,10631477657
330.651,3.02433,44.6863,0,85,65,44,2760,10501,5.12848,166,16.9538,0,0,5435,10634502192
223.404,4.47619,44.6863,0,85,65,44,2760,10501,5.12848,166,16.9538,0,0,5435,10638978747
571.689,1.7492,44.6863,0,85,65,44,2760,10501,5.12848,166,16.9538,0,0,5435,10640728392
465.506,2.1482,44.6863,0,85,65,44,2760,10501,5.12848,166,16.9538,0,0,5435,10642876820
427.187,2.3409,44.6863,0,85,65,44,2760,10501,5.12848,166,16.9538,0,0,5435,10645218034
353.791,2.82653,44.6863,0,85,65,44,2760,10501,5.12848,166,16.9538,0,0,5435,10648044869
296.823,3.36902,44.6863,0,85,65,44,2760,10501,5.12848,166,16.9538,0,0,5435,10651414233
555.403,1.80049,44.6863,0,85,65,44,2760,10501,5.12848,166,16.9538,0,0,5435,10653215419
300.24,3.33067,44.6863,0,85,65,44,2760,10501,5.12848,166,16.9538,0,0,5435,10656545973
402.392,2.48514,44.6863,0,85,65,44,2760,10501,5.12848,166,16.9538,0,0,5435,10659031422
463.846,2.15589,44.6863,0,85,65,44,2760,10501,5.12848,166,16.9538,0,0,5435,10661187630
206.148,4.85088,44.6863,0,85,65,44,2760,10501,5.12848,166,16.9538,0,0,5435,10666038870
398.573,2.50895,44.6863,0,85,65,44,2760,10501,5.12848,166,16.9538,0,0,5435,10668548157
975.714,1.02489,44.6863,0,85,65,44,2760,10501,5.12848,166,16.9538,0,0,5435,10669573383
405.682,2.46499,44.6863,0,85,65,44,2760,10501,5.12848,166,16.9538,0,0,5435,10672038832
325.445,3.07272,44.6863,0,85,65,44,2760,10501,5.12848,166,16.9538,0,0,5435,10675111772
337.579,2.96227,44.6863,0,85,65,44,2760,10501,5.12848,166,16.9538,0,0,5435,10678074401
489.075,2.04468,44.6863,0,85,65,44,2760,10501,5.12848,166,16.9538,0,0,5435,10680119421
261.624,3.82228,44.6863,0,85,65,44,2760,10501,5.12848,166,16.9538,0,0,5435,10683942002
536.172,1.86507,44.6863,0,85,65,44,2760,10501,5.12848,166,16.9538,0,0,5435,10685807392
421.764,2.37099,44.6863,0,85,65,44,2760,10501,5.12848,166,16.9538,0,0,5435,10688178943
213.637,4.68083,44.6863,0,85,65,44,2760,10501,5.12848,166,16.9538,0,0,5435,10692860043
335.573,2.97998,44.6863,0,85,65,44,2760,10501,5.12848,166,16.9538,0,0,5435,10695840374
421.542,2.37224,44.6863,0,85,65,44,2760,10501,5.12848,166,16.9538,0,0,5435,10698213022
598.986,1.66949,44.6863,0,85,65,44,2760,10501,5.12848,166,16.9538,0,0,5435,10699883020
410.871,2.43385,44.6863,0,85,65,44,2760,10501,5.12848,166,16.9538,0,0,5435,10702317073
540.441,1.85034,44.6863,0,85,65,44,2760,10501,5.12848,166,16.9538,0,0,5435,10704167722
362.157,2.76124,44.6863,0,85,65,44,2760,10501,5.12848,166,16.9538,0,0,5435,10706929421
395.428,2.5289,44.6863,0,85,65,44,2760,10501,5.12848,166,16.9538,0,0,5435,10709458564
345.507,2.8943,44.6863,0,85,65,44,2760,10501,5.12848,166,16.9538,0,0,5435,10712353344
377.971,2.6457,44.6863,0,85,65,44,2760,10501,5.12848,166,16.9538,0,0,5435,10714999289
203.876,4.90495,44.6863,0,85,65,44,2760,10501,5.12848,166,16.9538,0,0,5435,10719904522
370.954,2.69575,44.6863,0,85,65,44,2760,10501,5.12848,166,16.9538,0,0,5435,10722600747
956.246,1.04576,44.6863,0,85,65,44,2760,10501,5.12848,166,16.9538,0,0,5435,10723646706
507.937,1.96875,44.6863,0,85,65,44,2760,10501,5.12848,166,16.9538,0,0,5435,10725615772
288.88,3.46164,44.6863,0,85,65,44,2760,10501,5.12848,166,16.9538,0,0,5435,10729077744
542.298,1.844,44.6863,0,85,65,44,2760,10501,5.12848,166,16.9538,0,0,5435,10730922085
381.143,2.62368,44.6863,0,85,65,44,2760,10501,5.12848,166,16.9538,0,0,5435,10733546001
357.734,2.79537,44.6863,0,85,65,44,2760,10501,5.12848,166,16.9538,0,0,5435,10736341787
293.745,3.40432,44.6863,0,85,65,44,2760,10501,5.12848,166,16.9538,0,0,5435,10739746392
663.937,1.50617,44.6863,0,85,65,44,2760,10501,5.12848,166,16.9538,0,0,5435,10741252914
191.181,5.23066,44.6863,0,85,65,44,2760,10501,5.12848,166,16.9538,0,0,5435,10746483927
601.549,1.66237,44.6863,0,85,65,44,2760,10501,5.12848,166,16.9538,0,0,5435,10748146647
501.802,1.99282,44.6863,0,85,65,44,2760,10501,5.12848,166,16.9538,0,0,5435,10750139810
320.592,3.11923,44.6863,0,85,65,44,2760,10501,5.12848,166,16.9538,0,0,5435,10753259328
335.434,2.98122,44.6863,0,85,65,44,2760,10501,5.12848,166,16.9538,0,0,5435,10756240891
454.107,2.20212,44.6863,0,85,65,44,2760,10501,5.12848,166,16.9538,0,0,5435,10758443474
348.101,2.87273,44.6863,0,85,65,44,2760,10501,5.12848,166,16.9538,0,0,5435,10761316417
384.295,2.60216,44.6863,0,85,65,44,2760,10501,5.12848,166,16.9538,0,0,5435,10763919043
369.396,2.70712,44.6863,0,85,65,44,2760,10501,5.12848,166,16.9538,0,0,5435,10766626385
354.518,2.82073,44.6863,0,85,65,44,2760,10501,5.12848,166,16.9538,0,0,5435,10769447393
197.734,5.05729,44.6863,0,85,65,44,2760,10501,5.12848,166,16.9538,0,0,5435,10774505285
1557.37,0.642108,44.6863,0,85,65,44,2760,10501,5.12848,166,16.9538,0,0,5435,10775147508
348.263,2.8714,44.6863,0,85,65,44,2760,10501,5.12848,166,16.9538,0,0,5435,10778019201
497.624,2.00955,44.6863,0,85,65,44,2760,10501,5.12848,166,16.9538,0,0,5435,10780029115
402.582,2.48397,44.6863,0,85,65,44,2760,10501,5.12848,166,16.9538,0,0,5435,10782513651
343.597,2.91039,44.6863,0,85,65,44,2760,10501,5.12848,166,16.9538,0,0,5435,10785424182
279.277,3.58067,44.6863,0,85,65,44,2760,10501,5.12848,166,16.9538,0,0,5435,10789005110
438.882,2.27852,44.6863,0,85,65,44,2760,10501,5.12848,166,16.9538,0,0,5435,10791283966
477.778,2.09302,44.6863,0,85,65,44,2760,10501,5.12848,166,16.9538,0,0,5435,10793377363
340.551,2.93642,44.6863,0,85,65,44,2760,10501,5.12848,166,16.9538,0,0,5435,10796314154
214.822,4.65501,44.6863,0,85,65,44,2760,10501,5.12848,166,16.9538,0,0,5435,10800969657
500.643,1.99743,44.6863,0,85,65,44,2760,10501,5.12848,166,16.9538,0,0,5435,10802967311
356.353,2.80621,44.6863,0,85,65,44,2760,10501,5.12848,166,16.9538,0,0,5435,10805773819
520.222,1.92226,44.6863,0,85,65,44,2760,10501,5.12848,166,16.9538,0,0,5435,10807696336
592.414,1.68801,44.6863,0,85,65,44,2760,10501,5.12848,166,16.9538,0,0,5435,10809384720
367.787,2.71897,44.6863,0,85,65,44,2760,10501,5.12848,166,16.9538,0,0,5435,10812103802
331.125,3.02,44.6863,0,85,65,44,2760,10501,5.12848,166,16.9538,0,0,5435,10815124173
440.779,2.26871,44.6863,0,85,65,44,2760,10501,5.12848,166,16.9538,0,0,5435,10817393163
283.094,3.5324,44.6863,0,85,65,44,2760,10501,5.12848,166,16.9538,0,0,5435,10820925984
407.065,2.45661,44.6863,0,85,65,44,2760,10501,5.12848,166,16.9538,0,0,5435,10823382903
181.297,5.5158,44.6863,0,85,65,44,2760,10501,5.12848,166,16.9538,0,0,5435,10828899070
573.562,1.74349,44.6863,0,85,65,44,2760,10501,5.12848,166,16.9538,0,0,5435,10830642927
707.863,1.4127,44.6863,0,85,65,44,2760,10501,5.12848,166,16.9538,0,0,5435,10832055849
573.663,1.74318,44.6863,0,85,65,44,2760,10501,5.12848,166,16.9538,0,0,5435,10833799485
313.018,3.1947,44.6863,0,85,65,44,2760,10501,5.12848,166,16.9538,0,0,5435,10836994468
406.265,2.46145,44.6863,0,85,65,44,2760,10501,5.12848,166,16.9538,0,0,5435,10839456233
357.063,2.80062,44.6863,0,85,65,44,2760,10501,5.12848,166,16.9538,0,0,5435,10842257203
419.742,2.38242,44.6863,0,85,65,44,2760,10501,5.12848,166,16.9538,0,0,5435,10844640071
284.218,3.51843,44.6863,0,85,65,44,2760,10501,5.12848,166,16.9538,0,0,5435,10848158728
477.105,2.09597,44.6863,0,85,65,44,2760,10501,5.12848,166,16.9538,0,0,5435,10850255174
194.882,5.1313,44.6863,0,85,65,44,2760,10501,5.12848,166,16.9538,0,0,5435,10855387001
2269.52,0.440621,44.6863,0,85,65,44,2760,10501,5.12848,166,16.9538,0,0,5435,10855827862
412.86,2.42213,44.6863,0,85,65,44,2760,10501,5.12848,166,16.9538,0,0,5435,10858250155
353.946,2.82529,44.6863,0,85,65,44,2760,10501,5.12848,166,16.9538,0,0,5435,10861075760
399.902,2.50061,44.6863,0,85,65,44,2760,10501,5.12848,166,16.9538,0,0,5435,10863576681
362.272,2.76035,44.6863,0,85,65,44,2760,10501,5.12848,166,16.9538,0,0,5435,10866337360
353.817,2.82632,44.6863,0,85,65,44,2760,10501,5.12848,166,16.9538,0,0,5435,10869164186
419.388,2.38443,44.6863,0,85,65,44,2760,10501,5.12848,166,16.9538,0,0,5435,10871551045
340.505,2.93681,44.2283,0,85,65,44,2760,10501,5.12848,166,16.9539,0,0,5451,10874485923
323.801,3.08832,44.2283,0,85,65,44,2760,10501,5.12848,166,16.9539,0,0,5451,10877574566
257.265,3.88704,44.2283,0,85,65,44,2760,10501,5.12848,166,16.9539,0,0,5451,10881462168
609.289,1.64126,44.2283,0,85,65,44,2760,10501,5.12848,166,16.9539,0,0,5451,10883103531
508.69,1.96583,44.2283,0,85,65,44,2760,10501,5.12848,166,16.9539,0,0,5451,10885069655
354.627,2.81986,44.2283,0,85,65,44,2760,10501,5.12848,166,16.9539,0,0,5451,10887889942
309.725,3.22867,44.2283,0,85,65,44,2760,10501,5.12848,166,16.9539,0,0,5451,10891118897
568.42,1.75926,44.2283,0,85,65,44,2760,10501,5.12848,166,16.9539,0,0,5451,10892878466
368.173,2.71611,44.2283,0,85,65,44,2760,10501,5.12848,166,16.9539,0,0,5451,10895594933
308.529,3.24119,44.2283,0,85,65,44,2760,10501,5.12848,166,16.9539,0,0,5451,10898836417
442.729,2.25872,44.2283,0,85,65,44,2760,10501,5.12848,166,16.9539,0,0,5451,10901095406
288.983,3.46041,44.2283,0,85,65,44,2760,10501,5.12848,166,16.9539,0,0,5451,10904556138
332.484,3.00766,44.2283,0,85,65,44,2760,10501,5.12848,166,16.9539,0,0,5451,10907564144
367.372,2.72203,44.2283,0,85,65,44,2760,10501,5.12848,166,16.9539,0,0,5451,10910286697
380.065,2.63113,44.2283,0,85,65,44,2760,10501,5.12848,166,16.9539,0,0,5451,10912918247
577.252,1.73235,44.2283,0,85,65,44,2760,10501,5.12848,166,16.9539,0,0,5451,10914650911
365.083,2.7391,44.2283,0,85,65,44,2760,10501,5.12848,166,16.9539,0,0,5451,10917390427
378.865,2.63946,44.2283,0,85,65,44,2760,10501,5.12848,166,16.9539,0,0,5451,10920030275
354.714,2.81917,44.2283,0,85,65,44,2760,10501,5.12848,166,16.9539,0,0,5451,10922849784
403.817,2.47637,44.2283,0,85,65,44,2760,10501,5.12848,166,16.9539,0,0,5451,10925326723
273.302,3.65896,44.2283,0,85,65,44,2760,10501,5.12848,166,16.9539,0,0,5451,10928986125
586.081,1.70625,44.2283,0,85,65,44,2760,10501,5.12848,166,16.9539,0,0,5451,10930692635
355.625,2.81195,44.2283,0,85,65,44,2760,10501,5.12848,166,16.9539,0,0,5451,10933504845
400.96,2.49402,44.2283,0,85,65,44,2760,10501,5.12848,166,16.9539,0,0,5451,10935999352
306.505,3.26259,44.2283,0,85,65,44,2760,10501,5.12848,166,16.9539,0,0,5451,10939262154
432.044,2.31458,44.2283,0,85,65,44,2760,10501,5.12848,166,16.9539,0,0,5451,10941577117
419.131,2.38589,44.2283,0,85,65,44,2760,10501,5.12848,166,16.9539,0,0,5451,10943963399
307.934,3.24745,44.2283,0,85,65,44,2760,10501,5.12848,166,16.9539,0,0,5451,10947211259
352.265,2.83877,44.2283,0,85,65,44,2760,10501,5.12848,166,16.9539,0,0,5451,10950050248
500.988,1.99606,44.2283,0,85,65,44,2760,10501,5.12848,166,16.9539,0,0,5451,10952046595
343.575,2.91057,44.2283,0,85,65,44,2760,10501,5.12848,166,16.9539,0,0,5451,10954957472
346.394,2.88689,44.2283,0,85,65,44,2760,10501,5.12848,166,16.9539,0,0,5451,10957844665
223.884,4.46659,44.2283,0,85,65,44,2760,10501,5.12848,166,16.9539,0,0,5451,10962311787
722.78,1.38355,44.2283,0,85,65,44,2760,10501,5.12848,166,16.9539,0,0,5451,10963695593
536.368,1.86439,44.2283,0,85,65,44,2760,10501,5.12848,166,16.9539,0,0,5451,10965560348
283.589,3.52623,44.2283,0,85,65,44,2760,10501,5.12848,166,16.9539,0,0,5451,10969087025
476.635,2.09804,44.2283,0,85,65,44,2760,10501,5.12848,166,16.9539,0,0,5451,10971185432
320.262,3.12244,44.2283,0,85,65,44,2760,10501,5.12848,166,16.9539,0,0,5451,10974308037
416.321,2.40199,44.2283,0,85,65,44,2760,10501,5.12848,166,16.9539,0,0,5451,10976710330
378.783,2.64003,44.2283,0,85,65,44,2760,10501,5.12848,166,16.9539,0,0,5451,10979350707
367.309,2.72251,44.2283,0,85,65,44,2760,10501,5.12848,166,16.9539,0,0,5451,10982073664
283.682,3.52507,44.2283,0,85,65,44,2760,10501,5.12848,166,16.9539,0,0,5451,10985598927
245.03,4.08113,44.2283,0,85,65,44,2760,10501,5.12848,166,16.9539,0,0,5451,10989680565
441.402,2.26551,44.2283,0,85,65,44,2760,10501,5.12848,166,16.9539,0,0,5451,10991946237
545.164,1.83431,44.2283,0,85,65,44,2760,10501,5.12848,166,16.9539,0,0,5451,10993780934
694.161,1.44059,44.2283,0,85,65,44,2760,10501,5.12848,166,16.9539,0,0,5451,10995221761
326.202,3.06558,44.2283,0,85,65,44,2760,10501,5.12848,166,16.9539,0,0,5451,10998287653
424.198,2.35739,44.2283,0,85,65,44,2760,10501,5.12848,166,16.9539,0,0,5451,11000645511
323.583,3.0904,44.2283,0,85,65,44,2760,10501,5.12848,166,16.9539,0,0,5451,11003736192
305.285,3.27563,44.2283,0,85,65,44,2760,10501,5.12848,166,16.9539,0,0,5451,11007012274
597.829,1.67272,44.2283,0,85,65,44,2760,10501,5.12848,166,16.9539,0,0,5451,11008685282
283.398,3.52861,44.2283,0,85,65,44,2760,10501,5.12848,166,16.9539,0,0,5451,11012214113
490.739,2.03774,44.2283,0,85,65,44,2760,10501,5.12848,166,16.9539,0,0,5451,11014252133
305.398,3.27442,44.2283,0,85,65,44,2760,10501,5.12848,166,16.9539,0,0,5451,11017526974
284.251,3.51801,44.2283,0,85,65,44,2760,10501,5.12848,166,16.9539,0,0,5451,11021045256
524.684,1.90591,44.2283,0,85,65,44,2760,10501,5.12848,166,16.9539,0,0,5451,11022951599
513.563,1.94718,44.2283,0,85,65,44,2760,10501,5.12848,166,16.9539,0,0,5451,11024899078
389.098,2.57005,44.2283,0,85,65,44,2760,10501,5.12848,166,16.9539,0,0,5451,11027469454
362.592,2.75792,44.2283,0,85,65,44,2760,10501,5.12848,166,16.9539,0,0,5451,11030227681
378.908,2.63916,44.2283,0,85,65,44,2760,10501,5.12848,166,16.9539,0,0,5451,11032867222
267.119,3.74364,44.2283,0,85,65,44,2760,10501,5.12848,166,16.9539,0,0,5451,11036611127
569.295,1.75656,44.2283,0,85,65,44,2760,10501,5.12848,166,16.9539,0,0,5451,11038368109
182.734,5.47244,44.2283,0,85,65,44,2760,10501,5.12848,166,16.9539,0,0,5451,11043840823
1230.71,0.812537,44.2283,0,85,65,44,2760,10501,5.12848,166,16.9539,0,0,5451,11044653735
602.592,1.6595,44.2283,0,85,65,44,2760,10501,5.12848,166,16.9539,0,0,5451,11046313550
407.001,2.457,44.2283,0,85,65,44,2760,10501,5.12848,166,16.9539,0,0,5451,11048770816
344.537,2.90244,44.2283,0,85,65,44,2760,10501,5.12848,166,16.9539,0,0,5451,11051673606
381.954,2.61812,44.2283,0,85,65,44,2760,10501,5.12848,166,16.9539,0,0,5451,11054292021
346.646,2.88479,44.2283,0,85,65,44,2760,10501,5.12848,166,16.9539,0,0,5451,11057177291
377.058,2.65211,44.2283,0,85,65,44,2760,10501,5.12848,166,16.9539,0,0,5451,11059829621
463.461,2.15768,44.2283,0,85,65,44,2760,10501,5.12848,166,16.9539,0,0,5451,11061987607
390.095,2.56348,44.2283,0,85,65,44,2760,10501,5.12848,166,16.9539,0,0,5451,11064551415
335.423,2.98131,44.2283,0,85,65,44,2760,10501,5.12848,166,16.9539,0,0,5451,11067533082
428.144,2.33566,44.2283,0,85,65,44,2760,10501,5.12848,166,16.9539,0,0,5451,11069869084
337.837,2.96,44.2283,0,85,65,44,2760,10501,5.12848,166,16.9539,0,0,5451,11072829424
361.414,2.76691,44.2283,0,85,65,44,2760,10501,5.12848,166,16.9539,0,0,5451,11075596604
411.756,2.42862,44.2283,0,85,65,44,2760,10501,5.12848,166,16.9539,0,0,5451,11078025542
327.755,3.05106,44.2283,0,85,65,44,2760,10501,5.12848,166,16.9539,0,0,5451,11081076933
439.942,2.27303,44.2283,0,85,65,44,2760,10501,5.12848,166,16.9539,0,0,5451,11083350298
317.9,3.14564,44.2283,0,85,65,44,2760,10501,5.12848,166,16.9539,0,0,5451,11086496250
381.238,2.62303,44.2283,0,85,65,44,2760,10501,5.12848,166,16.9539,0,0,5451,11089119598
366.496,2.72854,44.2283,0,85,65,44,2760,10501,5.12848,166,16.9539,0,0,5451,11091848594
414.096,2.4149,44.2283,0,85,65,44,2760,10501,5.12848,166,16.9539,0,0,5451,11094263752
388.233,2.57577,44.2283,0,85,65,44,2760,10501,5.12848,166,16.9539,0,0,5451,11096839772
347.177,2.88038,44.2283,0,85,65,44,2760,10501,5.12848,166,16.9539,0,0,5451,11099720504
377.768,2.64713,44.2283,0,85,65,44,2760,10501,5.12848,166,16.9539,0,0,5451,11102367968
354.28,2.82262,44.2283,0,85,65,44,2760,10501,5.12848,166,16.9539,0,0,5451,11105190938
357.564,2.7967,44.2283,0,85,65,44,2760,10501,5.12848,166,16.9539,0,0,5451,11107987907
329.63,3.03371,44.2283,0,85,65,44,2760,10501,5.12848,166,16.9539,0,0,5451,11111022019
511.925,1.95341,44.2283,0,85,65,44,2760,10501,5.12848,166,16.9539,0,0,5451,11112975758
360.95,2.77047,44.2283,0,85,65,44,2760,10501,5.12848,166,16.9539,0,0,5451,11115746399
356.224,2.80722,44.2283,0,85,65,44,2760,10501,5.12848,166,16.9539,0,0,5451,11118553956
212.527,4.70529,44.2283,0,85,65,44,2760,10501,5.12848,166,16.9539,0,0,5451,11123259508
662.943,1.50843,44.2283,0,85,65,44,2760,10501,5.12848,166,16.9539,0,0,5451,11124768252
418.702,2.38833,44.2283,0,85,65,44,2760,10501,5.12848,166,16.9539,0,0,5451,11127156842
534.706,1.87019,44.2283,0,85,65,44,2760,10501,5.12848,166,16.9539,0,0,5451,11129027337
313.307,3.19176,44.2283,0,85,65,44,2760,10501,5.12848,166,16.9539,0,0,5451,11132219772
418.354,2.39032,44.2283,0,85,65,44,2760,10501,5.12848,166,16.9539,0,0,5451,11134610276
430.881,2.32083,44.2283,0,85,65,44,2760,10501,5.12848,166,16.9539,0,0,5451,11136931335
252.484,3.96065,44.2283,0,85,65,44,2760,10501,5.12848,166,16.9539,0,0,5451,11140892410
732.953,1.36434,44.2283,0,85,65,44,2760,10501,5.12848,166,16.9539,0,0,5451,11142257149
358.269,2.7912,44.2283,0,85,65,44,2760,10501,5.12848,166,16.9539,0,0,5451,11145048656
401.294,2.49194,44.2283,0,85,65,44,2760,10501,5.12848,166,16.9539,0,0,5451,11147540913
354.074,2.82427,44.2283,0,85,65,44,2760,10501,5.12848,166,16.9539,0,0,5451,11150365508
351.361,2.84608,44.2283,0,85,65,44,2760,10501,5.12848,166,16.9539,0,0,5451,11153211931
283.984,3.52132,44.2283,0,85,65,44,2760,10501,5.12848,166,16.9539,0,0,5451,11156733598
582.225,1.71755,44.2283,0,85,65,44,2760,10501,5.12848,166,16.9539,0,0,5451,11158451502
397.706,2.51442,44.2283,0,85,65,44,2760,10501,5.12848,166,16.9539,0,0,5451,11160966308
319.234,3.1325,44.2283,0,85,65,44,2760,10501,5.12848,166,16.9539,0,0,5451,11164099154
355.349,2.81413,44.2283,0,85,65,44,2760,10501,5.12848,166,16.9539,0,0,5451,11166913672
449.452,2.22493,44.2283,0,85,65,44,2760,10501,5.12848,166,16.9539,0,0,5451,11169138920
264.888,3.77519,44.2283,0,85,65,44,2760,10501,5.12848,166,16.9539,0,0,5451,11172914634
695.057,1.43873,44.2283,0,85,65,44,2760,10501,5.12848,166,16.9539,0,0,5451,11174353749
242.96,4.11591,44.2283,0,85,65,44,2760,10501,5.12848,166,16.9539,0,0,5451,11178470090
577.848,1.73056,44.2283,0,85,65,44,2760,10501,5.12848,166,16.9539,0,0,5451,11180200927
434.387,2.3021,44.2283,0,85,65,44,2760,10501,5.12848,166,16.9539,0,0,5451,11182503149
289.025,3.4599,44.2283,0,85,65,44,2760,10501,5.12848,166,16.9539,0,0,5451,11185963535
273.709,3.65352,44.2283,0,85,65,44,2760,10501,5.12848,166,16.9539,0,0,5451,11189617341
640.215,1.56198,44.2283,0,85,65,44,2760,10501,5.12848,166,16.9539,0,0,5451,11191179807
455.073,2.19745,44.2283,0,85,65,44,2760,10501,5.12848,166,16.9539,0,0,5451,11193377467
344.497,2.90278,44.2283,0,85,65,44,2760,10501,5.12848,166,16.9539,0,0,5451,11196280469
341.996,2.92401,44.2283,0,85,65,44,2760,10501,5.12848,166,16.9539,0,0,5451,11199204808
523.316,1.91089,44.2283,0,85,65,44,2760,10501,5.12848,166,16.9539,0,0,5451,11201116017
283.635,3.52566,44.2283,0,85,65,44,2760,10501,5.12848,166,16.9539,0,0,5451,11204642068
548.707,1.82246,44.2283,0,85,65,44,2760,10501,5.12848,166,16.9539,0,0,5451,11206464957
262.927,3.80334,44.2283,0,85,65,44,2760,10501,5.12848,166,16.9539,0,0,5451,11210268671
509.594,1.96235,44.2283,0,85,65,44,2760,10501,5.12848,166,16.9539,0,0,5451,11212231353
413.426,2.41881,44.2283,0,85,65,44,2760,10501,5.12848,166,16.9539,0,0,5451,11214650550
353.172,2.83148,44.2283,0,85,65,44,2760,10501,5.12848,166,16.9539,0,0,5451,11217482318
328.423,3.04485,44.2283,0,85,65,44,2760,10501,5.12848,166,16.9539,0,0,5451,11220527642
452.877,2.2081,44.2283,0,85,65,44,2760,10501,5.12848,166,16.9539,0,0,5451,11222735995
377.686,2.64771,44.2283,0,85,65,44,2760,10501,5.12848,166,16.9539,0,0,5451,11225384123
376.303,2.65744,44.2283,0,85,65,44,2760,10501,5.12848,166,16.9539,0,0,5451,11228041741
257.41,3.88485,44.2283,0,85,65,44,2760,10501,5.12848,166,16.9539,0,0,5451,11231926988
588.082,1.70044,44.2283,0,85,65,44,2760,10501,5.12848,166,16.9539,0,0,5451,11233627737
398.595,2.50882,44.2283,0,85,65,44,2760,10501,5.12848,166,16.9539,0,0,5451,11236136870
385.589,2.59343,44.2283,0,85,65,44,2760,10501,5.12848,166,16.9539,0,0,5451,11238730659
378.767,2.64015,44.2283,0,85,65,44,2760,10501,5.12848,166,16.9539,0,0,5451,11241371200
380.558,2.62772,44.2283,0,85,65,44,2760,10501,5.12848,166,16.9539,0,0,5451,11243999183
330.939,3.02171,44.2283,0,85,65,44,2760,10501,5.12848,166,16.9539,0,0,5451,11247021275
314.19,3.18279,44.2283,0,85,65,44,2760,10501,5.12848,166,16.9539,0,0,5451,11250204315
477.451,2.09446,44.2283,0,85,65,44,2760,10501,5.12848,166,16.9539,0,0,5451,11252299299
369.31,2.70776,44.2283,0,85,65,44,2760,10501,5.12848,166,16.9539,0,0,5451,11255007467
333.797,2.99583,44.2283,0,85,65,44,2760,10501,5.12848,166,16.9539,0,0,5451,11258003597
442.446,2.26016,44.2283,0,85,65,44,2760,10501,5.12848,166,16.9539,0,0,5451,11260264087
421.171,2.37433,44.2283,0,85,65,44,2760,10501,5.12848,166,16.9539,0,0,5451,11262638888
186.532,5.361,44.2283,0,85,65,44,2760,10501,5.12848,166,16.9539,0,0,5451,11268000386
933.139,1.07165,44.2283,0,85,65,44,2760,10501,5.12848,166,16.9539,0,0,5451,11269072316
565.149,1.76944,44.2283,0,85,65,44,2760,10501,5.12848,166,16.9539,0,0,5451,11270842059
349.133,2.86424,44.2283,0,85,65,44,2760,10501,5.12848,166,16.9539,0,0,5451,11273706626
369.847,2.70382,44.2283,0,85,65,44,2760,10501,5.12848,166,16.9539,0,0,5451,11276410737
375.192,2.6653,44.2283,0,85,65,44,2760,10501,5.12848,166,16.9539,0,0,5451,11279076346
430.979,2.3203,44.2283,0,85,65,44,2760,10501,5.12848,166,16.9539,0,0,5451,11281397039
289.614,3.45288,44.2283,0,85,65,44,2760,10501,5.12848,166,16.9539,0,0,5451,11284850213
291.052,3.43582,44.2283,0,85,65,44,2760,10501,5.12848,166,16.9539,0,0,5451,11288286589
596.149,1.67743,44.2283,0,85,65,44,2760,10501,5.12848,166,16.9539,0,0,5451,11289964309
456.981,2.18828,44.2283,0,85,65,44,2760,10501,5.12848,166,16.9539,0,0,5451,11292152863
367.284,2.72269,44.2283,0,85,65,44,2760,10501,5.12848,166,16.9539,0,0,5451,11294876032
427.127,2.34122,44.2283,0,85,65,44,2760,10501,5.12848,166,16.9539,0,0,5451,11297217774
352.459,2.83721,44.2283,0,85,65,44,2760,10501,5.12848,166,16.9539,0,0,5451,11300055226
329.515,3.03477,44.2283,0,85,65,44,2760,10501,5.12848,166,16.9539,0,0,5451,11303090242
373.794,2.67527,44.2283,0,85,65,44,2760,10501,5.12848,166,16.9539,0,0,5451,11305765909
309.111,3.23508,44.2283,0,85,65,44,2760,10501,5.12848,166,16.9539,0,0,5451,11309001316
168.663,5.92898,44.2283,0,85,65,44,2760,10501,5.12848,166,16.9539,0,0,5451,11314930814
301.672,3.31486,44.2283,0,85,65,44,2760,10501,5.12848,166,16.9539,0,0,5451,11318246204
794.923,1.25798,44.2283,0,85,65,44,2760,10501,5.12848,166,16.9539,0,0,5451,11319504314
508.943,1.96485,44.2283,0,85,65,44,2760,10501,5.12848,166,16.9539,0,0,5451,11321469390
380.675,2.62691,44.2283,0,85,65,44,2760,10501,5.12848,166,16.9539,0,0,5451,11324096517
353.325,2.83026,44.2283,0,85,65,44,2760,10501,5.12848,166,16.9539,0,0,5451,11326927266
402.716,2.48314,44.2283,0,85,65,44,2760,10501,5.12848,166,16.9539,0,0,5451,11329410696
265.39,3.76804,44.2283,0,85,65,44,2760,10501,5.12848,166,16.9539,0,0,5451,11333179121
583.591,1.71353,44.2283,0,85,65,44,2760,10501,5.12848,166,16.9539,0,0,5451,11334893015
322.866,3.09726,44.2283,0,85,65,44,2760,10501,5.12848,166,16.9539,0,0,5451,11337990514
335.239,2.98295,44.2283,0,85,65,44,2760,10501,5.12848,166,16.9539,0,0,5451,11340973768
505.583,1.97791,44.2283,0,85,65,44,2760,10501,5.12848,166,16.9539,0,0,5451,11342951912
392.016,2.55091,44.2283,0,85,65,44,2760,10501,5.12848,166,16.9539,0,0,5451,11345503161
303.444,3.29551,44.2283,0,85,65,44,2760,10501,5.12848,166,16.9539,0,0,5451,11348799003
446.295,2.24067,44.2283,0,85,65,44,2760,10501,5.12848,166,16.9539,0,0,5451,11351040088
250.977,3.98443,44.2283,0,85,65,44,2760,10501,5.12848,166,16.9539,0,0,5451,11355024924
639.624,1.56342,44.2283,0,85,65,44,2760,10501,5.12848,166,16.9539,0,0,5451,11356588458
390.995,2.55758,44.2283,0,85,65,44,2760,10501,5.12848,166,16.9539,0,0,5451,11359146361
307.606,3.25092,44.2283,0,85,65,44,2760,10501,5.12848,166,16.9539,0,0,5451,11362397605
482.506,2.07251,44.2283,0,85,65,44,2760,10501,5.12848,166,16.9539,0,0,5451,11364470435
293.007,3.41288,44.2283,0,85,65,44,2760,10501,5.12848,166,16.9539,0,0,5451,11367883646
436.562,2.29063,44.2283,0,85,65,44,2760,10501,5.12848,166,16.9539,0,0,5451,11370174608
217.609,4.5954,44.2283,0,85,65,44,2760,10501,5.12848,166,16.9539,0,0,5451,11374772436
1350.2,0.740631,45.0255,0,85,65,44,2760,10501,5.12848,166,16.9544,0,0,5452,11375511394
393.799,2.53936,45.0255,0,85,65,44,2760,10501,5.12848,166,16.9544,0,0,5452,11378051114
386.792,2.58537,45.0255,0,85,65,44,2760,10501,5.12848,166,16.9544,0,0,5452,11380636893
356.588,2.80435,45.0255,0,85,65,44,2760,10501,5.12848,166,16.9544,0,0,5452,11383441430
392.872,2.54536,45.0255,0,85,65,44,2760,10501,5.12848,166,16.9544,0,0,5452,11385987343
396.798,2.52017,45.0255,0,85,65,44,2760,10501,5.12848,166,16.9544,0,0,5452,11388507803
340.463,2.93718,45.0255,0,85,65,44,2760,10501,5.12848,166,16.9544,0,0,5452,11391445161
333.796,2.99584,45.0255,0,85,65,44,2760,10501,5.12848,166,16.9544,0,0,5452,11394441291
518.665,1.92803,45.0255,0,85,65,44,2760,10501,5.12848,166,16.9544,0,0,5452,11396369933
266.817,3.74789,45.0255,0,85,65,44,2760,10501,5.12848,166,16.9544,0,0,5452,11400118232
442.612,2.25932,45.0255,0,85,65,44,2760,10501,5.12848,166,16.9544,0,0,5452,11402377780
359.769,2.77956,45.0255,0,85,65,44,2760,10501,5.12848,166,16.9544,0,0,5452,11405157758
418.43,2.38989,45.0255,0,85,65,44,2760,10501,5.12848,166,16.9544,0,0,5452,11407548012
450.488,2.21982,45.0255,0,85,65,44,2760,10501,5.12848,166,16.9544,0,0,5452,11409768250
332.412,3.00831,45.0255,0,85,65,44,2760,10501,5.12848,166,16.9544,0,0,5452,11412777063
295.273,3.3867,45.0255,0,85,65,44,2760,10501,5.12848,166,16.9544,0,0,5452,11416163975
350.912,2.84972,45.0255,0,85,65,44,2760,10501,5.12848,166,16.9544,0,0,5452,11419014061
238.161,4.19883,45.0255,0,85,65,44,2760,10501,5.12848,166,16.9544,0,0,5452,11423213328
424.949,2.35322,45.0255,0,85,65,44,2760,10501,5.12848,166,16.9544,0,0,5452,11425566840
1284.02,0.778805,45.0255,0,85,65,44,2760,10501,5.12848,166,16.9544,0,0,5452,11426346001
379.097,2.63785,45.0255,0,85,65,44,2760,10501,5.12848,166,16.9544,0,0,5452,11428984176
366.545,2.72818,45.0255,0,85,65,44,2760,10501,5.12848,166,16.9544,0,0,5452,11431712884
297.242,3.36426,45.0255,0,85,65,44,2760,10501,5.12848,166,16.9544,0,0,5452,11435077497
497.405,2.01043,45.0255,0,85,65,44,2760,10501,5.12848,166,16.9544,0,0,5452,11437088209
335.909,2.97699,45.0255,0,85,65,44,2760,10501,5.12848,166,16.9544,0,0,5452,11440065530
432.202,2.31373,45.0255,0,85,65,44,2760,10501,5.12848,166,16.9544,0,0,5452,11442379580
200.444,4.98892,45.0255,0,85,65,44,2760,10501,5.12848,166,16.9544,0,0,5452,11447368998
382.027,2.61762,45.0255,0,85,65,44,2760,10501,5.12848,166,16.9544,0,0,5452,11449987172
518.691,1.92793,45.0255,0,85,65,44,2760,10501,5.12848,166,16.9544,0,0,5452,11451915593
489.025,2.04489,45.0255,0,85,65,44,2760,10501,5.12848,166,16.9544,0,0,5452,11453960903
324.106,3.08541,45.0255,0,85,65,44,2760,10501,5.12848,166,16.9544,0,0,5452,11457046766
594.015,1.68346,45.0255,0,85,65,44,2760,10501,5.12848,166,16.9544,0,0,5452,11458730496
310.357,3.2221,45.0255,0,85,65,44,2760,10501,5.12848,166,16.9544,0,0,5452,11461952989
416.921,2.39853,45.0255,0,85,65,44,2760,10501,5.12848,166,16.9544,0,0,5452,11464352060
430.517,2.32279,45.0255,0,85,65,44,2760,10501,5.12848,166,16.9544,0,0,5452,11466675216
310.891,3.21656,45.0255,0,85,65,44,2760,10501,5.12848,166,16.9544,0,0,5452,11469892247
319.34,3.13146,45.0255,0,85,65,44,2760,10501,5.12848,166,16.9544,0,0,5452,11473023978
329.063,3.03893,45.0255,0,85,65,44,2760,10501,5.12848,166,16.9544,0,0,5452,11476063186
426.915,2.34239,45.0255,0,85,65,44,2760,10501,5.12848,166,16.9544,0,0,5452,11478405899
620.068,1.61273,45.0255,0,85,65,44,2760,10501,5.12848,166,16.9544,0,0,5452,11480018858
323.727,3.08903,45.0255,0,85,65,44,2760,10501,5.12848,166,16.9544,0,0,5452,11483108241
264.218,3.78475,45.0255,0,85,65,44,2760,10501,5.12848,166,16.9544,0,0,5452,11486893503
693.981,1.44096,45.0255,0,85,65,44,2760,10501,5.12848,166,16.9544,0,0,5452,11488334782
406.727,2.45865,45.0255,0,85,65,44,2760,10501,5.12848,166,16.9544,0,0,5452,11490793961
365.341,2.73717,45.0255,0,85,65,44,2760,10501,5.12848,166,16.9544,0,0,5452,11493531361
288.769,3.46297,45.0255,0,85,65,44,2760,10501,5.12848,166,16.9544,0,0,5452,11496994699
375.391,2.66389,45.0255,0,85,65,44,2760,10501,5.12848,166,16.9544,0,0,5452,11499658817
315.945,3.16511,45.0255,0,85,65,44,2760,10501,5.12848,166,16.9544,0,0,5452,11502824174
443.654,2.25401,45.0255,0,85,65,44,2760,10501,5.12848,166,16.9544,0,0,5452,11505078702
553.859,1.80551,45.0255,0,85,65,44,2760,10501,5.12848,166,16.9544,0,0,5452,11506884532
361.241,2.76824,45.0255,0,85,65,44,2760,10501,5.12848,166,16.9544,0,0,5452,11509653125
272.298,3.67244,45.0255,0,85,65,44,2760,10501,5.12848,166,16.9544,0,0,5452,11513325932
497.682,2.00932,45.0255,0,85,65,44,2760,10501,5.12848,166,16.9544,0,0,5452,11515335721
388.827,2.57184,45.0255,0,85,65,44,2760,10501,5.12848,166,16.9544,0,0,5452,11517907952
382.371,2.61526,45.0255,0,85,65,44,2760,10501,5.12848,166,16.9544,0,0,5452,11520523559
346.307,2.88761,45.0255,0,85,65,44,2760,10501,5.12848,166,16.9544,0,0,5452,11523411685
287.749,3.47525,45.0255,0,85,65,44,2760,10501,5.12848,166,16.9544,0,0,5452,11526887216
327.705,3.05153,45.0255,0,85,65,44,2760,10501,5.12848,166,16.9544,0,0,5452,11529939126
437.107,2.28777,45.0255,0,85,65,44,2760,10501,5.12848,166,16.9544,0,0,5452,11532227261
655.224,1.5262,45.0255,0,85,65,44,2760,10501,5.12848,166,16.9544,0,0,5452,11533753793
328.257,3.04639,45.0255,0,85,65,44,2760,10501,5.12848,166,16.9544,0,0,5452,11536800396
367.387,2.72193,45.0255,0,85,65,44,2760,10501,5.12848,166,16.9544,0,0,5452,11539522757
333.297,3.00032,45.0255,0,85,65,44,2760,10501,5.12848,166,16.9544,0,0,5452,11542523320
452.594,2.20949,45.0255,0,85,65,44,2760,10501,5.12848,166,16.9544,0,0,5452,11544733115
297.436,3.36207,45.0255,0,85,65,44,2760,10501,5.12848,166,16.9544,0,0,5452,11548095507
532.6,1.87758,45.0255,0,85,65,44,2760,10501,5.12848,166,16.9544,0,0,5452,11549973417
363.125,2.75387,45.0255,0,85,65,44,2760,10501,5.12848,166,16.9544,0,0,5452,11552727808
232.129,4.30795,45.0255,0,85,65,44,2760,10501,5.12848,166,16.9544,0,0,5452,11557036193
414.414,2.41304,45.0255,0,85,65,44,2760,10501,5.12848,166,16.9544,0,0,5452,11559449602
628.891,1.5901,45.0255,0,85,65,44,2760,10501,5.12848,166,16.9544,0,0,5452,11561039876
349.313,2.86276,45.0255,0,85,65,44,2760,10501,5.12848,166,16.9544,0,0,5452,11563903079
450.871,2.21793,45.0255,0,85,65,44,2760,10501,5.12848,166,16.9544,0,0,5452,11566121259
358.918,2.78615,45.0255,0,85,65,44,2760,10501,5.12848,166,16.9544,0,0,5452,11568907766
369.675,2.70508,45.0255,0,85,65,44,2760,10501,5.12848,166,16.9544,0,0,5452,11571613108
344.78,2.9004,45.0255,0,85,65,44,2760,10501,5.12848,166,16.9544,0,0,5452,11574513859
450.275,2.22086,45.0255,0,85,65,44,2760,10501,5.12848,166,16.9544,0,0,5452,11576735049
381.926,2.61831,45.0255,0,85,65,44,2760,10501,5.12848,166,16.9544,0,0,5452,11579353493
209.679,4.76919,45.0255,0,85,65,44,2760,10501,5.12848,166,16.9544,0,0,5452,11584123106
616.971,1.62082,45.0255,0,85,65,44,2760,10501,5.12848,166,16.9544,0,0,5452,11585744190
544.481,1.83661,45.0255,0,85,65,44,2760,10501,5.12848,166,16.9544,0,0,5452,11587581223
414.07,2.41505,45.0255,0,85,65,44,2760,10501,5.12848,166,16.9544,0,0,5452,11589996544
439.72,2.27417,45.0255,0,85,65,44,2760,10501,5.12848,166,16.9544,0,0,5452,11592271025
264.461,3.78127,45.0255,0,85,65,44,2760,10501,5.12848,166,16.9544,0,0,5452,11596052652
495.918,2.01646,45.0255,0,85,65,44,2760,10501,5.12848,166,16.9544,0,0,5452,11598069413
389.385,2.56815,45.0255,0,85,65,44,2760,10501,5.12848,166,16.9544,0,0,5452,11600637903
354.951,2.81729,45.0255,0,85,65,44,2760,10501,5.12848,166,16.9544,0,0,5452,11603455527
380.124,2.63072,45.0255,0,85,65,44,2760,10501,5.12848,166,16.9544,0,0,5452,11606086789
208.392,4.79864,45.0255,0,85,65,44,2760,10501,5.12848,166,16.9544,0,0,5452,11610885777
597.554,1.67349,45.0255,0,85,65,44,2760,10501,5.12848,166,16.9544,0,0,5452,11612559661
534.524,1.87082,45.0255,0,85,65,44,2760,10501,5.12848,166,16.9544,0,0,5452,11614430983
334.919,2.98579,45.0255,0,85,65,44,2760,10501,5.12848,166,16.9544,0,0,5452,11617417036
330.979,3.02134,45.0255,0,85,65,44,2760,10501,5.12848,166,16.9544,0,0,5452,11620438695
532.99,1.87621,45.0255,0,85,65,44,2760,10501,5.12848,166,16.9544,0,0,5452,11622315162
362.77,2.75656,45.0255,0,85,65,44,2760,10501,5.12848,166,16.9544,0,0,5452,11625072044
266.199,3.75659,45.0255,0,85,65,44,2760,10501,5.12848,166,16.9544,0,0,5452,11628829122
671.534,1.48913,45.0255,0,85,65,44,2760,10501,5.12848,166,16.9544,0,0,5452,11630318432
341.05,2.93212,45.0255,0,85,65,44,2760,10501,5.12848,166,16.9544,0,0,5452,11633250867
211.619,4.72548,45.0255,0,85,65,44,2760,10501,5.12848,166,16.9544,0,0,5452,11637976690
691.581,1.44596,45.0255,0,85,65,44,2760,10501,5.12848,166,16.9544,0,0,5452,11639422970
497.743,2.00907,45.0255,0,85,65,44,2760,10501,5.12848,166,16.9544,0,0,5452,11641432326
385.014,2.59731,45.0255,0,85,65,44,2760,10501,5.12848,166,16.9544,0,0,5452,11644029952
413.918,2.41594,45.0255,0,85,65,44,2760,10501,5.12848,166,16.9544,0,0,5452,11646446216
378.546,2.64169,45.0255,0,85,65,44,2760,10501,5.12848,166,16.9544,0,0,5452,11649088305
301.452,3.31728,45.0255,0,85,65,44,2760,10501,5.12848,166,16.9544,0,0,5452,11652405849
395.383,2.52919,45.0255,0,85,65,44,2760,10501,5.12848,166,16.9544,0,0,5452,11654935579
393.98,2.5382,45.0255,0,85,65,44,2760,10501,5.12848,166,16.9544,0,0,5452,11657473914
266.587,3.75112,45.0255,0,85,65,44,2760,10501,5.12848,166,16.9544,0,0,5452,11661225349
287.884,3.47363,45.0255,0,85,65,44,2760,10501,5.12848,166,16.9544,0,0,5452,11664699254
549.502,1.81983,45.0255,0,85,65,44,2760,10501,5.12848,166,16.9544,0,0,5452,11666519421
459.267,2.17738,45.0255,0,85,65,44,2760,10501,5.12848,166,16.9544,0,0,5452,11668697110
449.048,2.22693,45.0255,0,85,65,44,2760,10501,5.12848,166,16.9544,0,0,5452,11670924512
337.022,2.96717,45.0255,0,85,65,44,2760,10501,5.12848,166,16.9544,0,0,5452,11673892064
377.97,2.64571,45.0255,0,85,65,44,2760,10501,5.12848,166,16.9544,0,0,5452,11676538191
348.641,2.86828,45.0255,0,85,65,44,2760,10501,5.12848,166,16.9544,0,0,5452,11679406634
393.719,2.53988,45.0255,0,85,65,44,2760,10501,5.12848,166,16.9544,0,0,5452,11681946855
399.467,2.50333,45.0255,0,85,65,44,2760,10501,5.12848,166,16.9544,0,0,5452,11684450487
403.837,2.47625,45.0255,0,85,65,44,2760,10501,5.12848,166,16.9544,0,0,5452,11686927167
173.427,5.76613,45.0255,0,85,65,44,2760,10501,5.12848,166,16.9544,0,0,5452,11692693707
1121.31,0.891818,45.0255,0,85,65,44,2760,10501,5.12848,166,16.9544,0,0,5452,11693585718
695.025,1.4388,45.0255,0,85,65,44,2760,10501,5.12848,166,16.9544,0,0,5452,11695025036
211.864,4.72002,45.0255,0,85,65,44,2760,10501,5.12848,166,16.9544,0,0,5452,11699745368
408.526,2.44782,45.0255,0,85,65,44,2760,10501,5.12848,166,16.9544,0,0,5452,11702193566
646.459,1.54689,45.0255,0,85,65,44,2760,10501,5.12848,166,16.9544,0,0,5452,11703740877
299.215,3.34208,45.0255,0,85,65,44,2760,10501,5.12848,166,16.9544,0,0,5452,11707083355
337.661,2.96155,45.0255,0,85,65,44,2760,10501,5.12848,166,16.9544,0,0,5452,11710045186
539.63,1.85312,45.0255,0,85,65,44,2760,10501,5.12848,166,16.9544,0,0,5452,11711898758
274.957,3.63693,45.0255,0,85,65,44,2760,10501,5.12848,166,16.9544,0,0,5452,11715536025
286.68,3.48821,45.0255,0,85,65,44,2760,10501,5.12848,166,16.9544,0,0,5452,11719024517
632.117,1.58199,45.0255,0,85,65,44,2760,10501,5.12848,166,16.9544,0,0,5452,11720606830
186.296,5.3678,45.0255,0,85,65,44,2760,10501,5.12848,166,16.9544,0,0,5452,11725975386
548.681,1.82255,45.0255,0,85,65,44,2760,10501,5.12848,166,16.9544,0,0,5452,11727798169
421.175,2.37431,45.0255,0,85,65,44,2760,10501,5.12848,166,16.9544,0,0,5452,11730172701
526.653,1.89878,45.0255,0,85,65,44,2760,10501,5.12848,166,16.9544,0,0,5452,11732071803
415.242,2.40824,45.0255,0,85,65,44,2760,10501,5.12848,166,16.9544,0,0,5452,11734480365
351.581,2.8443,45.0255,0,85,65,44,2760,10501,5.12848,166,16.9544,0,0,5452,11737325009
351.283,2.84671,45.0255,0,85,65,44,2760,10501,5.12848,166,16.9544,0,0,5452,11740172307
308.624,3.24019,45.0255,0,85,65,44,2760,10501,5.12848,166,16.9544,0,0,5452,11743412714
376.777,2.65409,45.0255,0,85,65,44,2760,10501,5.12848,166,16.9544,0,0,5452,11746067150
428.602,2.33316,45.0255,0,85,65,44,2760,10501,5.12848,166,16.9544,0,0,5452,11748400844
524.964,1.90489,45.0255,0,85,65,44,2760,10501,5.12848,166,16.9544,0,0,5452,11750305937
260.98,3.83171,45.0255,0,85,65,44,2760,10501,5.12848,166,16.9544,0,0,5452,11754138008
475.717,2.10209,45.0255,0,85,65,44,2760,10501,5.12848,166,16.9544,0,0,5452,11756240368
333.812,2.9957,45.0255,0,85,65,44,2760,10501,5.12848,166,16.9544,0,0,5452,11759236565
361.698,2.76474,45.0255,0,85,65,44,2760,10501,5.12848,166,16.9544,0,0,5452,11762001677
491.442,2.03483,45.0255,0,85,65,44,2760,10501,5.12848,166,16.9544,0,0,5452,11764036880
420.841,2.37619,45.0255,0,85,65,44,2760,10501,5.12848,166,16.9544,0,0,5452,11766413220
320.394,3.12115,45.0255,0,85,65,44,2760,10501,5.12848,166,16.9544,0,0,5452,11769534845
220.354,4.53816,45.0255,0,85,65,44,2760,10501,5.12848,166,16.9544,0,0,5452,11774073286
1212.5,0.82474,45.0255,0,85,65,44,2760,10501,5.12848,166,16.9544,0,0,5452,11774898304
307.451,3.25255,45.0255,0,85,65,44,2760,10501,5.12848,166,16.9544,0,0,5452,11778151452
462.135,2.16387,45.0255,0,85,65,44,2760,10501,5.12848,166,16.9544,0,0,5452,11780315458
214.142,4.6698,45.0255,0,85,65,44,2760,10501,5.12848,166,16.9544,0,0,5452,11784985586
391.782,2.55244,45.0255,0,85,65,44,2760,10501,5.12848,166,16.9544,0,0,5452,11787538461
669.166,1.4944,45.0255,0,85,65,44,2760,10501,5.12848,166,16.9544,0,0,5452,11789033098
235.077,4.25393,45.0255,0,85,65,44,2760,10501,5.12848,166,16.9544,0,0,5452,11793287472
650.637,1.53696,45.0255,0,85,65,44,2760,10501,5.12848,166,16.9544,0,0,5452,11794824639
444.291,2.25078,45.0255,0,85,65,44,2760,10501,5.12848,166,16.9544,0,0,5452,11797075907
221.212,4.52056,45.0255,0,85,65,44,2760,10501,5.12848,166,16.9544,0,0,5452,11801596704
386.086,2.5901,45.0255,0,85,65,44,2760,10501,5.12848,166,16.9544,0,0,5452,11804187089
386.991,2.58404,45.0255,0,85,65,44,2760,10501,5.12848,166,16.9544,0,0,5452,11806771407
229.535,4.35664,45.0255,0,85,65,44,2760,10501,5.12848,166,16.9544,0,0,5452,11811128535
1071.45,0.933319,45.0255,0,85,65,44,2760,10501,5.12848,166,16.9544,0,0,5452,11812062316
466.128,2.14533,45.0255,0,85,65,44,2760,10501,5.12848,166,16.9544,0,0,5452,11814208042
358.239,2.79143,45.0255,0,85,65,44,2760,10501,5.12848,166,16.9544,0,0,5452,11816999886
335.078,2.98438,45.0255,0,85,65,44,2760,10501,5.12848,166,16.9544,0,0,5452,11819984545
491.112,2.03619,45.0255,0,85,65,44,2760,10501,5.12848,166,16.9544,0,0,5452,11822021065
238.49,4.19306,45.0255,0,85,65,44,2760,10501,5.12848,166,16.9544,0,0,5452,11826214610
564.772,1.77063,45.0255,0,85,65,44,2760,10501,5.12848,166,16.9544,0,0,5452,11827985632
573.341,1.74416,45.0255,0,85,65,44,2760,10501,5.12848,166,16.9544,0,0,5452,11829729979
368.347,2.71483,45.0255,0,85,65,44,2760,10501,5.12848,166,16.9544,0,0,5452,11832445138
331.133,3.01994,45.0255,0,85,65,44,2760,10501,5.12848,166,16.9544,0,0,5452,11835465653
463.145,2.15915,45.0255,0,85,65,44,2760,10501,5.12848,166,16.9544,0,0,5452,11837624976
288.378,3.46767,45.0255,0,85,65,44,2760,10501,5.12848,166,16.9544,0,0,5452,11841092958
232.758,4.29631,45.0255,0,85,65,44,2760,10501,5.12848,166,16.9544,0,0,5452,11845389862
564.202,1.77242,45.0255,0,85,65,44,2760,10501,5.12848,166,16.9544,0,0,5452,11847162547
646.125,1.54769,45.0255,0,85,65,44,2760,10501,5.12848,166,16.9544,0,0,5452,11848710580
289.215,3.45764,45.0255,0,85,65,44,2760,10501,5.12848,166,16.9544,0,0,5452,11852168620
389.887,2.56485,45.0255,0,85,65,44,2760,10501,5.12848,166,16.9544,0,0,5452,11854734081
333.098,3.00212,45.0255,0,85,65,44,2760,10501,5.12848,166,16.9544,0,0,5452,11857736548
330.428,3.02638,45.0255,0,85,65,44,2760,10501,5.12848,166,16.9544,0,0,5452,11860763217
478.109,2.09157,45.0255,0,85,65,44,2760,10501,5.12848,166,16.9544,0,0,5452,11862855172
485.917,2.05796,45.0255,0,85,65,44,2760,10501,5.12848,166,16.9544,0,0,5452,11864913559
332.043,3.01166,45.0255,0,85,65,44,2760,10501,5.12848,166,16.9544,0,0,5452,11867925506
203.927,4.90371,45.0255,0,85,65,44,2760,10501,5.12848,166,16.9544,0,0,5452,11872829681
366.6,2.72777,45.0255,0,85,65,44,2760,10501,5.12848,166,16.9544,0,0,5452,11875560139
318.542,3.1393,46.3351,0,84,65,44,2760,10501,5.12848,166,16.9677,0,0,5441,11878697264
287.902,3.4734,46.3351,0,84,65,44,2760,10501,5.12848,166,16.9677,0,0,5441,11882171102
469.563,2.12964,46.3351,0,84,65,44,2760,10501,5.12848,166,16.9677,0,0,5441,11884300962
568.545,1.75888,46.3351,0,84,65,44,2760,10501,5.12848,166,16.9677,0,0,5441,11886060137
676.602,1.47797,46.3351,0,84,65,44,2760,10501,5.12848,166,16.9677,0,0,5441,11887538571
153.234,6.52597,46.3351,0,84,65,44,2760,10501,5.12848,166,16.9677,0,0,5441,11894065118
1441.87,0.693543,46.3351,0,84,65,44,2760,10501,5.12848,166,16.9677,0,0,5441,11894758795
572.022,1.74818,46.3351,0,84,65,44,2760,10501,5.12848,166,16.9677,0,0,5441,11896507200
363.847,2.74841,46.3351,0,84,65,44,2760,10501,5.12848,166,16.9677,0,0,5441,11899256014
191.044,5.23441,46.3351,0,84,65,44,2760,10501,5.12848,166,16.9677,0,0,5441,11904490912
741.45,1.34871,46.3351,0,84,65,44,2760,10501,5.12848,166,16.9677,0,0,5441,11905839957
356.721,2.80331,46.3351,0,84,65,44,2760,10501,5.12848,166,16.9677,0,0,5441,11908643609
287.283,3.48089,46.3351,0,84,65,44,2760,10501,5.12848,166,16.9677,0,0,5441,11912124977
943.151,1.06028,46.3351,0,84,65,44,2760,10501,5.12848,166,16.9677,0,0,5441,11913185522
217.611,4.59536,46.3351,0,84,65,44,2760,10501,5.12848,166,16.9677,0,0,5441,11917781398
385.463,2.59428,46.3351,0,84,65,44,2760,10501,5.12848,166,16.9677,0,0,5441,11920375880
1094.75,0.913454,46.3351,0,84,65,44,2760,10501,5.12848,166,16.9677,0,0,5441,11921289757
389.668,2.56629,46.3351,0,84,65,44,2760,10501,5.12848,166,16.9677,0,0,5441,11923856333
336.676,2.97022,46.3351,0,84,65,44,2760,10501,5.12848,166,16.9677,0,0,5441,11926826991
349.144,2.86414,46.3351,0,84,65,44,2760,10501,5.12848,166,16.9677,0,0,5441,11929691492
447.072,2.23678,46.3351,0,84,65,44,2760,10501,5.12848,166,16.9677,0,0,5441,11931928509
254.977,3.92193,46.3351,0,84,65,44,2760,10501,5.12848,166,16.9677,0,0,5441,11935850863
277.924,3.59811,46.3351,0,84,65,44,2760,10501,5.12848,166,16.9677,0,0,5441,11939449388
597.671,1.67316,46.3351,0,84,65,44,2760,10501,5.12848,166,16.9677,0,0,5441,11941122896
584.316,1.7114,46.3351,0,84,65,44,2760,10501,5.12848,166,16.9677,0,0,5441,11942834742
386.272,2.58885,46.3351,0,84,65,44,2760,10501,5.12848,166,16.9677,0,0,5441,11945423868
343.728,2.90928,46.3351,0,84,65,44,2760,10501,5.12848,166,16.9677,0,0,5441,11948333610
382.619,2.61357,46.3351,0,84,65,44,2760,10501,5.12848,166,16.9677,0,0,5441,11950947439
385.688,2.59277,46.3351,0,84,65,44,2760,10501,5.12848,166,16.9677,0,0,5441,11953540661
366.854,2.72588,46.3351,0,84,65,44,2760,10501,5.12848,166,16.9677,0,0,5441,11956266858
261.404,3.82549,46.3351,0,84,65,44,2760,10501,5.12848,166,16.9677,0,0,5441,11960092766
317.103,3.15355,46.3351,0,84,65,44,2760,10501,5.12848,166,16.9677,0,0,5441,11963246709
249.169,4.01334,46.3351,0,84,65,44,2760,10501,5.12848,166,16.9677,0,0,5441,11967260498
772.427,1.29462,46.3351,0,84,65,44,2760,10501,5.12848,166,16.9677,0,0,5441,11968555580
550.068,1.81796,46.3351,0,84,65,44,2760,10501,5.12848,166,16.9677,0,0,5441,11970373939
270.642,3.69492,46.3351,0,84,65,44,2760,10501,5.12848,166,16.9677,0,0,5441,11974069295
649.381,1.53993,46.3351,0,84,65,44,2760,10501,5.12848,166,16.9677,0,0,5441,11975609664
359.614,2.78076,46.3351,0,84,65,44,2760,10501,5.12848,166,16.9677,0,0,5441,11978390950
415.981,2.40396,46.3351,0,84,65,44,2760,10501,5.12848,166,16.9677,0,0,5441,11980795108
280.472,3.56542,46.3351,0,84,65,44,2760,10501,5.12848,166,16.9677,0,0,5441,11984361151
343.663,2.90983,46.3351,0,84,65,44,2760,10501,5.12848,166,16.9677,0,0,5441,11987271163
260.491,3.83891,46.3351,0,84,65,44,2760,10501,5.12848,166,16.9677,0,0,5441,11991110552
721.346,1.3863,46.3351,0,84,65,44,2760,10501,5.12848,166,16.9677,0,0,5441,11992497166
411.406,2.43069,46.3351,0,84,65,44,2760,10501,5.12848,166,16.9677,0,0,5441,11994928142
375.98,2.65971,46.3351,0,84,65,44,2760,10501,5.12848,166,16.9677,0,0,5441,11997588155
498.796,2.00483,46.3351,0,84,65,44,2760,10501,5.12848,166,16.9677,0,0,5441,11999593424
367.631,2.72012,46.3351,0,84,65,44,2760,10501,5.12848,166,16.9677,0,0,5441,12002313689
261.935,3.81774,46.3351,0,84,65,44,2760,10501,5.12848,166,16.9677,0,0,5441,12006131741
593.201,1.68577,46.3351,0,84,65,44,2760,10501,5.12848,166,16.9677,0,0,5441,12007817884
322.831,3.09759,46.3351,0,84,65,44,2760,10501,5.12848,166,16.9677,0,0,5441,12010915700
541.147,1.84793,46.3351,0,84,65,44,2760,10501,5.12848,166,16.9677,0,0,5441,12012764310
181.197,5.51887,46.3351,0,84,65,44,2760,10501,5.12848,166,16.9677,0,0,5441,12018283179
428.604,2.33316,46.3351,0,84,65,44,2760,10501,5.12848,166,16.9677,0,0,5441,12020616546
611.46,1.63543,46.3351,0,84,65,44,2760,10501,5.12848,166,16.9677,0,0,5441,12022252351
525.394,1.90333,46.3351,0,84,65,44,2760,10501,5.12848,166,16.9677,0,0,5441,12024156040
329.916,3.03107,46.3351,0,84,65,44,2760,10501,5.12848,166,16.9677,0,0,5441,12027187421
250.501,3.992,46.3351,0,84,65,44,2760,10501,5.12848,166,16.9677,0,0,5441,12031179940
859.98,1.16282,46.3351,0,84,65,44,2760,10501,5.12848,166,16.9677,0,0,5441,12032343133
367.048,2.72444,46.3351,0,84,65,44,2760,10501,5.12848,166,16.9677,0,0,5441,12035068081
321.736,3.10814,46.3351,0,84,65,44,2760,10501,5.12848,166,16.9677,0,0,5441,12038176513
477.388,2.09473,46.3351,0,84,65,44,2760,10501,5.12848,166,16.9677,0,0,5441,12040271593
176.3,5.67213,46.3351,0,84,65,44,2760,10501,5.12848,166,16.9677,0,0,5441,12045944073
589.562,1.69617,46.3351,0,84,65,44,2760,10501,5.12848,166,16.9677,0,0,5441,12047640582
722.394,1.38429,46.3351,0,84,65,44,2760,10501,5.12848,166,16.9677,0,0,5441,12049025359
465.644,2.14756,46.3351,0,84,65,44,2760,10501,5.12848,166,16.9677,0,0,5441,12051173066
331.302,3.01839,46.3351,0,84,65,44,2760,10501,5.12848,166,16.9677,0,0,5441,12054191889
484.004,2.0661,46.3351,0,84,65,44,2760,10501,5.12848,166,16.9677,0,0,5441,12056258526
330.98,3.02133,46.3351,0,84,65,44,2760,10501,5.12848,166,16.9677,0,0,5441,12059280455
379.279,2.63658,46.3351,0,84,65,44,2760,10501,5.12848,166,16.9677,0,0,5441,12061917188
385.366,2.59493,46.3351,0,84,65,44,2760,10501,5.12848,166,16.9677,0,0,5441,12064512487
350.861,2.85014,46.3351,0,84,65,44,2760,10501,5.12848,166,16.9677,0,0,5441,12067362967
232.418,4.3026,46.3351,0,84,65,44,2760,10501,5.12848,166,16.9677,0,0,5441,12071666036
572.381,1.74709,46.3351,0,84,65,44,2760,10501,5.12848,166,16.9677,0,0,5441,12073413335
522.207,1.91495,46.3351,0,84,65,44,2760,10501,5.12848,166,16.9677,0,0,5441,12075328640
388.827,2.57184,46.3351,0,84,65,44,2760,10501,5.12848,166,16.9677,0,0,5441,12077900851
341.331,2.9297,46.3351,0,84,65,44,2760,10501,5.12848,166,16.9677,0,0,5441,12080830873
309.269,3.23343,46.3351,0,84,65,44,2760,10501,5.12848,166,16.9677,0,0,5441,12084064665
356.839,2.80238,46.3351,0,84,65,44,2760,10501,5.12848,166,16.9677,0,0,5441,12086867442
498.763,2.00496,46.3351,0,84,65,44,2760,10501,5.12848,166,16.9677,0,0,5441,12088873000
364.557,2.74305,46.3351,0,84,65,44,2760,10501,5.12848,166,16.9677,0,0,5441,12091616265
321.775,3.10776,46.3351,0,84,65,44,2760,10501,5.12848,166,16.9677,0,0,5441,12094724428
208.205,4.80296,46.3351,0,84,65,44,2760,10501,5.12848,166,16.9677,0,0,5441,12099527676
579.303,1.72621,46.3351,0,84,65,44,2760,10501,5.12848,166,16.9677,0,0,5441,12101254225
525.777,1.90195,46.3351,0,84,65,44,2760,10501,5.12848,166,16.9677,0,0,5441,12103156491
598.558,1.67068,46.3351,0,84,65,44,2760,10501,5.12848,166,16.9677,0,0,5441,12104827518
349.716,2.85946,46.3351,0,84,65,44,2760,10501,5.12848,166,16.9677,0,0,5441,12107687297
361.886,2.7633,46.3351,0,84,65,44,2760,10501,5.12848,166,16.9677,0,0,5441,12110451016
209.086,4.78272,46.3351,0,84,65,44,2760,10501,5.12848,166,16.9677,0,0,5441,12115234225
1160.24,0.861894,46.3351,0,84,65,44,2760,10501,5.12848,166,16.9677,0,0,5441,12116096235
431.863,2.31555,46.3351,0,84,65,44,2760,10501,5.12848,166,16.9677,0,0,5441,12118412092
402.133,2.48674,46.3351,0,84,65,44,2760,10501,5.12848,166,16.9677,0,0,5441,12120899127
199.61,5.00977,46.3351,0,84,65,44,2760,10501,5.12848,166,16.9677,0,0,5441,12125909411
726.883,1.37574,46.3351,0,84,65,44,2760,10501,5.12848,166,16.9677,0,0,5441,12127285391
345.901,2.891,46.3351,0,84,65,44,2760,10501,5.12848,166,16.9677,0,0,5441,12130176709
508.545,1.96639,46.3351,0,84,65,44,2760,10501,5.12848,166,16.9677,0,0,5441,12132143458
417.293,2.3964,46.3351,0,84,65,44,2760,10501,5.12848,166,16.9677,0,0,5441,12134540423
336.463,2.97209,46.3351,0,84,65,44,2760,10501,5.12848,166,16.9677,0,0,5441,12137512553
357.701,2.79563,46.3351,0,84,65,44,2760,10501,5.12848,166,16.9677,0,0,5441,12140308589
386.886,2.58474,46.3351,0,84,65,44,2760,10501,5.12848,166,16.9677,0,0,5441,12142893763
339.092,2.94905,46.3351,0,84,65,44,2760,10501,5.12848,166,16.9677,0,0,5441,12145843026
432.835,2.31035,46.3351,0,84,65,44,2760,10501,5.12848,166,16.9677,0,0,5441,12148153959
197.504,5.0632,46.3351,0,84,65,44,2760,10501,5.12848,166,16.9677,0,0,5441,12153217418
1313.24,0.761477,46.3351,0,84,65,44,2760,10501,5.12848,166,16.9677,0,0,5441,12153979213
411.037,2.43287,46.3351,0,84,65,44,2760,10501,5.12848,166,16.9677,0,0,5441,12156412334
426.161,2.34653,46.3351,0,84,65,44,2760,10501,5.12848,166,16.9677,0,0,5441,12158759067
344.552,2.90232,46.3351,0,84,65,44,2760,10501,5.12848,166,16.9677,0,0,5441,12161661703
340.853,2.93382,46.3351,0,84,65,44,2760,10501,5.12848,166,16.9677,0,0,5441,12164595859
365.577,2.7354,46.3351,0,84,65,44,2760,10501,5.12848,166,16.9677,0,0,5441,12167331557
383.601,2.60688,46.3351,0,84,65,44,2760,10501,5.12848,166,16.9677,0,0,5441,12169938876
375.603,2.66239,46.3351,0,84,65,44,2760,10501,5.12848,166,16.9677,0,0,5441,12172601552
401.517,2.49056,46.3351,0,84,65,44,2760,10501,5.12848,166,16.9677,0,0,5441,12175092502
195.642,5.11138,46.3351,0,84,65,44,2760,10501,5.12848,166,16.9677,0,0,5441,12180204376
804.192,1.24348,46.3351,0,84,65,44,2760,10501,5.12848,166,16.9677,0,0,5441,12181448235
536.446,1.86412,46.3351,0,84,65,44,2760,10501,5.12848,166,16.9677,0,0,5441,12183312394
172.775,5.78788,46.3351,0,84,65,44,2760,10501,5.12848,166,16.9677,0,0,5441,12189100637
623.536,1.60376,46.3351,0,84,65,44,2760,10501,5.12848,166,16.9677,0,0,5441,12190704864
311.17,3.21368,46.3351,0,84,65,44,2760,10501,5.12848,166,16.9677,0,0,5441,12193918799
2179.03,0.458919,46.3351,0,84,65,44,2760,10501,5.12848,166,16.9677,0,0,5441,12194377661
356.107,2.80814,46.3351,0,84,65,44,2760,10501,5.12848,166,16.9677,0,0,5441,12197186333
487.041,2.05321,46.3351,0,84,65,44,2760,10501,5.12848,166,16.9677,0,0,5441,12199239777
375.322,2.66438,46.3351,0,84,65,44,2760,10501,5.12848,166,16.9677,0,0,5441,12201904395
344.574,2.90214,46.3351,0,84,65,44,2760,10501,5.12848,166,16.9677,0,0,5441,12204806888
305.461,3.27375,46.3351,0,84,65,44,2760,10501,5.12848,166,16.9677,0,0,5441,12208080902
281.251,3.55554,46.3351,0,84,65,44,2760,10501,5.12848,166,16.9677,0,0,5441,12211636983
653.651,1.52987,46.3351,0,84,65,44,2760,10501,5.12848,166,16.9677,0,0,5441,12213166996
501.043,1.99584,46.3351,0,84,65,44,2760,10501,5.12848,166,16.9677,0,0,5441,12215163131
365.683,2.73461,46.3351,0,84,65,44,2760,10501,5.12848,166,16.9677,0,0,5441,12217898108
440.994,2.26761,46.3351,0,84,65,44,2760,10501,5.12848,166,16.9677,0,0,5441,12220166145
312.064,3.20447,46.3351,0,84,65,44,2760,10501,5.12848,166,16.9677,0,0,5441,12223370936
372.968,2.6812,46.3351,0,84,65,44,2760,10501,5.12848,166,16.9677,0,0,5441,12226052450
400.8,2.49501,46.3351,0,84,65,44,2760,10501,5.12848,166,16.9677,0,0,5441,12228547707
179.545,5.56962,46.3351,0,84,65,44,2760,10501,5.12848,166,16.9677,0,0,5441,12234117673
499.868,2.00053,46.3351,0,84,65,44,2760,10501,5.12848,166,16.9677,0,0,5441,12236118683
505.748,1.97727,46.3351,0,84,65,44,2760,10501,5.12848,166,16.9677,0,0,5441,12238096259
658.268,1.51914,46.3351,0,84,65,44,2760,10501,5.12848,166,16.9677,0,0,5441,12239615541
284.404,3.51613,46.3351,0,84,65,44,2760,10501,5.12848,166,16.9677,0,0,5441,12243132035
513.662,1.94681,46.3351,0,84,65,44,2760,10501,5.12848,166,16.9677,0,0,5441,12245079004
390.85,2.55853,46.3351,0,84,65,44,2760,10501,5.12848,166,16.9677,0,0,5441,12247637754
406.909,2.45755,46.3351,0,84,65,44,2760,10501,5.12848,166,16.9677,0,0,5441,12250095721
281.728,3.54952,46.3351,0,84,65,44,2760,10501,5.12848,166,16.9677,0,0,5441,12253645562
473.346,2.11262,46.3351,0,84,65,44,2760,10501,5.12848,166,16.9677,0,0,5441,12255758518
397.365,2.51658,46.3351,0,84,65,44,2760,10501,5.12848,166,16.9677,0,0,5441,12258275420
320.936,3.11588,46.3351,0,84,65,44,2760,10501,5.12848,166,16.9677,0,0,5441,12261391612
345.091,2.89779,46.3351,0,84,65,44,2760,10501,5.12848,166,16.9677,0,0,5441,12264289988
502.403,1.99043,46.3351,0,84,65,44,2760,10501,5.12848,166,16.9677,0,0,5441,12266280748
340.668,2.93541,46.3351,0,84,65,44,2760,10501,5.12848,166,16.9677,0,0,5441,12269216500
353.837,2.82616,46.3351,0,84,65,44,2760,10501,5.12848,166,16.9677,0,0,5441,12272042999
316.14,3.16316,46.3351,0,84,65,44,2760,10501,5.12848,166,16.9677,0,0,5441,12275206481
518.862,1.9273,46.3351,0,84,65,44,2760,10501,5.12848,166,16.9677,0,0,5441,12277133931
318.635,3.13838,46.3351,0,84,65,44,2760,10501,5.12848,166,16.9677,0,0,5441,12280272834
483.385,2.06874,46.3351,0,84,65,44,2760,10501,5.12848,166,16.9677,0,0,5441,12282341943
374.916,2.66726,46.3351,0,84,65,44,2760,10501,5.12848,166,16.9677,0,0,5441,12285009523
336.955,2.96775,46.3351,0,84,65,44,2760,10501,5.12848,166,16.9677,0,0,5441,12287977584
407.564,2.4536,46.3351,0,84,65,44,2760,10501,5.12848,166,16.9677,0,0,5441,12290431484
368.743,2.71192,46.3351,0,84,65,44,2760,10501,5.12848,166,16.9677,0,0,5441,12293143730
370.999,2.69543,46.3351,0,84,65,44,2760,10501,5.12848,166,16.9677,0,0,5441,12295839484
331.204,3.01928,46.3351,0,84,65,44,2760,10501,5.12848,166,16.9677,0,0,5441,12298859115
455.113,2.19726,46.3351,0,84,65,44,2760,10501,5.12848,166,16.9677,0,0,5441,12301056910
313.807,3.18667,46.3351,0,84,65,44,2760,10501,5.12848,166,16.9677,0,0,5441,12304243719
457.664,2.18501,46.3351,0,84,65,44,2760,10501,5.12848,166,16.9677,0,0,5441,12306429274
389.021,2.57056,46.3351,0,84,65,44,2760,10501,5.12848,166,16.9677,0,0,5441,12309000024
183.905,5.43758,46.3351,0,84,65,44,2760,10501,5.12848,166,16.9677,0,0,5441,12314437870
548.062,1.82461,46.3351,0,84,65,44,2760,10501,5.12848,166,16.9677,0,0,5441,12316262797
642.013,1.5576,46.3351,0,84,65,44,2760,10501,5.12848,166,16.9677,0,0,5441,12317820686
414.568,2.41215,46.3351,0,84,65,44,2760,10501,5.12848,166,16.9677,0,0,5441,12320233239
343.995,2.90702,46.3351,0,84,65,44,2760,10501,5.12848,166,16.9677,0,0,5441,12323140491
349.722,2.85941,46.3351,0,84,65,44,2760,10501,5.12848,166,16.9677,0,0,5441,12326000173
422.036,2.36946,46.3351,0,84,65,44,2760,10501,5.12848,166,16.9677,0,0,5441,12328370003
416.811,2.39917,46.3351,0,84,65,44,2760,10501,5.12848,166,16.9677,0,0,5441,12330769632
353.807,2.8264,46.3351,0,84,65,44,2760,10501,5.12848,166,16.9677,0,0,5441,12333596304
339.675,2.94399,46.3351,0,84,65,44,2760,10501,5.12848,166,16.9677,0,0,5441,12336540596
459.069,2.17832,46.3351,0,84,65,44,2760,10501,5.12848,166,16.9677,0,0,5441,12338719246
337.249,2.96517,46.3351,0,84,65,44,2760,10501,5.12848,166,16.9677,0,0,5441,12341684750
393.844,2.53907,46.3351,0,84,65,44,2760,10501,5.12848,166,16.9677,0,0,5441,12344224143
358.334,2.79069,46.3351,0,84,65,44,2760,10501,5.12848,166,16.9677,0,0,5441,12347015064
397.496,2.51575,46.3351,0,84,65,44,2760,10501,5.12848,166,16.9677,0,0,5441,12349531168
325.948,3.06798,46.3351,0,84,65,44,2760,10501,5.12848,166,16.9677,0,0,5441,12352599483
370.676,2.69777,46.3351,0,84,65,44,2760,10501,5.12848,166,16.9677,0,0,5441,12355297593
268.315,3.72696,46.3351,0,84,65,44,2760,10501,5.12848,166,16.9677,0,0,5441,12359025027
574.446,1.74081,46.3351,0,84,65,44,2760,10501,5.12848,166,16.9677,0,0,5441,12360766143
283.967,3.52153,46.3351,0,84,65,44,2760,10501,5.12848,166,16.9677,0,0,5441,12364288041
642.962,1.5553,46.3351,0,84,65,44,2760,10501,5.12848,166,16.9677,0,0,5441,12365843497
354.463,2.82117,46.3351,0,84,65,44,2760,10501,5.12848,166,16.9677,0,0,5441,12368664957
414.225,2.41415,46.3351,0,84,65,44,2760,10501,5.12848,166,16.9677,0,0,5441,12371079414
354.764,2.81878,46.3351,0,84,65,44,2760,10501,5.12848,166,16.9677,0,0,5441,12373898499
406.4,2.46063,46.3351,0,84,65,44,2760,10501,5.12848,166,16.9677,0,0,5441,12376361332
330.616,3.02466,46.2916,0,84,66,44,2760,10501,5.12848,166,16.9906,0,0,5442,12379384530
466.498,2.14363,46.2916,0,84,66,44,2760,10501,5.12848,166,16.9906,0,0,5442,12381528420
258.726,3.86509,46.2916,0,84,66,44,2760,10501,5.12848,166,16.9906,0,0,5442,12385393867
608.693,1.64286,46.2916,0,84,66,44,2760,10501,5.12848,166,16.9906,0,0,5442,12387036846
336.556,2.97127,46.2916,0,84,66,44,2760,10501,5.12848,166,16.9906,0,0,5442,12390008532
412.192,2.42605,46.2916,0,84,66,44,2760,10501,5.12848,166,16.9906,0,0,5442,12392434970
306.682,3.26071,46.2916,0,84,66,44,2760,10501,5.12848,166,16.9906,0,0,5442,12395696041
449.505,2.22467,46.2916,0,84,66,44,2760,10501,5.12848,166,16.9906,0,0,5442,12397920991
408.534,2.44777,46.2916,0,84,66,44,2760,10501,5.12848,166,16.9906,0,0,5442,12400369064
341.851,2.92525,46.2916,0,84,66,44,2760,10501,5.12848,166,16.9906,0,0,5442,12403294682
370.3,2.70051,46.2916,0,84,66,44,2760,10501,5.12848,166,16.9906,0,0,5442,12405995533
487.24,2.05238,46.2916,0,84,66,44,2760,10501,5.12848,166,16.9906,0,0,5442,12408048256
345.601,2.89351,46.2916,0,84,66,44,2760,10501,5.12848,166,16.9906,0,0,5442,12410942065
313.283,3.192,46.2916,0,84,66,44,2760,10501,5.12848,166,16.9906,0,0,5442,12414134499
532.551,1.87776,46.2916,0,84,66,44,2760,10501,5.12848,166,16.9906,0,0,5442,12416012370
354.037,2.82457,46.2916,0,84,66,44,2760,10501,5.12848,166,16.9906,0,0,5442,12418837475
184.849,5.40981,46.2916,0,84,66,44,2760,10501,5.12848,166,16.9906,0,0,5442,12424247696
2064.44,0.484392,46.2916,0,84,66,44,2760,10501,5.12848,166,16.9906,0,0,5442,12424732366
540.508,1.85011,46.2916,0,84,66,44,2760,10501,5.12848,166,16.9906,0,0,5442,12426582861
353.247,2.83088,46.2916,0,84,66,44,2760,10501,5.12848,166,16.9906,0,0,5442,12429414206
389.035,2.57046,46.2916,0,84,66,44,2760,10501,5.12848,166,16.9906,0,0,5442,12431984937
316.683,3.15773,46.2916,0,84,66,44,2760,10501,5.12848,166,16.9906,0,0,5442,12435143121
339.648,2.94422,46.2916,0,84,66,44,2760,10501,5.12848,166,16.9906,0,0,5442,12438087653
469.5,2.12993,46.2916,0,84,66,44,2760,10501,5.12848,166,16.9906,0,0,5442,12440217782
314.962,3.17498,46.2916,0,84,66,44,2760,10501,5.12848,166,16.9906,0,0,5442,12443393264
392.868,2.54538,46.2916,0,84,66,44,2760,10501,5.12848,166,16.9906,0,0,5442,12445938956
224.082,4.46266,46.2916,0,84,66,44,2760,10501,5.12848,166,16.9906,0,0,5442,12450401885
1136.2,0.880126,46.2916,0,84,66,44,2760,10501,5.12848,166,16.9906,0,0,5442,12451282357
421.853,2.37049,46.2916,0,84,66,44,2760,10501,5.12848,166,16.9906,0,0,5442,12453653158
302.324,3.30771,46.2916,0,84,66,44,2760,10501,5.12848,166,16.9906,0,0,5442,12456961164
395.098,2.53102,46.2916,0,84,66,44,2760,10501,5.12848,166,16.9906,0,0,5442,12459492528
439.773,2.2739,46.2916,0,84,66,44,2760,10501,5.12848,166,16.9906,0,0,5442,12461766681
304.459,3.28451,46.2916,0,84,66,44,2760,10501,5.12848,166,16.9906,0,0,5442,12465051523
408.942,2.44533,46.2916,0,84,66,44,2760,10501,5.12848,166,16.9906,0,0,5442,12467497346
414.309,2.41366,46.2916,0,84,66,44,2760,10501,5.12848,166,16.9906,0,0,5442,12469911360
320.649,3.11867,46.2916,0,84,66,44,2760,10501,5.12848,166,16.9906,0,0,5442,12473030407
268.703,3.72159,46.2916,0,84,66,44,2760,10501,5.12848,166,16.9906,0,0,5442,12476752205
646.922,1.54578,46.2916,0,84,66,44,2760,10501,5.12848,166,16.9906,0,0,5442,12478298296
467.595,2.1386,46.2916,0,84,66,44,2760,10501,5.12848,166,16.9906,0,0,5442,12480437320
343.565,2.91066,46.2916,0,84,66,44,2760,10501,5.12848,166,16.9906,0,0,5442,12483348226
278.644,3.5888,46.2916,0,84,66,44,2760,10501,5.12848,166,16.9906,0,0,5442,12486937328
478.402,2.09029,46.2916,0,84,66,44,2760,10501,5.12848,166,16.9906,0,0,5442,12489027956
440.93,2.26793,46.2916,0,84,66,44,2760,10501,5.12848,166,16.9906,0,0,5442,12491296311
363.161,2.7536,46.2916,0,84,66,44,2760,10501,5.12848,166,16.9906,0,0,5442,12494050288
353.382,2.8298,46.2916,0,84,66,44,2760,10501,5.12848,166,16.9906,0,0,5442,12496880461
407.654,2.45306,46.2916,0,84,66,44,2760,10501,5.12848,166,16.9906,0,0,5442,12499333870
247.932,4.03337,46.2916,0,84,66,44,2760,10501,5.12848,166,16.9906,0,0,5442,12503367583
396.709,2.52074,46.2916,0,84,66,44,2760,10501,5.12848,166,16.9906,0,0,5442,12505888649
716.264,1.39613,46.2916,0,84,66,44,2760,10501,5.12848,166,16.9906,0,0,5442,12507285129
301.485,3.31692,46.2916,0,84,66,44,2760,10501,5.12848,166,16.9906,0,0,5442,12510602356
397.044,2.51861,46.2916,0,84,66,44,2760,10501,5.12848,166,16.9906,0,0,5442,12513121402
386.275,2.58883,46.2916,0,84,66,44,2760,10501,5.12848,166,16.9906,0,0,5442,12515710509
352.295,2.83853,46.2916,0,84,66,44,2760,10501,5.12848,166,16.9906,0,0,5442,12518549268
403.6,2.4777,46.2916,0,84,66,44,2760,10501,5.12848,166,16.9906,0,0,5442,12521027303
258.54,3.86787,46.2916,0,84,66,44,2760,10501,5.12848,166,16.9906,0,0,5442,12524895549
698.432,1.43178,46.2916,0,84,66,44,2760,10501,5.12848,166,16.9906,0,0,5442,12526327511
190.108,5.26016,46.2916,0,84,66,44,2760,10501,5.12848,166,16.9906,0,0,5442,12531588255
1305.67,0.765891,46.2916,0,84,66,44,2760,10501,5.12848,166,16.9906,0,0,5442,12532354262
373.657,2.67625,46.2916,0,84,66,44,2760,10501,5.12848,166,16.9906,0,0,5442,12535030900
242.863,4.11754,46.2916,0,84,66,44,2760,10501,5.12848,166,16.9906,0,0,5442,12539148972
991.302,1.00877,46.2916,0,84,66,44,2760,10501,5.12848,166,16.9906,0,0,5442,12540158092
354.453,2.82125,46.2916,0,84,66,44,2760,10501,5.12848,166,16.9906,0,0,5442,12542979668
484.886,2.06234,46.2916,0,84,66,44,2760,10501,5.12848,166,16.9906,0,0,5442,12545042439
317.16,3.15298,46.2916,0,84,66,44,2760,10501,5.12848,166,16.9906,0,0,5442,12548195680
377.879,2.64635,46.2916,0,84,66,44,2760,10501,5.12848,166,16.9906,0,0,5442,12550842356
351.609,2.84407,46.2916,0,84,66,44,2760,10501,5.12848,166,16.9906,0,0,5442,12553686740
256.762,3.89466,46.2916,0,84,66,44,2760,10501,5.12848,166,16.9906,0,0,5442,12557581718
513.484,1.94748,46.2916,0,84,66,44,2760,10501,5.12848,166,16.9906,0,0,5442,12559529505
514.434,1.94388,46.2916,0,84,66,44,2760,10501,5.12848,166,16.9906,0,0,5442,12561473810
377.679,2.64775,46.2916,0,84,66,44,2760,10501,5.12848,166,16.9906,0,0,5442,12564121948
338.946,2.95032,46.2916,0,84,66,44,2760,10501,5.12848,166,16.9906,0,0,5442,12567072461
408.473,2.44814,46.2916,0,84,66,44,2760,10501,5.12848,166,16.9906,0,0,5442,12569521005
179.282,5.5778,46.2916,0,84,66,44,2760,10501,5.12848,166,16.9906,0,0,5442,12575099068
874.088,1.14405,46.2916,0,84,66,44,2760,10501,5.12848,166,16.9906,0,0,5442,12576243366
346.18,2.88867,46.2916,0,84,66,44,2760,10501,5.12848,166,16.9906,0,0,5442,12579132492
394.748,2.53326,46.2916,0,84,66,44,2760,10501,5.12848,166,16.9906,0,0,5442,12581666058
357.856,2.79442,46.2916,0,84,66,44,2760,10501,5.12848,166,16.9906,0,0,5442,12584460710
400.714,2.49554,46.2916,0,84,66,44,2760,10501,5.12848,166,16.9906,0,0,5442,12586956592
548.117,1.82443,46.2916,0,84,66,44,2760,10501,5.12848,166,16.9906,0,0,5442,12588781288
387.957,2.57761,46.2916,0,84,66,44,2760,10501,5.12848,166,16.9906,0,0,5442,12591359231
364.468,2.74373,46.2916,0,84,66,44,2760,10501,5.12848,166,16.9906,0,0,5442,12594103477
358.944,2.78595,46.2916,0,84,66,44,2760,10501,5.12848,166,16.9906,0,0,5442,12596889773
333.186,3.00132,46.2916,0,84,66,44,2760,10501,5.12848,166,16.9906,0,0,5442,12599891605
413.359,2.41921,46.2916,0,84,66,44,2760,10501,5.12848,166,16.9906,0,0,5442,12602311119
365.342,2.73716,46.2916,0,84,66,44,2760,10501,5.12848,166,16.9906,0,0,5442,12605048587
414.614,2.41188,46.2916,0,84,66,44,2760,10501,5.12848,166,16.9906,0,0,5442,12607460783
163.921,6.1005,46.2916,0,84,66,44,2760,10501,5.12848,166,16.9906,0,0,5442,12613561662
1526.4,0.655138,46.2916,0,84,66,44,2760,10501,5.12848,166,16.9906,0,0,5442,12614217059
591.662,1.69015,46.2916,0,84,66,44,2760,10501,5.12848,166,16.9906,0,0,5442,12615907568
201.9,4.95296,46.2916,0,84,66,44,2760,10501,5.12848,166,16.9906,0,0,5442,12620860927
474.672,2.10672,46.2916,0,84,66,44,2760,10501,5.12848,166,16.9906,0,0,5442,12622967921
289.329,3.45627,46.2916,0,84,66,44,2760,10501,5.12848,166,16.9906,0,0,5442,12626424499
709.917,1.40861,46.2916,0,84,66,44,2760,10501,5.12848,166,16.9906,0,0,5442,12627833595
493.302,2.02715,46.2916,0,84,66,44,2760,10501,5.12848,166,16.9906,0,0,5442,12629861105
386.512,2.58724,46.2916,0,84,66,44,2760,10501,5.12848,166,16.9906,0,0,5442,12632448596
352.434,2.83741,46.2916,0,84,66,44,2760,10501,5.12848,166,16.9906,0,0,5442,12635286250
343.758,2.90902,46.2916,0,84,66,44,2760,10501,5.12848,166,16.9906,0,0,5442,12638195627
403.477,2.47846,46.2916,0,84,66,44,2760,10501,5.12848,166,16.9906,0,0,5442,12640674402
359.832,2.77907,46.2916,0,84,66,44,2760,10501,5.12848,166,16.9906,0,0,5442,12643453813
519.549,1.92475,46.2916,0,84,66,44,2760,10501,5.12848,166,16.9906,0,0,5442,12645378878
360.537,2.77364,46.2916,0,84,66,44,2760,10501,5.12848,166,16.9906,0,0,5442,12648152895
325.047,3.07648,46.2916,0,84,66,44,2760,10501,5.12848,166,16.9906,0,0,5442,12651229739
373.374,2.67828,46.2916,0,84,66,44,2760,10501,5.12848,166,16.9906,0,0,5442,12653908252
263.47,3.7955,46.2916,0,84,66,44,2760,10501,5.12848,166,16.9906,0,0,5442,12657704092
790.529,1.26497,46.2916,0,84,66,44,2760,10501,5.12848,166,16.9906,0,0,5442,12658969346
303.496,3.29494,46.2916,0,84,66,44,2760,10501,5.12848,166,16.9906,0,0,5442,12662264620
335.766,2.97826,46.2916,0,84,66,44,2760,10501,5.12848,166,16.9906,0,0,5442,12665243240
334.833,2.98656,46.2916,0,84,66,44,2760,10501,5.12848,166,16.9906,0,0,5442,12668230110
509.337,1.96334,46.2916,0,84,66,44,2760,10501,5.12848,166,16.9906,0,0,5442,12670193859
414.068,2.41506,46.2916,0,84,66,44,2760,10501,5.12848,166,16.9906,0,0,5442,12672609209
342.914,2.91618,46.2916,0,84,66,44,2760,10501,5.12848,166,16.9906,0,0,5442,12675525702
300.911,3.32325,46.2916,0,84,66,44,2760,10501,5.12848,166,16.9906,0,0,5442,12678849304
203.264,4.91971,46.2916,0,84,66,44,2760,10501,5.12848,166,16.9906,0,0,5442,12683769403
1431.06,0.698783,46.2916,0,84,66,44,2760,10501,5.12848,166,16.9906,0,0,5442,12684468426
469.943,2.12792,46.2916,0,84,66,44,2760,10501,5.12848,166,16.9906,0,0,5442,12686596700
428.512,2.33366,46.2916,0,84,66,44,2760,10501,5.12848,166,16.9906,0,0,5442,12688930654
248.382,4.02605,46.2916,0,84,66,44,2760,10501,5.12848,166,16.9906,0,0,5442,12692957126
493.689,2.02557,46.2916,0,84,66,44,2760,10501,5.12848,166,16.9906,0,0,5442,12694983011
391.167,2.55645,46.2916,0,84,66,44,2760,10501,5.12848,166,16.9906,0,0,5442,12697539742
404.045,2.47497,46.2916,0,84,66,44,2760,10501,5.12848,166,16.9906,0,0,5442,12700015008
367.189,2.72339,46.2916,0,84,66,44,2760,10501,5.12848,166,16.9906,0,0,5442,12702738686
363.814,2.74866,46.2916,0,84,66,44,2760,10501,5.12848,166,16.9906,0,0,5442,12705487971
359.127,2.78453,46.2916,0,84,66,44,2760,10501,5.12848,166,16.9906,0,0,5442,12708272671
400.097,2.49939,46.2916,0,84,66,44,2760,10501,5.12848,166,16.9906,0,0,5442,12710772380
361.728,2.76451,46.2916,0,84,66,44,2760,10501,5.12848,166,16.9906,0,0,5442,12713537242
218.571,4.57517,46.2916,0,84,66,44,2760,10501,5.12848,166,16.9906,0,0,5442,12718112704
432.335,2.31302,46.2916,0,84,66,44,2760,10501,5.12848,166,16.9906,0,0,5442,12720425994
362.521,2.75846,46.2916,0,84,66,44,2760,10501,5.12848,166,16.9906,0,0,5442,12723184875
432.839,2.31033,46.2916,0,84,66,44,2760,10501,5.12848,166,16.9906,0,0,5442,12725495607
284.302,3.51739,46.2916,0,84,66,44,2760,10501,5.12848,166,16.9906,0,0,5442,12729013245
1686.59,0.592914,46.2916,0,84,66,44,2760,10501,5.12848,166,16.9906,0,0,5442,12729606399
334.442,2.99005,46.2916,0,84,66,44,2760,10501,5.12848,166,16.9906,0,0,5442,12732596933
460.534,2.17139,46.2916,0,84,66,44,2760,10501,5.12848,166,16.9906,0,0,5442,12734768496
347.311,2.87926,46.2916,0,84,66,44,2760,10501,5.12848,166,16.9906,0,0,5442,12737648007
405.869,2.46385,46.2916,0,84,66,44,2760,10501,5.12848,166,16.9906,0,0,5442,12740112244
344.327,2.90421,46.2916,0,84,66,44,2760,10501,5.12848,166,16.9906,0,0,5442,12743016851
202.02,4.95,46.2916,0,84,66,44,2760,10501,5.12848,166,16.9906,0,0,5442,12747967239
382.329,2.61555,46.2916,0,84,66,44,2760,10501,5.12848,166,16.9906,0,0,5442,12750583193
1365.93,0.732102,46.2916,0,84,66,44,2760,10501,5.12848,166,16.9906,0,0,5442,12751315477
442.264,2.2611,46.2916,0,84,66,44,2760,10501,5.12848,166,16.9906,0,0,5442,12753576871
375.798,2.661,46.2916,0,84,66,44,2760,10501,5.12848,166,16.9906,0,0,5442,12756238287
314.259,3.18209,46.2916,0,84,66,44,2760,10501,5.12848,166,16.9906,0,0,5442,12759420885
208.183,4.80347,46.2916,0,84,66,44,2760,10501,5.12848,166,16.9906,0,0,5442,12764224595
2595.95,0.385215,46.2916,0,84,66,44,2760,10501,5.12848,166,16.9906,0,0,5442,12764609839
434.097,2.30363,46.2916,0,84,66,44,2760,10501,5.12848,166,16.9906,0,0,5442,12766913907
356.822,2.80252,46.2916,0,84,66,44,2760,10501,5.12848,166,16.9906,0,0,5442,12769716761
221.315,4.51845,46.2916,0,84,66,44,2760,10501,5.12848,166,16.9906,0,0,5442,12774235749
661.324,1.51212,46.2916,0,84,66,44,2760,10501,5.12848,166,16.9906,0,0,5442,12775748156
372.382,2.68542,46.2916,0,84,66,44,2760,10501,5.12848,166,16.9906,0,0,5442,12778434006
531.894,1.88007,46.2916,0,84,66,44,2760,10501,5.12848,166,16.9906,0,0,5442,12780314358
393.079,2.54402,46.2916,0,84,66,44,2760,10501,5.12848,166,16.9906,0,0,5442,12782858617
303.278,3.2973,46.2916,0,84,66,44,2760,10501,5.12848,166,16.9906,0,0,5442,12786156276
514.18,1.94484,46.2916,0,84,66,44,2760,10501,5.12848,166,16.9906,0,0,5442,12788101476
366.575,2.72796,46.2916,0,84,66,44,2760,10501,5.12848,166,16.9906,0,0,5442,12790829722
377.664,2.64786,46.2916,0,84,66,44,2760,10501,5.12848,166,16.9906,0,0,5442,12793477907
235.659,4.24341,46.2916,0,84,66,44,2760,10501,5.12848,166,16.9906,0,0,5442,12797721762
349.611,2.86032,46.2916,0,84,66,44,2760,10501,5.12848,166,16.9906,0,0,5442,12800582483
538.513,1.85697,46.2916,0,84,66,44,2760,10501,5.12848,166,16.9906,0,0,5442,12802439633
314.777,3.17686,46.2916,0,84,66,44,2760,10501,5.12848,166,16.9906,0,0,5442,12805616807
491.119,2.03616,46.2916,0,84,66,44,2760,10501,5.12848,166,16.9906,0,0,5442,12807653501
405.351,2.467,46.2916,0,84,66,44,2760,10501,5.12848,166,16.9906,0,0,5442,12810120709
433.378,2.30745,46.2916,0,84,66,44,2760,10501,5.12848,166,16.9906,0,0,5442,12812428431
323.447,3.0917,46.2916,0,84,66,44,2760,10501,5.12848,166,16.9906,0,0,5442,12815520468
519.593,1.92458,46.2916,0,84,66,44,2760,10501,5.12848,166,16.9906,0,0,5442,12817445436
361.182,2.76869,46.2916,0,84,66,44,2760,10501,5.12848,166,16.9906,0,0,5442,12820214414
264.486,3.78093,46.2916,0,84,66,44,2760,10501,5.12848,166,16.9906,0,0,5442,12823995676
266.124,3.75765,46.2916,0,84,66,44,2760,10501,5.12848,166,16.9906,0,0,5442,12827753899
595.75,1.67856,46.2916,0,84,66,44,2760,10501,5.12848,166,16.9906,0,0,5442,12829432561
446.678,2.23875,46.2916,0,84,66,44,2760,10501,5.12848,166,16.9906,0,0,5442,12831671704
382.933,2.61142,46.2916,0,84,66,44,2760,10501,5.12848,166,16.9906,0,0,5442,12834283533
331.654,3.01519,46.2916,0,84,66,44,2760,10501,5.12848,166,16.9906,0,0,5442,12837298942
364.901,2.74047,46.2916,0,84,66,44,2760,10501,5.12848,166,16.9906,0,0,5442,12840039813
497.317,2.01079,46.2916,0,84,66,44,2760,10501,5.12848,166,16.9906,0,0,5442,12842050919
348.541,2.86911,46.2916,0,84,66,44,2760,10501,5.12848,166,16.9906,0,0,5442,12844920506
425.918,2.34787,46.2916,0,84,66,44,2760,10501,5.12848,166,16.9906,0,0,5442,12847268566
327.329,3.05503,46.2916,0,84,66,44,2760,10501,5.12848,166,16.9906,0,0,5442,12850323900
203.965,4.9028,46.2916,0,84,66,44,2760,10501,5.12848,166,16.9906,0,0,5442,12855227113
1057.34,0.945772,46.2916,0,84,66,44,2760,10501,5.12848,166,16.9906,0,0,5442,12856172886
434.347,2.30231,46.2916,0,84,66,44,2760,10501,5.12848,166,16.9906,0,0,5442,12858475636
361.319,2.76764,46.2916,0,84,66,44,2760,10501,5.12848,166,16.9906,0,0,5442,12861243903
414.869,2.4104,46.2916,0,84,66,44,2760,10501,5.12848,166,16.9906,0,0,5442,12863654551
344.552,2.90232,46.2916,0,84,66,44,2760,10501,5.12848,166,16.9906,0,0,5442,12866557274
405.257,2.46757,46.2916,0,84,66,44,2760,10501,5.12848,166,16.9906,0,0,5442,12869025280
356.094,2.80825,46.2916,0,84,66,44,2760,10501,5.12848,166,16.9906,0,0,5442,12871833884
383.802,2.60551,46.2916,0,84,66,44,2760,10501,5.12848,166,16.9906,0,0,5442,12874439703
371.518,2.69166,46.2916,0,84,66,44,2760,10501,5.12848,166,16.9906,0,0,5442,12877133813
209.574,4.77159,44.2133,0,84,65,44,2760,10501,5.12848,166,16.9974,0,0,5441,12881903791
572.318,1.74728,44.2133,0,84,65,44,2760,10501,5.12848,166,16.9974,0,0,5441,12883651177
409.514,2.44192,44.2133,0,84,65,44,2760,10501,5.12848,166,16.9974,0,0,5441,12886093528
314.337,3.1813,44.2133,0,84,65,44,2760,10501,5.12848,166,16.9974,0,0,5441,12889275078
600.425,1.66549,44.2133,0,84,65,44,2760,10501,5.12848,166,16.9974,0,0,5441,12890941125
361.716,2.7646,44.2133,0,84,65,44,2760,10501,5.12848,166,16.9974,0,0,5441,12893705823
400.498,2.49689,44.2133,0,84,65,44,2760,10501,5.12848,166,16.9974,0,0,5441,12896202869
356.289,2.80671,44.2133,0,84,65,44,2760,10501,5.12848,166,16.9974,0,0,5441,12899009964
358.389,2.79027,44.2133,0,84,65,44,2760,10501,5.12848,166,16.9974,0,0,5441,12901800539
347.154,2.88057,44.2133,0,84,65,44,2760,10501,5.12848,166,16.9974,0,0,5441,12904681443
301.239,3.31962,44.2133,0,84,65,44,2760,10501,5.12848,166,16.9974,0,0,5441,12908001526
526.506,1.89931,44.2133,0,84,65,44,2760,10501,5.12848,166,16.9974,0,0,5441,12909901071
423.601,2.36071,44.2133,0,84,65,44,2760,10501,5.12848,166,16.9974,0,0,5441,12912262093
428.611,2.33312,44.2133,0,84,65,44,2760,10501,5.12848,166,16.9974,0,0,5441,12914595575
350.751,2.85103,44.2133,0,84,65,44,2760,10501,5.12848,166,16.9974,0,0,5441,12917447056
373.901,2.6745,44.2133,0,84,65,44,2760,10501,5.12848,166,16.9974,0,0,5441,12920121896
334.25,2.99177,44.2133,0,84,65,44,2760,10501,5.12848,166,16.9974,0,0,5441,12923114074
340.371,2.93797,44.2133,0,84,65,44,2760,10501,5.12848,166,16.9974,0,0,5441,12926052327
497.258,2.01103,44.2133,0,84,65,44,2760,10501,5.12848,166,16.9974,0,0,5441,12928063770
268.136,3.72945,44.2133,0,84,65,44,2760,10501,5.12848,166,16.9974,0,0,5441,12931793617
301.37,3.31818,44.2133,0,84,65,44,2760,10501,5.12848,166,16.9974,0,0,5441,12935112171
557.266,1.79447,44.2133,0,84,65,44,2760,10501,5.12848,166,16.9974,0,0,5441,12936906952
329.576,3.0342,44.2133,0,84,65,44,2760,10501,5.12848,166,16.9974,0,0,5441,12939941564
480.651,2.08051,44.2133,0,84,65,44,2760,10501,5.12848,166,16.9974,0,0,5441,12942022413
471.065,2.12285,44.2133,0,84,65,44,2760,10501,5.12848,166,16.9974,0,0,5441,12944145533
197.37,5.06663,44.2133,0,84,65,44,2760,10501,5.12848,166,16.9974,0,0,5441,12949212502
1766.58,0.566067,44.2133,0,84,65,44,2760,10501,5.12848,166,16.9974,0,0,5441,12949778876
402.929,2.48182,44.2133,0,84,65,44,2760,10501,5.12848,166,16.9974,0,0,5441,12952260989
334.383,2.99058,44.2133,0,84,65,44,2760,10501,5.12848,166,16.9974,0,0,5441,12955251926
431.445,2.31779,44.2133,0,84,65,44,2760,10501,5.12848,166,16.9974,0,0,5441,12957570149
249.013,4.01585,44.2133,0,84,65,44,2760,10501,5.12848,166,16.9974,0,0,5441,12961586380
575.67,1.73711,44.2133,0,84,65,44,2760,10501,5.12848,166,16.9974,0,0,5441,12963323871
333.618,2.99744,44.2133,0,84,65,44,2760,10501,5.12848,166,16.9974,0,0,5441,12966321444
472.113,2.11814,44.2133,0,84,65,44,2760,10501,5.12848,166,16.9974,0,0,5441,12968439957
193.369,5.17145,44.2133,0,84,65,44,2760,10501,5.12848,166,16.9974,0,0,5441,12973611910
2666.65,0.375003,44.2133,0,84,65,44,2760,10501,5.12848,166,16.9974,0,0,5441,12973986788
395.565,2.52803,44.2133,0,84,65,44,2760,10501,5.12848,166,16.9974,0,0,5441,12976515249
409.864,2.43983,44.2133,0,84,65,44,2760,10501,5.12848,166,16.9974,0,0,5441,12978955379
380.188,2.63028,44.2133,0,84,65,44,2760,10501,5.12848,166,16.9974,0,0,5441,12981586083
306.305,3.26472,44.2133,0,84,65,44,2760,10501,5.12848,166,16.9974,0,0,5441,12984851106
233.6,4.28083,44.2133,0,84,65,44,2760,10501,5.12848,166,16.9974,0,0,5441,12989132578
596.307,1.67699,44.2133,0,84,65,44,2760,10501,5.12848,166,16.9974,0,0,5441,12990809605
458.094,2.18296,44.2133,0,84,65,44,2760,10501,5.12848,166,16.9974,0,0,5441,12992992823
375.093,2.666,44.2133,0,84,65,44,2760,10501,5.12848,166,16.9974,0,0,5441,12995659211
455.111,2.19727,44.2133,0,84,65,44,2760,10501,5.12848,166,16.9974,0,0,5441,12997856872
298.327,3.35203,44.2133,0,84,65,44,2760,10501,5.12848,166,16.9974,0,0,5441,13001209158
492.58,2.03013,44.2133,0,84,65,44,2760,10501,5.12848,166,16.9974,0,0,5441,13003239640
351.317,2.84643,44.2133,0,84,65,44,2760,10501,5.12848,166,16.9974,0,0,5441,13006086476
421.511,2.37242,44.2133,0,84,65,44,2760,10501,5.12848,166,16.9974,0,0,5441,13008459277
332.789,3.00491,44.2133,0,84,65,44,2760,10501,5.12848,166,16.9974,0,0,5441,13011464407
324.344,3.08314,44.2133,0,84,65,44,2760,10501,5.12848,166,16.9974,0,0,5441,13014547953
402.56,2.4841,44.2133,0,84,65,44,2760,10501,5.12848,166,16.9974,0,0,5441,13017032335
408.313,2.4491,44.2133,0,84,65,44,2760,10501,5.12848,166,16.9974,0,0,5441,13019481735
374.844,2.66777,44.2133,0,84,65,44,2760,10501,5.12848,166,16.9974,0,0,5441,13022149911
360.498,2.77394,44.2133,0,84,65,44,2760,10501,5.12848,166,16.9974,0,0,5441,13024924188
226.582,4.41341,44.2133,0,84,65,44,2760,10501,5.12848,166,16.9974,0,0,5441,13029338134
1192.51,0.838567,44.2133,0,84,65,44,2760,10501,5.12848,166,16.9974,0,0,5441,13030176797
326.064,3.06688,44.2133,0,84,65,44,2760,10501,5.12848,166,16.9974,0,0,5441,13033243987
407.468,2.45418,44.2133,0,84,65,44,2760,10501,5.12848,166,16.9974,0,0,5441,13035698474
427.405,2.3397,44.2133,0,84,65,44,2760,10501,5.12848,166,16.9974,0,0,5441,13038038428
186.52,5.36134,44.2133,0,84,65,44,2760,10501,5.12848,166,16.9974,0,0,5441,13043400070
387.308,2.58192,44.2133,0,84,65,44,2760,10501,5.12848,166,16.9974,0,0,5441,13045982349
474.545,2.10728,44.2133,0,84,65,44,2760,10501,5.12848,166,16.9974,0,0,5441,13048090007
707.7,1.41303,44.2133,0,84,65,44,2760,10501,5.12848,166,16.9974,0,0,5441,13049503275
447.747,2.2334,44.2133,0,84,65,44,2760,10501,5.12848,166,16.9974,0,0,5441,13051736966
298.052,3.35512,44.2133,0,84,65,44,2760,10501,5.12848,166,16.9974,0,0,5441,13055092445
438.967,2.27808,44.2133,0,84,65,44,2760,10501,5.12848,166,16.9974,0,0,5441,13057370983
390.398,2.56149,44.2133,0,84,65,44,2760,10501,5.12848,166,16.9974,0,0,5441,13059932829
223.228,4.47972,44.2133,0,84,65,44,2760,10501,5.12848,166,16.9974,0,0,5441,13064412884
1337.83,0.747478,44.2133,0,84,65,44,2760,10501,5.12848,166,16.9974,0,0,5441,13065160611
252.845,3.955,44.2133,0,84,65,44,2760,10501,5.12848,166,16.9974,0,0,5441,13069115859
223.893,4.46642,44.2133,0,84,65,44,2760,10501,5.12848,166,16.9974,0,0,5441,13073582808
576.247,1.73537,44.2133,0,84,65,44,2760,10501,5.12848,166,16.9974,0,0,5441,13075318376
586.99,1.70361,44.2133,0,84,65,44,2760,10501,5.12848,166,16.9974,0,0,5441,13077022145
331.917,3.0128,44.2133,0,84,65,44,2760,10501,5.12848,166,16.9974,0,0,5441,13080035352
428.218,2.33526,44.2133,0,84,65,44,2760,10501,5.12848,166,16.9974,0,0,5441,13082370960
277.169,3.60791,44.2133,0,84,65,44,2760,10501,5.12848,166,16.9974,0,0,5441,13085979341
415.094,2.40909,44.2133,0,84,65,44,2760,10501,5.12848,166,16.9974,0,0,5441,13088388663
497.965,2.00817,44.2133,0,84,65,44,2760,10501,5.12848,166,16.9974,0,0,5441,13090397134
354.469,2.82112,44.2133,0,84,65,44,2760,10501,5.12848,166,16.9974,0,0,5441,13093218604
235.242,4.25094,44.2133,0,84,65,44,2760,10501,5.12848,166,16.9974,0,0,5441,13097469902
625.084,1.59978,44.2133,0,84,65,44,2760,10501,5.12848,166,16.9974,0,0,5441,13099069975
199.557,5.01109,44.2133,0,84,65,44,2760,10501,5.12848,166,16.9974,0,0,5441,13104081317
2997.02,0.333665,44.2133,0,84,65,44,2760,10501,5.12848,166,16.9974,0,0,5441,13104414972
417.072,2.39767,44.2133,0,84,65,44,2760,10501,5.12848,166,16.9974,0,0,5441,13106813188
327.946,3.04928,44.2133,0,84,65,44,2760,10501,5.12848,166,16.9974,0,0,5441,13109862742
443.77,2.25342,44.2133,0,84,65,44,2760,10501,5.12848,166,16.9974,0,0,5441,13112116578
377.715,2.6475,44.2133,0,84,65,44,2760,10501,5.12848,166,16.9974,0,0,5441,13114764436
343.335,2.91261,44.2133,0,84,65,44,2760,10501,5.12848,166,16.9974,0,0,5441,13117677457
362.085,2.76179,44.2133,0,84,65,44,2760,10501,5.12848,166,16.9974,0,0,5441,13120439377
206.189,4.84991,44.2133,0,84,65,44,2760,10501,5.12848,166,16.9974,0,0,5441,13125289752
600.886,1.66421,44.2133,0,84,65,44,2760,10501,5.12848,166,16.9974,0,0,5441,13126954280
587.993,1.7007,44.2133,0,84,65,44,2760,10501,5.12848,166,16.9974,0,0,5441,13128655279
280.158,3.56941,44.2133,0,84,65,44,2760,10501,5.12848,166,16.9974,0,0,5441,13132224938
507.912,1.96885,44.2133,0,84,65,44,2760,10501,5.12848,166,16.9974,0,0,5441,13134194178
421.923,2.3701,44.2133,0,84,65,44,2760,10501,5.12848,166,16.9974,0,0,5441,13136564594
378.705,2.64058,44.2133,0,84,65,44,2760,10501,5.12848,166,16.9974,0,0,5441,13139205500
402.678,2.48337,44.2133,0,84,65,44,2760,10501,5.12848,166,16.9974,0,0,5441,13141689353
374.519,2.67009,44.2133,0,84,65,44,2760,10501,5.12848,166,16.9974,0,0,5441,13144359751
380.121,2.63074,44.2133,0,84,65,44,2760,10501,5.12848,166,16.9974,0,0,5441,13146990859
189.907,5.26574,44.2133,0,84,65,44,2760,10501,5.12848,166,16.9974,0,0,5441,13152256988
504.003,1.98412,44.2133,0,84,65,44,2760,10501,5.12848,166,16.9974,0,0,5441,13154241478
521.03,1.91928,44.2133,0,84,65,44,2760,10501,5.12848,166,16.9974,0,0,5441,13156161110
545.278,1.83393,44.2133,0,84,65,44,2760,10501,5.12848,166,16.9974,0,0,5441,13157995326
372.59,2.68392,44.2133,0,84,65,44,2760,10501,5.12848,166,16.9974,0,0,5441,13160679570
422.424,2.36729,44.2133,0,84,65,44,2760,10501,5.12848,166,16.9974,0,0,5441,13163047342
325.756,3.06979,44.2133,0,84,65,44,2760,10501,5.12848,166,16.9974,0,0,5441,13166117263
343.402,2.91204,44.2133,0,84,65,44,2760,10501,5.12848,166,16.9974,0,0,5441,13169029640
453.333,2.20588,44.2133,0,84,65,44,2760,10501,5.12848,166,16.9974,0,0,5441,13171235839
331.982,3.01222,44.2133,0,84,65,44,2760,10501,5.12848,166,16.9974,0,0,5441,13174248518
295.421,3.385,44.2133,0,84,65,44,2760,10501,5.12848,166,16.9974,0,0,5441,13177633872
574.094,1.74188,44.2133,0,84,65,44,2760,10501,5.12848,166,16.9974,0,0,5441,13179376008
401.66,2.48967,44.2133,0,84,65,44,2760,10501,5.12848,166,16.9974,0,0,5441,13181865890
313.436,3.19044,44.2133,0,84,65,44,2760,10501,5.12848,166,16.9974,0,0,5441,13185056738
414.863,2.41044,44.2133,0,84,65,44,2760,10501,5.12848,166,16.9974,0,0,5441,13187467627
209.684,4.76907,44.2133,0,84,65,44,2760,10501,5.12848,166,16.9974,0,0,5441,13192236951
601.41,1.66276,44.2133,0,84,65,44,2760,10501,5.12848,166,16.9974,0,0,5441,13193900199
471.661,2.12017,44.2133,0,84,65,44,2760,10501,5.12848,166,16.9974,0,0,5441,13196020598
412.608,2.42361,44.2133,0,84,65,44,2760,10501,5.12848,166,16.9974,0,0,5441,13198444564
491.883,2.033,44.2133,0,84,65,44,2760,10501,5.12848,166,16.9974,0,0,5441,13200478036
183.903,5.43763,44.2133,0,84,65,44,2760,10501,5.12848,166,16.9974,0,0,5441,13205915854
862.283,1.15971,44.2133,0,84,65,44,2760,10501,5.12848,166,16.9974,0,0,5441,13207075826
515.971,1.93809,44.2133,0,84,65,44,2760,10501,5.12848,166,16.9974,0,0,5441,13209014266
346.257,2.88803,44.2133,0,84,65,44,2760,10501,5.12848,166,16.9974,0,0,5441,13211902440
369.867,2.70368,44.2133,0,84,65,44,2760,10501,5.12848,166,16.9974,0,0,5441,13214606657
226.679,4.41152,44.2133,0,84,65,44,2760,10501,5.12848,166,16.9974,0,0,5441,13219018709
1085.48,0.921253,44.2133,0,84,65,44,2760,10501,5.12848,166,16.9974,0,0,5441,13219940029
415.439,2.40709,44.2133,0,84,65,44,2760,10501,5.12848,166,16.9974,0,0,5441,13222347552
436.467,2.29113,44.2133,0,84,65,44,2760,10501,5.12848,166,16.9974,0,0,5441,13224639110
344.767,2.90051,44.2133,0,84,65,44,2760,10501,5.12848,166,16.9974,0,0,5441,13227539794
223.577,4.47274,44.2133,0,84,65,44,2760,10501,5.12848,166,16.9974,0,0,5441,13232012887
786.416,1.27159,44.2133,0,84,65,44,2760,10501,5.12848,166,16.9974,0,0,5441,13233284978
428.214,2.33528,44.2133,0,84,65,44,2760,10501,5.12848,166,16.9974,0,0,5441,13235620413
294.558,3.39492,44.2133,0,84,65,44,2760,10501,5.12848,166,16.9974,0,0,5441,13239015729
464.511,2.1528,44.2133,0,84,65,44,2760,10501,5.12848,166,16.9974,0,0,5441,13241168811
202.487,4.93859,44.2133,0,84,65,44,2760,10501,5.12848,166,16.9974,0,0,5441,13246107853
1348.78,0.741409,44.2133,0,84,65,44,2760,10501,5.12848,166,16.9974,0,0,5441,13246849647
255.278,3.9173,44.2133,0,84,65,44,2760,10501,5.12848,166,16.9974,0,0,5441,13250767192
631.553,1.5834,44.2133,0,84,65,44,2760,10501,5.12848,166,16.9974,0,0,5441,13252350948
442.825,2.25823,44.2133,0,84,65,44,2760,10501,5.12848,166,16.9974,0,0,5441,13254609562
274.598,3.64169,44.2133,0,84,65,44,2760,10501,5.12848,166,16.9974,0,0,5441,13258251598
529.816,1.88745,44.2133,0,84,65,44,2760,10501,5.12848,166,16.9974,0,0,5441,13260139499
412.148,2.42631,44.2133,0,84,65,44,2760,10501,5.12848,166,16.9974,0,0,5441,13262565811
357.384,2.79811,44.2133,0,84,65,44,2760,10501,5.12848,166,16.9974,0,0,5441,13265364348
462.492,2.1622,44.2133,0,84,65,44,2760,10501,5.12848,166,16.9974,0,0,5441,13267526824
286.877,3.48581,44.2133,0,84,65,44,2760,10501,5.12848,166,16.9974,0,0,5441,13271012990
411.838,2.42814,44.2133,0,84,65,44,2760,10501,5.12848,166,16.9974,0,0,5441,13273441495
423.737,2.35996,44.2133,0,84,65,44,2760,10501,5.12848,166,16.9974,0,0,5441,13275801911
363.165,2.75357,44.2133,0,84,65,44,2760,10501,5.12848,166,16.9974,0,0,5441,13278555706
291.979,3.4249,44.2133,0,84,65,44,2760,10501,5.12848,166,16.9974,0,0,5441,13281980831
278.125,3.59551,44.2133,0,84,65,44,2760,10501,5.12848,166,16.9974,0,0,5441,13285576837
687.076,1.45544,44.2133,0,84,65,44,2760,10501,5.12848,166,16.9974,0,0,5441,13287032443
350.764,2.85092,44.2133,0,84,65,44,2760,10501,5.12848,166,16.9974,0,0,5441,13289883703
507.295,1.97124,44.2133,0,84,65,44,2760,10501,5.12848,166,16.9974,0,0,5441,13291855289
323.932,3.08707,44.2133,0,84,65,44,2760,10501,5.12848,166,16.9974,0,0,5441,13294942671
407.933,2.45138,44.2133,0,84,65,44,2760,10501,5.12848,166,16.9974,0,0,5441,13297394504
385.443,2.59441,44.2133,0,84,65,44,2760,10501,5.12848,166,16.9974,0,0,5441,13299989130
298.325,3.35205,44.2133,0,84,65,44,2760,10501,5.12848,166,16.9974,0,0,5441,13303341474
359.991,2.77784,44.2133,0,84,65,44,2760,10501,5.12848,166,16.9974,0,0,5441,13306119798
519.946,1.92328,44.2133,0,84,65,44,2760,10501,5.12848,166,16.9974,0,0,5441,13308043315
168.923,5.91985,44.2133,0,84,65,44,2760,10501,5.12848,166,16.9974,0,0,5441,13313963524
468.854,2.13286,44.2133,0,84,65,44,2760,10501,5.12848,166,16.9974,0,0,5441,13316096778
555.448,1.80035,44.2133,0,84,65,44,2760,10501,5.12848,166,16.9974,0,0,5441,13317897474
484.529,2.06386,44.2133,0,84,65,44,2760,10501,5.12848,166,16.9974,0,0,5441,13319961716
311.692,3.2083,44.2133,0,84,65,44,2760,10501,5.12848,166,16.9974,0,0,5441,13323170315
482.894,2.07085,44.2133,0,84,65,44,2760,10501,5.12848,166,16.9974,0,0,5441,13325241750
381.205,2.62326,44.2133,0,84,65,44,2760,10501,5.12848,166,16.9974,0,0,5441,13327865271
305.954,3.26847,44.2133,0,84,65,44,2760,10501,5.12848,166,16.9974,0,0,5441,13331133939
514.959,1.9419,44.2133,0,84,65,44,2760,10501,5.12848,166,16.9974,0,0,5441,13333076264
263.691,3.79231,44.2133,0,84,65,44,2760,10501,5.12848,166,16.9974,0,0,5441,13336868863
248.612,4.02233,44.2133,0,84,65,44,2760,10501,5.12848,166,16.9974,0,0,5441,13340891662
699.357,1.42989,44.2133,0,84,65,44,2760,10501,5.12848,166,16.9974,0,0,5441,13342322008
465.067,2.15023,44.2133,0,84,65,44,2760,10501,5.12848,166,16.9974,0,0,5441,13344472340
383.884,2.60495,44.2133,0,84,65,44,2760,10501,5.12848,166,16.9974,0,0,5441,13347077592
433.738,2.30554,44.2133,0,84,65,44,2760,10501,5.12848,166,16.9974,0,0,5441,13349383506
328.599,3.04323,44.2133,0,84,65,44,2760,10501,5.12848,166,16.9974,0,0,5441,13352427051
397.479,2.51585,44.2133,0,84,65,44,2760,10501,5.12848,166,16.9974,0,0,5441,13354943232
409.271,2.44337,44.2133,0,84,65,44,2760,10501,5.12848,166,16.9974,0,0,5441,13357386920
237.505,4.21043,44.2133,0,84,65,44,2760,10501,5.12848,166,16.9974,0,0,5441,13361597773
636.091,1.5721,44.2133,0,84,65,44,2760,10501,5.12848,166,16.9974,0,0,5441,13363170115
249.521,4.00768,44.2133,0,84,65,44,2760,10501,5.12848,166,16.9974,0,0,5441,13367178298
694.867,1.43912,44.2133,0,84,65,44,2760,10501,5.12848,166,16.9974,0,0,5441,13368617606
216.058,4.6284,44.2133,0,84,65,44,2760,10501,5.12848,166,16.9974,0,0,5441,13373246502
2577.87,0.387917,44.2133,0,84,65,44,2760,10501,5.12848,166,16.9974,0,0,5441,13373634419
396.494,2.5221,44.2133,0,84,65,44,2760,10501,5.12848,166,16.9974,0,0,5441,13376157014
246.295,4.06017,44.2133,0,84,65,44,2760,10501,5.12848,166,16.9974,0,0,5441,13380219901
581.743,1.71897,45.6962,0,85,65,44,2760,10501,5.12848,165,17.003,0,0,5443,13381936863
399.182,2.50512,45.6962,0,85,65,44,2760,10501,5.12848,165,17.003,0,0,5443,13384442255
344.332,2.90418,45.6962,0,85,65,44,2760,10501,5.12848,165,17.003,0,0,5443,13387346958
363.91,2.74793,45.6962,0,85,65,44,2760,10501,5.12848,165,17.003,0,0,5443,13390095195
205.553,4.86492,45.6962,0,85,65,44,2760,10501,5.12848,165,17.003,0,0,5443,13394960696
657.424,1.52109,45.6962,0,85,65,44,2760,10501,5.12848,165,17.003,0,0,5443,13396482007
640.751,1.56067,45.6962,0,85,65,44,2760,10501,5.12848,165,17.003,0,0,5443,13398043050
348.652,2.86819,45.6962,0,85,65,44,2760,10501,5.12848,165,17.003,0,0,5443,13400911598
324.009,3.08633,45.6962,0,85,65,44,2760,10501,5.12848,165,17.003,0,0,5443,13403998269
301.793,3.31353,45.6962,0,85,65,44,2760,10501,5.12848,165,17.003,0,0,5443,13407312391
816.575,1.22463,45.6962,0,85,65,44,2760,10501,5.12848,165,17.003,0,0,5443,13408537249
310.234,3.22338,45.6962,0,85,65,44,2760,10501,5.12848,165,17.003,0,0,5443,13411761050
434.823,2.29979,45.6962,0,85,65,44,2760,10501,5.12848,165,17.003,0,0,5443,13414061070
345.322,2.89585,45.6962,0,85,65,44,2760,10501,5.12848,165,17.003,0,0,5443,13416957091
181.625,5.50586,45.6962,0,85,65,44,2760,10501,5.12848,165,17.003,0,0,5443,13422463440
383.332,2.6087,45.6962,0,85,65,44,2760,10501,5.12848,165,17.003,0,0,5443,13425072595
1447.97,0.69062,45.6962,0,85,65,44,2760,10501,5.12848,165,17.003,0,0,5443,13425763513
517.156,1.93365,45.6962,0,85,65,44,2760,10501,5.12848,165,17.003,0,0,5443,13427697385
381.689,2.61994,45.6962,0,85,65,44,2760,10501,5.12848,165,17.003,0,0,5443,13430317695
346.205,2.88846,45.6962,0,85,65,44,2760,10501,5.12848,165,17.003,0,0,5443,13433206513
365.022,2.73956,45.6962,0,85,65,44,2760,10501,5.12848,165,17.003,0,0,5443,13435946404
391.677,2.55312,45.6962,0,85,65,44,2760,10501,5.12848,165,17.003,0,0,5443,13438500221
347.675,2.87625,45.6962,0,85,65,44,2760,10501,5.12848,165,17.003,0,0,5443,13441376779
394.546,2.53456,45.6962,0,85,65,44,2760,10501,5.12848,165,17.003,0,0,5443,13443911528
161.288,6.20009,45.6962,0,85,65,44,2760,10501,5.12848,165,17.003,0,0,5443,13450112131
514.261,1.94454,45.6962,0,85,65,44,2760,10501,5.12848,165,17.003,0,0,5443,13452057033
504.213,1.98329,45.6962,0,85,65,44,2760,10501,5.12848,165,17.003,0,0,5443,13454040475
339.056,2.94937,45.6962,0,85,65,44,2760,10501,5.12848,165,17.003,0,0,5443,13456990382
385.042,2.59712,45.6962,0,85,65,44,2760,10501,5.12848,165,17.003,0,0,5443,13459587777
240.149,4.16408,45.6962,0,85,65,44,2760,10501,5.12848,165,17.003,0,0,5443,13463752177
534.98,1.86923,45.6962,0,85,65,44,2760,10501,5.12848,165,17.003,0,0,5443,13465621798
241.905,4.13385,45.6962,0,85,65,44,2760,10501,5.12848,165,17.003,0,0,5443,13469756082
574.525,1.74057,45.6962,0,85,65,44,2760,10501,5.12848,165,17.003,0,0,5443,13471496977
763.697,1.30942,45.6962,0,85,65,44,2760,10501,5.12848,165,17.003,0,0,5443,13472806531
187.788,5.32516,45.6962,0,85,65,44,2760,10501,5.12848,165,17.003,0,0,5443,13478132277
284.068,3.52028,45.6962,0,85,65,44,2760,10501,5.12848,165,17.003,0,0,5443,13481652848
676.361,1.4785,45.6962,0,85,65,44,2760,10501,5.12848,165,17.003,0,0,5443,13483131619
711.934,1.40462,45.6962,0,85,65,44,2760,10501,5.12848,165,17.003,0,0,5443,13484536753
355.387,2.81383,45.6962,0,85,65,44,2760,10501,5.12848,165,17.003,0,0,5443,13487350732
367.65,2.71998,45.6962,0,85,65,44,2760,10501,5.12848,165,17.003,0,0,5443,13490071045
375.17,2.66546,45.6962,0,85,65,44,2760,10501,5.12848,165,17.003,0,0,5443,13492736808
403.803,2.47646,45.6962,0,85,65,44,2760,10501,5.12848,165,17.003,0,0,5443,13495213564
348.18,2.87208,45.6962,0,85,65,44,2760,10501,5.12848,165,17.003,0,0,5443,13498085863
502.554,1.98984,45.6962,0,85,65,44,2760,10501,5.12848,165,17.003,0,0,5443,13500076046
250.669,3.98932,45.6962,0,85,65,44,2760,10501,5.12848,165,17.003,0,0,5443,13504065757
572.139,1.74783,45.6962,0,85,65,44,2760,10501,5.12848,165,17.003,0,0,5443,13505814037
346.955,2.88222,45.6962,0,85,65,44,2760,10501,5.12848,165,17.003,0,0,5443,13508696384
301.758,3.31392,45.6962,0,85,65,44,2760,10501,5.12848,165,17.003,0,0,5443,13512010669
324.215,3.08437,45.6962,0,85,65,44,2760,10501,5.12848,165,17.003,0,0,5443,13515095359
261.715,3.82096,45.6962,0,85,65,44,2760,10501,5.12848,165,17.003,0,0,5443,13518917575
790.121,1.26563,45.6962,0,85,65,44,2760,10501,5.12848,165,17.003,0,0,5443,13520183512
543.721,1.83918,45.6962,0,85,65,44,2760,10501,5.12848,165,17.003,0,0,5443,13522022920
399.139,2.50539,45.6962,0,85,65,44,2760,10501,5.12848,165,17.003,0,0,5443,13524528725
215.888,4.63202,45.6962,0,85,65,44,2760,10501,5.12848,165,17.003,0,0,5443,13529161160
346.973,2.88207,45.6962,0,85,65,44,2760,10501,5.12848,165,17.003,0,0,5443,13532043450
398.512,2.50933,45.6962,0,85,65,44,2760,10501,5.12848,165,17.003,0,0,5443,13534553246
624.394,1.60155,45.6962,0,85,65,44,2760,10501,5.12848,165,17.003,0,0,5443,13536155011
527.604,1.89536,45.6962,0,85,65,44,2760,10501,5.12848,165,17.003,0,0,5443,13538050710
400.808,2.49496,45.6962,0,85,65,44,2760,10501,5.12848,165,17.003,0,0,5443,13540546131
281.282,3.55515,45.6962,0,85,65,44,2760,10501,5.12848,165,17.003,0,0,5443,13544101664
469.953,2.12787,45.6962,0,85,65,44,2760,10501,5.12848,165,17.003,0,0,5443,13546229851
301.195,3.32011,45.6962,0,85,65,44,2760,10501,5.12848,165,17.003,0,0,5443,13549550347
628.928,1.59001,45.6962,0,85,65,44,2760,10501,5.12848,165,17.003,0,0,5443,13551140555
363.026,2.75462,45.6962,0,85,65,44,2760,10501,5.12848,165,17.003,0,0,5443,13553895532
187.505,5.33319,45.6962,0,85,65,44,2760,10501,5.12848,165,17.003,0,0,5443,13559229020
467.877,2.13731,45.6962,0,85,65,44,2760,10501,5.12848,165,17.003,0,0,5443,13561366669
627.479,1.59368,45.6962,0,85,65,44,2760,10501,5.12848,165,17.003,0,0,5443,13562960665
339.146,2.94858,45.6962,0,85,65,44,2760,10501,5.12848,165,17.003,0,0,5443,13565909572
499.309,2.00277,45.6962,0,85,65,44,2760,10501,5.12848,165,17.003,0,0,5443,13567912639
445.055,2.24691,45.6962,0,85,65,44,2760,10501,5.12848,165,17.003,0,0,5443,13570160100
328.523,3.04393,45.6962,0,85,65,44,2760,10501,5.12848,165,17.003,0,0,5443,13573204193
289.398,3.45544,45.6962,0,85,65,44,2760,10501,5.12848,165,17.003,0,0,5443,13576659924
430.447,2.32316,45.6962,0,85,65,44,2760,10501,5.12848,165,17.003,0,0,5443,13578983339
482.694,2.07171,45.6962,0,85,65,44,2760,10501,5.12848,165,17.003,0,0,5443,13581055428
385.513,2.59394,45.6962,0,85,65,44,2760,10501,5.12848,165,17.003,0,0,5443,13583649564
306.526,3.26237,45.6962,0,85,65,44,2760,10501,5.12848,165,17.003,0,0,5443,13586912299
375.065,2.6662,45.6962,0,85,65,44,2760,10501,5.12848,165,17.003,0,0,5443,13589578850
382.281,2.61588,45.6962,0,85,65,44,2760,10501,5.12848,165,17.003,0,0,5443,13592195034
233.249,4.28727,45.6962,0,85,65,44,2760,10501,5.12848,165,17.003,0,0,5443,13596482746
1870.61,0.534585,45.6962,0,85,65,44,2760,10501,5.12848,165,17.003,0,0,5443,13597017716
351.599,2.84415,45.6962,0,85,65,44,2760,10501,5.12848,165,17.003,0,0,5443,13599862264
320.217,3.12288,45.6962,0,85,65,44,2760,10501,5.12848,165,17.003,0,0,5443,13602985321
353.345,2.8301,45.6962,0,85,65,44,2760,10501,5.12848,165,17.003,0,0,5443,13605815734
392.585,2.54722,45.6962,0,85,65,44,2760,10501,5.12848,165,17.003,0,0,5443,13608363291
233.795,4.27726,45.6962,0,85,65,44,2760,10501,5.12848,165,17.003,0,0,5443,13612641041
303.577,3.29405,45.6962,0,85,65,44,2760,10501,5.12848,165,17.003,0,0,5443,13615935469
2622.99,0.381244,45.6962,0,85,65,44,2760,10501,5.12848,165,17.003,0,0,5443,13616316482
404.432,2.4726,45.6962,0,85,65,44,2760,10501,5.12848,165,17.003,0,0,5443,13618789671
188.878,5.29442,45.6962,0,85,65,44,2760,10501,5.12848,165,17.003,0,0,5443,13624084551
2099.03,0.476411,45.6962,0,85,65,44,2760,10501,5.12848,165,17.003,0,0,5443,13624561077
440.902,2.26808,45.6962,0,85,65,44,2760,10501,5.12848,165,17.003,0,0,5443,13626829490
360.676,2.77257,45.6962,0,85,65,44,2760,10501,5.12848,165,17.003,0,0,5443,13629602382
376.172,2.65836,45.6962,0,85,65,44,2760,10501,5.12848,165,17.003,0,0,5443,13632261298
301.389,3.31797,45.6962,0,85,65,44,2760,10501,5.12848,165,17.003,0,0,5443,13635579621
190.852,5.23966,45.6962,0,85,65,44,2760,10501,5.12848,165,17.003,0,0,5443,13640831289
1869.53,0.534893,45.6962,0,85,65,44,2760,10501,5.12848,165,17.003,0,0,5443,13641354643
517.97,1.93061,45.6962,0,85,65,44,2760,10501,5.12848,165,17.003,0,0,5443,13643285583
376.066,2.65911,45.6962,0,85,65,44,2760,10501,5.12848,165,17.003,0,0,5443,13645945153
362.874,2.75578,45.6962,0,85,65,44,2760,10501,5.12848,165,17.003,0,0,5443,13648701217
379.389,2.63582,45.6962,0,85,65,44,2760,10501,5.12848,165,17.003,0,0,5443,13651337229
190.768,5.24196,45.6962,0,85,65,44,2760,10501,5.12848,165,17.003,0,0,5443,13656579771
2131.51,0.46915,45.6962,0,85,65,44,2760,10501,5.12848,165,17.003,0,0,5443,13657048797
349.374,2.86226,45.6962,0,85,65,44,2760,10501,5.12848,165,17.003,0,0,5443,13659911566
282.42,3.54083,45.6962,0,85,65,44,2760,10501,5.12848,165,17.003,0,0,5443,13663452695
282.626,3.53824,45.6962,0,85,65,44,2760,10501,5.12848,165,17.003,0,0,5443,13666991305
303.258,3.29752,45.6962,0,85,65,44,2760,10501,5.12848,165,17.003,0,0,5443,13670289003
580.117,1.72379,45.6962,0,85,65,44,2760,10501,5.12848,165,17.003,0,0,5443,13672013272
309.007,3.23618,45.6962,0,85,65,44,2760,10501,5.12848,165,17.003,0,0,5443,13675249853
1141.2,0.87627,45.6962,0,85,65,44,2760,10501,5.12848,165,17.003,0,0,5443,13676126392
365.783,2.73386,45.6962,0,85,65,44,2760,10501,5.12848,165,17.003,0,0,5443,13678860763
396.117,2.52451,45.6962,0,85,65,44,2760,10501,5.12848,165,17.003,0,0,5443,13681385444
335.279,2.98259,45.6962,0,85,65,44,2760,10501,5.12848,165,17.003,0,0,5443,13684368458
240.708,4.15441,45.6962,0,85,65,44,2760,10501,5.12848,165,17.003,0,0,5443,13688523406
1005.02,0.995005,45.6962,0,85,65,44,2760,10501,5.12848,165,17.003,0,0,5443,13689518660
402.387,2.48517,45.6962,0,85,65,44,2760,10501,5.12848,165,17.003,0,0,5443,13692004081
369.566,2.70588,45.6962,0,85,65,44,2760,10501,5.12848,165,17.003,0,0,5443,13694710278
397.426,2.51619,45.6962,0,85,65,44,2760,10501,5.12848,165,17.003,0,0,5443,13697226785
406.201,2.46183,45.6962,0,85,65,44,2760,10501,5.12848,165,17.003,0,0,5443,13699689041
333.358,2.99977,45.6962,0,85,65,44,2760,10501,5.12848,165,17.003,0,0,5443,13702688998
220.501,4.53512,45.6962,0,85,65,44,2760,10501,5.12848,165,17.003,0,0,5443,13707224449
951.191,1.05131,45.6962,0,85,65,44,2760,10501,5.12848,165,17.003,0,0,5443,13708275754
369.798,2.70418,45.6962,0,85,65,44,2760,10501,5.12848,165,17.003,0,0,5443,13710980393
405.845,2.464,45.6962,0,85,65,44,2760,10501,5.12848,165,17.003,0,0,5443,13713444813
425.431,2.35056,45.6962,0,85,65,44,2760,10501,5.12848,165,17.003,0,0,5443,13715795555
236.803,4.22291,45.6962,0,85,65,44,2760,10501,5.12848,165,17.003,0,0,5443,13720018986
690.529,1.44817,45.6962,0,85,65,44,2760,10501,5.12848,165,17.003,0,0,5443,13721467266
371.314,2.69314,45.6962,0,85,65,44,2760,10501,5.12848,165,17.003,0,0,5443,13724160933
329.295,3.03679,45.6962,0,85,65,44,2760,10501,5.12848,165,17.003,0,0,5443,13727197997
311.336,3.21196,45.6962,0,85,65,44,2760,10501,5.12848,165,17.003,0,0,5443,13730410452
610.434,1.63818,45.6962,0,85,65,44,2760,10501,5.12848,165,17.003,0,0,5443,13732048767
255.688,3.91102,45.6962,0,85,65,44,2760,10501,5.12848,165,17.003,0,0,5443,13735960158
639.916,1.56271,45.6962,0,85,65,44,2760,10501,5.12848,165,17.003,0,0,5443,13737523191
311.88,3.20636,45.6962,0,85,65,44,2760,10501,5.12848,165,17.003,0,0,5443,13740729838
238.607,4.191,45.6962,0,85,65,44,2760,10501,5.12848,165,17.003,0,0,5443,13744921383
492.319,2.0312,45.6962,0,85,65,44,2760,10501,5.12848,165,17.003,0,0,5443,13746952788
418.821,2.38766,45.6962,0,85,65,44,2760,10501,5.12848,165,17.003,0,0,5443,13749340705
392.099,2.55037,45.6962,0,85,65,44,2760,10501,5.12848,165,17.003,0,0,5443,13751891791
503.116,1.98761,45.6962,0,85,65,44,2760,10501,5.12848,165,17.003,0,0,5443,13753879521
353.516,2.82873,45.6962,0,85,65,44,2760,10501,5.12848,165,17.003,0,0,5443,13756708665
364.149,2.74613,45.6962,0,85,65,44,2760,10501,5.12848,165,17.003,0,0,5443,13759455007
351.92,2.84156,45.6962,0,85,65,44,2760,10501,5.12848,165,17.003,0,0,5443,13762296978
366.679,2.72718,45.6962,0,85,65,44,2760,10501,5.12848,165,17.003,0,0,5443,13765024455
361.893,2.76325,45.6962,0,85,65,44,2760,10501,5.12848,165,17.003,0,0,5443,13767787981
409.825,2.44006,45.6962,0,85,65,44,2760,10501,5.12848,165,17.003,0,0,5443,13770228544
185.499,5.39087,45.6962,0,85,65,44,2760,10501,5.12848,165,17.003,0,0,5443,13775619706
1693.76,0.590404,45.6962,0,85,65,44,2760,10501,5.12848,165,17.003,0,0,5443,13776210697
454.014,2.20257,45.6962,0,85,65,44,2760,10501,5.12848,165,17.003,0,0,5443,13778413473
388.693,2.57272,45.6962,0,85,65,44,2760,10501,5.12848,165,17.003,0,0,5443,13780986541
243.164,4.11245,45.6962,0,85,65,44,2760,10501,5.12848,165,17.003,0,0,5443,13785099391
494.428,2.02254,45.6962,0,85,65,44,2760,10501,5.12848,165,17.003,0,0,5443,13787122190
327.585,3.05264,45.6962,0,85,65,44,2760,10501,5.12848,165,17.003,0,0,5443,13790175120
562.876,1.77659,45.6962,0,85,65,44,2760,10501,5.12848,165,17.003,0,0,5443,13791952064
359.829,2.77909,45.6962,0,85,65,44,2760,10501,5.12848,165,17.003,0,0,5443,13794731465
300.549,3.32725,45.6962,0,85,65,44,2760,10501,5.12848,165,17.003,0,0,5443,13798059039
333.462,2.99884,45.6962,0,85,65,44,2760,10501,5.12848,165,17.003,0,0,5443,13801058207
468.132,2.13615,45.6962,0,85,65,44,2760,10501,5.12848,165,17.003,0,0,5443,13803194789
393.003,2.54451,45.6962,0,85,65,44,2760,10501,5.12848,165,17.003,0,0,5443,13805739615
432.942,2.30978,45.6962,0,85,65,44,2760,10501,5.12848,165,17.003,0,0,5443,13808049674
348.49,2.86952,45.6962,0,85,65,44,2760,10501,5.12848,165,17.003,0,0,5443,13810919521
390.904,2.55817,45.6962,0,85,65,44,2760,10501,5.12848,165,17.003,0,0,5443,13813478011
283.317,3.52961,45.6962,0,85,65,44,2760,10501,5.12848,165,17.003,0,0,5443,13817007976
488.767,2.04596,45.6962,0,85,65,44,2760,10501,5.12848,165,17.003,0,0,5443,13819054295
400.929,2.49421,45.6962,0,85,65,44,2760,10501,5.12848,165,17.003,0,0,5443,13821548821
315.939,3.16516,45.6962,0,85,65,44,2760,10501,5.12848,165,17.003,0,0,5443,13824714303
257.722,3.88015,45.6962,0,85,65,44,2760,10501,5.12848,165,17.003,0,0,5443,13828594732
559.608,1.78696,45.6962,0,85,65,44,2760,10501,5.12848,165,17.003,0,0,5443,13830382196
575.237,1.73841,45.6962,0,85,65,44,2760,10501,5.12848,165,17.003,0,0,5443,13832120841
202.81,4.93072,45.6962,0,85,65,44,2760,10501,5.12848,165,17.003,0,0,5443,13837052103
502.12,1.99156,45.6962,0,85,65,44,2760,10501,5.12848,165,17.003,0,0,5443,13839043853
593.662,1.68446,45.6962,0,85,65,44,2760,10501,5.12848,165,17.003,0,0,5443,13840728640
382.36,2.61534,45.6962,0,85,65,44,2760,10501,5.12848,165,17.003,0,0,5443,13843344305
371.578,2.69123,45.6962,0,85,65,44,2760,10501,5.12848,165,17.003,0,0,5443,13846035839
327.493,3.0535,45.6962,0,85,65,44,2760,10501,5.12848,165,17.003,0,0,5443,13849089855
450.5,2.21976,45.6962,0,85,65,44,2760,10501,5.12848,165,17.003,0,0,5443,13851310084
243.866,4.10061,45.6962,0,85,65,44,2760,10501,5.12848,165,17.003,0,0,5443,13855411097
532.916,1.87647,45.6962,0,85,65,44,2760,10501,5.12848,165,17.003,0,0,5443,13857287823
465.942,2.14619,45.6962,0,85,65,44,2760,10501,5.12848,165,17.003,0,0,5443,13859434328
339.785,2.94304,45.6962,0,85,65,44,2760,10501,5.12848,165,17.003,0,0,5443,13862377678
335.141,2.98382,45.6962,0,85,65,44,2760,10501,5.12848,165,17.003,0,0,5443,13865361807
533.493,1.87444,45.6962,0,85,65,44,2760,10501,5.12848,165,17.003,0,0,5443,13867236572
357.359,2.79831,45.6962,0,85,65,44,2760,10501,5.12848,165,17.003,0,0,5443,13870035205
311.929,3.20586,45.6962,0,85,65,44,2760,10501,5.12848,165,17.003,0,0,5443,13873241476
415.453,2.40701,45.6962,0,85,65,44,2760,10501,5.12848,165,17.003,0,0,5443,13875648750
365.437,2.73645,45.6962,0,85,65,44,2760,10501,5.12848,165,17.003,0,0,5443,13878385486
245.149,4.07915,45.6962,0,85,65,44,2760,10501,5.12848,165,17.003,0,0,5443,13882495519
260.167,3.84368,45.5006,0,86,65,44,2760,10501,5.12848,165,17.0046,0,0,5443,13886308984
1415.63,0.706399,45.5006,0,86,65,44,2760,10501,5.12848,165,17.0046,0,0,5443,13887015816
340.977,2.93275,45.5006,0,86,65,44,2760,10501,5.12848,165,17.0046,0,0,5443,13889948972
497.977,2.00813,45.5006,0,86,65,44,2760,10501,5.12848,165,17.0046,0,0,5443,13891957251
476.652,2.09797,45.5006,0,86,65,44,2760,10501,5.12848,165,17.0046,0,0,5443,13894055524
260.017,3.8459,45.5006,0,86,65,44,2760,10501,5.12848,165,17.0046,0,0,5443,13897902009
759.981,1.31582,45.5006,0,86,65,44,2760,10501,5.12848,165,17.0046,0,0,5443,13899218063
359.969,2.77802,45.5006,0,86,65,44,2760,10501,5.12848,165,17.0046,0,0,5443,13901996359
388.067,2.57687,45.5006,0,86,65,44,2760,10501,5.12848,165,17.0046,0,0,5443,13904573571
199.329,5.01683,45.5006,0,86,65,44,2760,10501,5.12848,165,17.0046,0,0,5443,13909590884
352.721,2.8351,45.5006,0,86,65,44,2760,10501,5.12848,165,17.0046,0,0,5443,13912426451
364.209,2.74568,45.5006,0,86,65,44,2760,10501,5.12848,165,17.0046,0,0,5443,13915172236
473.95,2.10993,45.5006,0,86,65,44,2760,10501,5.12848,165,17.0046,0,0,5443,13917282403
1199.3,0.833817,45.5006,0,86,65,44,2760,10501,5.12848,165,17.0046,0,0,5443,13918116671
358.559,2.78894,45.5006,0,86,65,44,2760,10501,5.12848,165,17.0046,0,0,5443,13920905871
306.04,3.26754,45.5006,0,86,65,44,2760,10501,5.12848,165,17.0046,0,0,5443,13924173972
421.585,2.372,45.5006,0,86,65,44,2760,10501,5.12848,165,17.0046,0,0,5443,13926546205
371.22,2.69382,45.5006,0,86,65,44,2760,10501,5.12848,165,17.0046,0,0,5443,13929240277
517.39,1.93278,45.5006,0,86,65,44,2760,10501,5.12848,165,17.0046,0,0,5443,13931173313
263.217,3.79915,45.5006,0,86,65,44,2760,10501,5.12848,165,17.0046,0,0,5443,13934972826
488.056,2.04894,45.5006,0,86,65,44,2760,10501,5.12848,165,17.0046,0,0,5443,13937022135
369.463,2.70663,45.5006,0,86,65,44,2760,10501,5.12848,165,17.0046,0,0,5443,13939729073
494.158,2.02364,45.5006,0,86,65,44,2760,10501,5.12848,165,17.0046,0,0,5443,13941752977
345.113,2.8976,45.5006,0,86,65,44,2760,10501,5.12848,165,17.0046,0,0,5443,13944650873
364.771,2.74145,45.5006,0,86,65,44,2760,10501,5.12848,165,17.0046,0,0,5443,13947392629
348.854,2.86653,45.5006,0,86,65,44,2760,10501,5.12848,165,17.0046,0,0,5443,13950259476
328.974,3.03976,45.5006,0,86,65,44,2760,10501,5.12848,165,17.0046,0,0,5443,13953299530
202.309,4.94293,45.5006,0,86,65,44,2760,10501,5.12848,165,17.0046,0,0,5443,13958242850
939.563,1.06432,45.5006,0,86,65,44,2760,10501,5.12848,165,17.0046,0,0,5443,13959307386
740.948,1.34962,45.5006,0,86,65,44,2760,10501,5.12848,165,17.0046,0,0,5443,13960657365
219.24,4.5612,45.5006,0,86,65,44,2760,10501,5.12848,165,17.0046,0,0,5443,13965218999
594.735,1.68142,45.5006,0,86,65,44,2760,10501,5.12848,165,17.0046,0,0,5443,13966900661
593.94,1.68367,45.5006,0,86,65,44,2760,10501,5.12848,165,17.0046,0,0,5443,13968584593
208.611,4.79361,45.5006,0,86,65,44,2760,10501,5.12848,165,17.0046,0,0,5443,13973378572
651.305,1.53538,45.5006,0,86,65,44,2760,10501,5.12848,165,17.0046,0,0,5443,13974914306
574.97,1.73922,45.5006,0,86,65,44,2760,10501,5.12848,165,17.0046,0,0,5443,13976653807
284.991,3.50888,45.5006,0,86,65,44,2760,10501,5.12848,165,17.0046,0,0,5443,13980163022
437.969,2.28327,45.5006,0,86,65,44,2760,10501,5.12848,165,17.0046,0,0,5443,13982446618
457.222,2.18712,45.5006,0,86,65,44,2760,10501,5.12848,165,17.0046,0,0,5443,13984634182
404.623,2.47144,45.5006,0,86,65,44,2760,10501,5.12848,165,17.0046,0,0,5443,13987105881
280.403,3.56629,45.5006,0,86,65,44,2760,10501,5.12848,165,17.0046,0,0,5443,13990672588
433.294,2.3079,45.5006,0,86,65,44,2760,10501,5.12848,165,17.0046,0,0,5443,13992980713
382.216,2.61632,45.5006,0,86,65,44,2760,10501,5.12848,165,17.0046,0,0,5443,13995597359
417.296,2.39638,45.5006,0,86,65,44,2760,10501,5.12848,165,17.0046,0,0,5443,13997994315
405.476,2.46624,45.5006,0,86,65,44,2760,10501,5.12848,165,17.0046,0,0,5443,14000460639
379.718,2.63353,45.5006,0,86,65,44,2760,10501,5.12848,165,17.0046,0,0,5443,14003094487
385.921,2.5912,45.5006,0,86,65,44,2760,10501,5.12848,165,17.0046,0,0,5443,14005685997
396.216,2.52387,45.5006,0,86,65,44,2760,10501,5.12848,165,17.0046,0,0,5443,14008210352
189.768,5.2696,45.5006,0,86,65,44,2760,10501,5.12848,165,17.0046,0,0,5443,14013480289
302.146,3.30966,45.5006,0,86,65,44,2760,10501,5.12848,165,17.0046,0,0,5443,14016790227
736.342,1.35807,45.5006,0,86,65,44,2760,10501,5.12848,165,17.0046,0,0,5443,14018148561
509.592,1.96236,45.5006,0,86,65,44,2760,10501,5.12848,165,17.0046,0,0,5443,14020111224
362.463,2.7589,45.5006,0,86,65,44,2760,10501,5.12848,165,17.0046,0,0,5443,14022870423
421.204,2.37415,45.5006,0,86,65,44,2760,10501,5.12848,165,17.0046,0,0,5443,14025244974
329.457,3.0353,45.5006,0,86,65,44,2760,10501,5.12848,165,17.0046,0,0,5443,14028280470
415.114,2.40897,45.5006,0,86,65,44,2760,10501,5.12848,165,17.0046,0,0,5443,14030689840
385.254,2.59569,45.5006,0,86,65,44,2760,10501,5.12848,165,17.0046,0,0,5443,14033285966
315.66,3.16796,45.5006,0,86,65,44,2760,10501,5.12848,165,17.0046,0,0,5443,14036454159
401.748,2.48912,45.5006,0,86,65,44,2760,10501,5.12848,165,17.0046,0,0,5443,14038943676
193.971,5.1554,45.5006,0,86,65,44,2760,10501,5.12848,165,17.0046,0,0,5443,14044099619
536.776,1.86298,45.5006,0,86,65,44,2760,10501,5.12848,165,17.0046,0,0,5443,14045962951
499.404,2.00238,45.5006,0,86,65,44,2760,10501,5.12848,165,17.0046,0,0,5443,14047965509
401.458,2.49092,45.5006,0,86,65,44,2760,10501,5.12848,165,17.0046,0,0,5443,14050456775
332.982,3.00317,45.5006,0,86,65,44,2760,10501,5.12848,165,17.0046,0,0,5443,14053460405
429.484,2.32838,45.5006,0,86,65,44,2760,10501,5.12848,165,17.0046,0,0,5443,14055788993
281.294,3.55501,45.5006,0,86,65,44,2760,10501,5.12848,165,17.0046,0,0,5443,14059344277
354.113,2.82396,45.5006,0,86,65,44,2760,10501,5.12848,165,17.0046,0,0,5443,14062168574
487.532,2.05115,45.5006,0,86,65,44,2760,10501,5.12848,165,17.0046,0,0,5443,14064220095
523.817,1.90907,45.5006,0,86,65,44,2760,10501,5.12848,165,17.0046,0,0,5443,14066129496
239.316,4.17857,45.5006,0,86,65,44,2760,10501,5.12848,165,17.0046,0,0,5443,14070308396
490.409,2.03912,45.5006,0,86,65,44,2760,10501,5.12848,165,17.0046,0,0,5443,14072347840
433.297,2.30789,45.5006,0,86,65,44,2760,10501,5.12848,165,17.0046,0,0,5443,14074656043
357.098,2.80035,45.5006,0,86,65,44,2760,10501,5.12848,165,17.0046,0,0,5443,14077456772
288.8,3.46261,45.5006,0,86,65,44,2760,10501,5.12848,165,17.0046,0,0,5443,14080919696
480.64,2.08056,45.5006,0,86,65,44,2760,10501,5.12848,165,17.0046,0,0,5443,14083000574
446.857,2.23785,45.5006,0,86,65,44,2760,10501,5.12848,165,17.0046,0,0,5443,14085238755
324.01,3.08632,45.5006,0,86,65,44,2760,10501,5.12848,165,17.0046,0,0,5443,14088325369
499.033,2.00388,45.5006,0,86,65,44,2760,10501,5.12848,165,17.0046,0,0,5443,14090329580
368.076,2.71683,45.5006,0,86,65,44,2760,10501,5.12848,165,17.0046,0,0,5443,14093046826
207.166,4.82704,45.5006,0,86,65,44,2760,10501,5.12848,165,17.0046,0,0,5443,14097874335
584.871,1.70978,45.5006,0,86,65,44,2760,10501,5.12848,165,17.0046,0,0,5443,14099584354
558.31,1.79112,45.5006,0,86,65,44,2760,10501,5.12848,165,17.0046,0,0,5443,14101375857
324.425,3.08237,45.5006,0,86,65,44,2760,10501,5.12848,165,17.0046,0,0,5443,14104458682
571.547,1.74964,45.5006,0,86,65,44,2760,10501,5.12848,165,17.0046,0,0,5443,14106208510
346.891,2.88275,45.5006,0,86,65,44,2760,10501,5.12848,165,17.0046,0,0,5443,14109091607
386.139,2.58974,45.5006,0,86,65,44,2760,10501,5.12848,165,17.0046,0,0,5443,14111681838
271.847,3.67854,45.5006,0,86,65,44,2760,10501,5.12848,165,17.0046,0,0,5443,14115360626
609.325,1.64116,45.5006,0,86,65,44,2760,10501,5.12848,165,17.0046,0,0,5443,14117002095
329.836,3.03181,45.5006,0,86,65,44,2760,10501,5.12848,165,17.0046,0,0,5443,14120034245
243.468,4.10731,45.5006,0,86,65,44,2760,10501,5.12848,165,17.0046,0,0,5443,14124141912
616.028,1.6233,45.5006,0,86,65,44,2760,10501,5.12848,165,17.0046,0,0,5443,14125765505
423.413,2.36176,45.5006,0,86,65,44,2760,10501,5.12848,165,17.0046,0,0,5443,14128127595
458.828,2.17947,45.5006,0,86,65,44,2760,10501,5.12848,165,17.0046,0,0,5443,14130307399
381.727,2.61967,45.5006,0,86,65,44,2760,10501,5.12848,165,17.0046,0,0,5443,14132927477
384.607,2.60006,45.5006,0,86,65,44,2760,10501,5.12848,165,17.0046,0,0,5443,14135527777
366.872,2.72575,45.5006,0,86,65,44,2760,10501,5.12848,165,17.0046,0,0,5443,14138253811
339.609,2.94456,45.5006,0,86,65,44,2760,10501,5.12848,165,17.0046,0,0,5443,14141198718
404.354,2.47308,45.5006,0,86,65,44,2760,10501,5.12848,165,17.0046,0,0,5443,14143672128
253.395,3.94641,45.5006,0,86,65,44,2760,10501,5.12848,165,17.0046,0,0,5443,14147619059
222.72,4.48994,45.5006,0,86,65,44,2760,10501,5.12848,165,17.0046,0,0,5443,14152109268
1246.41,0.802306,45.5006,0,86,65,44,2760,10501,5.12848,165,17.0046,0,0,5443,14152911728
374.607,2.66947,45.5006,0,86,65,44,2760,10501,5.12848,165,17.0046,0,0,5443,14155581577
268.388,3.72594,45.5006,0,86,65,44,2760,10501,5.12848,165,17.0046,0,0,5443,14159308011
629.893,1.58757,45.5006,0,86,65,44,2760,10501,5.12848,165,17.0046,0,0,5443,14160895862
263.604,3.79357,45.5006,0,86,65,44,2760,10501,5.12848,165,17.0046,0,0,5443,14164689702
496.268,2.01504,45.5006,0,86,65,44,2760,10501,5.12848,165,17.0046,0,0,5443,14166705077
817.339,1.22348,45.5006,0,86,65,44,2760,10501,5.12848,165,17.0046,0,0,5443,14167928868
364.061,2.74679,45.5006,0,86,65,44,2760,10501,5.12848,165,17.0046,0,0,5443,14170676317
346.894,2.88272,45.5006,0,86,65,44,2760,10501,5.12848,165,17.0046,0,0,5443,14173558924
165.412,6.04552,45.5006,0,86,65,44,2760,10501,5.12848,165,17.0046,0,0,5443,14179605041
318.622,3.13852,45.5006,0,86,65,44,2760,10501,5.12848,165,17.0046,0,0,5443,14182743762
881.386,1.13458,45.5006,0,86,65,44,2760,10501,5.12848,165,17.0046,0,0,5443,14183878675
208.955,4.78573,45.5006,0,86,65,44,2760,10501,5.12848,165,17.0046,0,0,5443,14188664731
661.122,1.51258,45.5006,0,86,65,44,2760,10501,5.12848,165,17.0046,0,0,5443,14190177541
511.595,1.95467,45.5006,0,86,65,44,2760,10501,5.12848,165,17.0046,0,0,5443,14192132598
470.973,2.12326,45.5006,0,86,65,44,2760,10501,5.12848,165,17.0046,0,0,5443,14194256275
349.804,2.85874,45.5006,0,86,65,44,2760,10501,5.12848,165,17.0046,0,0,5443,14197115304
422.108,2.36906,45.5006,0,86,65,44,2760,10501,5.12848,165,17.0046,0,0,5443,14199484615
344.435,2.90331,45.5006,0,86,65,44,2760,10501,5.12848,165,17.0046,0,0,5443,14202388174
298.509,3.34998,45.5006,0,86,65,44,2760,10501,5.12848,165,17.0046,0,0,5443,14205738431
452.084,2.21198,45.5006,0,86,65,44,2760,10501,5.12848,165,17.0046,0,0,5443,14207950852
472.961,2.11434,45.5006,0,86,65,44,2760,10501,5.12848,165,17.0046,0,0,5443,14210065567
355.688,2.81145,45.5006,0,86,65,44,2760,10501,5.12848,165,17.0046,0,0,5443,14212877239
350.765,2.85091,45.5006,0,86,65,44,2760,10501,5.12848,165,17.0046,0,0,5443,14215728566
371.199,2.69398,45.5006,0,86,65,44,2760,10501,5.12848,165,17.0046,0,0,5443,14218422878
311.593,3.20931,45.5006,0,86,65,44,2760,10501,5.12848,165,17.0046,0,0,5443,14221632553
506.485,1.97439,45.5006,0,86,65,44,2760,10501,5.12848,165,17.0046,0,0,5443,14223607466
337.36,2.9642,45.5006,0,86,65,44,2760,10501,5.12848,165,17.0046,0,0,5443,14226571816
387.122,2.58316,45.5006,0,86,65,44,2760,10501,5.12848,165,17.0046,0,0,5443,14229155499
363.273,2.75275,45.5006,0,86,65,44,2760,10501,5.12848,165,17.0046,0,0,5443,14231908486
347.632,2.87661,45.5006,0,86,65,44,2760,10501,5.12848,165,17.0046,0,0,5443,14234785352
366.722,2.72686,45.5006,0,86,65,44,2760,10501,5.12848,165,17.0046,0,0,5443,14237512540
488.82,2.04574,45.5006,0,86,65,44,2760,10501,5.12848,165,17.0046,0,0,5443,14239558561
362.461,2.75892,45.5006,0,86,65,44,2760,10501,5.12848,165,17.0046,0,0,5443,14242317721
317.219,3.15239,45.5006,0,86,65,44,2760,10501,5.12848,165,17.0046,0,0,5443,14245470568
439.518,2.27522,45.5006,0,86,65,44,2760,10501,5.12848,165,17.0046,0,0,5443,14247746020
379.908,2.63221,45.5006,0,86,65,44,2760,10501,5.12848,165,17.0046,0,0,5443,14250378589
330.537,3.02538,45.5006,0,86,65,44,2760,10501,5.12848,165,17.0046,0,0,5443,14253404239
353.583,2.82819,45.5006,0,86,65,44,2760,10501,5.12848,165,17.0046,0,0,5443,14256232767
323.067,3.09534,45.5006,0,86,65,44,2760,10501,5.12848,165,17.0046,0,0,5443,14259328622
510.778,1.9578,45.5006,0,86,65,44,2760,10501,5.12848,165,17.0046,0,0,5443,14261286803
419.231,2.38532,45.5006,0,86,65,44,2760,10501,5.12848,165,17.0046,0,0,5443,14263672249
335.717,2.9787,45.5006,0,86,65,44,2760,10501,5.12848,165,17.0046,0,0,5443,14266651599
372.279,2.68616,45.5006,0,86,65,44,2760,10501,5.12848,165,17.0046,0,0,5443,14269337786
357.288,2.79886,45.5006,0,86,65,44,2760,10501,5.12848,165,17.0046,0,0,5443,14272136947
371.036,2.69516,45.5006,0,86,65,44,2760,10501,5.12848,165,17.0046,0,0,5443,14274832557
361.685,2.76483,45.5006,0,86,65,44,2760,10501,5.12848,165,17.0046,0,0,5443,14277597747
370.562,2.6986,45.5006,0,86,65,44,2760,10501,5.12848,165,17.0046,0,0,5443,14280296530
411.885,2.42786,45.5006,0,86,65,44,2760,10501,5.12848,165,17.0046,0,0,5443,14282724881
306.259,3.26521,45.5006,0,86,65,44,2760,10501,5.12848,165,17.0046,0,0,5443,14285990280
373.28,2.67896,45.5006,0,86,65,44,2760,10501,5.12848,165,17.0046,0,0,5443,14288669591
500.277,1.99889,45.5006,0,86,65,44,2760,10501,5.12848,165,17.0046,0,0,5443,14290668755
332.439,3.00807,45.5006,0,86,65,44,2760,10501,5.12848,165,17.0046,0,0,5443,14293677212
412.899,2.4219,45.5006,0,86,65,44,2760,10501,5.12848,165,17.0046,0,0,5443,14296099418
401.076,2.4933,45.5006,0,86,65,44,2760,10501,5.12848,165,17.0046,0,0,5443,14298593022
371.484,2.69191,45.5006,0,86,65,44,2760,10501,5.12848,165,17.0046,0,0,5443,14301285218
366.2,2.73075,45.5006,0,86,65,44,2760,10501,5.12848,165,17.0046,0,0,5443,14304016474
364.433,2.74399,45.5006,0,86,65,44,2760,10501,5.12848,165,17.0046,0,0,5443,14306760883
337.999,2.95859,45.5006,0,86,65,44,2760,10501,5.12848,165,17.0046,0,0,5443,14309719724
287.498,3.47829,45.5006,0,86,65,44,2760,10501,5.12848,165,17.0046,0,0,5443,14313198379
475.178,2.10448,45.5006,0,86,65,44,2760,10501,5.12848,165,17.0046,0,0,5443,14315302960
495.923,2.01644,45.5006,0,86,65,44,2760,10501,5.12848,165,17.0046,0,0,5443,14317319710
329.378,3.03603,45.5006,0,86,65,44,2760,10501,5.12848,165,17.0046,0,0,5443,14320355995
405.37,2.46688,45.5006,0,86,65,44,2760,10501,5.12848,165,17.0046,0,0,5443,14322823146
386.738,2.58573,45.5006,0,86,65,44,2760,10501,5.12848,165,17.0046,0,0,5443,14325409271
391.957,2.5513,45.5006,0,86,65,44,2760,10501,5.12848,165,17.0046,0,0,5443,14327960886
359.562,2.78116,45.5006,0,86,65,44,2760,10501,5.12848,165,17.0046,0,0,5443,14330742538
253.776,3.94048,45.5006,0,86,65,44,2760,10501,5.12848,165,17.0046,0,0,5443,14334683247
438.024,2.28298,45.5006,0,86,65,44,2760,10501,5.12848,165,17.0046,0,0,5443,14336966555
342.195,2.92231,45.5006,0,86,65,44,2760,10501,5.12848,165,17.0046,0,0,5443,14339889173
509.405,1.96308,45.5006,0,86,65,44,2760,10501,5.12848,165,17.0046,0,0,5443,14341852556
335.183,2.98345,45.5006,0,86,65,44,2760,10501,5.12848,165,17.0046,0,0,5443,14344897919
601.877,1.66147,45.5006,0,86,65,44,2760,10501,5.12848,165,17.0046,0,0,5443,14346498174
349.067,2.86478,45.5006,0,86,65,44,2760,10501,5.12848,165,17.0046,0,0,5443,14349363309
374.868,2.66761,45.5006,0,86,65,44,2760,10501,5.12848,165,17.0046,0,0,5443,14352031178
360.704,2.77235,45.5006,0,86,65,44,2760,10501,5.12848,165,17.0046,0,0,5443,14354803897
278.9,3.58552,45.5006,0,86,65,44,2760,10501,5.12848,165,17.0046,0,0,5443,14358389921
484.579,2.06365,45.5006,0,86,65,44,2760,10501,5.12848,165,17.0046,0,0,5443,14360453702
508.513,1.96652,45.5006,0,86,65,44,2760,10501,5.12848,165,17.0046,0,0,5443,14362420442
180.174,5.55018,45.5006,0,86,65,44,2760,10501,5.12848,165,17.0046,0,0,5443,14367970985
997.358,1.00265,45.5006,0,86,65,44,2760,10501,5.12848,165,17.0046,0,0,5443,14368974066
476.379,2.09917,45.5006,0,86,65,44,2760,10501,5.12848,165,17.0046,0,0,5443,14371073579
382.802,2.61232,45.5006,0,86,65,44,2760,10501,5.12848,165,17.0046,0,0,5443,14373686206
341.228,2.93059,45.5006,0,86,65,44,2760,10501,5.12848,165,17.0046,0,0,5443,14376617103
427.443,2.33949,45.5006,0,86,65,44,2760,10501,5.12848,165,17.0046,0,0,5443,14378956941
331.779,3.01405,45.5006,0,86,65,44,2760,10501,5.12848,165,17.0046,0,0,5443,14381971226
455.372,2.19601,45.5006,0,86,65,44,2760,10501,5.12848,165,17.0046,0,0,5443,14384170088
330.974,3.02138,44.7301,0,85,65,44,2760,10501,5.12848,165,17.0091,0,0,5435,14387189353
322.338,3.10233,44.7301,0,85,65,44,2760,10501,5.12848,165,17.0091,0,0,5435,14390292016
252.862,3.95473,44.7301,0,85,65,44,2760,10501,5.12848,165,17.0091,0,0,5435,14394247245
939.724,1.06414,44.7301,0,85,65,44,2760,10501,5.12848,165,17.0091,0,0,5435,14395311550
342.916,2.91617,44.7301,0,85,65,44,2760,10501,5.12848,165,17.0091,0,0,5435,14398228023
401.871,2.48836,44.7301,0,85,65,44,2760,10501,5.12848,165,17.0091,0,0,5435,14400716703
220.166,4.54202,44.7301,0,85,65,44,2760,10501,5.12848,165,17.0091,0,0,5435,14405259241
315.029,3.17431,44.7301,0,85,65,44,2760,10501,5.12848,165,17.0091,0,0,5435,14408433963
1226.53,0.815306,44.7301,0,85,65,44,2760,10501,5.12848,165,17.0091,0,0,5435,14409249472
523.09,1.91172,44.7301,0,85,65,44,2760,10501,5.12848,165,17.0091,0,0,5435,14411161498
318.563,3.1391,44.7301,0,85,65,44,2760,10501,5.12848,165,17.0091,0,0,5435,14414300950
378.975,2.6387,44.7301,0,85,65,44,2760,10501,5.12848,165,17.0091,0,0,5435,14416939981
213.512,4.68358,44.7301,0,85,65,44,2760,10501,5.12848,165,17.0091,0,0,5435,14421623927
721.752,1.38552,44.7301,0,85,65,44,2760,10501,5.12848,165,17.0091,0,0,5435,14423009743
383.413,2.60816,44.7301,0,85,65,44,2760,10501,5.12848,165,17.0091,0,0,5435,14425618196
479.465,2.08566,44.7301,0,85,65,44,2760,10501,5.12848,165,17.0091,0,0,5435,14427704171
345.978,2.89036,44.7301,0,85,65,44,2760,10501,5.12848,165,17.0091,0,0,5435,14430594835
373.563,2.67693,44.7301,0,85,65,44,2760,10501,5.12848,165,17.0091,0,0,5435,14433272224
186.12,5.37286,44.7301,0,85,65,44,2760,10501,5.12848,165,17.0091,0,0,5435,14438645395
951.034,1.05149,44.7301,0,85,65,44,2760,10501,5.12848,165,17.0091,0,0,5435,14439697219
592.343,1.68821,44.7301,0,85,65,44,2760,10501,5.12848,165,17.0091,0,0,5435,14441385795
189.408,5.2796,44.7301,0,85,65,44,2760,10501,5.12848,165,17.0091,0,0,5435,14446666031
426.416,2.34513,44.7301,0,85,65,44,2760,10501,5.12848,165,17.0091,0,0,5435,14449011398
534.003,1.87265,44.7301,0,85,65,44,2760,10501,5.12848,165,17.0091,0,0,5435,14450884211
240.25,4.16232,44.7301,0,85,65,44,2760,10501,5.12848,165,17.0091,0,0,5435,14455046919
1022.72,0.977783,44.7301,0,85,65,44,2760,10501,5.12848,165,17.0091,0,0,5435,14456025029
471.552,2.12066,44.7301,0,85,65,44,2760,10501,5.12848,165,17.0091,0,0,5435,14458146091
350.803,2.85061,44.7301,0,85,65,44,2760,10501,5.12848,165,17.0091,0,0,5435,14460996879
294.742,3.3928,44.7301,0,85,65,44,2760,10501,5.12848,165,17.0091,0,0,5435,14464390003
441.908,2.26291,44.7301,0,85,65,44,2760,10501,5.12848,165,17.0091,0,0,5435,14466653281
487.155,2.05273,44.7301,0,85,65,44,2760,10501,5.12848,165,17.0091,0,0,5435,14468706302
325.961,3.06785,44.7301,0,85,65,44,2760,10501,5.12848,165,17.0091,0,0,5435,14471774483
227.246,4.40052,44.7301,0,85,65,44,2760,10501,5.12848,165,17.0091,0,0,5435,14476175448
567.499,1.76212,44.7301,0,85,65,44,2760,10501,5.12848,165,17.0091,0,0,5435,14477937892
565.7,1.76772,44.7301,0,85,65,44,2760,10501,5.12848,165,17.0091,0,0,5435,14479705827
362.838,2.75605,44.7301,0,85,65,44,2760,10501,5.12848,165,17.0091,0,0,5435,14482462208
410.202,2.43782,44.7301,0,85,65,44,2760,10501,5.12848,165,17.0091,0,0,5435,14484900271
357.174,2.79976,44.7301,0,85,65,44,2760,10501,5.12848,165,17.0091,0,0,5435,14487700365
224.005,4.46418,44.7301,0,85,65,44,2760,10501,5.12848,165,17.0091,0,0,5435,14492164977
1687.87,0.592462,44.7301,0,85,65,44,2760,10501,5.12848,165,17.0091,0,0,5435,14492757690
338.453,2.95462,44.7301,0,85,65,44,2760,10501,5.12848,165,17.0091,0,0,5435,14495712635
422.064,2.36931,44.7301,0,85,65,44,2760,10501,5.12848,165,17.0091,0,0,5435,14498082350
370.477,2.69923,44.7301,0,85,65,44,2760,10501,5.12848,165,17.0091,0,0,5435,14500781941
269.389,3.71211,44.7301,0,85,65,44,2760,10501,5.12848,165,17.0091,0,0,5435,14504494249
563.606,1.77429,44.7301,0,85,65,44,2760,10501,5.12848,165,17.0091,0,0,5435,14506268905
344.494,2.90281,44.7301,0,85,65,44,2760,10501,5.12848,165,17.0091,0,0,5435,14509172031
508.7,1.9658,44.7301,0,85,65,44,2760,10501,5.12848,165,17.0091,0,0,5435,14511138299
253.494,3.94486,44.7301,0,85,65,44,2760,10501,5.12848,165,17.0091,0,0,5435,14515083413
527.218,1.89675,44.7301,0,85,65,44,2760,10501,5.12848,165,17.0091,0,0,5435,14516980689
297.565,3.36061,44.7301,0,85,65,44,2760,10501,5.12848,165,17.0091,0,0,5435,14520341533
280.43,3.56595,44.7301,0,85,65,44,2760,10501,5.12848,165,17.0091,0,0,5435,14523907778
650.991,1.53612,44.7301,0,85,65,44,2760,10501,5.12848,165,17.0091,0,0,5435,14525444137
352.681,2.83542,44.7301,0,85,65,44,2760,10501,5.12848,165,17.0091,0,0,5435,14528279916
222.668,4.491,44.7301,0,85,65,44,2760,10501,5.12848,165,17.0091,0,0,5435,14532771250
404.756,2.47062,44.7301,0,85,65,44,2760,10501,5.12848,165,17.0091,0,0,5435,14535242391
384.799,2.59876,44.7301,0,85,65,44,2760,10501,5.12848,165,17.0091,0,0,5435,14537841344
1190.94,0.839673,44.7301,0,85,65,44,2760,10501,5.12848,165,17.0091,0,0,5435,14538681305
503.035,1.98793,44.7301,0,85,65,44,2760,10501,5.12848,165,17.0091,0,0,5435,14540669727
332.664,3.00603,44.7301,0,85,65,44,2760,10501,5.12848,165,17.0091,0,0,5435,14543676011
362.241,2.76059,44.7301,0,85,65,44,2760,10501,5.12848,165,17.0091,0,0,5435,14546436941
444.483,2.24981,44.7301,0,85,65,44,2760,10501,5.12848,165,17.0091,0,0,5435,14548687026
324.521,3.08147,44.7301,0,85,65,44,2760,10501,5.12848,165,17.0091,0,0,5435,14551768813
310.105,3.22471,44.7301,0,85,65,44,2760,10501,5.12848,165,17.0091,0,0,5435,14554993912
346.007,2.89012,44.7301,0,85,65,44,2760,10501,5.12848,165,17.0091,0,0,5435,14557884298
247.691,4.03729,44.7301,0,85,65,44,2760,10501,5.12848,165,17.0091,0,0,5435,14561922001
319.979,3.1252,44.7301,0,85,65,44,2760,10501,5.12848,165,17.0091,0,0,5435,14565047568
1801.05,0.555231,44.7301,0,85,65,44,2760,10501,5.12848,165,17.0091,0,0,5435,14565603116
446.144,2.24143,44.7301,0,85,65,44,2760,10501,5.12848,165,17.0091,0,0,5435,14567844845
310.323,3.22245,44.7301,0,85,65,44,2760,10501,5.12848,165,17.0091,0,0,5435,14571067627
295.61,3.38283,44.7301,0,85,65,44,2760,10501,5.12848,165,17.0091,0,0,5435,14574450971
434.802,2.2999,44.7301,0,85,65,44,2760,10501,5.12848,165,17.0091,0,0,5435,14576751030
617.703,1.6189,44.7301,0,85,65,44,2760,10501,5.12848,165,17.0091,0,0,5435,14578370325
348.935,2.86586,44.7301,0,85,65,44,2760,10501,5.12848,165,17.0091,0,0,5435,14581236450
317.348,3.15112,44.7301,0,85,65,44,2760,10501,5.12848,165,17.0091,0,0,5435,14584387912
256.158,3.90383,44.7301,0,85,65,44,2760,10501,5.12848,165,17.0091,0,0,5435,14588292169
575.756,1.73685,44.7301,0,85,65,44,2760,10501,5.12848,165,17.0091,0,0,5435,14590029419
513.977,1.94561,44.7301,0,85,65,44,2760,10501,5.12848,165,17.0091,0,0,5435,14591975408
295.84,3.38021,44.7301,0,85,65,44,2760,10501,5.12848,165,17.0091,0,0,5435,14595355926
521.333,1.91816,44.7301,0,85,65,44,2760,10501,5.12848,165,17.0091,0,0,5435,14597274442
369.943,2.70312,44.7301,0,85,65,44,2760,10501,5.12848,165,17.0091,0,0,5435,14599978062
281.235,3.55574,44.7301,0,85,65,44,2760,10501,5.12848,165,17.0091,0,0,5435,14603534230
571.88,1.74862,44.7301,0,85,65,44,2760,10501,5.12848,165,17.0091,0,0,5435,14605283049
378.57,2.64152,44.7301,0,85,65,44,2760,10501,5.12848,165,17.0091,0,0,5435,14607925013
277.333,3.60578,44.7301,0,85,65,44,2760,10501,5.12848,165,17.0091,0,0,5435,14611531154
381.704,2.61983,44.7301,0,85,65,44,2760,10501,5.12848,165,17.0091,0,0,5435,14614151309
516.904,1.93459,44.7301,0,85,65,44,2760,10501,5.12848,165,17.0091,0,0,5435,14616086096
366.351,2.72962,44.7301,0,85,65,44,2760,10501,5.12848,165,17.0091,0,0,5435,14618816024
367.322,2.72241,44.7301,0,85,65,44,2760,10501,5.12848,165,17.0091,0,0,5435,14621538693
199.642,5.00897,44.7301,0,85,65,44,2760,10501,5.12848,165,17.0091,0,0,5435,14626548198
634.306,1.57652,44.7301,0,85,65,44,2760,10501,5.12848,165,17.0091,0,0,5435,14628124876
508.262,1.96749,44.7301,0,85,65,44,2760,10501,5.12848,165,17.0091,0,0,5435,14630092693
337.738,2.96088,44.7301,0,85,65,44,2760,10501,5.12848,165,17.0091,0,0,5435,14633053898
352.274,2.8387,44.7301,0,85,65,44,2760,10501,5.12848,165,17.0091,0,0,5435,14635892994
342.182,2.92243,44.7301,0,85,65,44,2760,10501,5.12848,165,17.0091,0,0,5435,14638815708
294.779,3.39237,44.7301,0,85,65,44,2760,10501,5.12848,165,17.0091,0,0,5435,14642208466
486.75,2.05444,44.7301,0,85,65,44,2760,10501,5.12848,165,17.0091,0,0,5435,14644263459
417.878,2.39304,44.7301,0,85,65,44,2760,10501,5.12848,165,17.0091,0,0,5435,14646656712
430.066,2.32522,44.7301,0,85,65,44,2760,10501,5.12848,165,17.0091,0,0,5435,14648982300
396.044,2.52497,44.7301,0,85,65,44,2760,10501,5.12848,165,17.0091,0,0,5435,14651507568
352.034,2.84064,44.7301,0,85,65,44,2760,10501,5.12848,165,17.0091,0,0,5435,14654348529
362.783,2.75647,44.7301,0,85,65,44,2760,10501,5.12848,165,17.0091,0,0,5435,14657105382
379.849,2.63263,44.7301,0,85,65,44,2760,10501,5.12848,165,17.0091,0,0,5435,14659738326
335.671,2.97911,44.7301,0,85,65,44,2760,10501,5.12848,165,17.0091,0,0,5435,14662717782
237.359,4.21304,44.7301,0,85,65,44,2760,10501,5.12848,165,17.0091,0,0,5435,14666931117
488.361,2.04767,44.7301,0,85,65,44,2760,10501,5.12848,165,17.0091,0,0,5435,14668979128
254.595,3.92781,44.7301,0,85,65,44,2760,10501,5.12848,165,17.0091,0,0,5435,14672907472
1679.72,0.595337,44.7301,0,85,65,44,2760,10501,5.12848,165,17.0091,0,0,5435,14673502992
391.023,2.55739,44.7301,0,85,65,44,2760,10501,5.12848,165,17.0091,0,0,5435,14676060713
401.674,2.48958,44.7301,0,85,65,44,2760,10501,5.12848,165,17.0091,0,0,5435,14678550547
347.169,2.88044,44.7301,0,85,65,44,2760,10501,5.12848,165,17.0091,0,0,5435,14681431384
418.202,2.39119,44.7301,0,85,65,44,2760,10501,5.12848,165,17.0091,0,0,5435,14683822849
353.472,2.82908,44.7301,0,85,65,44,2760,10501,5.12848,165,17.0091,0,0,5435,14686652358
273.563,3.65546,44.7301,0,85,65,44,2760,10501,5.12848,165,17.0091,0,0,5435,14690308020
387.125,2.58314,44.7301,0,85,65,44,2760,10501,5.12848,165,17.0091,0,0,5435,14692891520
606.04,1.65006,44.7301,0,85,65,44,2760,10501,5.12848,165,17.0091,0,0,5435,14694541922
286.771,3.4871,44.7301,0,85,65,44,2760,10501,5.12848,165,17.0091,0,0,5435,14698029405
243.477,4.10717,44.7301,0,85,65,44,2760,10501,5.12848,165,17.0091,0,0,5435,14702137092
643.603,1.55375,44.7301,0,85,65,44,2760,10501,5.12848,165,17.0091,0,0,5435,14703691048
594.211,1.6829,44.7301,0,85,65,44,2760,10501,5.12848,165,17.0091,0,0,5435,14705374268
275.783,3.62604,44.7301,0,85,65,44,2760,10501,5.12848,165,17.0091,0,0,5435,14709000659
556.679,1.79637,44.7301,0,85,65,44,2760,10501,5.12848,165,17.0091,0,0,5435,14710797306
381.237,2.62304,44.7301,0,85,65,44,2760,10501,5.12848,165,17.0091,0,0,5435,14713420847
257.094,3.88963,44.7301,0,85,65,44,2760,10501,5.12848,165,17.0091,0,0,5435,14717310718
265.192,3.77086,44.7301,0,85,65,44,2760,10501,5.12848,165,17.0091,0,0,5435,14721081893
1509.1,0.662647,44.7301,0,85,65,44,2760,10501,5.12848,165,17.0091,0,0,5435,14721744848
381.795,2.6192,44.7301,0,85,65,44,2760,10501,5.12848,165,17.0091,0,0,5435,14724364321
336.774,2.96935,44.7301,0,85,65,44,2760,10501,5.12848,165,17.0091,0,0,5435,14727334018
331.83,3.01359,44.7301,0,85,65,44,2760,10501,5.12848,165,17.0091,0,0,5435,14730348013
550.954,1.81503,44.7301,0,85,65,44,2760,10501,5.12848,165,17.0091,0,0,5435,14732163478
418.6,2.38892,44.7301,0,85,65,44,2760,10501,5.12848,165,17.0091,0,0,5435,14734552751
313.378,3.19103,44.7301,0,85,65,44,2760,10501,5.12848,165,17.0091,0,0,5435,14737743936
349.198,2.8637,44.7301,0,85,65,44,2760,10501,5.12848,165,17.0091,0,0,5435,14740608032
400.503,2.49686,44.7301,0,85,65,44,2760,10501,5.12848,165,17.0091,0,0,5435,14743105184
259.233,3.85753,44.7301,0,85,65,44,2760,10501,5.12848,165,17.0091,0,0,5435,14746963073
647.147,1.54525,44.7301,0,85,65,44,2760,10501,5.12848,165,17.0091,0,0,5435,14748508664
517.336,1.93298,44.7301,0,85,65,44,2760,10501,5.12848,165,17.0091,0,0,5435,14750442133
337.649,2.96166,44.7301,0,85,65,44,2760,10501,5.12848,165,17.0091,0,0,5435,14753404136
362.749,2.75673,44.7301,0,85,65,44,2760,10501,5.12848,165,17.0091,0,0,5435,14756161124
276.836,3.61225,44.7301,0,85,65,44,2760,10501,5.12848,165,17.0091,0,0,5435,14759773678
363.641,2.74997,44.7301,0,85,65,44,2760,10501,5.12848,165,17.0091,0,0,5435,14762524059
524.414,1.90689,44.7301,0,85,65,44,2760,10501,5.12848,165,17.0091,0,0,5435,14764431364
388.602,2.57333,44.7301,0,85,65,44,2760,10501,5.12848,165,17.0091,0,0,5435,14767005076
374.692,2.66886,44.7301,0,85,65,44,2760,10501,5.12848,165,17.0091,0,0,5435,14769674262
212.253,4.71136,44.7301,0,85,65,44,2760,10501,5.12848,165,17.0091,0,0,5435,14774386267
1590.19,0.628857,44.7301,0,85,65,44,2760,10501,5.12848,165,17.0091,0,0,5435,14775015336
371.997,2.6882,44.7301,0,85,65,44,2760,10501,5.12848,165,17.0091,0,0,5435,14777703773
369.94,2.70314,44.7301,0,85,65,44,2760,10501,5.12848,165,17.0091,0,0,5435,14780407220
390.605,2.56013,44.7301,0,85,65,44,2760,10501,5.12848,165,17.0091,0,0,5435,14782967681
316.355,3.161,44.7301,0,85,65,44,2760,10501,5.12848,165,17.0091,0,0,5435,14786129047
428.329,2.33466,44.7301,0,85,65,44,2760,10501,5.12848,165,17.0091,0,0,5435,14788463981
389.973,2.56428,44.7301,0,85,65,44,2760,10501,5.12848,165,17.0091,0,0,5435,14791028760
371.297,2.69326,44.7301,0,85,65,44,2760,10501,5.12848,165,17.0091,0,0,5435,14793722168
307.952,3.24726,44.7301,0,85,65,44,2760,10501,5.12848,165,17.0091,0,0,5435,14796969893
317.766,3.14697,44.7301,0,85,65,44,2760,10501,5.12848,165,17.0091,0,0,5435,14800117220
610.688,1.6375,44.7301,0,85,65,44,2760,10501,5.12848,165,17.0091,0,0,5435,14801754939
347.367,2.8788,44.7301,0,85,65,44,2760,10501,5.12848,165,17.0091,0,0,5435,14804634026
388.9,2.57136,44.7301,0,85,65,44,2760,10501,5.12848,165,17.0091,0,0,5435,14807205796
348.705,2.86775,44.7301,0,85,65,44,2760,10501,5.12848,165,17.0091,0,0,5435,14810073806
438.933,2.27825,44.7301,0,85,65,44,2760,10501,5.12848,165,17.0091,0,0,5435,14812352565
380.047,2.63125,44.7301,0,85,65,44,2760,10501,5.12848,165,17.0091,0,0,5435,14814983923
327.338,3.05495,44.7301,0,85,65,44,2760,10501,5.12848,165,17.0091,0,0,5435,14818039151
270.244,3.70036,44.7301,0,85,65,44,2760,10501,5.12848,165,17.0091,0,0,5435,14821739959
293.821,3.40343,44.7301,0,85,65,44,2760,10501,5.12848,165,17.0091,0,0,5435,14825143631
455.248,2.1966,44.7301,0,85,65,44,2760,10501,5.12848,165,17.0091,0,0,5435,14827340695
390.628,2.55998,44.7301,0,85,65,44,2760,10501,5.12848,165,17.0091,0,0,5435,14829901253
622.894,1.60541,44.7301,0,85,65,44,2760,10501,5.12848,165,17.0091,0,0,5435,14831506884
219.261,4.56077,44.7301,0,85,65,44,2760,10501,5.12848,165,17.0091,0,0,5435,14836068172
628.678,1.59064,44.7301,0,85,65,44,2760,10501,5.12848,165,17.0091,0,0,5435,14837659120
564.003,1.77304,44.7301,0,85,65,44,2760,10501,5.12848,165,17.0091,0,0,5435,14839432372
390.647,2.55985,44.7301,0,85,65,44,2760,10501,5.12848,165,17.0091,0,0,5435,14841992564
331.071,3.0205,44.7301,0,85,65,44,2760,10501,5.12848,165,17.0091,0,0,5435,14845013329
329.024,3.03929,44.7301,0,85,65,44,2760,10501,5.12848,165,17.0091,0,0,5435,14848053076
507.095,1.97202,44.7301,0,85,65,44,2760,10501,5.12848,165,17.0091,0,0,5435,14850025354
260.982,3.83169,44.7301,0,85,65,44,2760,10501,5.12848,165,17.0091,0,0,5435,14853857320
455.434,2.19571,44.7301,0,85,65,44,2760,10501,5.12848,165,17.0091,0,0,5435,14856053394
418.707,2.3883,44.7301,0,85,65,44,2760,10501,5.12848,165,17.0091,0,0,5435,14858441916
410.68,2.43499,44.7301,0,85,65,44,2760,10501,5.12848,165,17.0091,0,0,5435,14860877277
394.34,2.53588,44.7301,0,85,65,44,2760,10501,5.12848,165,17.0091,0,0,5435,14863413440
341.473,2.92849,44.7301,0,85,65,44,2760,10501,5.12848,165,17.0091,0,0,5435,14866342202
349.756,2.85913,44.7301,0,85,65,44,2760,10501,5.12848,165,17.0091,0,0,5435,14869201596
391.089,2.55696,44.7301,0,85,65,44,2760,10501,5.12848,165,17.0091,0,0,5435,14871759048
359.598,2.78088,44.7301,0,85,65,44,2760,10501,5.12848,165,17.0091,0,0,5435,14874540113
408.77,2.44636,44.7301,0,85,65,44,2760,10501,5.12848,165,17.0091,0,0,5435,14876986772
192.799,5.18674,44.7301,0,85,65,44,2760,10501,5.12848,165,17.0091,0,0,5435,14882173851
753.997,1.32627,44.7301,0,85,65,44,2760,10501,5.12848,165,17.0091,0,0,5435,14883500472
394.04,2.53782,44.7301,0,85,65,44,2760,10501,5.12848,165,17.0091,0,0,5435,14886041741
362.061,2.76197,45.0578,0,85,65,44,2760,10501,5.12848,165,17.013,0,0,5450,14888800891
384.6,2.60011,45.0578,0,85,65,44,2760,10501,5.12848,165,17.013,0,0,5450,14891401364
279.029,3.58385,45.0578,0,85,65,44,2760,10501,5.12848,165,17.013,0,0,5450,14894985533
485.581,2.05939,45.0578,0,85,65,44,2760,10501,5.12848,165,17.013,0,0,5450,14897045179
374.962,2.66694,45.0578,0,85,65,44,2760,10501,5.12848,165,17.013,0,0,5450,14899712451
436.758,2.2896,45.0578,0,85,65,44,2760,10501,5.12848,165,17.013,0,0,5450,14902002452
348.59,2.8687,45.0578,0,85,65,44,2760,10501,5.12848,165,17.013,0,0,5450,14904871500
298.533,3.34972,45.0578,0,85,65,44,2760,10501,5.12848,165,17.013,0,0,5450,14908221546
292.001,3.42464,45.0578,0,85,65,44,2760,10501,5.12848,165,17.013,0,0,5450,14911646690
425.157,2.35207,45.0578,0,85,65,44,2760,10501,5.12848,165,17.013,0,0,5450,14913998943
604.529,1.65418,45.0578,0,85,65,44,2760,10501,5.12848,165,17.013,0,0,5450,14915653412
403.583,2.4778,45.0578,0,85,65,44,2760,10501,5.12848,165,17.013,0,0,5450,14918131524
335.664,2.97917,45.0578,0,85,65,44,2760,10501,5.12848,165,17.013,0,0,5450,14921110999
448.444,2.22993,45.0578,0,85,65,44,2760,10501,5.12848,165,17.013,0,0,5450,14923341392
352.405,2.83764,45.0578,0,85,65,44,2760,10501,5.12848,165,17.013,0,0,5450,14926179315
353.964,2.82514,45.0578,0,85,65,44,2760,10501,5.12848,165,17.013,0,0,5450,14929004756
341.059,2.93204,45.0578,0,85,65,44,2760,10501,5.12848,165,17.013,0,0,5450,14931937057
282.481,3.54006,45.0578,0,85,65,44,2760,10501,5.12848,165,17.013,0,0,5450,14935477484
762.08,1.3122,45.0578,0,85,65,44,2760,10501,5.12848,165,17.013,0,0,5450,14936789922
217.473,4.59827,45.0578,0,85,65,44,2760,10501,5.12848,165,17.013,0,0,5450,14941388635
830.272,1.20442,45.0578,0,85,65,44,2760,10501,5.12848,165,17.013,0,0,5450,14942593435
313.615,3.18863,45.0578,0,85,65,44,2760,10501,5.12848,165,17.013,0,0,5450,14945782552
453.152,2.20677,45.0578,0,85,65,44,2760,10501,5.12848,165,17.013,0,0,5450,14947989501
554.589,1.80314,45.0578,0,85,65,44,2760,10501,5.12848,165,17.013,0,0,5450,14949793178
325.125,3.07574,45.0578,0,85,65,44,2760,10501,5.12848,165,17.013,0,0,5450,14952869252
303.529,3.29457,45.0578,0,85,65,44,2760,10501,5.12848,165,17.013,0,0,5450,14956164113
611.766,1.63461,45.0578,0,85,65,44,2760,10501,5.12848,165,17.013,0,0,5450,14957799005
231.544,4.31884,45.0578,0,85,65,44,2760,10501,5.12848,165,17.013,0,0,5450,14962118199
592.114,1.68886,45.0578,0,85,65,44,2760,10501,5.12848,165,17.013,0,0,5450,14963807477
415.87,2.4046,45.0578,0,85,65,44,2760,10501,5.12848,165,17.013,0,0,5450,14966212308
449.084,2.22676,45.0578,0,85,65,44,2760,10501,5.12848,165,17.013,0,0,5450,14968439258
311.491,3.21037,45.0578,0,85,65,44,2760,10501,5.12848,165,17.013,0,0,5450,14971650078
445.887,2.24272,45.0578,0,85,65,44,2760,10501,5.12848,165,17.013,0,0,5450,14973893038
358.992,2.78557,45.0578,0,85,65,44,2760,10501,5.12848,165,17.013,0,0,5450,14976678949
347.77,2.87546,45.0578,0,85,65,44,2760,10501,5.12848,165,17.013,0,0,5450,14979554700
222.493,4.49453,45.0578,0,85,65,44,2760,10501,5.12848,165,17.013,0,0,5450,14984049592
418.64,2.38869,45.0578,0,85,65,44,2760,10501,5.12848,165,17.013,0,0,5450,14986438557
296.533,3.37231,45.0578,0,85,65,44,2760,10501,5.12848,165,17.013,0,0,5450,14989811170
546.214,1.83078,45.0578,0,85,65,44,2760,10501,5.12848,165,17.013,0,0,5450,14991642232
467.509,2.13899,45.0578,0,85,65,44,2760,10501,5.12848,165,17.013,0,0,5450,14993781602
355.631,2.8119,45.0578,0,85,65,44,2760,10501,5.12848,165,17.013,0,0,5450,14996593784
338.961,2.9502,45.0578,0,85,65,44,2760,10501,5.12848,165,17.013,0,0,5450,14999544306
321.787,3.10764,45.0578,0,85,65,44,2760,10501,5.12848,165,17.013,0,0,5450,15002652382
588.305,1.6998,45.0578,0,85,65,44,2760,10501,5.12848,165,17.013,0,0,5450,15004352391
379.8,2.63296,45.0578,0,85,65,44,2760,10501,5.12848,165,17.013,0,0,5450,15006985682
301.209,3.31996,45.0578,0,85,65,44,2760,10501,5.12848,165,17.013,0,0,5450,15010306092
637.253,1.56924,45.0578,0,85,65,44,2760,10501,5.12848,165,17.013,0,0,5450,15011875318
194.161,5.15036,45.0578,0,85,65,44,2760,10501,5.12848,165,17.013,0,0,5450,15017026280
673.404,1.48499,45.0578,0,85,65,44,2760,10501,5.12848,165,17.013,0,0,5450,15018511532
393.974,2.53824,45.0578,0,85,65,44,2760,10501,5.12848,165,17.013,0,0,5450,15021050136
382.322,2.6156,45.0578,0,85,65,44,2760,10501,5.12848,165,17.013,0,0,5450,15023665955
275.408,3.63098,45.0578,0,85,65,44,2760,10501,5.12848,165,17.013,0,0,5450,15027297337
604.564,1.65409,45.0578,0,85,65,44,2760,10501,5.12848,165,17.013,0,0,5450,15028951470
202.13,4.94732,45.0578,0,85,65,44,2760,10501,5.12848,165,17.013,0,0,5450,15033899223
612.995,1.63133,45.0578,0,85,65,44,2760,10501,5.12848,165,17.013,0,0,5450,15035530884
525.859,1.90165,45.0578,0,85,65,44,2760,10501,5.12848,165,17.013,0,0,5450,15037433006
402.619,2.48374,45.0578,0,85,65,44,2760,10501,5.12848,165,17.013,0,0,5450,15039916984
236.649,4.22566,45.0578,0,85,65,44,2760,10501,5.12848,165,17.013,0,0,5450,15044143001
674.921,1.48166,45.0578,0,85,65,44,2760,10501,5.12848,165,17.013,0,0,5450,15045624936
480.236,2.08231,45.0578,0,85,65,44,2760,10501,5.12848,165,17.013,0,0,5450,15047707746
380.075,2.63106,45.0578,0,85,65,44,2760,10501,5.12848,165,17.013,0,0,5450,15050339047
220.975,4.5254,45.0578,0,85,65,44,2760,10501,5.12848,165,17.013,0,0,5450,15054864997
311.713,3.20808,45.0578,0,85,65,44,2760,10501,5.12848,165,17.013,0,0,5450,15058073269
619.311,1.6147,45.0578,0,85,65,44,2760,10501,5.12848,165,17.013,0,0,5450,15059688448
536.704,1.86323,45.0578,0,85,65,44,2760,10501,5.12848,165,17.013,0,0,5450,15061552030
379.079,2.63797,45.0578,0,85,65,44,2760,10501,5.12848,165,17.013,0,0,5450,15064190254
392.825,2.54566,45.0578,0,85,65,44,2760,10501,5.12848,165,17.013,0,0,5450,15066736301
240.232,4.16264,45.0578,0,85,65,44,2760,10501,5.12848,165,17.013,0,0,5450,15070899326
586.005,1.70647,45.0578,0,85,65,44,2760,10501,5.12848,165,17.013,0,0,5450,15072605989
457.013,2.18812,45.0578,0,85,65,44,2760,10501,5.12848,165,17.013,0,0,5450,15074794640
333.958,2.99439,45.0578,0,85,65,44,2760,10501,5.12848,165,17.013,0,0,5450,15077789385
304.753,3.28135,45.0578,0,85,65,44,2760,10501,5.12848,165,17.013,0,0,5450,15081071149
572.208,1.74762,45.0578,0,85,65,44,2760,10501,5.12848,165,17.013,0,0,5450,15082819016
211.768,4.72215,45.0578,0,85,65,44,2760,10501,5.12848,165,17.013,0,0,5450,15087541637
580.911,1.72143,45.0578,0,85,65,44,2760,10501,5.12848,165,17.013,0,0,5450,15089263310
594.3,1.68265,45.0578,0,85,65,44,2760,10501,5.12848,165,17.013,0,0,5450,15090946492
379.308,2.63638,45.0578,0,85,65,44,2760,10501,5.12848,165,17.013,0,0,5450,15093583283
184.762,5.41237,45.0578,0,85,65,44,2760,10501,5.12848,165,17.013,0,0,5450,15098996023
628.18,1.5919,45.0578,0,85,65,44,2760,10501,5.12848,165,17.013,0,0,5450,15100588221
393.881,2.53884,45.0578,0,85,65,44,2760,10501,5.12848,165,17.013,0,0,5450,15103127470
268.329,3.72677,45.0578,0,85,65,44,2760,10501,5.12848,165,17.013,0,0,5450,15106854451
669.076,1.4946,45.0578,0,85,65,44,2760,10501,5.12848,165,17.013,0,0,5450,15108349473
587.83,1.70117,45.0578,0,85,65,44,2760,10501,5.12848,165,17.013,0,0,5450,15110050857
422.47,2.36703,45.0578,0,85,65,44,2760,10501,5.12848,165,17.013,0,0,5450,15112418148
273.248,3.65968,45.0578,0,85,65,44,2760,10501,5.12848,165,17.013,0,0,5450,15116078214
363.053,2.75442,45.0578,0,85,65,44,2760,10501,5.12848,165,17.013,0,0,5450,15118833105
546.777,1.8289,45.0578,0,85,65,44,2760,10501,5.12848,165,17.013,0,0,5450,15120662339
235.681,4.24302,45.0578,0,85,65,44,2760,10501,5.12848,165,17.013,0,0,5450,15124907300
301.12,3.32093,45.0578,0,85,65,44,2760,10501,5.12848,165,17.013,0,0,5450,15128228267
1478.48,0.676369,45.0578,0,85,65,44,2760,10501,5.12848,165,17.013,0,0,5450,15128905021
384.2,2.60281,45.0578,0,85,65,44,2760,10501,5.12848,165,17.013,0,0,5450,15131508090
510.944,1.95716,45.0578,0,85,65,44,2760,10501,5.12848,165,17.013,0,0,5450,15133465521
302.574,3.30498,45.0578,0,85,65,44,2760,10501,5.12848,165,17.013,0,0,5450,15136770863
386.572,2.58684,45.0578,0,85,65,44,2760,10501,5.12848,165,17.013,0,0,5450,15139358200
350.721,2.85127,45.0578,0,85,65,44,2760,10501,5.12848,165,17.013,0,0,5450,15142209806
322.94,3.09655,45.0578,0,85,65,44,2760,10501,5.12848,165,17.013,0,0,5450,15145306535
567.478,1.76218,45.0578,0,85,65,44,2760,10501,5.12848,165,17.013,0,0,5450,15147069047
189.069,5.28908,45.0578,0,85,65,44,2760,10501,5.12848,165,17.013,0,0,5450,15152358465
319.877,3.1262,45.0578,0,85,65,44,2760,10501,5.12848,165,17.013,0,0,5450,15155485090
860.052,1.16272,45.0578,0,85,65,44,2760,10501,5.12848,165,17.013,0,0,5450,15156648167
638.313,1.56663,45.0578,0,85,65,44,2760,10501,5.12848,165,17.013,0,0,5450,15158215047
309.284,3.23327,45.0578,0,85,65,44,2760,10501,5.12848,165,17.013,0,0,5450,15161448647
459.871,2.17453,45.0578,0,85,65,44,2760,10501,5.12848,165,17.013,0,0,5450,15163623566
369.593,2.70568,45.0578,0,85,65,44,2760,10501,5.12848,165,17.013,0,0,5450,15166329494
408.621,2.44726,45.0578,0,85,65,44,2760,10501,5.12848,165,17.013,0,0,5450,15168776932
349.788,2.85888,45.0578,0,85,65,44,2760,10501,5.12848,165,17.013,0,0,5450,15171636201
419.344,2.38468,45.0578,0,85,65,44,2760,10501,5.12848,165,17.013,0,0,5450,15174021147
176.462,5.66694,45.0578,0,85,65,44,2760,10501,5.12848,165,17.013,0,0,5450,15179688348
1065.52,0.938513,45.0578,0,85,65,44,2760,10501,5.12848,165,17.013,0,0,5450,15180627245
430.059,2.32526,45.0578,0,85,65,44,2760,10501,5.12848,165,17.013,0,0,5450,15182952765
423.44,2.36161,45.0578,0,85,65,44,2760,10501,5.12848,165,17.013,0,0,5450,15185314807
404.851,2.47005,45.0578,0,85,65,44,2760,10501,5.12848,165,17.013,0,0,5450,15187785063
406.89,2.45767,45.0578,0,85,65,44,2760,10501,5.12848,165,17.013,0,0,5450,15190243050
330.852,3.0225,45.0578,0,85,65,44,2760,10501,5.12848,165,17.013,0,0,5450,15193266103
263.151,3.8001,45.0578,0,85,65,44,2760,10501,5.12848,165,17.013,0,0,5450,15197066462
660.031,1.51508,45.0578,0,85,65,44,2760,10501,5.12848,165,17.013,0,0,5450,15198581667
354.637,2.81979,45.0578,0,85,65,44,2760,10501,5.12848,165,17.013,0,0,5450,15201401772
233.283,4.28663,45.0578,0,85,65,44,2760,10501,5.12848,165,17.013,0,0,5450,15205688753
503.249,1.98709,45.0578,0,85,65,44,2760,10501,5.12848,165,17.013,0,0,5450,15207676243
484.389,2.06446,45.0578,0,85,65,44,2760,10501,5.12848,165,17.013,0,0,5450,15209741110
312.269,3.20237,45.0578,0,85,65,44,2760,10501,5.12848,165,17.013,0,0,5450,15212943872
623.731,1.60326,45.0578,0,85,65,44,2760,10501,5.12848,165,17.013,0,0,5450,15214547647
341.917,2.92469,45.0578,0,85,65,44,2760,10501,5.12848,165,17.013,0,0,5450,15217472631
414.937,2.41001,45.0578,0,85,65,44,2760,10501,5.12848,165,17.013,0,0,5450,15219882904
324.427,3.08235,45.0578,0,85,65,44,2760,10501,5.12848,165,17.013,0,0,5450,15222965643
349.707,2.85954,45.0578,0,85,65,44,2760,10501,5.12848,165,17.013,0,0,5450,15225825595
393.287,2.54267,45.0578,0,85,65,44,2760,10501,5.12848,165,17.013,0,0,5450,15228368527
216.519,4.61854,45.0578,0,85,65,44,2760,10501,5.12848,165,17.013,0,0,5450,15232987471
334.68,2.98793,45.0578,0,85,65,44,2760,10501,5.12848,165,17.013,0,0,5450,15235975687
548.103,1.82448,45.0578,0,85,65,44,2760,10501,5.12848,165,17.013,0,0,5450,15237800469
593.15,1.68591,45.0578,0,85,65,44,2760,10501,5.12848,165,17.013,0,0,5450,15239486680
423.245,2.36269,45.0578,0,85,65,44,2760,10501,5.12848,165,17.013,0,0,5450,15241849750
285.98,3.49675,45.0578,0,85,65,44,2760,10501,5.12848,165,17.013,0,0,5450,15245346955
491.925,2.03283,45.0578,0,85,65,44,2760,10501,5.12848,165,17.013,0,0,5450,15247380081
362.091,2.76174,45.0578,0,85,65,44,2760,10501,5.12848,165,17.013,0,0,5450,15250142039
470.606,2.12492,45.0578,0,85,65,44,2760,10501,5.12848,165,17.013,0,0,5450,15252267322
296.097,3.37728,45.0578,0,85,65,44,2760,10501,5.12848,165,17.013,0,0,5450,15255644917
246.143,4.06269,45.0578,0,85,65,44,2760,10501,5.12848,165,17.013,0,0,5450,15259708131
435.582,2.29578,45.0578,0,85,65,44,2760,10501,5.12848,165,17.013,0,0,5450,15262004112
593.841,1.68395,45.0578,0,85,65,44,2760,10501,5.12848,165,17.013,0,0,5450,15263688332
401.823,2.48866,45.0578,0,85,65,44,2760,10501,5.12848,165,17.013,0,0,5450,15266177291
355.753,2.81094,45.0578,0,85,65,44,2760,10501,5.12848,165,17.013,0,0,5450,15268988569
414.55,2.41226,45.0578,0,85,65,44,2760,10501,5.12848,165,17.013,0,0,5450,15271401159
348.566,2.8689,45.0578,0,85,65,44,2760,10501,5.12848,165,17.013,0,0,5450,15274270391
399.412,2.50368,45.0578,0,85,65,44,2760,10501,5.12848,165,17.013,0,0,5450,15276774437
316.634,3.15822,45.0578,0,85,65,44,2760,10501,5.12848,165,17.013,0,0,5450,15279932909
503.233,1.98715,45.0578,0,85,65,44,2760,10501,5.12848,165,17.013,0,0,5450,15281920533
299.46,3.33934,45.0578,0,85,65,44,2760,10501,5.12848,165,17.013,0,0,5450,15285260098
368.686,2.71233,45.0578,0,85,65,44,2760,10501,5.12848,165,17.013,0,0,5450,15287972747
447.262,2.23583,45.0578,0,85,65,44,2760,10501,5.12848,165,17.013,0,0,5450,15290208899
370.121,2.70182,45.0578,0,85,65,44,2760,10501,5.12848,165,17.013,0,0,5450,15292911067
390.415,2.56137,45.0578,0,85,65,44,2760,10501,5.12848,165,17.013,0,0,5450,15295472769
326.577,3.06206,45.0578,0,85,65,44,2760,10501,5.12848,165,17.013,0,0,5450,15298535276
532.305,1.87862,45.0578,0,85,65,44,2760,10501,5.12848,165,17.013,0,0,5450,15300414118
303.578,3.29404,45.0578,0,85,65,44,2760,10501,5.12848,165,17.013,0,0,5450,15303708537
402.66,2.48349,45.0578,0,85,65,44,2760,10501,5.12848,165,17.013,0,0,5450,15306192274
383.597,2.6069,45.0578,0,85,65,44,2760,10501,5.12848,165,17.013,0,0,5450,15308799554
308.091,3.24579,45.0578,0,85,65,44,2760,10501,5.12848,165,17.013,0,0,5450,15312045644
384.688,2.59951,45.0578,0,85,65,44,2760,10501,5.12848,165,17.013,0,0,5450,15314645444
438.482,2.2806,45.0578,0,85,65,44,2760,10501,5.12848,165,17.013,0,0,5450,15316926357
369.126,2.7091,45.0578,0,85,65,44,2760,10501,5.12848,165,17.013,0,0,5450,15319635852
359.258,2.78352,45.0578,0,85,65,44,2760,10501,5.12848,165,17.013,0,0,5450,15322419629
372.783,2.68252,45.0578,0,85,65,44,2760,10501,5.12848,165,17.013,0,0,5450,15325102767
354.839,2.81818,45.0578,0,85,65,44,2760,10501,5.12848,165,17.013,0,0,5450,15327920968
332.131,3.01086,45.0578,0,85,65,44,2760,10501,5.12848,165,17.013,0,0,5450,15330932310
559.449,1.78747,45.0578,0,85,65,44,2760,10501,5.12848,165,17.013,0,0,5450,15332719957
344.688,2.90118,45.0578,0,85,65,44,2760,10501,5.12848,165,17.013,0,0,5450,15335621449
289.51,3.45412,45.0578,0,85,65,44,2760,10501,5.12848,165,17.013,0,0,5450,15339075911
267.409,3.73959,45.0578,0,85,65,44,2760,10501,5.12848,165,17.013,0,0,5450,15342815922
1383.32,0.722899,45.0578,0,85,65,44,2760,10501,5.12848,165,17.013,0,0,5450,15343538831
366.956,2.72512,45.0578,0,85,65,44,2760,10501,5.12848,165,17.013,0,0,5450,15346264201
402.733,2.48304,45.0578,0,85,65,44,2760,10501,5.12848,165,17.013,0,0,5450,15348747506
374.719,2.66867,45.0578,0,85,65,44,2760,10501,5.12848,165,17.013,0,0,5450,15351416558
274.749,3.63968,45.0578,0,85,65,44,2760,10501,5.12848,165,17.013,0,0,5450,15355056652
477.739,2.09319,45.0578,0,85,65,44,2760,10501,5.12848,165,17.013,0,0,5450,15357150328
349.873,2.85818,45.0578,0,85,65,44,2760,10501,5.12848,165,17.013,0,0,5450,15360008578
327.893,3.04978,45.0578,0,85,65,44,2760,10501,5.12848,165,17.013,0,0,5450,15363058864
514.124,1.94506,45.0578,0,85,65,44,2760,10501,5.12848,165,17.013,0,0,5450,15365004189
235.526,4.24582,45.0578,0,85,65,44,2760,10501,5.12848,165,17.013,0,0,5450,15369250284
544.653,1.83603,45.0578,0,85,65,44,2760,10501,5.12848,165,17.013,0,0,5450,15371086634
463.228,2.15877,45.0578,0,85,65,44,2760,10501,5.12848,165,17.013,0,0,5450,15373245861
326.749,3.06045,45.0578,0,85,65,44,2760,10501,5.12848,165,17.013,0,0,5450,15376306570
383.039,2.6107,45.0578,0,85,65,44,2760,10501,5.12848,165,17.013,0,0,5450,15378917571
373.355,2.67842,45.0578,0,85,65,44,2760,10501,5.12848,165,17.013,0,0,5450,15381596344
376.804,2.6539,45.0578,0,85,65,44,2760,10501,5.12848,165,17.013,0,0,5450,15384250597
400.541,2.49662,45.0578,0,85,65,44,2760,10501,5.12848,165,17.013,0,0,5450,15386749729
335.947,2.97666,44.5583,0,86,65,44,2760,10501,5.12848,165,17.0144,0,0,5435,15389724551
416.304,2.40209,44.5583,0,86,65,44,2760,10501,5.12848,165,17.0144,0,0,5435,15392127189
201.63,4.95957,44.5583,0,86,65,44,2760,10501,5.12848,165,17.0144,0,0,5435,15397087116
967.67,1.03341,44.5583,0,86,65,44,2760,10501,5.12848,165,17.0144,0,0,5435,15398120737
433.1,2.30893,44.5583,0,86,65,44,2760,10501,5.12848,165,17.0144,0,0,5435,15400429969
335.116,2.98404,44.5583,0,86,65,44,2760,10501,5.12848,165,17.0144,0,0,5435,15403414570
374.963,2.66693,44.5583,0,86,65,44,2760,10501,5.12848,165,17.0144,0,0,5435,15406081823
318.575,3.13898,44.5583,0,86,65,44,2760,10501,5.12848,165,17.0144,0,0,5435,15409221006
298.452,3.35062,44.5583,0,86,65,44,2760,10501,5.12848,165,17.0144,0,0,5435,15412571946
884.271,1.13087,44.5583,0,86,65,44,2760,10501,5.12848,165,17.0144,0,0,5435,15413703089
197.599,5.06076,44.5583,0,86,65,44,2760,10501,5.12848,165,17.0144,0,0,5435,15418764145
813.05,1.22994,44.5583,0,86,65,44,2760,10501,5.12848,165,17.0144,0,0,5435,15419994301
241.323,4.14382,44.5583,0,86,65,44,2760,10501,5.12848,165,17.0144,0,0,5435,15424138806
1976.26,0.506007,44.5583,0,86,65,44,2760,10501,5.12848,165,17.0144,0,0,5435,15424644881
405.792,2.46431,44.5583,0,86,65,44,2760,10501,5.12848,165,17.0144,0,0,5435,15427109512
421.684,2.37144,44.5583,0,86,65,44,2760,10501,5.12848,165,17.0144,0,0,5435,15429481188
348.968,2.8656,44.5583,0,86,65,44,2760,10501,5.12848,165,17.0144,0,0,5435,15432347160
331.992,3.01212,44.5583,0,86,65,44,2760,10501,5.12848,165,17.0144,0,0,5435,15435359675
206.661,4.83885,44.5583,0,86,65,44,2760,10501,5.12848,165,17.0144,0,0,5435,15440198905
963.877,1.03748,44.5583,0,86,65,44,2760,10501,5.12848,165,17.0144,0,0,5435,15441236815
404.306,2.47337,44.5583,0,86,65,44,2760,10501,5.12848,165,17.0144,0,0,5435,15443710572
351.548,2.84456,44.5583,0,86,65,44,2760,10501,5.12848,165,17.0144,0,0,5435,15446555437
225.457,4.43543,44.5583,0,86,65,44,2760,10501,5.12848,165,17.0144,0,0,5435,15450991192
402.44,2.48484,44.5583,0,86,65,44,2760,10501,5.12848,165,17.0144,0,0,5435,15453476334
377.562,2.64857,44.5583,0,86,65,44,2760,10501,5.12848,165,17.0144,0,0,5435,15456125317
674.151,1.48335,44.5583,0,86,65,44,2760,10501,5.12848,165,17.0144,0,0,5435,15457608954
310.505,3.22056,44.5583,0,86,65,44,2760,10501,5.12848,165,17.0144,0,0,5435,15460829754
334.337,2.99099,44.5583,0,86,65,44,2760,10501,5.12848,165,17.0144,0,0,5435,15463821019
605.609,1.65123,44.5583,0,86,65,44,2760,10501,5.12848,165,17.0144,0,0,5435,15465472690
278.166,3.59498,44.5583,0,86,65,44,2760,10501,5.12848,165,17.0144,0,0,5435,15469067926
553.485,1.80673,44.5583,0,86,65,44,2760,10501,5.12848,165,17.0144,0,0,5435,15470874978
341.617,2.92725,44.5583,0,86,65,44,2760,10501,5.12848,165,17.0144,0,0,5435,15473802653
138.862,7.20138,44.5583,0,86,65,44,2760,10501,5.12848,165,17.0144,0,0,5435,15481004579
847.499,1.17994,44.5583,0,86,65,44,2760,10501,5.12848,165,17.0144,0,0,5435,15482184811
330.188,3.02858,44.5583,0,86,65,44,2760,10501,5.12848,165,17.0144,0,0,5435,15485213663
558.739,1.78974,44.5583,0,86,65,44,2760,10501,5.12848,165,17.0144,0,0,5435,15487003723
277.244,3.60693,44.5583,0,86,65,44,2760,10501,5.12848,165,17.0144,0,0,5435,15490610979
482.517,2.07246,44.5583,0,86,65,44,2760,10501,5.12848,165,17.0144,0,0,5435,15492683693
507.218,1.97154,44.5583,0,86,65,44,2760,10501,5.12848,165,17.0144,0,0,5435,15494655548
343.259,2.91325,44.5583,0,86,65,44,2760,10501,5.12848,165,17.0144,0,0,5435,15497569300
358.353,2.79055,44.5583,0,86,65,44,2760,10501,5.12848,165,17.0144,0,0,5435,15500360048
185.293,5.39686,44.5583,0,86,65,44,2760,10501,5.12848,165,17.0144,0,0,5435,15505757432
632.159,1.58188,44.5583,0,86,65,44,2760,10501,5.12848,165,17.0144,0,0,5435,15507339495
391.816,2.55222,44.5583,0,86,65,44,2760,10501,5.12848,165,17.0144,0,0,5435,15509892215
572.476,1.7468,44.5583,0,86,65,44,2760,10501,5.12848,165,17.0144,0,0,5435,15511639178
392.332,2.54886,44.5583,0,86,65,44,2760,10501,5.12848,165,17.0144,0,0,5435,15514188428
346.928,2.88244,44.5583,0,86,65,44,2760,10501,5.12848,165,17.0144,0,0,5435,15517071140
442.346,2.26067,44.5583,0,86,65,44,2760,10501,5.12848,165,17.0144,0,0,5435,15519332264
351.139,2.84788,44.5583,0,86,65,44,2760,10501,5.12848,165,17.0144,0,0,5435,15522180370
345.132,2.89744,44.5583,0,86,65,44,2760,10501,5.12848,165,17.0144,0,0,5435,15525078256
375.332,2.66431,44.5583,0,86,65,44,2760,10501,5.12848,165,17.0144,0,0,5435,15527742980
177.969,5.61897,44.5583,0,86,65,44,2760,10501,5.12848,165,17.0144,0,0,5435,15533362189
409.769,2.4404,44.5583,0,86,65,44,2760,10501,5.12848,165,17.0144,0,0,5435,15535803060
472.593,2.11598,44.5583,0,86,65,44,2760,10501,5.12848,165,17.0144,0,0,5435,15537919477
629.203,1.58931,44.5583,0,86,65,44,2760,10501,5.12848,165,17.0144,0,0,5435,15539508973
261.878,3.81857,44.5583,0,86,65,44,2760,10501,5.12848,165,17.0144,0,0,5435,15543327900
324.348,3.08311,44.5583,0,86,65,44,2760,10501,5.12848,165,17.0144,0,0,5435,15546411456
266.901,3.74671,44.5583,0,86,65,44,2760,10501,5.12848,165,17.0144,0,0,5435,15550158495
2342.05,0.426976,44.5583,0,86,65,44,2760,10501,5.12848,165,17.0144,0,0,5435,15550585827
687.871,1.45376,44.5583,0,86,65,44,2760,10501,5.12848,165,17.0144,0,0,5435,15552039665
243.215,4.11159,44.5583,0,86,65,44,2760,10501,5.12848,165,17.0144,0,0,5435,15556151755
204.828,4.88215,44.5583,0,86,65,44,2760,10501,5.12848,165,17.0144,0,0,5435,15561034304
1307.65,0.764728,44.5583,0,86,65,44,2760,10501,5.12848,165,17.0144,0,0,5435,15561798917
364.322,2.74482,44.5583,0,86,65,44,2760,10501,5.12848,165,17.0144,0,0,5435,15564544134
653.868,1.52936,44.5583,0,86,65,44,2760,10501,5.12848,165,17.0144,0,0,5435,15566073839
353.669,2.8275,44.5583,0,86,65,44,2760,10501,5.12848,165,17.0144,0,0,5435,15568901608
384.799,2.59876,44.5583,0,86,65,44,2760,10501,5.12848,165,17.0144,0,0,5435,15571500667
284.513,3.51478,44.5583,0,86,65,44,2760,10501,5.12848,165,17.0144,0,0,5435,15575016025
337.465,2.96327,44.5583,0,86,65,44,2760,10501,5.12848,165,17.0144,0,0,5435,15577979500
636.594,1.57086,44.5583,0,86,65,44,2760,10501,5.12848,165,17.0144,0,0,5435,15579550726
396.496,2.52209,44.5583,0,86,65,44,2760,10501,5.12848,165,17.0144,0,0,5435,15582073032
274.157,3.64755,44.5583,0,86,65,44,2760,10501,5.12848,165,17.0144,0,0,5435,15585721030
461.114,2.16866,44.5583,0,86,65,44,2760,10501,5.12848,165,17.0144,0,0,5435,15587890017
468.206,2.13581,44.5583,0,86,65,44,2760,10501,5.12848,165,17.0144,0,0,5435,15590026022
409.519,2.44189,44.5583,0,86,65,44,2760,10501,5.12848,165,17.0144,0,0,5435,15592468479
291.152,3.43463,44.5583,0,86,65,44,2760,10501,5.12848,165,17.0144,0,0,5435,15595903325
452.576,2.20957,44.5583,0,86,65,44,2760,10501,5.12848,165,17.0144,0,0,5435,15598113111
368.518,2.71357,44.5583,0,86,65,44,2760,10501,5.12848,165,17.0144,0,0,5435,15600827059
400.521,2.49675,44.5583,0,86,65,44,2760,10501,5.12848,165,17.0144,0,0,5435,15603324075
272.822,3.66539,44.5583,0,86,65,44,2760,10501,5.12848,165,17.0144,0,0,5435,15606989853
203.142,4.92267,44.5583,0,86,65,44,2760,10501,5.12848,165,17.0144,0,0,5435,15611913038
1820.67,0.549249,44.5583,0,86,65,44,2760,10501,5.12848,165,17.0144,0,0,5435,15612462537
580.461,1.72277,44.5583,0,86,65,44,2760,10501,5.12848,165,17.0144,0,0,5435,15614185528
371.392,2.69257,44.5583,0,86,65,44,2760,10501,5.12848,165,17.0144,0,0,5435,15616878446
319.191,3.13292,44.5583,0,86,65,44,2760,10501,5.12848,165,17.0144,0,0,5435,15620011667
376.725,2.65445,44.5583,0,86,65,44,2760,10501,5.12848,165,17.0144,0,0,5435,15622666468
377.588,2.64839,44.5583,0,86,65,44,2760,10501,5.12848,165,17.0144,0,0,5435,15625315172
344.46,2.9031,44.5583,0,86,65,44,2760,10501,5.12848,165,17.0144,0,0,5435,15628218684
445.813,2.24309,44.5583,0,86,65,44,2760,10501,5.12848,165,17.0144,0,0,5435,15630462028
217.387,4.60009,44.5583,0,86,65,44,2760,10501,5.12848,165,17.0144,0,0,5435,15635062568
1461.26,0.684341,44.5583,0,86,65,44,2760,10501,5.12848,165,17.0144,0,0,5435,15635747130
195.544,5.11395,44.5583,0,86,65,44,2760,10501,5.12848,165,17.0144,0,0,5435,15640861446
616.199,1.62285,44.5583,0,86,65,44,2760,10501,5.12848,165,17.0144,0,0,5435,15642484568
552.879,1.80871,44.5583,0,86,65,44,2760,10501,5.12848,165,17.0144,0,0,5435,15644293706
363.536,2.75076,44.5583,0,86,65,44,2760,10501,5.12848,165,17.0144,0,0,5435,15647044770
224.001,4.46427,44.5583,0,86,65,44,2760,10501,5.12848,165,17.0144,0,0,5435,15651509276
690.86,1.44747,44.5583,0,86,65,44,2760,10501,5.12848,165,17.0144,0,0,5435,15652957200
559.63,1.7869,44.5583,0,86,65,44,2760,10501,5.12848,165,17.0144,0,0,5435,15654744414
322.71,3.09876,44.5583,0,86,65,44,2760,10501,5.12848,165,17.0144,0,0,5435,15657843461
456.271,2.19168,44.5583,0,86,65,44,2760,10501,5.12848,165,17.0144,0,0,5435,15660035438
332.258,3.00971,44.5583,0,86,65,44,2760,10501,5.12848,165,17.0144,0,0,5435,15663045425
286.937,3.48509,44.5583,0,86,65,44,2760,10501,5.12848,165,17.0144,0,0,5435,15666530879
581.424,1.71991,44.5583,0,86,65,44,2760,10501,5.12848,165,17.0144,0,0,5435,15668251071
385.666,2.59291,44.5583,0,86,65,44,2760,10501,5.12848,165,17.0144,0,0,5435,15670844293
286.835,3.48632,44.5583,0,86,65,44,2760,10501,5.12848,165,17.0144,0,0,5435,15674330949
362.344,2.7598,44.5583,0,86,65,44,2760,10501,5.12848,165,17.0144,0,0,5435,15677091109
485.378,2.06025,44.5583,0,86,65,44,2760,10501,5.12848,165,17.0144,0,0,5435,15679151612
407.176,2.45594,44.5583,0,86,65,44,2760,10501,5.12848,165,17.0144,0,0,5435,15681608069
340.705,2.93509,44.5583,0,86,65,44,2760,10501,5.12848,165,17.0144,0,0,5435,15684543322
432.276,2.31334,44.5583,0,86,65,44,2760,10501,5.12848,165,17.0144,0,0,5435,15686857044
318.771,3.13705,44.5583,0,86,65,44,2760,10501,5.12848,165,17.0144,0,0,5435,15689994381
345.131,2.89745,44.5583,0,86,65,44,2760,10501,5.12848,165,17.0144,0,0,5435,15692892209
517.493,1.93239,44.5583,0,86,65,44,2760,10501,5.12848,165,17.0144,0,0,5435,15694824919
390.475,2.56098,44.5583,0,86,65,44,2760,10501,5.12848,165,17.0144,0,0,5435,15697386236
361.955,2.76278,44.5583,0,86,65,44,2760,10501,5.12848,165,17.0144,0,0,5435,15700149300
340.808,2.9342,44.5583,0,86,65,44,2760,10501,5.12848,165,17.0144,0,0,5435,15703083841
349.165,2.86397,44.5583,0,86,65,44,2760,10501,5.12848,165,17.0144,0,0,5435,15705948111
244.084,4.09695,44.5583,0,86,65,44,2760,10501,5.12848,165,17.0144,0,0,5435,15710045383
372.58,2.68398,44.5583,0,86,65,44,2760,10501,5.12848,165,17.0144,0,0,5435,15712729955
1652.28,0.605223,44.5583,0,86,65,44,2760,10501,5.12848,165,17.0144,0,0,5435,15713335417
354.515,2.82076,44.5583,0,86,65,44,2760,10501,5.12848,165,17.0144,0,0,5435,15716156435
283.655,3.52541,44.5583,0,86,65,44,2760,10501,5.12848,165,17.0144,0,0,5435,15719682160
487.761,2.05018,44.5583,0,86,65,44,2760,10501,5.12848,165,17.0144,0,0,5435,15721732662
311.882,3.20634,44.5583,0,86,65,44,2760,10501,5.12848,165,17.0144,0,0,5435,15724939299
502.158,1.9914,44.5583,0,86,65,44,2760,10501,5.12848,165,17.0144,0,0,5435,15726931029
269.553,3.70985,44.5583,0,86,65,44,2760,10501,5.12848,165,17.0144,0,0,5435,15730641154
637.331,1.56904,44.5583,0,86,65,44,2760,10501,5.12848,165,17.0144,0,0,5435,15732210380
414.55,2.41225,44.5583,0,86,65,44,2760,10501,5.12848,165,17.0144,0,0,5435,15734622923
390.609,2.56011,44.5583,0,86,65,44,2760,10501,5.12848,165,17.0144,0,0,5435,15737183442
349.632,2.86015,44.5583,0,86,65,44,2760,10501,5.12848,165,17.0144,0,0,5435,15740043885
330.824,3.02275,44.5583,0,86,65,44,2760,10501,5.12848,165,17.0144,0,0,5435,15743066900
183.957,5.43606,44.5583,0,86,65,44,2760,10501,5.12848,165,17.0144,0,0,5435,15748503352
738.769,1.3536,44.5583,0,86,65,44,2760,10501,5.12848,165,17.0144,0,0,5435,15749857417
488.221,2.04825,44.5583,0,86,65,44,2760,10501,5.12848,165,17.0144,0,0,5435,15751905996
314.046,3.18425,44.5583,0,86,65,44,2760,10501,5.12848,165,17.0144,0,0,5435,15755090421
419.737,2.38245,44.5583,0,86,65,44,2760,10501,5.12848,165,17.0144,0,0,5435,15757473241
359.801,2.77931,44.5583,0,86,65,44,2760,10501,5.12848,165,17.0144,0,0,5435,15760253008
374.811,2.66801,44.5583,0,86,65,44,2760,10501,5.12848,165,17.0144,0,0,5435,15762921271
386.934,2.58442,44.5583,0,86,65,44,2760,10501,5.12848,165,17.0144,0,0,5435,15765505983
303.456,3.29537,44.5583,0,86,65,44,2760,10501,5.12848,165,17.0144,0,0,5435,15768801681
429.557,2.32798,44.5583,0,86,65,44,2760,10501,5.12848,165,17.0144,0,0,5435,15771130000
216.797,4.61262,44.5583,0,86,65,44,2760,10501,5.12848,165,17.0144,0,0,5435,15775742934
702.437,1.42361,44.5583,0,86,65,44,2760,10501,5.12848,165,17.0144,0,0,5435,15777166972
601.136,1.66352,44.5583,0,86,65,44,2760,10501,5.12848,165,17.0144,0,0,5435,15778830778
284.22,3.51841,44.5583,0,86,65,44,2760,10501,5.12848,165,17.0144,0,0,5435,15782349493
409.164,2.44401,44.5583,0,86,65,44,2760,10501,5.12848,165,17.0144,0,0,5435,15784793835
460.4,2.17202,44.5583,0,86,65,44,2760,10501,5.12848,165,17.0144,0,0,5435,15786966168
418.804,2.38775,44.5583,0,86,65,44,2760,10501,5.12848,165,17.0144,0,0,5435,15789354383
377.192,2.65117,44.5583,0,86,65,44,2760,10501,5.12848,165,17.0144,0,0,5435,15792005741
323.762,3.08869,44.5583,0,86,65,44,2760,10501,5.12848,165,17.0144,0,0,5435,15795094769
402.602,2.48384,44.5583,0,86,65,44,2760,10501,5.12848,165,17.0144,0,0,5435,15797578891
195.76,5.10831,44.5583,0,86,65,44,2760,10501,5.12848,165,17.0144,0,0,5435,15802687669
303.946,3.29005,44.5583,0,86,65,44,2760,10501,5.12848,165,17.0144,0,0,5435,15805977933
1460.81,0.684552,44.5583,0,86,65,44,2760,10501,5.12848,165,17.0144,0,0,5435,15806662822
600.019,1.66661,44.5583,0,86,65,44,2760,10501,5.12848,165,17.0144,0,0,5435,15808329743
334.883,2.98612,44.5583,0,86,65,44,2760,10501,5.12848,165,17.0144,0,0,5435,15811316296
424.103,2.35792,44.5583,0,86,65,44,2760,10501,5.12848,165,17.0144,0,0,5435,15813674472
302.725,3.30333,44.5583,0,86,65,44,2760,10501,5.12848,165,17.0144,0,0,5435,15816978093
475.621,2.10251,44.5583,0,86,65,44,2760,10501,5.12848,165,17.0144,0,0,5435,15819080865
339.41,2.94629,44.5583,0,86,65,44,2760,10501,5.12848,165,17.0144,0,0,5435,15822027676
392.951,2.54485,44.5583,0,86,65,44,2760,10501,5.12848,165,17.0144,0,0,5435,15824572743
172.269,5.80489,44.5583,0,86,65,44,2760,10501,5.12848,165,17.0144,0,0,5435,15830378006
361.133,2.76906,44.5583,0,86,65,44,2760,10501,5.12848,165,17.0144,0,0,5435,15833147474
1289.83,0.775295,44.5583,0,86,65,44,2760,10501,5.12848,165,17.0144,0,0,5435,15833922625
503.857,1.98469,44.5583,0,86,65,44,2760,10501,5.12848,165,17.0144,0,0,5435,15835907981
420.592,2.3776,44.5583,0,86,65,44,2760,10501,5.12848,165,17.0144,0,0,5435,15838285772
351.14,2.84787,44.5583,0,86,65,44,2760,10501,5.12848,165,17.0144,0,0,5435,15841133974
334.439,2.99008,44.5583,0,86,65,44,2760,10501,5.12848,165,17.0144,0,0,5435,15844124305
433.29,2.30792,44.5583,0,86,65,44,2760,10501,5.12848,165,17.0144,0,0,5435,15846432614
369.667,2.70514,44.5583,0,86,65,44,2760,10501,5.12848,165,17.0144,0,0,5435,15849138032
380.338,2.62924,44.5583,0,86,65,44,2760,10501,5.12848,165,17.0144,0,0,5435,15851767678
198.284,5.04327,44.5583,0,86,65,44,2760,10501,5.12848,165,17.0144,0,0,5435,15856811425
739.368,1.35251,44.5583,0,86,65,44,2760,10501,5.12848,165,17.0144,0,0,5435,15858164096
441.166,2.26672,44.5583,0,86,65,44,2760,10501,5.12848,165,17.0144,0,0,5435,15860431192
361.058,2.76964,44.5583,0,86,65,44,2760,10501,5.12848,165,17.0144,0,0,5435,15863201121
396.263,2.52358,44.5583,0,86,65,44,2760,10501,5.12848,165,17.0144,0,0,5435,15865725033
392.81,2.54576,44.5583,0,86,65,44,2760,10501,5.12848,165,17.0144,0,0,5435,15868271033
348.208,2.87185,44.5583,0,86,65,44,2760,10501,5.12848,165,17.0144,0,0,5435,15871143312
325.801,3.06935,44.5583,0,86,65,44,2760,10501,5.12848,165,17.0144,0,0,5435,15874212954
361.932,2.76295,44.5583,0,86,65,44,2760,10501,5.12848,165,17.0144,0,0,5435,15876976201
429.287,2.32944,44.5583,0,86,65,44,2760,10501,5.12848,165,17.0144,0,0,5435,15879305972
199.829,5.00427,44.5583,0,86,65,44,2760,10501,5.12848,165,17.0144,0,0,5435,15884310650
614.444,1.62749,44.5583,0,86,65,44,2760,10501,5.12848,165,17.0144,0,0,5435,15885938349
412.009,2.42713,44.5583,0,86,65,44,2760,10501,5.12848,165,17.0144,0,0,5435,15888367700
485.35,2.06037,44.3299,0,86,65,44,2760,10501,5.12848,166,17.0161,0,0,5446,15890426472
354.995,2.81694,44.3299,0,86,65,44,2760,10501,5.12848,166,17.0161,0,0,5446,15893243913
348.674,2.86801,44.3299,0,86,65,44,2760,10501,5.12848,166,17.0161,0,0,5446,15896112048
341.424,2.92891,44.3299,0,86,65,44,2760,10501,5.12848,166,17.0161,0,0,5446,15899041195
477.598,2.09381,44.3299,0,86,65,44,2760,10501,5.12848,166,17.0161,0,0,5446,15901135390
402.772,2.4828,44.3299,0,86,65,44,2760,10501,5.12848,166,17.0161,0,0,5446,15903618426
353.722,2.82708,44.3299,0,86,65,44,2760,10501,5.12848,166,17.0161,0,0,5446,15906445906
207.68,4.81509,44.3299,0,86,65,44,2760,10501,5.12848,166,17.0161,0,0,5446,15911261289
375.444,2.66351,44.3299,0,86,65,44,2760,10501,5.12848,166,17.0161,0,0,5446,15913925206
1571.35,0.636396,44.3299,0,86,65,44,2760,10501,5.12848,166,17.0161,0,0,5446,15914561910
368.464,2.71397,44.3299,0,86,65,44,2760,10501,5.12848,166,17.0161,0,0,5446,15917276194
405.587,2.46556,44.3299,0,86,65,44,2760,10501,5.12848,166,17.0161,0,0,5446,15919742113
318.648,3.13826,44.3299,0,86,65,44,2760,10501,5.12848,166,17.0161,0,0,5446,15922880757
457.65,2.18507,44.3299,0,86,65,44,2760,10501,5.12848,166,17.0161,0,0,5446,15925066187
344.851,2.8998,44.3299,0,86,65,44,2760,10501,5.12848,166,17.0161,0,0,5446,15927966256
420.955,2.37555,44.3299,0,86,65,44,2760,10501,5.12848,166,17.0161,0,0,5446,15930342172
313.66,3.18816,44.3299,0,86,65,44,2760,10501,5.12848,166,17.0161,0,0,5446,15933530876
245.012,4.08143,44.3299,0,86,65,44,2760,10501,5.12848,166,17.0161,0,0,5446,15937612523
577.877,1.73047,44.3299,0,86,65,44,2760,10501,5.12848,166,17.0161,0,0,5446,15939343303
375.861,2.66056,44.3299,0,86,65,44,2760,10501,5.12848,166,17.0161,0,0,5446,15942004171
411.905,2.42775,44.3299,0,86,65,44,2760,10501,5.12848,166,17.0161,0,0,5446,15944432234
354.086,2.82417,44.3299,0,86,65,44,2760,10501,5.12848,166,17.0161,0,0,5446,15947256694
366.414,2.72915,44.3299,0,86,65,44,2760,10501,5.12848,166,17.0161,0,0,5446,15949986200
323.531,3.09089,44.3299,0,86,65,44,2760,10501,5.12848,166,17.0161,0,0,5446,15953077419
323.037,3.09562,44.3299,0,86,65,44,2760,10501,5.12848,166,17.0161,0,0,5446,15956173341
580.701,1.72206,44.3299,0,86,65,44,2760,10501,5.12848,166,17.0161,0,0,5446,15957895726
354.616,2.81995,44.3299,0,86,65,44,2760,10501,5.12848,166,17.0161,0,0,5446,15960715975
233.318,4.28599,44.3299,0,86,65,44,2760,10501,5.12848,166,17.0161,0,0,5446,15965002417
304.801,3.28083,44.3299,0,86,65,44,2760,10501,5.12848,166,17.0161,0,0,5446,15968283480
1381.87,0.723659,44.3299,0,86,65,44,2760,10501,5.12848,166,17.0161,0,0,5446,15969007572
453.096,2.20704,44.3299,0,86,65,44,2760,10501,5.12848,166,17.0161,0,0,5446,15971214857
265.403,3.76785,44.3299,0,86,65,44,2760,10501,5.12848,166,17.0161,0,0,5446,15974982907
323.628,3.08997,44.3299,0,86,65,44,2760,10501,5.12848,166,17.0161,0,0,5446,15978073175
582.767,1.71595,44.3299,0,86,65,44,2760,10501,5.12848,166,17.0161,0,0,5446,15979789531
447.16,2.23634,44.3299,0,86,65,44,2760,10501,5.12848,166,17.0161,0,0,5446,15982026231
336.82,2.96895,44.3299,0,86,65,44,2760,10501,5.12848,166,17.0161,0,0,5446,15984995649
556.759,1.79611,44.3299,0,86,65,44,2760,10501,5.12848,166,17.0161,0,0,5446,15986791979
202.622,4.9353,44.3299,0,86,65,44,2760,10501,5.12848,166,17.0161,0,0,5446,15991727818
693.583,1.44179,44.3299,0,86,65,44,2760,10501,5.12848,166,17.0161,0,0,5446,15993169828
425.981,2.34752,44.3299,0,86,65,44,2760,10501,5.12848,166,17.0161,0,0,5446,15995517580
352.828,2.83424,44.3299,0,86,65,44,2760,10501,5.12848,166,17.0161,0,0,5446,15998352166
375.108,2.6659,44.3299,0,86,65,44,2760,10501,5.12848,166,17.0161,0,0,5446,16001018371
509.447,1.96291,44.3299,0,86,65,44,2760,10501,5.12848,166,17.0161,0,0,5446,16002981659
334.263,2.99166,44.3299,0,86,65,44,2760,10501,5.12848,166,17.0161,0,0,5446,16005973625
381.234,2.62306,44.3299,0,86,65,44,2760,10501,5.12848,166,17.0161,0,0,5446,16008597031
282.463,3.54028,44.3299,0,86,65,44,2760,10501,5.12848,166,17.0161,0,0,5446,16012137640
565.798,1.76742,44.3299,0,86,65,44,2760,10501,5.12848,166,17.0161,0,0,5446,16013905315
243.402,4.10843,44.3299,0,86,65,44,2760,10501,5.12848,166,17.0161,0,0,5446,16018014146
620.334,1.61204,44.3299,0,86,65,44,2760,10501,5.12848,166,17.0161,0,0,5446,16019626364
335.191,2.98337,44.3299,0,86,65,44,2760,10501,5.12848,166,17.0161,0,0,5446,16022610205
460.498,2.17156,44.3299,0,86,65,44,2760,10501,5.12848,166,17.0161,0,0,5446,16024781961
366.169,2.73098,44.3299,0,86,65,44,2760,10501,5.12848,166,17.0161,0,0,5446,16027513283
414.608,2.41192,44.3299,0,86,65,44,2760,10501,5.12848,166,17.0161,0,0,5446,16029925499
353.464,2.82914,44.3299,0,86,65,44,2760,10501,5.12848,166,17.0161,0,0,5446,16032754979
391.817,2.55221,44.3299,0,86,65,44,2760,10501,5.12848,166,17.0161,0,0,5446,16035307517
352.308,2.83842,44.3299,0,86,65,44,2760,10501,5.12848,166,17.0161,0,0,5446,16038146459
339.42,2.9462,44.3299,0,86,65,44,2760,10501,5.12848,166,17.0161,0,0,5446,16041092780
196.521,5.08853,44.3299,0,86,65,44,2760,10501,5.12848,166,17.0161,0,0,5446,16046181653
2361.46,0.423466,44.3299,0,86,65,44,2760,10501,5.12848,166,17.0161,0,0,5446,16046605427
224.691,4.45055,44.3299,0,86,65,44,2760,10501,5.12848,166,17.0161,0,0,5446,16051056654
2563.83,0.390042,44.3299,0,86,65,44,2760,10501,5.12848,166,17.0161,0,0,5446,16051446398
394.781,2.53305,44.3299,0,86,65,44,2760,10501,5.12848,166,17.0161,0,0,5446,16053980012
346.412,2.88673,44.3299,0,86,65,44,2760,10501,5.12848,166,17.0161,0,0,5446,16056867023
371.109,2.69463,44.3299,0,86,65,44,2760,10501,5.12848,166,17.0161,0,0,5446,16059562017
356.616,2.80413,44.3299,0,86,65,44,2760,10501,5.12848,166,17.0161,0,0,5446,16062366535
352.053,2.84048,44.3299,0,86,65,44,2760,10501,5.12848,166,17.0161,0,0,5446,16065207236
297.463,3.36176,44.3299,0,86,65,44,2760,10501,5.12848,166,17.0161,0,0,5446,16068569330
268.537,3.72388,44.3299,0,86,65,44,2760,10501,5.12848,166,17.0161,0,0,5446,16072293494
351.511,2.84487,44.3299,0,86,65,44,2760,10501,5.12848,166,17.0161,0,0,5446,16075138609
1004.77,0.995255,44.3299,0,86,65,44,2760,10501,5.12848,166,17.0161,0,0,5446,16076134220
382.543,2.61409,44.3299,0,86,65,44,2760,10501,5.12848,166,17.0161,0,0,5446,16078748654
482.537,2.07238,44.3299,0,86,65,44,2760,10501,5.12848,166,17.0161,0,0,5446,16080821397
373.154,2.67986,44.3299,0,86,65,44,2760,10501,5.12848,166,17.0161,0,0,5446,16083501516
326.846,3.05955,44.3299,0,86,65,44,2760,10501,5.12848,166,17.0161,0,0,5446,16086561360
300.492,3.32787,44.3299,0,86,65,44,2760,10501,5.12848,166,17.0161,0,0,5446,16089889530
611.421,1.63554,44.3299,0,86,65,44,2760,10501,5.12848,166,17.0161,0,0,5446,16091525402
335.656,2.97924,44.3299,0,86,65,44,2760,10501,5.12848,166,17.0161,0,0,5446,16094504983
196.939,5.07771,44.3299,0,86,65,44,2760,10501,5.12848,166,17.0161,0,0,5446,16099583001
1695.52,0.589789,44.3299,0,86,65,44,2760,10501,5.12848,166,17.0161,0,0,5446,16100173049
430.114,2.32496,44.3299,0,86,65,44,2760,10501,5.12848,166,17.0161,0,0,5446,16102498320
439.914,2.27317,44.3299,0,86,65,44,2760,10501,5.12848,166,17.0161,0,0,5446,16104771781
332.746,3.00529,44.3299,0,86,65,44,2760,10501,5.12848,166,17.0161,0,0,5446,16107777565
372.082,2.68758,44.3299,0,86,65,44,2760,10501,5.12848,166,17.0161,0,0,5446,16110465435
287.918,3.47321,44.3299,0,86,65,44,2760,10501,5.12848,166,17.0161,0,0,5446,16113939071
448.621,2.22905,44.3299,0,86,65,44,2760,10501,5.12848,166,17.0161,0,0,5446,16116168434
452.978,2.20761,44.3299,0,86,65,44,2760,10501,5.12848,166,17.0161,0,0,5446,16118376374
352.887,2.83377,44.3299,0,86,65,44,2760,10501,5.12848,166,17.0161,0,0,5446,16121210229
272.617,3.66815,44.3299,0,86,65,44,2760,10501,5.12848,166,17.0161,0,0,5446,16124878815
514.488,1.94368,44.3299,0,86,65,44,2760,10501,5.12848,166,17.0161,0,0,5446,16126822842
411.359,2.43097,44.3299,0,86,65,44,2760,10501,5.12848,166,17.0161,0,0,5446,16129254173
370.856,2.69647,44.3299,0,86,65,44,2760,10501,5.12848,166,17.0161,0,0,5446,16131951005
401.674,2.48958,44.3299,0,86,65,44,2760,10501,5.12848,166,17.0161,0,0,5446,16134440887
380.848,2.62572,44.3299,0,86,65,44,2760,10501,5.12848,166,17.0161,0,0,5446,16137066946
309.844,3.22744,44.3299,0,86,65,44,2760,10501,5.12848,166,17.0161,0,0,5446,16140294690
446.433,2.23998,44.3299,0,86,65,44,2760,10501,5.12848,166,17.0161,0,0,5446,16142535025
413.939,2.41581,44.3299,0,86,65,44,2760,10501,5.12848,166,17.0161,0,0,5446,16144951039
348.33,2.87084,44.3299,0,86,65,44,2760,10501,5.12848,166,17.0161,0,0,5446,16147822338
218.08,4.58547,44.3299,0,86,65,44,2760,10501,5.12848,166,17.0161,0,0,5446,16152408223
300.273,3.3303,44.3299,0,86,65,44,2760,10501,5.12848,166,17.0161,0,0,5446,16155738720
646.825,1.54601,44.3299,0,86,65,44,2760,10501,5.12848,166,17.0161,0,0,5446,16157285060
506.149,1.9757,44.3299,0,86,65,44,2760,10501,5.12848,166,17.0161,0,0,5446,16159261290
338.081,2.95787,44.3299,0,86,65,44,2760,10501,5.12848,166,17.0161,0,0,5446,16162219313
460.637,2.17091,44.3299,0,86,65,44,2760,10501,5.12848,166,17.0161,0,0,5446,16164390406
393.233,2.54302,44.3299,0,86,65,44,2760,10501,5.12848,166,17.0161,0,0,5446,16166933722
377.878,2.64636,44.3299,0,86,65,44,2760,10501,5.12848,166,17.0161,0,0,5446,16169580475
298.518,3.34988,44.3299,0,86,65,44,2760,10501,5.12848,166,17.0161,0,0,5446,16172930741
335.613,2.97962,44.3299,0,86,65,44,2760,10501,5.12848,166,17.0161,0,0,5446,16175910630
290.461,3.44281,44.3299,0,86,65,44,2760,10501,5.12848,166,17.0161,0,0,5446,16179353794
487.857,2.04978,44.3299,0,86,65,44,2760,10501,5.12848,166,17.0161,0,0,5446,16181403873
324.519,3.08148,44.3299,0,86,65,44,2760,10501,5.12848,166,17.0161,0,0,5446,16184485669
589.092,1.69753,44.3299,0,86,65,44,2760,10501,5.12848,166,17.0161,0,0,5446,16186183534
349.896,2.85799,44.3299,0,86,65,44,2760,10501,5.12848,166,17.0161,0,0,5446,16189041929
359.391,2.78249,44.3299,0,86,65,44,2760,10501,5.12848,166,17.0161,0,0,5446,16191824686
423.342,2.36216,44.3299,0,86,65,44,2760,10501,5.12848,166,17.0161,0,0,5446,16194187160
346.509,2.88592,44.3299,0,86,65,44,2760,10501,5.12848,166,17.0161,0,0,5446,16197073411
397.987,2.51264,44.3299,0,86,65,44,2760,10501,5.12848,166,17.0161,0,0,5446,16199586467
380.658,2.62703,44.3299,0,86,65,44,2760,10501,5.12848,166,17.0161,0,0,5446,16202213892
172.126,5.80969,44.3299,0,86,65,44,2760,10501,5.12848,166,17.0161,0,0,5446,16208023799
1921.34,0.520469,44.3299,0,86,65,44,2760,10501,5.12848,166,17.0161,0,0,5446,16208544422
505.082,1.97987,44.3299,0,86,65,44,2760,10501,5.12848,166,17.0161,0,0,5446,16210524604
235.463,4.24695,44.3299,0,86,65,44,2760,10501,5.12848,166,17.0161,0,0,5446,16214771940
467.041,2.14114,44.3299,0,86,65,44,2760,10501,5.12848,166,17.0161,0,0,5446,16216913435
546.688,1.8292,44.3299,0,86,65,44,2760,10501,5.12848,166,17.0161,0,0,5446,16218742708
399.312,2.50431,44.3299,0,86,65,44,2760,10501,5.12848,166,17.0161,0,0,5446,16221247399
268.232,3.72812,44.3299,0,86,65,44,2760,10501,5.12848,166,17.0161,0,0,5446,16224975976
651.762,1.5343,44.3299,0,86,65,44,2760,10501,5.12848,166,17.0161,0,0,5446,16226510470
365.234,2.73797,44.3299,0,86,65,44,2760,10501,5.12848,166,17.0161,0,0,5446,16229248822
181.158,5.52004,44.3299,0,86,65,44,2760,10501,5.12848,166,17.0161,0,0,5446,16234769527
1018.94,0.981408,44.3299,0,86,65,44,2760,10501,5.12848,166,17.0161,0,0,5446,16235751012
395.669,2.52736,44.3299,0,86,65,44,2760,10501,5.12848,166,17.0161,0,0,5446,16238278732
437.14,2.2876,44.3299,0,86,65,44,2760,10501,5.12848,166,17.0161,0,0,5446,16240566578
383.721,2.60606,44.3299,0,86,65,44,2760,10501,5.12848,166,17.0161,0,0,5446,16243173166
356.056,2.80855,44.3299,0,86,65,44,2760,10501,5.12848,166,17.0161,0,0,5446,16245982049
295.957,3.37887,44.3299,0,86,65,44,2760,10501,5.12848,166,17.0161,0,0,5446,16249360981
670.003,1.49253,44.3299,0,86,65,44,2760,10501,5.12848,166,17.0161,0,0,5446,16250853858
316.589,3.15867,44.3299,0,86,65,44,2760,10501,5.12848,166,17.0161,0,0,5446,16254012781
420.426,2.37854,44.3299,0,86,65,44,2760,10501,5.12848,166,17.0161,0,0,5446,16256391679
211.103,4.73702,44.3299,0,86,65,44,2760,10501,5.12848,166,17.0161,0,0,5446,16261128964
653.573,1.53005,44.3299,0,86,65,44,2760,10501,5.12848,166,17.0161,0,0,5446,16262659381
390.513,2.56073,44.3299,0,86,65,44,2760,10501,5.12848,166,17.0161,0,0,5446,16265220409
261.134,3.82945,44.3299,0,86,65,44,2760,10501,5.12848,166,17.0161,0,0,5446,16269050182
429.835,2.32647,44.3299,0,86,65,44,2760,10501,5.12848,166,17.0161,0,0,5446,16271377194
546.711,1.82912,44.3299,0,86,65,44,2760,10501,5.12848,166,17.0161,0,0,5446,16273206505
266.836,3.74762,44.3299,0,86,65,44,2760,10501,5.12848,166,17.0161,0,0,5446,16276954689
755.86,1.323,44.3299,0,86,65,44,2760,10501,5.12848,166,17.0161,0,0,5446,16278277945
265.915,3.7606,44.3299,0,86,65,44,2760,10501,5.12848,166,17.0161,0,0,5446,16282038822
491.565,2.03432,44.3299,0,86,65,44,2760,10501,5.12848,166,17.0161,0,0,5446,16284073468
372.992,2.68102,44.3299,0,86,65,44,2760,10501,5.12848,166,17.0161,0,0,5446,16286754856
302.531,3.30545,44.3299,0,86,65,44,2760,10501,5.12848,166,17.0161,0,0,5446,16290060573
440.108,2.27217,44.3299,0,86,65,44,2760,10501,5.12848,166,17.0161,0,0,5446,16292333121
445.394,2.2452,44.3299,0,86,65,44,2760,10501,5.12848,166,17.0161,0,0,5446,16294578600
340.885,2.93354,44.3299,0,86,65,44,2760,10501,5.12848,166,17.0161,0,0,5446,16297512497
527.652,1.89519,44.3299,0,86,65,44,2760,10501,5.12848,166,17.0161,0,0,5446,16299407946
192.026,5.20762,44.3299,0,86,65,44,2760,10501,5.12848,166,17.0161,0,0,5446,16304616131
1732.87,0.577078,44.3299,0,86,65,44,2760,10501,5.12848,166,17.0161,0,0,5446,16305193391
345.296,2.89607,44.3299,0,86,65,44,2760,10501,5.12848,166,17.0161,0,0,5446,16308089758
424.961,2.35316,44.3299,0,86,65,44,2760,10501,5.12848,166,17.0161,0,0,5446,16310443154
427.41,2.33967,44.3299,0,86,65,44,2760,10501,5.12848,166,17.0161,0,0,5446,16312783291
311.87,3.20646,44.3299,0,86,65,44,2760,10501,5.12848,166,17.0161,0,0,5446,16315990014
374.12,2.67294,44.3299,0,86,65,44,2760,10501,5.12848,166,17.0161,0,0,5446,16318663374
413.19,2.4202,44.3299,0,86,65,44,2760,10501,5.12848,166,17.0161,0,0,5446,16321083849
343.876,2.90802,44.3299,0,86,65,44,2760,10501,5.12848,166,17.0161,0,0,5446,16323992313
341.659,2.9269,44.3299,0,86,65,44,2760,10501,5.12848,166,17.0161,0,0,5446,16326919469
477.243,2.09537,44.3299,0,86,65,44,2760,10501,5.12848,166,17.0161,0,0,5446,16329015145
347.905,2.87435,44.3299,0,86,65,44,2760,10501,5.12848,166,17.0161,0,0,5446,16331889723
409.911,2.43955,44.3299,0,86,65,44,2760,10501,5.12848,166,17.0161,0,0,5446,16334329719
353.757,2.8268,44.3299,0,86,65,44,2760,10501,5.12848,166,17.0161,0,0,5446,16337156920
192.521,5.19425,44.3299,0,86,65,44,2760,10501,5.12848,166,17.0161,0,0,5446,16342351528
1262.14,0.792306,44.3299,0,86,65,44,2760,10501,5.12848,166,17.0161,0,0,5446,16343143689
287.954,3.47277,44.3299,0,86,65,44,2760,10501,5.12848,166,17.0161,0,0,5446,16346616969
895.804,1.11632,44.3299,0,86,65,44,2760,10501,5.12848,166,17.0161,0,0,5446,16347733584
410.795,2.4343,44.3299,0,86,65,44,2760,10501,5.12848,166,17.0161,0,0,5446,16350168156
292.874,3.41444,44.3299,0,86,65,44,2760,10501,5.12848,166,17.0161,0,0,5446,16353582877
410.103,2.43841,44.3299,0,86,65,44,2760,10501,5.12848,166,17.0161,0,0,5446,16356021786
396.583,2.52154,44.3299,0,86,65,44,2760,10501,5.12848,166,17.0161,0,0,5446,16358543487
339.522,2.94532,44.3299,0,86,65,44,2760,10501,5.12848,166,17.0161,0,0,5446,16361489153
483.132,2.06983,44.3299,0,86,65,44,2760,10501,5.12848,166,17.0161,0,0,5446,16363559252
158.842,6.29556,44.3299,0,86,65,44,2760,10501,5.12848,166,17.0161,0,0,5446,16369855204
327.452,3.05388,44.3299,0,86,65,44,2760,10501,5.12848,166,17.0161,0,0,5446,16372909375
592.12,1.68885,44.3299,0,86,65,44,2760,10501,5.12848,166,17.0161,0,0,5446,16374598537
573.812,1.74273,44.3299,0,86,65,44,2760,10501,5.12848,166,17.0161,0,0,5446,16376341615
370.297,2.70053,44.3299,0,86,65,44,2760,10501,5.12848,166,17.0161,0,0,5446,16379042437
292.41,3.41986,44.3299,0,86,65,44,2760,10501,5.12848,166,17.0161,0,0,5446,16382462783
614.013,1.62863,44.3299,0,86,65,44,2760,10501,5.12848,166,17.0161,0,0,5446,16384091732
364.243,2.74542,44.3299,0,86,65,44,2760,10501,5.12848,166,17.0161,0,0,5446,16386837498
393.822,2.53922,44.3299,0,86,65,44,2760,10501,5.12848,166,17.0161,0,0,5446,16389378920
347.824,2.87502,43.4109,0,86,65,44,2760,10501,5.12848,165,17.0185,0,0,5429,16392252507
261.33,3.82658,43.4109,0,86,65,44,2760,10501,5.12848,165,17.0185,0,0,5429,16396079405
527.941,1.89415,43.4109,0,86,65,44,2760,10501,5.12848,165,17.0185,0,0,5429,16397973787
393.61,2.54059,43.4109,0,86,65,44,2760,10501,5.12848,165,17.0185,0,0,5429,16400514613
275.058,3.6356,43.4109,0,86,65,44,2760,10501,5.12848,165,17.0185,0,0,5429,16404150610
441.616,2.26441,43.4109,0,86,65,44,2760,10501,5.12848,165,17.0185,0,0,5429,16406415350
498.913,2.00436,43.4109,0,86,65,44,2760,10501,5.12848,165,17.0185,0,0,5429,16408419927
208.095,4.80551,43.4109,0,86,65,44,2760,10501,5.12848,165,17.0185,0,0,5429,16413225887
793.159,1.26078,43.4109,0,86,65,44,2760,10501,5.12848,165,17.0185,0,0,5429,16414486920
471.404,2.12132,43.4109,0,86,65,44,2760,10501,5.12848,165,17.0185,0,0,5429,16416608597
317.8,3.14664,43.4109,0,86,65,44,2760,10501,5.12848,165,17.0185,0,0,5429,16419755636
244.909,4.08316,43.4109,0,86,65,44,2760,10501,5.12848,165,17.0185,0,0,5429,16423839110
298.889,3.34573,43.4109,0,86,65,44,2760,10501,5.12848,165,17.0185,0,0,5429,16427185377
440.559,2.26985,43.4109,0,86,65,44,2760,10501,5.12848,165,17.0185,0,0,5429,16429455492
368.91,2.71069,43.4109,0,86,65,44,2760,10501,5.12848,165,17.0185,0,0,5429,16432166573
688.942,1.4515,43.4109,0,86,65,44,2760,10501,5.12848,165,17.0185,0,0,5429,16433618315
259.331,3.85607,43.4109,0,86,65,44,2760,10501,5.12848,165,17.0185,0,0,5429,16437474800
685.852,1.45804,43.4109,0,86,65,44,2760,10501,5.12848,165,17.0185,0,0,5429,16438933109
348.34,2.87076,43.4109,0,86,65,44,2760,10501,5.12848,165,17.0185,0,0,5429,16441804158
435.094,2.29836,43.4109,0,86,65,44,2760,10501,5.12848,165,17.0185,0,0,5429,16444102822
298.928,3.34529,43.4109,0,86,65,44,2760,10501,5.12848,165,17.0185,0,0,5429,16447448627
292.531,3.41844,43.4109,0,86,65,44,2760,10501,5.12848,165,17.0185,0,0,5429,16450867357
523.901,1.90876,43.4109,0,86,65,44,2760,10501,5.12848,165,17.0185,0,0,5429,16452776422
454.346,2.20097,43.4109,0,86,65,44,2760,10501,5.12848,165,17.0185,0,0,5429,16454977823
386.105,2.58997,43.4109,0,86,65,44,2760,10501,5.12848,165,17.0185,0,0,5429,16457568103
365.624,2.73505,43.4109,0,86,65,44,2760,10501,5.12848,165,17.0185,0,0,5429,16460303531
341.47,2.92851,43.4109,0,86,65,44,2760,10501,5.12848,165,17.0185,0,0,5429,16463232370
419.107,2.38602,43.4109,0,86,65,44,2760,10501,5.12848,165,17.0185,0,0,5429,16465618787
398.882,2.50701,43.4109,0,86,65,44,2760,10501,5.12848,165,17.0185,0,0,5429,16468126218
331.681,3.01495,43.4109,0,86,65,44,2760,10501,5.12848,165,17.0185,0,0,5429,16471141473
345.924,2.89081,43.4109,0,86,65,44,2760,10501,5.12848,165,17.0185,0,0,5429,16474032532
269.666,3.70829,43.4109,0,86,65,44,2760,10501,5.12848,165,17.0185,0,0,5429,16477741128
445.301,2.24567,43.4109,0,86,65,44,2760,10501,5.12848,165,17.0185,0,0,5429,16479987339
697.804,1.43307,43.4109,0,86,65,44,2760,10501,5.12848,165,17.0185,0,0,5429,16481420599
329.616,3.03383,43.4109,0,86,65,44,2760,10501,5.12848,165,17.0185,0,0,5429,16484454672
305.512,3.2732,43.4109,0,86,65,44,2760,10501,5.12848,165,17.0185,0,0,5429,16487728196
481.871,2.07524,43.4109,0,86,65,44,2760,10501,5.12848,165,17.0185,0,0,5429,16489803746
376.806,2.65389,43.4109,0,86,65,44,2760,10501,5.12848,165,17.0185,0,0,5429,16492457961
278.476,3.59098,43.4109,0,86,65,44,2760,10501,5.12848,165,17.0185,0,0,5429,16496049380
519.108,1.92638,43.4109,0,86,65,44,2760,10501,5.12848,165,17.0185,0,0,5429,16497976041
425.14,2.35217,43.4109,0,86,65,44,2760,10501,5.12848,165,17.0185,0,0,5429,16500328457
215.213,4.64657,43.4109,0,86,65,44,2760,10501,5.12848,165,17.0185,0,0,5429,16504975344
317.32,3.1514,43.4109,0,86,65,44,2760,10501,5.12848,165,17.0185,0,0,5429,16508127076
452.328,2.21079,43.4109,0,86,65,44,2760,10501,5.12848,165,17.0185,0,0,5429,16510338188
537.814,1.85938,43.4109,0,86,65,44,2760,10501,5.12848,165,17.0185,0,0,5429,16512197876
532.253,1.8788,43.4109,0,86,65,44,2760,10501,5.12848,165,17.0185,0,0,5429,16514077161
339.303,2.94722,43.4109,0,86,65,44,2760,10501,5.12848,165,17.0185,0,0,5429,16517024568
492.762,2.02938,43.4109,0,86,65,44,2760,10501,5.12848,165,17.0185,0,0,5429,16519054155
365.921,2.73283,43.4109,0,86,65,44,2760,10501,5.12848,165,17.0185,0,0,5429,16521787401
302.949,3.30088,43.4109,0,86,65,44,2760,10501,5.12848,165,17.0185,0,0,5429,16525088609
333.423,2.9992,43.4109,0,86,65,44,2760,10501,5.12848,165,17.0185,0,0,5429,16528088142
257.641,3.88137,43.4109,0,86,65,44,2760,10501,5.12848,165,17.0185,0,0,5429,16531969850
796.109,1.25611,43.4109,0,86,65,44,2760,10501,5.12848,165,17.0185,0,0,5429,16533226239
522.052,1.91552,43.4109,0,86,65,44,2760,10501,5.12848,165,17.0185,0,0,5429,16535142092
346.052,2.88974,43.4109,0,86,65,44,2760,10501,5.12848,165,17.0185,0,0,5429,16538032151
329.896,3.03126,43.4109,0,86,65,44,2760,10501,5.12848,165,17.0185,0,0,5429,16541063733
708.081,1.41227,43.4109,0,86,65,44,2760,10501,5.12848,165,17.0185,0,0,5429,16542476425
266.903,3.74668,43.4109,0,86,65,44,2760,10501,5.12848,165,17.0185,0,0,5429,16546223350
479.346,2.08618,43.4109,0,86,65,44,2760,10501,5.12848,165,17.0185,0,0,5429,16548309833
317.99,3.14475,43.4109,0,86,65,44,2760,10501,5.12848,165,17.0185,0,0,5429,16551455026
457.703,2.18482,43.4109,0,86,65,44,2760,10501,5.12848,165,17.0185,0,0,5429,16553640263
199.764,5.00592,43.4109,0,86,65,44,2760,10501,5.12848,165,17.0185,0,0,5429,16558646403
520.227,1.92224,43.4109,0,86,65,44,2760,10501,5.12848,165,17.0185,0,0,5429,16560569083
738.58,1.35395,43.4109,0,86,65,44,2760,10501,5.12848,165,17.0185,0,0,5429,16561923350
389.804,2.56539,43.4109,0,86,65,44,2760,10501,5.12848,165,17.0185,0,0,5429,16564488984
290.694,3.44004,43.4109,0,86,65,44,2760,10501,5.12848,165,17.0185,0,0,5429,16567929389
650.991,1.53612,43.4109,0,86,65,44,2760,10501,5.12848,165,17.0185,0,0,5429,16569465825
315.365,3.17093,43.4109,0,86,65,44,2760,10501,5.12848,165,17.0185,0,0,5429,16572637096
301.58,3.31587,43.4109,0,86,65,44,2760,10501,5.12848,165,17.0185,0,0,5429,16575953265
473.911,2.1101,43.4109,0,86,65,44,2760,10501,5.12848,165,17.0185,0,0,5429,16578063682
515.866,1.93849,43.4109,0,86,65,44,2760,10501,5.12848,165,17.0185,0,0,5429,16580002555
332.36,3.00878,43.4109,0,86,65,44,2760,10501,5.12848,165,17.0185,0,0,5429,16583011503
276.086,3.62206,43.4109,0,86,65,44,2760,10501,5.12848,165,17.0185,0,0,5429,16586633875
486.877,2.05391,43.4109,0,86,65,44,2760,10501,5.12848,165,17.0185,0,0,5429,16588688252
432.007,2.31478,43.4109,0,86,65,44,2760,10501,5.12848,165,17.0185,0,0,5429,16591003263
372.538,2.68429,43.4109,0,86,65,44,2760,10501,5.12848,165,17.0185,0,0,5429,16593688093
360.205,2.7762,43.4109,0,86,65,44,2760,10501,5.12848,165,17.0185,0,0,5429,16596464447
376.436,2.65649,43.4109,0,86,65,44,2760,10501,5.12848,165,17.0185,0,0,5429,16599121296
384.59,2.60017,43.4109,0,86,65,44,2760,10501,5.12848,165,17.0185,0,0,5429,16601721816
383.738,2.60594,43.4109,0,86,65,44,2760,10501,5.12848,165,17.0185,0,0,5429,16604328048
366.08,2.73164,43.4109,0,86,65,44,2760,10501,5.12848,165,17.0185,0,0,5429,16607059996
371.929,2.68869,43.4109,0,86,65,44,2760,10501,5.12848,165,17.0185,0,0,5429,16609749010
256.427,3.89975,43.4109,0,86,65,44,2760,10501,5.12848,165,17.0185,0,0,5429,16613649189
559.298,1.78796,43.4109,0,86,65,44,2760,10501,5.12848,165,17.0185,0,0,5429,16615437394
392.055,2.55066,43.4109,0,86,65,44,2760,10501,5.12848,165,17.0185,0,0,5429,16617988364
431.265,2.31876,43.4109,0,86,65,44,2760,10501,5.12848,165,17.0185,0,0,5429,16620307433
251.426,3.97732,43.4109,0,86,65,44,2760,10501,5.12848,165,17.0185,0,0,5429,16624285182
671.587,1.48901,43.4109,0,86,65,44,2760,10501,5.12848,165,17.0185,0,0,5429,16625774463
438.957,2.27813,43.4109,0,86,65,44,2760,10501,5.12848,165,17.0185,0,0,5429,16628053011
392.059,2.55063,43.4109,0,86,65,44,2760,10501,5.12848,165,17.0185,0,0,5429,16630604020
364.306,2.74495,43.4109,0,86,65,44,2760,10501,5.12848,165,17.0185,0,0,5429,16633349343
364.203,2.74572,43.4109,0,86,65,44,2760,10501,5.12848,165,17.0185,0,0,5429,16636095388
267.398,3.73974,43.4109,0,86,65,44,2760,10501,5.12848,165,17.0185,0,0,5429,16639835552
624.652,1.60089,43.4109,0,86,65,44,2760,10501,5.12848,165,17.0185,0,0,5429,16641436664
385.131,2.59652,43.4109,0,86,65,44,2760,10501,5.12848,165,17.0185,0,0,5429,16644033598
196.596,5.08659,43.4109,0,86,65,44,2760,10501,5.12848,165,17.0185,0,0,5429,16649120529
2387.76,0.418802,43.4109,0,86,65,44,2760,10501,5.12848,165,17.0185,0,0,5429,16649539591
403.284,2.47964,43.4109,0,86,65,44,2760,10501,5.12848,165,17.0185,0,0,5429,16652019598
302.601,3.30468,43.4109,0,86,65,44,2760,10501,5.12848,165,17.0185,0,0,5429,16655324651
436.091,2.2931,43.4109,0,86,65,44,2760,10501,5.12848,165,17.0185,0,0,5429,16657618075
262.847,3.80449,43.4109,0,86,65,44,2760,10501,5.12848,165,17.0185,0,0,5429,16661422972
527.43,1.89599,43.4109,0,86,65,44,2760,10501,5.12848,165,17.0185,0,0,5429,16663319190
168.399,5.93828,43.4109,0,86,65,44,2760,10501,5.12848,165,17.0185,0,0,5429,16669257803
452.972,2.20764,43.4109,0,86,65,44,2760,10501,5.12848,165,17.0185,0,0,5429,16671465859
586.391,1.70535,43.4109,0,86,65,44,2760,10501,5.12848,165,17.0185,0,0,5429,16673171531
251.672,3.97342,43.4109,0,86,65,44,2760,10501,5.12848,165,17.0185,0,0,5429,16677145281
304.135,3.28801,43.4109,0,86,65,44,2760,10501,5.12848,165,17.0185,0,0,5429,16680433699
2476.76,0.403754,43.4109,0,86,65,44,2760,10501,5.12848,165,17.0185,0,0,5429,16680837376
396.679,2.52093,43.4109,0,86,65,44,2760,10501,5.12848,165,17.0185,0,0,5429,16683358750
354.545,2.82052,43.4109,0,86,65,44,2760,10501,5.12848,165,17.0185,0,0,5429,16686179614
285.684,3.50037,43.4109,0,86,65,44,2760,10501,5.12848,165,17.0185,0,0,5429,16689680299
216.143,4.62656,43.4109,0,86,65,44,2760,10501,5.12848,165,17.0185,0,0,5429,16694307224
314.259,3.18209,43.4109,0,86,65,44,2760,10501,5.12848,165,17.0185,0,0,5429,16697489793
1883.11,0.531037,43.4109,0,86,65,44,2760,10501,5.12848,165,17.0185,0,0,5429,16698020984
411.455,2.4304,43.4109,0,86,65,44,2760,10501,5.12848,165,17.0185,0,0,5429,16700451662
344.632,2.90165,43.4109,0,86,65,44,2760,10501,5.12848,165,17.0185,0,0,5429,16703353597
377.251,2.65075,43.4109,0,86,65,44,2760,10501,5.12848,165,17.0185,0,0,5429,16706004676
382.89,2.61171,43.4109,0,86,65,44,2760,10501,5.12848,165,17.0185,0,0,5429,16708616736
338.3,2.95596,43.4109,0,86,65,44,2760,10501,5.12848,165,17.0185,0,0,5429,16711573152
372.284,2.68612,43.4109,0,86,65,44,2760,10501,5.12848,165,17.0185,0,0,5429,16714259733
327.262,3.05566,43.4109,0,86,65,44,2760,10501,5.12848,165,17.0185,0,0,5429,16717315606
243.263,4.11078,43.4109,0,86,65,44,2760,10501,5.12848,165,17.0185,0,0,5429,16721426735
591.272,1.69127,43.4109,0,86,65,44,2760,10501,5.12848,165,17.0185,0,0,5429,16723118330
518.461,1.92879,43.4109,0,86,65,44,2760,10501,5.12848,165,17.0185,0,0,5429,16725047443
361.036,2.7698,43.4109,0,86,65,44,2760,10501,5.12848,165,17.0185,0,0,5429,16727817565
376.791,2.65399,43.4109,0,86,65,44,2760,10501,5.12848,165,17.0185,0,0,5429,16730471962
201.046,4.97398,43.4109,0,86,65,44,2760,10501,5.12848,165,17.0185,0,0,5429,16735446351
2027.89,0.493123,43.4109,0,86,65,44,2760,10501,5.12848,165,17.0185,0,0,5429,16735939695
422.917,2.36453,43.4109,0,86,65,44,2760,10501,5.12848,165,17.0185,0,0,5429,16738304534
395.305,2.52969,43.4109,0,86,65,44,2760,10501,5.12848,165,17.0185,0,0,5429,16740834514
297.288,3.36374,43.4109,0,86,65,44,2760,10501,5.12848,165,17.0185,0,0,5429,16744198588
243.681,4.10373,43.4109,0,86,65,44,2760,10501,5.12848,165,17.0185,0,0,5429,16748302679
729.462,1.37087,43.4109,0,86,65,44,2760,10501,5.12848,165,17.0185,0,0,5429,16749673859
393.348,2.54228,43.4109,0,86,65,44,2760,10501,5.12848,165,17.0185,0,0,5429,16752216407
376.16,2.65845,43.4109,0,86,65,44,2760,10501,5.12848,165,17.0185,0,0,5429,16754875198
358.116,2.79239,43.4109,0,86,65,44,2760,10501,5.12848,165,17.0185,0,0,5429,16757667908
368.775,2.71168,43.4109,0,86,65,44,2760,10501,5.12848,165,17.0185,0,0,5429,16760379893
377.334,2.65018,43.4109,0,86,65,44,2760,10501,5.12848,165,17.0185,0,0,5429,16763030454
421.573,2.37207,43.4109,0,86,65,44,2760,10501,5.12848,165,17.0185,0,0,5429,16765402966
327.507,3.05337,43.4109,0,86,65,44,2760,10501,5.12848,165,17.0185,0,0,5429,16768456492
362.006,2.76238,43.4109,0,86,65,44,2760,10501,5.12848,165,17.0185,0,0,5429,16771219153
427.422,2.33961,43.4109,0,86,65,44,2760,10501,5.12848,165,17.0185,0,0,5429,16773559155
204.92,4.87995,43.4109,0,86,65,44,2760,10501,5.12848,165,17.0185,0,0,5429,16778439483
242.972,4.1157,43.4109,0,86,65,44,2760,10501,5.12848,165,17.0185,0,0,5429,16782555487
602.407,1.66001,43.4109,0,86,65,44,2760,10501,5.12848,165,17.0185,0,0,5429,16784215975
361.111,2.76923,43.4109,0,86,65,44,2760,10501,5.12848,165,17.0185,0,0,5429,16786985396
436.384,2.29156,43.4109,0,86,65,44,2760,10501,5.12848,165,17.0185,0,0,5429,16789277531
332.114,3.01101,43.4109,0,86,65,44,2760,10501,5.12848,165,17.0185,0,0,5429,16792288728
379.649,2.63401,43.4109,0,86,65,44,2760,10501,5.12848,165,17.0185,0,0,5429,16794923019
378.563,2.64157,43.4109,0,86,65,44,2760,10501,5.12848,165,17.0185,0,0,5429,16797564858
236.177,4.23411,43.4109,0,86,65,44,2760,10501,5.12848,165,17.0185,0,0,5429,16801799203
625.535,1.59863,43.4109,0,86,65,44,2760,10501,5.12848,165,17.0185,0,0,5429,16803398228
528.177,1.8933,43.4109,0,86,65,44,2760,10501,5.12848,165,17.0185,0,0,5429,16805292243
273.136,3.66118,43.4109,0,86,65,44,2760,10501,5.12848,165,17.0185,0,0,5429,16808953357
600.216,1.66607,43.4109,0,86,65,44,2760,10501,5.12848,165,17.0185,0,0,5429,16810619875
336.707,2.96994,43.4109,0,86,65,44,2760,10501,5.12848,165,17.0185,0,0,5429,16813590109
373.272,2.67901,43.4109,0,86,65,44,2760,10501,5.12848,165,17.0185,0,0,5429,16816269306
408.302,2.44917,43.4109,0,86,65,44,2760,10501,5.12848,165,17.0185,0,0,5429,16818718994
297.111,3.36575,43.4109,0,86,65,44,2760,10501,5.12848,165,17.0185,0,0,5429,16822085030
416.492,2.401,43.4109,0,86,65,44,2760,10501,5.12848,165,17.0185,0,0,5429,16824486352
479.448,2.08573,43.4109,0,86,65,44,2760,10501,5.12848,165,17.0185,0,0,5429,16826572518
337.612,2.96198,43.4109,0,86,65,44,2760,10501,5.12848,165,17.0185,0,0,5429,16829534656
340.839,2.93393,43.4109,0,86,65,44,2760,10501,5.12848,165,17.0185,0,0,5429,16832468967
469.237,2.13112,43.4109,0,86,65,44,2760,10501,5.12848,165,17.0185,0,0,5429,16834600548
260.958,3.83203,43.4109,0,86,65,44,2760,10501,5.12848,165,17.0185,0,0,5429,16838432956
603.445,1.65715,43.4109,0,86,65,44,2760,10501,5.12848,165,17.0185,0,0,5429,16840090368
380.293,2.62955,43.4109,0,86,65,44,2760,10501,5.12848,165,17.0185,0,0,5429,16842720264
360.927,2.77064,43.4109,0,86,65,44,2760,10501,5.12848,165,17.0185,0,0,5429,16845491223
259.959,3.84675,43.4109,0,86,65,44,2760,10501,5.12848,165,17.0185,0,0,5429,16849338372
581.139,1.72076,43.4109,0,86,65,44,2760,10501,5.12848,165,17.0185,0,0,5429,16851059411
225.291,4.43871,43.4109,0,86,65,44,2760,10501,5.12848,165,17.0185,0,0,5429,16855498522
702.205,1.42409,43.4109,0,86,65,44,2760,10501,5.12848,165,17.0185,0,0,5429,16856922945
411.484,2.43023,43.4109,0,86,65,44,2760,10501,5.12848,165,17.0185,0,0,5429,16859353450
387,2.58398,43.4109,0,86,65,44,2760,10501,5.12848,165,17.0185,0,0,5429,16861937748
375.129,2.66575,43.4109,0,86,65,44,2760,10501,5.12848,165,17.0185,0,0,5429,16864603809
361.707,2.76467,43.4109,0,86,65,44,2760,10501,5.12848,165,17.0185,0,0,5429,16867368787
361.675,2.76491,43.4109,0,86,65,44,2760,10501,5.12848,165,17.0185,0,0,5429,16870134053
390.781,2.55898,43.4109,0,86,65,44,2760,10501,5.12848,165,17.0185,0,0,5429,16872693265
330.624,3.02458,43.4109,0,86,65,44,2760,10501,5.12848,165,17.0185,0,0,5429,16875718193
340.693,2.93519,43.4109,0,86,65,44,2760,10501,5.12848,165,17.0185,0,0,5429,16878653706
207.926,4.8094,43.4109,0,86,65,44,2760,10501,5.12848,165,17.0185,0,0,5429,16883463368
532.085,1.8794,43.4109,0,86,65,44,2760,10501,5.12848,165,17.0185,0,0,5429,16885343008
582.61,1.71641,43.4109,0,86,65,44,2760,10501,5.12848,165,17.0185,0,0,5429,16887059922
426.876,2.3426,43.4109,0,86,65,44,2760,10501,5.12848,165,17.0185,0,0,5429,16889404972
384.891,2.59814,44.2159,0,85,65,44,2760,10501,5.12848,165,16.9817,0,0,5441,16892001261
441.084,2.26714,44.2159,0,85,65,44,2760,10501,5.12848,165,16.9817,0,0,5441,16894268780
359.632,2.78062,44.2159,0,85,65,44,2760,10501,5.12848,165,16.9817,0,0,5441,16897049739
348.869,2.86641,44.2159,0,85,65,44,2760,10501,5.12848,165,16.9817,0,0,5441,16899916576
394.494,2.53489,44.2159,0,85,65,44,2760,10501,5.12848,165,16.9817,0,0,5441,16902451642
363.171,2.75353,44.2159,0,85,65,44,2760,10501,5.12848,165,16.9817,0,0,5441,16905205610
208.472,4.79681,44.2159,0,85,65,44,2760,10501,5.12848,165,16.9817,0,0,5441,16910002628
384.267,2.60236,44.2159,0,85,65,44,2760,10501,5.12848,165,16.9817,0,0,5441,16912605465
241.915,4.13369,44.2159,0,85,65,44,2760,10501,5.12848,165,16.9817,0,0,5441,16916739345
2210.76,0.452333,44.2159,0,85,65,44,2760,10501,5.12848,165,16.9817,0,0,5441,16917192178
566.726,1.76452,44.2159,0,85,65,44,2760,10501,5.12848,165,16.9817,0,0,5441,16918956901
347.179,2.88036,44.2159,0,85,65,44,2760,10501,5.12848,165,16.9817,0,0,5441,16921837546
204.732,4.88443,44.2159,0,85,65,44,2760,10501,5.12848,165,16.9817,0,0,5441,16926722431
654.643,1.52755,44.2159,0,85,65,44,2760,10501,5.12848,165,16.9817,0,0,5441,16928250406
478.044,2.09186,44.2159,0,85,65,44,2760,10501,5.12848,165,16.9817,0,0,5441,16930342457
370.745,2.69727,44.2159,0,85,65,44,2760,10501,5.12848,165,16.9817,0,0,5441,16933040010
213.526,4.68327,44.2159,0,85,65,44,2760,10501,5.12848,165,16.9817,0,0,5441,16937723571
1805.06,0.553999,44.2159,0,85,65,44,2760,10501,5.12848,165,16.9817,0,0,5441,16938277927
418.989,2.3867,44.2159,0,85,65,44,2760,10501,5.12848,165,16.9817,0,0,5441,16940664911
289.577,3.45331,44.2159,0,85,65,44,2760,10501,5.12848,165,16.9817,0,0,5441,16944134874
509.185,1.96392,44.2159,0,85,65,44,2760,10501,5.12848,165,16.9817,0,0,5441,16946099113
404.728,2.47079,44.2159,0,85,65,44,2760,10501,5.12848,165,16.9817,0,0,5441,16948570235
322.25,3.10318,44.2159,0,85,65,44,2760,10501,5.12848,165,16.9817,0,0,5441,16951673782
394.225,2.53662,44.2159,0,85,65,44,2760,10501,5.12848,165,16.9817,0,0,5441,16954210637
242.398,4.12545,44.2159,0,85,65,44,2760,10501,5.12848,165,16.9817,0,0,5441,16958336449
620.608,1.61132,44.2159,0,85,65,44,2760,10501,5.12848,165,16.9817,0,0,5441,16959948099
197.641,5.05969,44.2159,0,85,65,44,2760,10501,5.12848,165,16.9817,0,0,5441,16965008106
381.019,2.62454,44.2159,0,85,65,44,2760,10501,5.12848,165,16.9817,0,0,5441,16967633060
2275.28,0.439506,44.2159,0,85,65,44,2760,10501,5.12848,165,16.9817,0,0,5441,16968072700
277.225,3.60718,44.2159,0,85,65,44,2760,10501,5.12848,165,16.9817,0,0,5441,16971680225
555.801,1.7992,44.2159,0,85,65,44,2760,10501,5.12848,165,16.9817,0,0,5441,16973479699
362.013,2.76233,44.2159,0,85,65,44,2760,10501,5.12848,165,16.9817,0,0,5441,16976242341
459.783,2.17494,44.2159,0,85,65,44,2760,10501,5.12848,165,16.9817,0,0,5441,16978417549
367.363,2.7221,44.2159,0,85,65,44,2760,10501,5.12848,165,16.9817,0,0,5441,16981139929
359.077,2.78492,44.2159,0,85,65,44,2760,10501,5.12848,165,16.9817,0,0,5441,16983925282
367.494,2.72113,44.2159,0,85,65,44,2760,10501,5.12848,165,16.9817,0,0,5441,16986646643
248.695,4.02098,44.2159,0,85,65,44,2760,10501,5.12848,165,16.9817,0,0,5441,16990668086
555.792,1.79923,44.2159,0,85,65,44,2760,10501,5.12848,165,16.9817,0,0,5441,16992467541
458.213,2.18239,44.2159,0,85,65,44,2760,10501,5.12848,165,16.9817,0,0,5441,16994650346
391.451,2.5546,44.2159,0,85,65,44,2760,10501,5.12848,165,16.9817,0,0,5441,16997205162
382.951,2.6113,44.2159,0,85,65,44,2760,10501,5.12848,165,16.9817,0,0,5441,16999816798
322.153,3.10411,44.2159,0,85,65,44,2760,10501,5.12848,165,16.9817,0,0,5441,17002921336
315.281,3.17177,44.2159,0,85,65,44,2760,10501,5.12848,165,16.9817,0,0,5441,17006093347
495.956,2.01631,44.2159,0,85,65,44,2760,10501,5.12848,165,16.9817,0,0,5441,17008109963
309.928,3.22655,44.2159,0,85,65,44,2760,10501,5.12848,165,16.9817,0,0,5441,17011336841
265.764,3.76274,44.2159,0,85,65,44,2760,10501,5.12848,165,16.9817,0,0,5441,17015100150
290.858,3.43811,44.2159,0,85,65,44,2760,10501,5.12848,165,16.9817,0,0,5441,17018538535
389.379,2.56819,44.2159,0,85,65,44,2760,10501,5.12848,165,16.9817,0,0,5441,17021107035
517.406,1.93272,44.2159,0,85,65,44,2760,10501,5.12848,165,16.9817,0,0,5441,17023040062
399.384,2.50385,44.2159,0,85,65,44,2760,10501,5.12848,165,16.9817,0,0,5441,17025544262
361.941,2.76288,44.2159,0,85,65,44,2760,10501,5.12848,165,16.9817,0,0,5441,17028307672
376.055,2.65919,44.2159,0,85,65,44,2760,10501,5.12848,165,16.9817,0,0,5441,17030967021
413.102,2.42071,44.2159,0,85,65,44,2760,10501,5.12848,165,16.9817,0,0,5441,17033387997
339.869,2.94231,44.2159,0,85,65,44,2760,10501,5.12848,165,16.9817,0,0,5441,17036330615
333.808,2.99573,44.2159,0,85,65,44,2760,10501,5.12848,165,16.9817,0,0,5441,17039326697
211.532,4.72741,44.2159,0,85,65,44,2760,10501,5.12848,165,16.9817,0,0,5441,17044054376
638.709,1.56566,44.2159,0,85,65,44,2760,10501,5.12848,165,16.9817,0,0,5441,17045620246
478.362,2.09047,44.2159,0,85,65,44,2760,10501,5.12848,165,16.9817,0,0,5441,17047711211
357.884,2.7942,44.2159,0,85,65,44,2760,10501,5.12848,165,16.9817,0,0,5441,17050505612
381.494,2.62127,44.2159,0,85,65,44,2760,10501,5.12848,165,16.9817,0,0,5441,17053127230
292.329,3.4208,44.2159,0,85,65,44,2760,10501,5.12848,165,16.9817,0,0,5441,17056548403
521.296,1.9183,44.2159,0,85,65,44,2760,10501,5.12848,165,16.9817,0,0,5441,17058466958
198.293,5.04304,44.2159,0,85,65,44,2760,10501,5.12848,165,16.9817,0,0,5441,17063510445
501.732,1.9931,44.2159,0,85,65,44,2760,10501,5.12848,165,16.9817,0,0,5441,17065503724
421.557,2.37216,44.2159,0,85,65,44,2760,10501,5.12848,165,16.9817,0,0,5441,17067876342
299.676,3.33694,44.2159,0,85,65,44,2760,10501,5.12848,165,16.9817,0,0,5441,17071213704
646.354,1.54714,44.2159,0,85,65,44,2760,10501,5.12848,165,16.9817,0,0,5441,17072761084
457.093,2.18774,44.2159,0,85,65,44,2760,10501,5.12848,165,16.9817,0,0,5441,17074949119
331.66,3.01514,44.2159,0,85,65,44,2760,10501,5.12848,165,16.9817,0,0,5441,17077964605
463.664,2.15674,44.2159,0,85,65,44,2760,10501,5.12848,165,16.9817,0,0,5441,17080121745
406.1,2.46245,44.2159,0,85,65,44,2760,10501,5.12848,165,16.9817,0,0,5441,17082584434
353.555,2.82841,44.2159,0,85,65,44,2760,10501,5.12848,165,16.9817,0,0,5441,17085413173
340.002,2.94116,44.2159,0,85,65,44,2760,10501,5.12848,165,16.9817,0,0,5441,17088354686
426.96,2.34214,44.2159,0,85,65,44,2760,10501,5.12848,165,16.9817,0,0,5441,17090697082
298.206,3.35339,44.2159,0,85,65,44,2760,10501,5.12848,165,16.9817,0,0,5441,17094050791
285.466,3.50305,44.2159,0,85,65,44,2760,10501,5.12848,165,16.9817,0,0,5441,17097554323
599.749,1.66736,44.2159,0,85,65,44,2760,10501,5.12848,165,16.9817,0,0,5441,17099221898
540.093,1.85153,44.2159,0,85,65,44,2760,10501,5.12848,165,16.9817,0,0,5441,17101073740
295.108,3.38859,44.2159,0,85,65,44,2760,10501,5.12848,165,16.9817,0,0,5441,17104462690
337.687,2.96132,44.2159,0,85,65,44,2760,10501,5.12848,165,16.9817,0,0,5441,17107424329
544.47,1.83665,44.2159,0,85,65,44,2760,10501,5.12848,165,16.9817,0,0,5441,17109261342
386.812,2.58523,44.2159,0,85,65,44,2760,10501,5.12848,165,16.9817,0,0,5441,17111846920
306.765,3.25982,44.2159,0,85,65,44,2760,10501,5.12848,165,16.9817,0,0,5441,17115106991
317.269,3.1519,44.2159,0,85,65,44,2760,10501,5.12848,165,16.9817,0,0,5441,17118259357
472.361,2.11702,44.2159,0,85,65,44,2760,10501,5.12848,165,16.9817,0,0,5441,17120376650
435.653,2.2954,44.2159,0,85,65,44,2760,10501,5.12848,165,16.9817,0,0,5441,17122672342
362.965,2.75508,44.2159,0,85,65,44,2760,10501,5.12848,165,16.9817,0,0,5441,17125427647
353.568,2.82831,44.2159,0,85,65,44,2760,10501,5.12848,165,16.9817,0,0,5441,17128256194
429.835,2.32647,44.2159,0,85,65,44,2760,10501,5.12848,165,16.9817,0,0,5441,17130582965
368.412,2.71435,44.2159,0,85,65,44,2760,10501,5.12848,165,16.9817,0,0,5441,17133297662
383.556,2.60718,44.2159,0,85,65,44,2760,10501,5.12848,165,16.9817,0,0,5441,17135905173
281.544,3.55184,44.2159,0,85,65,44,2760,10501,5.12848,165,16.9817,0,0,5441,17139457225
448.491,2.2297,44.2159,0,85,65,44,2760,10501,5.12848,165,16.9817,0,0,5441,17141687233
404.571,2.47176,44.2159,0,85,65,44,2760,10501,5.12848,165,16.9817,0,0,5441,17144159355
461.386,2.16738,44.2159,0,85,65,44,2760,10501,5.12848,165,16.9817,0,0,5441,17146327139
337.589,2.96219,44.2159,0,85,65,44,2760,10501,5.12848,165,16.9817,0,0,5441,17149289624
346.245,2.88813,44.2159,0,85,65,44,2760,10501,5.12848,165,16.9817,0,0,5441,17152178000
378.44,2.64243,44.2159,0,85,65,44,2760,10501,5.12848,165,16.9817,0,0,5441,17154820916
474.322,2.10827,44.2159,0,85,65,44,2760,10501,5.12848,165,16.9817,0,0,5441,17156929622
339.597,2.94467,44.2159,0,85,65,44,2760,10501,5.12848,165,16.9817,0,0,5441,17159874433
347.216,2.88005,44.2159,0,85,65,44,2760,10501,5.12848,165,16.9817,0,0,5441,17162754780
288.746,3.46325,44.2159,0,85,65,44,2760,10501,5.12848,165,16.9817,0,0,5441,17166218425
548.045,1.82467,44.2159,0,85,65,44,2760,10501,5.12848,165,16.9817,0,0,5441,17168043342
396.977,2.51904,44.2159,0,85,65,44,2760,10501,5.12848,165,16.9817,0,0,5441,17170562687
370.143,2.70166,44.2159,0,85,65,44,2760,10501,5.12848,165,16.9817,0,0,5441,17173264691
214.94,4.65246,44.2159,0,85,65,44,2760,10501,5.12848,165,16.9817,0,0,5441,17177917608
880.23,1.13607,44.2159,0,85,65,44,2760,10501,5.12848,165,16.9817,0,0,5441,17179053858
326.059,3.06693,44.2159,0,85,65,44,2760,10501,5.12848,165,16.9817,0,0,5441,17182121153
279.799,3.574,44.2159,0,85,65,44,2760,10501,5.12848,165,16.9817,0,0,5441,17185695591
545.85,1.832,44.2159,0,85,65,44,2760,10501,5.12848,165,16.9817,0,0,5441,17187527941
239.813,4.16992,44.2159,0,85,65,44,2760,10501,5.12848,165,16.9817,0,0,5441,17191698313
2071.11,0.482834,44.2159,0,85,65,44,2760,10501,5.12848,165,16.9817,0,0,5441,17192181425
465.617,2.14769,44.2159,0,85,65,44,2760,10501,5.12848,165,16.9817,0,0,5441,17194329363
340.202,2.93943,44.2159,0,85,65,44,2760,10501,5.12848,165,16.9817,0,0,5441,17197269097
405.792,2.46431,44.2159,0,85,65,44,2760,10501,5.12848,165,16.9817,0,0,5441,17199733757
388.413,2.57458,44.2159,0,85,65,44,2760,10501,5.12848,165,16.9817,0,0,5441,17202308641
177.924,5.62039,44.2159,0,85,65,44,2760,10501,5.12848,165,16.9817,0,0,5441,17207929369
2323.74,0.430341,44.2159,0,85,65,44,2760,10501,5.12848,165,16.9817,0,0,5441,17208359932
362.927,2.75537,44.2159,0,85,65,44,2760,10501,5.12848,165,16.9817,0,0,5441,17211115765
395.242,2.5301,44.2159,0,85,65,44,2760,10501,5.12848,165,16.9817,0,0,5441,17213646168
488.423,2.04741,44.2159,0,85,65,44,2760,10501,5.12848,165,16.9817,0,0,5441,17215693862
310.751,3.21801,44.2159,0,85,65,44,2760,10501,5.12848,165,16.9817,0,0,5441,17218912220
299.803,3.33553,44.2159,0,85,65,44,2760,10501,5.12848,165,16.9817,0,0,5441,17222248054
389.144,2.56974,44.2159,0,85,65,44,2760,10501,5.12848,165,16.9817,0,0,5441,17224818275
448.671,2.22881,44.2159,0,85,65,44,2760,10501,5.12848,165,16.9817,0,0,5441,17227047263
405.965,2.46326,44.2159,0,85,65,44,2760,10501,5.12848,165,16.9817,0,0,5441,17229510856
290.285,3.4449,44.2159,0,85,65,44,2760,10501,5.12848,165,16.9817,0,0,5441,17232956232
693.25,1.44248,44.2159,0,85,65,44,2760,10501,5.12848,165,16.9817,0,0,5441,17234398867
392.441,2.54815,44.2159,0,85,65,44,2760,10501,5.12848,165,16.9817,0,0,5441,17236947366
347.289,2.87944,44.2159,0,85,65,44,2760,10501,5.12848,165,16.9817,0,0,5441,17239827117
386.536,2.58708,44.2159,0,85,65,44,2760,10501,5.12848,165,16.9817,0,0,5441,17242414627
370.581,2.69847,44.2159,0,85,65,44,2760,10501,5.12848,165,16.9817,0,0,5441,17245113343
359.694,2.78014,44.2159,0,85,65,44,2760,10501,5.12848,165,16.9817,0,0,5441,17247893928
336.52,2.97159,44.2159,0,85,65,44,2760,10501,5.12848,165,16.9817,0,0,5441,17250865701
371.728,2.69014,44.2159,0,85,65,44,2760,10501,5.12848,165,16.9817,0,0,5441,17253556128
422.889,2.36469,44.2159,0,85,65,44,2760,10501,5.12848,165,16.9817,0,0,5441,17255921179
193.213,5.17563,44.2159,0,85,65,44,2760,10501,5.12848,165,16.9817,0,0,5441,17261097113
423.713,2.36009,44.2159,0,85,65,44,2760,10501,5.12848,165,16.9817,0,0,5441,17263457664
470.085,2.12727,44.2159,0,85,65,44,2760,10501,5.12848,165,16.9817,0,0,5441,17265585168
855.748,1.16857,44.2159,0,85,65,44,2760,10501,5.12848,165,16.9817,0,0,5441,17266754217
196.524,5.08844,44.2159,0,85,65,44,2760,10501,5.12848,165,16.9817,0,0,5441,17271842869
1776.14,0.563019,44.2159,0,85,65,44,2760,10501,5.12848,165,16.9817,0,0,5441,17272406196
472.13,2.11806,44.2159,0,85,65,44,2760,10501,5.12848,165,16.9817,0,0,5441,17274524710
355.299,2.81453,44.2159,0,85,65,44,2760,10501,5.12848,165,16.9817,0,0,5441,17277339785
358.532,2.78915,44.2159,0,85,65,44,2760,10501,5.12848,165,16.9817,0,0,5441,17280128918
343.426,2.91184,44.2159,0,85,65,44,2760,10501,5.12848,165,16.9817,0,0,5441,17283041112
224.905,4.44632,44.2159,0,85,65,44,2760,10501,5.12848,165,16.9817,0,0,5441,17287487944
335.608,2.97967,44.2159,0,85,65,44,2760,10501,5.12848,165,16.9817,0,0,5441,17290467795
771.047,1.29694,44.2159,0,85,65,44,2760,10501,5.12848,165,16.9817,0,0,5441,17291765079
591.255,1.69132,44.2159,0,85,65,44,2760,10501,5.12848,165,16.9817,0,0,5441,17293456694
366.449,2.72889,44.2159,0,85,65,44,2760,10501,5.12848,165,16.9817,0,0,5441,17296185891
373.087,2.68034,44.2159,0,85,65,44,2760,10501,5.12848,165,16.9817,0,0,5441,17298882242
362.476,2.7588,44.2159,0,85,65,44,2760,10501,5.12848,165,16.9817,0,0,5441,17301625613
403.059,2.48103,44.2159,0,85,65,44,2760,10501,5.12848,165,16.9817,0,0,5441,17304107033
362.746,2.75675,44.2159,0,85,65,44,2760,10501,5.12848,165,16.9817,0,0,5441,17306864049
311.207,3.21329,44.2159,0,85,65,44,2760,10501,5.12848,165,16.9817,0,0,5441,17310077590
205.994,4.8545,44.2159,0,85,65,44,2760,10501,5.12848,165,16.9817,0,0,5441,17314932398
428.237,2.33516,44.2159,0,85,65,44,2760,10501,5.12848,165,16.9817,0,0,5441,17317267938
854.398,1.17042,44.2159,0,85,65,44,2760,10501,5.12848,165,16.9817,0,0,5441,17318438641
378.436,2.64245,44.2159,0,85,65,44,2760,10501,5.12848,165,16.9817,0,0,5441,17321081355
282.462,3.5403,44.2159,0,85,65,44,2760,10501,5.12848,165,16.9817,0,0,5441,17324622215
288.607,3.46492,44.2159,0,85,65,44,2760,10501,5.12848,165,16.9817,0,0,5441,17328087438
578.404,1.72889,44.2159,0,85,65,44,2760,10501,5.12848,165,16.9817,0,0,5441,17329816429
580.305,1.72323,44.2159,0,85,65,44,2760,10501,5.12848,165,16.9817,0,0,5441,17331540208
274.838,3.63851,44.2159,0,85,65,44,2760,10501,5.12848,165,16.9817,0,0,5441,17335178878
646.797,1.54608,44.2159,0,85,65,44,2760,10501,5.12848,165,16.9817,0,0,5441,17336725344
361.829,2.76374,44.2159,0,85,65,44,2760,10501,5.12848,165,16.9817,0,0,5441,17339489476
403.488,2.47839,44.2159,0,85,65,44,2760,10501,5.12848,165,16.9817,0,0,5441,17341968319
324.824,3.07859,44.2159,0,85,65,44,2760,10501,5.12848,165,16.9817,0,0,5441,17345047076
203.812,4.90648,44.2159,0,85,65,44,2760,10501,5.12848,165,16.9817,0,0,5441,17349953905
747.327,1.3381,44.2159,0,85,65,44,2760,10501,5.12848,165,16.9817,0,0,5441,17351292431
479.972,2.08346,44.2159,0,85,65,44,2760,10501,5.12848,165,16.9817,0,0,5441,17353376203
410.836,2.43406,44.2159,0,85,65,44,2760,10501,5.12848,165,16.9817,0,0,5441,17355810708
345.438,2.89488,44.2159,0,85,65,44,2760,10501,5.12848,165,16.9817,0,0,5441,17358705902
421.419,2.37294,44.2159,0,85,65,44,2760,10501,5.12848,165,16.9817,0,0,5441,17361079107
288.591,3.46511,44.2159,0,85,65,44,2760,10501,5.12848,165,16.9817,0,0,5441,17364544657
276.995,3.61017,44.2159,0,85,65,44,2760,10501,5.12848,165,16.9817,0,0,5441,17368155057
471.105,2.12267,44.2159,0,85,65,44,2760,10501,5.12848,165,16.9817,0,0,5441,17370278254
539.227,1.8545,44.2159,0,85,65,44,2760,10501,5.12848,165,16.9817,0,0,5441,17372132951
208.555,4.79489,44.2159,0,85,65,44,2760,10501,5.12848,165,16.9817,0,0,5441,17376928458
940.268,1.06353,44.2159,0,85,65,44,2760,10501,5.12848,165,16.9817,0,0,5441,17377992158
418.551,2.3892,44.2159,0,85,65,44,2760,10501,5.12848,165,16.9817,0,0,5441,17380381863
402.166,2.48654,44.2159,0,85,65,44,2760,10501,5.12848,165,16.9817,0,0,5441,17382868716
241.541,4.14008,44.2159,0,85,65,44,2760,10501,5.12848,165,16.9817,0,0,5441,17387009125
422.355,2.36768,44.2159,0,85,65,44,2760,10501,5.12848,165,16.9817,0,0,5441,17389377051
465.688,2.14736,44.2159,0,85,65,44,2760,10501,5.12848,165,16.9817,0,0,5441,17391527027
240.808,4.15269,43.8462,0,85,65,44,2760,10501,5.12848,165,16.9829,0,0,5443,17395677965
566.396,1.76555,43.8462,0,85,65,44,2760,10501,5.12848,165,16.9829,0,0,5443,17397443756
449.307,2.22565,43.8462,0,85,65,44,2760,10501,5.12848,165,16.9829,0,0,5443,17399669706
451.352,2.21556,43.8462,0,85,65,44,2760,10501,5.12848,165,16.9829,0,0,5443,17401885626
354.884,2.81783,43.8462,0,85,65,44,2760,10501,5.12848,165,16.9829,0,0,5443,17404703750
388.086,2.57675,43.8462,0,85,65,44,2760,10501,5.12848,165,16.9829,0,0,5443,17407280847
398.922,2.50676,43.8462,0,85,65,44,2760,10501,5.12848,165,16.9829,0,0,5443,17409787902
351.086,2.84831,43.8462,0,85,65,44,2760,10501,5.12848,165,16.9829,0,0,5443,17412636498
383.023,2.61081,43.8462,0,85,65,44,2760,10501,5.12848,165,16.9829,0,0,5443,17415247740
369.601,2.70562,43.8462,0,85,65,44,2760,10501,5.12848,165,16.9829,0,0,5443,17417953552
270.013,3.70352,43.8462,0,85,65,44,2760,10501,5.12848,165,16.9829,0,0,5443,17421657350
576.621,1.73424,43.8462,0,85,65,44,2760,10501,5.12848,165,16.9829,0,0,5443,17423391928
443.948,2.25252,43.8462,0,85,65,44,2760,10501,5.12848,165,16.9829,0,0,5443,17425644860
358.03,2.79307,43.8462,0,85,65,44,2760,10501,5.12848,165,16.9829,0,0,5443,17428438194
376.275,2.65763,43.8462,0,85,65,44,2760,10501,5.12848,165,16.9829,0,0,5443,17431096207
251.26,3.97994,43.8462,0,85,65,44,2760,10501,5.12848,165,16.9829,0,0,5443,17435076379
493.16,2.02774,43.8462,0,85,65,44,2760,10501,5.12848,165,16.9829,0,0,5443,17437104429
366.296,2.73003,43.8462,0,85,65,44,2760,10501,5.12848,165,16.9829,0,0,5443,17439834559
383.635,2.60665,43.8462,0,85,65,44,2760,10501,5.12848,165,16.9829,0,0,5443,17442441532
381.623,2.62039,43.8462,0,85,65,44,2760,10501,5.12848,165,16.9829,0,0,5443,17445062274
259.58,3.85238,43.8462,0,85,65,44,2760,10501,5.12848,165,16.9829,0,0,5443,17448915077
551.545,1.81309,43.8462,0,85,65,44,2760,10501,5.12848,165,16.9829,0,0,5443,17450728417
371.904,2.68887,43.8462,0,85,65,44,2760,10501,5.12848,165,16.9829,0,0,5443,17453417661
376.945,2.65291,43.8462,0,85,65,44,2760,10501,5.12848,165,16.9829,0,0,5443,17456071058
284.556,3.51425,43.8462,0,85,65,44,2760,10501,5.12848,165,16.9829,0,0,5443,17459585503
739.904,1.35153,43.8462,0,85,65,44,2760,10501,5.12848,165,16.9829,0,0,5443,17460937338
300.721,3.32534,43.8462,0,85,65,44,2760,10501,5.12848,165,16.9829,0,0,5443,17464262978
460.296,2.17251,43.8462,0,85,65,44,2760,10501,5.12848,165,16.9829,0,0,5443,17466435850
429.354,2.32908,43.8462,0,85,65,44,2760,10501,5.12848,165,16.9829,0,0,5443,17468765197
357.416,2.79786,43.8462,0,85,65,44,2760,10501,5.12848,165,16.9829,0,0,5443,17471563330
187.063,5.34579,43.8462,0,85,65,44,2760,10501,5.12848,165,16.9829,0,0,5443,17476909491
1426.43,0.701052,43.8462,0,85,65,44,2760,10501,5.12848,165,16.9829,0,0,5443,17477610736
313.046,3.19442,43.8462,0,85,65,44,2760,10501,5.12848,165,16.9829,0,0,5443,17480805574
589.332,1.69684,43.8462,0,85,65,44,2760,10501,5.12848,165,16.9829,0,0,5443,17482502718
358.424,2.78999,43.8462,0,85,65,44,2760,10501,5.12848,165,16.9829,0,0,5443,17485293014
401.762,2.48904,43.8462,0,85,65,44,2760,10501,5.12848,165,16.9829,0,0,5443,17487782569
317.634,3.14828,43.8462,0,85,65,44,2760,10501,5.12848,165,16.9829,0,0,5443,17490931012
328.442,3.04468,43.8462,0,85,65,44,2760,10501,5.12848,165,16.9829,0,0,5443,17493976037
354.736,2.819,43.8462,0,85,65,44,2760,10501,5.12848,165,16.9829,0,0,5443,17496795373
608.861,1.64241,43.8462,0,85,65,44,2760,10501,5.12848,165,16.9829,0,0,5443,17498438092
302.171,3.30938,43.8462,0,85,65,44,2760,10501,5.12848,165,16.9829,0,0,5443,17501747953
567.125,1.76328,43.8462,0,85,65,44,2760,10501,5.12848,165,16.9829,0,0,5443,17503511407
326.586,3.06198,43.8462,0,85,65,44,2760,10501,5.12848,165,16.9829,0,0,5443,17506573731
266.973,3.7457,43.8462,0,85,65,44,2760,10501,5.12848,165,16.9829,0,0,5443,17510319723
710.169,1.40812,43.8462,0,85,65,44,2760,10501,5.12848,165,16.9829,0,0,5443,17511728184
292.469,3.41916,43.8462,0,85,65,44,2760,10501,5.12848,165,16.9829,0,0,5443,17515147789
498.641,2.00545,43.8462,0,85,65,44,2760,10501,5.12848,165,16.9829,0,0,5443,17517153443
257.054,3.89024,43.8462,0,85,65,44,2760,10501,5.12848,165,16.9829,0,0,5443,17521044036
603.967,1.65572,43.8462,0,85,65,44,2760,10501,5.12848,165,16.9829,0,0,5443,17522700063
380.374,2.62899,43.8462,0,85,65,44,2760,10501,5.12848,165,16.9829,0,0,5443,17525329421
197.268,5.06926,43.8462,0,85,65,44,2760,10501,5.12848,165,16.9829,0,0,5443,17530398967
394.391,2.53556,43.8462,0,85,65,44,2760,10501,5.12848,165,16.9829,0,0,5443,17532935023
560.682,1.78354,43.8462,0,85,65,44,2760,10501,5.12848,165,16.9829,0,0,5443,17534718728
471.794,2.11957,43.8462,0,85,65,44,2760,10501,5.12848,165,16.9829,0,0,5443,17536838607
379.39,2.63581,43.8462,0,85,65,44,2760,10501,5.12848,165,16.9829,0,0,5443,17539474715
374.677,2.66897,43.8462,0,85,65,44,2760,10501,5.12848,165,16.9829,0,0,5443,17542144132
390.023,2.56395,43.8462,0,85,65,44,2760,10501,5.12848,165,16.9829,0,0,5443,17544708439
348.081,2.8729,43.8462,0,85,65,44,2760,10501,5.12848,165,16.9829,0,0,5443,17547581575
310.882,3.21666,43.8462,0,85,65,44,2760,10501,5.12848,165,16.9829,0,0,5443,17550798654
472.999,2.11417,43.8462,0,85,65,44,2760,10501,5.12848,165,16.9829,0,0,5443,17552913120
224.263,4.45904,43.8462,0,85,65,44,2760,10501,5.12848,165,16.9829,0,0,5443,17557372549
515.327,1.94052,43.8462,0,85,65,44,2760,10501,5.12848,165,16.9829,0,0,5443,17559313422
360.631,2.77292,43.8462,0,85,65,44,2760,10501,5.12848,165,16.9829,0,0,5443,17562086640
420.664,2.37719,43.8462,0,85,65,44,2760,10501,5.12848,165,16.9829,0,0,5443,17564464067
370.995,2.69546,43.8462,0,85,65,44,2760,10501,5.12848,165,16.9829,0,0,5443,17567159782
418.527,2.38933,43.8462,0,85,65,44,2760,10501,5.12848,165,16.9829,0,0,5443,17569549449
379.876,2.63244,43.8462,0,85,65,44,2760,10501,5.12848,165,16.9829,0,0,5443,17572182202
292.395,3.42003,43.8462,0,85,65,44,2760,10501,5.12848,165,16.9829,0,0,5443,17575602673
500.768,1.99693,43.8462,0,85,65,44,2760,10501,5.12848,165,16.9829,0,0,5443,17577599855
369.017,2.7099,43.8462,0,85,65,44,2760,10501,5.12848,165,16.9829,0,0,5443,17580310081
212.633,4.70295,43.8462,0,85,65,44,2760,10501,5.12848,165,16.9829,0,0,5443,17585013336
344.007,2.90692,43.8462,0,85,65,44,2760,10501,5.12848,165,16.9829,0,0,5443,17587920617
854.89,1.16974,43.8462,0,85,65,44,2760,10501,5.12848,165,16.9829,0,0,5443,17589090771
498.952,2.0042,43.8462,0,85,65,44,2760,10501,5.12848,165,16.9829,0,0,5443,17591095204
434.506,2.30146,43.8462,0,85,65,44,2760,10501,5.12848,165,16.9829,0,0,5443,17593396974
376.866,2.65347,43.8462,0,85,65,44,2760,10501,5.12848,165,16.9829,0,0,5443,17596050756
377.335,2.65017,43.8462,0,85,65,44,2760,10501,5.12848,165,16.9829,0,0,5443,17598701268
295.658,3.38229,43.8462,0,85,65,44,2760,10501,5.12848,165,16.9829,0,0,5443,17602084123
411.592,2.42959,43.8462,0,85,65,44,2760,10501,5.12848,165,16.9829,0,0,5443,17604513858
406.09,2.46251,43.8462,0,85,65,44,2760,10501,5.12848,165,16.9829,0,0,5443,17606976682
216.252,4.62424,43.8462,0,85,65,44,2760,10501,5.12848,165,16.9829,0,0,5443,17611601453
637.417,1.56883,43.8462,0,85,65,44,2760,10501,5.12848,165,16.9829,0,0,5443,17613170641
498.897,2.00442,43.8462,0,85,65,44,2760,10501,5.12848,165,16.9829,0,0,5443,17615175372
376.81,2.65386,43.8462,0,85,65,44,2760,10501,5.12848,165,16.9829,0,0,5443,17617829557
395.125,2.53084,43.8462,0,85,65,44,2760,10501,5.12848,165,16.9829,0,0,5443,17620360729
218.173,4.58353,43.8462,0,85,65,44,2760,10501,5.12848,165,16.9829,0,0,5443,17624944499
1432.6,0.698033,43.8462,0,85,65,44,2760,10501,5.12848,165,16.9829,0,0,5443,17625642849
395.057,2.53128,43.8462,0,85,65,44,2760,10501,5.12848,165,16.9829,0,0,5443,17628174492
356.038,2.80869,43.8462,0,85,65,44,2760,10501,5.12848,165,16.9829,0,0,5443,17630983606
354.801,2.81848,43.8462,0,85,65,44,2760,10501,5.12848,165,16.9829,0,0,5443,17633802307
228.861,4.36947,43.8462,0,85,65,44,2760,10501,5.12848,165,16.9829,0,0,5443,17638172252
468.979,2.13229,43.8462,0,85,65,44,2760,10501,5.12848,165,16.9829,0,0,5443,17640304863
857.462,1.16623,43.8462,0,85,65,44,2760,10501,5.12848,165,16.9829,0,0,5443,17641471306
316.509,3.15947,43.8462,0,85,65,44,2760,10501,5.12848,165,16.9829,0,0,5443,17644631220
405.009,2.46908,43.8462,0,85,65,44,2760,10501,5.12848,165,16.9829,0,0,5443,17647100563
371.148,2.69434,43.8462,0,85,65,44,2760,10501,5.12848,165,16.9829,0,0,5443,17649795202
344.825,2.90002,43.8462,0,85,65,44,2760,10501,5.12848,165,16.9829,0,0,5443,17652695578
351.652,2.84372,43.8462,0,85,65,44,2760,10501,5.12848,165,16.9829,0,0,5443,17655539693
397.963,2.5128,43.8462,0,85,65,44,2760,10501,5.12848,165,16.9829,0,0,5443,17658052884
370.084,2.70209,43.8462,0,85,65,44,2760,10501,5.12848,165,16.9829,0,0,5443,17660755196
239.399,4.17713,43.8462,0,85,65,44,2760,10501,5.12848,165,16.9829,0,0,5443,17664932625
591.999,1.68919,43.8462,0,85,65,44,2760,10501,5.12848,165,16.9829,0,0,5443,17666622115
419.762,2.3823,43.8462,0,85,65,44,2760,10501,5.12848,165,16.9829,0,0,5443,17669004763
404.173,2.47419,43.8462,0,85,65,44,2760,10501,5.12848,165,16.9829,0,0,5443,17671479259
324.038,3.08606,43.8462,0,85,65,44,2760,10501,5.12848,165,16.9829,0,0,5443,17674565623
396.168,2.52418,43.8462,0,85,65,44,2760,10501,5.12848,165,16.9829,0,0,5443,17677090160
398.35,2.51035,43.8462,0,85,65,44,2760,10501,5.12848,165,16.9829,0,0,5443,17679601043
404.982,2.46925,43.8462,0,85,65,44,2760,10501,5.12848,165,16.9829,0,0,5443,17682070616
346.831,2.88325,43.8462,0,85,65,44,2760,10501,5.12848,165,16.9829,0,0,5443,17684954146
375.613,2.66231,43.8462,0,85,65,44,2760,10501,5.12848,165,16.9829,0,0,5443,17687616803
221.94,4.50572,43.8462,0,85,65,44,2760,10501,5.12848,165,16.9829,0,0,5443,17692122897
582.855,1.71569,43.8462,0,85,65,44,2760,10501,5.12848,165,16.9829,0,0,5443,17693838907
514.025,1.94543,43.8462,0,85,65,44,2760,10501,5.12848,165,16.9829,0,0,5443,17695784646
383.12,2.61015,43.8462,0,85,65,44,2760,10501,5.12848,165,16.9829,0,0,5443,17698395243
435.11,2.29827,43.8462,0,85,65,44,2760,10501,5.12848,165,16.9829,0,0,5443,17700693705
341.746,2.92615,43.8462,0,85,65,44,2760,10501,5.12848,165,16.9829,0,0,5443,17703620314
270.381,3.69849,43.8462,0,85,65,44,2760,10501,5.12848,165,16.9829,0,0,5443,17707319217
490.48,2.03882,43.8462,0,85,65,44,2760,10501,5.12848,165,16.9829,0,0,5443,17709358363
527.539,1.89559,43.8462,0,85,65,44,2760,10501,5.12848,165,16.9829,0,0,5443,17711254388
260.634,3.8368,43.8462,0,85,65,44,2760,10501,5.12848,165,16.9829,0,0,5443,17715091335
255.249,3.91775,43.8462,0,85,65,44,2760,10501,5.12848,165,16.9829,0,0,5443,17719009553
482.052,2.07446,43.8462,0,85,65,44,2760,10501,5.12848,165,16.9829,0,0,5443,17721084306
582.437,1.71692,43.8462,0,85,65,44,2760,10501,5.12848,165,16.9829,0,0,5443,17722801364
332.911,3.0038,43.8462,0,85,65,44,2760,10501,5.12848,165,16.9829,0,0,5443,17725805542
535.061,1.86895,43.8462,0,85,65,44,2760,10501,5.12848,165,16.9829,0,0,5443,17727674797
158.485,6.30975,43.8462,0,85,65,44,2760,10501,5.12848,165,16.9829,0,0,5443,17733984991
1091.6,0.916088,43.8462,0,85,65,44,2760,10501,5.12848,165,16.9829,0,0,5443,17734901435
532.093,1.87937,43.8462,0,85,65,44,2760,10501,5.12848,165,16.9829,0,0,5443,17736781258
470.851,2.12381,43.8462,0,85,65,44,2760,10501,5.12848,165,16.9829,0,0,5443,17738905185
349.525,2.86103,43.8462,0,85,65,44,2760,10501,5.12848,165,16.9829,0,0,5443,17741766561
269.171,3.71512,43.8462,0,85,65,44,2760,10501,5.12848,165,16.9829,0,0,5443,17745482099
534.549,1.87074,43.8462,0,85,65,44,2760,10501,5.12848,165,16.9829,0,0,5443,17747353230
459.56,2.176,43.8462,0,85,65,44,2760,10501,5.12848,165,16.9829,0,0,5443,17749529409
347.461,2.87802,43.8462,0,85,65,44,2760,10501,5.12848,165,16.9829,0,0,5443,17752407756
324.322,3.08335,43.8462,0,85,65,44,2760,10501,5.12848,165,16.9829,0,0,5443,17755491446
461.696,2.16593,43.8462,0,85,65,44,2760,10501,5.12848,165,16.9829,0,0,5443,17757657740
285.432,3.50346,43.8462,0,85,65,44,2760,10501,5.12848,165,16.9829,0,0,5443,17761161531
555.697,1.79954,43.8462,0,85,65,44,2760,10501,5.12848,165,16.9829,0,0,5443,17762961467
181.116,5.52133,43.8462,0,85,65,44,2760,10501,5.12848,165,16.9829,0,0,5443,17768483230
435.046,2.29861,43.8462,0,85,65,44,2760,10501,5.12848,165,16.9829,0,0,5443,17770782038
715.185,1.39824,43.8462,0,85,65,44,2760,10501,5.12848,165,16.9829,0,0,5443,17772180701
442.772,2.2585,43.8462,0,85,65,44,2760,10501,5.12848,165,16.9829,0,0,5443,17774439460
493.085,2.02805,43.8462,0,85,65,44,2760,10501,5.12848,165,16.9829,0,0,5443,17776468297
320.291,3.12216,43.8462,0,85,65,44,2760,10501,5.12848,165,16.9829,0,0,5443,17779590278
379.054,2.63815,43.8462,0,85,65,44,2760,10501,5.12848,165,16.9829,0,0,5443,17782228703
530.564,1.88479,43.8462,0,85,65,44,2760,10501,5.12848,165,16.9829,0,0,5443,17784114016
346.846,2.88313,43.8462,0,85,65,44,2760,10501,5.12848,165,16.9829,0,0,5443,17786997383
345.848,2.89144,43.8462,0,85,65,44,2760,10501,5.12848,165,16.9829,0,0,5443,17789889125
414.879,2.41034,43.8462,0,85,65,44,2760,10501,5.12848,165,16.9829,0,0,5443,17792299831
258.186,3.87318,43.8462,0,85,65,44,2760,10501,5.12848,165,16.9829,0,0,5443,17796173394
214.34,4.66549,43.8462,0,85,65,44,2760,10501,5.12848,165,16.9829,0,0,5443,17800839119
1611.87,0.620396,43.8462,0,85,65,44,2760,10501,5.12848,165,16.9829,0,0,5443,17801459851
444.966,2.24736,43.8462,0,85,65,44,2760,10501,5.12848,165,16.9829,0,0,5443,17803707475
405.617,2.46538,43.8462,0,85,65,44,2760,10501,5.12848,165,16.9829,0,0,5443,17806173289
314.023,3.18448,43.8462,0,85,65,44,2760,10501,5.12848,165,16.9829,0,0,5443,17809358136
390.298,2.56214,43.8462,0,85,65,44,2760,10501,5.12848,165,16.9829,0,0,5443,17811920530
400.675,2.49579,43.8462,0,85,65,44,2760,10501,5.12848,165,16.9829,0,0,5443,17814416615
343.931,2.90756,43.8462,0,85,65,44,2760,10501,5.12848,165,16.9829,0,0,5443,17817324520
399.315,2.50429,43.8462,0,85,65,44,2760,10501,5.12848,165,16.9829,0,0,5443,17819829210
300.399,3.32891,43.8462,0,85,65,44,2760,10501,5.12848,165,16.9829,0,0,5443,17823158611
241.572,4.13955,43.8462,0,85,65,44,2760,10501,5.12848,165,16.9829,0,0,5443,17827298433
378.64,2.64103,43.8462,0,85,65,44,2760,10501,5.12848,165,16.9829,0,0,5443,17829940051
347.64,2.87654,43.8462,0,85,65,44,2760,10501,5.12848,165,16.9829,0,0,5443,17832816754
380.531,2.6279,43.8462,0,85,65,44,2760,10501,5.12848,165,16.9829,0,0,5443,17835444785
1561.13,0.64056,43.8462,0,85,65,44,2760,10501,5.12848,165,16.9829,0,0,5443,17836085729
365.8,2.73374,43.8462,0,85,65,44,2760,10501,5.12848,165,16.9829,0,0,5443,17838819822
393.317,2.54248,43.8462,0,85,65,44,2760,10501,5.12848,165,16.9829,0,0,5443,17841362686
413.327,2.41939,43.8462,0,85,65,44,2760,10501,5.12848,165,16.9829,0,0,5443,17843782498
342.078,2.92331,43.8462,0,85,65,44,2760,10501,5.12848,165,16.9829,0,0,5443,17846706010
338.133,2.95742,43.8462,0,85,65,44,2760,10501,5.12848,165,16.9829,0,0,5443,17849663773
317.807,3.14657,43.8462,0,85,65,44,2760,10501,5.12848,165,16.9829,0,0,5443,17852810668
548.103,1.82447,43.8462,0,85,65,44,2760,10501,5.12848,165,16.9829,0,0,5443,17854635431
415.597,2.40618,43.8462,0,85,65,44,2760,10501,5.12848,165,16.9829,0,0,5443,17857041936
255.607,3.91226,43.8462,0,85,65,44,2760,10501,5.12848,165,16.9829,0,0,5443,17860954731
522.635,1.91338,43.8462,0,85,65,44,2760,10501,5.12848,165,16.9829,0,0,5443,17862868401
391.975,2.55118,43.8462,0,85,65,44,2760,10501,5.12848,165,16.9829,0,0,5443,17865419910
371.923,2.68872,43.8462,0,85,65,44,2760,10501,5.12848,165,16.9829,0,0,5443,17868108924
499.978,2.00009,43.8462,0,85,65,44,2760,10501,5.12848,165,16.9829,0,0,5443,17870109357
334.542,2.98916,43.8462,0,85,65,44,2760,10501,5.12848,165,16.9829,0,0,5443,17873098852
372.128,2.68724,43.8462,0,85,65,44,2760,10501,5.12848,165,16.9829,0,0,5443,17875786567
232.129,4.30794,43.8462,0,85,65,44,2760,10501,5.12848,165,16.9829,0,0,5443,17880094847
303.264,3.29746,43.8462,0,85,65,44,2760,10501,5.12848,165,16.9829,0,0,5443,17883392554
1034.73,0.966437,43.8462,0,85,65,44,2760,10501,5.12848,165,16.9829,0,0,5443,17884359347
565.398,1.76866,43.8462,0,85,65,44,2760,10501,5.12848,165,16.9829,0,0,5443,17886128281
276.188,3.62072,43.8462,0,85,65,44,2760,10501,5.12848,165,16.9829,0,0,5443,17889749336
539.096,1.85496,43.8462,0,85,65,44,2760,10501,5.12848,165,16.9829,0,0,5443,17891607158
201.49,4.96301,43.9532,0,85,65,44,2760,10501,5.12848,165,16.9846,0,0,5433,17896568133
2355.42,0.424553,43.9532,0,85,65,44,2760,10501,5.12848,165,16.9846,0,0,5433,17896992743
285.366,3.50427,43.9532,0,85,65,44,2760,10501,5.12848,165,16.9846,0,0,5433,17900497400
551.811,1.81221,43.9532,0,85,65,44,2760,10501,5.12848,165,16.9846,0,0,5433,17902309990
200.879,4.97813,43.9532,0,85,65,44,2760,10501,5.12848,165,16.9846,0,0,5433,17907288350
319.329,3.13157,43.9532,0,85,65,44,2760,10501,5.12848,165,16.9846,0,0,5433,17910420359
1455.56,0.687023,43.9532,0,85,65,44,2760,10501,5.12848,165,16.9846,0,0,5433,17911107334
458.787,2.17966,43.9532,0,85,65,44,2760,10501,5.12848,165,16.9846,0,0,5433,17913287543
357.357,2.79833,43.9532,0,85,65,44,2760,10501,5.12848,165,16.9846,0,0,5433,17916086137
406.332,2.46104,43.9532,0,85,65,44,2760,10501,5.12848,165,16.9846,0,0,5433,17918547412
327.808,3.05057,43.9532,0,85,65,44,2760,10501,5.12848,165,16.9846,0,0,5433,17921598323
366.683,2.72715,43.9532,0,85,65,44,2760,10501,5.12848,165,16.9846,0,0,5433,17924325847
278.249,3.5939,43.9532,0,85,65,44,2760,10501,5.12848,165,16.9846,0,0,5433,17927920055
511.348,1.95561,43.9532,0,85,65,44,2760,10501,5.12848,165,16.9846,0,0,5433,17929875977
162.861,6.14022,43.9532,0,85,65,44,2760,10501,5.12848,165,16.9846,0,0,5433,17936016510
549.38,1.82024,43.9532,0,85,65,44,2760,10501,5.12848,165,16.9846,0,0,5433,17937837235
589.613,1.69603,43.9532,0,85,65,44,2760,10501,5.12848,165,16.9846,0,0,5433,17939533562
903.147,1.10724,43.9532,0,85,65,44,2760,10501,5.12848,165,16.9846,0,0,5433,17940641022
262.281,3.81271,43.9532,0,85,65,44,2760,10501,5.12848,165,16.9846,0,0,5433,17944454054
387.225,2.58248,43.9532,0,85,65,44,2760,10501,5.12848,165,16.9846,0,0,5433,17947036882
494.106,2.02386,43.9532,0,85,65,44,2760,10501,5.12848,165,16.9846,0,0,5433,17949061046
329.677,3.03327,43.9532,0,85,65,44,2760,10501,5.12848,165,16.9846,0,0,5433,17952094610
403.254,2.47982,43.9532,0,85,65,44,2760,10501,5.12848,165,16.9846,0,0,5433,17954574915
360.733,2.77213,43.9532,0,85,65,44,2760,10501,5.12848,165,16.9846,0,0,5433,17957347229
255.714,3.91061,43.9532,0,85,65,44,2760,10501,5.12848,165,16.9846,0,0,5433,17961258140
558.793,1.78957,43.9532,0,85,65,44,2760,10501,5.12848,165,16.9846,0,0,5433,17963048191
348.833,2.8667,43.9532,0,85,65,44,2760,10501,5.12848,165,16.9846,0,0,5433,17965915210
388.107,2.57661,43.9532,0,85,65,44,2760,10501,5.12848,165,16.9846,0,0,5433,17968492076
390.691,2.55957,43.9532,0,85,65,44,2760,10501,5.12848,165,16.9846,0,0,5433,17971052018
322.625,3.09958,43.9532,0,85,65,44,2760,10501,5.12848,165,16.9846,0,0,5433,17974152026
343.091,2.91467,43.9532,0,85,65,44,2760,10501,5.12848,165,16.9846,0,0,5433,17977066999
429.11,2.3304,43.9532,0,85,65,44,2760,10501,5.12848,165,16.9846,0,0,5433,17979397674
314.222,3.18246,43.9532,0,85,65,44,2760,10501,5.12848,165,16.9846,0,0,5433,17982580464
591.279,1.69125,43.9532,0,85,65,44,2760,10501,5.12848,165,16.9846,0,0,5433,17984272040
255.143,3.91936,43.9532,0,85,65,44,2760,10501,5.12848,165,16.9846,0,0,5433,17988191672
607.151,1.64704,43.9532,0,85,65,44,2760,10501,5.12848,165,16.9846,0,0,5433,17989839122
440.833,2.26843,43.9532,0,85,65,44,2760,10501,5.12848,165,16.9846,0,0,5433,17992107824
357.297,2.7988,43.9532,0,85,65,44,2760,10501,5.12848,165,16.9846,0,0,5433,17994907062
373.587,2.67675,43.9532,0,85,65,44,2760,10501,5.12848,165,16.9846,0,0,5433,17997583825
384.257,2.60243,43.9532,0,85,65,44,2760,10501,5.12848,165,16.9846,0,0,5433,18000186634
337.863,2.95978,43.9532,0,85,65,44,2760,10501,5.12848,165,16.9846,0,0,5433,18003146734
354.131,2.82382,43.9532,0,85,65,44,2760,10501,5.12848,165,16.9846,0,0,5433,18005970877
367.7,2.71961,43.9532,0,85,65,44,2760,10501,5.12848,165,16.9846,0,0,5433,18008690796
299.298,3.34115,43.9532,0,85,65,44,2760,10501,5.12848,165,16.9846,0,0,5433,18012032255
232.569,4.2998,43.9532,0,85,65,44,2760,10501,5.12848,165,16.9846,0,0,5433,18016332563
926.2,1.07968,43.9532,0,85,65,44,2760,10501,5.12848,165,16.9846,0,0,5433,18017412609
592.06,1.68902,43.9532,0,85,65,44,2760,10501,5.12848,165,16.9846,0,0,5433,18019101753
279.57,3.57692,43.9532,0,85,65,44,2760,10501,5.12848,165,16.9846,0,0,5433,18022679046
634.628,1.57573,43.9532,0,85,65,44,2760,10501,5.12848,165,16.9846,0,0,5433,18024255080
315.001,3.17459,43.9532,0,85,65,44,2760,10501,5.12848,165,16.9846,0,0,5433,18027430062
378.08,2.64494,43.9532,0,85,65,44,2760,10501,5.12848,165,16.9846,0,0,5433,18030075343
391.423,2.55478,43.9532,0,85,65,44,2760,10501,5.12848,165,16.9846,0,0,5433,18032630487
388.116,2.57655,43.9532,0,85,65,44,2760,10501,5.12848,165,16.9846,0,0,5433,18035207334
341.858,2.92519,43.9532,0,85,65,44,2760,10501,5.12848,165,16.9846,0,0,5433,18038132961
229.7,4.35351,43.9532,0,85,65,44,2760,10501,5.12848,165,16.9846,0,0,5433,18042486877
897.001,1.11483,43.9532,0,85,65,44,2760,10501,5.12848,165,16.9846,0,0,5433,18043601857
417.286,2.39644,43.9532,0,85,65,44,2760,10501,5.12848,165,16.9846,0,0,5433,18045998688
405.612,2.46541,43.9532,0,85,65,44,2760,10501,5.12848,165,16.9846,0,0,5433,18048464290
407.773,2.45234,43.9532,0,85,65,44,2760,10501,5.12848,165,16.9846,0,0,5433,18050916978
267.658,3.73611,43.9532,0,85,65,44,2760,10501,5.12848,165,16.9846,0,0,5433,18054653547
490.33,2.03944,43.9532,0,85,65,44,2760,10501,5.12848,165,16.9846,0,0,5433,18056693240
430.738,2.3216,43.9532,0,85,65,44,2760,10501,5.12848,165,16.9846,0,0,5433,18059015184
329.187,3.03779,43.9532,0,85,65,44,2760,10501,5.12848,165,16.9846,0,0,5433,18062053383
427.141,2.34115,43.9532,0,85,65,44,2760,10501,5.12848,165,16.9846,0,0,5433,18064394817
222.053,4.50342,43.9532,0,85,65,44,2760,10501,5.12848,165,16.9846,0,0,5433,18068898498
760.13,1.31556,43.9532,0,85,65,44,2760,10501,5.12848,165,16.9846,0,0,5433,18070214311
365.123,2.7388,43.9532,0,85,65,44,2760,10501,5.12848,165,16.9846,0,0,5433,18072953538
356.473,2.80526,43.9532,0,85,65,44,2760,10501,5.12848,165,16.9846,0,0,5433,18075759373
519.367,1.92542,43.9532,0,85,65,44,2760,10501,5.12848,165,16.9846,0,0,5433,18077684938
359.062,2.78504,43.9532,0,85,65,44,2760,10501,5.12848,165,16.9846,0,0,5433,18080470253
331.922,3.01275,43.9532,0,85,65,44,2760,10501,5.12848,165,16.9846,0,0,5433,18083483316
420.977,2.37543,43.9532,0,85,65,44,2760,10501,5.12848,165,16.9846,0,0,5433,18085859098
293.17,3.41099,43.9532,0,85,65,44,2760,10501,5.12848,165,16.9846,0,0,5433,18089270531
497.229,2.01114,43.9532,0,85,65,44,2760,10501,5.12848,165,16.9846,0,0,5433,18091281906
172.151,5.80886,43.9532,0,85,65,44,2760,10501,5.12848,165,16.9846,0,0,5433,18097091111
571.237,1.75059,43.9532,0,85,65,44,2760,10501,5.12848,165,16.9846,0,0,5433,18098841988
378.268,2.64363,43.9532,0,85,65,44,2760,10501,5.12848,165,16.9846,0,0,5433,18101485904
358.961,2.78582,43.9532,0,85,65,44,2760,10501,5.12848,165,16.9846,0,0,5433,18104272065
396.525,2.52191,43.9532,0,85,65,44,2760,10501,5.12848,165,16.9846,0,0,5433,18106794275
306.964,3.25771,43.9532,0,85,65,44,2760,10501,5.12848,165,16.9846,0,0,5433,18110052202
321.457,3.11084,43.9532,0,85,65,44,2760,10501,5.12848,165,16.9846,0,0,5433,18113163393
577.803,1.73069,43.9532,0,85,65,44,2760,10501,5.12848,165,16.9846,0,0,5433,18114894432
388.236,2.57575,43.9532,0,85,65,44,2760,10501,5.12848,165,16.9846,0,0,5433,18117470481
388.241,2.57572,43.9532,0,85,65,44,2760,10501,5.12848,165,16.9846,0,0,5433,18120046433
200.744,4.98147,43.9532,0,85,65,44,2760,10501,5.12848,165,16.9846,0,0,5433,18125028312
480.26,2.08221,43.9532,0,85,65,44,2760,10501,5.12848,165,16.9846,0,0,5433,18127110998
295.229,3.3872,43.9532,0,85,65,44,2760,10501,5.12848,165,16.9846,0,0,5433,18130498660
2088.83,0.478737,43.9532,0,85,65,44,2760,10501,5.12848,165,16.9846,0,0,5433,18130977532
381.25,2.62295,43.9532,0,85,65,44,2760,10501,5.12848,165,16.9846,0,0,5433,18133600832
384.246,2.6025,43.9532,0,85,65,44,2760,10501,5.12848,165,16.9846,0,0,5433,18136203660
286.881,3.48576,43.9532,0,85,65,44,2760,10501,5.12848,165,16.9846,0,0,5433,18139689989
477.155,2.09575,43.9532,0,85,65,44,2760,10501,5.12848,165,16.9846,0,0,5433,18141786050
458.631,2.1804,43.9532,0,85,65,44,2760,10501,5.12848,165,16.9846,0,0,5433,18143967008
346.326,2.88745,43.9532,0,85,65,44,2760,10501,5.12848,165,16.9846,0,0,5433,18146854836
189.611,5.27397,43.9532,0,85,65,44,2760,10501,5.12848,165,16.9846,0,0,5433,18152129033
1344.16,0.743958,43.9532,0,85,65,44,2760,10501,5.12848,165,16.9846,0,0,5433,18152873308
231.63,4.31723,43.9532,0,85,65,44,2760,10501,5.12848,165,16.9846,0,0,5433,18157190858
1968.62,0.507969,43.9532,0,85,65,44,2760,10501,5.12848,165,16.9846,0,0,5433,18157698711
279.776,3.57428,43.9532,0,85,65,44,2760,10501,5.12848,165,16.9846,0,0,5433,18161273640
508.65,1.96599,43.9532,0,85,65,44,2760,10501,5.12848,165,16.9846,0,0,5433,18163239802
452.383,2.21052,43.9532,0,85,65,44,2760,10501,5.12848,165,16.9846,0,0,5433,18165450627
263.292,3.79807,43.9532,0,85,65,44,2760,10501,5.12848,165,16.9846,0,0,5433,18169249014
505.847,1.97688,43.9532,0,85,65,44,2760,10501,5.12848,165,16.9846,0,0,5433,18171226321
441.018,2.26748,43.9532,0,85,65,44,2760,10501,5.12848,165,16.9846,0,0,5433,18173494071
165.625,6.03774,43.9532,0,85,65,44,2760,10501,5.12848,165,16.9846,0,0,5433,18179532063
2930.63,0.341223,43.9532,0,85,65,44,2760,10501,5.12848,165,16.9846,0,0,5433,18179873218
477.042,2.09625,43.9532,0,85,65,44,2760,10501,5.12848,165,16.9846,0,0,5433,18181969981
376.229,2.65795,43.9532,0,85,65,44,2760,10501,5.12848,165,16.9846,0,0,5433,18184628234
263.378,3.79682,43.9532,0,85,65,44,2760,10501,5.12848,165,16.9846,0,0,5433,18188425362
861.79,1.16038,43.9532,0,85,65,44,2760,10501,5.12848,165,16.9846,0,0,5433,18189586065
320.809,3.11712,43.9532,0,85,65,44,2760,10501,5.12848,165,16.9846,0,0,5433,18192703564
450.022,2.22211,43.9532,0,85,65,44,2760,10501,5.12848,165,16.9846,0,0,5433,18194926139
297.043,3.36652,43.9532,0,85,65,44,2760,10501,5.12848,165,16.9846,0,0,5433,18198292945
466.498,2.14363,43.9532,0,85,65,44,2760,10501,5.12848,165,16.9846,0,0,5433,18200437094
402.851,2.48231,43.9532,0,85,65,44,2760,10501,5.12848,165,16.9846,0,0,5433,18202919466
363.915,2.74789,43.9532,0,85,65,44,2760,10501,5.12848,165,16.9846,0,0,5433,18205667905
255.134,3.91951,43.9532,0,85,65,44,2760,10501,5.12848,165,16.9846,0,0,5433,18209587652
493.883,2.02477,43.9532,0,85,65,44,2760,10501,5.12848,165,16.9846,0,0,5433,18211612701
452.102,2.21189,43.9532,0,85,65,44,2760,10501,5.12848,165,16.9846,0,0,5433,18213824862
394.069,2.53762,43.9532,0,85,65,44,2760,10501,5.12848,165,16.9846,0,0,5433,18216362813
349.474,2.86144,43.9532,0,85,65,44,2760,10501,5.12848,165,16.9846,0,0,5433,18219224535
361.35,2.7674,43.9532,0,85,65,44,2760,10501,5.12848,165,16.9846,0,0,5433,18221992243
422.552,2.36657,43.9532,0,85,65,44,2760,10501,5.12848,165,16.9846,0,0,5433,18224359044
356.729,2.80325,43.9532,0,85,65,44,2760,10501,5.12848,165,16.9846,0,0,5433,18227162610
342.508,2.91964,43.9532,0,85,65,44,2760,10501,5.12848,165,16.9846,0,0,5433,18230082535
323.196,3.09409,43.9532,0,85,65,44,2760,10501,5.12848,165,16.9846,0,0,5433,18233176880
521.484,1.9176,43.9532,0,85,65,44,2760,10501,5.12848,165,16.9846,0,0,5433,18235094791
314.922,3.17539,43.9532,0,85,65,44,2760,10501,5.12848,165,16.9846,0,0,5433,18238270513
186.841,5.35215,43.9532,0,85,65,44,2760,10501,5.12848,165,16.9846,0,0,5433,18243623242
283.441,3.52807,43.9532,0,85,65,44,2760,10501,5.12848,165,16.9846,0,0,5433,18247151601
451.489,2.21489,43.9532,0,85,65,44,2760,10501,5.12848,165,16.9846,0,0,5433,18249366656
421.441,2.37281,43.9532,0,85,65,44,2760,10501,5.12848,165,16.9846,0,0,5433,18251739871
275.464,3.63024,43.9532,0,85,65,44,2760,10501,5.12848,165,16.9846,0,0,5433,18255370522
258.498,3.86851,43.9532,0,85,65,44,2760,10501,5.12848,165,16.9846,0,0,5433,18259239585
605.285,1.65211,43.9532,0,85,65,44,2760,10501,5.12848,165,16.9846,0,0,5433,18260891852
698.328,1.43199,43.9532,0,85,65,44,2760,10501,5.12848,165,16.9846,0,0,5433,18262324535
374.723,2.66864,43.9532,0,85,65,44,2760,10501,5.12848,165,16.9846,0,0,5433,18264993337
338.73,2.9522,43.9532,0,85,65,44,2760,10501,5.12848,165,16.9846,0,0,5433,18267945802
459.868,2.17454,43.9532,0,85,65,44,2760,10501,5.12848,165,16.9846,0,0,5433,18270120692
344.891,2.89946,43.9532,0,85,65,44,2760,10501,5.12848,165,16.9846,0,0,5433,18273020463
199.736,5.00661,43.9532,0,85,65,44,2760,10501,5.12848,165,16.9846,0,0,5433,18278027574
596.855,1.67545,43.9532,0,85,65,44,2760,10501,5.12848,165,16.9846,0,0,5433,18279703188
448.704,2.22864,43.9532,0,85,65,44,2760,10501,5.12848,165,16.9846,0,0,5433,18281932167
266.526,3.75197,43.9532,0,85,65,44,2760,10501,5.12848,165,16.9846,0,0,5433,18285684438
649.532,1.53957,43.9532,0,85,65,44,2760,10501,5.12848,165,16.9846,0,0,5433,18287224317
388.823,2.57187,43.9532,0,85,65,44,2760,10501,5.12848,165,16.9846,0,0,5433,18289796605
354.226,2.82306,43.9532,0,85,65,44,2760,10501,5.12848,165,16.9846,0,0,5433,18292619922
219.892,4.54768,43.9532,0,85,65,44,2760,10501,5.12848,165,16.9846,0,0,5433,18297167921
634.419,1.57624,43.9532,0,85,65,44,2760,10501,5.12848,165,16.9846,0,0,5433,18298744378
460.806,2.17011,43.9532,0,85,65,44,2760,10501,5.12848,165,16.9846,0,0,5433,18300914855
162.553,6.15185,43.9532,0,85,65,44,2760,10501,5.12848,165,16.9846,0,0,5433,18307067005
512.384,1.95166,43.9532,0,85,65,44,2760,10501,5.12848,165,16.9846,0,0,5433,18309019176
520.625,1.92077,43.9532,0,85,65,44,2760,10501,5.12848,165,16.9846,0,0,5433,18310940154
240.674,4.15501,43.9532,0,85,65,44,2760,10501,5.12848,165,16.9846,0,0,5433,18315095564
455.705,2.1944,43.9532,0,85,65,44,2760,10501,5.12848,165,16.9846,0,0,5433,18317290551
724.184,1.38086,43.9532,0,85,65,44,2760,10501,5.12848,165,16.9846,0,0,5433,18318671723
434.975,2.29898,43.9532,0,85,65,44,2760,10501,5.12848,165,16.9846,0,0,5433,18320971156
166.766,5.99641,43.9532,0,85,65,44,2760,10501,5.12848,165,16.9846,0,0,5433,18326967992
1996.55,0.500863,43.9532,0,85,65,44,2760,10501,5.12848,165,16.9846,0,0,5433,18327469106
286.769,3.48713,43.9532,0,85,65,44,2760,10501,5.12848,165,16.9846,0,0,5433,18330956665
572.199,1.74765,43.9532,0,85,65,44,2760,10501,5.12848,165,16.9846,0,0,5433,18332704570
340.835,2.93397,43.9532,0,85,65,44,2760,10501,5.12848,165,16.9846,0,0,5433,18335639083
233.826,4.27668,43.9532,0,85,65,44,2760,10501,5.12848,165,16.9846,0,0,5433,18339915842
954.473,1.0477,43.9532,0,85,65,44,2760,10501,5.12848,165,16.9846,0,0,5433,18340963695
459.288,2.17728,43.9532,0,85,65,44,2760,10501,5.12848,165,16.9846,0,0,5433,18343141345
265.971,3.75981,43.9532,0,85,65,44,2760,10501,5.12848,165,16.9846,0,0,5433,18346901539
449.736,2.22353,43.9532,0,85,65,44,2760,10501,5.12848,165,16.9846,0,0,5433,18349125374
616.659,1.62164,43.9532,0,85,65,44,2760,10501,5.12848,165,16.9846,0,0,5433,18350747265
317.579,3.14882,43.9532,0,85,65,44,2760,10501,5.12848,165,16.9846,0,0,5433,18353896429
255.559,3.91299,43.9532,0,85,65,44,2760,10501,5.12848,165,16.9846,0,0,5433,18357809782
557.326,1.79428,43.9532,0,85,65,44,2760,10501,5.12848,165,16.9846,0,0,5433,18359604352
325.011,3.07681,43.9532,0,85,65,44,2760,10501,5.12848,165,16.9846,0,0,5433,18362681590
411.605,2.42951,43.9532,0,85,65,44,2760,10501,5.12848,165,16.9846,0,0,5433,18365111480
410.183,2.43794,43.9532,0,85,65,44,2760,10501,5.12848,165,16.9846,0,0,5433,18367549764
483.561,2.06799,43.9532,0,85,65,44,2760,10501,5.12848,165,16.9846,0,0,5433,18369617987
365.558,2.73554,43.9532,0,85,65,44,2760,10501,5.12848,165,16.9846,0,0,5433,18372353955
301.414,3.3177,43.9532,0,85,65,44,2760,10501,5.12848,165,16.9846,0,0,5433,18375672066
473.844,2.1104,43.9532,0,85,65,44,2760,10501,5.12848,165,16.9846,0,0,5433,18377782888
300.541,3.32733,43.9532,0,85,65,44,2760,10501,5.12848,165,16.9846,0,0,5433,18381110452
563.973,1.77314,43.9532,0,85,65,44,2760,10501,5.12848,165,16.9846,0,0,5433,18382883954
361.966,2.76269,43.9532,0,85,65,44,2760,10501,5.12848,165,16.9846,0,0,5433,18385647047
299.656,3.33716,43.9532,0,85,65,44,2760,10501,5.12848,165,16.9846,0,0,5433,18388984496
436.643,2.2902,43.9532,0,85,65,44,2760,10501,5.12848,165,16.9846,0,0,5433,18391275179
375.562,2.66268,43.9532,0,85,65,44,2760,10501,5.12848,165,16.9846,0,0,5433,18393940259
309.916,3.22669,45.8015,0,85,65,44,2760,10501,5.12848,165,16.9857,0,0,5434,18397165271
520.17,1.92245,45.8015,0,85,65,44,2760,10501,5.12848,165,16.9857,0,0,5434,18399087942
423.633,2.36053,45.8015,0,85,65,44,2760,10501,5.12848,165,16.9857,0,0,5434,18401448772
402.525,2.48431,45.8015,0,85,65,44,2760,10501,5.12848,165,16.9857,0,0,5434,18403933240
239.643,4.17288,45.8015,0,85,65,44,2760,10501,5.12848,165,16.9857,0,0,5434,18408106669
511.567,1.95478,45.8015,0,85,65,44,2760,10501,5.12848,165,16.9857,0,0,5434,18410061677
596.7,1.67588,45.8015,0,85,65,44,2760,10501,5.12848,165,16.9857,0,0,5434,18411737916
369.142,2.70899,45.8015,0,85,65,44,2760,10501,5.12848,165,16.9857,0,0,5434,18414447171
343.672,2.90975,45.8015,0,85,65,44,2760,10501,5.12848,165,16.9857,0,0,5434,18417357269
240.044,4.1659,45.8015,0,85,65,44,2760,10501,5.12848,165,16.9857,0,0,5434,18421523525
760.887,1.31426,45.8015,0,85,65,44,2760,10501,5.12848,165,16.9857,0,0,5434,18422838271
214.492,4.66219,45.8015,0,85,65,44,2760,10501,5.12848,165,16.9857,0,0,5434,18427501044
368.093,2.71671,45.8015,0,85,65,44,2760,10501,5.12848,165,16.9857,0,0,5434,18430218126
1393.06,0.717842,45.8015,0,85,65,44,2760,10501,5.12848,165,16.9857,0,0,5434,18430936275
369.236,2.70829,45.8015,0,85,65,44,2760,10501,5.12848,165,16.9857,0,0,5434,18433644982
415.936,2.40422,45.8015,0,85,65,44,2760,10501,5.12848,165,16.9857,0,0,5434,18436049534
426.752,2.34328,45.8015,0,85,65,44,2760,10501,5.12848,165,16.9857,0,0,5434,18438393065
325.587,3.07137,45.8015,0,85,65,44,2760,10501,5.12848,165,16.9857,0,0,5434,18441464822
357.794,2.7949,45.8015,0,85,65,44,2760,10501,5.12848,165,16.9857,0,0,5434,18444259964
246.743,4.0528,45.8015,0,85,65,44,2760,10501,5.12848,165,16.9857,0,0,5434,18448313245
433.979,2.30426,45.8015,0,85,65,44,2760,10501,5.12848,165,16.9857,0,0,5434,18450618121
679.671,1.4713,45.8015,0,85,65,44,2760,10501,5.12848,165,16.9857,0,0,5434,18452089517
326.305,3.06461,45.8015,0,85,65,44,2760,10501,5.12848,165,16.9857,0,0,5434,18455154447
359.727,2.77988,45.8015,0,85,65,44,2760,10501,5.12848,165,16.9857,0,0,5434,18457934637
466.674,2.14282,45.8015,0,85,65,44,2760,10501,5.12848,165,16.9857,0,0,5434,18460077815
338.248,2.95641,45.8015,0,85,65,44,2760,10501,5.12848,165,16.9857,0,0,5434,18463034482
434.416,2.30194,45.8015,0,85,65,44,2760,10501,5.12848,165,16.9857,0,0,5434,18465336780
338.689,2.95256,45.8015,0,85,65,44,2760,10501,5.12848,165,16.9857,0,0,5434,18468289668
355.75,2.81096,45.8015,0,85,65,44,2760,10501,5.12848,165,16.9857,0,0,5434,18471101051
212.175,4.71309,45.8015,0,85,65,44,2760,10501,5.12848,165,16.9857,0,0,5434,18475814431
641.423,1.55903,45.8015,0,85,65,44,2760,10501,5.12848,165,16.9857,0,0,5434,18477373917
432.164,2.31393,45.8015,0,85,65,44,2760,10501,5.12848,165,16.9857,0,0,5434,18479687975
410.932,2.4335,45.8015,0,85,65,44,2760,10501,5.12848,165,16.9857,0,0,5434,18482121807
315.963,3.16492,45.8015,0,85,65,44,2760,10501,5.12848,165,16.9857,0,0,5434,18485287068
372.115,2.68734,45.8015,0,85,65,44,2760,10501,5.12848,165,16.9857,0,0,5434,18487974726
478.898,2.08813,45.8015,0,85,65,44,2760,10501,5.12848,165,16.9857,0,0,5434,18490063296
311.364,3.21167,45.8015,0,85,65,44,2760,10501,5.12848,165,16.9857,0,0,5434,18493275231
339.838,2.94258,45.8015,0,85,65,44,2760,10501,5.12848,165,16.9857,0,0,5434,18496218119
485.378,2.06025,45.8015,0,85,65,44,2760,10501,5.12848,165,16.9857,0,0,5434,18498278727
197.166,5.07187,45.8015,0,85,65,44,2760,10501,5.12848,165,16.9857,0,0,5434,18503351196
610.9,1.63693,45.8015,0,85,65,44,2760,10501,5.12848,165,16.9857,0,0,5434,18504988309
676.823,1.47749,45.8015,0,85,65,44,2760,10501,5.12848,165,16.9857,0,0,5434,18506466301
448.431,2.23,45.8015,0,85,65,44,2760,10501,5.12848,165,16.9857,0,0,5434,18508696636
400.58,2.49638,45.8015,0,85,65,44,2760,10501,5.12848,165,16.9857,0,0,5434,18511193181
342.857,2.91667,45.8015,0,85,65,44,2760,10501,5.12848,165,16.9857,0,0,5434,18514110097
379.249,2.63679,45.8015,0,85,65,44,2760,10501,5.12848,165,16.9857,0,0,5434,18516747157
383.546,2.60725,45.8015,0,85,65,44,2760,10501,5.12848,165,16.9857,0,0,5434,18519354822
345.945,2.89064,45.8015,0,85,65,44,2760,10501,5.12848,165,16.9857,0,0,5434,18522246092
445.82,2.24306,45.8015,0,85,65,44,2760,10501,5.12848,165,16.9857,0,0,5434,18524489226
279.676,3.57556,45.8015,0,85,65,44,2760,10501,5.12848,165,16.9857,0,0,5434,18528065096
389.628,2.56655,45.8015,0,85,65,44,2760,10501,5.12848,165,16.9857,0,0,5434,18530631894
228.325,4.37971,45.8015,0,85,65,44,2760,10501,5.12848,165,16.9857,0,0,5434,18535012167
1167.74,0.856356,45.8015,0,85,65,44,2760,10501,5.12848,165,16.9857,0,0,5434,18535868359
413.145,2.42046,45.8015,0,85,65,44,2760,10501,5.12848,165,16.9857,0,0,5434,18538289527
447.657,2.23386,45.8015,0,85,65,44,2760,10501,5.12848,165,16.9857,0,0,5434,18540523564
334.624,2.98843,45.8015,0,85,65,44,2760,10501,5.12848,165,16.9857,0,0,5434,18543512145
277.215,3.6073,45.8015,0,85,65,44,2760,10501,5.12848,165,16.9857,0,0,5434,18547120017
647.675,1.54399,45.8015,0,85,65,44,2760,10501,5.12848,165,16.9857,0,0,5434,18548664127
353.287,2.83056,45.8015,0,85,65,44,2760,10501,5.12848,165,16.9857,0,0,5434,18551495020
313.628,3.18849,45.8015,0,85,65,44,2760,10501,5.12848,165,16.9857,0,0,5434,18554683945
303.969,3.28981,45.8015,0,85,65,44,2760,10501,5.12848,165,16.9857,0,0,5434,18557974219
325.136,3.07563,45.8015,0,85,65,44,2760,10501,5.12848,165,16.9857,0,0,5434,18561050304
539.698,1.85289,45.8015,0,85,65,44,2760,10501,5.12848,165,16.9857,0,0,5434,18562903453
567.044,1.76353,45.8015,0,85,65,44,2760,10501,5.12848,165,16.9857,0,0,5434,18564667329
293.976,3.40163,45.8015,0,85,65,44,2760,10501,5.12848,165,16.9857,0,0,5434,18568069185
471.545,2.12069,45.8015,0,85,65,44,2760,10501,5.12848,165,16.9857,0,0,5434,18570190208
269.362,3.71247,45.8015,0,85,65,44,2760,10501,5.12848,165,16.9857,0,0,5434,18573903141
532.278,1.87872,45.8015,0,85,65,44,2760,10501,5.12848,165,16.9857,0,0,5434,18575782185
225.463,4.43532,45.8015,0,85,65,44,2760,10501,5.12848,165,16.9857,0,0,5434,18580218036
397.148,2.51795,45.8015,0,85,65,44,2760,10501,5.12848,165,16.9857,0,0,5434,18582735794
484.137,2.06553,45.8015,0,85,65,44,2760,10501,5.12848,165,16.9857,0,0,5434,18584801883
454.165,2.20184,45.8015,0,85,65,44,2760,10501,5.12848,165,16.9857,0,0,5434,18587003928
242.957,4.11596,45.8015,0,85,65,44,2760,10501,5.12848,165,16.9857,0,0,5434,18591120221
965.174,1.03608,45.8015,0,85,65,44,2760,10501,5.12848,165,16.9857,0,0,5434,18592156631
351.53,2.84471,45.8015,0,85,65,44,2760,10501,5.12848,165,16.9857,0,0,5434,18595001765
375.07,2.66617,45.8015,0,85,65,44,2760,10501,5.12848,165,16.9857,0,0,5434,18597668268
375.672,2.6619,45.8015,0,85,65,44,2760,10501,5.12848,165,16.9857,0,0,5434,18600330522
341.554,2.92779,45.8015,0,85,65,44,2760,10501,5.12848,165,16.9857,0,0,5434,18603258601
378.577,2.64147,45.8015,0,85,65,44,2760,10501,5.12848,165,16.9857,0,0,5434,18605900392
222.75,4.48933,45.8015,0,85,65,44,2760,10501,5.12848,165,16.9857,0,0,5434,18610390255
589.245,1.69709,45.8015,0,85,65,44,2760,10501,5.12848,165,16.9857,0,0,5434,18612087716
424.692,2.35465,45.8015,0,85,65,44,2760,10501,5.12848,165,16.9857,0,0,5434,18614442516
530.743,1.88415,45.8015,0,85,65,44,2760,10501,5.12848,165,16.9857,0,0,5434,18616326974
363.759,2.74907,45.8015,0,85,65,44,2760,10501,5.12848,165,16.9857,0,0,5434,18619076480
458.415,2.18143,45.8015,0,85,65,44,2760,10501,5.12848,165,16.9857,0,0,5434,18621258140
323.27,3.09339,45.8015,0,85,65,44,2760,10501,5.12848,165,16.9857,0,0,5434,18624351831
457.54,2.1856,45.8015,0,85,65,44,2760,10501,5.12848,165,16.9857,0,0,5434,18626537914
326.617,3.06169,45.8015,0,85,65,44,2760,10501,5.12848,165,16.9857,0,0,5434,18629599835
462.733,2.16107,45.8015,0,85,65,44,2760,10501,5.12848,165,16.9857,0,0,5434,18631761264
206.424,4.84439,45.8015,0,85,65,44,2760,10501,5.12848,165,16.9857,0,0,5434,18636605994
622.346,1.60682,45.8015,0,85,65,44,2760,10501,5.12848,165,16.9857,0,0,5434,18638236626
493.412,2.0267,45.8015,0,85,65,44,2760,10501,5.12848,165,16.9857,0,0,5434,18640240270
357.039,2.80082,45.8015,0,85,65,44,2760,10501,5.12848,165,16.9857,0,0,5434,18643041346
339.411,2.94628,45.8015,0,85,65,44,2760,10501,5.12848,165,16.9857,0,0,5434,18645988079
222.946,4.48538,45.8015,0,85,65,44,2760,10501,5.12848,165,16.9857,0,0,5434,18650473971
1927.32,0.518854,45.8015,0,85,65,44,2760,10501,5.12848,165,16.9857,0,0,5434,18650992854
371.245,2.69364,45.8015,0,85,65,44,2760,10501,5.12848,165,16.9857,0,0,5434,18653686954
403.815,2.47638,45.8015,0,85,65,44,2760,10501,5.12848,165,16.9857,0,0,5434,18656163586
354.689,2.81937,45.8015,0,85,65,44,2760,10501,5.12848,165,16.9857,0,0,5434,18658983306
184.404,5.42287,45.8015,0,85,65,44,2760,10501,5.12848,165,16.9857,0,0,5434,18664406527
598.224,1.67161,45.8015,0,85,65,44,2760,10501,5.12848,165,16.9857,0,0,5434,18666078593
583.882,1.71267,45.8015,0,85,65,44,2760,10501,5.12848,165,16.9857,0,0,5434,18667791555
364.691,2.74204,45.8015,0,85,65,44,2760,10501,5.12848,165,16.9857,0,0,5434,18670533849
509.385,1.96315,45.8015,0,85,65,44,2760,10501,5.12848,165,16.9857,0,0,5434,18672497300
348.196,2.87194,45.8015,0,85,65,44,2760,10501,5.12848,165,16.9857,0,0,5434,18675369541
375.816,2.66088,45.8015,0,85,65,44,2760,10501,5.12848,165,16.9857,0,0,5434,18678030900
358.48,2.78956,45.8015,0,85,65,44,2760,10501,5.12848,165,16.9857,0,0,5434,18680820648
354,2.82486,45.8015,0,85,65,44,2760,10501,5.12848,165,16.9857,0,0,5434,18683645906
491.168,2.03596,45.8015,0,85,65,44,2760,10501,5.12848,165,16.9857,0,0,5434,18685682081
175.61,5.69443,45.8015,0,85,65,44,2760,10501,5.12848,165,16.9857,0,0,5434,18691376955
540.312,1.85078,45.8015,0,85,65,44,2760,10501,5.12848,165,16.9857,0,0,5434,18693227893
460.304,2.17248,45.8015,0,85,65,44,2760,10501,5.12848,165,16.9857,0,0,5434,18695400706
389.834,2.56519,45.8015,0,85,65,44,2760,10501,5.12848,165,16.9857,0,0,5434,18697966177
367.387,2.72193,45.8015,0,85,65,44,2760,10501,5.12848,165,16.9857,0,0,5434,18700688452
379.163,2.63739,45.8015,0,85,65,44,2760,10501,5.12848,165,16.9857,0,0,5434,18703326079
339.586,2.94476,45.8015,0,85,65,44,2760,10501,5.12848,165,16.9857,0,0,5434,18706271236
347.176,2.88038,45.8015,0,85,65,44,2760,10501,5.12848,165,16.9857,0,0,5434,18709152093
504.001,1.98412,45.8015,0,85,65,44,2760,10501,5.12848,165,16.9857,0,0,5434,18711136515
303.946,3.29006,45.8015,0,85,65,44,2760,10501,5.12848,165,16.9857,0,0,5434,18714426838
360.822,2.77145,45.8015,0,85,65,44,2760,10501,5.12848,165,16.9857,0,0,5434,18717198633
466.448,2.14386,45.8015,0,85,65,44,2760,10501,5.12848,165,16.9857,0,0,5434,18719342744
338.216,2.95669,45.8015,0,85,65,44,2760,10501,5.12848,165,16.9857,0,0,5434,18722299805
450.406,2.22022,45.8015,0,85,65,44,2760,10501,5.12848,165,16.9857,0,0,5434,18724520274
383.914,2.60475,45.8015,0,85,65,44,2760,10501,5.12848,165,16.9857,0,0,5434,18727125564
350.308,2.85463,45.8015,0,85,65,44,2760,10501,5.12848,165,16.9857,0,0,5434,18729980429
313.867,3.18606,45.8015,0,85,65,44,2760,10501,5.12848,165,16.9857,0,0,5434,18733166825
520.85,1.91994,45.8015,0,85,65,44,2760,10501,5.12848,165,16.9857,0,0,5434,18735087072
333.154,3.00161,45.8015,0,85,65,44,2760,10501,5.12848,165,16.9857,0,0,5434,18738089010
392.724,2.54632,45.8015,0,85,65,44,2760,10501,5.12848,165,16.9857,0,0,5434,18740635654
216.204,4.62526,45.8015,0,85,65,44,2760,10501,5.12848,165,16.9857,0,0,5434,18745261463
640.791,1.56057,45.8015,0,85,65,44,2760,10501,5.12848,165,16.9857,0,0,5434,18746822218
438.896,2.27844,45.8015,0,85,65,44,2760,10501,5.12848,165,16.9857,0,0,5434,18749100968
323.602,3.09022,45.8015,0,85,65,44,2760,10501,5.12848,165,16.9857,0,0,5434,18752191668
443.416,2.25522,45.8015,0,85,65,44,2760,10501,5.12848,165,16.9857,0,0,5434,18754447225
354.269,2.82271,45.8015,0,85,65,44,2760,10501,5.12848,165,16.9857,0,0,5434,18757270176
508.329,1.96723,45.8015,0,85,65,44,2760,10501,5.12848,165,16.9857,0,0,5434,18759237713
252.189,3.96529,45.8015,0,85,65,44,2760,10501,5.12848,165,16.9857,0,0,5434,18763203328
493.925,2.0246,45.8015,0,85,65,44,2760,10501,5.12848,165,16.9857,0,0,5434,18765228203
496.039,2.01597,45.8015,0,85,65,44,2760,10501,5.12848,165,16.9857,0,0,5434,18767244579
209.005,4.78456,45.8015,0,85,65,44,2760,10501,5.12848,165,16.9857,0,0,5434,18772029500
308.471,3.24179,45.8015,0,85,65,44,2760,10501,5.12848,165,16.9857,0,0,5434,18775271773
2415.6,0.413976,45.8015,0,85,65,44,2760,10501,5.12848,165,16.9857,0,0,5434,18775685921
397.015,2.5188,45.8015,0,85,65,44,2760,10501,5.12848,165,16.9857,0,0,5434,18778204997
367.346,2.72223,45.8015,0,85,65,44,2760,10501,5.12848,165,16.9857,0,0,5434,18780927540
250.329,3.99475,45.8015,0,85,65,44,2760,10501,5.12848,165,16.9857,0,0,5434,18784922598
763.546,1.30968,45.8015,0,85,65,44,2760,10501,5.12848,165,16.9857,0,0,5434,18786232700
432.821,2.31042,45.8015,0,85,65,44,2760,10501,5.12848,165,16.9857,0,0,5434,18788543451
314.838,3.17623,45.8015,0,85,65,44,2760,10501,5.12848,165,16.9857,0,0,5434,18791719952
463.984,2.15525,45.8015,0,85,65,44,2760,10501,5.12848,165,16.9857,0,0,5434,18793875505
353.834,2.82618,45.8015,0,85,65,44,2760,10501,5.12848,165,16.9857,0,0,5434,18796702014
413.436,2.41875,45.8015,0,85,65,44,2760,10501,5.12848,165,16.9857,0,0,5434,18799121057
365.721,2.73432,45.8015,0,85,65,44,2760,10501,5.12848,165,16.9857,0,0,5434,18801855697
235.063,4.25418,45.8015,0,85,65,44,2760,10501,5.12848,165,16.9857,0,0,5434,18806110437
640.171,1.56208,45.8015,0,85,65,44,2760,10501,5.12848,165,16.9857,0,0,5434,18807672749
415.82,2.40489,45.8015,0,85,65,44,2760,10501,5.12848,165,16.9857,0,0,5434,18810077946
322.85,3.09741,45.8015,0,85,65,44,2760,10501,5.12848,165,16.9857,0,0,5434,18813175713
369.663,2.70517,45.8015,0,85,65,44,2760,10501,5.12848,165,16.9857,0,0,5434,18815881218
471.941,2.11891,45.8015,0,85,65,44,2760,10501,5.12848,165,16.9857,0,0,5434,18818000424
353.928,2.82543,45.8015,0,85,65,44,2760,10501,5.12848,165,16.9857,0,0,5434,18820826289
349.871,2.85819,45.8015,0,85,65,44,2760,10501,5.12848,165,16.9857,0,0,5434,18823684596
388.705,2.57264,45.8015,0,85,65,44,2760,10501,5.12848,165,16.9857,0,0,5434,18826257760
346.831,2.88325,45.8015,0,85,65,44,2760,10501,5.12848,165,16.9857,0,0,5434,18829141251
451.44,2.21513,45.8015,0,85,65,44,2760,10501,5.12848,165,16.9857,0,0,5434,18831356653
369.817,2.70404,45.8015,0,85,65,44,2760,10501,5.12848,165,16.9857,0,0,5434,18834061033
305.34,3.27503,45.8015,0,85,65,44,2760,10501,5.12848,165,16.9857,0,0,5434,18837336383
252.116,3.96643,45.8015,0,85,65,44,2760,10501,5.12848,165,16.9857,0,0,5434,18841303392
276.438,3.61745,45.8015,0,85,65,44,2760,10501,5.12848,165,16.9857,0,0,5434,18844921283
2219.3,0.450592,45.8015,0,85,65,44,2760,10501,5.12848,165,16.9857,0,0,5434,18845372183
645.128,1.55008,45.8015,0,85,65,44,2760,10501,5.12848,165,16.9857,0,0,5434,18846922755
332.805,3.00477,45.8015,0,85,65,44,2760,10501,5.12848,165,16.9857,0,0,5434,18849927673
379.598,2.63437,45.8015,0,85,65,44,2760,10501,5.12848,165,16.9857,0,0,5434,18852562416
331.969,3.01233,45.8015,0,85,65,44,2760,10501,5.12848,165,16.9857,0,0,5434,18855575065
401.83,2.48861,45.8015,0,85,65,44,2760,10501,5.12848,165,16.9857,0,0,5434,18858063966
319.786,3.12709,45.8015,0,85,65,44,2760,10501,5.12848,165,16.9857,0,0,5434,18861191408
446.452,2.23988,45.8015,0,85,65,44,2760,10501,5.12848,165,16.9857,0,0,5434,18863431580
354.939,2.81738,45.8015,0,85,65,44,2760,10501,5.12848,165,16.9857,0,0,5434,18866249281
406.492,2.46007,45.8015,0,85,65,44,2760,10501,5.12848,165,16.9857,0,0,5434,18868709623
340.267,2.93887,45.8015,0,85,65,44,2760,10501,5.12848,165,16.9857,0,0,5434,18871648886
385.732,2.59247,45.8015,0,85,65,44,2760,10501,5.12848,165,16.9857,0,0,5434,18874241627
196.603,5.08639,45.8015,0,85,65,44,2760,10501,5.12848,165,16.9857,0,0,5434,18879328510
720.766,1.38741,45.8015,0,85,65,44,2760,10501,5.12848,165,16.9857,0,0,5434,18880716191
517.96,1.93065,45.8015,0,85,65,44,2760,10501,5.12848,165,16.9857,0,0,5434,18882647189
416.099,2.40327,45.8015,0,85,65,44,2760,10501,5.12848,165,16.9857,0,0,5434,18885050722
327.155,3.05665,45.8015,0,85,65,44,2760,10501,5.12848,165,16.9857,0,0,5434,18888107739
392.552,2.54743,45.8015,0,85,65,44,2760,10501,5.12848,165,16.9857,0,0,5434,18890655478
235.428,4.24757,45.8015,0,85,65,44,2760,10501,5.12848,165,16.9857,0,0,5434,18894906525
1348.17,0.741746,45.6633,0,83,65,44,2760,10501,5.12848,165,16.985,0,0,5441,18895645396
415.786,2.40508,45.6633,0,83,65,44,2760,10501,5.12848,165,16.985,0,0,5441,18898050968
345.336,2.89573,45.6633,0,83,65,44,2760,10501,5.12848,165,16.985,0,0,5441,18900946931
366.381,2.7294,45.6633,0,83,65,44,2760,10501,5.12848,165,16.985,0,0,5441,18903676619
271.716,3.68032,45.6633,0,83,65,44,2760,10501,5.12848,165,16.985,0,0,5441,18907357224
541.293,1.84743,45.6633,0,83,65,44,2760,10501,5.12848,165,16.985,0,0,5441,18909204940
339.465,2.94581,45.6633,0,83,65,44,2760,10501,5.12848,165,16.985,0,0,5441,18912151231
383.063,2.61054,45.6633,0,83,65,44,2760,10501,5.12848,165,16.985,0,0,5441,18914761992
453.325,2.20592,45.6633,0,83,65,44,2760,10501,5.12848,165,16.985,0,0,5441,18916968173
432.942,2.30978,45.6633,0,83,65,44,2760,10501,5.12848,165,16.985,0,0,5441,18919278270
359.685,2.78021,45.6633,0,83,65,44,2760,10501,5.12848,165,16.985,0,0,5441,18922058960
330.575,3.02503,45.6633,0,83,65,44,2760,10501,5.12848,165,16.985,0,0,5441,18925084244
362.164,2.76118,45.6633,0,83,65,44,2760,10501,5.12848,165,16.985,0,0,5441,18927845703
392.283,2.54918,45.6633,0,83,65,44,2760,10501,5.12848,165,16.985,0,0,5441,18930395289
363.888,2.7481,45.6633,0,83,65,44,2760,10501,5.12848,165,16.985,0,0,5441,18933143756
323.622,3.09003,45.6633,0,83,65,44,2760,10501,5.12848,165,16.985,0,0,5441,18936234081
520.204,1.92232,45.6633,0,83,65,44,2760,10501,5.12848,165,16.985,0,0,5441,18938156762
207.966,4.80848,45.6633,0,83,65,44,2760,10501,5.12848,165,16.985,0,0,5441,18942965789
1701.57,0.587693,45.6633,0,83,65,44,2760,10501,5.12848,165,16.985,0,0,5441,18943553607
313.339,3.19144,45.6633,0,83,65,44,2760,10501,5.12848,165,16.985,0,0,5441,18946745513
471.507,2.12086,45.6633,0,83,65,44,2760,10501,5.12848,165,16.985,0,0,5441,18948866488
266.331,3.75472,45.6633,0,83,65,44,2760,10501,5.12848,165,16.985,0,0,5441,18952621576
546.134,1.83105,45.6633,0,83,65,44,2760,10501,5.12848,165,16.985,0,0,5441,18954453051
375.202,2.66523,45.6633,0,83,65,44,2760,10501,5.12848,165,16.985,0,0,5441,18957118631
360.888,2.77094,45.6633,0,83,65,44,2760,10501,5.12848,165,16.985,0,0,5441,18959889907
332.058,3.01152,45.6633,0,83,65,44,2760,10501,5.12848,165,16.985,0,0,5441,18962901749
217.68,4.5939,45.6633,0,83,65,44,2760,10501,5.12848,165,16.985,0,0,5441,18967496116
2087.45,0.479054,45.6633,0,83,65,44,2760,10501,5.12848,165,16.985,0,0,5441,18967975055
432.238,2.31354,45.6633,0,83,65,44,2760,10501,5.12848,165,16.985,0,0,5441,18970289085
369.29,2.7079,45.6633,0,83,65,44,2760,10501,5.12848,165,16.985,0,0,5441,18972997330
311.269,3.21266,45.6633,0,83,65,44,2760,10501,5.12848,165,16.985,0,0,5441,18976210323
440.826,2.26847,45.6633,0,83,65,44,2760,10501,5.12848,165,16.985,0,0,5441,18978479178
397.85,2.51351,45.6633,0,83,65,44,2760,10501,5.12848,165,16.985,0,0,5441,18980992869
355.679,2.81153,45.6633,0,83,65,44,2760,10501,5.12848,165,16.985,0,0,5441,18983804713
388.003,2.5773,45.6633,0,83,65,44,2760,10501,5.12848,165,16.985,0,0,5441,18986382339
356.848,2.80231,45.6633,0,83,65,44,2760,10501,5.12848,165,16.985,0,0,5441,18989184952
342.214,2.92215,45.6633,0,83,65,44,2760,10501,5.12848,165,16.985,0,0,5441,18992107464
435.465,2.29639,45.6633,0,83,65,44,2760,10501,5.12848,165,16.985,0,0,5441,18994404138
309.77,3.2282,45.6633,0,83,65,44,2760,10501,5.12848,165,16.985,0,0,5441,18997632727
373.233,2.67929,45.6633,0,83,65,44,2760,10501,5.12848,165,16.985,0,0,5441,19000312289
389.472,2.56758,45.6633,0,83,65,44,2760,10501,5.12848,165,16.985,0,0,5441,19002880164
333.612,2.99749,45.6633,0,83,65,44,2760,10501,5.12848,165,16.985,0,0,5441,19005878015
467.593,2.13861,45.6633,0,83,65,44,2760,10501,5.12848,165,16.985,0,0,5441,19008016885
171.098,5.84459,45.6633,0,83,65,44,2760,10501,5.12848,165,16.985,0,0,5441,19013861832
232.103,4.30842,45.6633,0,83,65,44,2760,10501,5.12848,165,16.985,0,0,5441,19018170410
1309.4,0.763709,45.6633,0,83,65,44,2760,10501,5.12848,165,16.985,0,0,5441,19018934407
669.417,1.49384,45.6633,0,83,65,44,2760,10501,5.12848,165,16.985,0,0,5441,19020428688
381.853,2.61881,45.6633,0,83,65,44,2760,10501,5.12848,165,16.985,0,0,5441,19023047824
367.314,2.72247,45.6633,0,83,65,44,2760,10501,5.12848,165,16.985,0,0,5441,19025770637
367.394,2.72187,45.6633,0,83,65,44,2760,10501,5.12848,165,16.985,0,0,5441,19028492748
358.513,2.7893,45.6633,0,83,65,44,2760,10501,5.12848,165,16.985,0,0,5441,19031282515
209.372,4.77618,45.6633,0,83,65,44,2760,10501,5.12848,165,16.985,0,0,5441,19036059128
236.354,4.23094,45.6633,0,83,65,44,2760,10501,5.12848,165,16.985,0,0,5441,19040290636
656.373,1.52352,45.6633,0,83,65,44,2760,10501,5.12848,165,16.985,0,0,5441,19041814399
308.516,3.24132,45.6633,0,83,65,44,2760,10501,5.12848,165,16.985,0,0,5441,19045056037
452.57,2.2096,45.6633,0,83,65,44,2760,10501,5.12848,165,16.985,0,0,5441,19047266160
483.489,2.0683,45.6633,0,83,65,44,2760,10501,5.12848,165,16.985,0,0,5441,19049334633
414.733,2.41119,45.6633,0,83,65,44,2760,10501,5.12848,165,16.985,0,0,5441,19051746234
333.833,2.99551,45.6633,0,83,65,44,2760,10501,5.12848,165,16.985,0,0,5441,19054741979
261.092,3.83007,45.6633,0,83,65,44,2760,10501,5.12848,165,16.985,0,0,5441,19058572521
413.178,2.42026,45.6633,0,83,65,44,2760,10501,5.12848,165,16.985,0,0,5441,19060992978
492.821,2.02913,45.6633,0,83,65,44,2760,10501,5.12848,165,16.985,0,0,5441,19063022489
178.792,5.59309,45.6633,0,83,65,44,2760,10501,5.12848,165,16.985,0,0,5441,19068615860
562.514,1.77773,45.6633,0,83,65,44,2760,10501,5.12848,165,16.985,0,0,5441,19070393977
378.056,2.64511,45.6633,0,83,65,44,2760,10501,5.12848,165,16.985,0,0,5441,19073039422
366.75,2.72665,45.6633,0,83,65,44,2760,10501,5.12848,165,16.985,0,0,5441,19075766341
392.284,2.54917,45.6633,0,83,65,44,2760,10501,5.12848,165,16.985,0,0,5441,19078315812
327.379,3.05456,45.6633,0,83,65,44,2760,10501,5.12848,165,16.985,0,0,5441,19081370742
506.024,1.97619,45.6633,0,83,65,44,2760,10501,5.12848,165,16.985,0,0,5441,19083347318
314.776,3.17687,45.6633,0,83,65,44,2760,10501,5.12848,165,16.985,0,0,5441,19086524531
355.403,2.81371,45.6633,0,83,65,44,2760,10501,5.12848,165,16.985,0,0,5441,19089338500
360.081,2.77715,45.6633,0,83,65,44,2760,10501,5.12848,165,16.985,0,0,5441,19092116075
304.243,3.28685,45.6633,0,83,65,44,2760,10501,5.12848,165,16.985,0,0,5441,19095403282
505.222,1.97933,45.6633,0,83,65,44,2760,10501,5.12848,165,16.985,0,0,5441,19097382839
411.256,2.43157,45.6633,0,83,65,44,2760,10501,5.12848,165,16.985,0,0,5441,19099814815
394.443,2.53522,45.6633,0,83,65,44,2760,10501,5.12848,165,16.985,0,0,5441,19102350352
261.035,3.83091,45.6633,0,83,65,44,2760,10501,5.12848,165,16.985,0,0,5441,19106181558
544.855,1.83535,45.6633,0,83,65,44,2760,10501,5.12848,165,16.985,0,0,5441,19108017159
381.947,2.61817,45.6633,0,83,65,44,2760,10501,5.12848,165,16.985,0,0,5441,19110635709
353.768,2.82671,45.6633,0,83,65,44,2760,10501,5.12848,165,16.985,0,0,5441,19113462871
360.412,2.7746,45.6633,0,83,65,44,2760,10501,5.12848,165,16.985,0,0,5441,19116237676
430.397,2.32343,45.6633,0,83,65,44,2760,10501,5.12848,165,16.985,0,0,5441,19118561447
208.806,4.78914,45.6633,0,83,65,44,2760,10501,5.12848,165,16.985,0,0,5441,19123350887
647.844,1.54358,45.6633,0,83,65,44,2760,10501,5.12848,165,16.985,0,0,5441,19124894833
530.44,1.88523,45.6633,0,83,65,44,2760,10501,5.12848,165,16.985,0,0,5441,19126780358
388.73,2.57248,45.6633,0,83,65,44,2760,10501,5.12848,165,16.985,0,0,5441,19129353310
324.672,3.08003,45.6633,0,83,65,44,2760,10501,5.12848,165,16.985,0,0,5441,19132433607
398.471,2.50959,45.6633,0,83,65,44,2760,10501,5.12848,165,16.985,0,0,5441,19134943451
296.766,3.36966,45.6633,0,83,65,44,2760,10501,5.12848,165,16.985,0,0,5441,19138313641
527.796,1.89467,45.6633,0,83,65,44,2760,10501,5.12848,165,16.985,0,0,5441,19140208695
266.14,3.75742,45.6633,0,83,65,44,2760,10501,5.12848,165,16.985,0,0,5441,19143966447
558.689,1.78991,45.6633,0,83,65,44,2760,10501,5.12848,165,16.985,0,0,5441,19145756709
197.556,5.06186,45.6633,0,83,65,44,2760,10501,5.12848,165,16.985,0,0,5441,19150818947
306.647,3.26108,45.6633,0,83,65,44,2760,10501,5.12848,165,16.985,0,0,5441,19154080432
855.262,1.16923,45.6633,0,83,65,44,2760,10501,5.12848,165,16.985,0,0,5441,19155250039
571.626,1.7494,45.6633,0,83,65,44,2760,10501,5.12848,165,16.985,0,0,5441,19156999848
391.228,2.55606,45.6633,0,83,65,44,2760,10501,5.12848,165,16.985,0,0,5441,19159556319
336.268,2.97382,45.6633,0,83,65,44,2760,10501,5.12848,165,16.985,0,0,5441,19162530505
351.038,2.84869,45.6633,0,83,65,44,2760,10501,5.12848,165,16.985,0,0,5441,19165379649
400.543,2.49661,45.6633,0,83,65,44,2760,10501,5.12848,165,16.985,0,0,5441,19167879609
314.791,3.17671,45.6633,0,83,65,44,2760,10501,5.12848,165,16.985,0,0,5441,19171056764
446.55,2.23939,45.6633,0,83,65,44,2760,10501,5.12848,165,16.985,0,0,5441,19173296541
251.522,3.97579,45.6633,0,83,65,44,2760,10501,5.12848,165,16.985,0,0,5441,19177272723
572.539,1.74661,45.6633,0,83,65,44,2760,10501,5.12848,165,16.985,0,0,5441,19179019503
491.898,2.03294,45.6633,0,83,65,44,2760,10501,5.12848,165,16.985,0,0,5441,19181052755
297.524,3.36107,45.6633,0,83,65,44,2760,10501,5.12848,165,16.985,0,0,5441,19184414214
518.218,1.92969,45.6633,0,83,65,44,2760,10501,5.12848,165,16.985,0,0,5441,19186344385
335.215,2.98316,45.6633,0,83,65,44,2760,10501,5.12848,165,16.985,0,0,5441,19189328101
390.98,2.55767,45.6633,0,83,65,44,2760,10501,5.12848,165,16.985,0,0,5441,19191891370
379.18,2.63727,45.6633,0,83,65,44,2760,10501,5.12848,165,16.985,0,0,5441,19194523632
336.243,2.97404,45.6633,0,83,65,44,2760,10501,5.12848,165,16.985,0,0,5441,19197497924
368.29,2.71526,45.6633,0,83,65,44,2760,10501,5.12848,165,16.985,0,0,5441,19200213525
281.831,3.54822,45.6633,0,83,65,44,2760,10501,5.12848,165,16.985,0,0,5441,19203762251
620.285,1.61216,45.6633,0,83,65,44,2760,10501,5.12848,165,16.985,0,0,5441,19205374632
267.951,3.73202,45.6633,0,83,65,44,2760,10501,5.12848,165,16.985,0,0,5441,19209107056
668.474,1.49594,45.6633,0,83,65,44,2760,10501,5.12848,165,16.985,0,0,5441,19210603318
204.574,4.88821,45.6633,0,83,65,44,2760,10501,5.12848,165,16.985,0,0,5441,19215491886
685.92,1.4579,45.6633,0,83,65,44,2760,10501,5.12848,165,16.985,0,0,5441,19216950195
389.305,2.56868,45.6633,0,83,65,44,2760,10501,5.12848,165,16.985,0,0,5441,19219519224
418.276,2.39076,45.6633,0,83,65,44,2760,10501,5.12848,165,16.985,0,0,5441,19221910362
405.478,2.46623,45.6633,0,83,65,44,2760,10501,5.12848,165,16.985,0,0,5441,19224376964
380.441,2.62853,45.6633,0,83,65,44,2760,10501,5.12848,165,16.985,0,0,5441,19227005899
345.434,2.89491,45.6633,0,83,65,44,2760,10501,5.12848,165,16.985,0,0,5441,19229901151
412.77,2.42266,45.6633,0,83,65,44,2760,10501,5.12848,165,16.985,0,0,5441,19232324146
454.548,2.19999,45.6633,0,83,65,44,2760,10501,5.12848,165,16.985,0,0,5441,19234524470
326.634,3.06153,45.6633,0,83,65,44,2760,10501,5.12848,165,16.985,0,0,5441,19237586563
376.108,2.65881,45.6633,0,83,65,44,2760,10501,5.12848,165,16.985,0,0,5441,19240245413
426.011,2.34736,45.6633,0,83,65,44,2760,10501,5.12848,165,16.985,0,0,5441,19242593213
354.469,2.82112,45.6633,0,83,65,44,2760,10501,5.12848,165,16.985,0,0,5441,19245414635
327.664,3.05191,45.6633,0,83,65,44,2760,10501,5.12848,165,16.985,0,0,5441,19248466824
209.769,4.76715,45.6633,0,83,65,44,2760,10501,5.12848,165,16.985,0,0,5441,19253234466
1207.35,0.828259,45.6633,0,83,65,44,2760,10501,5.12848,165,16.985,0,0,5441,19254063013
311.224,3.21312,45.6633,0,83,65,44,2760,10501,5.12848,165,16.985,0,0,5441,19257276390
408.973,2.44515,45.6633,0,83,65,44,2760,10501,5.12848,165,16.985,0,0,5441,19259721829
473.68,2.11113,45.6633,0,83,65,44,2760,10501,5.12848,165,16.985,0,0,5441,19261833342
361.014,2.76998,45.6633,0,83,65,44,2760,10501,5.12848,165,16.985,0,0,5441,19264603589
352.146,2.83973,45.6633,0,83,65,44,2760,10501,5.12848,165,16.985,0,0,5441,19267443810
394.155,2.53708,45.6633,0,83,65,44,2760,10501,5.12848,165,16.985,0,0,5441,19269981232
367.515,2.72098,45.6633,0,83,65,44,2760,10501,5.12848,165,16.985,0,0,5441,19272702439
366.929,2.72532,45.6633,0,83,65,44,2760,10501,5.12848,165,16.985,0,0,5441,19275428300
367.618,2.72022,45.6633,0,83,65,44,2760,10501,5.12848,165,16.985,0,0,5441,19278148555
398.741,2.50789,45.6633,0,83,65,44,2760,10501,5.12848,165,16.985,0,0,5441,19280656948
294.23,3.3987,45.6633,0,83,65,44,2760,10501,5.12848,165,16.985,0,0,5441,19284055860
492.529,2.03034,45.6633,0,83,65,44,2760,10501,5.12848,165,16.985,0,0,5441,19286086486
344.842,2.89988,45.6633,0,83,65,44,2760,10501,5.12848,165,16.985,0,0,5441,19288986680
396.405,2.52267,45.6633,0,83,65,44,2760,10501,5.12848,165,16.985,0,0,5441,19291509794
363.144,2.75373,45.6633,0,83,65,44,2760,10501,5.12848,165,16.985,0,0,5441,19294263743
361.938,2.7629,45.6633,0,83,65,44,2760,10501,5.12848,165,16.985,0,0,5441,19297026980
408.065,2.45059,45.6633,0,83,65,44,2760,10501,5.12848,165,16.985,0,0,5441,19299477976
377.224,2.65094,45.6633,0,83,65,44,2760,10501,5.12848,165,16.985,0,0,5441,19302129248
365,2.73973,45.6633,0,83,65,44,2760,10501,5.12848,165,16.985,0,0,5441,19304869302
310.32,3.22248,45.6633,0,83,65,44,2760,10501,5.12848,165,16.985,0,0,5441,19308092055
335.007,2.98501,45.6633,0,83,65,44,2760,10501,5.12848,165,16.985,0,0,5441,19311077396
439.577,2.27491,45.6633,0,83,65,44,2760,10501,5.12848,165,16.985,0,0,5441,19313352617
369.55,2.706,45.6633,0,83,65,44,2760,10501,5.12848,165,16.985,0,0,5441,19316059025
360.116,2.77688,45.6633,0,83,65,44,2760,10501,5.12848,165,16.985,0,0,5441,19318836196
368.237,2.71564,45.6633,0,83,65,44,2760,10501,5.12848,165,16.985,0,0,5441,19321552124
505.953,1.97647,45.6633,0,83,65,44,2760,10501,5.12848,165,16.985,0,0,5441,19323528950
321.224,3.1131,45.6633,0,83,65,44,2760,10501,5.12848,165,16.985,0,0,5441,19326642334
382.429,2.61487,45.6633,0,83,65,44,2760,10501,5.12848,165,16.985,0,0,5441,19329257566
244.45,4.09082,45.6633,0,83,65,44,2760,10501,5.12848,165,16.985,0,0,5441,19333348646
573.11,1.74487,45.6633,0,83,65,44,2760,10501,5.12848,165,16.985,0,0,5441,19335093869
298.255,3.35283,45.6633,0,83,65,44,2760,10501,5.12848,165,16.985,0,0,5441,19338447039
601.101,1.66361,45.6633,0,83,65,44,2760,10501,5.12848,165,16.985,0,0,5441,19340111086
364.885,2.74059,45.6633,0,83,65,44,2760,10501,5.12848,165,16.985,0,0,5441,19342851995
370.918,2.69601,45.6633,0,83,65,44,2760,10501,5.12848,165,16.985,0,0,5441,19345548269
387.785,2.57875,45.6633,0,83,65,44,2760,10501,5.12848,165,16.985,0,0,5441,19348127365
456.656,2.18983,45.6633,0,83,65,44,2760,10501,5.12848,165,16.985,0,0,5441,19350317487
348.025,2.87336,45.6633,0,83,65,44,2760,10501,5.12848,165,16.985,0,0,5441,19353191171
350.986,2.84911,45.6633,0,83,65,44,2760,10501,5.12848,165,16.985,0,0,5441,19356040603
375.095,2.66599,45.6633,0,83,65,44,2760,10501,5.12848,165,16.985,0,0,5441,19358707126
380.488,2.6282,45.6633,0,83,65,44,2760,10501,5.12848,165,16.985,0,0,5441,19361335551
236.681,4.22509,45.6633,0,83,65,44,2760,10501,5.12848,165,16.985,0,0,5441,19365561184
192.949,5.18271,45.6633,0,83,65,44,2760,10501,5.12848,165,16.985,0,0,5441,19370744349
1661.84,0.601741,45.6633,0,83,65,44,2760,10501,5.12848,165,16.985,0,0,5441,19371346254
457.334,2.18658,45.6633,0,83,65,44,2760,10501,5.12848,165,16.985,0,0,5441,19373533173
395.933,2.52568,45.6633,0,83,65,44,2760,10501,5.12848,165,16.985,0,0,5441,19376059220
385.047,2.59709,45.6633,0,83,65,44,2760,10501,5.12848,165,16.985,0,0,5441,19378656721
345.306,2.89598,45.6633,0,83,65,44,2760,10501,5.12848,165,16.985,0,0,5441,19381552915
329.681,3.03324,45.6633,0,83,65,44,2760,10501,5.12848,165,16.985,0,0,5441,19384586488
507.501,1.97044,45.6633,0,83,65,44,2760,10501,5.12848,165,16.985,0,0,5441,19386557266
319.364,3.13122,45.6633,0,83,65,44,2760,10501,5.12848,165,16.985,0,0,5441,19389688747
321.224,3.1131,45.6633,0,83,65,44,2760,10501,5.12848,165,16.985,0,0,5441,19392802323
221.889,4.50675,45.6633,0,83,65,44,2760,10501,5.12848,165,16.985,0,0,5441,19397312725
537.655,1.85993,44.2728,0,83,65,44,2760,10501,5.12848,165,16.9791,0,0,5437,19399169585
547.166,1.8276,44.2728,0,83,65,44,2760,10501,5.12848,165,16.9791,0,0,5437,19400997724
445.454,2.2449,44.2728,0,83,65,44,2760,10501,5.12848,165,16.9791,0,0,5437,19403242742
233.735,4.27836,44.2728,0,83,65,44,2760,10501,5.12848,165,16.9791,0,0,5437,19407521453
1030.42,0.970475,44.2728,0,83,65,44,2760,10501,5.12848,165,16.9791,0,0,5437,19408492409
320.589,3.11926,44.2728,0,83,65,44,2760,10501,5.12848,165,16.9791,0,0,5437,19411611986
434.732,2.30027,44.2728,0,83,65,44,2760,10501,5.12848,165,16.9791,0,0,5437,19413912650
361.014,2.76998,44.2728,0,83,65,44,2760,10501,5.12848,165,16.9791,0,0,5437,19416682858
344.456,2.90313,44.2728,0,83,65,44,2760,10501,5.12848,165,16.9791,0,0,5437,19419586216
357.566,2.79669,44.2728,0,83,65,44,2760,10501,5.12848,165,16.9791,0,0,5437,19422383147
400.854,2.49467,44.2728,0,83,65,44,2760,10501,5.12848,165,16.9791,0,0,5437,19424880865
451.131,2.21665,44.2728,0,83,65,44,2760,10501,5.12848,165,16.9791,0,0,5437,19427095228
325.388,3.07326,44.2728,0,83,65,44,2760,10501,5.12848,165,16.9791,0,0,5437,19430168784
363.784,2.74888,44.2728,0,83,65,44,2760,10501,5.12848,165,16.9791,0,0,5437,19432917982
440.037,2.27254,44.2728,0,83,65,44,2760,10501,5.12848,165,16.9791,0,0,5437,19435190915
258.913,3.8623,44.2728,0,83,65,44,2760,10501,5.12848,165,16.9791,0,0,5437,19439053718
576.89,1.73343,44.2728,0,83,65,44,2760,10501,5.12848,165,16.9791,0,0,5437,19440787392
387.278,2.58212,44.2728,0,83,65,44,2760,10501,5.12848,165,16.9791,0,0,5437,19443369796
263.693,3.79228,44.2728,0,83,65,44,2760,10501,5.12848,165,16.9791,0,0,5437,19447162376
635.85,1.5727,44.2728,0,83,65,44,2760,10501,5.12848,165,16.9791,0,0,5437,19448735458
300.089,3.33234,44.2728,0,83,65,44,2760,10501,5.12848,165,16.9791,0,0,5437,19452068243
464.606,2.15236,44.2728,0,83,65,44,2760,10501,5.12848,165,16.9791,0,0,5437,19454220912
391.204,2.55621,44.2728,0,83,65,44,2760,10501,5.12848,165,16.9791,0,0,5437,19456777373
337.386,2.96396,44.2728,0,83,65,44,2760,10501,5.12848,165,16.9791,0,0,5437,19459741665
389.226,2.5692,44.2728,0,83,65,44,2760,10501,5.12848,165,16.9791,0,0,5437,19462311175
350.459,2.8534,44.2728,0,83,65,44,2760,10501,5.12848,165,16.9791,0,0,5437,19465164963
386.407,2.58794,44.2728,0,83,65,44,2760,10501,5.12848,165,16.9791,0,0,5437,19467753175
314.608,3.17856,44.2728,0,83,65,44,2760,10501,5.12848,165,16.9791,0,0,5437,19470932119
212.301,4.7103,44.2728,0,83,65,44,2760,10501,5.12848,165,16.9791,0,0,5437,19475642797
419.21,2.38544,44.2728,0,83,65,44,2760,10501,5.12848,165,16.9791,0,0,5437,19478028570
566.235,1.76605,44.2728,0,83,65,44,2760,10501,5.12848,165,16.9791,0,0,5437,19479794927
856.792,1.16715,44.2728,0,83,65,44,2760,10501,5.12848,165,16.9791,0,0,5437,19480962390
329.023,3.0393,44.2728,0,83,65,44,2760,10501,5.12848,165,16.9791,0,0,5437,19484002137
403.134,2.48057,44.2728,0,83,65,44,2760,10501,5.12848,165,16.9791,0,0,5437,19486482999
358.548,2.78903,44.2728,0,83,65,44,2760,10501,5.12848,165,16.9791,0,0,5437,19489272324
251.905,3.96975,44.2728,0,83,65,44,2760,10501,5.12848,165,16.9791,0,0,5437,19493242458
305.521,3.2731,44.2728,0,83,65,44,2760,10501,5.12848,165,16.9791,0,0,5437,19496515991
1672.94,0.597751,44.2728,0,83,65,44,2760,10501,5.12848,165,16.9791,0,0,5437,19497113703
265.785,3.76243,44.2728,0,83,65,44,2760,10501,5.12848,165,16.9791,0,0,5437,19500876503
481.992,2.07472,44.2728,0,83,65,44,2760,10501,5.12848,165,16.9791,0,0,5437,19502951564
349.261,2.86319,44.2728,0,83,65,44,2760,10501,5.12848,165,16.9791,0,0,5437,19505815035
490.554,2.03851,44.2728,0,83,65,44,2760,10501,5.12848,165,16.9791,0,0,5437,19507853902
328.136,3.04752,44.2728,0,83,65,44,2760,10501,5.12848,165,16.9791,0,0,5437,19510901755
381.667,2.62009,44.2728,0,83,65,44,2760,10501,5.12848,165,16.9791,0,0,5437,19513522179
382.927,2.61146,44.2728,0,83,65,44,2760,10501,5.12848,165,16.9791,0,0,5437,19516133998
300.218,3.33091,44.2728,0,83,65,44,2760,10501,5.12848,165,16.9791,0,0,5437,19519465226
252.087,3.96688,44.2728,0,83,65,44,2760,10501,5.12848,165,16.9791,0,0,5437,19523432552
604.329,1.65473,44.2728,0,83,65,44,2760,10501,5.12848,165,16.9791,0,0,5437,19525087329
189.566,5.2752,44.2728,0,83,65,44,2760,10501,5.12848,165,16.9791,0,0,5437,19530362987
1440.55,0.694177,44.2728,0,83,65,44,2760,10501,5.12848,165,16.9791,0,0,5437,19531057434
465.79,2.14689,44.2728,0,83,65,44,2760,10501,5.12848,165,16.9791,0,0,5437,19533204650
328.829,3.04109,44.2728,0,83,65,44,2760,10501,5.12848,165,16.9791,0,0,5437,19536246214
210.454,4.75164,44.2728,0,83,65,44,2760,10501,5.12848,165,16.9791,0,0,5437,19540998163
391.227,2.55606,44.2728,0,83,65,44,2760,10501,5.12848,165,16.9791,0,0,5437,19543554788
622.391,1.60671,44.2728,0,83,65,44,2760,10501,5.12848,165,16.9791,0,0,5437,19545161919
424.197,2.3574,44.2728,0,83,65,44,2760,10501,5.12848,165,16.9791,0,0,5437,19547519633
492.573,2.03015,44.2728,0,83,65,44,2760,10501,5.12848,165,16.9791,0,0,5437,19549550028
331.726,3.01453,44.2728,0,83,65,44,2760,10501,5.12848,165,16.9791,0,0,5437,19552564995
341.985,2.92411,44.2728,0,83,65,44,2760,10501,5.12848,165,16.9791,0,0,5437,19555489372
209.431,4.77484,44.2728,0,83,65,44,2760,10501,5.12848,165,16.9791,0,0,5437,19560264812
916.261,1.09139,44.2728,0,83,65,44,2760,10501,5.12848,165,16.9791,0,0,5437,19561356541
462.916,2.16022,44.2728,0,83,65,44,2760,10501,5.12848,165,16.9791,0,0,5437,19563517335
190.388,5.25243,44.2728,0,83,65,44,2760,10501,5.12848,165,16.9791,0,0,5437,19568769955
2298.52,0.435063,44.2728,0,83,65,44,2760,10501,5.12848,165,16.9791,0,0,5437,19569205267
511.841,1.95373,44.2728,0,83,65,44,2760,10501,5.12848,165,16.9791,0,0,5437,19571159352
328.798,3.04138,44.2728,0,83,65,44,2760,10501,5.12848,165,16.9791,0,0,5437,19574201128
441.132,2.26689,44.2728,0,83,65,44,2760,10501,5.12848,165,16.9791,0,0,5437,19576468589
333.898,2.99493,44.2728,0,83,65,44,2760,10501,5.12848,165,16.9791,0,0,5437,19579463642
319.19,3.13293,44.2728,0,83,65,44,2760,10501,5.12848,165,16.9791,0,0,5437,19582596853
351.939,2.8414,44.2728,0,83,65,44,2760,10501,5.12848,165,16.9791,0,0,5437,19585438670
376.399,2.65675,44.2728,0,83,65,44,2760,10501,5.12848,165,16.9791,0,0,5437,19588095817
574.553,1.74048,44.2728,0,83,65,44,2760,10501,5.12848,165,16.9791,0,0,5437,19589836693
329.786,3.03227,44.2728,0,83,65,44,2760,10501,5.12848,165,16.9791,0,0,5437,19592869084
377.45,2.64936,44.2728,0,83,65,44,2760,10501,5.12848,165,16.9791,0,0,5437,19595518856
352.742,2.83493,44.2728,0,83,65,44,2760,10501,5.12848,165,16.9791,0,0,5437,19598354288
346.808,2.88344,44.2728,0,83,65,44,2760,10501,5.12848,165,16.9791,0,0,5437,19601237991
363.317,2.75242,44.2728,0,83,65,44,2760,10501,5.12848,165,16.9791,0,0,5437,19603990997
485.325,2.06047,44.2728,0,83,65,44,2760,10501,5.12848,165,16.9791,0,0,5437,19606051692
307.246,3.25472,44.2728,0,83,65,44,2760,10501,5.12848,165,16.9791,0,0,5437,19609306705
413.424,2.41882,44.2728,0,83,65,44,2760,10501,5.12848,165,16.9791,0,0,5437,19611725864
422.461,2.36708,44.2728,0,83,65,44,2760,10501,5.12848,165,16.9791,0,0,5437,19614093232
320.897,3.11627,44.2728,0,83,65,44,2760,10501,5.12848,165,16.9791,0,0,5437,19617209847
297.445,3.36197,44.2728,0,83,65,44,2760,10501,5.12848,165,16.9791,0,0,5437,19620572268
712.691,1.40313,44.2728,0,83,65,44,2760,10501,5.12848,165,16.9791,0,0,5437,19621975632
373.149,2.6799,44.2728,0,83,65,44,2760,10501,5.12848,165,16.9791,0,0,5437,19624655934
341.967,2.92426,44.2728,0,83,65,44,2760,10501,5.12848,165,16.9791,0,0,5437,19627580427
363.333,2.75229,44.2728,0,83,65,44,2760,10501,5.12848,165,16.9791,0,0,5437,19630333058
397.107,2.51821,44.2728,0,83,65,44,2760,10501,5.12848,165,16.9791,0,0,5437,19632851710
279.254,3.58097,44.2728,0,83,65,44,2760,10501,5.12848,165,16.9791,0,0,5437,19636432937
551.738,1.81246,44.2728,0,83,65,44,2760,10501,5.12848,165,16.9791,0,0,5437,19638245690
368.53,2.71349,44.2728,0,83,65,44,2760,10501,5.12848,165,16.9791,0,0,5437,19640959512
364.823,2.74105,44.2728,0,83,65,44,2760,10501,5.12848,165,16.9791,0,0,5437,19643701133
345.178,2.89706,44.2728,0,83,65,44,2760,10501,5.12848,165,16.9791,0,0,5437,19646598481
436.393,2.29151,44.2728,0,83,65,44,2760,10501,5.12848,165,16.9791,0,0,5437,19648890222
355.811,2.81048,44.2728,0,83,65,44,2760,10501,5.12848,165,16.9791,0,0,5437,19651700999
310.863,3.21685,44.2728,0,83,65,44,2760,10501,5.12848,165,16.9791,0,0,5437,19654918271
453.824,2.2035,44.2728,0,83,65,44,2760,10501,5.12848,165,16.9791,0,0,5437,19657121990
354.885,2.81782,44.2728,0,83,65,44,2760,10501,5.12848,165,16.9791,0,0,5437,19659940152
223.235,4.47959,44.2728,0,83,65,44,2760,10501,5.12848,165,16.9791,0,0,5437,19664420207
591.942,1.68936,44.2728,0,83,65,44,2760,10501,5.12848,165,16.9791,0,0,5437,19666109812
454.345,2.20097,44.2728,0,83,65,44,2760,10501,5.12848,165,16.9791,0,0,5437,19668311020
344.479,2.90293,44.2728,0,83,65,44,2760,10501,5.12848,165,16.9791,0,0,5437,19671214436
400.117,2.49927,44.2728,0,83,65,44,2760,10501,5.12848,165,16.9791,0,0,5437,19673713962
277.105,3.60875,44.2728,0,83,65,44,2760,10501,5.12848,165,16.9791,0,0,5437,19677322968
556.095,1.79825,44.2728,0,83,65,44,2760,10501,5.12848,165,16.9791,0,0,5437,19679121616
391.6,2.55362,44.2728,0,83,65,44,2760,10501,5.12848,165,16.9791,0,0,5437,19681675500
206.079,4.8525,44.2728,0,83,65,44,2760,10501,5.12848,165,16.9791,0,0,5437,19686528529
1427.91,0.700322,44.2728,0,83,65,44,2760,10501,5.12848,165,16.9791,0,0,5437,19687229052
298.794,3.34679,44.2728,0,83,65,44,2760,10501,5.12848,165,16.9791,0,0,5437,19690576232
299.627,3.33749,44.2728,0,83,65,44,2760,10501,5.12848,165,16.9791,0,0,5437,19693913951
596.245,1.67716,44.2728,0,83,65,44,2760,10501,5.12848,165,16.9791,0,0,5437,19695591430
508.428,1.96685,44.2728,0,83,65,44,2760,10501,5.12848,165,16.9791,0,0,5437,19697558593
365.738,2.7342,44.2728,0,83,65,44,2760,10501,5.12848,165,16.9791,0,0,5437,19700293089
352.694,2.83532,44.2728,0,83,65,44,2760,10501,5.12848,165,16.9791,0,0,5437,19703128694
369.514,2.70625,44.2728,0,83,65,44,2760,10501,5.12848,165,16.9791,0,0,5437,19705835285
381.671,2.62006,44.2728,0,83,65,44,2760,10501,5.12848,165,16.9791,0,0,5437,19708455864
279.457,3.57837,44.2728,0,83,65,44,2760,10501,5.12848,165,16.9791,0,0,5437,19712034571
459.294,2.17726,44.2728,0,83,65,44,2760,10501,5.12848,165,16.9791,0,0,5437,19714212240
295.608,3.38285,44.2728,0,83,65,44,2760,10501,5.12848,165,16.9791,0,0,5437,19717595537
608.551,1.64325,44.2728,0,83,65,44,2760,10501,5.12848,165,16.9791,0,0,5437,19719239208
341.302,2.92996,44.2728,0,83,65,44,2760,10501,5.12848,165,16.9791,0,0,5437,19722169460
267.064,3.74442,44.2728,0,83,65,44,2760,10501,5.12848,165,16.9791,0,0,5437,19725914317
597.86,1.67263,44.2728,0,83,65,44,2760,10501,5.12848,165,16.9791,0,0,5437,19727587172
401.229,2.49234,44.2728,0,83,65,44,2760,10501,5.12848,165,16.9791,0,0,5437,19730079804
343.413,2.91195,44.2728,0,83,65,44,2760,10501,5.12848,165,16.9791,0,0,5437,19732992191
415.72,2.40547,44.2728,0,83,65,44,2760,10501,5.12848,165,16.9791,0,0,5437,19735397916
417.6,2.39464,44.2728,0,83,65,44,2760,10501,5.12848,165,16.9791,0,0,5437,19737792852
294.923,3.39071,44.2728,0,83,65,44,2760,10501,5.12848,165,16.9791,0,0,5437,19741183890
239.937,4.16777,44.2728,0,83,65,44,2760,10501,5.12848,165,16.9791,0,0,5437,19745352146
1015.49,0.984744,44.2728,0,83,65,44,2760,10501,5.12848,165,16.9791,0,0,5437,19746337092
446.289,2.2407,44.2728,0,83,65,44,2760,10501,5.12848,165,16.9791,0,0,5437,19748578302
364.264,2.74527,44.2728,0,83,65,44,2760,10501,5.12848,165,16.9791,0,0,5437,19751323751
353.03,2.83262,44.2728,0,83,65,44,2760,10501,5.12848,165,16.9791,0,0,5437,19754156644
380.824,2.62589,44.2728,0,83,65,44,2760,10501,5.12848,165,16.9791,0,0,5437,19756782944
300.604,3.32664,44.2728,0,83,65,44,2760,10501,5.12848,165,16.9791,0,0,5437,19760110114
402.335,2.48549,44.2728,0,83,65,44,2760,10501,5.12848,165,16.9791,0,0,5437,19762595688
498.801,2.00481,44.2728,0,83,65,44,2760,10501,5.12848,165,16.9791,0,0,5437,19764600765
304.806,3.28077,44.2728,0,83,65,44,2760,10501,5.12848,165,16.9791,0,0,5437,19767882010
285.956,3.49704,44.2728,0,83,65,44,2760,10501,5.12848,165,16.9791,0,0,5437,19771379436
559.825,1.78627,44.2728,0,83,65,44,2760,10501,5.12848,165,16.9791,0,0,5437,19773166006
502.001,1.99203,44.2728,0,83,65,44,2760,10501,5.12848,165,16.9791,0,0,5437,19775158640
385.976,2.59084,44.2728,0,83,65,44,2760,10501,5.12848,165,16.9791,0,0,5437,19777749881
295.675,3.3821,44.2728,0,83,65,44,2760,10501,5.12848,165,16.9791,0,0,5437,19781132207
457.502,2.18579,44.2728,0,83,65,44,2760,10501,5.12848,165,16.9791,0,0,5437,19783318358
318.592,3.13881,44.2728,0,83,65,44,2760,10501,5.12848,165,16.9791,0,0,5437,19786457560
398.851,2.5072,44.2728,0,83,65,44,2760,10501,5.12848,165,16.9791,0,0,5437,19788965298
355.028,2.81668,44.2728,0,83,65,44,2760,10501,5.12848,165,16.9791,0,0,5437,19791782220
383.656,2.6065,44.2728,0,83,65,44,2760,10501,5.12848,165,16.9791,0,0,5437,19794389327
213.7,4.67945,44.2728,0,83,65,44,2760,10501,5.12848,165,16.9791,0,0,5437,19799069138
599.912,1.66691,44.2728,0,83,65,44,2760,10501,5.12848,165,16.9791,0,0,5437,19800736396
693.5,1.44196,44.2728,0,83,65,44,2760,10501,5.12848,165,16.9791,0,0,5437,19802178580
357.416,2.79786,44.2728,0,83,65,44,2760,10501,5.12848,165,16.9791,0,0,5437,19804976857
369.352,2.70745,44.2728,0,83,65,44,2760,10501,5.12848,165,16.9791,0,0,5437,19807684525
304.582,3.28319,44.2728,0,83,65,44,2760,10501,5.12848,165,16.9791,0,0,5437,19810967991
499.512,2.00195,44.2728,0,83,65,44,2760,10501,5.12848,165,16.9791,0,0,5437,19812970270
320.952,3.11573,44.2728,0,83,65,44,2760,10501,5.12848,165,16.9791,0,0,5437,19816086298
368.058,2.71697,44.2728,0,83,65,44,2760,10501,5.12848,165,16.9791,0,0,5437,19818803592
366.727,2.72682,44.2728,0,83,65,44,2760,10501,5.12848,165,16.9791,0,0,5437,19821530722
206.888,4.83353,44.2728,0,83,65,44,2760,10501,5.12848,165,16.9791,0,0,5437,19826364770
886.276,1.12832,44.2728,0,83,65,44,2760,10501,5.12848,165,16.9791,0,0,5437,19827493231
512.343,1.95182,44.2728,0,83,65,44,2760,10501,5.12848,165,16.9791,0,0,5437,19829445345
264.364,3.78267,44.2728,0,83,65,44,2760,10501,5.12848,165,16.9791,0,0,5437,19833228443
726.654,1.37617,44.2728,0,83,65,44,2760,10501,5.12848,165,16.9791,0,0,5437,19834604836
336.473,2.972,44.2728,0,83,65,44,2760,10501,5.12848,165,16.9791,0,0,5437,19837577398
413.168,2.42032,44.2728,0,83,65,44,2760,10501,5.12848,165,16.9791,0,0,5437,19839997950
393.327,2.54241,44.2728,0,83,65,44,2760,10501,5.12848,165,16.9791,0,0,5437,19842540699
343.155,2.91414,44.2728,0,83,65,44,2760,10501,5.12848,165,16.9791,0,0,5437,19845455307
248.425,4.02536,44.2728,0,83,65,44,2760,10501,5.12848,165,16.9791,0,0,5437,19849480837
275.441,3.63054,44.2728,0,83,65,44,2760,10501,5.12848,165,16.9791,0,0,5437,19853111748
678.43,1.47399,44.2728,0,83,65,44,2760,10501,5.12848,165,16.9791,0,0,5437,19854586173
290.604,3.44111,44.2728,0,83,65,44,2760,10501,5.12848,165,16.9791,0,0,5437,19858027673
290.586,3.44132,44.2728,0,83,65,44,2760,10501,5.12848,165,16.9791,0,0,5437,19861469424
542.445,1.84351,44.2728,0,83,65,44,2760,10501,5.12848,165,16.9791,0,0,5437,19863313130
770.858,1.29726,44.2728,0,83,65,44,2760,10501,5.12848,165,16.9791,0,0,5437,19864610655
272.193,3.67386,44.2728,0,83,65,44,2760,10501,5.12848,165,16.9791,0,0,5437,19868285048
348.284,2.87122,44.2728,0,83,65,44,2760,10501,5.12848,165,16.9791,0,0,5437,19871156510
600.705,1.66471,44.2728,0,83,65,44,2760,10501,5.12848,165,16.9791,0,0,5437,19872821547
206.167,4.85043,44.2728,0,83,65,44,2760,10501,5.12848,165,16.9791,0,0,5437,19877672403
348.434,2.86998,44.2728,0,83,65,44,2760,10501,5.12848,165,16.9791,0,0,5437,19880542605
635.485,1.5736,44.2728,0,83,65,44,2760,10501,5.12848,165,16.9791,0,0,5437,19882116658
474.082,2.10934,44.2728,0,83,65,44,2760,10501,5.12848,165,16.9791,0,0,5437,19884226325
386.601,2.58664,44.2728,0,83,65,44,2760,10501,5.12848,165,16.9791,0,0,5437,19886813364
305.575,3.27252,44.2728,0,83,65,44,2760,10501,5.12848,165,16.9791,0,0,5437,19890086138
440.57,2.26979,44.2728,0,83,65,44,2760,10501,5.12848,165,16.9791,0,0,5437,19892356340
351.818,2.84238,44.2728,0,83,65,44,2760,10501,5.12848,165,16.9791,0,0,5437,19895198974
457.322,2.18664,44.2728,0,83,65,44,2760,10501,5.12848,165,16.9791,0,0,5437,19897387721
318.753,3.13722,44.4589,0,83,65,44,2760,10501,5.12848,165,16.9812,0,0,5436,19900523557
388.999,2.5707,44.4589,0,83,65,44,2760,10501,5.12848,165,16.9812,0,0,5436,19903094509
294.402,3.39671,44.4589,0,83,65,44,2760,10501,5.12848,165,16.9812,0,0,5436,19906491576
511.311,1.95576,44.4589,0,83,65,44,2760,10501,5.12848,165,16.9812,0,0,5436,19908447642
304.009,3.28938,44.4589,0,83,65,44,2760,10501,5.12848,165,16.9812,0,0,5436,19911737550
285.665,3.5006,44.4589,0,83,65,44,2760,10501,5.12848,165,16.9812,0,0,5436,19915238370
635.291,1.57408,44.4589,0,83,65,44,2760,10501,5.12848,165,16.9812,0,0,5436,19916812693
522.792,1.9128,44.4589,0,83,65,44,2760,10501,5.12848,165,16.9812,0,0,5436,19918725873
190.852,5.23968,44.4589,0,83,65,44,2760,10501,5.12848,165,16.9812,0,0,5436,19923966059
2257.16,0.443034,44.4589,0,83,65,44,2760,10501,5.12848,165,16.9812,0,0,5436,19924409343
342.664,2.91831,44.4589,0,83,65,44,2760,10501,5.12848,165,16.9812,0,0,5436,19927327951
396.964,2.51912,44.4589,0,83,65,44,2760,10501,5.12848,165,16.9812,0,0,5436,19929847372
288.188,3.46995,44.4589,0,83,65,44,2760,10501,5.12848,165,16.9812,0,0,5436,19933317778
501.335,1.99467,44.4589,0,83,65,44,2760,10501,5.12848,165,16.9812,0,0,5436,19935312826
372.646,2.68351,44.4589,0,83,65,44,2760,10501,5.12848,165,16.9812,0,0,5436,19937996589
580.05,1.72399,44.4589,0,83,65,44,2760,10501,5.12848,165,16.9812,0,0,5436,19939720878
335.006,2.98502,44.4589,0,83,65,44,2760,10501,5.12848,165,16.9812,0,0,5436,19942706277
360.152,2.7766,44.4589,0,83,65,44,2760,10501,5.12848,165,16.9812,0,0,5436,19945483168
385.392,2.59476,44.4589,0,83,65,44,2760,10501,5.12848,165,16.9812,0,0,5436,19948078189
339.056,2.94937,44.4589,0,83,65,44,2760,10501,5.12848,165,16.9812,0,0,5436,19951027894
356.237,2.80712,44.4589,0,83,65,44,2760,10501,5.12848,165,16.9812,0,0,5436,19953851739
397.968,2.51277,44.4589,0,83,65,44,2760,10501,5.12848,165,16.9812,0,0,5436,19956348438
201.551,4.96153,44.4589,0,83,65,44,2760,10501,5.12848,165,16.9812,0,0,5436,19961310529
425.8,2.34852,44.4589,0,83,65,44,2760,10501,5.12848,165,16.9812,0,0,5436,19963659291
1109.41,0.901376,44.4589,0,83,65,44,2760,10501,5.12848,165,16.9812,0,0,5436,19964560859
433.879,2.30479,44.4589,0,83,65,44,2760,10501,5.12848,165,16.9812,0,0,5436,19966866139
242.004,4.13217,44.4589,0,83,65,44,2760,10501,5.12848,165,16.9812,0,0,5436,19970998634
696.295,1.43617,44.4589,0,83,65,44,2760,10501,5.12848,165,16.9812,0,0,5436,19972435211
346.628,2.88493,44.4589,0,83,65,44,2760,10501,5.12848,165,16.9812,0,0,5436,19975320376
269.96,3.70425,44.4589,0,83,65,44,2760,10501,5.12848,165,16.9812,0,0,5436,19979025145
784.932,1.274,44.4589,0,83,65,44,2760,10501,5.12848,165,16.9812,0,0,5436,19980299322
369.012,2.70994,44.4589,0,83,65,44,2760,10501,5.12848,165,16.9812,0,0,5436,19983009779
237.509,4.21037,44.4589,0,83,65,44,2760,10501,5.12848,165,16.9812,0,0,5436,19987220527
519.582,1.92462,44.4589,0,83,65,44,2760,10501,5.12848,165,16.9812,0,0,5436,19989145322
410.039,2.43879,44.4589,0,83,65,44,2760,10501,5.12848,165,16.9812,0,0,5436,19991584472
378.955,2.63884,44.4589,0,83,65,44,2760,10501,5.12848,165,16.9812,0,0,5436,19994223628
338.277,2.95616,44.4589,0,83,65,44,2760,10501,5.12848,165,16.9812,0,0,5436,19997180122
364.125,2.74631,44.4589,0,83,65,44,2760,10501,5.12848,165,16.9812,0,0,5436,19999926772
447.933,2.23248,44.4589,0,83,65,44,2760,10501,5.12848,165,16.9812,0,0,5436,20002159530
364.175,2.74593,44.4589,0,83,65,44,2760,10501,5.12848,165,16.9812,0,0,5436,20004905805
357.475,2.7974,44.4589,0,83,65,44,2760,10501,5.12848,165,16.9812,0,0,5436,20007703506
408.101,2.45037,44.4589,0,83,65,44,2760,10501,5.12848,165,16.9812,0,0,5436,20010154252
250.384,3.99387,44.4589,0,83,65,44,2760,10501,5.12848,165,16.9812,0,0,5436,20014148502
544.279,1.83729,44.4589,0,83,65,44,2760,10501,5.12848,165,16.9812,0,0,5436,20015986044
559.627,1.78691,44.4589,0,83,65,44,2760,10501,5.12848,165,16.9812,0,0,5436,20017773393
338.557,2.95372,44.4589,0,83,65,44,2760,10501,5.12848,165,16.9812,0,0,5436,20020727319
372.803,2.68238,44.4589,0,83,65,44,2760,10501,5.12848,165,16.9812,0,0,5436,20023410016
305.924,3.26878,44.4589,0,83,65,44,2760,10501,5.12848,165,16.9812,0,0,5436,20026679097
388.383,2.57478,44.4589,0,83,65,44,2760,10501,5.12848,165,16.9812,0,0,5436,20029254145
467.177,2.14052,44.4589,0,83,65,44,2760,10501,5.12848,165,16.9812,0,0,5436,20031395025
342.612,2.91875,44.4589,0,83,65,44,2760,10501,5.12848,165,16.9812,0,0,5436,20034314047
377.527,2.64882,44.4589,0,83,65,44,2760,10501,5.12848,165,16.9812,0,0,5436,20036963299
185.444,5.39247,44.4589,0,83,65,44,2760,10501,5.12848,165,16.9812,0,0,5436,20042356308
1095.02,0.913223,44.4589,0,83,65,44,2760,10501,5.12848,165,16.9812,0,0,5436,20043269714
504.233,1.98321,44.4589,0,83,65,44,2760,10501,5.12848,165,16.9812,0,0,5436,20045253242
365.254,2.73782,44.4589,0,83,65,44,2760,10501,5.12848,165,16.9812,0,0,5436,20047991382
378.062,2.64507,44.4589,0,83,65,44,2760,10501,5.12848,165,16.9812,0,0,5436,20050636770
280.994,3.55879,44.4589,0,83,65,44,2760,10501,5.12848,165,16.9812,0,0,5436,20054195966
494.149,2.02368,44.4589,0,83,65,44,2760,10501,5.12848,165,16.9812,0,0,5436,20056219910
364.052,2.74686,44.4589,0,83,65,44,2760,10501,5.12848,165,16.9812,0,0,5436,20058967060
379.343,2.63614,44.4589,0,83,65,44,2760,10501,5.12848,165,16.9812,0,0,5436,20061603495
432.319,2.31311,44.4589,0,83,65,44,2760,10501,5.12848,165,16.9812,0,0,5436,20063917006
218.081,4.58546,44.4589,0,83,65,44,2760,10501,5.12848,165,16.9812,0,0,5436,20068503295
349.807,2.85872,44.4589,0,83,65,44,2760,10501,5.12848,165,16.9812,0,0,5436,20071362545
709.482,1.40948,44.4589,0,83,65,44,2760,10501,5.12848,165,16.9812,0,0,5436,20072772064
415.124,2.40892,44.4589,0,83,65,44,2760,10501,5.12848,165,16.9812,0,0,5436,20075181337
342.391,2.92064,44.4589,0,83,65,44,2760,10501,5.12848,165,16.9812,0,0,5436,20078102282
374.793,2.66814,44.4589,0,83,65,44,2760,10501,5.12848,165,16.9812,0,0,5436,20080770660
476.655,2.09795,44.4589,0,83,65,44,2760,10501,5.12848,165,16.9812,0,0,5436,20082868885
175.607,5.69455,44.4589,0,83,65,44,2760,10501,5.12848,165,16.9812,0,0,5436,20088564202
726.045,1.37733,44.4589,0,83,65,44,2760,10501,5.12848,165,16.9812,0,0,5436,20089941642
235.679,4.24307,44.4589,0,83,65,44,2760,10501,5.12848,165,16.9812,0,0,5436,20094185006
639.369,1.56404,44.4589,0,83,65,44,2760,10501,5.12848,165,16.9812,0,0,5436,20095749280
508.936,1.96488,44.4589,0,83,65,44,2760,10501,5.12848,165,16.9812,0,0,5436,20097714520
583.378,1.71415,44.4589,0,83,65,44,2760,10501,5.12848,165,16.9812,0,0,5436,20099428952
322.14,3.10424,44.4589,0,83,65,44,2760,10501,5.12848,165,16.9812,0,0,5436,20102533547
383.232,2.60939,44.4589,0,83,65,44,2760,10501,5.12848,165,16.9812,0,0,5436,20105143270
318.774,3.13702,44.4589,0,83,65,44,2760,10501,5.12848,165,16.9812,0,0,5436,20108280635
378.542,2.64171,44.4589,0,83,65,44,2760,10501,5.12848,165,16.9812,0,0,5436,20110922830
427.466,2.33937,44.4589,0,83,65,44,2760,10501,5.12848,165,16.9812,0,0,5436,20113262390
361.18,2.7687,44.4589,0,83,65,44,2760,10501,5.12848,165,16.9812,0,0,5436,20116031685
427.352,2.33999,44.4589,0,83,65,44,2760,10501,5.12848,165,16.9812,0,0,5436,20118371898
208.939,4.78609,44.4589,0,83,65,44,2760,10501,5.12848,165,16.9812,0,0,5436,20123158329
537.947,1.85892,44.4589,0,83,65,44,2760,10501,5.12848,165,16.9812,0,0,5436,20125017632
700.04,1.42849,44.4589,0,83,65,44,2760,10501,5.12848,165,16.9812,0,0,5436,20126446324
295.361,3.38569,44.4589,0,83,65,44,2760,10501,5.12848,165,16.9812,0,0,5436,20129832506
467.108,2.14083,44.4589,0,83,65,44,2760,10501,5.12848,165,16.9812,0,0,5436,20131973530
298.833,3.34635,44.4589,0,83,65,44,2760,10501,5.12848,165,16.9812,0,0,5436,20135320335
368.722,2.71207,44.4589,0,83,65,44,2760,10501,5.12848,165,16.9812,0,0,5436,20138032753
471.052,2.12291,44.4589,0,83,65,44,2760,10501,5.12848,165,16.9812,0,0,5436,20140155825
412.447,2.42455,44.4589,0,83,65,44,2760,10501,5.12848,165,16.9812,0,0,5436,20142580868
359.974,2.77798,44.4589,0,83,65,44,2760,10501,5.12848,165,16.9812,0,0,5436,20145359000
387.61,2.57991,44.4589,0,83,65,44,2760,10501,5.12848,165,16.9812,0,0,5436,20147939308
360.155,2.77658,44.4589,0,83,65,44,2760,10501,5.12848,165,16.9812,0,0,5436,20150716171
361.716,2.7646,44.4589,0,83,65,44,2760,10501,5.12848,165,16.9812,0,0,5436,20153481053
368.17,2.71614,44.4589,0,83,65,44,2760,10501,5.12848,165,16.9812,0,0,5436,20156197481
363.115,2.75395,44.4589,0,83,65,44,2760,10501,5.12848,165,16.9812,0,0,5436,20158951785
200.177,4.99557,44.4589,0,83,65,44,2760,10501,5.12848,165,16.9812,0,0,5436,20163949857
546.295,1.83051,44.4589,0,83,65,44,2760,10501,5.12848,165,16.9812,0,0,5436,20165779631
669.882,1.4928,44.4589,0,83,65,44,2760,10501,5.12848,165,16.9812,0,0,5436,20167272690
404.804,2.47033,44.4589,0,83,65,44,2760,10501,5.12848,165,16.9812,0,0,5436,20169743303
303.776,3.2919,44.4589,0,83,65,44,2760,10501,5.12848,165,16.9812,0,0,5436,20173035606
530.083,1.8865,44.4589,0,83,65,44,2760,10501,5.12848,165,16.9812,0,0,5436,20174922621
294.234,3.39865,44.4589,0,83,65,44,2760,10501,5.12848,165,16.9812,0,0,5436,20178321476
540.812,1.84907,44.4589,0,83,65,44,2760,10501,5.12848,165,16.9812,0,0,5436,20180171029
351.96,2.84123,44.4589,0,83,65,44,2760,10501,5.12848,165,16.9812,0,0,5436,20183012567
354.829,2.81826,44.4589,0,83,65,44,2760,10501,5.12848,165,16.9812,0,0,5436,20185831075
367.627,2.72015,44.4589,0,83,65,44,2760,10501,5.12848,165,16.9812,0,0,5436,20188551533
365.877,2.73316,44.4589,0,83,65,44,2760,10501,5.12848,165,16.9812,0,0,5436,20191285000
399.658,2.50214,44.4589,0,83,65,44,2760,10501,5.12848,165,16.9812,0,0,5436,20193787440
349.769,2.85903,44.4589,0,83,65,44,2760,10501,5.12848,165,16.9812,0,0,5436,20196646796
461.084,2.1688,44.4589,0,83,65,44,2760,10501,5.12848,165,16.9812,0,0,5436,20198815917
336.049,2.97575,44.4589,0,83,65,44,2760,10501,5.12848,165,16.9812,0,0,5436,20201793556
315.481,3.16976,44.4589,0,83,65,44,2760,10501,5.12848,165,16.9812,0,0,5436,20204962461
501.427,1.99431,44.4589,0,83,65,44,2760,10501,5.12848,165,16.9812,0,0,5436,20206957095
341.761,2.92602,44.4589,0,83,65,44,2760,10501,5.12848,165,16.9812,0,0,5436,20209883521
344.49,2.90284,44.4589,0,83,65,44,2760,10501,5.12848,165,16.9812,0,0,5436,20212786609
422.702,2.36573,44.4589,0,83,65,44,2760,10501,5.12848,165,16.9812,0,0,5436,20215152621
342.218,2.92212,44.4589,0,83,65,44,2760,10501,5.12848,165,16.9812,0,0,5436,20218075037
336.254,2.97395,44.4589,0,83,65,44,2760,10501,5.12848,165,16.9812,0,0,5436,20221049339
501.156,1.99539,44.4589,0,83,65,44,2760,10501,5.12848,165,16.9812,0,0,5436,20223045070
308.691,3.23948,44.4589,0,83,65,44,2760,10501,5.12848,165,16.9812,0,0,5436,20226284891
175.497,5.6981,44.4589,0,83,65,44,2760,10501,5.12848,165,16.9812,0,0,5436,20231983294
772.685,1.29419,44.4589,0,83,65,44,2760,10501,5.12848,165,16.9812,0,0,5436,20233277992
515.858,1.93852,44.4589,0,83,65,44,2760,10501,5.12848,165,16.9812,0,0,5436,20235216720
501.357,1.99459,44.4589,0,83,65,44,2760,10501,5.12848,165,16.9812,0,0,5436,20237211624
394.946,2.53199,44.4589,0,83,65,44,2760,10501,5.12848,165,16.9812,0,0,5436,20239744046
323.883,3.08754,44.4589,0,83,65,44,2760,10501,5.12848,165,16.9812,0,0,5436,20242832006
417.977,2.39247,44.4589,0,83,65,44,2760,10501,5.12848,165,16.9812,0,0,5436,20245224875
203.609,4.91138,44.4589,0,83,65,44,2760,10501,5.12848,165,16.9812,0,0,5436,20250136531
366.297,2.73003,44.4589,0,83,65,44,2760,10501,5.12848,165,16.9812,0,0,5436,20252867065
1666.34,0.600117,44.4589,0,83,65,44,2760,10501,5.12848,165,16.9812,0,0,5436,20253467287
260.229,3.84276,44.4589,0,83,65,44,2760,10501,5.12848,165,16.9812,0,0,5436,20257310398
550.4,1.81686,44.4589,0,83,65,44,2760,10501,5.12848,165,16.9812,0,0,5436,20259127526
455.763,2.19412,44.4589,0,83,65,44,2760,10501,5.12848,165,16.9812,0,0,5436,20261321889
346.52,2.88584,44.4589,0,83,65,44,2760,10501,5.12848,165,16.9812,0,0,5436,20264208072
377.098,2.65183,44.4589,0,83,65,44,2760,10501,5.12848,165,16.9812,0,0,5436,20266860104
425.598,2.34964,44.4589,0,83,65,44,2760,10501,5.12848,165,16.9812,0,0,5436,20269210279
341.31,2.92989,44.4589,0,83,65,44,2760,10501,5.12848,165,16.9812,0,0,5436,20272140417
320.191,3.12313,44.4589,0,83,65,44,2760,10501,5.12848,165,16.9812,0,0,5436,20275264051
442.47,2.26004,44.4589,0,83,65,44,2760,10501,5.12848,165,16.9812,0,0,5436,20277524415
315.637,3.16819,44.4589,0,83,65,44,2760,10501,5.12848,165,16.9812,0,0,5436,20280692839
186.309,5.36744,44.4589,0,83,65,44,2760,10501,5.12848,165,16.9812,0,0,5436,20286060732
587.66,1.70166,44.4589,0,83,65,44,2760,10501,5.12848,165,16.9812,0,0,5436,20287762732
607.726,1.64548,44.4589,0,83,65,44,2760,10501,5.12848,165,16.9812,0,0,5436,20289408508
418.512,2.38942,44.4589,0,83,65,44,2760,10501,5.12848,165,16.9812,0,0,5436,20291798329
560.356,1.78458,44.4589,0,83,65,44,2760,10501,5.12848,165,16.9812,0,0,5436,20293583149
295.172,3.38785,44.4589,0,83,65,44,2760,10501,5.12848,165,16.9812,0,0,5436,20296971301
444.481,2.24982,44.4589,0,83,65,44,2760,10501,5.12848,165,16.9812,0,0,5436,20299221570
306.062,3.26731,44.4589,0,83,65,44,2760,10501,5.12848,165,16.9812,0,0,5436,20302489084
482.853,2.07102,44.4589,0,83,65,44,2760,10501,5.12848,165,16.9812,0,0,5436,20304560586
331.845,3.01346,44.4589,0,83,65,44,2760,10501,5.12848,165,16.9812,0,0,5436,20307574438
214.661,4.6585,44.4589,0,83,65,44,2760,10501,5.12848,165,16.9812,0,0,5436,20312233297
421.013,2.37523,44.4589,0,83,65,44,2760,10501,5.12848,165,16.9812,0,0,5436,20314608896
605.723,1.65092,44.4589,0,83,65,44,2760,10501,5.12848,165,16.9812,0,0,5436,20316260115
535.096,1.86882,44.4589,0,83,65,44,2760,10501,5.12848,165,16.9812,0,0,5436,20318129197
327.341,3.05492,44.4589,0,83,65,44,2760,10501,5.12848,165,16.9812,0,0,5436,20321184406
384.785,2.59886,44.4589,0,83,65,44,2760,10501,5.12848,165,16.9812,0,0,5436,20323783628
375.307,2.66448,44.4589,0,83,65,44,2760,10501,5.12848,165,16.9812,0,0,5436,20326448545
382.379,2.6152,44.4589,0,83,65,44,2760,10501,5.12848,165,16.9812,0,0,5436,20329063969
358.517,2.78927,44.4589,0,83,65,44,2760,10501,5.12848,165,16.9812,0,0,5436,20331853708
387.253,2.58229,44.4589,0,83,65,44,2760,10501,5.12848,165,16.9812,0,0,5436,20334436304
201.69,4.9581,44.4589,0,83,65,44,2760,10501,5.12848,165,16.9812,0,0,5436,20339394596
1350.62,0.7404,44.4589,0,83,65,44,2760,10501,5.12848,165,16.9812,0,0,5436,20340135073
395.08,2.53113,44.4589,0,83,65,44,2760,10501,5.12848,165,16.9812,0,0,5436,20342666668
385.065,2.59696,44.4589,0,83,65,44,2760,10501,5.12848,165,16.9812,0,0,5436,20345263929
323.549,3.09072,44.4589,0,83,65,44,2760,10501,5.12848,165,16.9812,0,0,5436,20348354966
453.559,2.20479,44.4589,0,83,65,44,2760,10501,5.12848,165,16.9812,0,0,5436,20350560098
381.941,2.6182,44.4589,0,83,65,44,2760,10501,5.12848,165,16.9812,0,0,5436,20353178667
295.051,3.38924,44.4589,0,83,65,44,2760,10501,5.12848,165,16.9812,0,0,5436,20356568214
479.908,2.08373,44.4589,0,83,65,44,2760,10501,5.12848,165,16.9812,0,0,5436,20358652245
356.521,2.80488,44.4589,0,83,65,44,2760,10501,5.12848,165,16.9812,0,0,5436,20361457475
230.488,4.33863,44.4589,0,83,65,44,2760,10501,5.12848,165,16.9812,0,0,5436,20365796400
428.281,2.33492,44.4589,0,83,65,44,2760,10501,5.12848,165,16.9812,0,0,5436,20368131651
865.274,1.1557,44.4589,0,83,65,44,2760,10501,5.12848,165,16.9812,0,0,5436,20369287796
319.495,3.12994,44.4589,0,83,65,44,2760,10501,5.12848,165,16.9812,0,0,5436,20372418094
279.155,3.58224,44.4589,0,83,65,44,2760,10501,5.12848,165,16.9812,0,0,5436,20376000561
550.619,1.81614,44.4589,0,83,65,44,2760,10501,5.12848,165,16.9812,0,0,5436,20377816949
355.737,2.81107,44.4589,0,83,65,44,2760,10501,5.12848,165,16.9812,0,0,5436,20380628399
368.425,2.71426,44.4589,0,83,65,44,2760,10501,5.12848,165,16.9812,0,0,5436,20383342981
368.558,2.71327,44.4589,0,83,65,44,2760,10501,5.12848,165,16.9812,0,0,5436,20386056679
361.237,2.76827,44.4589,0,83,65,44,2760,10501,5.12848,165,16.9812,0,0,5436,20388825281
231.295,4.32348,44.4589,0,83,65,44,2760,10501,5.12848,165,16.9812,0,0,5436,20393149187
440.665,2.2693,44.4589,0,83,65,44,2760,10501,5.12848,165,16.9812,0,0,5436,20395418667
553.349,1.80718,44.4589,0,83,65,44,2760,10501,5.12848,165,16.9812,0,0,5436,20397226170
366.053,2.73184,44.4589,0,83,65,44,2760,10501,5.12848,165,16.9812,0,0,5436,20399961234
434.757,2.30013,44.6999,0,84,65,44,2760,10501,5.12848,165,16.9823,0,0,5444,20402258859
341.566,2.9277,44.6999,0,84,65,44,2760,10501,5.12848,165,16.9823,0,0,5444,20405186871
425.431,2.35056,44.6999,0,84,65,44,2760,10501,5.12848,165,16.9823,0,0,5444,20407537854
372.619,2.68371,44.6999,0,84,65,44,2760,10501,5.12848,165,16.9823,0,0,5444,20410221868
346.619,2.88501,44.6999,0,84,65,44,2760,10501,5.12848,165,16.9823,0,0,5444,20413107350
348.551,2.86902,44.6999,0,84,65,44,2760,10501,5.12848,165,16.9823,0,0,5444,20415976581
217.907,4.58912,44.6999,0,84,65,44,2760,10501,5.12848,165,16.9823,0,0,5444,20420566053
632.929,1.57996,44.6999,0,84,65,44,2760,10501,5.12848,165,16.9823,0,0,5444,20422146404
513.685,1.94672,44.6999,0,84,65,44,2760,10501,5.12848,165,16.9823,0,0,5444,20424093355
453.616,2.20451,44.6999,0,84,65,44,2760,10501,5.12848,165,16.9823,0,0,5444,20426298381
337.66,2.96156,44.6999,0,84,65,44,2760,10501,5.12848,165,16.9823,0,0,5444,20429260211
329.165,3.03799,44.6999,0,84,65,44,2760,10501,5.12848,165,16.9823,0,0,5444,20432298506
361.241,2.76824,44.6999,0,84,65,44,2760,10501,5.12848,165,16.9823,0,0,5444,20435067003
417.945,2.39266,44.6999,0,84,65,44,2760,10501,5.12848,165,16.9823,0,0,5444,20437459997
268.623,3.72268,44.6999,0,84,65,44,2760,10501,5.12848,165,16.9823,0,0,5444,20441183171
656.15,1.52404,44.6999,0,84,65,44,2760,10501,5.12848,165,16.9823,0,0,5444,20442707405
175.464,5.69916,44.6999,0,84,65,44,2760,10501,5.12848,165,16.9823,0,0,5444,20448407126
312.694,3.19801,44.6999,0,84,65,44,2760,10501,5.12848,165,16.9823,0,0,5444,20451605339
438.417,2.28093,44.6999,0,84,65,44,2760,10501,5.12848,165,16.9823,0,0,5444,20453886676
770.213,1.29834,44.6999,0,84,65,44,2760,10501,5.12848,165,16.9823,0,0,5444,20455185268
381.626,2.62037,44.6999,0,84,65,44,2760,10501,5.12848,165,16.9823,0,0,5444,20457805933
407.424,2.45445,44.6999,0,84,65,44,2760,10501,5.12848,165,16.9823,0,0,5444,20460260794
359.887,2.77865,44.6999,0,84,65,44,2760,10501,5.12848,165,16.9823,0,0,5444,20463039696
312.465,3.20036,44.6999,0,84,65,44,2760,10501,5.12848,165,16.9823,0,0,5444,20466240381
528.569,1.8919,44.6999,0,84,65,44,2760,10501,5.12848,165,16.9823,0,0,5444,20468132790
331.438,3.01716,44.6999,0,84,65,44,2760,10501,5.12848,165,16.9823,0,0,5444,20471150133
208.28,4.80124,44.6999,0,84,65,44,2760,10501,5.12848,165,16.9823,0,0,5444,20475951833
856.255,1.16788,44.6999,0,84,65,44,2760,10501,5.12848,165,16.9823,0,0,5444,20477119872
484.956,2.06204,44.6999,0,84,65,44,2760,10501,5.12848,165,16.9823,0,0,5444,20479182221
420.907,2.37582,44.6999,0,84,65,44,2760,10501,5.12848,165,16.9823,0,0,5444,20481558416
296.822,3.36903,44.6999,0,84,65,44,2760,10501,5.12848,165,16.9823,0,0,5444,20484927981
466.951,2.14155,44.6999,0,84,65,44,2760,10501,5.12848,165,16.9823,0,0,5444,20487069929
251.292,3.97944,44.6999,0,84,65,44,2760,10501,5.12848,165,16.9823,0,0,5444,20491049765
569.183,1.7569,44.6999,0,84,65,44,2760,10501,5.12848,165,16.9823,0,0,5444,20492807257
400.659,2.49589,44.6999,0,84,65,44,2760,10501,5.12848,165,16.9823,0,0,5444,20495303495
380.194,2.63023,44.6999,0,84,65,44,2760,10501,5.12848,165,16.9823,0,0,5444,20497934074
231.028,4.32847,44.6999,0,84,65,44,2760,10501,5.12848,165,16.9823,0,0,5444,20502262816
315.512,3.16945,44.6999,0,84,65,44,2760,10501,5.12848,165,16.9823,0,0,5444,20505432721
1312.23,0.762064,44.6999,0,84,65,44,2760,10501,5.12848,165,16.9823,0,0,5444,20506194967
290.481,3.44257,44.6999,0,84,65,44,2760,10501,5.12848,165,16.9823,0,0,5444,20509638093
415.828,2.40484,44.6999,0,84,65,44,2760,10501,5.12848,165,16.9823,0,0,5444,20512043155
417.878,2.39304,44.6999,0,84,65,44,2760,10501,5.12848,165,16.9823,0,0,5444,20514436630
338.792,2.95167,44.6999,0,84,65,44,2760,10501,5.12848,165,16.9823,0,0,5444,20517388556
363.833,2.74851,44.6999,0,84,65,44,2760,10501,5.12848,165,16.9823,0,0,5444,20520137485
497.527,2.00994,44.6999,0,84,65,44,2760,10501,5.12848,165,16.9823,0,0,5444,20522147630
274.129,3.64792,44.6999,0,84,65,44,2760,10501,5.12848,165,16.9823,0,0,5444,20525795868
195.892,5.10486,44.6999,0,84,65,44,2760,10501,5.12848,165,16.9823,0,0,5444,20530901213
637.171,1.56944,44.6999,0,84,65,44,2760,10501,5.12848,165,16.9823,0,0,5444,20532470757
524.2,1.90767,44.6999,0,84,65,44,2760,10501,5.12848,165,16.9823,0,0,5444,20534378831
438.439,2.28082,44.6999,0,84,65,44,2760,10501,5.12848,165,16.9823,0,0,5444,20536659975
261.253,3.82771,44.6999,0,84,65,44,2760,10501,5.12848,165,16.9823,0,0,5444,20540488171
541.141,1.84795,44.6999,0,84,65,44,2760,10501,5.12848,165,16.9823,0,0,5444,20542336426
347.171,2.88042,44.6999,0,84,65,44,2760,10501,5.12848,165,16.9823,0,0,5444,20545217186
315.344,3.17114,44.6999,0,84,65,44,2760,10501,5.12848,165,16.9823,0,0,5444,20548388591
449.019,2.22708,44.6999,0,84,65,44,2760,10501,5.12848,165,16.9823,0,0,5444,20550616032
245.639,4.07102,44.6999,0,84,65,44,2760,10501,5.12848,165,16.9823,0,0,5444,20554687611
303.103,3.29921,44.6999,0,84,65,44,2760,10501,5.12848,165,16.9823,0,0,5444,20557987011
741.27,1.34904,44.6999,0,84,65,44,2760,10501,5.12848,165,16.9823,0,0,5444,20559336422
371.61,2.69099,44.6999,0,84,65,44,2760,10501,5.12848,165,16.9823,0,0,5444,20562027647
465.859,2.14657,44.6999,0,84,65,44,2760,10501,5.12848,165,16.9823,0,0,5444,20564174642
352.351,2.83808,44.6999,0,84,65,44,2760,10501,5.12848,165,16.9823,0,0,5444,20567012930
356.416,2.80571,44.6999,0,84,65,44,2760,10501,5.12848,165,16.9823,0,0,5444,20569819111
443.229,2.25617,44.6999,0,84,65,44,2760,10501,5.12848,165,16.9823,0,0,5444,20572075505
253.504,3.94471,44.6999,0,84,65,44,2760,10501,5.12848,165,16.9823,0,0,5444,20576020590
545.739,1.83238,44.6999,0,84,65,44,2760,10501,5.12848,165,16.9823,0,0,5444,20577853267
463.676,2.15668,44.6999,0,84,65,44,2760,10501,5.12848,165,16.9823,0,0,5444,20580010388
358.233,2.79148,44.6999,0,84,65,44,2760,10501,5.12848,165,16.9823,0,0,5444,20582802068
331.168,3.01961,44.6999,0,84,65,44,2760,10501,5.12848,165,16.9823,0,0,5444,20585822045
412.685,2.42316,44.6999,0,84,65,44,2760,10501,5.12848,165,16.9823,0,0,5444,20588245521
341.396,2.92915,44.6999,0,84,65,44,2760,10501,5.12848,165,16.9823,0,0,5444,20591174995
323.598,3.09026,44.6999,0,84,65,44,2760,10501,5.12848,165,16.9823,0,0,5444,20594265608
490.485,2.0388,44.6999,0,84,65,44,2760,10501,5.12848,165,16.9823,0,0,5444,20596304802
325.359,3.07353,44.6999,0,84,65,44,2760,10501,5.12848,165,16.9823,0,0,5444,20599378550
349.796,2.85881,44.6999,0,84,65,44,2760,10501,5.12848,165,16.9823,0,0,5444,20602237752
347.452,2.8781,44.6999,0,84,65,44,2760,10501,5.12848,165,16.9823,0,0,5444,20605116157
387.725,2.57914,44.6999,0,84,65,44,2760,10501,5.12848,165,16.9823,0,0,5444,20607695561
210.771,4.74448,44.6999,0,84,65,44,2760,10501,5.12848,165,16.9823,0,0,5444,20612440384
1239.34,0.806883,44.6999,0,84,65,44,2760,10501,5.12848,165,16.9823,0,0,5444,20613247498
444.46,2.24992,44.6999,0,84,65,44,2760,10501,5.12848,165,16.9823,0,0,5444,20615497689
217.808,4.5912,44.6999,0,84,65,44,2760,10501,5.12848,165,16.9823,0,0,5444,20620089296
1591.25,0.628435,44.6999,0,84,65,44,2760,10501,5.12848,165,16.9823,0,0,5444,20620718057
372.729,2.68292,44.6999,0,84,65,44,2760,10501,5.12848,165,16.9823,0,0,5444,20623401330
344.629,2.90167,44.6999,0,84,65,44,2760,10501,5.12848,165,16.9823,0,0,5444,20626303226
366.659,2.72733,44.6999,0,84,65,44,2760,10501,5.12848,165,16.9823,0,0,5444,20629030818
335.329,2.98215,44.6999,0,84,65,44,2760,10501,5.12848,165,16.9823,0,0,5444,20632013476
255.908,3.90765,44.6999,0,84,65,44,2760,10501,5.12848,165,16.9823,0,0,5444,20635921387
1766.75,0.56601,44.6999,0,84,65,44,2760,10501,5.12848,165,16.9823,0,0,5444,20636487704
288.086,3.47118,44.6999,0,84,65,44,2760,10501,5.12848,165,16.9823,0,0,5444,20639959321
461.305,2.16776,44.6999,0,84,65,44,2760,10501,5.12848,165,16.9823,0,0,5444,20642127356
361.965,2.7627,44.6999,0,84,65,44,2760,10501,5.12848,165,16.9823,0,0,5444,20644890372
370.749,2.69724,44.6999,0,84,65,44,2760,10501,5.12848,165,16.9823,0,0,5444,20647587972
367.433,2.72158,44.6999,0,84,65,44,2760,10501,5.12848,165,16.9823,0,0,5444,20650309843
418.499,2.38949,44.6999,0,84,65,44,2760,10501,5.12848,165,16.9823,0,0,5444,20652699731
343.89,2.90791,44.6999,0,84,65,44,2760,10501,5.12848,165,16.9823,0,0,5444,20655608089
345.805,2.8918,44.6999,0,84,65,44,2760,10501,5.12848,165,16.9823,0,0,5444,20658500023
368.652,2.71258,44.6999,0,84,65,44,2760,10501,5.12848,165,16.9823,0,0,5444,20661212922
219.128,4.56355,44.6999,0,84,65,44,2760,10501,5.12848,165,16.9823,0,0,5444,20665776999
313.452,3.19028,44.6999,0,84,65,44,2760,10501,5.12848,165,16.9823,0,0,5444,20668967481
1703.46,0.587039,44.6999,0,84,65,44,2760,10501,5.12848,165,16.9823,0,0,5444,20669554953
295.518,3.38389,44.6999,0,84,65,44,2760,10501,5.12848,165,16.9823,0,0,5444,20672939250
443.83,2.25311,44.6999,0,84,65,44,2760,10501,5.12848,165,16.9823,0,0,5444,20675192643
496.709,2.01325,44.6999,0,84,65,44,2760,10501,5.12848,165,16.9823,0,0,5444,20677206134
300.996,3.3223,44.6999,0,84,65,44,2760,10501,5.12848,165,16.9823,0,0,5444,20680528833
396.686,2.52088,44.6999,0,84,65,44,2760,10501,5.12848,165,16.9823,0,0,5444,20683050071
371.34,2.69295,44.6999,0,84,65,44,2760,10501,5.12848,165,16.9823,0,0,5444,20685743374
392.939,2.54492,44.6999,0,84,65,44,2760,10501,5.12848,165,16.9823,0,0,5444,20688288546
223.545,4.47338,44.6999,0,84,65,44,2760,10501,5.12848,165,16.9823,0,0,5444,20692762418
588.812,1.69834,44.6999,0,84,65,44,2760,10501,5.12848,165,16.9823,0,0,5444,20694461004
554.4,1.80375,44.6999,0,84,65,44,2760,10501,5.12848,165,16.9823,0,0,5444,20696265180
320.433,3.12078,44.6999,0,84,65,44,2760,10501,5.12848,165,16.9823,0,0,5444,20699386074
435.998,2.29359,44.6999,0,84,65,44,2760,10501,5.12848,165,16.9823,0,0,5444,20701679968
216.781,4.61294,44.6999,0,84,65,44,2760,10501,5.12848,165,16.9823,0,0,5444,20706293460
670.711,1.49095,44.6999,0,84,65,44,2760,10501,5.12848,165,16.9823,0,0,5444,20707784674
607.698,1.64556,44.6999,0,84,65,44,2760,10501,5.12848,165,16.9823,0,0,5444,20709430422
363.583,2.7504,44.6999,0,84,65,44,2760,10501,5.12848,165,16.9823,0,0,5444,20712181351
351.631,2.84389,44.6999,0,84,65,44,2760,10501,5.12848,165,16.9823,0,0,5444,20715025457
227.301,4.39945,44.6999,0,84,65,44,2760,10501,5.12848,165,16.9823,0,0,5444,20719425268
619.159,1.61509,44.6999,0,84,65,44,2760,10501,5.12848,165,16.9823,0,0,5444,20721040678
553.779,1.80577,44.6999,0,84,65,44,2760,10501,5.12848,165,16.9823,0,0,5444,20722846749
305.642,3.2718,44.6999,0,84,65,44,2760,10501,5.12848,165,16.9823,0,0,5444,20726118965
434.975,2.29898,44.6999,0,84,65,44,2760,10501,5.12848,165,16.9823,0,0,5444,20728418196
368.172,2.71612,44.6999,0,84,65,44,2760,10501,5.12848,165,16.9823,0,0,5444,20731134692
377.618,2.64818,44.6999,0,84,65,44,2760,10501,5.12848,165,16.9823,0,0,5444,20733783185
379.974,2.63176,44.6999,0,84,65,44,2760,10501,5.12848,165,16.9823,0,0,5444,20736415370
336.641,2.97052,44.6999,0,84,65,44,2760,10501,5.12848,165,16.9823,0,0,5444,20739386143
401.368,2.49148,44.6999,0,84,65,44,2760,10501,5.12848,165,16.9823,0,0,5444,20741878025
162.906,6.13852,44.6999,0,84,65,44,2760,10501,5.12848,165,16.9823,0,0,5444,20748016953
657.873,1.52005,44.6999,0,84,65,44,2760,10501,5.12848,165,16.9823,0,0,5444,20749537216
281.173,3.55653,44.6999,0,84,65,44,2760,10501,5.12848,165,16.9823,0,0,5444,20753094047
549.124,1.82108,44.6999,0,84,65,44,2760,10501,5.12848,165,16.9823,0,0,5444,20754915455
384.993,2.59745,44.6999,0,84,65,44,2760,10501,5.12848,165,16.9823,0,0,5444,20757513254
383.144,2.60998,44.6999,0,84,65,44,2760,10501,5.12848,165,16.9823,0,0,5444,20760123495
354.471,2.82111,44.6999,0,84,65,44,2760,10501,5.12848,165,16.9823,0,0,5444,20762944956
282.491,3.53994,44.6999,0,84,65,44,2760,10501,5.12848,165,16.9823,0,0,5444,20766485181
593.516,1.68487,44.6999,0,84,65,44,2760,10501,5.12848,165,16.9823,0,0,5444,20768170421
295.272,3.38671,44.6999,0,84,65,44,2760,10501,5.12848,165,16.9823,0,0,5444,20771557583
237.749,4.20612,44.6999,0,84,65,44,2760,10501,5.12848,165,16.9823,0,0,5444,20775764032
551.992,1.81162,44.6999,0,84,65,44,2760,10501,5.12848,165,16.9823,0,0,5444,20777575872
244.825,4.08455,44.6999,0,84,65,44,2760,10501,5.12848,165,16.9823,0,0,5444,20781660914
597.946,1.67239,44.6999,0,84,65,44,2760,10501,5.12848,165,16.9823,0,0,5444,20783333518
494.856,2.02079,44.6999,0,84,65,44,2760,10501,5.12848,165,16.9823,0,0,5444,20785354740
407.181,2.45591,44.6999,0,84,65,44,2760,10501,5.12848,165,16.9823,0,0,5444,20787811025
403.953,2.47553,44.6999,0,84,65,44,2760,10501,5.12848,165,16.9823,0,0,5444,20790286839
306.441,3.26327,44.6999,0,84,65,44,2760,10501,5.12848,165,16.9823,0,0,5444,20793550458
460.42,2.17193,44.6999,0,84,65,44,2760,10501,5.12848,165,16.9823,0,0,5444,20795722762
398.949,2.50658,44.6999,0,84,65,44,2760,10501,5.12848,165,16.9823,0,0,5444,20798229674
205.203,4.87321,44.6999,0,84,65,44,2760,10501,5.12848,165,16.9823,0,0,5444,20803103319
436.361,2.29168,44.6999,0,84,65,44,2760,10501,5.12848,165,16.9823,0,0,5444,20805395329
619.303,1.61472,44.6999,0,84,65,44,2760,10501,5.12848,165,16.9823,0,0,5444,20807010383
480.562,2.0809,44.6999,0,84,65,44,2760,10501,5.12848,165,16.9823,0,0,5444,20809091617
375.863,2.66054,44.6999,0,84,65,44,2760,10501,5.12848,165,16.9823,0,0,5444,20811752255
390.024,2.56394,44.6999,0,84,65,44,2760,10501,5.12848,165,16.9823,0,0,5444,20814316658
322.744,3.09843,44.6999,0,84,65,44,2760,10501,5.12848,165,16.9823,0,0,5444,20817415426
205.602,4.86376,44.6999,0,84,65,44,2760,10501,5.12848,165,16.9823,0,0,5444,20822279763
499.64,2.00144,44.6999,0,84,65,44,2760,10501,5.12848,165,16.9823,0,0,5444,20824281667
584.559,1.71069,44.6999,0,84,65,44,2760,10501,5.12848,165,16.9823,0,0,5444,20825992513
237.595,4.20883,44.6999,0,84,65,44,2760,10501,5.12848,165,16.9823,0,0,5444,20830201732
586.593,1.70476,44.6999,0,84,65,44,2760,10501,5.12848,165,16.9823,0,0,5444,20831906905
620.215,1.61234,44.6999,0,84,65,44,2760,10501,5.12848,165,16.9823,0,0,5444,20833519661
321.778,3.10773,44.6999,0,84,65,44,2760,10501,5.12848,165,16.9823,0,0,5444,20836627814
348.304,2.87106,44.6999,0,84,65,44,2760,10501,5.12848,165,16.9823,0,0,5444,20839499247
359.353,2.78278,44.6999,0,84,65,44,2760,10501,5.12848,165,16.9823,0,0,5444,20842282370
507.068,1.97212,44.6999,0,84,65,44,2760,10501,5.12848,165,16.9823,0,0,5444,20844254975
248.224,4.02862,44.6999,0,84,65,44,2760,10501,5.12848,165,16.9823,0,0,5444,20848283793
586.981,1.70363,44.6999,0,84,65,44,2760,10501,5.12848,165,16.9823,0,0,5444,20849987803
397.403,2.51634,44.6999,0,84,65,44,2760,10501,5.12848,165,16.9823,0,0,5444,20852504368
258.462,3.86903,44.6999,0,84,65,44,2760,10501,5.12848,165,16.9823,0,0,5444,20856373806
529.225,1.88955,44.6999,0,84,65,44,2760,10501,5.12848,165,16.9823,0,0,5444,20858263524
450.349,2.2205,44.6999,0,84,65,44,2760,10501,5.12848,165,16.9823,0,0,5444,20860484262
371.389,2.69259,44.6999,0,84,65,44,2760,10501,5.12848,165,16.9823,0,0,5444,20863177228
380.594,2.62747,44.6999,0,84,65,44,2760,10501,5.12848,165,16.9823,0,0,5444,20865805134
309.184,3.23432,44.6999,0,84,65,44,2760,10501,5.12848,165,16.9823,0,0,5444,20869039752
449.448,2.22495,44.6999,0,84,65,44,2760,10501,5.12848,165,16.9823,0,0,5444,20871265106
405.323,2.46717,44.6999,0,84,65,44,2760,10501,5.12848,165,16.9823,0,0,5444,20873732680
339.911,2.94195,44.6999,0,84,65,44,2760,10501,5.12848,165,16.9823,0,0,5444,20876675144
378.062,2.64507,44.6999,0,84,65,44,2760,10501,5.12848,165,16.9823,0,0,5444,20879320724
239.319,4.17852,44.6999,0,84,65,44,2760,10501,5.12848,165,16.9823,0,0,5444,20883499451
303.004,3.30028,44.6999,0,84,65,44,2760,10501,5.12848,165,16.9823,0,0,5444,20886799957
889.392,1.12436,44.6999,0,84,65,44,2760,10501,5.12848,165,16.9823,0,0,5444,20887924668
462.785,2.16083,44.6999,0,84,65,44,2760,10501,5.12848,165,16.9823,0,0,5444,20890085798
383.588,2.60696,44.6999,0,84,65,44,2760,10501,5.12848,165,16.9823,0,0,5444,20892693271
332.57,3.00689,44.6999,0,84,65,44,2760,10501,5.12848,165,16.9823,0,0,5444,20895700266
424.062,2.35815,44.6999,0,84,65,44,2760,10501,5.12848,165,16.9823,0,0,5444,20898058769
333.581,2.99777,44.6999,0,84,65,44,2760,10501,5.12848,165,16.9823,0,0,5444,20901059187
341.372,2.92936,44.801,0,85,65,44,2760,10501,5.12848,165,16.9831,0,0,5439,20903986526
279.053,3.58355,44.801,0,85,65,44,2760,10501,5.12848,165,16.9831,0,0,5439,20907570532
221.157,4.52167,44.801,0,85,65,44,2760,10501,5.12848,165,16.9831,0,0,5439,20912092492
962.004,1.0395,44.801,0,85,65,44,2760,10501,5.12848,165,16.9831,0,0,5439,20913132555
572.939,1.74539,44.801,0,85,65,44,2760,10501,5.12848,165,16.9831,0,0,5439,20914878297
389.585,2.56684,44.801,0,85,65,44,2760,10501,5.12848,165,16.9831,0,0,5439,20917445393
442.979,2.25744,44.801,0,85,65,44,2760,10501,5.12848,165,16.9831,0,0,5439,20919703123
337.385,2.96397,44.801,0,85,65,44,2760,10501,5.12848,165,16.9831,0,0,5439,20922667444
357.925,2.79388,44.801,0,85,65,44,2760,10501,5.12848,165,16.9831,0,0,5439,20925461644
405.542,2.46583,44.801,0,85,65,44,2760,10501,5.12848,165,16.9831,0,0,5439,20927927794
351.432,2.8455,44.801,0,85,65,44,2760,10501,5.12848,165,16.9831,0,0,5439,20930773573
294.941,3.39051,44.801,0,85,65,44,2760,10501,5.12848,165,16.9831,0,0,5439,20934164639
365.456,2.7363,44.801,0,85,65,44,2760,10501,5.12848,165,16.9831,0,0,5439,20936901280
527.237,1.89668,44.801,0,85,65,44,2760,10501,5.12848,165,16.9831,0,0,5439,20938798190
378.282,2.64353,44.801,0,85,65,44,2760,10501,5.12848,165,16.9831,0,0,5439,20941442154
205.953,4.85547,44.801,0,85,65,44,2760,10501,5.12848,165,16.9831,0,0,5439,20946297875
679.538,1.47159,44.801,0,85,65,44,2760,10501,5.12848,165,16.9831,0,0,5439,20947769809
412.988,2.42138,44.801,0,85,65,44,2760,10501,5.12848,165,16.9831,0,0,5439,20950191497
481.943,2.07493,44.801,0,85,65,44,2760,10501,5.12848,165,16.9831,0,0,5439,20952266740
343.347,2.9125,44.801,0,85,65,44,2760,10501,5.12848,165,16.9831,0,0,5439,20955179713
290.101,3.44708,44.801,0,85,65,44,2760,10501,5.12848,165,16.9831,0,0,5439,20958627146
550.307,1.81717,44.801,0,85,65,44,2760,10501,5.12848,165,16.9831,0,0,5439,20960444602
273.618,3.65473,44.801,0,85,65,44,2760,10501,5.12848,165,16.9831,0,0,5439,20964099610
572.479,1.74679,44.801,0,85,65,44,2760,10501,5.12848,165,16.9831,0,0,5439,20965846774
389.426,2.56788,44.801,0,85,65,44,2760,10501,5.12848,165,16.9831,0,0,5439,20968415092
324.263,3.08391,44.801,0,85,65,44,2760,10501,5.12848,165,16.9831,0,0,5439,20971499359
382.337,2.61549,44.801,0,85,65,44,2760,10501,5.12848,165,16.9831,0,0,5439,20974115005
417.05,2.39779,44.801,0,85,65,44,2760,10501,5.12848,165,16.9831,0,0,5439,20976512999
378.76,2.64019,44.801,0,85,65,44,2760,10501,5.12848,165,16.9831,0,0,5439,20979153482
349.298,2.86288,44.801,0,85,65,44,2760,10501,5.12848,165,16.9831,0,0,5439,20982016733
313.159,3.19327,44.801,0,85,65,44,2760,10501,5.12848,165,16.9831,0,0,5439,20985210321
497.66,2.0094,44.801,0,85,65,44,2760,10501,5.12848,165,16.9831,0,0,5439,20987220043
174.667,5.72518,44.801,0,85,65,44,2760,10501,5.12848,165,16.9831,0,0,5439,20992945562
691.623,1.44588,44.801,0,85,65,44,2760,10501,5.12848,165,16.9831,0,0,5439,20994391717
693.62,1.44171,44.801,0,85,65,44,2760,10501,5.12848,165,16.9831,0,0,5439,20995833698
499.765,2.00094,44.801,0,85,65,44,2760,10501,5.12848,165,16.9831,0,0,5439,20997834910
351.723,2.84314,44.801,0,85,65,44,2760,10501,5.12848,165,16.9831,0,0,5439,21000678467
347.135,2.88072,44.801,0,85,65,44,2760,10501,5.12848,165,16.9831,0,0,5439,21003559603
398.166,2.51152,44.801,0,85,65,44,2760,10501,5.12848,165,16.9831,0,0,5439,21006071505
350.738,2.85114,44.801,0,85,65,44,2760,10501,5.12848,165,16.9831,0,0,5439,21008922985
395.507,2.5284,44.801,0,85,65,44,2760,10501,5.12848,165,16.9831,0,0,5439,21011451715
342.489,2.9198,44.801,0,85,65,44,2760,10501,5.12848,165,16.9831,0,0,5439,21014371775
244.933,4.08274,44.801,0,85,65,44,2760,10501,5.12848,165,16.9831,0,0,5439,21018454989
530.884,1.88365,44.801,0,85,65,44,2760,10501,5.12848,165,16.9831,0,0,5439,21020338812
272.927,3.66398,44.801,0,85,65,44,2760,10501,5.12848,165,16.9831,0,0,5439,21024003215
839.433,1.19128,44.801,0,85,65,44,2760,10501,5.12848,165,16.9831,0,0,5439,21025195024
357.094,2.80038,44.801,0,85,65,44,2760,10501,5.12848,165,16.9831,0,0,5439,21027995484
438.887,2.27849,44.801,0,85,65,44,2760,10501,5.12848,165,16.9831,0,0,5439,21030274263
241.378,4.14288,44.801,0,85,65,44,2760,10501,5.12848,165,16.9831,0,0,5439,21034417662
690.543,1.44814,44.801,0,85,65,44,2760,10501,5.12848,165,16.9831,0,0,5439,21035865922
298.873,3.3459,44.801,0,85,65,44,2760,10501,5.12848,165,16.9831,0,0,5439,21039212150
502.673,1.98936,44.801,0,85,65,44,2760,10501,5.12848,165,16.9831,0,0,5439,21041201852
258.109,3.87433,44.801,0,85,65,44,2760,10501,5.12848,165,16.9831,0,0,5439,21045076463
577.233,1.7324,44.801,0,85,65,44,2760,10501,5.12848,165,16.9831,0,0,5439,21046809166
401.257,2.49217,44.801,0,85,65,44,2760,10501,5.12848,165,16.9831,0,0,5439,21049301519
373.588,2.67674,44.801,0,85,65,44,2760,10501,5.12848,165,16.9831,0,0,5439,21051978696
341.959,2.92433,44.801,0,85,65,44,2760,10501,5.12848,165,16.9831,0,0,5439,21054903400
385.087,2.59682,44.801,0,85,65,44,2760,10501,5.12848,165,16.9831,0,0,5439,21057500709
372.677,2.68329,44.801,0,85,65,44,2760,10501,5.12848,165,16.9831,0,0,5439,21060184319
341.631,2.92714,44.801,0,85,65,44,2760,10501,5.12848,165,16.9831,0,0,5439,21063111744
343.17,2.91401,44.801,0,85,65,44,2760,10501,5.12848,165,16.9831,0,0,5439,21066026073
362.753,2.7567,44.801,0,85,65,44,2760,10501,5.12848,165,16.9831,0,0,5439,21068783099
290.407,3.44344,44.801,0,85,65,44,2760,10501,5.12848,165,16.9831,0,0,5439,21072226974
487.258,2.0523,44.801,0,85,65,44,2760,10501,5.12848,165,16.9831,0,0,5439,21074279592
526.415,1.89964,44.801,0,85,65,44,2760,10501,5.12848,165,16.9831,0,0,5439,21076179540
264.021,3.78758,44.801,0,85,65,44,2760,10501,5.12848,165,16.9831,0,0,5439,21079967437
527.928,1.8942,44.801,0,85,65,44,2760,10501,5.12848,165,16.9831,0,0,5439,21081861972
280.471,3.56543,44.801,0,85,65,44,2760,10501,5.12848,165,16.9831,0,0,5439,21085427717
568.035,1.76045,44.801,0,85,65,44,2760,10501,5.12848,165,16.9831,0,0,5439,21087188488
265.998,3.75942,44.801,0,85,65,44,2760,10501,5.12848,165,16.9831,0,0,5439,21090948288
454.671,2.19939,44.801,0,85,65,44,2760,10501,5.12848,165,16.9831,0,0,5439,21093148102
434.741,2.30022,44.801,0,85,65,44,2760,10501,5.12848,165,16.9831,0,0,5439,21095448622
234.829,4.25842,44.801,0,85,65,44,2760,10501,5.12848,165,16.9831,0,0,5439,21099707420
543.159,1.84108,44.801,0,85,65,44,2760,10501,5.12848,165,16.9831,0,0,5439,21101548780
570.056,1.75421,44.801,0,85,65,44,2760,10501,5.12848,165,16.9831,0,0,5439,21103303320
370.555,2.69866,44.801,0,85,65,44,2760,10501,5.12848,165,16.9831,0,0,5439,21106002228
382.924,2.61148,44.801,0,85,65,44,2760,10501,5.12848,165,16.9831,0,0,5439,21108613979
307.848,3.24836,44.801,0,85,65,44,2760,10501,5.12848,165,16.9831,0,0,5439,21111862800
463.537,2.15732,44.801,0,85,65,44,2760,10501,5.12848,165,16.9831,0,0,5439,21114020354
369.046,2.70969,44.801,0,85,65,44,2760,10501,5.12848,165,16.9831,0,0,5439,21116730378
298.828,3.3464,44.801,0,85,65,44,2760,10501,5.12848,165,16.9831,0,0,5439,21120077231
514.46,1.94379,44.801,0,85,65,44,2760,10501,5.12848,165,16.9831,0,0,5439,21122021297
275.644,3.62786,44.801,0,85,65,44,2760,10501,5.12848,165,16.9831,0,0,5439,21125649544
293.306,3.40941,44.801,0,85,65,44,2760,10501,5.12848,165,16.9831,0,0,5439,21129059226
448.715,2.22859,44.801,0,85,65,44,2760,10501,5.12848,165,16.9831,0,0,5439,21131288205
618.261,1.61744,44.801,0,85,65,44,2760,10501,5.12848,165,16.9831,0,0,5439,21132905846
356.646,2.8039,44.801,0,85,65,44,2760,10501,5.12848,165,16.9831,0,0,5439,21135710066
209.408,4.77536,44.801,0,85,65,44,2760,10501,5.12848,165,16.9831,0,0,5439,21140485736
1055.15,0.947734,44.801,0,85,65,44,2760,10501,5.12848,165,16.9831,0,0,5439,21141433730
389.792,2.56547,44.801,0,85,65,44,2760,10501,5.12848,165,16.9831,0,0,5439,21143999614
383.228,2.60942,44.801,0,85,65,44,2760,10501,5.12848,165,16.9831,0,0,5439,21146609298
361.197,2.76857,44.801,0,85,65,44,2760,10501,5.12848,165,16.9831,0,0,5439,21149378209
208.921,4.7865,44.801,0,85,65,44,2760,10501,5.12848,165,16.9831,0,0,5439,21154165014
314.488,3.17977,44.801,0,85,65,44,2760,10501,5.12848,165,16.9831,0,0,5439,21157345295
1139.33,0.877712,44.801,0,85,65,44,2760,10501,5.12848,165,16.9831,0,0,5439,21158223161
516.601,1.93573,44.801,0,85,65,44,2760,10501,5.12848,165,16.9831,0,0,5439,21160159428
187.525,5.33263,44.801,0,85,65,44,2760,10501,5.12848,165,16.9831,0,0,5439,21165492521
2361.2,0.423514,44.801,0,85,65,44,2760,10501,5.12848,165,16.9831,0,0,5439,21165916257
423.956,2.35873,44.801,0,85,65,44,2760,10501,5.12848,165,16.9831,0,0,5439,21168275980
270.865,3.69187,44.801,0,85,65,44,2760,10501,5.12848,165,16.9831,0,0,5439,21171967672
507.406,1.97081,44.801,0,85,65,44,2760,10501,5.12848,165,16.9831,0,0,5439,21173938844
444.429,2.25008,44.801,0,85,65,44,2760,10501,5.12848,165,16.9831,0,0,5439,21176189180
147.119,6.79724,44.801,0,85,65,44,2760,10501,5.12848,165,16.9831,0,0,5439,21182986909
2370.56,0.421841,44.801,0,85,65,44,2760,10501,5.12848,165,16.9831,0,0,5439,21183409096
359.218,2.78382,44.801,0,85,65,44,2760,10501,5.12848,165,16.9831,0,0,5439,21186193401
611.467,1.63541,44.801,0,85,65,44,2760,10501,5.12848,165,16.9831,0,0,5439,21187828976
365.074,2.73917,44.801,0,85,65,44,2760,10501,5.12848,165,16.9831,0,0,5439,21190568472
321.188,3.11344,44.801,0,85,65,44,2760,10501,5.12848,165,16.9831,0,0,5439,21193682250
384.652,2.59975,44.801,0,85,65,44,2760,10501,5.12848,165,16.9831,0,0,5439,21196282443
342.565,2.91916,44.801,0,85,65,44,2760,10501,5.12848,165,16.9831,0,0,5439,21199201821
415.401,2.40731,44.801,0,85,65,44,2760,10501,5.12848,165,16.9831,0,0,5439,21201609459
190.86,5.23945,44.801,0,85,65,44,2760,10501,5.12848,165,16.9831,0,0,5439,21206849319
836.893,1.1949,44.801,0,85,65,44,2760,10501,5.12848,165,16.9831,0,0,5439,21208044599
432.075,2.31441,44.801,0,85,65,44,2760,10501,5.12848,165,16.9831,0,0,5439,21210359225
438.238,2.28186,44.801,0,85,65,44,2760,10501,5.12848,165,16.9831,0,0,5439,21212641408
386.544,2.58703,44.801,0,85,65,44,2760,10501,5.12848,165,16.9831,0,0,5439,21215228755
395.217,2.53026,44.801,0,85,65,44,2760,10501,5.12848,165,16.9831,0,0,5439,21217759504
325.644,3.07083,44.801,0,85,65,44,2760,10501,5.12848,165,16.9831,0,0,5439,21220830530
409.519,2.44189,44.801,0,85,65,44,2760,10501,5.12848,165,16.9831,0,0,5439,21223272670
341.545,2.92787,44.801,0,85,65,44,2760,10501,5.12848,165,16.9831,0,0,5439,21226200952
392.65,2.5468,44.801,0,85,65,44,2760,10501,5.12848,165,16.9831,0,0,5439,21228748037
407.119,2.45628,44.801,0,85,65,44,2760,10501,5.12848,165,16.9831,0,0,5439,21231204736
293.336,3.40906,44.801,0,85,65,44,2760,10501,5.12848,165,16.9831,0,0,5439,21234614043
396.543,2.5218,44.801,0,85,65,44,2760,10501,5.12848,165,16.9831,0,0,5439,21237136185
437.548,2.28546,44.801,0,85,65,44,2760,10501,5.12848,165,16.9831,0,0,5439,21239421974
272.698,3.66706,44.801,0,85,65,44,2760,10501,5.12848,165,16.9831,0,0,5439,21243089386
613.856,1.62905,44.801,0,85,65,44,2760,10501,5.12848,165,16.9831,0,0,5439,21244718720
296.373,3.37412,44.801,0,85,65,44,2760,10501,5.12848,165,16.9831,0,0,5439,21248093180
444.236,2.25106,44.801,0,85,65,44,2760,10501,5.12848,165,16.9831,0,0,5439,21250344544
269.527,3.7102,44.801,0,85,65,44,2760,10501,5.12848,165,16.9831,0,0,5439,21254055207
464.789,2.15151,44.801,0,85,65,44,2760,10501,5.12848,165,16.9831,0,0,5439,21256207145
468.487,2.13453,44.801,0,85,65,44,2760,10501,5.12848,165,16.9831,0,0,5439,21258341948
271.169,3.68774,44.801,0,85,65,44,2760,10501,5.12848,165,16.9831,0,0,5439,21262029967
458.116,2.18285,44.801,0,85,65,44,2760,10501,5.12848,165,16.9831,0,0,5439,21264213194
482.732,2.07154,44.801,0,85,65,44,2760,10501,5.12848,165,16.9831,0,0,5439,21266285120
303.469,3.29523,44.801,0,85,65,44,2760,10501,5.12848,165,16.9831,0,0,5439,21269580577
483.228,2.06942,44.801,0,85,65,44,2760,10501,5.12848,165,16.9831,0,0,5439,21271650435
322.922,3.09672,44.801,0,85,65,44,2760,10501,5.12848,165,16.9831,0,0,5439,21274747366
260.504,3.83871,44.801,0,85,65,44,2760,10501,5.12848,165,16.9831,0,0,5439,21278586371
595.354,1.67967,44.801,0,85,65,44,2760,10501,5.12848,165,16.9831,0,0,5439,21280266350
392.059,2.55063,44.801,0,85,65,44,2760,10501,5.12848,165,16.9831,0,0,5439,21282817311
387.134,2.58309,44.801,0,85,65,44,2760,10501,5.12848,165,16.9831,0,0,5439,21285400696
272.136,3.67463,44.801,0,85,65,44,2760,10501,5.12848,165,16.9831,0,0,5439,21289075647
393.25,2.54291,44.801,0,85,65,44,2760,10501,5.12848,165,16.9831,0,0,5439,21291619127
556.846,1.79583,44.801,0,85,65,44,2760,10501,5.12848,165,16.9831,0,0,5439,21293415178
279.602,3.57651,44.801,0,85,65,44,2760,10501,5.12848,165,16.9831,0,0,5439,21296992049
626.225,1.59687,44.801,0,85,65,44,2760,10501,5.12848,165,16.9831,0,0,5439,21298589122
356.942,2.80157,44.801,0,85,65,44,2760,10501,5.12848,165,16.9831,0,0,5439,21301391062
271.602,3.68185,44.801,0,85,65,44,2760,10501,5.12848,165,16.9831,0,0,5439,21305073225
464.328,2.15365,44.801,0,85,65,44,2760,10501,5.12848,165,16.9831,0,0,5439,21307227153
265.498,3.76651,44.801,0,85,65,44,2760,10501,5.12848,165,16.9831,0,0,5439,21310994242
913.444,1.09476,44.801,0,85,65,44,2760,10501,5.12848,165,16.9831,0,0,5439,21312089211
267.408,3.73961,44.801,0,85,65,44,2760,10501,5.12848,165,16.9831,0,0,5439,21315829193
410.264,2.43746,44.801,0,85,65,44,2760,10501,5.12848,165,16.9831,0,0,5439,21318266919
472.205,2.11773,44.801,0,85,65,44,2760,10501,5.12848,165,16.9831,0,0,5439,21320384952
238.437,4.19398,44.801,0,85,65,44,2760,10501,5.12848,165,16.9831,0,0,5439,21324579305
1922.8,0.520075,44.801,0,85,65,44,2760,10501,5.12848,165,16.9831,0,0,5439,21325099457
335.647,2.97932,44.801,0,85,65,44,2760,10501,5.12848,165,16.9831,0,0,5439,21328079164
302.736,3.30321,44.801,0,85,65,44,2760,10501,5.12848,165,16.9831,0,0,5439,21331382669
523.282,1.91102,44.801,0,85,65,44,2760,10501,5.12848,165,16.9831,0,0,5439,21333293993
363.453,2.75139,44.801,0,85,65,44,2760,10501,5.12848,165,16.9831,0,0,5439,21336045663
265.173,3.77112,44.801,0,85,65,44,2760,10501,5.12848,165,16.9831,0,0,5439,21339817771
348.998,2.86535,44.801,0,85,65,44,2760,10501,5.12848,165,16.9831,0,0,5439,21342682771
423.361,2.36205,44.801,0,85,65,44,2760,10501,5.12848,165,16.9831,0,0,5439,21345045283
592.087,1.68894,44.801,0,85,65,44,2760,10501,5.12848,165,16.9831,0,0,5439,21346734446
307.76,3.24928,44.801,0,85,65,44,2760,10501,5.12848,165,16.9831,0,0,5439,21349984065
533.909,1.87298,44.801,0,85,65,44,2760,10501,5.12848,165,16.9831,0,0,5439,21351857340
273.76,3.65283,44.801,0,85,65,44,2760,10501,5.12848,165,16.9831,0,0,5439,21355510617
555.95,1.79872,44.801,0,85,65,44,2760,10501,5.12848,165,16.9831,0,0,5439,21357309677
333.898,2.99493,44.801,0,85,65,44,2760,10501,5.12848,165,16.9831,0,0,5439,21360304846
387.145,2.58301,44.801,0,85,65,44,2760,10501,5.12848,165,16.9831,0,0,5439,21362888202
378.38,2.64285,44.801,0,85,65,44,2760,10501,5.12848,165,16.9831,0,0,5439,21365531349
203.002,4.92607,44.801,0,85,65,44,2760,10501,5.12848,165,16.9831,0,0,5439,21370457842
610.573,1.6378,44.801,0,85,65,44,2760,10501,5.12848,165,16.9831,0,0,5439,21372095955
443.61,2.25423,44.801,0,85,65,44,2760,10501,5.12848,165,16.9831,0,0,5439,21374350502
363.773,2.74897,44.801,0,85,65,44,2760,10501,5.12848,165,16.9831,0,0,5439,21377099739
405.353,2.46699,44.801,0,85,65,44,2760,10501,5.12848,165,16.9831,0,0,5439,21379567043
364.905,2.74044,44.801,0,85,65,44,2760,10501,5.12848,165,16.9831,0,0,5439,21382307943
365.023,2.73955,44.801,0,85,65,44,2760,10501,5.12848,165,16.9831,0,0,5439,21385047699
366.128,2.73128,44.801,0,85,65,44,2760,10501,5.12848,165,16.9831,0,0,5439,21387779281
388.833,2.5718,44.801,0,85,65,44,2760,10501,5.12848,165,16.9831,0,0,5439,21390351406
330.605,3.02476,44.801,0,85,65,44,2760,10501,5.12848,165,16.9831,0,0,5439,21393376441
312.695,3.198,44.801,0,85,65,44,2760,10501,5.12848,165,16.9831,0,0,5439,21396574856
544.02,1.83817,44.801,0,85,65,44,2760,10501,5.12848,165,16.9831,0,0,5439,21398413303
402.883,2.48211,44.801,0,85,65,44,2760,10501,5.12848,165,16.9831,0,0,5439,21400895781
294.503,3.39556,44.801,0,85,65,44,2760,10501,5.12848,165,16.9831,0,0,5439,21404293357
501.776,1.99292,43.871,0,85,65,44,2760,10501,5.12848,165,16.9823,0,0,5442,21406284828
343.311,2.91281,43.871,0,85,65,44,2760,10501,5.12848,165,16.9823,0,0,5442,21409197964
392.654,2.54677,43.871,0,85,65,44,2760,10501,5.12848,165,16.9823,0,0,5442,21411745079
343.165,2.91405,43.871,0,85,65,44,2760,10501,5.12848,165,16.9823,0,0,5442,21414659379
417.692,2.39411,43.871,0,85,65,44,2760,10501,5.12848,165,16.9823,0,0,5442,21417053816
347.965,2.87386,43.871,0,85,65,44,2760,10501,5.12848,165,16.9823,0,0,5442,21419927913
316.127,3.16329,43.871,0,85,65,44,2760,10501,5.12848,165,16.9823,0,0,5442,21423091500
440.318,2.27109,43.871,0,85,65,44,2760,10501,5.12848,165,16.9823,0,0,5442,21425362903
440.171,2.27185,43.871,0,85,65,44,2760,10501,5.12848,165,16.9823,0,0,5442,21427634990
308.737,3.239,43.871,0,85,65,44,2760,10501,5.12848,165,16.9823,0,0,5442,21430874493
301.496,3.3168,43.871,0,85,65,44,2760,10501,5.12848,165,16.9823,0,0,5442,21434191701
228.123,4.38361,43.871,0,85,65,44,2760,10501,5.12848,165,16.9823,0,0,5442,21438575666
2224.29,0.449582,43.871,0,85,65,44,2760,10501,5.12848,165,16.9823,0,0,5442,21439025662
403.158,2.48042,43.871,0,85,65,44,2760,10501,5.12848,165,16.9823,0,0,5442,21441506236
367.33,2.72235,43.871,0,85,65,44,2760,10501,5.12848,165,16.9823,0,0,5442,21444229049
424.185,2.35746,43.871,0,85,65,44,2760,10501,5.12848,165,16.9823,0,0,5442,21446586772
194.48,5.1419,43.871,0,85,65,44,2760,10501,5.12848,165,16.9823,0,0,5442,21451729157
484.64,2.06339,43.871,0,85,65,44,2760,10501,5.12848,165,16.9823,0,0,5442,21453793083
293.168,3.41102,43.871,0,85,65,44,2760,10501,5.12848,165,16.9823,0,0,5442,21457204467
1150.82,0.868943,43.871,0,85,65,44,2760,10501,5.12848,165,16.9823,0,0,5442,21458073669
429.167,2.3301,43.871,0,85,65,44,2760,10501,5.12848,165,16.9823,0,0,5442,21460403998
393.092,2.54393,43.871,0,85,65,44,2760,10501,5.12848,165,16.9823,0,0,5442,21462948699
310.587,3.21971,43.871,0,85,65,44,2760,10501,5.12848,165,16.9823,0,0,5442,21466168682
411.546,2.42986,43.871,0,85,65,44,2760,10501,5.12848,165,16.9823,0,0,5442,21468598860
344.801,2.90022,43.871,0,85,65,44,2760,10501,5.12848,165,16.9823,0,0,5442,21471499391
415.722,2.40546,43.871,0,85,65,44,2760,10501,5.12848,165,16.9823,0,0,5442,21473905251
227.296,4.39955,43.871,0,85,65,44,2760,10501,5.12848,165,16.9823,0,0,5442,21478305264
485.629,2.05918,43.871,0,85,65,44,2760,10501,5.12848,165,16.9823,0,0,5442,21480364613
266.825,3.74777,43.871,0,85,65,44,2760,10501,5.12848,165,16.9823,0,0,5442,21484112681
701.295,1.42593,43.871,0,85,65,44,2760,10501,5.12848,165,16.9823,0,0,5442,21485538989
506.611,1.9739,43.871,0,85,65,44,2760,10501,5.12848,165,16.9823,0,0,5442,21487513209
431.308,2.31853,43.871,0,85,65,44,2760,10501,5.12848,165,16.9823,0,0,5442,21489832057
312.296,3.20209,43.871,0,85,65,44,2760,10501,5.12848,165,16.9823,0,0,5442,21493034453
317.934,3.14531,43.871,0,85,65,44,2760,10501,5.12848,165,16.9823,0,0,5442,21496180097
491.837,2.03319,43.871,0,85,65,44,2760,10501,5.12848,165,16.9823,0,0,5442,21498213579
290.344,3.44419,43.871,0,85,65,44,2760,10501,5.12848,165,16.9823,0,0,5442,21501658080
491.828,2.03323,43.871,0,85,65,44,2760,10501,5.12848,165,16.9823,0,0,5442,21503691639
424.583,2.35525,43.871,0,85,65,44,2760,10501,5.12848,165,16.9823,0,0,5442,21506047247
421.088,2.3748,43.871,0,85,65,44,2760,10501,5.12848,165,16.9823,0,0,5442,21508422395
336.931,2.96796,43.871,0,85,65,44,2760,10501,5.12848,165,16.9823,0,0,5442,21511390668
427.373,2.33988,43.871,0,85,65,44,2760,10501,5.12848,165,16.9823,0,0,5442,21513731093
346.009,2.8901,43.871,0,85,65,44,2760,10501,5.12848,165,16.9823,0,0,5442,21516621565
373.238,2.67925,43.871,0,85,65,44,2760,10501,5.12848,165,16.9823,0,0,5442,21519301184
281.371,3.55402,43.871,0,85,65,44,2760,10501,5.12848,165,16.9823,0,0,5442,21522855535
541.203,1.84774,43.871,0,85,65,44,2760,10501,5.12848,165,16.9823,0,0,5442,21524703578
176.861,5.65415,43.871,0,85,65,44,2760,10501,5.12848,165,16.9823,0,0,5442,21530358057
445.246,2.24595,43.871,0,85,65,44,2760,10501,5.12848,165,16.9823,0,0,5442,21532604363
519.585,1.92461,43.871,0,85,65,44,2760,10501,5.12848,165,16.9823,0,0,5442,21534529207
459.052,2.1784,43.871,0,85,65,44,2760,10501,5.12848,165,16.9823,0,0,5442,21536707925
355.364,2.81402,43.871,0,85,65,44,2760,10501,5.12848,165,16.9823,0,0,5442,21539522308
279.584,3.57675,43.871,0,85,65,44,2760,10501,5.12848,165,16.9823,0,0,5442,21543099361
552.128,1.81118,43.871,0,85,65,44,2760,10501,5.12848,165,16.9823,0,0,5442,21544910865
352.651,2.83566,43.871,0,85,65,44,2760,10501,5.12848,165,16.9823,0,0,5442,21547747008
387.837,2.5784,43.871,0,85,65,44,2760,10501,5.12848,165,16.9823,0,0,5442,21550325634
383.877,2.605,43.871,0,85,65,44,2760,10501,5.12848,165,16.9823,0,0,5442,21552930981
218.588,4.57481,43.871,0,85,65,44,2760,10501,5.12848,165,16.9823,0,0,5442,21557506270
405.372,2.46687,43.871,0,85,65,44,2760,10501,5.12848,165,16.9823,0,0,5442,21559973555
495.875,2.01664,43.871,0,85,65,44,2760,10501,5.12848,165,16.9823,0,0,5442,21561990354
582.937,1.71545,43.871,0,85,65,44,2760,10501,5.12848,165,16.9823,0,0,5442,21563706296
200.054,4.99865,43.871,0,85,65,44,2760,10501,5.12848,165,16.9823,0,0,5442,21568705282
1536.25,0.650935,43.871,0,85,65,44,2760,10501,5.12848,165,16.9823,0,0,5442,21569356573
380.797,2.62607,43.871,0,85,65,44,2760,10501,5.12848,165,16.9823,0,0,5442,21571983056
377.123,2.65166,43.871,0,85,65,44,2760,10501,5.12848,165,16.9823,0,0,5442,21574635039
258.651,3.86621,43.871,0,85,65,44,2760,10501,5.12848,165,16.9823,0,0,5442,21578501699
776.98,1.28703,43.871,0,85,65,44,2760,10501,5.12848,165,16.9823,0,0,5442,21579789127
203.735,4.90833,43.871,0,85,65,44,2760,10501,5.12848,165,16.9823,0,0,5442,21584697773
1105.45,0.904607,43.871,0,85,65,44,2760,10501,5.12848,165,16.9823,0,0,5442,21585602620
461.045,2.16899,43.871,0,85,65,44,2760,10501,5.12848,165,16.9823,0,0,5442,21587772021
332.372,3.00868,43.871,0,85,65,44,2760,10501,5.12848,165,16.9823,0,0,5442,21590781016
410.058,2.43868,43.871,0,85,65,44,2760,10501,5.12848,165,16.9823,0,0,5442,21593220108
363.741,2.74921,43.871,0,85,65,44,2760,10501,5.12848,165,16.9823,0,0,5442,21595969556
329.981,3.03048,43.871,0,85,65,44,2760,10501,5.12848,165,16.9823,0,0,5442,21599000360
455.677,2.19454,43.871,0,85,65,44,2760,10501,5.12848,165,16.9823,0,0,5442,21601195261
439.739,2.27408,43.871,0,85,65,44,2760,10501,5.12848,165,16.9823,0,0,5442,21603469607
286.268,3.49323,43.871,0,85,65,44,2760,10501,5.12848,165,16.9823,0,0,5442,21606963167
199.683,5.00794,43.871,0,85,65,44,2760,10501,5.12848,165,16.9823,0,0,5442,21611971451
1247.5,0.801604,43.871,0,85,65,44,2760,10501,5.12848,165,16.9823,0,0,5442,21612773353
363.223,2.75313,43.871,0,85,65,44,2760,10501,5.12848,165,16.9823,0,0,5442,21615526812
606.415,1.64904,43.871,0,85,65,44,2760,10501,5.12848,165,16.9823,0,0,5442,21617176069
339.518,2.94535,43.871,0,85,65,44,2760,10501,5.12848,165,16.9823,0,0,5442,21620121745
396.87,2.51972,43.871,0,85,65,44,2760,10501,5.12848,165,16.9823,0,0,5442,21622641811
369.642,2.70532,43.871,0,85,65,44,2760,10501,5.12848,165,16.9823,0,0,5442,21625347604
265.054,3.77282,43.871,0,85,65,44,2760,10501,5.12848,165,16.9823,0,0,5442,21629120597
614.175,1.6282,43.871,0,85,65,44,2760,10501,5.12848,165,16.9823,0,0,5442,21630749103
327.948,3.04927,43.871,0,85,65,44,2760,10501,5.12848,165,16.9823,0,0,5442,21633798735
235.753,4.24172,43.871,0,85,65,44,2760,10501,5.12848,165,16.9823,0,0,5442,21638041070
616.37,1.6224,43.871,0,85,65,44,2760,10501,5.12848,165,16.9823,0,0,5442,21639663596
380.368,2.62903,43.871,0,85,65,44,2760,10501,5.12848,165,16.9823,0,0,5442,21642293137
449.512,2.22463,43.871,0,85,65,44,2760,10501,5.12848,165,16.9823,0,0,5442,21644518144
348.034,2.87328,43.871,0,85,65,44,2760,10501,5.12848,165,16.9823,0,0,5442,21647391597
418.416,2.38997,43.871,0,85,65,44,2760,10501,5.12848,165,16.9823,0,0,5442,21649781899
407.42,2.45447,43.871,0,85,65,44,2760,10501,5.12848,165,16.9823,0,0,5442,21652236683
327.187,3.05635,43.871,0,85,65,44,2760,10501,5.12848,165,16.9823,0,0,5442,21655293575
306.588,3.26171,43.871,0,85,65,44,2760,10501,5.12848,165,16.9823,0,0,5442,21658555396
400.307,2.49808,43.871,0,85,65,44,2760,10501,5.12848,165,16.9823,0,0,5442,21661053913
248.004,4.03219,43.871,0,85,65,44,2760,10501,5.12848,165,16.9823,0,0,5442,21665086405
520.704,1.92048,43.871,0,85,65,44,2760,10501,5.12848,165,16.9823,0,0,5442,21667007258
477.12,2.09591,43.871,0,85,65,44,2760,10501,5.12848,165,16.9823,0,0,5442,21669103540
488.547,2.04689,43.871,0,85,65,44,2760,10501,5.12848,165,16.9823,0,0,5442,21671150936
341.047,2.93215,43.871,0,85,65,44,2760,10501,5.12848,165,16.9823,0,0,5442,21674083391
316.361,3.16094,43.871,0,85,65,44,2760,10501,5.12848,165,16.9823,0,0,5442,21677244738
423.965,2.35869,43.871,0,85,65,44,2760,10501,5.12848,165,16.9823,0,0,5442,21679603759
407.502,2.45398,43.871,0,85,65,44,2760,10501,5.12848,165,16.9823,0,0,5442,21682058044
390.329,2.56194,43.871,0,85,65,44,2760,10501,5.12848,165,16.9823,0,0,5442,21684620438
357.198,2.79957,43.871,0,85,65,44,2760,10501,5.12848,165,16.9823,0,0,5442,21687420186
172.762,5.7883,43.871,0,85,65,44,2760,10501,5.12848,165,16.9823,0,0,5442,21693209054
1410.43,0.709005,43.871,0,85,65,44,2760,10501,5.12848,165,16.9823,0,0,5442,21693918280
414.664,2.41159,43.871,0,85,65,44,2760,10501,5.12848,165,16.9823,0,0,5442,21696330160
366.822,2.72612,43.871,0,85,65,44,2760,10501,5.12848,165,16.9823,0,0,5442,21699056684
417.675,2.39421,43.871,0,85,65,44,2760,10501,5.12848,165,16.9823,0,0,5442,21701451371
281.678,3.55015,43.871,0,85,65,44,2760,10501,5.12848,165,16.9823,0,0,5442,21705001836
551.688,1.81262,43.871,0,85,65,44,2760,10501,5.12848,165,16.9823,0,0,5442,21706814936
349.588,2.86051,43.871,0,85,65,44,2760,10501,5.12848,165,16.9823,0,0,5442,21709675840
377.69,2.64768,43.871,0,85,65,44,2760,10501,5.12848,165,16.9823,0,0,5442,21712323939
342.821,2.91697,43.871,0,85,65,44,2760,10501,5.12848,165,16.9823,0,0,5442,21715241181
238.234,4.19756,43.871,0,85,65,44,2760,10501,5.12848,165,16.9823,0,0,5442,21719439207
611.704,1.63478,43.871,0,85,65,44,2760,10501,5.12848,165,16.9823,0,0,5442,21721074291
365.323,2.7373,43.871,0,85,65,44,2760,10501,5.12848,165,16.9823,0,0,5442,21723811980
470.681,2.12458,43.871,0,85,65,44,2760,10501,5.12848,165,16.9823,0,0,5442,21725936946
359.839,2.77902,43.871,0,85,65,44,2760,10501,5.12848,165,16.9823,0,0,5442,21728716337
376.271,2.65766,43.871,0,85,65,44,2760,10501,5.12848,165,16.9823,0,0,5442,21731374312
361.202,2.76854,43.871,0,85,65,44,2760,10501,5.12848,165,16.9823,0,0,5442,21734143174
407.938,2.45135,43.871,0,85,65,44,2760,10501,5.12848,165,16.9823,0,0,5442,21736594843
291.038,3.43598,43.871,0,85,65,44,2760,10501,5.12848,165,16.9823,0,0,5442,21740031286
488.875,2.04551,43.871,0,85,65,44,2760,10501,5.12848,165,16.9823,0,0,5442,21742077057
237.496,4.2106,43.871,0,85,65,44,2760,10501,5.12848,165,16.9823,0,0,5442,21746288208
660.027,1.51509,43.871,0,85,65,44,2760,10501,5.12848,165,16.9823,0,0,5442,21747803509
412.698,2.42308,43.871,0,85,65,44,2760,10501,5.12848,165,16.9823,0,0,5442,21750226908
375.923,2.66012,43.871,0,85,65,44,2760,10501,5.12848,165,16.9823,0,0,5442,21752887373
370.222,2.70108,43.871,0,85,65,44,2760,10501,5.12848,165,16.9823,0,0,5442,21755588781
349.224,2.86349,43.871,0,85,65,44,2760,10501,5.12848,165,16.9823,0,0,5442,21758452628
343.303,2.91288,43.871,0,85,65,44,2760,10501,5.12848,165,16.9823,0,0,5442,21761365899
383.291,2.60898,43.871,0,85,65,44,2760,10501,5.12848,165,16.9823,0,0,5442,21763975199
379.231,2.63692,43.871,0,85,65,44,2760,10501,5.12848,165,16.9823,0,0,5442,21766612422
391.997,2.55104,43.871,0,85,65,44,2760,10501,5.12848,165,16.9823,0,0,5442,21769163777
221.976,4.505,43.871,0,85,65,44,2760,10501,5.12848,165,16.9823,0,0,5442,21773669323
502.462,1.9902,43.871,0,85,65,44,2760,10501,5.12848,165,16.9823,0,0,5442,21775659660
522.866,1.91254,43.871,0,85,65,44,2760,10501,5.12848,165,16.9823,0,0,5442,21777572503
471.879,2.11919,43.871,0,85,65,44,2760,10501,5.12848,165,16.9823,0,0,5442,21779691978
267.067,3.74438,43.871,0,85,65,44,2760,10501,5.12848,165,16.9823,0,0,5442,21783436653
647.981,1.54325,43.871,0,85,65,44,2760,10501,5.12848,165,16.9823,0,0,5442,21784980205
373.273,2.679,43.871,0,85,65,44,2760,10501,5.12848,165,16.9823,0,0,5442,21787659526
371.371,2.69272,43.871,0,85,65,44,2760,10501,5.12848,165,16.9823,0,0,5442,21790352578
358.989,2.7856,43.871,0,85,65,44,2760,10501,5.12848,165,16.9823,0,0,5442,21793138643
322.833,3.09757,43.871,0,85,65,44,2760,10501,5.12848,165,16.9823,0,0,5442,21796236363
193.021,5.18078,43.871,0,85,65,44,2760,10501,5.12848,165,16.9823,0,0,5442,21801417816
299.313,3.34099,43.871,0,85,65,44,2760,10501,5.12848,165,16.9823,0,0,5442,21804759150
1590.89,0.628579,43.871,0,85,65,44,2760,10501,5.12848,165,16.9823,0,0,5442,21805388046
352.601,2.83607,43.871,0,85,65,44,2760,10501,5.12848,165,16.9823,0,0,5442,21808224382
701.802,1.4249,43.871,0,85,65,44,2760,10501,5.12848,165,16.9823,0,0,5442,21809649661
314.523,3.17941,43.871,0,85,65,44,2760,10501,5.12848,165,16.9823,0,0,5442,21812829335
493.485,2.02641,43.871,0,85,65,44,2760,10501,5.12848,165,16.9823,0,0,5442,21814856048
385.604,2.59334,43.871,0,85,65,44,2760,10501,5.12848,165,16.9823,0,0,5442,21817449722
276.113,3.62171,43.871,0,85,65,44,2760,10501,5.12848,165,16.9823,0,0,5442,21821071738
362.821,2.75618,43.871,0,85,65,44,2760,10501,5.12848,165,16.9823,0,0,5442,21823828129
256.134,3.9042,43.871,0,85,65,44,2760,10501,5.12848,165,16.9823,0,0,5442,21827732905
337.409,2.96376,43.871,0,85,65,44,2760,10501,5.12848,165,16.9823,0,0,5442,21830696899
414.33,2.41353,43.871,0,85,65,44,2760,10501,5.12848,165,16.9823,0,0,5442,21833110721
713.169,1.40219,43.871,0,85,65,44,2760,10501,5.12848,165,16.9823,0,0,5442,21834513393
536.402,1.86427,43.871,0,85,65,44,2760,10501,5.12848,165,16.9823,0,0,5442,21836377879
371.502,2.69177,43.871,0,85,65,44,2760,10501,5.12848,165,16.9823,0,0,5442,21839070085
380.386,2.62891,43.871,0,85,65,44,2760,10501,5.12848,165,16.9823,0,0,5442,21841699385
345.123,2.89752,43.871,0,85,65,44,2760,10501,5.12848,165,16.9823,0,0,5442,21844597156
395.906,2.52586,43.871,0,85,65,44,2760,10501,5.12848,165,16.9823,0,0,5442,21847123568
164.848,6.06618,43.871,0,85,65,44,2760,10501,5.12848,165,16.9823,0,0,5442,21853189859
365.141,2.73867,43.871,0,85,65,44,2760,10501,5.12848,165,16.9823,0,0,5442,21855928932
928.01,1.07757,43.871,0,85,65,44,2760,10501,5.12848,165,16.9823,0,0,5442,21857006843
536.333,1.86451,43.871,0,85,65,44,2760,10501,5.12848,165,16.9823,0,0,5442,21858871579
358.364,2.79046,43.871,0,85,65,44,2760,10501,5.12848,165,16.9823,0,0,5442,21861662269
288.809,3.4625,43.871,0,85,65,44,2760,10501,5.12848,165,16.9823,0,0,5442,21865125271
447.128,2.2365,43.871,0,85,65,44,2760,10501,5.12848,165,16.9823,0,0,5442,21867362096
287.605,3.47699,43.871,0,85,65,44,2760,10501,5.12848,165,16.9823,0,0,5442,21870839386
561.148,1.78206,43.871,0,85,65,44,2760,10501,5.12848,165,16.9823,0,0,5442,21872621793
315.216,3.17242,43.871,0,85,65,44,2760,10501,5.12848,165,16.9823,0,0,5442,21875794553
238.944,4.18507,43.871,0,85,65,44,2760,10501,5.12848,165,16.9823,0,0,5442,21879979964
386.03,2.59047,43.871,0,85,65,44,2760,10501,5.12848,165,16.9823,0,0,5442,21882570609
412.053,2.42687,43.871,0,85,65,44,2760,10501,5.12848,165,16.9823,0,0,5442,21884997988
563.557,1.77444,43.871,0,85,65,44,2760,10501,5.12848,165,16.9823,0,0,5442,21886772702
343.474,2.91143,43.871,0,85,65,44,2760,10501,5.12848,165,16.9823,0,0,5442,21889684425
366.778,2.72645,43.871,0,85,65,44,2760,10501,5.12848,165,16.9823,0,0,5442,21892411200
358.069,2.79276,43.871,0,85,65,44,2760,10501,5.12848,165,16.9823,0,0,5442,21895204255
361.021,2.76992,43.871,0,85,65,44,2760,10501,5.12848,165,16.9823,0,0,5442,21897974551
206.778,4.8361,43.871,0,85,65,44,2760,10501,5.12848,165,16.9823,0,0,5442,21902811041
2152.2,0.464641,43.871,0,85,65,44,2760,10501,5.12848,165,16.9823,0,0,5442,21903275979
427.282,2.34038,43.871,0,85,65,44,2760,10501,5.12848,165,16.9823,0,0,5442,21905618895
247.473,4.04085,44.7607,0,85,65,44,2760,10501,5.13004,165,16.9802,0,0,5430,21909657993
575.654,1.73715,44.7607,0,85,65,44,2760,10501,5.13004,165,16.9802,0,0,5430,21911395320
365.005,2.73969,44.7607,0,85,65,44,2760,10501,5.13004,165,16.9802,0,0,5430,21914135288
404.226,2.47386,44.7607,0,85,65,44,2760,10501,5.13004,165,16.9802,0,0,5430,21916609621
290.894,3.43768,44.7607,0,85,65,44,2760,10501,5.13004,165,16.9802,0,0,5430,21920047612
485.774,2.05857,44.7607,0,85,65,44,2760,10501,5.13004,165,16.9802,0,0,5430,21922106479
528.945,1.89055,44.7607,0,85,65,44,2760,10501,5.13004,165,16.9802,0,0,5430,21923997476
322.568,3.10012,44.7607,0,85,65,44,2760,10501,5.13004,165,16.9802,0,0,5430,21927097936
230.326,4.34166,44.7607,0,85,65,44,2760,10501,5.13004,165,16.9802,0,0,5430,21931439861
834.107,1.19889,44.7607,0,85,65,44,2760,10501,5.13004,165,16.9802,0,0,5430,21932639055
236.898,4.22122,44.7607,0,85,65,44,2760,10501,5.13004,165,16.9802,0,0,5430,21936860794
566.772,1.76438,44.7607,0,85,65,44,2760,10501,5.13004,165,16.9802,0,0,5430,21938625401
503.925,1.98442,44.7607,0,85,65,44,2760,10501,5.13004,165,16.9802,0,0,5430,21940610189
387.927,2.57781,44.7607,0,85,65,44,2760,10501,5.13004,165,16.9802,0,0,5430,21943188334
428.461,2.33394,44.7607,0,85,65,44,2760,10501,5.13004,165,16.9802,0,0,5430,21945522518
346.378,2.88702,44.7607,0,85,65,44,2760,10501,5.13004,165,16.9802,0,0,5430,21948409875
361.347,2.76742,44.7607,0,85,65,44,2760,10501,5.13004,165,16.9802,0,0,5430,21951177555
365.414,2.73662,44.7607,0,85,65,44,2760,10501,5.13004,165,16.9802,0,0,5430,21953914513
351.918,2.84157,44.7607,0,85,65,44,2760,10501,5.13004,165,16.9802,0,0,5430,21956756397
380.506,2.62808,44.7607,0,85,65,44,2760,10501,5.13004,165,16.9802,0,0,5430,21959384784
238.468,4.19344,44.7607,0,85,65,44,2760,10501,5.13004,165,16.9802,0,0,5430,21963578704
608.078,1.64453,44.7607,0,85,65,44,2760,10501,5.13004,165,16.9802,0,0,5430,21965223461
508.577,1.96627,44.7607,0,85,65,44,2760,10501,5.13004,165,16.9802,0,0,5430,21967190095
349.907,2.8579,44.7607,0,85,65,44,2760,10501,5.13004,165,16.9802,0,0,5430,21970048364
382.03,2.6176,44.7607,0,85,65,44,2760,10501,5.13004,165,16.9802,0,0,5430,21972666058
378.174,2.64428,44.7607,0,85,65,44,2760,10501,5.13004,165,16.9802,0,0,5430,21975310840
371.359,2.69281,44.7607,0,85,65,44,2760,10501,5.13004,165,16.9802,0,0,5430,21978003911
342.642,2.9185,44.7607,0,85,65,44,2760,10501,5.13004,165,16.9802,0,0,5430,21980922759
394.424,2.53535,44.7607,0,85,65,44,2760,10501,5.13004,165,16.9802,0,0,5430,21983458499
399.811,2.50118,44.7607,0,85,65,44,2760,10501,5.13004,165,16.9802,0,0,5430,21985959997
216.025,4.6291,44.7607,0,85,65,44,2760,10501,5.13004,165,16.9802,0,0,5430,21990589566
806.687,1.23964,44.7607,0,85,65,44,2760,10501,5.13004,165,16.9802,0,0,5430,21991829521
401.919,2.48806,44.7607,0,85,65,44,2760,10501,5.13004,165,16.9802,0,0,5430,21994317778
324.784,3.07897,44.7607,0,85,65,44,2760,10501,5.13004,165,16.9802,0,0,5430,21997397113
367.514,2.72099,44.7607,0,85,65,44,2760,10501,5.13004,165,16.9802,0,0,5430,22000118387
488.807,2.0458,44.7607,0,85,65,44,2760,10501,5.13004,165,16.9802,0,0,5430,22002164600
315.011,3.17449,44.7607,0,85,65,44,2760,10501,5.13004,165,16.9802,0,0,5430,22005339351
360.787,2.77172,44.7607,0,85,65,44,2760,10501,5.13004,165,16.9802,0,0,5430,22008111647
393.345,2.5423,44.7607,0,85,65,44,2760,10501,5.13004,165,16.9802,0,0,5430,22010653963
409.598,2.44142,44.7607,0,85,65,44,2760,10501,5.13004,165,16.9802,0,0,5430,22013095719
186.966,5.34857,44.7607,0,85,65,44,2760,10501,5.13004,165,16.9802,0,0,5430,22018444649
807.445,1.23847,44.7607,0,85,65,44,2760,10501,5.13004,165,16.9802,0,0,5430,22019683450
428.24,2.33514,44.7607,0,85,65,44,2760,10501,5.13004,165,16.9802,0,0,5430,22022018914
577.99,1.73013,44.7607,0,85,65,44,2760,10501,5.13004,165,16.9802,0,0,5430,22023749328
301.21,3.31995,44.7607,0,85,65,44,2760,10501,5.13004,165,16.9802,0,0,5430,22027069940
645.837,1.54838,44.7607,0,85,65,44,2760,10501,5.13004,165,16.9802,0,0,5430,22028618578
272.132,3.67469,44.7607,0,85,65,44,2760,10501,5.13004,165,16.9802,0,0,5430,22032293510
476.976,2.09654,44.7607,0,85,65,44,2760,10501,5.13004,165,16.9802,0,0,5430,22034390369
178.613,5.59871,44.7607,0,85,65,44,2760,10501,5.13004,165,16.9802,0,0,5430,22039989471
1472.45,0.679138,44.7607,0,85,65,44,2760,10501,5.13004,165,16.9802,0,0,5430,22040668975
267.545,3.73768,44.7607,0,85,65,44,2760,10501,5.13004,165,16.9802,0,0,5430,22044407043
382.106,2.61708,44.7607,0,85,65,44,2760,10501,5.13004,165,16.9802,0,0,5430,22047024391
525.277,1.90376,44.7607,0,85,65,44,2760,10501,5.13004,165,16.9802,0,0,5430,22048928417
457.373,2.1864,44.7607,0,85,65,44,2760,10501,5.13004,165,16.9802,0,0,5430,22051115086
399.482,2.50324,44.7607,0,85,65,44,2760,10501,5.13004,165,16.9802,0,0,5430,22053618796
375.032,2.66644,44.7607,0,85,65,44,2760,10501,5.13004,165,16.9802,0,0,5430,22056285636
360.195,2.77628,44.7607,0,85,65,44,2760,10501,5.13004,165,16.9802,0,0,5430,22059062191
343.347,2.9125,44.7607,0,85,65,44,2760,10501,5.13004,165,16.9802,0,0,5430,22061974933
386.611,2.58658,44.7607,0,85,65,44,2760,10501,5.13004,165,16.9802,0,0,5430,22064561924
328.637,3.04287,44.7607,0,85,65,44,2760,10501,5.13004,165,16.9802,0,0,5430,22067605200
197.379,5.06639,44.7607,0,85,65,44,2760,10501,5.13004,165,16.9802,0,0,5430,22072672130
1013.32,0.986851,44.7607,0,85,65,44,2760,10501,5.13004,165,16.9802,0,0,5430,22073659038
600.959,1.66401,44.7607,0,85,65,44,2760,10501,5.13004,165,16.9802,0,0,5430,22075323344
267.12,3.74364,44.7607,0,85,65,44,2760,10501,5.13004,165,16.9802,0,0,5430,22079067355
593.811,1.68404,44.7607,0,85,65,44,2760,10501,5.13004,165,16.9802,0,0,5430,22080751681
318.869,3.13609,44.7607,0,85,65,44,2760,10501,5.13004,165,16.9802,0,0,5430,22083887998
417.032,2.3979,44.7607,0,85,65,44,2760,10501,5.13004,165,16.9802,0,0,5430,22086286473
256.69,3.89576,44.7607,0,85,65,44,2760,10501,5.13004,165,16.9802,0,0,5430,22090182451
544.165,1.83768,44.7607,0,85,65,44,2760,10501,5.13004,165,16.9802,0,0,5430,22092020359
502.182,1.99131,44.7607,0,85,65,44,2760,10501,5.13004,165,16.9802,0,0,5430,22094011974
187.589,5.33081,44.7607,0,85,65,44,2760,10501,5.13004,165,16.9802,0,0,5430,22099343163
1333.7,0.749794,44.7607,0,85,65,44,2760,10501,5.13004,165,16.9802,0,0,5430,22100093266
619.477,1.61427,44.7607,0,85,65,44,2760,10501,5.13004,165,16.9802,0,0,5430,22101707849
316.394,3.16062,44.7607,0,85,65,44,2760,10501,5.13004,165,16.9802,0,0,5430,22104868802
218.514,4.57636,44.7607,0,85,65,44,2760,10501,5.13004,165,16.9802,0,0,5430,22109445475
1983.87,0.504065,44.7607,0,85,65,44,2760,10501,5.13004,165,16.9802,0,0,5430,22109949665
333.705,2.99666,44.7607,0,85,65,44,2760,10501,5.13004,165,16.9802,0,0,5430,22112947103
432.281,2.31331,44.7607,0,85,65,44,2760,10501,5.13004,165,16.9802,0,0,5430,22115260402
337.327,2.96448,44.7607,0,85,65,44,2760,10501,5.13004,165,16.9802,0,0,5430,22118225098
420.55,2.37784,44.7607,0,85,65,44,2760,10501,5.13004,165,16.9802,0,0,5430,22120603226
403.556,2.47797,44.7607,0,85,65,44,2760,10501,5.13004,165,16.9802,0,0,5430,22123081387
334.044,2.99362,44.7607,0,85,65,44,2760,10501,5.13004,165,16.9802,0,0,5430,22126075305
376.041,2.65928,44.7607,0,85,65,44,2760,10501,5.13004,165,16.9802,0,0,5430,22128734914
411.959,2.42743,44.7607,0,85,65,44,2760,10501,5.13004,165,16.9802,0,0,5430,22131162630
354.331,2.82222,44.7607,0,85,65,44,2760,10501,5.13004,165,16.9802,0,0,5430,22133985206
240.383,4.16003,44.7607,0,85,65,44,2760,10501,5.13004,165,16.9802,0,0,5430,22138145711
259.746,3.84991,44.7607,0,85,65,44,2760,10501,5.13004,165,16.9802,0,0,5430,22141996091
929.047,1.07637,44.7607,0,85,65,44,2760,10501,5.13004,165,16.9802,0,0,5430,22143072791
288.971,3.46056,44.7607,0,85,65,44,2760,10501,5.13004,165,16.9802,0,0,5430,22146533908
321.078,3.11451,44.7607,0,85,65,44,2760,10501,5.13004,165,16.9802,0,0,5430,22149648589
394.666,2.53379,44.7607,0,85,65,44,2760,10501,5.13004,165,16.9802,0,0,5430,22152182848
569.909,1.75467,44.7607,0,85,65,44,2760,10501,5.13004,165,16.9802,0,0,5430,22153937849
422.63,2.36614,44.7607,0,85,65,44,2760,10501,5.13004,165,16.9802,0,0,5430,22156304285
336.193,2.97448,44.7607,0,85,65,44,2760,10501,5.13004,165,16.9802,0,0,5430,22159279154
386.239,2.58907,44.7607,0,85,65,44,2760,10501,5.13004,165,16.9802,0,0,5430,22161868540
458.986,2.17872,44.7607,0,85,65,44,2760,10501,5.13004,165,16.9802,0,0,5430,22164047632
326.581,3.06203,44.7607,0,85,65,44,2760,10501,5.13004,165,16.9802,0,0,5430,22167109899
405.615,2.46539,44.7607,0,85,65,44,2760,10501,5.13004,165,16.9802,0,0,5430,22169575703
271.536,3.68275,44.7607,0,85,65,44,2760,10501,5.13004,165,16.9802,0,0,5430,22173258866
455.416,2.1958,44.7607,0,85,65,44,2760,10501,5.13004,165,16.9802,0,0,5430,22175454824
326.076,3.06677,44.7607,0,85,65,44,2760,10501,5.13004,165,16.9802,0,0,5430,22178522120
556.354,1.79742,44.7607,0,85,65,44,2760,10501,5.13004,165,16.9802,0,0,5430,22180319700
365.886,2.73309,44.7607,0,85,65,44,2760,10501,5.13004,165,16.9802,0,0,5430,22183053215
321.432,3.11108,44.7607,0,85,65,44,2760,10501,5.13004,165,16.9802,0,0,5430,22186164570
314.607,3.17857,44.7607,0,85,65,44,2760,10501,5.13004,165,16.9802,0,0,5430,22189343523
251.269,3.9798,44.7607,0,85,65,44,2760,10501,5.13004,165,16.9802,0,0,5430,22193323561
430.535,2.32269,44.7607,0,85,65,44,2760,10501,5.13004,165,16.9802,0,0,5430,22195646707
263.115,3.80062,44.7607,0,85,65,44,2760,10501,5.13004,165,16.9802,0,0,5430,22199447537
817.043,1.22393,44.7607,0,85,65,44,2760,10501,5.13004,165,16.9802,0,0,5430,22200671713
699.738,1.42911,44.7607,0,85,65,44,2760,10501,5.13004,165,16.9802,0,0,5430,22202101194
273.193,3.66041,44.7607,0,85,65,44,2760,10501,5.13004,165,16.9802,0,0,5430,22205761980
393.23,2.54304,44.7607,0,85,65,44,2760,10501,5.13004,165,16.9802,0,0,5430,22208305412
585.358,1.70835,44.7607,0,85,65,44,2760,10501,5.13004,165,16.9802,0,0,5430,22210014210
358.275,2.79115,44.7607,0,85,65,44,2760,10501,5.13004,165,16.9802,0,0,5430,22212805525
357.093,2.80039,44.7607,0,85,65,44,2760,10501,5.13004,165,16.9802,0,0,5430,22215606351
432.807,2.3105,44.7607,0,85,65,44,2760,10501,5.13004,165,16.9802,0,0,5430,22217926506
336.322,2.97334,44.7607,0,85,65,44,2760,10501,5.13004,165,16.9802,0,0,5430,22220891048
306.297,3.2648,44.7607,0,85,65,44,2760,10501,5.13004,165,16.9802,0,0,5430,22224156062
333.213,3.00108,44.7607,0,85,65,44,2760,10501,5.13004,165,16.9802,0,0,5430,22227157586
551.469,1.81334,44.7607,0,85,65,44,2760,10501,5.13004,165,16.9802,0,0,5430,22228971147
357.479,2.79736,44.7607,0,85,65,44,2760,10501,5.13004,165,16.9802,0,0,5430,22231768838
400.042,2.49974,44.7607,0,85,65,44,2760,10501,5.13004,165,16.9802,0,0,5430,22234268989
337.483,2.96311,44.7607,0,85,65,44,2760,10501,5.13004,165,16.9802,0,0,5430,22237232435
397.071,2.51844,44.7607,0,85,65,44,2760,10501,5.13004,165,16.9802,0,0,5430,22239751222
290.868,3.43799,44.7607,0,85,65,44,2760,10501,5.13004,165,16.9802,0,0,5430,22243189482
263.528,3.79466,44.7607,0,85,65,44,2760,10501,5.13004,165,16.9802,0,0,5430,22246984610
2276.83,0.439207,44.7607,0,85,65,44,2760,10501,5.13004,165,16.9802,0,0,5430,22247424096
344.17,2.90554,44.7607,0,85,65,44,2760,10501,5.13004,165,16.9802,0,0,5430,22250329934
198.618,5.03479,44.7607,0,85,65,44,2760,10501,5.13004,165,16.9802,0,0,5430,22255365171
1862.33,0.536961,44.7607,0,85,65,44,2760,10501,5.13004,165,16.9802,0,0,5430,22255902410
192.875,5.18471,44.7607,0,85,65,44,2760,10501,5.13004,165,16.9802,0,0,5430,22261087470
523.045,1.91188,44.7607,0,85,65,44,2760,10501,5.13004,165,16.9802,0,0,5430,22262999861
597.464,1.67374,44.7607,0,85,65,44,2760,10501,5.13004,165,16.9802,0,0,5430,22264673860
429.384,2.32892,44.7607,0,85,65,44,2760,10501,5.13004,165,16.9802,0,0,5430,22267002996
428.714,2.33256,44.7607,0,85,65,44,2760,10501,5.13004,165,16.9802,0,0,5430,22269336007
192.045,5.20711,44.7607,0,85,65,44,2760,10501,5.13004,165,16.9802,0,0,5430,22274543414
631.392,1.5838,44.7607,0,85,65,44,2760,10501,5.13004,165,16.9802,0,0,5430,22276127342
624.87,1.60033,44.7607,0,85,65,44,2760,10501,5.13004,165,16.9802,0,0,5430,22277728040
351.18,2.84754,44.7607,0,85,65,44,2760,10501,5.13004,165,16.9802,0,0,5430,22280575963
404.815,2.47027,44.7607,0,85,65,44,2760,10501,5.13004,165,16.9802,0,0,5430,22283046546
180.4,5.54322,44.7607,0,85,65,44,2760,10501,5.13004,165,16.9802,0,0,5430,22288590214
1045.07,0.956878,44.7607,0,85,65,44,2760,10501,5.13004,165,16.9802,0,0,5430,22289547381
427.925,2.33686,44.7607,0,85,65,44,2760,10501,5.13004,165,16.9802,0,0,5430,22291884575
304.053,3.2889,44.7607,0,85,65,44,2760,10501,5.13004,165,16.9802,0,0,5430,22295173695
259.744,3.84995,44.7607,0,85,65,44,2760,10501,5.13004,165,16.9802,0,0,5430,22299024190
927.744,1.07788,44.7607,0,85,65,44,2760,10501,5.13004,165,16.9802,0,0,5430,22300102361
442.634,2.2592,44.7607,0,85,65,44,2760,10501,5.13004,165,16.9802,0,0,5430,22302361976
394.125,2.53727,44.7607,0,85,65,44,2760,10501,5.13004,165,16.9802,0,0,5430,22304899638
324.77,3.0791,44.7607,0,85,65,44,2760,10501,5.13004,165,16.9802,0,0,5430,22307979050
363.387,2.75189,44.7607,0,85,65,44,2760,10501,5.13004,165,16.9802,0,0,5430,22310731277
294.863,3.3914,44.7607,0,85,65,44,2760,10501,5.13004,165,16.9802,0,0,5430,22314122988
592.66,1.68731,44.7607,0,85,65,44,2760,10501,5.13004,165,16.9802,0,0,5430,22315810602
389.669,2.56628,44.7607,0,85,65,44,2760,10501,5.13004,165,16.9802,0,0,5430,22318377227
355.142,2.81578,44.7607,0,85,65,44,2760,10501,5.13004,165,16.9802,0,0,5430,22321193313
318.45,3.14021,44.7607,0,85,65,44,2760,10501,5.13004,165,16.9802,0,0,5430,22324333918
474.729,2.10647,44.7607,0,85,65,44,2760,10501,5.13004,165,16.9802,0,0,5430,22326440634
352.998,2.83287,44.7607,0,85,65,44,2760,10501,5.13004,165,16.9802,0,0,5430,22329273969
445.83,2.24301,44.7607,0,85,65,44,2760,10501,5.13004,165,16.9802,0,0,5430,22331517391
250.256,3.9959,44.7607,0,85,65,44,2760,10501,5.13004,165,16.9802,0,0,5430,22335513699
564.407,1.77177,44.7607,0,85,65,44,2760,10501,5.13004,165,16.9802,0,0,5430,22337285595
278.36,3.59247,44.7607,0,85,65,44,2760,10501,5.13004,165,16.9802,0,0,5430,22340878428
580.373,1.72303,44.7607,0,85,65,44,2760,10501,5.13004,165,16.9802,0,0,5430,22342601659
367.099,2.72406,44.7607,0,85,65,44,2760,10501,5.13004,165,16.9802,0,0,5430,22345326097
247.699,4.03716,44.7607,0,85,65,44,2760,10501,5.13004,165,16.9802,0,0,5430,22349363752
577.649,1.73116,44.7607,0,85,65,44,2760,10501,5.13004,165,16.9802,0,0,5430,22351095080
389.548,2.56708,44.7607,0,85,65,44,2760,10501,5.13004,165,16.9802,0,0,5430,22353662464
284.952,3.50936,44.7607,0,85,65,44,2760,10501,5.13004,165,16.9802,0,0,5430,22357172150
650.576,1.5371,44.7607,0,85,65,44,2760,10501,5.13004,165,16.9802,0,0,5430,22358709317
364.329,2.74478,44.7607,0,85,65,44,2760,10501,5.13004,165,16.9802,0,0,5430,22361454602
268.553,3.72366,44.7607,0,85,65,44,2760,10501,5.13004,165,16.9802,0,0,5430,22365178526
239.889,4.1686,44.7607,0,85,65,44,2760,10501,5.13004,165,16.9802,0,0,5430,22369347454
575.345,1.73809,44.7607,0,85,65,44,2760,10501,5.13004,165,16.9802,0,0,5430,22371086013
606.277,1.64941,44.7607,0,85,65,44,2760,10501,5.13004,165,16.9802,0,0,5430,22372735626
400.697,2.49565,44.7607,0,85,65,44,2760,10501,5.13004,165,16.9802,0,0,5430,22375231614
358.264,2.79124,44.7607,0,85,65,44,2760,10501,5.13004,165,16.9802,0,0,5430,22378023189
322.585,3.09996,44.7607,0,85,65,44,2760,10501,5.13004,165,16.9802,0,0,5430,22381123447
346.568,2.88543,44.7607,0,85,65,44,2760,10501,5.13004,165,16.9802,0,0,5430,22384009410
485.393,2.06018,44.7607,0,85,65,44,2760,10501,5.13004,165,16.9802,0,0,5430,22386069691
377.307,2.65036,44.7607,0,85,65,44,2760,10501,5.13004,165,16.9802,0,0,5430,22388720377
359.878,2.77872,44.7607,0,85,65,44,2760,10501,5.13004,165,16.9802,0,0,5430,22391499422
218.909,4.56812,44.7607,0,85,65,44,2760,10501,5.13004,165,16.9802,0,0,5430,22396067874
776.453,1.28791,44.7607,0,85,65,44,2760,10501,5.13004,165,16.9802,0,0,5430,22397356062
356.651,2.80386,44.7607,0,85,65,44,2760,10501,5.13004,165,16.9802,0,0,5430,22400160252
265.117,3.77193,44.7607,0,85,65,44,2760,10501,5.13004,165,16.9802,0,0,5430,22403932630
719.879,1.38912,44.7607,0,85,65,44,2760,10501,5.13004,165,16.9802,0,0,5430,22405321984
502.593,1.98968,44.7607,0,85,65,44,2760,10501,5.13004,165,16.9802,0,0,5430,22407313840
339.787,2.94302,44.898,0,86,65,44,2760,10501,5.13278,165,16.9809,0,0,5443,22410255343
344.976,2.89875,44.898,0,86,65,44,2760,10501,5.13278,165,16.9809,0,0,5443,22413154527
262.957,3.8029,44.898,0,86,65,44,2760,10501,5.13278,165,16.9809,0,0,5443,22416957963
1138.03,0.878712,44.898,0,86,65,44,2760,10501,5.13278,165,16.9809,0,0,5443,22417836925
196.345,5.09307,44.898,0,86,65,44,2760,10501,5.13278,165,16.9809,0,0,5443,22422930318
657.968,1.51983,44.898,0,86,65,44,2760,10501,5.13278,165,16.9809,0,0,5443,22424450542
335.112,2.98408,44.898,0,86,65,44,2760,10501,5.13278,165,16.9809,0,0,5443,22427435133
809.034,1.23604,44.898,0,86,65,44,2760,10501,5.13278,165,16.9809,0,0,5443,22428671511
325.029,3.07665,44.898,0,86,65,44,2760,10501,5.13278,165,16.9809,0,0,5443,22431748519
190.827,5.24036,44.898,0,86,65,44,2760,10501,5.13278,165,16.9809,0,0,5443,22436989109
354.189,2.82335,44.898,0,86,65,44,2760,10501,5.13278,165,16.9809,0,0,5443,22439812983
500.611,1.99756,44.898,0,86,65,44,2760,10501,5.13278,165,16.9809,0,0,5443,22441810771
444.39,2.25028,44.898,0,86,65,44,2760,10501,5.13278,165,16.9809,0,0,5443,22444061568
481.385,2.07734,44.898,0,86,65,44,2760,10501,5.13278,165,16.9809,0,0,5443,22446139100
301.797,3.31349,44.898,0,86,65,44,2760,10501,5.13278,165,16.9809,0,0,5443,22449452923
548.641,1.82269,44.898,0,86,65,44,2760,10501,5.13278,165,16.9809,0,0,5443,22451276062
406.632,2.45923,44.898,0,86,65,44,2760,10501,5.13278,165,16.9809,0,0,5443,22453735452
304.533,3.28372,44.898,0,86,65,44,2760,10501,5.13278,165,16.9809,0,0,5443,22457019592
416.449,2.40125,44.898,0,86,65,44,2760,10501,5.13278,165,16.9809,0,0,5443,22459421163
392.317,2.54896,44.898,0,86,65,44,2760,10501,5.13278,165,16.9809,0,0,5443,22461970547
407.981,2.45109,44.898,0,86,65,44,2760,10501,5.13278,165,16.9809,0,0,5443,22464421860
330.63,3.02452,44.898,0,86,65,44,2760,10501,5.13278,165,16.9809,0,0,5443,22467446664
352.513,2.83678,44.898,0,86,65,44,2760,10501,5.13278,165,16.9809,0,0,5443,22470283817
399.873,2.5008,44.898,0,86,65,44,2760,10501,5.13278,165,16.9809,0,0,5443,22472784911
199.283,5.018,44.898,0,86,65,44,2760,10501,5.13278,165,16.9809,0,0,5443,22477803369
1807.75,0.553173,44.898,0,86,65,44,2760,10501,5.13278,165,16.9809,0,0,5443,22478357032
414.5,2.41254,44.898,0,86,65,44,2760,10501,5.13278,165,16.9809,0,0,5443,22480769825
408.199,2.44978,44.898,0,86,65,44,2760,10501,5.13278,165,16.9809,0,0,5443,22483219850
330.204,3.02843,44.898,0,86,65,44,2760,10501,5.13278,165,16.9809,0,0,5443,22486248923
376.99,2.65259,44.898,0,86,65,44,2760,10501,5.13278,165,16.9809,0,0,5443,22488901579
401.953,2.48785,44.898,0,86,65,44,2760,10501,5.13278,165,16.9809,0,0,5443,22491389740
287.964,3.47266,44.898,0,86,65,44,2760,10501,5.13278,165,16.9809,0,0,5443,22494862780
470.915,2.12352,44.898,0,86,65,44,2760,10501,5.13278,165,16.9809,0,0,5443,22496986688
317.822,3.14641,44.898,0,86,65,44,2760,10501,5.13278,165,16.9809,0,0,5443,22500133343
218.661,4.57328,44.898,0,86,65,44,2760,10501,5.13278,165,16.9809,0,0,5443,22504706987
1308.63,0.76416,44.898,0,86,65,44,2760,10501,5.13278,165,16.9809,0,0,5443,22505471474
449.053,2.22691,44.898,0,86,65,44,2760,10501,5.13278,165,16.9809,0,0,5443,22507698694
360.832,2.77137,44.898,0,86,65,44,2760,10501,5.13278,165,16.9809,0,0,5443,22510470479
365.065,2.73924,44.898,0,86,65,44,2760,10501,5.13278,165,16.9809,0,0,5443,22513209985
322.78,3.09808,44.898,0,86,65,44,2760,10501,5.13278,165,16.9809,0,0,5443,22516308416
485.493,2.05976,44.898,0,86,65,44,2760,10501,5.13278,165,16.9809,0,0,5443,22518368524
356.348,2.80625,44.898,0,86,65,44,2760,10501,5.13278,165,16.9809,0,0,5443,22521175119
303.062,3.29966,44.898,0,86,65,44,2760,10501,5.13278,165,16.9809,0,0,5443,22524475105
516.204,1.93722,44.898,0,86,65,44,2760,10501,5.13278,165,16.9809,0,0,5443,22526412642
187.347,5.33769,44.898,0,86,65,44,2760,10501,5.13278,165,16.9809,0,0,5443,22531750841
775.283,1.28985,44.898,0,86,65,44,2760,10501,5.13278,165,16.9809,0,0,5443,22533041019
597.256,1.67432,44.898,0,86,65,44,2760,10501,5.13278,165,16.9809,0,0,5443,22534715575
388.381,2.57479,44.898,0,86,65,44,2760,10501,5.13278,165,16.9809,0,0,5443,22537290720
347.647,2.87648,44.898,0,86,65,44,2760,10501,5.13278,165,16.9809,0,0,5443,22540167480
406.227,2.46168,44.898,0,86,65,44,2760,10501,5.13278,165,16.9809,0,0,5443,22542629621
428.717,2.33254,44.898,0,86,65,44,2760,10501,5.13278,165,16.9809,0,0,5443,22544962449
313.359,3.19123,44.898,0,86,65,44,2760,10501,5.13278,165,16.9809,0,0,5443,22548153980
461.411,2.16727,44.898,0,86,65,44,2760,10501,5.13278,165,16.9809,0,0,5443,22550321765
294.51,3.39547,44.898,0,86,65,44,2760,10501,5.13278,165,16.9809,0,0,5443,22553717485
223.381,4.47665,44.898,0,86,65,44,2760,10501,5.13278,165,16.9809,0,0,5443,22558194703
585.609,1.70762,44.898,0,86,65,44,2760,10501,5.13278,165,16.9809,0,0,5443,22559902587
292.788,3.41544,44.898,0,86,65,44,2760,10501,5.13278,165,16.9809,0,0,5443,22563318366
1334.66,0.749256,44.898,0,86,65,44,2760,10501,5.13278,165,16.9809,0,0,5443,22564067987
392.268,2.54928,44.898,0,86,65,44,2760,10501,5.13278,165,16.9809,0,0,5443,22566617544
353.61,2.82797,44.898,0,86,65,44,2760,10501,5.13278,165,16.9809,0,0,5443,22569445842
379.933,2.63204,44.898,0,86,65,44,2760,10501,5.13278,165,16.9809,0,0,5443,22572078209
415.091,2.40911,44.898,0,86,65,44,2760,10501,5.13278,165,16.9809,0,0,5443,22574487637
385.339,2.59512,44.898,0,86,65,44,2760,10501,5.13278,165,16.9809,0,0,5443,22577083147
308.276,3.24385,44.898,0,86,65,44,2760,10501,5.13278,165,16.9809,0,0,5443,22580327343
245.239,4.07766,44.898,0,86,65,44,2760,10501,5.13278,165,16.9809,0,0,5443,22584405327
683.527,1.463,44.898,0,86,65,44,2760,10501,5.13278,165,16.9809,0,0,5443,22585868655
396.753,2.52046,44.898,0,86,65,44,2760,10501,5.13278,165,16.9809,0,0,5443,22588389413
345.406,2.89515,44.898,0,86,65,44,2760,10501,5.13278,165,16.9809,0,0,5443,22591284905
402.25,2.48602,44.898,0,86,65,44,2760,10501,5.13278,165,16.9809,0,0,5443,22593771229
393.406,2.5419,44.898,0,86,65,44,2760,10501,5.13278,165,16.9809,0,0,5443,22596313459
265.464,3.76698,44.898,0,86,65,44,2760,10501,5.13278,165,16.9809,0,0,5443,22600080903
535.091,1.86884,44.898,0,86,65,44,2760,10501,5.13278,165,16.9809,0,0,5443,22601949976
451.876,2.213,44.898,0,86,65,44,2760,10501,5.13278,165,16.9809,0,0,5443,22604163271
301.927,3.31205,44.898,0,86,65,44,2760,10501,5.13278,165,16.9809,0,0,5443,22607475614
234.842,4.25819,44.898,0,86,65,44,2760,10501,5.13278,165,16.9809,0,0,5443,22611734142
691.636,1.44585,44.898,0,86,65,44,2760,10501,5.13278,165,16.9809,0,0,5443,22613180200
594.181,1.68299,44.898,0,86,65,44,2760,10501,5.13278,165,16.9809,0,0,5443,22614863593
376.515,2.65594,44.898,0,86,65,44,2760,10501,5.13278,165,16.9809,0,0,5443,22617519818
335.93,2.97681,44.898,0,86,65,44,2760,10501,5.13278,165,16.9809,0,0,5443,22620496870
394.177,2.53693,44.898,0,86,65,44,2760,10501,5.13278,165,16.9809,0,0,5443,22623034186
321.356,3.11182,44.898,0,86,65,44,2760,10501,5.13278,165,16.9809,0,0,5443,22626146406
341.913,2.92472,44.898,0,86,65,44,2760,10501,5.13278,165,16.9809,0,0,5443,22629071322
512.745,1.95029,44.898,0,86,65,44,2760,10501,5.13278,165,16.9809,0,0,5443,22631021936
356.386,2.80595,44.898,0,86,65,44,2760,10501,5.13278,165,16.9809,0,0,5443,22633828223
258.755,3.86466,44.898,0,86,65,44,2760,10501,5.13278,165,16.9809,0,0,5443,22637693209
488.476,2.04718,44.898,0,86,65,44,2760,10501,5.13278,165,16.9809,0,0,5443,22639740691
299.912,3.33431,44.898,0,86,65,44,2760,10501,5.13278,165,16.9809,0,0,5443,22643075390
531.223,1.88245,44.898,0,86,65,44,2760,10501,5.13278,165,16.9809,0,0,5443,22644958088
384.014,2.60407,44.898,0,86,65,44,2760,10501,5.13278,165,16.9809,0,0,5443,22647562666
323.134,3.09469,44.898,0,86,65,44,2760,10501,5.13278,165,16.9809,0,0,5443,22650657530
448.94,2.22747,44.898,0,86,65,44,2760,10501,5.13278,165,16.9809,0,0,5443,22652885298
307.065,3.25664,44.898,0,86,65,44,2760,10501,5.13278,165,16.9809,0,0,5443,22656142321
345.995,2.89021,44.898,0,86,65,44,2760,10501,5.13278,165,16.9809,0,0,5443,22659032707
494.774,2.02113,44.898,0,86,65,44,2760,10501,5.13278,165,16.9809,0,0,5443,22661054265
304.778,3.28107,44.898,0,86,65,44,2760,10501,5.13278,165,16.9809,0,0,5443,22664335645
372.599,2.68385,44.898,0,86,65,44,2760,10501,5.13278,165,16.9809,0,0,5443,22667019736
552.23,1.81084,44.898,0,86,65,44,2760,10501,5.13278,165,16.9809,0,0,5443,22668830950
298.314,3.35217,44.898,0,86,65,44,2760,10501,5.13278,165,16.9809,0,0,5443,22672183429
462.752,2.16099,44.898,0,86,65,44,2760,10501,5.13278,165,16.9809,0,0,5443,22674344723
210.863,4.74242,44.898,0,86,65,44,2760,10501,5.13278,165,16.9809,0,0,5443,22679087613
1524.29,0.656041,44.898,0,86,65,44,2760,10501,5.13278,165,16.9809,0,0,5443,22679743876
288.551,3.46559,44.898,0,86,65,44,2760,10501,5.13278,165,16.9809,0,0,5443,22683209762
334.939,2.98562,44.898,0,86,65,44,2760,10501,5.13278,165,16.9809,0,0,5443,22686195709
521.66,1.91696,44.898,0,86,65,44,2760,10501,5.13278,165,16.9809,0,0,5443,22688112956
573.344,1.74416,44.898,0,86,65,44,2760,10501,5.13278,165,16.9809,0,0,5443,22689857476
283.377,3.52887,44.898,0,86,65,44,2760,10501,5.13278,165,16.9809,0,0,5443,22693386663
429.353,2.32909,44.898,0,86,65,44,2760,10501,5.13278,165,16.9809,0,0,5443,22695716078
414.705,2.41135,44.898,0,86,65,44,2760,10501,5.13278,165,16.9809,0,0,5443,22698127784
398.135,2.51171,44.898,0,86,65,44,2760,10501,5.13278,165,16.9809,0,0,5443,22700639801
309.411,3.23195,44.898,0,86,65,44,2760,10501,5.13278,165,16.9809,0,0,5443,22703872093
408.513,2.4479,44.898,0,86,65,44,2760,10501,5.13278,165,16.9809,0,0,5443,22706320387
212.057,4.71572,44.898,0,86,65,44,2760,10501,5.13278,165,16.9809,0,0,5443,22711036700
1137.01,0.879501,44.898,0,86,65,44,2760,10501,5.13278,165,16.9809,0,0,5443,22711916374
473.271,2.11296,44.898,0,86,65,44,2760,10501,5.13278,165,16.9809,0,0,5443,22714029627
242.02,4.13189,44.898,0,86,65,44,2760,10501,5.13278,165,16.9809,0,0,5443,22718161863
400.973,2.49393,44.898,0,86,65,44,2760,10501,5.13278,165,16.9809,0,0,5443,22720656197
476.493,2.09867,44.898,0,86,65,44,2760,10501,5.13278,165,16.9809,0,0,5443,22722755191
275.903,3.62446,44.898,0,86,65,44,2760,10501,5.13278,165,16.9809,0,0,5443,22726379938
590.132,1.69454,44.898,0,86,65,44,2760,10501,5.13278,165,16.9809,0,0,5443,22728074870
386.988,2.58406,44.898,0,86,65,44,2760,10501,5.13278,165,16.9809,0,0,5443,22730659169
326.72,3.06073,44.898,0,86,65,44,2760,10501,5.13278,165,16.9809,0,0,5443,22733720195
446.029,2.24201,44.898,0,86,65,44,2760,10501,5.13278,165,16.9809,0,0,5443,22735962655
342.908,2.91623,44.898,0,86,65,44,2760,10501,5.13278,165,16.9809,0,0,5443,22738879148
365.104,2.73895,44.898,0,86,65,44,2760,10501,5.13278,165,16.9809,0,0,5443,22741618567
261.411,3.82539,44.898,0,86,65,44,2760,10501,5.13278,165,16.9809,0,0,5443,22745444359
280.571,3.56416,44.898,0,86,65,44,2760,10501,5.13278,165,16.9809,0,0,5443,22749008662
1912.37,0.522912,44.898,0,86,65,44,2760,10501,5.13278,165,16.9809,0,0,5443,22749531901
396.111,2.52455,44.898,0,86,65,44,2760,10501,5.13278,165,16.9809,0,0,5443,22752056755
383.432,2.60802,44.898,0,86,65,44,2760,10501,5.13278,165,16.9809,0,0,5443,22754665064
367.72,2.71946,44.898,0,86,65,44,2760,10501,5.13278,165,16.9809,0,0,5443,22757384800
333.929,2.99465,44.898,0,86,65,44,2760,10501,5.13278,165,16.9809,0,0,5443,22760379776
383.605,2.60685,44.898,0,86,65,44,2760,10501,5.13278,165,16.9809,0,0,5443,22762986941
302.619,3.30449,44.898,0,86,65,44,2760,10501,5.13278,165,16.9809,0,0,5443,22766291725
496.764,2.01303,44.898,0,86,65,44,2760,10501,5.13278,165,16.9809,0,0,5443,22768305216
398.176,2.51145,44.898,0,86,65,44,2760,10501,5.13278,165,16.9809,0,0,5443,22770816878
162.147,6.16724,44.898,0,86,65,44,2760,10501,5.13278,165,16.9809,0,0,5443,22776984614
1825.01,0.547941,44.898,0,86,65,44,2760,10501,5.13278,165,16.9809,0,0,5443,22777532873
534.033,1.87254,44.898,0,86,65,44,2760,10501,5.13278,165,16.9809,0,0,5443,22779405677
376.157,2.65846,44.898,0,86,65,44,2760,10501,5.13278,165,16.9809,0,0,5443,22782064526
332.64,3.00625,44.898,0,86,65,44,2760,10501,5.13278,165,16.9809,0,0,5443,22785071050
384.271,2.60233,44.898,0,86,65,44,2760,10501,5.13278,165,16.9809,0,0,5443,22787673667
384.026,2.60399,44.898,0,86,65,44,2760,10501,5.13278,165,16.9809,0,0,5443,22790278081
347.84,2.87489,44.898,0,86,65,44,2760,10501,5.13278,165,16.9809,0,0,5443,22793153198
392.889,2.54525,44.898,0,86,65,44,2760,10501,5.13278,165,16.9809,0,0,5443,22795698755
377.67,2.64781,44.898,0,86,65,44,2760,10501,5.13278,165,16.9809,0,0,5443,22798346776
221.495,4.51477,44.898,0,86,65,44,2760,10501,5.13278,165,16.9809,0,0,5443,22802861900
897.093,1.11471,44.898,0,86,65,44,2760,10501,5.13278,165,16.9809,0,0,5443,22803977034
426.516,2.34458,44.898,0,86,65,44,2760,10501,5.13278,165,16.9809,0,0,5443,22806321863
346.93,2.88242,44.898,0,86,65,44,2760,10501,5.13278,165,16.9809,0,0,5443,22809204815
349.72,2.85943,44.898,0,86,65,44,2760,10501,5.13278,165,16.9809,0,0,5443,22812064421
435.033,2.29867,44.898,0,86,65,44,2760,10501,5.13278,165,16.9809,0,0,5443,22814363412
328.107,3.04779,44.898,0,86,65,44,2760,10501,5.13278,165,16.9809,0,0,5443,22817411534
428.682,2.33273,44.898,0,86,65,44,2760,10501,5.13278,165,16.9809,0,0,5443,22819744680
292.847,3.41475,44.898,0,86,65,44,2760,10501,5.13278,165,16.9809,0,0,5443,22823159651
365.241,2.73792,44.898,0,86,65,44,2760,10501,5.13278,165,16.9809,0,0,5443,22825897801
290.425,3.44323,44.898,0,86,65,44,2760,10501,5.13278,165,16.9809,0,0,5443,22829341571
555.673,1.79962,44.898,0,86,65,44,2760,10501,5.13278,165,16.9809,0,0,5443,22831141372
453.905,2.2031,44.898,0,86,65,44,2760,10501,5.13278,165,16.9809,0,0,5443,22833344764
204.445,4.89128,44.898,0,86,65,44,2760,10501,5.13278,165,16.9809,0,0,5443,22838236563
1697.07,0.589251,44.898,0,86,65,44,2760,10501,5.13278,165,16.9809,0,0,5443,22838826073
393.729,2.53982,44.898,0,86,65,44,2760,10501,5.13278,165,16.9809,0,0,5443,22841366140
312.809,3.19684,44.898,0,86,65,44,2760,10501,5.13278,165,16.9809,0,0,5443,22844563372
404.52,2.47206,44.898,0,86,65,44,2760,10501,5.13278,165,16.9809,0,0,5443,22847035638
379.35,2.63609,44.898,0,86,65,44,2760,10501,5.13278,165,16.9809,0,0,5443,22849672073
370.353,2.70013,44.898,0,86,65,44,2760,10501,5.13278,165,16.9809,0,0,5443,22852372520
249.058,4.01513,44.898,0,86,65,44,2760,10501,5.13278,165,16.9809,0,0,5443,22856388050
430.212,2.32443,44.898,0,86,65,44,2760,10501,5.13278,165,16.9809,0,0,5443,22858712820
275.94,3.62398,44.898,0,86,65,44,2760,10501,5.13278,165,16.9809,0,0,5443,22862337039
349.37,2.8623,44.898,0,86,65,44,2760,10501,5.13278,165,16.9809,0,0,5443,22865199683
1856.88,0.538538,44.898,0,86,65,44,2760,10501,5.13278,165,16.9809,0,0,5443,22865738605
410.22,2.43772,44.898,0,86,65,44,2760,10501,5.13278,165,16.9809,0,0,5443,22868176658
232.595,4.29932,44.898,0,86,65,44,2760,10501,5.13278,165,16.9809,0,0,5443,22872476246
1058.87,0.944407,44.898,0,86,65,44,2760,10501,5.13278,165,16.9809,0,0,5443,22873420931
382.764,2.61258,44.898,0,86,65,44,2760,10501,5.13278,165,16.9809,0,0,5443,22876033846
352.17,2.83954,44.898,0,86,65,44,2760,10501,5.13278,165,16.9809,0,0,5443,22878873721
198.609,5.03503,44.898,0,86,65,44,2760,10501,5.13278,165,16.9809,0,0,5443,22883909064
636.625,1.57078,44.898,0,86,65,44,2760,10501,5.13278,165,16.9809,0,0,5443,22885480145
507.837,1.96913,44.898,0,86,65,44,2760,10501,5.13278,165,16.9809,0,0,5443,22887449558
310.997,3.21546,44.898,0,86,65,44,2760,10501,5.13278,165,16.9809,0,0,5443,22890665378
432.738,2.31087,44.898,0,86,65,44,2760,10501,5.13278,165,16.9809,0,0,5443,22892976552
224.989,4.44467,44.898,0,86,65,44,2760,10501,5.13278,165,16.9809,0,0,5443,22897421702
805.887,1.24087,44.898,0,86,65,44,2760,10501,5.13278,165,16.9809,0,0,5443,22898662782
387.986,2.57741,44.898,0,86,65,44,2760,10501,5.13278,165,16.9809,0,0,5443,22901240715
389.585,2.56684,44.898,0,86,65,44,2760,10501,5.13278,165,16.9809,0,0,5443,22903807628
386.779,2.58545,44.898,0,86,65,44,2760,10501,5.13278,165,16.9809,0,0,5443,22906393408
260.867,3.83337,44.898,0,86,65,44,2760,10501,5.13278,165,16.9809,0,0,5443,22910229085
570.244,1.75364,45.0704,0,85,65,44,2760,10501,5.13395,165,16.9818,0,0,5439,22911981106
388.173,2.57617,45.0704,0,85,65,44,2760,10501,5.13395,165,16.9818,0,0,5439,22914557577
283.234,3.53065,45.0704,0,85,65,44,2760,10501,5.13395,165,16.9818,0,0,5439,22918088600
439.919,2.27314,45.0704,0,85,65,44,2760,10501,5.13395,165,16.9818,0,0,5439,22920362023
356.769,2.80293,45.0704,0,85,65,44,2760,10501,5.13395,165,16.9818,0,0,5439,22923165377
433.407,2.3073,45.0704,0,85,65,44,2760,10501,5.13395,165,16.9818,0,0,5439,22925473243
325.554,3.07169,45.0704,0,85,65,44,2760,10501,5.13395,165,16.9818,0,0,5439,22928545212
436.701,2.2899,45.0704,0,85,65,44,2760,10501,5.13395,165,16.9818,0,0,5439,22930835587
208.786,4.78959,45.0704,0,85,65,44,2760,10501,5.13395,165,16.9818,0,0,5439,22935625393
298.408,3.35112,45.0704,0,85,65,44,2760,10501,5.13395,165,16.9818,0,0,5439,22938976794
1804.62,0.554134,45.0704,0,85,65,44,2760,10501,5.13395,165,16.9818,0,0,5439,22939531082
493.813,2.02506,45.0704,0,85,65,44,2760,10501,5.13395,165,16.9818,0,0,5439,22941556477
337.785,2.96046,45.0704,0,85,65,44,2760,10501,5.13395,165,16.9818,0,0,5439,22944517318
336.039,2.97584,45.0704,0,85,65,44,2760,10501,5.13395,165,16.9818,0,0,5439,22947493466
444.709,2.24866,45.0704,0,85,65,44,2760,10501,5.13395,165,16.9818,0,0,5439,22949742426
262.077,3.81567,45.0704,0,85,65,44,2760,10501,5.13395,165,16.9818,0,0,5439,22953558440
539.574,1.85331,45.0704,0,85,65,44,2760,10501,5.13395,165,16.9818,0,0,5439,22955411877
391.525,2.55412,45.0704,0,85,65,44,2760,10501,5.13395,165,16.9818,0,0,5439,22957966502
322.579,3.10002,45.0704,0,85,65,44,2760,10501,5.13395,165,16.9818,0,0,5439,22961066798
242.854,4.11771,45.0704,0,85,65,44,2760,10501,5.13395,165,16.9818,0,0,5439,22965184870
1016.54,0.983725,45.0704,0,85,65,44,2760,10501,5.13395,165,16.9818,0,0,5439,22966169086
400.35,2.49781,45.0704,0,85,65,44,2760,10501,5.13395,165,16.9818,0,0,5439,22968667131
279.778,3.57427,45.0704,0,85,65,44,2760,10501,5.13395,165,16.9818,0,0,5439,22972241694
635.52,1.57352,45.0704,0,85,65,44,2760,10501,5.13395,165,16.9818,0,0,5439,22973815670
317.882,3.14582,45.0704,0,85,65,44,2760,10501,5.13395,165,16.9818,0,0,5439,22976961738
484.092,2.06572,45.0704,0,85,65,44,2760,10501,5.13395,165,16.9818,0,0,5439,22979030606
295.71,3.38169,45.0704,0,85,65,44,2760,10501,5.13395,165,16.9818,0,0,5439,22982412508
398.208,2.51125,45.0704,0,85,65,44,2760,10501,5.13395,165,16.9818,0,0,5439,22984924112
401.691,2.48948,45.0704,0,85,65,44,2760,10501,5.13395,165,16.9818,0,0,5439,22987413763
294.238,3.39861,45.0704,0,85,65,44,2760,10501,5.13395,165,16.9818,0,0,5439,22990812753
425.257,2.35152,45.0704,0,85,65,44,2760,10501,5.13395,165,16.9818,0,0,5439,22993164582
205.692,4.86163,45.0704,0,85,65,44,2760,10501,5.13395,165,16.9818,0,0,5439,22998026880
2319.34,0.431158,45.0704,0,85,65,44,2760,10501,5.13395,165,16.9818,0,0,5439,22998457847
439.208,2.27683,45.0704,0,85,65,44,2760,10501,5.13395,165,16.9818,0,0,5439,23000735164
369.385,2.70721,45.0704,0,85,65,44,2760,10501,5.13395,165,16.9818,0,0,5439,23003442774
334.441,2.99006,45.0704,0,85,65,44,2760,10501,5.13395,165,16.9818,0,0,5439,23006433048
476.303,2.0995,45.0704,0,85,65,44,2760,10501,5.13395,165,16.9818,0,0,5439,23008532773
283.211,3.53094,45.0704,0,85,65,44,2760,10501,5.13395,165,16.9818,0,0,5439,23012064228
498.732,2.00509,45.0704,0,85,65,44,2760,10501,5.13395,165,16.9818,0,0,5439,23014069565
223.091,4.48247,45.0704,0,85,65,44,2760,10501,5.13395,165,16.9818,0,0,5439,23018552457
540.289,1.85086,45.0704,0,85,65,44,2760,10501,5.13395,165,16.9818,0,0,5439,23020403567
507.206,1.97159,45.0704,0,85,65,44,2760,10501,5.13395,165,16.9818,0,0,5439,23022375489
376.959,2.65281,45.0704,0,85,65,44,2760,10501,5.13395,165,16.9818,0,0,5439,23025028598
338.407,2.95502,45.0704,0,85,65,44,2760,10501,5.13395,165,16.9818,0,0,5439,23027983928
522.131,1.91523,45.0704,0,85,65,44,2760,10501,5.13395,165,16.9818,0,0,5439,23029899483
334.01,2.99392,45.0704,0,85,65,44,2760,10501,5.13395,165,16.9818,0,0,5439,23032893815
383.759,2.6058,45.0704,0,85,65,44,2760,10501,5.13395,165,16.9818,0,0,5439,23035499835
406.627,2.45926,45.0704,0,85,65,44,2760,10501,5.13395,165,16.9818,0,0,5439,23037959495
334.147,2.9927,45.0704,0,85,65,44,2760,10501,5.13395,165,16.9818,0,0,5439,23040952490
185.83,5.38126,45.0704,0,85,65,44,2760,10501,5.13395,165,16.9818,0,0,5439,23046334326
453.365,2.20573,45.0704,0,85,65,44,2760,10501,5.13395,165,16.9818,0,0,5439,23048540188
970.568,1.03032,45.0704,0,85,65,44,2760,10501,5.13395,165,16.9818,0,0,5439,23049570800
478.882,2.0882,45.0704,0,85,65,44,2760,10501,5.13395,165,16.9818,0,0,5439,23051659409
337.523,2.96276,45.0704,0,85,65,44,2760,10501,5.13395,165,16.9818,0,0,5439,23054622451
288.594,3.46508,45.0704,0,85,65,44,2760,10501,5.13395,165,16.9818,0,0,5439,23058087933
538.267,1.85781,45.0704,0,85,65,44,2760,10501,5.13395,165,16.9818,0,0,5439,23059946063
338.451,2.95464,45.0704,0,85,65,44,2760,10501,5.13395,165,16.9818,0,0,5439,23062901067
498.559,2.00578,45.0704,0,85,65,44,2760,10501,5.13395,165,16.9818,0,0,5439,23064907076
349.31,2.86279,45.0704,0,85,65,44,2760,10501,5.13395,165,16.9818,0,0,5439,23067770173
182.1,5.49147,45.0704,0,85,65,44,2760,10501,5.13395,165,16.9818,0,0,5439,23073262146
1146.08,0.872539,45.0704,0,85,65,44,2760,10501,5.13395,165,16.9818,0,0,5439,23074135060
452.986,2.20758,45.0704,0,85,65,44,2760,10501,5.13395,165,16.9818,0,0,5439,23076342981
451.154,2.21654,45.0704,0,85,65,44,2760,10501,5.13395,165,16.9818,0,0,5439,23078559825
327.799,3.05065,45.0704,0,85,65,44,2760,10501,5.13395,165,16.9818,0,0,5439,23081610697
371.724,2.69017,45.0704,0,85,65,44,2760,10501,5.13395,165,16.9818,0,0,5439,23084301172
425.02,2.35283,45.0704,0,85,65,44,2760,10501,5.13395,165,16.9818,0,0,5439,23086654588
322.941,3.09654,45.0704,0,85,65,44,2760,10501,5.13395,165,16.9818,0,0,5439,23089751269
374.402,2.67093,45.0704,0,85,65,44,2760,10501,5.13395,165,16.9818,0,0,5439,23092422417
357.666,2.7959,45.0704,0,85,65,44,2760,10501,5.13395,165,16.9818,0,0,5439,23095218550
255.061,3.92063,45.0704,0,85,65,44,2760,10501,5.13395,165,16.9818,0,0,5439,23099139759
595.89,1.67816,45.0704,0,85,65,44,2760,10501,5.13395,165,16.9818,0,0,5439,23100818065
471.167,2.12239,45.0704,0,85,65,44,2760,10501,5.13395,165,16.9818,0,0,5439,23102940964
353.455,2.82921,45.0704,0,85,65,44,2760,10501,5.13395,165,16.9818,0,0,5439,23105770675
372.315,2.6859,45.0704,0,85,65,44,2760,10501,5.13395,165,16.9818,0,0,5439,23108456823
265.762,3.76276,45.0704,0,85,65,44,2760,10501,5.13395,165,16.9818,0,0,5439,23112219940
575.67,1.73711,45.0704,0,85,65,44,2760,10501,5.13395,165,16.9818,0,0,5439,23113957277
299.134,3.34298,45.0704,0,85,65,44,2760,10501,5.13395,165,16.9818,0,0,5439,23117300611
659.905,1.51537,45.0704,0,85,65,44,2760,10501,5.13395,165,16.9818,0,0,5439,23118816239
288.037,3.47178,45.0704,0,85,65,44,2760,10501,5.13395,165,16.9818,0,0,5439,23122288510
221.776,4.50905,45.0704,0,85,65,44,2760,10501,5.13395,165,16.9818,0,0,5439,23126797883
816.197,1.2252,45.0704,0,85,65,44,2760,10501,5.13395,165,16.9818,0,0,5439,23128023309
485.899,2.05804,45.0704,0,85,65,44,2760,10501,5.13395,165,16.9818,0,0,5439,23130081686
382.527,2.61419,45.0704,0,85,65,44,2760,10501,5.13395,165,16.9818,0,0,5439,23132696188
294.813,3.39198,45.0704,0,85,65,44,2760,10501,5.13395,165,16.9818,0,0,5439,23136088744
571.45,1.74993,45.0704,0,85,65,44,2760,10501,5.13395,165,16.9818,0,0,5439,23137838784
358.797,2.78709,45.0704,0,85,65,44,2760,10501,5.13395,165,16.9818,0,0,5439,23140626176
317.269,3.1519,45.0704,0,85,65,44,2760,10501,5.13395,165,16.9818,0,0,5439,23143778330
424.41,2.35621,45.0704,0,85,65,44,2760,10501,5.13395,165,16.9818,0,0,5439,23146134804
406.678,2.45895,45.0704,0,85,65,44,2760,10501,5.13395,165,16.9818,0,0,5439,23148594050
203.328,4.91817,45.0704,0,85,65,44,2760,10501,5.13395,165,16.9818,0,0,5439,23153512803
1132.72,0.882828,45.0704,0,85,65,44,2760,10501,5.13395,165,16.9818,0,0,5439,23154395804
432.342,2.31298,45.0704,0,85,65,44,2760,10501,5.13395,165,16.9818,0,0,5439,23156709112
323.531,3.09089,45.0704,0,85,65,44,2760,10501,5.13395,165,16.9818,0,0,5439,23159800303
369.308,2.70777,45.0704,0,85,65,44,2760,10501,5.13395,165,16.9818,0,0,5439,23162508423
386.956,2.58427,45.0704,0,85,65,44,2760,10501,5.13395,165,16.9818,0,0,5439,23165093001
321.911,3.10645,45.0704,0,85,65,44,2760,10501,5.13395,165,16.9818,0,0,5439,23168199778
424.784,2.35414,45.0704,0,85,65,44,2760,10501,5.13395,165,16.9818,0,0,5439,23170554271
364.391,2.7443,45.0704,0,85,65,44,2760,10501,5.13395,165,16.9818,0,0,5439,23173298873
436.622,2.29031,45.0704,0,85,65,44,2760,10501,5.13395,165,16.9818,0,0,5439,23175589556
193.157,5.17714,45.0704,0,85,65,44,2760,10501,5.13395,165,16.9818,0,0,5439,23180767115
1129.22,0.885568,45.0704,0,85,65,44,2760,10501,5.13395,165,16.9818,0,0,5439,23181652895
318.454,3.14017,45.0704,0,85,65,44,2760,10501,5.13395,165,16.9818,0,0,5439,23184793693
671.291,1.48967,45.0704,0,85,65,44,2760,10501,5.13395,165,16.9818,0,0,5439,23186283609
330.021,3.03011,45.0704,0,85,65,44,2760,10501,5.13395,165,16.9818,0,0,5439,23189313951
322.316,3.10255,45.0704,0,85,65,44,2760,10501,5.13395,165,16.9818,0,0,5439,23192416960
482.795,2.07127,45.0704,0,85,65,44,2760,10501,5.13395,165,16.9818,0,0,5439,23194488587
359.054,2.78509,45.0704,0,85,65,44,2760,10501,5.13395,165,16.9818,0,0,5439,23197273854
326.56,3.06223,45.0704,0,85,65,44,2760,10501,5.13395,165,16.9818,0,0,5439,23200336390
367.431,2.7216,45.0704,0,85,65,44,2760,10501,5.13395,165,16.9818,0,0,5439,23203058347
207.602,4.81691,45.0704,0,85,65,44,2760,10501,5.13395,165,16.9818,0,0,5439,23207875577
2280.77,0.438448,45.0704,0,85,65,44,2760,10501,5.13395,165,16.9818,0,0,5439,23208314121
650.56,1.53714,45.0704,0,85,65,44,2760,10501,5.13395,165,16.9818,0,0,5439,23209851672
191.174,5.23083,45.0704,0,85,65,44,2760,10501,5.13395,165,16.9818,0,0,5439,23215083224
1383.81,0.72264,45.0704,0,85,65,44,2760,10501,5.13395,165,16.9818,0,0,5439,23215805940
299.472,3.33921,45.0704,0,85,65,44,2760,10501,5.13395,165,16.9818,0,0,5439,23219145591
525.256,1.90383,45.0704,0,85,65,44,2760,10501,5.13395,165,16.9818,0,0,5439,23221049636
320.434,3.12077,45.0704,0,85,65,44,2760,10501,5.13395,165,16.9818,0,0,5439,23224170751
418.655,2.3886,45.0704,0,85,65,44,2760,10501,5.13395,165,16.9818,0,0,5439,23226559649
369.789,2.70424,45.0704,0,85,65,44,2760,10501,5.13395,165,16.9818,0,0,5439,23229264202
242.999,4.11524,45.0704,0,85,65,44,2760,10501,5.13395,165,16.9818,0,0,5439,23233379840
557.386,1.79409,45.0704,0,85,65,44,2760,10501,5.13395,165,16.9818,0,0,5439,23235174199
473.372,2.1125,45.0704,0,85,65,44,2760,10501,5.13395,165,16.9818,0,0,5439,23237286981
406.862,2.45783,45.0704,0,85,65,44,2760,10501,5.13395,165,16.9818,0,0,5439,23239745112
350.358,2.85422,45.0704,0,85,65,44,2760,10501,5.13395,165,16.9818,0,0,5439,23242599689
312.038,3.20474,45.0704,0,85,65,44,2760,10501,5.13395,165,16.9818,0,0,5439,23245804720
489.9,2.04123,45.0704,0,85,65,44,2760,10501,5.13395,165,16.9818,0,0,5439,23247846318
209.045,4.78366,45.0704,0,85,65,44,2760,10501,5.13395,165,16.9818,0,0,5439,23252630460
1193.35,0.83798,45.0704,0,85,65,44,2760,10501,5.13395,165,16.9818,0,0,5439,23253468575
394.799,2.53293,45.0704,0,85,65,44,2760,10501,5.13395,165,16.9818,0,0,5439,23256001891
225.601,4.43261,45.0704,0,85,65,44,2760,10501,5.13395,165,16.9818,0,0,5439,23260434819
525.131,1.90428,45.0704,0,85,65,44,2760,10501,5.13395,165,16.9818,0,0,5439,23262339537
487.226,2.05243,45.0704,0,85,65,44,2760,10501,5.13395,165,16.9818,0,0,5439,23264392251
473.458,2.11212,45.0704,0,85,65,44,2760,10501,5.13395,165,16.9818,0,0,5439,23266504678
199.229,5.01935,45.0704,0,85,65,44,2760,10501,5.13395,165,16.9818,0,0,5439,23271524587
1697.43,0.589126,45.0704,0,85,65,44,2760,10501,5.13395,165,16.9818,0,0,5439,23272113857
267.66,3.73609,45.0704,0,85,65,44,2760,10501,5.13395,165,16.9818,0,0,5439,23275850358
603.943,1.65579,45.0704,0,85,65,44,2760,10501,5.13395,165,16.9818,0,0,5439,23277506596
362.466,2.75888,45.0704,0,85,65,44,2760,10501,5.13395,165,16.9818,0,0,5439,23280265709
370.465,2.69931,45.0704,0,85,65,44,2760,10501,5.13395,165,16.9818,0,0,5439,23282965328
347.097,2.88104,45.0704,0,85,65,44,2760,10501,5.13395,165,16.9818,0,0,5439,23285846685
386.026,2.5905,45.0704,0,85,65,44,2760,10501,5.13395,165,16.9818,0,0,5439,23288437532
441.983,2.26253,45.0704,0,85,65,44,2760,10501,5.13395,165,16.9818,0,0,5439,23290700435
375.755,2.66131,45.0704,0,85,65,44,2760,10501,5.13395,165,16.9818,0,0,5439,23293361948
378.067,2.64503,45.0704,0,85,65,44,2760,10501,5.13395,165,16.9818,0,0,5439,23296007326
312.726,3.19768,45.0704,0,85,65,44,2760,10501,5.13395,165,16.9818,0,0,5439,23299205299
331.808,3.01379,45.0704,0,85,65,44,2760,10501,5.13395,165,16.9818,0,0,5439,23302219477
542.623,1.8429,45.0704,0,85,65,44,2760,10501,5.13395,165,16.9818,0,0,5439,23304062655
362.552,2.75823,45.0704,0,85,65,44,2760,10501,5.13395,165,16.9818,0,0,5439,23306821190
286.49,3.49052,45.0704,0,85,65,44,2760,10501,5.13395,165,16.9818,0,0,5439,23310312029
593.624,1.68457,45.0704,0,85,65,44,2760,10501,5.13395,165,16.9818,0,0,5439,23311996913
314.716,3.17746,45.0704,0,85,65,44,2760,10501,5.13395,165,16.9818,0,0,5439,23315174712
367.164,2.72358,45.0704,0,85,65,44,2760,10501,5.13395,165,16.9818,0,0,5439,23317898765
343.529,2.91096,45.0704,0,85,65,44,2760,10501,5.13395,165,16.9818,0,0,5439,23320810036
338.119,2.95754,45.0704,0,85,65,44,2760,10501,5.13395,165,16.9818,0,0,5439,23323767809
453.167,2.20669,45.0704,0,85,65,44,2760,10501,5.13395,165,16.9818,0,0,5439,23325974893
416.252,2.40239,45.0704,0,85,65,44,2760,10501,5.13395,165,16.9818,0,0,5439,23328377455
271.509,3.68311,45.0704,0,85,65,44,2760,10501,5.13395,165,16.9818,0,0,5439,23332061060
476.548,2.09843,45.0704,0,85,65,44,2760,10501,5.13395,165,16.9818,0,0,5439,23334159842
219.745,4.55073,45.0704,0,85,65,44,2760,10501,5.13395,165,16.9818,0,0,5439,23338710755
285.633,3.50099,45.0704,0,85,65,44,2760,10501,5.13395,165,16.9818,0,0,5439,23342212056
868.389,1.15156,45.0704,0,85,65,44,2760,10501,5.13395,165,16.9818,0,0,5439,23343363941
413.78,2.41674,45.0704,0,85,65,44,2760,10501,5.13395,165,16.9818,0,0,5439,23345781022
370.188,2.70133,45.0704,0,85,65,44,2760,10501,5.13395,165,16.9818,0,0,5439,23348482681
358.49,2.78948,45.0704,0,85,65,44,2760,10501,5.13395,165,16.9818,0,0,5439,23351272650
451.082,2.21689,45.0704,0,85,65,44,2760,10501,5.13395,165,16.9818,0,0,5439,23353489878
337.969,2.95885,45.0704,0,85,65,44,2760,10501,5.13395,165,16.9818,0,0,5439,23356449103
192.727,5.18868,45.0704,0,85,65,44,2760,10501,5.13395,165,16.9818,0,0,5439,23361637999
546.306,1.83047,45.0704,0,85,65,44,2760,10501,5.13395,165,16.9818,0,0,5439,23363468820
444.76,2.2484,45.0704,0,85,65,44,2760,10501,5.13395,165,16.9818,0,0,5439,23365717684
359.232,2.78372,45.0704,0,85,65,44,2760,10501,5.13395,165,16.9818,0,0,5439,23368501644
561.927,1.77959,45.0704,0,85,65,44,2760,10501,5.13395,165,16.9818,0,0,5439,23370281559
437.878,2.28374,45.0704,0,85,65,44,2760,10501,5.13395,165,16.9818,0,0,5439,23372565579
52.498,19.0483,45.0704,0,85,65,44,2760,10501,5.13395,165,16.9818,0,0,5439,23391616259
186.159,5.37174,45.0704,0,85,65,44,2760,10501,5.13395,165,16.9818,0,0,5439,23396988132
617.615,1.61913,45.0704,0,85,65,44,2760,10501,5.13395,165,16.9818,0,0,5439,23398607350
450.806,2.21825,45.0704,0,85,65,44,2760,10501,5.13395,165,16.9818,0,0,5439,23400826262
494.642,2.02167,45.0704,0,85,65,44,2760,10501,5.13395,165,16.9818,0,0,5439,23402848032
331.027,3.0209,45.0704,0,85,65,44,2760,10501,5.13395,165,16.9818,0,0,5439,23405869239
376.338,2.65719,45.0704,0,85,65,44,2760,10501,5.13395,165,16.9818,0,0,5439,23408526819
378.618,2.64119,45.0704,0,85,65,44,2760,10501,5.13395,165,16.9818,0,0,5439,23411170303
400.786,2.49509,44.7607,0,85,65,44,2760,10501,5.13082,165,17.0475,0,0,5445,23413663733
267.154,3.74316,44.7607,0,85,65,44,2760,10501,5.13082,165,17.0475,0,0,5445,23417407099
258.236,3.87243,44.7607,0,85,65,44,2760,10501,5.13082,165,17.0475,0,0,5445,23421279941
356.856,2.80225,44.7607,0,85,65,44,2760,10501,5.13082,165,17.0475,0,0,5445,23424082555
555.475,1.80026,44.7607,0,85,65,44,2760,10501,5.13082,165,17.0475,0,0,5445,23425883068
484.62,2.06347,44.7607,0,85,65,44,2760,10501,5.13082,165,17.0475,0,0,5445,23427946935
441.616,2.26441,44.7607,0,85,65,44,2760,10501,5.13082,165,17.0475,0,0,5445,23430211665
349.874,2.85817,44.7607,0,85,65,44,2760,10501,5.13082,165,17.0475,0,0,5445,23433070329
303.263,3.29747,44.7607,0,85,65,44,2760,10501,5.13082,165,17.0475,0,0,5445,23436367998
391.838,2.55208,44.7607,0,85,65,44,2760,10501,5.13082,165,17.0475,0,0,5445,23438920863
351.265,2.84686,44.7607,0,85,65,44,2760,10501,5.13082,165,17.0475,0,0,5445,23441768064
488.698,2.04625,44.7607,0,85,65,44,2760,10501,5.13082,165,17.0475,0,0,5445,23443814682
351.903,2.84169,44.7607,0,85,65,44,2760,10501,5.13082,165,17.0475,0,0,5445,23446656672
199.778,5.00556,44.7607,0,85,65,44,2760,10501,5.13082,165,17.0475,0,0,5445,23451662840
672.268,1.4875,44.7607,0,85,65,44,2760,10501,5.13082,165,17.0475,0,0,5445,23453150544
435.544,2.29598,44.7607,0,85,65,44,2760,10501,5.13082,165,17.0475,0,0,5445,23455446814
360.746,2.77204,44.7607,0,85,65,44,2760,10501,5.13082,165,17.0475,0,0,5445,23458219205
360.573,2.77336,44.7607,0,85,65,44,2760,10501,5.13082,165,17.0475,0,0,5445,23460992962
276.643,3.61477,44.7607,0,85,65,44,2760,10501,5.13082,165,17.0475,0,0,5445,23464608055
570.563,1.75266,44.7607,0,85,65,44,2760,10501,5.13082,165,17.0475,0,0,5445,23466360903
233.089,4.2902,44.7607,0,85,65,44,2760,10501,5.13082,165,17.0475,0,0,5445,23470651442
740.769,1.34995,44.7607,0,85,65,44,2760,10501,5.13082,165,17.0475,0,0,5445,23472001737
221.454,4.51561,44.7607,0,85,65,44,2760,10501,5.13082,165,17.0475,0,0,5445,23476517947
394.069,2.53762,44.7607,0,85,65,44,2760,10501,5.13082,165,17.0475,0,0,5445,23479055792
321.289,3.11246,44.7607,0,85,65,44,2760,10501,5.13082,165,17.0475,0,0,5445,23482168570
475.578,2.10271,44.7607,0,85,65,44,2760,10501,5.13082,165,17.0475,0,0,5445,23484271583
480.962,2.07917,44.7607,0,85,65,44,2760,10501,5.13082,165,17.0475,0,0,5445,23486351086
425.312,2.35121,44.7607,0,85,65,44,2760,10501,5.13082,165,17.0475,0,0,5445,23488702819
242.545,4.12295,44.7607,0,85,65,44,2760,10501,5.13082,165,17.0475,0,0,5445,23492826141
1416.4,0.706014,44.7607,0,85,65,44,2760,10501,5.13082,165,17.0475,0,0,5445,23493532347
323.86,3.08776,44.7607,0,85,65,44,2760,10501,5.13082,165,17.0475,0,0,5445,23496620538
510.836,1.95757,44.7607,0,85,65,44,2760,10501,5.13082,165,17.0475,0,0,5445,23498578219
335.714,2.97872,44.7607,0,85,65,44,2760,10501,5.13082,165,17.0475,0,0,5445,23501557272
299.597,3.33782,44.7607,0,85,65,44,2760,10501,5.13082,165,17.0475,0,0,5445,23504895548
427.899,2.337,44.7607,0,85,65,44,2760,10501,5.13082,165,17.0475,0,0,5445,23507232761
456.776,2.18926,44.7607,0,85,65,44,2760,10501,5.13082,165,17.0475,0,0,5445,23509422315
345.833,2.89157,44.7607,0,85,65,44,2760,10501,5.13082,165,17.0475,0,0,5445,23512314124
398.787,2.5076,44.7607,0,85,65,44,2760,10501,5.13082,165,17.0475,0,0,5445,23514822017
359.711,2.78001,44.7607,0,85,65,44,2760,10501,5.13082,165,17.0475,0,0,5445,23517602466
343.895,2.90787,44.7607,0,85,65,44,2760,10501,5.13082,165,17.0475,0,0,5445,23520510718
335.191,2.98337,44.7607,0,85,65,44,2760,10501,5.13082,165,17.0475,0,0,5445,23523494338
371.272,2.69345,44.7607,0,85,65,44,2760,10501,5.13082,165,17.0475,0,0,5445,23526188188
452.282,2.21101,44.7607,0,85,65,44,2760,10501,5.13082,165,17.0475,0,0,5445,23528399417
291.191,3.43417,44.7607,0,85,65,44,2760,10501,5.13082,165,17.0475,0,0,5445,23531833984
362.154,2.76126,44.7607,0,85,65,44,2760,10501,5.13082,165,17.0475,0,0,5445,23534595750
277.486,3.60379,44.7607,0,85,65,44,2760,10501,5.13082,165,17.0475,0,0,5445,23538199631
1883.86,0.530825,44.7607,0,85,65,44,2760,10501,5.13082,165,17.0475,0,0,5445,23538730534
344.357,2.90396,44.7607,0,85,65,44,2760,10501,5.13082,165,17.0475,0,0,5445,23541634968
358.251,2.79134,44.7607,0,85,65,44,2760,10501,5.13082,165,17.0475,0,0,5445,23544426601
262.825,3.80482,44.7607,0,85,65,44,2760,10501,5.13082,165,17.0475,0,0,5445,23548231912
580.542,1.72253,44.7607,0,85,65,44,2760,10501,5.13082,165,17.0475,0,0,5445,23549954662
387.149,2.58298,44.7607,0,85,65,44,2760,10501,5.13082,165,17.0475,0,0,5445,23552537980
310.615,3.21942,44.7607,0,85,65,44,2760,10501,5.13082,165,17.0475,0,0,5445,23555757838
323.506,3.09113,44.7607,0,85,65,44,2760,10501,5.13082,165,17.0475,0,0,5445,23558848991
545.919,1.83177,44.7607,0,85,65,44,2760,10501,5.13082,165,17.0475,0,0,5445,23560681158
277.929,3.59804,44.7607,0,85,65,44,2760,10501,5.13082,165,17.0475,0,0,5445,23564279529
535.057,1.86896,44.7607,0,85,65,44,2760,10501,5.13082,165,17.0475,0,0,5445,23566148746
310.098,3.22479,44.7607,0,85,65,44,2760,10501,5.13082,165,17.0475,0,0,5445,23569374297
534.645,1.8704,44.7607,0,85,65,44,2760,10501,5.13082,165,17.0475,0,0,5445,23571244774
341.315,2.92985,44.7607,0,85,65,44,2760,10501,5.13082,165,17.0475,0,0,5445,23574174844
393.406,2.5419,44.7607,0,85,65,44,2760,10501,5.13082,165,17.0475,0,0,5445,23576717045
376.772,2.65413,44.7607,0,85,65,44,2760,10501,5.13082,165,17.0475,0,0,5445,23579371480
172.326,5.80295,44.7607,0,85,65,44,2760,10501,5.13082,165,17.0475,0,0,5445,23585174791
1112.85,0.898597,44.7607,0,85,65,44,2760,10501,5.13082,165,17.0475,0,0,5445,23586073610
441.574,2.26462,44.7607,0,85,65,44,2760,10501,5.13082,165,17.0475,0,0,5445,23588338600
230.579,4.33692,44.7607,0,85,65,44,2760,10501,5.13082,165,17.0475,0,0,5445,23592676140
484.157,2.06544,44.7607,0,85,65,44,2760,10501,5.13082,165,17.0475,0,0,5445,23594741931
323.883,3.08754,44.7607,0,85,65,44,2760,10501,5.13082,165,17.0475,0,0,5445,23597829689
1036.94,0.964378,44.7607,0,85,65,44,2760,10501,5.13082,165,17.0475,0,0,5445,23598794394
389.171,2.56957,44.7607,0,85,65,44,2760,10501,5.13082,165,17.0475,0,0,5445,23601364346
388.798,2.57203,44.7607,0,85,65,44,2760,10501,5.13082,165,17.0475,0,0,5445,23603936770
355.046,2.81654,44.7607,0,85,65,44,2760,10501,5.13082,165,17.0475,0,0,5445,23606753759
194.773,5.13417,44.7607,0,85,65,44,2760,10501,5.13082,165,17.0475,0,0,5445,23611888422
381.479,2.62138,44.7607,0,85,65,44,2760,10501,5.13082,165,17.0475,0,0,5445,23614509953
486.545,2.05531,44.7607,0,85,65,44,2760,10501,5.13082,165,17.0475,0,0,5445,23616565599
284.647,3.51312,44.7607,0,85,65,44,2760,10501,5.13082,165,17.0475,0,0,5445,23620079150
1399.74,0.714418,44.7607,0,85,65,44,2760,10501,5.13082,165,17.0475,0,0,5445,23620793780
228.321,4.37979,44.7607,0,85,65,44,2760,10501,5.13082,165,17.0475,0,0,5445,23625174178
1602.41,0.62406,44.7607,0,85,65,44,2760,10501,5.13082,165,17.0475,0,0,5445,23625798256
365.2,2.73823,44.7607,0,85,65,44,2760,10501,5.13082,165,17.0475,0,0,5445,23628536964
246.762,4.05249,44.7607,0,85,65,44,2760,10501,5.13082,165,17.0475,0,0,5445,23632589793
603.627,1.65665,44.7607,0,85,65,44,2760,10501,5.13082,165,17.0475,0,0,5445,23634246589
411.078,2.43263,44.7607,0,85,65,44,2760,10501,5.13082,165,17.0475,0,0,5445,23636679633
277.417,3.60468,44.7607,0,85,65,44,2760,10501,5.13082,165,17.0475,0,0,5445,23640284821
546.263,1.83062,44.7607,0,85,65,44,2760,10501,5.13082,165,17.0475,0,0,5445,23642115585
286.007,3.49642,44.7607,0,85,65,44,2760,10501,5.13082,165,17.0475,0,0,5445,23645612357
525.147,1.90423,44.7607,0,85,65,44,2760,10501,5.13082,165,17.0475,0,0,5445,23647516902
420.064,2.38059,44.7607,0,85,65,44,2760,10501,5.13082,165,17.0475,0,0,5445,23649897828
334.198,2.99224,44.7607,0,85,65,44,2760,10501,5.13082,165,17.0475,0,0,5445,23652890391
294.679,3.39353,44.7607,0,85,65,44,2760,10501,5.13082,165,17.0475,0,0,5445,23656284034
507.907,1.96887,44.7607,0,85,65,44,2760,10501,5.13082,165,17.0475,0,0,5445,23658253552
270.702,3.69409,44.7607,0,85,65,44,2760,10501,5.13082,165,17.0475,0,0,5445,23661947657
305.62,3.27203,44.7607,0,85,65,44,2760,10501,5.13082,165,17.0475,0,0,5445,23665220191
791.847,1.26287,44.7607,0,85,65,44,2760,10501,5.13082,165,17.0475,0,0,5445,23666483166
361.287,2.76788,44.7607,0,85,65,44,2760,10501,5.13082,165,17.0475,0,0,5445,23669251471
384.3,2.60214,44.7607,0,85,65,44,2760,10501,5.13082,165,17.0475,0,0,5445,23671853972
310.731,3.21821,44.7607,0,85,65,44,2760,10501,5.13082,165,17.0475,0,0,5445,23675072465
493.583,2.026,44.7607,0,85,65,44,2760,10501,5.13082,165,17.0475,0,0,5445,23677098793
356.156,2.80776,44.7607,0,85,65,44,2760,10501,5.13082,165,17.0475,0,0,5445,23679906868
310.222,3.22349,44.7607,0,85,65,44,2760,10501,5.13082,165,17.0475,0,0,5445,23683130813
513.604,1.94703,44.7607,0,85,65,44,2760,10501,5.13082,165,17.0475,0,0,5445,23685077975
379.631,2.63414,44.7607,0,85,65,44,2760,10501,5.13082,165,17.0475,0,0,5445,23687712506
336.964,2.96768,44.7607,0,85,65,44,2760,10501,5.13082,165,17.0475,0,0,5445,23690680520
312.826,3.19667,44.7607,0,85,65,44,2760,10501,5.13082,165,17.0475,0,0,5445,23693877618
541.521,1.84665,44.7607,0,85,65,44,2760,10501,5.13082,165,17.0475,0,0,5445,23695724497
338.965,2.95016,44.7607,0,85,65,44,2760,10501,5.13082,165,17.0475,0,0,5445,23698674972
198.859,5.02869,44.7607,0,85,65,44,2760,10501,5.13082,165,17.0475,0,0,5445,23703704305
1253.98,0.797459,44.7607,0,85,65,44,2760,10501,5.13082,165,17.0475,0,0,5445,23704502053
408.347,2.4489,44.7607,0,85,65,44,2760,10501,5.13082,165,17.0475,0,0,5445,23706951164
442.357,2.26062,44.7607,0,85,65,44,2760,10501,5.13082,165,17.0475,0,0,5445,23709212231
302.07,3.3105,44.7607,0,85,65,44,2760,10501,5.13082,165,17.0475,0,0,5445,23712522977
365.061,2.73927,44.7607,0,85,65,44,2760,10501,5.13082,165,17.0475,0,0,5445,23715262521
251.778,3.97175,44.7607,0,85,65,44,2760,10501,5.13082,165,17.0475,0,0,5445,23719234732
552.042,1.81146,44.7607,0,85,65,44,2760,10501,5.13082,165,17.0475,0,0,5445,23721046437
195.949,5.10336,44.7607,0,85,65,44,2760,10501,5.13082,165,17.0475,0,0,5445,23726150196
1544.28,0.647551,44.7607,0,85,65,44,2760,10501,5.13082,165,17.0475,0,0,5445,23726798112
490.617,2.03825,44.7607,0,85,65,44,2760,10501,5.13082,165,17.0475,0,0,5445,23728836527
343.3,2.91291,44.7607,0,85,65,44,2760,10501,5.13082,165,17.0475,0,0,5445,23731749788
385.302,2.59537,44.7607,0,85,65,44,2760,10501,5.13082,165,17.0475,0,0,5445,23734345674
362.245,2.76056,44.7607,0,85,65,44,2760,10501,5.13082,165,17.0475,0,0,5445,23737106546
390.939,2.55794,44.7607,0,85,65,44,2760,10501,5.13082,165,17.0475,0,0,5445,23739664834
287.155,3.48243,44.7607,0,85,65,44,2760,10501,5.13082,165,17.0475,0,0,5445,23743147586
210.391,4.75306,44.7607,0,85,65,44,2760,10501,5.13082,165,17.0475,0,0,5445,23747901063
564.566,1.77127,44.7607,0,85,65,44,2760,10501,5.13082,165,17.0475,0,0,5445,23749672469
394.764,2.53316,44.7607,0,85,65,44,2760,10501,5.13082,165,17.0475,0,0,5445,23752206026
396.736,2.52057,44.7607,0,85,65,44,2760,10501,5.13082,165,17.0475,0,0,5445,23754726918
462.112,2.16398,44.7607,0,85,65,44,2760,10501,5.13082,165,17.0475,0,0,5445,23756891289
357.628,2.7962,44.7607,0,85,65,44,2760,10501,5.13082,165,17.0475,0,0,5445,23759687739
396.702,2.52079,44.7607,0,85,65,44,2760,10501,5.13082,165,17.0475,0,0,5445,23762208863
330.407,3.02657,44.7607,0,85,65,44,2760,10501,5.13082,165,17.0475,0,0,5445,23765235705
349.798,2.85879,44.7607,0,85,65,44,2760,10501,5.13082,165,17.0475,0,0,5445,23768095061
427.108,2.34133,44.7607,0,85,65,44,2760,10501,5.13082,165,17.0475,0,0,5445,23770436563
347.75,2.87563,44.7607,0,85,65,44,2760,10501,5.13082,165,17.0475,0,0,5445,23773312593
252.256,3.96422,44.7607,0,85,65,44,2760,10501,5.13082,165,17.0475,0,0,5445,23777277159
279.452,3.57843,44.7607,0,85,65,44,2760,10501,5.13082,165,17.0475,0,0,5445,23780855953
278.479,3.59094,44.7607,0,85,65,44,2760,10501,5.13082,165,17.0475,0,0,5445,23784447170
494.691,2.02146,44.7607,0,85,65,44,2760,10501,5.13082,165,17.0475,0,0,5445,23786469123
806.368,1.24013,44.7607,0,85,65,44,2760,10501,5.13082,165,17.0475,0,0,5445,23787709597
463.017,2.15975,44.7607,0,85,65,44,2760,10501,5.13082,165,17.0475,0,0,5445,23789869670
309.705,3.22888,44.7607,0,85,65,44,2760,10501,5.13082,165,17.0475,0,0,5445,23793098981
512.106,1.95272,44.7607,0,85,65,44,2760,10501,5.13082,165,17.0475,0,0,5445,23795052095
252.355,3.96267,44.7607,0,85,65,44,2760,10501,5.13082,165,17.0475,0,0,5445,23799014997
608.814,1.64254,44.7607,0,85,65,44,2760,10501,5.13082,165,17.0475,0,0,5445,23800657822
439.51,2.27526,44.7607,0,85,65,44,2760,10501,5.13082,165,17.0475,0,0,5445,23802933591
337.587,2.9622,44.7607,0,85,65,44,2760,10501,5.13082,165,17.0475,0,0,5445,23805896200
295.901,3.37951,44.7607,0,85,65,44,2760,10501,5.13082,165,17.0475,0,0,5445,23809275930
463.738,2.15639,44.7607,0,85,65,44,2760,10501,5.13082,165,17.0475,0,0,5445,23811432541
377.487,2.6491,44.7607,0,85,65,44,2760,10501,5.13082,165,17.0475,0,0,5445,23814081938
369.409,2.70702,44.7607,0,85,65,44,2760,10501,5.13082,165,17.0475,0,0,5445,23816789260
431.326,2.31843,44.7607,0,85,65,44,2760,10501,5.13082,165,17.0475,0,0,5445,23819107953
325.234,3.07471,44.7607,0,85,65,44,2760,10501,5.13082,165,17.0475,0,0,5445,23822182951
352.976,2.83306,44.7607,0,85,65,44,2760,10501,5.13082,165,17.0475,0,0,5445,23825016402
215.46,4.64123,44.7607,0,85,65,44,2760,10501,5.13082,165,17.0475,0,0,5445,23829658107
1366.15,0.731986,44.7607,0,85,65,44,2760,10501,5.13082,165,17.0475,0,0,5445,23830390247
363.815,2.74865,44.7607,0,85,65,44,2760,10501,5.13082,165,17.0475,0,0,5445,23833139359
371.244,2.69365,44.7607,0,85,65,44,2760,10501,5.13082,165,17.0475,0,0,5445,23835833450
432.008,2.31477,44.7607,0,85,65,44,2760,10501,5.13082,165,17.0475,0,0,5445,23838148528
265.5,3.76647,44.7607,0,85,65,44,2760,10501,5.13082,165,17.0475,0,0,5445,23841915222
542.162,1.84447,44.7607,0,85,65,44,2760,10501,5.13082,165,17.0475,0,0,5445,23843759967
336.561,2.97123,44.7607,0,85,65,44,2760,10501,5.13082,165,17.0475,0,0,5445,23846731490
405.38,2.46682,44.7607,0,85,65,44,2760,10501,5.13082,165,17.0475,0,0,5445,23849198640
205.496,4.86628,44.7607,0,85,65,44,2760,10501,5.13082,165,17.0475,0,0,5445,23854065497
430.854,2.32097,44.7607,0,85,65,44,2760,10501,5.13082,165,17.0475,0,0,5445,23856386835
1029.08,0.971744,44.7607,0,85,65,44,2760,10501,5.13082,165,17.0475,0,0,5445,23857358781
262.472,3.80994,44.7607,0,85,65,44,2760,10501,5.13082,165,17.0475,0,0,5445,23861169130
698.432,1.43178,44.7607,0,85,65,44,2760,10501,5.13082,165,17.0475,0,0,5445,23862601255
333.472,2.99875,44.7607,0,85,65,44,2760,10501,5.13082,165,17.0475,0,0,5445,23865600328
412.037,2.42697,44.7607,0,85,65,44,2760,10501,5.13082,165,17.0475,0,0,5445,23868027611
321.396,3.11142,44.7607,0,85,65,44,2760,10501,5.13082,165,17.0475,0,0,5445,23871139457
456.881,2.18876,44.7607,0,85,65,44,2760,10501,5.13082,165,17.0475,0,0,5445,23873328396
307.964,3.24714,44.7607,0,85,65,44,2760,10501,5.13082,165,17.0475,0,0,5445,23876575938
395.293,2.52977,44.7607,0,85,65,44,2760,10501,5.13082,165,17.0475,0,0,5445,23879106235
353.281,2.83061,44.7607,0,85,65,44,2760,10501,5.13082,165,17.0475,0,0,5445,23881937234
364.417,2.74411,44.7607,0,85,65,44,2760,10501,5.13082,165,17.0475,0,0,5445,23884681721
395.433,2.52887,44.7607,0,85,65,44,2760,10501,5.13082,165,17.0475,0,0,5445,23887211037
337.177,2.9658,44.7607,0,85,65,44,2760,10501,5.13082,165,17.0475,0,0,5445,23890177146
207.634,4.81616,44.7607,0,85,65,44,2760,10501,5.13082,165,17.0475,0,0,5445,23894993924
714.969,1.39866,44.7607,0,85,65,44,2760,10501,5.13082,165,17.0475,0,0,5445,23896392865
671.318,1.48961,44.7607,0,85,65,44,2760,10501,5.13082,165,17.0475,0,0,5445,23897882675
421.547,2.37221,44.7607,0,85,65,44,2760,10501,5.13082,165,17.0475,0,0,5445,23900255246
297.687,3.35923,44.7607,0,85,65,44,2760,10501,5.13082,165,17.0475,0,0,5445,23903615003
228.823,4.37019,44.7607,0,85,65,44,2760,10501,5.13082,165,17.0475,0,0,5445,23907985410
584.729,1.71019,44.7607,0,85,65,44,2760,10501,5.13082,165,17.0475,0,0,5445,23909695919
527.579,1.89545,44.7607,0,85,65,44,2760,10501,5.13082,165,17.0475,0,0,5445,23911593628
452.413,2.21037,44.7742,0,85,65,43,2760,10501,5.13121,166,17.0086,0,0,5440,23913802558
265.985,3.75961,44.7742,0,85,65,43,2760,10501,5.13121,166,17.0086,0,0,5440,23917562425
526.901,1.89789,44.7742,0,85,65,43,2760,10501,5.13121,166,17.0086,0,0,5440,23919460623
374.092,2.67314,44.7742,0,85,65,43,2760,10501,5.13121,166,17.0086,0,0,5440,23922134089
313.434,3.19046,44.7742,0,85,65,43,2760,10501,5.13121,166,17.0086,0,0,5440,23925324869
525.253,1.90384,44.7742,0,85,65,43,2760,10501,5.13121,166,17.0086,0,0,5440,23927229039
257.793,3.87908,44.7742,0,85,65,43,2760,10501,5.13121,166,17.0086,0,0,5440,23931108410
1465.07,0.682562,44.7742,0,85,65,43,2760,10501,5.13121,166,17.0086,0,0,5440,23931791308
328.199,3.04693,44.7742,0,85,65,43,2760,10501,5.13121,166,17.0086,0,0,5440,23934838526
397.861,2.51344,44.7742,0,85,65,43,2760,10501,5.13121,166,17.0086,0,0,5440,23937352332
321.192,3.1134,44.7742,0,85,65,43,2760,10501,5.13121,166,17.0086,0,0,5440,23940465995
492.585,2.03011,44.7742,0,85,65,43,2760,10501,5.13121,166,17.0086,0,0,5440,23942496419
336.487,2.97188,44.7742,0,85,65,43,2760,10501,5.13121,166,17.0086,0,0,5440,23945468635
409.59,2.44147,44.7742,0,85,65,43,2760,10501,5.13121,166,17.0086,0,0,5440,23947910371
317.133,3.15325,44.7742,0,85,65,43,2760,10501,5.13121,166,17.0086,0,0,5440,23951063958
411.46,2.43037,44.7742,0,85,65,43,2760,10501,5.13121,166,17.0086,0,0,5440,23953494742
333.107,3.00203,44.7742,0,85,65,43,2760,10501,5.13121,166,17.0086,0,0,5440,23956497006
375.768,2.66122,44.7742,0,85,65,43,2760,10501,5.13121,166,17.0086,0,0,5440,23959158423
300.597,3.32672,44.7742,0,85,65,43,2760,10501,5.13121,166,17.0086,0,0,5440,23962485468
342.638,2.91853,44.7742,0,85,65,43,2760,10501,5.13121,166,17.0086,0,0,5440,23965404499
657.744,1.52035,44.7742,0,85,65,43,2760,10501,5.13121,166,17.0086,0,0,5440,23966930377
359.098,2.78476,44.7742,0,85,65,43,2760,10501,5.13121,166,17.0086,0,0,5440,23969710144
391.4,2.55493,44.7742,0,85,65,43,2760,10501,5.13121,166,17.0086,0,0,5440,23972265499
360.577,2.77333,44.7742,0,85,65,43,2760,10501,5.13121,166,17.0086,0,0,5440,23975039218
331.901,3.01295,44.7742,0,85,65,43,2760,10501,5.13121,166,17.0086,0,0,5440,23978052521
404.832,2.47016,44.7742,0,85,65,43,2760,10501,5.13121,166,17.0086,0,0,5440,23980522893
370.446,2.69945,44.7742,0,85,65,43,2760,10501,5.13121,166,17.0086,0,0,5440,23983222686
368.645,2.71264,44.7742,0,85,65,43,2760,10501,5.13121,166,17.0086,0,0,5440,23985935710
292.76,3.41577,44.7742,0,85,65,43,2760,10501,5.13121,166,17.0086,0,0,5440,23989351748
222.624,4.49188,44.7742,0,85,65,43,2760,10501,5.13121,166,17.0086,0,0,5440,23993844120
321.357,3.11181,44.7742,0,85,65,43,2760,10501,5.13121,166,17.0086,0,0,5440,23996956322
925.277,1.08076,44.7742,0,85,65,43,2760,10501,5.13121,166,17.0086,0,0,5440,23998037146
566.881,1.76404,44.7742,0,85,65,43,2760,10501,5.13121,166,17.0086,0,0,5440,23999801417
253.885,3.9388,44.7742,0,85,65,43,2760,10501,5.13121,166,17.0086,0,0,5440,24003740742
401.759,2.48905,44.7742,0,85,65,43,2760,10501,5.13121,166,17.0086,0,0,5440,24006230086
581.217,1.72053,44.7742,0,85,65,43,2760,10501,5.13121,166,17.0086,0,0,5440,24007950952
373.946,2.67419,44.7742,0,85,65,43,2760,10501,5.13121,166,17.0086,0,0,5440,24010625599
390.112,2.56337,44.7742,0,85,65,43,2760,10501,5.13121,166,17.0086,0,0,5440,24013189147
193.131,5.17783,44.7742,0,85,65,43,2760,10501,5.13121,166,17.0086,0,0,5440,24018367322
563.166,1.77568,44.7742,0,85,65,43,2760,10501,5.13121,166,17.0086,0,0,5440,24020143314
360.125,2.77681,44.7742,0,85,65,43,2760,10501,5.13121,166,17.0086,0,0,5440,24022920533
301.461,3.31718,44.7742,0,85,65,43,2760,10501,5.13121,166,17.0086,0,0,5440,24026237895
542.001,1.84501,44.7742,0,85,65,43,2760,10501,5.13121,166,17.0086,0,0,5440,24028083159
387.913,2.57789,44.7742,0,85,65,43,2760,10501,5.13121,166,17.0086,0,0,5440,24030661419
368.162,2.7162,44.7742,0,85,65,43,2760,10501,5.13121,166,17.0086,0,0,5440,24033378222
312.075,3.20436,44.7742,0,85,65,43,2760,10501,5.13121,166,17.0086,0,0,5440,24036582868
469.988,2.12772,44.7742,0,85,65,43,2760,10501,5.13121,166,17.0086,0,0,5440,24038710950
367.694,2.71965,44.7742,0,85,65,43,2760,10501,5.13121,166,17.0086,0,0,5440,24041430839
255.47,3.91435,44.7742,0,85,65,43,2760,10501,5.13121,166,17.0086,0,0,5440,24045345510
406.405,2.4606,44.7742,0,85,65,43,2760,10501,5.13121,166,17.0086,0,0,5440,24047806525
572.457,1.74686,44.7742,0,85,65,43,2760,10501,5.13121,166,17.0086,0,0,5440,24049553748
380.122,2.63073,44.7742,0,85,65,43,2760,10501,5.13121,166,17.0086,0,0,5440,24052184836
329.854,3.03164,44.7742,0,85,65,43,2760,10501,5.13121,166,17.0086,0,0,5440,24055216698
400.555,2.49654,44.7742,0,85,65,43,2760,10501,5.13121,166,17.0086,0,0,5440,24057713552
398.271,2.51085,44.7742,0,85,65,43,2760,10501,5.13121,166,17.0086,0,0,5440,24060224848
342.079,2.9233,44.7742,0,85,65,43,2760,10501,5.13121,166,17.0086,0,0,5440,24063148466
368.651,2.71259,44.7742,0,85,65,43,2760,10501,5.13121,166,17.0086,0,0,5440,24065861268
388.608,2.57329,44.7742,0,85,65,43,2760,10501,5.13121,166,17.0086,0,0,5440,24068434894
278.393,3.59204,44.7742,0,85,65,43,2760,10501,5.13121,166,17.0086,0,0,5440,24072027217
582.375,1.71711,44.7742,0,85,65,43,2760,10501,5.13121,166,17.0086,0,0,5440,24073744659
351.5,2.84495,44.7742,0,85,65,43,2760,10501,5.13121,166,17.0086,0,0,5440,24076590053
197.332,5.06759,44.7742,0,85,65,43,2760,10501,5.13121,166,17.0086,0,0,5440,24081685965
707.411,1.41361,44.7742,0,85,65,43,2760,10501,5.13121,166,17.0086,0,0,5440,24083072012
572.703,1.74611,44.7742,0,85,65,43,2760,10501,5.13121,166,17.0086,0,0,5440,24084818503
257.652,3.88121,44.7742,0,85,65,43,2760,10501,5.13121,166,17.0086,0,0,5440,24088700096
245.696,4.07007,44.7742,0,85,65,43,2760,10501,5.13121,166,17.0086,0,0,5440,24092770521
2349.67,0.425591,44.7742,0,85,65,43,2760,10501,5.13121,166,17.0086,0,0,5440,24093196161
332.44,3.00806,44.7742,0,85,65,43,2760,10501,5.13121,166,17.0086,0,0,5440,24096204714
343.265,2.9132,44.7742,0,85,65,43,2760,10501,5.13121,166,17.0086,0,0,5440,24099118216
492.704,2.02962,44.7742,0,85,65,43,2760,10501,5.13121,166,17.0086,0,0,5440,24101148102
430.533,2.3227,44.7742,0,85,65,43,2760,10501,5.13121,166,17.0086,0,0,5440,24103471190
346.176,2.8887,44.7742,0,85,65,43,2760,10501,5.13121,166,17.0086,0,0,5440,24106360220
263.278,3.79826,44.7742,0,85,65,43,2760,10501,5.13121,166,17.0086,0,0,5440,24110158829
570.378,1.75322,44.7742,0,85,65,43,2760,10501,5.13121,166,17.0086,0,0,5440,24111912359
290.93,3.43725,44.7742,0,85,65,43,2760,10501,5.13121,166,17.0086,0,0,5440,24115350100
437.445,2.286,44.7742,0,85,65,43,2760,10501,5.13121,166,17.0086,0,0,5440,24117636311
508.163,1.96787,44.7742,0,85,65,43,2760,10501,5.13121,166,17.0086,0,0,5440,24119604503
276.301,3.61925,44.7742,0,85,65,43,2760,10501,5.13121,166,17.0086,0,0,5440,24123224134
272.507,3.66962,44.7742,0,85,65,43,2760,10501,5.13121,166,17.0086,0,0,5440,24126894191
458.611,2.1805,44.7742,0,85,65,43,2760,10501,5.13121,166,17.0086,0,0,5440,24129075178
712.1,1.4043,44.7742,0,85,65,43,2760,10501,5.13121,166,17.0086,0,0,5440,24130479523
350.852,2.8502,44.7742,0,85,65,43,2760,10501,5.13121,166,17.0086,0,0,5440,24133330052
396.319,2.52322,44.7742,0,85,65,43,2760,10501,5.13121,166,17.0086,0,0,5440,24135853569
332.838,3.00447,44.7742,0,85,65,43,2760,10501,5.13121,166,17.0086,0,0,5440,24138858353
402.748,2.48294,44.7742,0,85,65,43,2760,10501,5.13121,166,17.0086,0,0,5440,24141341649
378.272,2.6436,44.7742,0,85,65,43,2760,10501,5.13121,166,17.0086,0,0,5440,24143985661
372.916,2.68157,44.7742,0,85,65,43,2760,10501,5.13121,166,17.0086,0,0,5440,24146667482
298.135,3.35418,44.7742,0,85,65,43,2760,10501,5.13121,166,17.0086,0,0,5440,24150021951
386.849,2.58499,44.7742,0,85,65,43,2760,10501,5.13121,166,17.0086,0,0,5440,24152607211
382.795,2.61237,44.7742,0,85,65,43,2760,10501,5.13121,166,17.0086,0,0,5440,24155220087
302.091,3.31026,44.7742,0,85,65,43,2760,10501,5.13121,166,17.0086,0,0,5440,24158530689
572.305,1.74732,44.7742,0,85,65,43,2760,10501,5.13121,166,17.0086,0,0,5440,24160278094
288.539,3.46574,44.7742,0,85,65,43,2760,10501,5.13121,166,17.0086,0,0,5440,24163744163
461.811,2.16539,44.7742,0,85,65,43,2760,10501,5.13121,166,17.0086,0,0,5440,24165909919
446.83,2.23799,44.7742,0,85,65,43,2760,10501,5.13121,166,17.0086,0,0,5440,24168148187
336.66,2.97036,44.7742,0,85,65,43,2760,10501,5.13121,166,17.0086,0,0,5440,24171118864
420.674,2.37714,44.7742,0,85,65,43,2760,10501,5.13121,166,17.0086,0,0,5440,24173496328
327.873,3.04996,44.7742,0,85,65,43,2760,10501,5.13121,166,17.0086,0,0,5440,24176546595
285.621,3.50115,44.7742,0,85,65,43,2760,10501,5.13121,166,17.0086,0,0,5440,24180048059
458.917,2.17904,44.7742,0,85,65,43,2760,10501,5.13121,166,17.0086,0,0,5440,24182227296
418.28,2.39074,44.7742,0,85,65,43,2760,10501,5.13121,166,17.0086,0,0,5440,24184618405
470.041,2.12748,44.7742,0,85,65,43,2760,10501,5.13121,166,17.0086,0,0,5440,24186746179
348.688,2.86789,44.7742,0,85,65,43,2760,10501,5.13121,166,17.0086,0,0,5440,24189614477
400.578,2.49639,44.7742,0,85,65,43,2760,10501,5.13121,166,17.0086,0,0,5440,24192111071
294.215,3.39887,44.7742,0,85,65,43,2760,10501,5.13121,166,17.0086,0,0,5440,24195510253
424.9,2.35349,44.7742,0,85,65,43,2760,10501,5.13121,166,17.0086,0,0,5440,24197864063
191.184,5.23057,44.7742,0,85,65,43,2760,10501,5.13121,166,17.0086,0,0,5440,24203095076
373.402,2.67808,44.7742,0,85,65,43,2760,10501,5.13121,166,17.0086,0,0,5440,24205773435
692.392,1.44427,44.7742,0,85,65,43,2760,10501,5.13121,166,17.0086,0,0,5440,24207218051
587.956,1.70081,44.7742,0,85,65,43,2760,10501,5.13121,166,17.0086,0,0,5440,24208919272
358.27,2.79119,44.7742,0,85,65,43,2760,10501,5.13121,166,17.0086,0,0,5440,24211710645
414.907,2.41018,44.7742,0,85,65,43,2760,10501,5.13121,166,17.0086,0,0,5440,24214121236
357.85,2.79447,44.7742,0,85,65,43,2760,10501,5.13121,166,17.0086,0,0,5440,24216915993
384.701,2.59942,44.7742,0,85,65,43,2760,10501,5.13121,166,17.0086,0,0,5440,24219515687
366.722,2.72686,44.7742,0,85,65,43,2760,10501,5.13121,166,17.0086,0,0,5440,24222243058
386.152,2.58965,44.7742,0,85,65,43,2760,10501,5.13121,166,17.0086,0,0,5440,24224832895
327.887,3.04983,44.7742,0,85,65,43,2760,10501,5.13121,166,17.0086,0,0,5440,24227883219
400.587,2.49633,44.7742,0,85,65,43,2760,10501,5.13121,166,17.0086,0,0,5440,24230379755
289.419,3.4552,44.7742,0,85,65,43,2760,10501,5.13121,166,17.0086,0,0,5440,24233835265
575.313,1.73818,44.7742,0,85,65,43,2760,10501,5.13121,166,17.0086,0,0,5440,24235573776
326.411,3.06362,44.7742,0,85,65,43,2760,10501,5.13121,166,17.0086,0,0,5440,24238637754
419.305,2.3849,44.7742,0,85,65,43,2760,10501,5.13121,166,17.0086,0,0,5440,24241022988
205.082,4.8761,44.7742,0,85,65,43,2760,10501,5.13121,166,17.0086,0,0,5440,24245899595
551.48,1.8133,44.7742,0,85,65,43,2760,10501,5.13121,166,17.0086,0,0,5440,24247713291
233.85,4.27625,44.7742,0,85,65,43,2760,10501,5.13121,166,17.0086,0,0,5440,24251989810
870.38,1.14892,44.7742,0,85,65,43,2760,10501,5.13121,166,17.0086,0,0,5440,24253139070
783.236,1.27675,44.7742,0,85,65,43,2760,10501,5.13121,166,17.0086,0,0,5440,24254416046
313.577,3.18901,44.7742,0,85,65,43,2760,10501,5.13121,166,17.0086,0,0,5440,24257605384
224.323,4.45785,44.7742,0,85,65,43,2760,10501,5.13121,166,17.0086,0,0,5440,24262063534
1235.98,0.809075,44.7742,0,85,65,43,2760,10501,5.13121,166,17.0086,0,0,5440,24262872840
455.211,2.19678,44.7742,0,85,65,43,2760,10501,5.13121,166,17.0086,0,0,5440,24265070145
361.797,2.76398,44.7742,0,85,65,43,2760,10501,5.13121,166,17.0086,0,0,5440,24267834344
350.895,2.84986,44.7742,0,85,65,43,2760,10501,5.13121,166,17.0086,0,0,5440,24270684642
368.714,2.71213,44.7742,0,85,65,43,2760,10501,5.13121,166,17.0086,0,0,5440,24273397156
328.502,3.04412,44.7742,0,85,65,43,2760,10501,5.13121,166,17.0086,0,0,5440,24276441499
437.491,2.28576,44.7742,0,85,65,43,2760,10501,5.13121,166,17.0086,0,0,5440,24278727557
384.456,2.60108,44.7742,0,85,65,43,2760,10501,5.13121,166,17.0086,0,0,5440,24281329212
267.292,3.74123,44.7742,0,85,65,43,2760,10501,5.13121,166,17.0086,0,0,5440,24285070761
373.937,2.67424,44.7742,0,85,65,43,2760,10501,5.13121,166,17.0086,0,0,5440,24287745371
401.294,2.49194,44.7742,0,85,65,43,2760,10501,5.13121,166,17.0086,0,0,5440,24290237647
573.726,1.74299,44.7742,0,85,65,43,2760,10501,5.13121,166,17.0086,0,0,5440,24291980879
342.75,2.91758,44.7742,0,85,65,43,2760,10501,5.13121,166,17.0086,0,0,5440,24294898919
347.257,2.87971,44.7742,0,85,65,43,2760,10501,5.13121,166,17.0086,0,0,5440,24297778978
432.416,2.31259,44.7742,0,85,65,43,2760,10501,5.13121,166,17.0086,0,0,5440,24300091787
344.658,2.90142,44.7742,0,85,65,43,2760,10501,5.13121,166,17.0086,0,0,5440,24302993529
368.249,2.71555,44.7742,0,85,65,43,2760,10501,5.13121,166,17.0086,0,0,5440,24305709466
373.559,2.67695,44.7742,0,85,65,43,2760,10501,5.13121,166,17.0086,0,0,5440,24308386826
202.994,4.92625,44.7742,0,85,65,43,2760,10501,5.13121,166,17.0086,0,0,5440,24313313463
1013.91,0.986284,44.7742,0,85,65,43,2760,10501,5.13121,166,17.0086,0,0,5440,24314300073
549.067,1.82127,44.7742,0,85,65,43,2760,10501,5.13121,166,17.0086,0,0,5440,24316121779
318.108,3.14359,44.7742,0,85,65,43,2760,10501,5.13121,166,17.0086,0,0,5440,24319265817
460.435,2.17186,44.7742,0,85,65,43,2760,10501,5.13121,166,17.0086,0,0,5440,24321437804
357.175,2.79975,44.7742,0,85,65,43,2760,10501,5.13121,166,17.0086,0,0,5440,24324237879
343.649,2.90994,44.7742,0,85,65,43,2760,10501,5.13121,166,17.0086,0,0,5440,24327148131
408.337,2.44896,44.7742,0,85,65,43,2760,10501,5.13121,166,17.0086,0,0,5440,24329597502
219.45,4.55685,44.7742,0,85,65,43,2760,10501,5.13121,166,17.0086,0,0,5440,24334154838
574.344,1.74112,44.7742,0,85,65,43,2760,10501,5.13121,166,17.0086,0,0,5440,24335896070
291.007,3.43635,44.7742,0,85,65,43,2760,10501,5.13121,166,17.0086,0,0,5440,24339332974
516.389,1.93653,44.7742,0,85,65,43,2760,10501,5.13121,166,17.0086,0,0,5440,24341269636
507.063,1.97214,44.7742,0,85,65,43,2760,10501,5.13121,166,17.0086,0,0,5440,24343242058
349.85,2.85837,44.7742,0,85,65,43,2760,10501,5.13121,166,17.0086,0,0,5440,24346101001
434.062,2.30382,44.7742,0,85,65,43,2760,10501,5.13121,166,17.0086,0,0,5440,24348405069
348.896,2.86618,44.7742,0,85,65,43,2760,10501,5.13121,166,17.0086,0,0,5440,24351271636
316.413,3.16042,44.7742,0,85,65,43,2760,10501,5.13121,166,17.0086,0,0,5440,24354432522
317.248,3.15211,44.7742,0,85,65,43,2760,10501,5.13121,166,17.0086,0,0,5440,24357584830
504.25,1.98314,44.7742,0,85,65,43,2760,10501,5.13121,166,17.0086,0,0,5440,24359568406
372.782,2.68253,44.7742,0,85,65,43,2760,10501,5.13121,166,17.0086,0,0,5440,24362251237
323.21,3.09396,44.7742,0,85,65,43,2760,10501,5.13121,166,17.0086,0,0,5440,24365345639
323.439,3.09178,44.7742,0,85,65,43,2760,10501,5.13121,166,17.0086,0,0,5440,24368437686
545.287,1.8339,44.7742,0,85,65,43,2760,10501,5.13121,166,17.0086,0,0,5440,24370271805
200.276,4.99311,44.7742,0,85,65,43,2760,10501,5.13121,166,17.0086,0,0,5440,24375265387
656.776,1.52259,44.7742,0,85,65,43,2760,10501,5.13121,166,17.0086,0,0,5440,24376788285
451.06,2.217,44.7742,0,85,65,43,2760,10501,5.13121,166,17.0086,0,0,5440,24379005677
407.267,2.45539,44.7742,0,85,65,43,2760,10501,5.13121,166,17.0086,0,0,5440,24381461519
327.452,3.05388,44.7742,0,85,65,43,2760,10501,5.13121,166,17.0086,0,0,5440,24384515737
371.454,2.69212,44.7742,0,85,65,43,2760,10501,5.13121,166,17.0086,0,0,5440,24387208155
356.1,2.8082,44.7742,0,85,65,43,2760,10501,5.13121,166,17.0086,0,0,5440,24390016702
415.693,2.40562,44.7742,0,85,65,43,2760,10501,5.13121,166,17.0086,0,0,5440,24392422571
248.913,4.01746,44.7742,0,85,65,43,2760,10501,5.13121,166,17.0086,0,0,5440,24396440351
450.953,2.21753,44.7742,0,85,65,43,2760,10501,5.13121,166,17.0086,0,0,5440,24398658301
507.102,1.97199,44.7742,0,85,65,43,2760,10501,5.13121,166,17.0086,0,0,5440,24400630550
460.626,2.17096,44.7742,0,85,65,43,2760,10501,5.13121,166,17.0086,0,0,5440,24402801931
364.909,2.74041,44.7742,0,85,65,43,2760,10501,5.13121,166,17.0086,0,0,5440,24405542629
306.528,3.26234,44.7742,0,85,65,43,2760,10501,5.13121,166,17.0086,0,0,5440,24408805248
462.758,2.16096,44.7742,0,85,65,43,2760,10501,5.13121,166,17.0086,0,0,5440,24410966504
239.811,4.16995,44.7742,0,85,65,43,2760,10501,5.13121,166,17.0086,0,0,5440,24415139212
480.112,2.08285,44.8276,0,85,65,43,2760,10501,5.13239,164,17.0073,0,0,5449,24417220089
528.776,1.89116,44.8276,0,85,65,43,2760,10501,5.13239,164,17.0073,0,0,5449,24419111557
172.371,5.80145,44.8276,0,85,65,43,2760,10501,5.13239,164,17.0073,0,0,5449,24424913310
599.732,1.66741,44.8276,0,85,65,43,2760,10501,5.13239,164,17.0073,0,0,5449,24426581193
635.742,1.57297,44.8276,0,85,65,43,2760,10501,5.13239,164,17.0073,0,0,5449,24428154429
449.099,2.22668,44.8276,0,85,65,43,2760,10501,5.13239,164,17.0073,0,0,5449,24430381398
288.141,3.47052,44.8276,0,85,65,43,2760,10501,5.13239,164,17.0073,0,0,5449,24433852188
556.2,1.79792,44.8276,0,85,65,43,2760,10501,5.13239,164,17.0073,0,0,5449,24435650480
384.331,2.60192,44.8276,0,85,65,43,2760,10501,5.13239,164,17.0073,0,0,5449,24438252779
361.05,2.7697,44.8276,0,85,65,43,2760,10501,5.13239,164,17.0073,0,0,5449,24441022786
355.867,2.81004,44.8276,0,85,65,43,2760,10501,5.13239,164,17.0073,0,0,5449,24443833217
354.465,2.82115,44.8276,0,85,65,43,2760,10501,5.13239,164,17.0073,0,0,5449,24446654649
305.77,3.27043,44.8276,0,85,65,43,2760,10501,5.13239,164,17.0073,0,0,5449,24449925394
367.813,2.71877,44.8276,0,85,65,43,2760,10501,5.13239,164,17.0073,0,0,5449,24452644620
346.507,2.88594,44.8276,0,85,65,43,2760,10501,5.13239,164,17.0073,0,0,5449,24455530938
607.9,1.64501,44.8276,0,85,65,43,2760,10501,5.13239,164,17.0073,0,0,5449,24457176397
349.939,2.85765,44.8276,0,85,65,43,2760,10501,5.13239,164,17.0073,0,0,5449,24460034263
375.455,2.66344,44.8276,0,85,65,43,2760,10501,5.13239,164,17.0073,0,0,5449,24462698103
284.108,3.51979,44.8276,0,85,65,43,2760,10501,5.13239,164,17.0073,0,0,5449,24466218337
253.014,3.95234,44.8276,0,85,65,43,2760,10501,5.13239,164,17.0073,0,0,5449,24470172201
1434.29,0.697207,44.8276,0,85,65,43,2760,10501,5.13239,164,17.0073,0,0,5449,24470868494
302.014,3.3111,44.8276,0,85,65,43,2760,10501,5.13239,164,17.0073,0,0,5449,24474179922
236.76,4.22369,44.8276,0,85,65,43,2760,10501,5.13239,164,17.0073,0,0,5449,24478404267
362.425,2.75919,44.8276,0,85,65,43,2760,10501,5.13239,164,17.0073,0,0,5449,24481163485
972.012,1.02879,44.8276,0,85,65,43,2760,10501,5.13239,164,17.0073,0,0,5449,24482192644
391.916,2.55157,44.8276,0,85,65,43,2760,10501,5.13239,164,17.0073,0,0,5449,24484744548
405.01,2.46907,44.8276,0,85,65,43,2760,10501,5.13239,164,17.0073,0,0,5449,24487214064
338.774,2.95182,44.8276,0,85,65,43,2760,10501,5.13239,164,17.0073,0,0,5449,24490166125
358.807,2.78702,44.8276,0,85,65,43,2760,10501,5.13239,164,17.0073,0,0,5449,24492953449
403.84,2.47623,44.8276,0,85,65,43,2760,10501,5.13239,164,17.0073,0,0,5449,24495429975
435.58,2.29579,44.8276,0,85,65,43,2760,10501,5.13239,164,17.0073,0,0,5449,24497726158
309.209,3.23406,44.8276,0,85,65,43,2760,10501,5.13239,164,17.0073,0,0,5449,24500960508
239.429,4.17661,44.8276,0,85,65,43,2760,10501,5.13239,164,17.0073,0,0,5449,24505137591
623.719,1.60328,44.8276,0,85,65,43,2760,10501,5.13239,164,17.0073,0,0,5449,24506741212
571.846,1.74872,44.8276,0,85,65,43,2760,10501,5.13239,164,17.0073,0,0,5449,24508490156
289.094,3.45908,44.8276,0,85,65,43,2760,10501,5.13239,164,17.0073,0,0,5449,24511949580
382.954,2.61128,44.8276,0,85,65,43,2760,10501,5.13239,164,17.0073,0,0,5449,24514561187
509.717,1.96187,44.8276,0,85,65,43,2760,10501,5.13239,164,17.0073,0,0,5449,24516523397
342.295,2.92145,44.8276,0,85,65,43,2760,10501,5.13239,164,17.0073,0,0,5449,24519445207
386.712,2.58591,44.8276,0,85,65,43,2760,10501,5.13239,164,17.0073,0,0,5449,24522031420
294.941,3.39051,44.8276,0,85,65,43,2760,10501,5.13239,164,17.0073,0,0,5449,24525422265
557.981,1.79218,44.8276,0,85,65,43,2760,10501,5.13239,164,17.0073,0,0,5449,24527214796
215.182,4.64723,44.8276,0,85,65,43,2760,10501,5.13239,164,17.0073,0,0,5449,24531862539
701.948,1.42461,44.8276,0,85,65,43,2760,10501,5.13239,164,17.0073,0,0,5449,24533287395
354.879,2.81786,44.8276,0,85,65,43,2760,10501,5.13239,164,17.0073,0,0,5449,24536105653
490.408,2.03912,44.8276,0,85,65,43,2760,10501,5.13239,164,17.0073,0,0,5449,24538145193
362.989,2.7549,44.8276,0,85,65,43,2760,10501,5.13239,164,17.0073,0,0,5449,24540900286
293.944,3.40201,44.8276,0,85,65,43,2760,10501,5.13239,164,17.0073,0,0,5449,24544302574
387.733,2.5791,44.8276,0,85,65,43,2760,10501,5.13239,164,17.0073,0,0,5449,24546881978
310.111,3.22465,44.8276,0,85,65,43,2760,10501,5.13239,164,17.0073,0,0,5449,24550107087
512.998,1.94932,44.8276,0,85,65,43,2760,10501,5.13239,164,17.0073,0,0,5449,24552056691
372.805,2.68237,44.8276,0,85,65,43,2760,10501,5.13239,164,17.0073,0,0,5449,24554739349
242.056,4.13127,44.8276,0,85,65,43,2760,10501,5.13239,164,17.0073,0,0,5449,24558871084
308.886,3.23745,44.8276,0,85,65,43,2760,10501,5.13239,164,17.0073,0,0,5449,24562108885
636.08,1.57213,44.8276,0,85,65,43,2760,10501,5.13239,164,17.0073,0,0,5449,24563681352
473.09,2.11376,44.8276,0,85,65,43,2760,10501,5.13239,164,17.0073,0,0,5449,24565795250
385.612,2.59328,44.8276,0,85,65,43,2760,10501,5.13239,164,17.0073,0,0,5449,24568388886
354.219,2.82312,44.8276,0,85,65,43,2760,10501,5.13239,164,17.0073,0,0,5449,24571212394
310.255,3.22316,44.8276,0,85,65,43,2760,10501,5.13239,164,17.0073,0,0,5449,24574435964
471.956,2.11884,44.8276,0,85,65,43,2760,10501,5.13239,164,17.0073,0,0,5449,24576555036
355.114,2.816,44.8276,0,85,65,43,2760,10501,5.13239,164,17.0073,0,0,5449,24579371246
417.07,2.39768,44.8276,0,85,65,43,2760,10501,5.13239,164,17.0073,0,0,5449,24581769336
196.513,5.08872,44.8276,0,85,65,43,2760,10501,5.13239,164,17.0073,0,0,5449,24586858671
549.926,1.81843,44.8276,0,85,65,43,2760,10501,5.13239,164,17.0073,0,0,5449,24588677194
411.96,2.42742,44.8276,0,85,65,43,2760,10501,5.13239,164,17.0073,0,0,5449,24591104940
454.161,2.20186,44.8276,0,85,65,43,2760,10501,5.13239,164,17.0073,0,0,5449,24593307139
266.409,3.75363,44.8276,0,85,65,43,2760,10501,5.13239,164,17.0073,0,0,5449,24597061150
652.11,1.53348,44.8276,0,85,65,43,2760,10501,5.13239,164,17.0073,0,0,5449,24598594923
360.376,2.77488,44.8276,0,85,65,43,2760,10501,5.13239,164,17.0073,0,0,5449,24601370170
369.558,2.70594,44.8276,0,85,65,43,2760,10501,5.13239,164,17.0073,0,0,5449,24604076425
395.409,2.52903,44.8276,0,85,65,43,2760,10501,5.13239,164,17.0073,0,0,5449,24606605721
350.355,2.85425,44.8276,0,85,65,43,2760,10501,5.13239,164,17.0073,0,0,5449,24609460395
187.349,5.33762,44.8276,0,85,65,43,2760,10501,5.13239,164,17.0073,0,0,5449,24614798353
1910.12,0.523528,44.8276,0,85,65,43,2760,10501,5.13239,164,17.0073,0,0,5449,24615322073
461.843,2.16524,44.8276,0,85,65,43,2760,10501,5.13239,164,17.0073,0,0,5449,24617487771
335.626,2.97951,44.8276,0,85,65,43,2760,10501,5.13239,164,17.0073,0,0,5449,24620467727
456.556,2.19031,44.8276,0,85,65,43,2760,10501,5.13239,164,17.0073,0,0,5449,24622658224
382.417,2.61494,44.8276,0,85,65,43,2760,10501,5.13239,164,17.0073,0,0,5449,24625273495
395.31,2.52966,44.8276,0,85,65,43,2760,10501,5.13239,164,17.0073,0,0,5449,24627803570
365.546,2.73563,44.8276,0,85,65,43,2760,10501,5.13239,164,17.0073,0,0,5449,24630539624
285.35,3.50447,44.8276,0,85,65,43,2760,10501,5.13239,164,17.0073,0,0,5449,24634044300
316.833,3.15623,44.8276,0,85,65,43,2760,10501,5.13239,164,17.0073,0,0,5449,24637200954
241.802,4.13562,44.8276,0,85,65,43,2760,10501,5.13239,164,17.0073,0,0,5449,24641336998
1392.53,0.71812,44.8276,0,85,65,43,2760,10501,5.13239,164,17.0073,0,0,5449,24642055262
420.482,2.37822,44.8276,0,85,65,43,2760,10501,5.13239,164,17.0073,0,0,5449,24644433794
364.247,2.74539,44.8276,0,85,65,43,2760,10501,5.13239,164,17.0073,0,0,5449,24647179512
437.192,2.28733,44.8276,0,85,65,43,2760,10501,5.13239,164,17.0073,0,0,5449,24649467233
365.345,2.73714,44.8276,0,85,65,43,2760,10501,5.13239,164,17.0073,0,0,5449,24652204623
345.389,2.89529,44.8276,0,85,65,43,2760,10501,5.13239,164,17.0073,0,0,5449,24655100221
382.357,2.61536,44.8276,0,85,65,43,2760,10501,5.13239,164,17.0073,0,0,5449,24657715915
270.159,3.70152,44.8276,0,85,65,43,2760,10501,5.13239,164,17.0073,0,0,5449,24661417761
720.591,1.38775,44.8276,0,85,65,43,2760,10501,5.13239,164,17.0073,0,0,5449,24662806000
211.802,4.7214,44.8276,0,85,65,43,2760,10501,5.13239,164,17.0073,0,0,5449,24667527794
245.61,4.0715,44.8276,0,85,65,43,2760,10501,5.13239,164,17.0073,0,0,5449,24671599642
1094.48,0.913676,44.8276,0,85,65,43,2760,10501,5.13239,164,17.0073,0,0,5449,24672513481
519.323,1.92558,44.8276,0,85,65,43,2760,10501,5.13239,164,17.0073,0,0,5449,24674439527
405.454,2.46637,44.8276,0,85,65,43,2760,10501,5.13239,164,17.0073,0,0,5449,24676906244
352.297,2.83852,44.8276,0,85,65,43,2760,10501,5.13239,164,17.0073,0,0,5449,24679745119
410.73,2.43469,44.8276,0,85,65,43,2760,10501,5.13239,164,17.0073,0,0,5449,24682180105
373.997,2.67382,44.8276,0,85,65,43,2760,10501,5.13239,164,17.0073,0,0,5449,24684854079
310.047,3.22532,44.8276,0,85,65,43,2760,10501,5.13239,164,17.0073,0,0,5449,24688079977
454.032,2.20249,44.8276,0,85,65,43,2760,10501,5.13239,164,17.0073,0,0,5449,24690282868
363.195,2.75334,44.8276,0,85,65,43,2760,10501,5.13239,164,17.0073,0,0,5449,24693036567
338.434,2.95478,44.8276,0,85,65,43,2760,10501,5.13239,164,17.0073,0,0,5449,24695991724
306.326,3.26449,44.8276,0,85,65,43,2760,10501,5.13239,164,17.0073,0,0,5449,24699256459
426.463,2.34487,44.8276,0,85,65,43,2760,10501,5.13239,164,17.0073,0,0,5449,24701601836
536.825,1.8628,44.8276,0,85,65,43,2760,10501,5.13239,164,17.0073,0,0,5449,24703464793
342.909,2.91622,44.8276,0,85,65,43,2760,10501,5.13239,164,17.0073,0,0,5449,24706381440
401.838,2.48856,44.8276,0,85,65,43,2760,10501,5.13239,164,17.0073,0,0,5449,24708870273
371.215,2.69386,44.8276,0,85,65,43,2760,10501,5.13239,164,17.0073,0,0,5449,24711564451
331.208,3.01925,44.8276,0,85,65,43,2760,10501,5.13239,164,17.0073,0,0,5449,24714584024
429.494,2.32832,44.8276,0,85,65,43,2760,10501,5.13239,164,17.0073,0,0,5449,24716912852
362.452,2.75899,44.8276,0,85,65,43,2760,10501,5.13239,164,17.0073,0,0,5449,24719672032
348.347,2.8707,44.8276,0,85,65,43,2760,10501,5.13239,164,17.0073,0,0,5449,24722543023
277.438,3.60441,44.8276,0,85,65,43,2760,10501,5.13239,164,17.0073,0,0,5449,24726147846
451.68,2.21396,44.8276,0,85,65,43,2760,10501,5.13239,164,17.0073,0,0,5449,24728362065
509.078,1.96433,44.8276,0,85,65,43,2760,10501,5.13239,164,17.0073,0,0,5449,24730326727
367.466,2.72134,44.8276,0,85,65,43,2760,10501,5.13239,164,17.0073,0,0,5449,24733048405
343.779,2.90885,44.8276,0,85,65,43,2760,10501,5.13239,164,17.0073,0,0,5449,24735957484
405.421,2.46657,44.8276,0,85,65,43,2760,10501,5.13239,164,17.0073,0,0,5449,24738424548
262.819,3.80491,44.8276,0,85,65,43,2760,10501,5.13239,164,17.0073,0,0,5449,24742229830
530.982,1.8833,44.8276,0,85,65,43,2760,10501,5.13239,164,17.0073,0,0,5449,24744113509
372.789,2.68249,44.8276,0,85,65,43,2760,10501,5.13239,164,17.0073,0,0,5449,24746796186
322.357,3.10215,44.8276,0,85,65,43,2760,10501,5.13239,164,17.0073,0,0,5449,24749898858
318.236,3.14233,44.8276,0,85,65,43,2760,10501,5.13239,164,17.0073,0,0,5449,24753041589
464.78,2.15155,44.8276,0,85,65,43,2760,10501,5.13239,164,17.0073,0,0,5449,24755193382
346.041,2.88983,44.8276,0,85,65,43,2760,10501,5.13239,164,17.0073,0,0,5449,24758083461
325.841,3.06898,44.8276,0,85,65,43,2760,10501,5.13239,164,17.0073,0,0,5449,24761152881
417.531,2.39503,44.8276,0,85,65,43,2760,10501,5.13239,164,17.0073,0,0,5449,24763548193
485.686,2.05894,44.8276,0,85,65,43,2760,10501,5.13239,164,17.0073,0,0,5449,24765607387
354.683,2.81942,44.8276,0,85,65,43,2760,10501,5.13239,164,17.0073,0,0,5449,24768427203
218.593,4.57471,44.8276,0,85,65,43,2760,10501,5.13239,164,17.0073,0,0,5449,24773002185
298.04,3.35526,44.8276,0,85,65,43,2760,10501,5.13239,164,17.0073,0,0,5449,24776357721
388.515,2.5739,44.8276,0,85,65,43,2760,10501,5.13239,164,17.0073,0,0,5449,24778931942
624.135,1.60222,44.8276,0,85,65,43,2760,10501,5.13239,164,17.0073,0,0,5449,24780534515
499.733,2.00107,44.8276,0,85,65,43,2760,10501,5.13239,164,17.0073,0,0,5449,24782535996
203.155,4.92236,44.8276,0,85,65,43,2760,10501,5.13239,164,17.0073,0,0,5449,24787458614
1489.98,0.671148,44.8276,0,85,65,43,2760,10501,5.13239,164,17.0073,0,0,5449,24788129714
431.361,2.31824,44.8276,0,85,65,43,2760,10501,5.13239,164,17.0073,0,0,5449,24790448426
394.08,2.53756,44.8276,0,85,65,43,2760,10501,5.13239,164,17.0073,0,0,5449,24792986252
327.44,3.054,44.8276,0,85,65,43,2760,10501,5.13239,164,17.0073,0,0,5449,24796040480
382.922,2.6115,44.8276,0,85,65,43,2760,10501,5.13239,164,17.0073,0,0,5449,24798652299
323.126,3.09477,44.8276,0,85,65,43,2760,10501,5.13239,164,17.0073,0,0,5449,24801747509
462.219,2.16348,44.8276,0,85,65,43,2760,10501,5.13239,164,17.0073,0,0,5449,24803911236
323.348,3.09264,44.8276,0,85,65,43,2760,10501,5.13239,164,17.0073,0,0,5449,24807004186
466.344,2.14434,44.8276,0,85,65,43,2760,10501,5.13239,164,17.0073,0,0,5449,24809148797
303.302,3.29704,44.8276,0,85,65,43,2760,10501,5.13239,164,17.0073,0,0,5449,24812446216
392.788,2.5459,44.8276,0,85,65,43,2760,10501,5.13239,164,17.0073,0,0,5449,24814992417
401.602,2.49003,44.8276,0,85,65,43,2760,10501,5.13239,164,17.0073,0,0,5449,24817482780
383.38,2.60838,44.8276,0,85,65,43,2760,10501,5.13239,164,17.0073,0,0,5449,24820091406
209.581,4.77142,44.8276,0,85,65,43,2760,10501,5.13239,164,17.0073,0,0,5449,24824863336
2190.14,0.456592,44.8276,0,85,65,43,2760,10501,5.13239,164,17.0073,0,0,5449,24825320101
199.877,5.00307,44.8276,0,85,65,43,2760,10501,5.13239,164,17.0073,0,0,5449,24830323568
727.523,1.37453,44.8276,0,85,65,43,2760,10501,5.13239,164,17.0073,0,0,5449,24831698393
511.721,1.95419,44.8276,0,85,65,43,2760,10501,5.13239,164,17.0073,0,0,5449,24833652930
412.511,2.42418,44.8276,0,85,65,43,2760,10501,5.13239,164,17.0073,0,0,5449,24836077339
291.575,3.42964,44.8276,0,85,65,43,2760,10501,5.13239,164,17.0073,0,0,5449,24839507291
440.48,2.27025,44.8276,0,85,65,43,2760,10501,5.13239,164,17.0073,0,0,5449,24841777829
343.902,2.90781,44.8276,0,85,65,43,2760,10501,5.13239,164,17.0073,0,0,5449,24844685966
465.74,2.14712,44.8276,0,85,65,43,2760,10501,5.13239,164,17.0073,0,0,5449,24846833519
373.482,2.6775,44.8276,0,85,65,43,2760,10501,5.13239,164,17.0073,0,0,5449,24849511215
349.815,2.85865,44.8276,0,85,65,43,2760,10501,5.13239,164,17.0073,0,0,5449,24852370215
390.263,2.56237,44.8276,0,85,65,43,2760,10501,5.13239,164,17.0073,0,0,5449,24854932888
374.976,2.66684,44.8276,0,85,65,43,2760,10501,5.13239,164,17.0073,0,0,5449,24857599920
333.48,2.99868,44.8276,0,85,65,43,2760,10501,5.13239,164,17.0073,0,0,5449,24860598915
264.201,3.785,44.8276,0,85,65,43,2760,10501,5.13239,164,17.0073,0,0,5449,24864384245
743.357,1.34525,44.8276,0,85,65,43,2760,10501,5.13239,164,17.0073,0,0,5449,24865729742
408.06,2.45062,44.8276,0,85,65,43,2760,10501,5.13239,164,17.0073,0,0,5449,24868180700
372.104,2.68742,44.8276,0,85,65,43,2760,10501,5.13239,164,17.0073,0,0,5449,24870868531
344.129,2.90589,44.8276,0,85,65,43,2760,10501,5.13239,164,17.0073,0,0,5449,24873774830
398.912,2.50682,44.8276,0,85,65,43,2760,10501,5.13239,164,17.0073,0,0,5449,24876281876
388.026,2.57715,44.8276,0,85,65,43,2760,10501,5.13239,164,17.0073,0,0,5449,24878859309
197.614,5.06037,44.8276,0,85,65,43,2760,10501,5.13239,164,17.0073,0,0,5449,24883920067
2394.08,0.417697,44.8276,0,85,65,43,2760,10501,5.13239,164,17.0073,0,0,5449,24884338033
389.82,2.56529,44.8276,0,85,65,43,2760,10501,5.13239,164,17.0073,0,0,5449,24886903657
228.859,4.36949,44.8276,0,85,65,43,2760,10501,5.13239,164,17.0073,0,0,5449,24891273641
596.054,1.6777,44.8276,0,85,65,43,2760,10501,5.13239,164,17.0073,0,0,5449,24892951525
450.802,2.21827,44.8276,0,85,65,43,2760,10501,5.13239,164,17.0073,0,0,5449,24895170080
256.266,3.90219,44.8276,0,85,65,43,2760,10501,5.13239,164,17.0073,0,0,5449,24899072712
809.356,1.23555,44.8276,0,85,65,43,2760,10501,5.13239,164,17.0073,0,0,5449,24900308619
357.74,2.79533,44.8276,0,85,65,43,2760,10501,5.13239,164,17.0073,0,0,5449,24903104251
337.615,2.96196,44.8276,0,85,65,43,2760,10501,5.13239,164,17.0073,0,0,5449,24906066505
387.076,2.58347,44.8276,0,85,65,43,2760,10501,5.13239,164,17.0073,0,0,5449,24908650284
362.752,2.75671,44.8276,0,85,65,43,2760,10501,5.13239,164,17.0073,0,0,5449,24911407175
343.092,2.91467,44.8276,0,85,65,43,2760,10501,5.13239,164,17.0073,0,0,5449,24914322129
352.264,2.83878,44.8276,0,85,65,43,2760,10501,5.13239,164,17.0073,0,0,5449,24917163196
557.972,1.7922,45.232,0,85,65,44,2760,10501,5.12965,164,17.0041,0,0,5449,24918953805
336.193,2.97448,45.232,0,85,65,44,2760,10501,5.12965,164,17.0041,0,0,5449,24921928578
356.745,2.80312,45.232,0,85,65,44,2760,10501,5.12965,164,17.0041,0,0,5449,24924732076
386.785,2.58541,45.232,0,85,65,44,2760,10501,5.12965,164,17.0041,0,0,5449,24927317740
348.969,2.86559,45.232,0,85,65,44,2760,10501,5.12965,164,17.0041,0,0,5449,24930183635
290.379,3.44378,45.232,0,85,65,44,2760,10501,5.12965,164,17.0041,0,0,5449,24933627799
334.097,2.99314,45.232,0,85,65,44,2760,10501,5.12965,164,17.0041,0,0,5449,24936621217
336.993,2.96742,45.232,0,85,65,44,2760,10501,5.12965,164,17.0041,0,0,5449,24939589067
395.177,2.53051,45.232,0,85,65,44,2760,10501,5.12965,164,17.0041,0,0,5449,24942119989
520.022,1.923,45.232,0,85,65,44,2760,10501,5.12965,164,17.0041,0,0,5449,24944043246
417.489,2.39527,45.232,0,85,65,44,2760,10501,5.12965,164,17.0041,0,0,5449,24946438856
387.764,2.57889,45.232,0,85,65,44,2760,10501,5.12965,164,17.0041,0,0,5449,24949018164
289.192,3.45791,45.232,0,85,65,44,2760,10501,5.12965,164,17.0041,0,0,5449,24952476511
523.453,1.91039,45.232,0,85,65,44,2760,10501,5.12965,164,17.0041,0,0,5449,24954387162
345.87,2.89126,45.232,0,85,65,44,2760,10501,5.12965,164,17.0041,0,0,5449,24957278750
418.935,2.387,45.232,0,85,65,44,2760,10501,5.12965,164,17.0041,0,0,5449,24959666061
159.635,6.26428,45.232,0,85,65,44,2760,10501,5.12965,164,17.0041,0,0,5449,24965930734
919.038,1.08809,45.232,0,85,65,44,2760,10501,5.12965,164,17.0041,0,0,5449,24967019194
561.651,1.78046,45.232,0,85,65,44,2760,10501,5.12965,164,17.0041,0,0,5449,24968799975
192.512,5.19447,45.232,0,85,65,44,2760,10501,5.12965,164,17.0041,0,0,5449,24973994881
835.448,1.19696,45.232,0,85,65,44,2760,10501,5.12965,164,17.0041,0,0,5449,24975192046
584.677,1.71035,45.232,0,85,65,44,2760,10501,5.12965,164,17.0041,0,0,5449,24976902671
361.624,2.7653,45.232,0,85,65,44,2760,10501,5.12965,164,17.0041,0,0,5449,24979668312
389.235,2.56914,45.232,0,85,65,44,2760,10501,5.12965,164,17.0041,0,0,5449,24982237793
331.832,3.01357,45.232,0,85,65,44,2760,10501,5.12965,164,17.0041,0,0,5449,24985251712
216.368,4.62176,45.232,0,85,65,44,2760,10501,5.12965,164,17.0041,0,0,5449,24989873810
409.012,2.44492,45.232,0,85,65,44,2760,10501,5.12965,164,17.0041,0,0,5449,24992319027
409.682,2.44092,45.232,0,85,65,44,2760,10501,5.12965,164,17.0041,0,0,5449,24994760311
635.113,1.57452,45.232,0,85,65,44,2760,10501,5.12965,164,17.0041,0,0,5449,24996335182
429.083,2.33055,45.232,0,85,65,44,2760,10501,5.12965,164,17.0041,0,0,5449,24998666087
356.238,2.80711,45.232,0,85,65,44,2760,10501,5.12965,164,17.0041,0,0,5449,25001473480
346.083,2.88948,45.232,0,85,65,44,2760,10501,5.12965,164,17.0041,0,0,5449,25004363289
304.868,3.28011,45.232,0,85,65,44,2760,10501,5.12965,164,17.0041,0,0,5449,25007643688
399.713,2.5018,45.232,0,85,65,44,2760,10501,5.12965,164,17.0041,0,0,5449,25010145955
378.193,2.64416,45.232,0,85,65,44,2760,10501,5.12965,164,17.0041,0,0,5449,25012790313
461.538,2.16667,45.232,0,85,65,44,2760,10501,5.12965,164,17.0041,0,0,5449,25014957290
290.793,3.43888,45.232,0,85,65,44,2760,10501,5.12965,164,17.0041,0,0,5449,25018396444
481.74,2.07581,45.232,0,85,65,44,2760,10501,5.12965,164,17.0041,0,0,5449,25020472591
461.706,2.16588,45.232,0,85,65,44,2760,10501,5.12965,164,17.0041,0,0,5449,25022638818
281.707,3.54978,45.232,0,85,65,44,2760,10501,5.12965,164,17.0041,0,0,5449,25026188918
470.658,2.12469,45.232,0,85,65,44,2760,10501,5.12965,164,17.0041,0,0,5449,25028313913
424.013,2.35842,45.232,0,85,65,44,2760,10501,5.12965,164,17.0041,0,0,5449,25030672800
356.695,2.80352,45.232,0,85,65,44,2760,10501,5.12965,164,17.0041,0,0,5449,25033476529
339.948,2.94163,45.232,0,85,65,44,2760,10501,5.12965,164,17.0041,0,0,5449,25036418465
178.264,5.60965,45.232,0,85,65,44,2760,10501,5.12965,164,17.0041,0,0,5449,25042028693
211.019,4.7389,45.232,0,85,65,44,2760,10501,5.12965,164,17.0041,0,0,5449,25046767727
606.153,1.64975,45.232,0,85,65,44,2760,10501,5.12965,164,17.0041,0,0,5449,25048417687
247.584,4.03903,45.232,0,85,65,44,2760,10501,5.12965,164,17.0041,0,0,5449,25052457102
1745.37,0.572943,45.232,0,85,65,44,2760,10501,5.12965,164,17.0041,0,0,5449,25053030448
443.993,2.25229,45.232,0,85,65,44,2760,10501,5.12965,164,17.0041,0,0,5449,25055283101
290.03,3.44791,45.232,0,85,65,44,2760,10501,5.12965,164,17.0041,0,0,5449,25058731409
464.764,2.15163,45.232,0,85,65,44,2760,10501,5.12965,164,17.0041,0,0,5449,25060883549
356.137,2.80791,45.232,0,85,65,44,2760,10501,5.12965,164,17.0041,0,0,5449,25063691548
388.424,2.57451,45.232,0,85,65,44,2760,10501,5.12965,164,17.0041,0,0,5449,25066266394
243.328,4.10968,45.232,0,85,65,44,2760,10501,5.12965,164,17.0041,0,0,5449,25070376417
223.753,4.46922,45.232,0,85,65,44,2760,10501,5.12965,164,17.0041,0,0,5449,25074845991
1939.69,0.515546,45.232,0,85,65,44,2760,10501,5.12965,164,17.0041,0,0,5449,25075361845
447.826,2.23301,45.232,0,85,65,44,2760,10501,5.12965,164,17.0041,0,0,5449,25077595247
385.686,2.59278,45.232,0,85,65,44,2760,10501,5.12965,164,17.0041,0,0,5449,25080188392
347.687,2.87615,45.232,0,85,65,44,2760,10501,5.12965,164,17.0041,0,0,5449,25083064816
384.735,2.59919,45.232,0,85,65,44,2760,10501,5.12965,164,17.0041,0,0,5449,25085664452
280.057,3.5707,45.232,0,85,65,44,2760,10501,5.12965,164,17.0041,0,0,5449,25089235553
562.237,1.77861,45.232,0,85,65,44,2760,10501,5.12965,164,17.0041,0,0,5449,25091014382
347.981,2.87372,45.232,0,85,65,44,2760,10501,5.12965,164,17.0041,0,0,5449,25093888431
394.71,2.53351,45.232,0,85,65,44,2760,10501,5.12965,164,17.0041,0,0,5449,25096422333
197.185,5.07138,45.232,0,85,65,44,2760,10501,5.12965,164,17.0041,0,0,5449,25101494071
1478.82,0.676215,45.232,0,85,65,44,2760,10501,5.12965,164,17.0041,0,0,5449,25102170642
362.265,2.76041,45.232,0,85,65,44,2760,10501,5.12965,164,17.0041,0,0,5449,25104931341
403.77,2.47666,45.232,0,85,65,44,2760,10501,5.12965,164,17.0041,0,0,5449,25107408232
363.762,2.74905,45.232,0,85,65,44,2760,10501,5.12965,164,17.0041,0,0,5449,25110157556
246.499,4.05682,45.232,0,85,65,44,2760,10501,5.12965,164,17.0041,0,0,5449,25114214731
903.022,1.10739,45.232,0,85,65,44,2760,10501,5.12965,164,17.0041,0,0,5449,25115322364
375.049,2.66632,45.232,0,85,65,44,2760,10501,5.12965,164,17.0041,0,0,5449,25117989022
392.87,2.54537,45.232,0,85,65,44,2760,10501,5.12965,164,17.0041,0,0,5449,25120534752
346.586,2.88529,45.232,0,85,65,44,2760,10501,5.12965,164,17.0041,0,0,5449,25123420368
326.375,3.06396,45.232,0,85,65,44,2760,10501,5.12965,164,17.0041,0,0,5449,25126484596
438.487,2.28057,45.232,0,85,65,44,2760,10501,5.12965,164,17.0041,0,0,5449,25128765442
343.474,2.91143,45.232,0,85,65,44,2760,10501,5.12965,164,17.0041,0,0,5449,25131677252
430.741,2.32158,45.232,0,85,65,44,2760,10501,5.12965,164,17.0041,0,0,5449,25133999148
392.866,2.54539,45.232,0,85,65,44,2760,10501,5.12965,164,17.0041,0,0,5449,25136544762
359.51,2.78156,45.232,0,85,65,44,2760,10501,5.12965,164,17.0041,0,0,5449,25139327019
328.828,3.0411,45.232,0,85,65,44,2760,10501,5.12965,164,17.0041,0,0,5449,25142368458
206.572,4.84092,45.232,0,85,65,44,2760,10501,5.12965,164,17.0041,0,0,5449,25147209785
587.973,1.70076,45.232,0,85,65,44,2760,10501,5.12965,164,17.0041,0,0,5449,25148910756
726.653,1.37617,45.232,0,85,65,44,2760,10501,5.12965,164,17.0041,0,0,5449,25150287254
264.478,3.78103,45.232,0,85,65,44,2760,10501,5.12965,164,17.0041,0,0,5449,25154068699
544.424,1.8368,45.232,0,85,65,44,2760,10501,5.12965,164,17.0041,0,0,5449,25155905713
406.132,2.46226,45.232,0,85,65,44,2760,10501,5.12965,164,17.0041,0,0,5449,25158368488
349.265,2.86315,45.232,0,85,65,44,2760,10501,5.12965,164,17.0041,0,0,5449,25161231835
431.555,2.3172,45.232,0,85,65,44,2760,10501,5.12965,164,17.0041,0,0,5449,25163549345
288.053,3.47159,45.232,0,85,65,44,2760,10501,5.12965,164,17.0041,0,0,5449,25167021337
436.35,2.29174,45.232,0,85,65,44,2760,10501,5.12965,164,17.0041,0,0,5449,25169313501
270.122,3.70203,45.232,0,85,65,44,2760,10501,5.12965,164,17.0041,0,0,5449,25173015780
517.148,1.93368,45.232,0,85,65,44,2760,10501,5.12965,164,17.0041,0,0,5449,25174949931
444.092,2.25179,45.232,0,85,65,44,2760,10501,5.12965,164,17.0041,0,0,5449,25177201892
201.1,4.97265,45.232,0,85,65,44,2760,10501,5.12965,164,17.0041,0,0,5449,25182175088
499.11,2.00357,45.232,0,85,65,44,2760,10501,5.12965,164,17.0041,0,0,5449,25184179002
703.064,1.42235,45.232,0,85,65,44,2760,10501,5.12965,164,17.0041,0,0,5449,25185601569
375.238,2.66497,45.232,0,85,65,44,2760,10501,5.12965,164,17.0041,0,0,5449,25188266851
379.408,2.63568,45.232,0,85,65,44,2760,10501,5.12965,164,17.0041,0,0,5449,25190902825
345.743,2.89232,45.232,0,85,65,44,2760,10501,5.12965,164,17.0041,0,0,5449,25193795461
407.842,2.45193,45.232,0,85,65,44,2760,10501,5.12965,164,17.0041,0,0,5449,25196247716
329.19,3.03776,45.232,0,85,65,44,2760,10501,5.12965,164,17.0041,0,0,5449,25199285819
460.765,2.1703,45.232,0,85,65,44,2760,10501,5.12965,164,17.0041,0,0,5449,25201456344
312.528,3.19971,45.232,0,85,65,44,2760,10501,5.12965,164,17.0041,0,0,5449,25204656481
280.046,3.57084,45.232,0,85,65,44,2760,10501,5.12965,164,17.0041,0,0,5449,25208227649
339.973,2.94141,45.232,0,85,65,44,2760,10501,5.12965,164,17.0041,0,0,5449,25211169296
596.94,1.67521,45.232,0,85,65,44,2760,10501,5.12965,164,17.0041,0,0,5449,25212844862
489.725,2.04196,45.232,0,85,65,44,2760,10501,5.12965,164,17.0041,0,0,5449,25214887268
230.801,4.33274,45.232,0,85,65,44,2760,10501,5.12965,164,17.0041,0,0,5449,25219220385
595.845,1.67829,45.232,0,85,65,44,2760,10501,5.12965,164,17.0041,0,0,5449,25220899009
334.938,2.98563,45.232,0,85,65,44,2760,10501,5.12965,164,17.0041,0,0,5449,25223884879
453.225,2.20641,45.232,0,85,65,44,2760,10501,5.12965,164,17.0041,0,0,5449,25226091674
422.808,2.36514,45.232,0,85,65,44,2760,10501,5.12965,164,17.0041,0,0,5449,25228457206
368.184,2.71603,45.232,0,85,65,44,2760,10501,5.12965,164,17.0041,0,0,5449,25231173490
241.788,4.13586,45.232,0,85,65,44,2760,10501,5.12965,164,17.0041,0,0,5449,25235309821
615.338,1.62512,45.232,0,85,65,44,2760,10501,5.12965,164,17.0041,0,0,5449,25236935174
382.924,2.61148,45.232,0,85,65,44,2760,10501,5.12965,164,17.0041,0,0,5449,25239546964
269.933,3.70462,45.232,0,85,65,44,2760,10501,5.12965,164,17.0041,0,0,5449,25243251983
607.96,1.64484,45.232,0,85,65,44,2760,10501,5.12965,164,17.0041,0,0,5449,25244897096
307.109,3.25618,45.232,0,85,65,44,2760,10501,5.12965,164,17.0041,0,0,5449,25248153571
433.771,2.30537,45.232,0,85,65,44,2760,10501,5.12965,164,17.0041,0,0,5449,25250459245
420.677,2.37712,45.232,0,85,65,44,2760,10501,5.12965,164,17.0041,0,0,5449,25252836662
393.25,2.54291,45.232,0,85,65,44,2760,10501,5.12965,164,17.0041,0,0,5449,25255379921
344.086,2.90625,45.232,0,85,65,44,2760,10501,5.12965,164,17.0041,0,0,5449,25258286701
235.561,4.24518,45.232,0,85,65,44,2760,10501,5.12965,164,17.0041,0,0,5449,25262532152
540.242,1.85102,45.232,0,85,65,44,2760,10501,5.12965,164,17.0041,0,0,5449,25264383580
402.445,2.48481,45.232,0,85,65,44,2760,10501,5.12965,164,17.0041,0,0,5449,25266868750
354.962,2.8172,45.232,0,85,65,44,2760,10501,5.12965,164,17.0041,0,0,5449,25269686335
410.717,2.43477,45.232,0,85,65,44,2760,10501,5.12965,164,17.0041,0,0,5449,25272121446
355.792,2.81063,45.232,0,85,65,44,2760,10501,5.12965,164,17.0041,0,0,5449,25274932445
447.786,2.23321,45.232,0,85,65,44,2760,10501,5.12965,164,17.0041,0,0,5449,25277165934
309.104,3.23516,45.232,0,85,65,44,2760,10501,5.12965,164,17.0041,0,0,5449,25280401523
448.394,2.23018,45.232,0,85,65,44,2760,10501,5.12965,164,17.0041,0,0,5449,25282632079
385.795,2.59205,45.232,0,85,65,44,2760,10501,5.12965,164,17.0041,0,0,5449,25285224369
193.831,5.15912,45.232,0,85,65,44,2760,10501,5.12965,164,17.0041,0,0,5449,25290383879
562.554,1.77761,45.232,0,85,65,44,2760,10501,5.12965,164,17.0041,0,0,5449,25292161679
659.529,1.51623,45.232,0,85,65,44,2760,10501,5.12965,164,17.0041,0,0,5449,25293678461
357.077,2.80052,45.232,0,85,65,44,2760,10501,5.12965,164,17.0041,0,0,5449,25296479104
424.893,2.35353,45.232,0,85,65,44,2760,10501,5.12965,164,17.0041,0,0,5449,25298832895
341.774,2.92591,45.232,0,85,65,44,2760,10501,5.12965,164,17.0041,0,0,5449,25301759166
250.674,3.98924,45.232,0,85,65,44,2760,10501,5.12965,164,17.0041,0,0,5449,25305748781
519.907,1.92342,45.232,0,85,65,44,2760,10501,5.12965,164,17.0041,0,0,5449,25307672452
406.284,2.46133,45.232,0,85,65,44,2760,10501,5.12965,164,17.0041,0,0,5449,25310134131
340.665,2.93544,45.232,0,85,65,44,2760,10501,5.12965,164,17.0041,0,0,5449,25313069894
158.978,6.29019,45.232,0,85,65,44,2760,10501,5.12965,164,17.0041,0,0,5449,25319360423
353.499,2.82886,45.232,0,85,65,44,2760,10501,5.12965,164,17.0041,0,0,5449,25322189518
718.998,1.39083,45.232,0,85,65,44,2760,10501,5.12965,164,17.0041,0,0,5449,25323580844
385.635,2.59313,45.232,0,85,65,44,2760,10501,5.12965,164,17.0041,0,0,5449,25326174191
502.654,1.98944,45.232,0,85,65,44,2760,10501,5.12965,164,17.0041,0,0,5449,25328163893
337.906,2.95941,45.232,0,85,65,44,2760,10501,5.12965,164,17.0041,0,0,5449,25331123627
324.06,3.08584,45.232,0,85,65,44,2760,10501,5.12965,164,17.0041,0,0,5449,25334209769
439.985,2.27281,45.232,0,85,65,44,2760,10501,5.12965,164,17.0041,0,0,5449,25336482990
381.503,2.62121,45.232,0,85,65,44,2760,10501,5.12965,164,17.0041,0,0,5449,25339104463
397.803,2.51381,45.232,0,85,65,44,2760,10501,5.12965,164,17.0041,0,0,5449,25341618529
302.588,3.30482,45.232,0,85,65,44,2760,10501,5.12965,164,17.0041,0,0,5449,25344923659
463.821,2.156,45.232,0,85,65,44,2760,10501,5.12965,164,17.0041,0,0,5449,25347080011
375.778,2.66115,45.232,0,85,65,44,2760,10501,5.12965,164,17.0041,0,0,5449,25349741572
376.822,2.65377,45.232,0,85,65,44,2760,10501,5.12965,164,17.0041,0,0,5449,25352395805
374.539,2.66995,45.232,0,85,65,44,2760,10501,5.12965,164,17.0041,0,0,5449,25355065924
361.761,2.76426,45.232,0,85,65,44,2760,10501,5.12965,164,17.0041,0,0,5449,25357830758
298.755,3.34723,45.232,0,85,65,44,2760,10501,5.12965,164,17.0041,0,0,5449,25361178245
406.702,2.4588,45.232,0,85,65,44,2760,10501,5.12965,164,17.0041,0,0,5449,25363637444
465.473,2.14835,45.232,0,85,65,44,2760,10501,5.12965,164,17.0041,0,0,5449,25365786112
343.01,2.91537,45.232,0,85,65,44,2760,10501,5.12965,164,17.0041,0,0,5449,25368701826
180.787,5.53136,45.232,0,85,65,44,2760,10501,5.12965,164,17.0041,0,0,5449,25374233609
2586.66,0.386599,45.232,0,85,65,44,2760,10501,5.12965,164,17.0041,0,0,5449,25374620045
484.157,2.06544,45.232,0,85,65,44,2760,10501,5.12965,164,17.0041,0,0,5449,25376685960
362.173,2.76111,45.232,0,85,65,44,2760,10501,5.12965,164,17.0041,0,0,5449,25379447650
403.212,2.48008,45.232,0,85,65,44,2760,10501,5.12965,164,17.0041,0,0,5449,25381928070
344.803,2.9002,45.232,0,85,65,44,2760,10501,5.12965,164,17.0041,0,0,5449,25384828542
294.893,3.39107,45.232,0,85,65,44,2760,10501,5.12965,164,17.0041,0,0,5449,25388220032
464.367,2.15347,45.232,0,85,65,44,2760,10501,5.12965,164,17.0041,0,0,5449,25390373854
322.087,3.10475,45.232,0,85,65,44,2760,10501,5.12965,164,17.0041,0,0,5449,25393478834
392.608,2.54707,45.232,0,85,65,44,2760,10501,5.12965,164,17.0041,0,0,5449,25396026170
343.375,2.91227,45.232,0,85,65,44,2760,10501,5.12965,164,17.0041,0,0,5449,25398938893
492.596,2.03006,45.232,0,85,65,44,2760,10501,5.12965,164,17.0041,0,0,5449,25400969356
337.477,2.96317,45.232,0,85,65,44,2760,10501,5.12965,164,17.0041,0,0,5449,25403932965
309.548,3.23052,45.232,0,85,65,44,2760,10501,5.12965,164,17.0041,0,0,5449,25407163891
497.888,2.00848,45.232,0,85,65,44,2760,10501,5.12965,164,17.0041,0,0,5449,25409172671
352.705,2.83523,45.232,0,85,65,44,2760,10501,5.12965,164,17.0041,0,0,5449,25412008314
359.663,2.78038,45.232,0,85,65,44,2760,10501,5.12965,164,17.0041,0,0,5449,25414789100
405.369,2.46689,45.232,0,85,65,44,2760,10501,5.12965,164,17.0041,0,0,5449,25417259193
345.858,2.89136,44.186,0,86,65,44,2760,10501,5.13395,164,17.0041,0,0,5442,25420148137
313.87,3.18603,44.186,0,86,65,44,2760,10501,5.13395,164,17.0041,0,0,5442,25423334494
258.836,3.86346,44.186,0,86,65,44,2760,10501,5.13395,164,17.0041,0,0,5442,25427198432
262.529,3.80911,44.186,0,86,65,44,2760,10501,5.13395,164,17.0041,0,0,5442,25431007743
1608.26,0.62179,44.186,0,86,65,44,2760,10501,5.13395,164,17.0041,0,0,5442,25431629745
288.837,3.46217,44.186,0,86,65,44,2760,10501,5.13395,164,17.0041,0,0,5442,25435092352
948.925,1.05382,44.186,0,86,65,44,2760,10501,5.13395,164,17.0041,0,0,5442,25436146483
344.195,2.90533,44.186,0,86,65,44,2760,10501,5.13395,164,17.0041,0,0,5442,25439052110
369.198,2.70857,44.186,0,86,65,44,2760,10501,5.13395,164,17.0041,0,0,5442,25441761009
477.403,2.09467,44.186,0,86,65,44,2760,10501,5.13395,164,17.0041,0,0,5442,25443855993
359.884,2.77867,44.186,0,86,65,44,2760,10501,5.13395,164,17.0041,0,0,5442,25446635000
305.981,3.26818,44.186,0,86,65,44,2760,10501,5.13395,164,17.0041,0,0,5442,25449903543
219.338,4.55918,44.186,0,86,65,44,2760,10501,5.13395,164,17.0041,0,0,5442,25454463226
616.762,1.62137,44.186,0,86,65,44,2760,10501,5.13395,164,17.0041,0,0,5442,25456084828
552.077,1.81134,44.186,0,86,65,44,2760,10501,5.13395,164,17.0041,0,0,5442,25457896572
383.537,2.60731,44.186,0,86,65,44,2760,10501,5.13395,164,17.0041,0,0,5442,25460504246
428.022,2.33633,44.186,0,86,65,44,2760,10501,5.13395,164,17.0041,0,0,5442,25462840950
398.025,2.5124,44.186,0,86,65,44,2760,10501,5.13395,164,17.0041,0,0,5442,25465353727
306.414,3.26356,44.186,0,86,65,44,2760,10501,5.13395,164,17.0041,0,0,5442,25468617674
321.496,3.11046,44.186,0,86,65,44,2760,10501,5.13395,164,17.0041,0,0,5442,25471728577
532.019,1.87963,44.186,0,86,65,44,2760,10501,5.13395,164,17.0041,0,0,5442,25473608582
351.273,2.84679,44.186,0,86,65,44,2760,10501,5.13395,164,17.0041,0,0,5442,25476455726
178.691,5.59625,44.186,0,86,65,44,2760,10501,5.13395,164,17.0041,0,0,5442,25482052473
1461.79,0.684091,44.186,0,86,65,44,2760,10501,5.13395,164,17.0041,0,0,5442,25482736986
333.939,2.99456,44.186,0,86,65,44,2760,10501,5.13395,164,17.0041,0,0,5442,25485731837
362.042,2.76211,44.186,0,86,65,44,2760,10501,5.13395,164,17.0041,0,0,5442,25488494613
713.727,1.4011,44.186,0,86,65,44,2760,10501,5.13395,164,17.0041,0,0,5442,25489895977
231.783,4.31438,44.186,0,86,65,44,2760,10501,5.13395,164,17.0041,0,0,5442,25494210748
689.494,1.45034,44.186,0,86,65,44,2760,10501,5.13395,164,17.0041,0,0,5442,25495661556
487.402,2.05169,44.186,0,86,65,44,2760,10501,5.13395,164,17.0041,0,0,5442,25497713683
327.517,3.05328,44.186,0,86,65,44,2760,10501,5.13395,164,17.0041,0,0,5442,25500767305
383.338,2.60866,44.186,0,86,65,44,2760,10501,5.13395,164,17.0041,0,0,5442,25503376278
189.628,5.2735,44.186,0,86,65,44,2760,10501,5.13395,164,17.0041,0,0,5442,25508650090
739.788,1.35174,44.186,0,86,65,44,2760,10501,5.13395,164,17.0041,0,0,5442,25510002107
439.137,2.27719,44.186,0,86,65,44,2760,10501,5.13395,164,17.0041,0,0,5442,25512279616
355.171,2.81555,44.186,0,86,65,44,2760,10501,5.13395,164,17.0041,0,0,5442,25515133616
539.121,1.85487,44.186,0,86,65,44,2760,10501,5.13395,164,17.0041,0,0,5442,25516950860
356.67,2.80371,44.186,0,86,65,44,2760,10501,5.13395,164,17.0041,0,0,5442,25519754907
393.397,2.54196,44.186,0,86,65,44,2760,10501,5.13395,164,17.0041,0,0,5442,25522297156
301.613,3.31551,44.186,0,86,65,44,2760,10501,5.13395,164,17.0041,0,0,5442,25525613017
462.42,2.16253,44.186,0,86,65,44,2760,10501,5.13395,164,17.0041,0,0,5442,25527775773
216.311,4.62298,44.186,0,86,65,44,2760,10501,5.13395,164,17.0041,0,0,5442,25532399160
1279.41,0.781613,44.186,0,86,65,44,2760,10501,5.13395,164,17.0041,0,0,5442,25533181109
339.616,2.9445,44.186,0,86,65,44,2760,10501,5.13395,164,17.0041,0,0,5442,25536125929
446.914,2.23757,44.186,0,86,65,44,2760,10501,5.13395,164,17.0041,0,0,5442,25538363832
243.54,4.1061,44.186,0,86,65,44,2760,10501,5.13395,164,17.0041,0,0,5442,25542470403
703.83,1.4208,44.186,0,86,65,44,2760,10501,5.13395,164,17.0041,0,0,5442,25543891306
334.235,2.99191,44.186,0,86,65,44,2760,10501,5.13395,164,17.0041,0,0,5442,25546883715
394.326,2.53597,44.186,0,86,65,44,2760,10501,5.13395,164,17.0041,0,0,5442,25549420079
313.751,3.18724,44.186,0,86,65,44,2760,10501,5.13395,164,17.0041,0,0,5442,25552607764
526.559,1.89912,44.186,0,86,65,44,2760,10501,5.13395,164,17.0041,0,0,5442,25554507251
338.993,2.94992,44.186,0,86,65,44,2760,10501,5.13395,164,17.0041,0,0,5442,25557457427
408.486,2.44806,44.186,0,86,65,44,2760,10501,5.13395,164,17.0041,0,0,5442,25559905779
308.858,3.23773,44.186,0,86,65,44,2760,10501,5.13395,164,17.0041,0,0,5442,25563143926
293.485,3.40733,44.186,0,86,65,44,2760,10501,5.13395,164,17.0041,0,0,5442,25566551464
504.788,1.98103,44.186,0,86,65,44,2760,10501,5.13395,164,17.0041,0,0,5442,25568532829
368.09,2.71673,44.186,0,86,65,44,2760,10501,5.13395,164,17.0041,0,0,5442,25571249853
400.217,2.49864,44.186,0,86,65,44,2760,10501,5.13395,164,17.0041,0,0,5442,25573748793
470.649,2.12473,44.186,0,86,65,44,2760,10501,5.13395,164,17.0041,0,0,5442,25575873846
260.288,3.8419,44.186,0,86,65,44,2760,10501,5.13395,164,17.0041,0,0,5442,25579726620
594.918,1.6809,44.186,0,86,65,44,2760,10501,5.13395,164,17.0041,0,0,5442,25581407619
327.283,3.05546,44.186,0,86,65,44,2760,10501,5.13395,164,17.0041,0,0,5442,25584463424
389.761,2.56567,44.186,0,86,65,44,2760,10501,5.13395,164,17.0041,0,0,5442,25587029404
221.346,4.51781,44.186,0,86,65,44,2760,10501,5.13395,164,17.0041,0,0,5442,25591547653
600.209,1.66609,44.186,0,86,65,44,2760,10501,5.13395,164,17.0041,0,0,5442,25593214074
672.694,1.48656,44.186,0,86,65,44,2760,10501,5.13395,164,17.0041,0,0,5442,25594700798
312.582,3.19916,44.186,0,86,65,44,2760,10501,5.13395,164,17.0041,0,0,5442,25597900444
401.528,2.49049,44.186,0,86,65,44,2760,10501,5.13395,164,17.0041,0,0,5442,25600391085
306.11,3.2668,44.186,0,86,65,44,2760,10501,5.13395,164,17.0041,0,0,5442,25603658359
395.617,2.5277,44.186,0,86,65,44,2760,10501,5.13395,164,17.0041,0,0,5442,25606186435
391.403,2.55491,44.186,0,86,65,44,2760,10501,5.13395,164,17.0041,0,0,5442,25608741655
349.431,2.8618,44.186,0,86,65,44,2760,10501,5.13395,164,17.0041,0,0,5442,25611603684
401.004,2.49374,44.186,0,86,65,44,2760,10501,5.13395,164,17.0041,0,0,5442,25614097740
278.233,3.59411,44.186,0,86,65,44,2760,10501,5.13395,164,17.0041,0,0,5442,25617692226
551.975,1.81168,44.186,0,86,65,44,2760,10501,5.13395,164,17.0041,0,0,5442,25619504181
226.116,4.42251,44.186,0,86,65,44,2760,10501,5.13395,164,17.0041,0,0,5442,25623927148
895.125,1.11716,44.186,0,86,65,44,2760,10501,5.13395,164,17.0041,0,0,5442,25625044551
426.715,2.34348,44.186,0,86,65,44,2760,10501,5.13395,164,17.0041,0,0,5442,25627388351
364.039,2.74696,44.186,0,86,65,44,2760,10501,5.13395,164,17.0041,0,0,5442,25630135655
285.965,3.49693,44.186,0,86,65,44,2760,10501,5.13395,164,17.0041,0,0,5442,25633632879
571.362,1.7502,44.186,0,86,65,44,2760,10501,5.13395,164,17.0041,0,0,5442,25635383351
263.748,3.7915,44.186,0,86,65,44,2760,10501,5.13395,164,17.0041,0,0,5442,25639175171
231.514,4.31939,44.186,0,86,65,44,2760,10501,5.13395,164,17.0041,0,0,5442,25643494874
598.255,1.67153,44.186,0,86,65,44,2760,10501,5.13395,164,17.0041,0,0,5442,25645166671
469.835,2.12841,44.186,0,86,65,44,2760,10501,5.13395,164,17.0041,0,0,5442,25647295454
399.782,2.50136,44.186,0,86,65,44,2760,10501,5.13395,164,17.0041,0,0,5442,25649797087
571.733,1.74907,44.186,0,86,65,44,2760,10501,5.13395,164,17.0041,0,0,5442,25651546521
304.005,3.28942,44.186,0,86,65,44,2760,10501,5.13395,164,17.0041,0,0,5442,25654836257
379.079,2.63797,44.186,0,86,65,44,2760,10501,5.13395,164,17.0041,0,0,5442,25657474538
202.028,4.9498,44.186,0,86,65,44,2760,10501,5.13395,164,17.0041,0,0,5442,25662424734
384.039,2.6039,44.186,0,86,65,44,2760,10501,5.13395,164,17.0041,0,0,5442,25665028792
852.647,1.17282,44.186,0,86,65,44,2760,10501,5.13395,164,17.0041,0,0,5442,25666201947
209.865,4.76496,44.186,0,86,65,44,2760,10501,5.13395,164,17.0041,0,0,5442,25670967243
585.167,1.70891,44.186,0,86,65,44,2760,10501,5.13395,164,17.0041,0,0,5442,25672676387
588.885,1.69813,44.186,0,86,65,44,2760,10501,5.13395,164,17.0041,0,0,5442,25674374848
485.727,2.05877,44.186,0,86,65,44,2760,10501,5.13395,164,17.0041,0,0,5442,25676433936
325.674,3.07056,44.186,0,86,65,44,2760,10501,5.13395,164,17.0041,0,0,5442,25679504809
397.026,2.51873,44.186,0,86,65,44,2760,10501,5.13395,164,17.0041,0,0,5442,25682023865
319.862,3.12634,44.186,0,86,65,44,2760,10501,5.13395,164,17.0041,0,0,5442,25685150576
481.04,2.07883,44.186,0,86,65,44,2760,10501,5.13395,164,17.0041,0,0,5442,25687229685
325.613,3.07113,44.186,0,86,65,44,2760,10501,5.13395,164,17.0041,0,0,5442,25690301163
382.257,2.61604,44.186,0,86,65,44,2760,10501,5.13395,164,17.0041,0,0,5442,25692917530
227.58,4.39406,44.186,0,86,65,44,2760,10501,5.13395,164,17.0041,0,0,5442,25697312092
335.072,2.98444,44.186,0,86,65,44,2760,10501,5.13395,164,17.0041,0,0,5442,25700296923
634.612,1.57577,44.186,0,86,65,44,2760,10501,5.13395,164,17.0041,0,0,5442,25701872986
501.471,1.99414,44.186,0,86,65,44,2760,10501,5.13395,164,17.0041,0,0,5442,25703867495
453.203,2.20652,44.186,0,86,65,44,2760,10501,5.13395,164,17.0041,0,0,5442,25706074224
195.259,5.12141,44.186,0,86,65,44,2760,10501,5.13395,164,17.0041,0,0,5442,25711196060
2665.07,0.375224,44.186,0,86,65,44,2760,10501,5.13395,164,17.0041,0,0,5442,25711571563
284.96,3.50926,44.186,0,86,65,44,2760,10501,5.13395,164,17.0041,0,0,5442,25715081191
471.302,2.12178,44.186,0,86,65,44,2760,10501,5.13395,164,17.0041,0,0,5442,25717203358
471.567,2.12059,44.186,0,86,65,44,2760,10501,5.13395,164,17.0041,0,0,5442,25719324238
338.763,2.95192,44.186,0,86,65,44,2760,10501,5.13395,164,17.0041,0,0,5442,25722276481
319.025,3.13455,44.186,0,86,65,44,2760,10501,5.13395,164,17.0041,0,0,5442,25725411366
310.822,3.21727,44.186,0,86,65,44,2760,10501,5.13395,164,17.0041,0,0,5442,25728628945
448.369,2.23031,44.186,0,86,65,44,2760,10501,5.13395,164,17.0041,0,0,5442,25730859578
526.141,1.90063,44.186,0,86,65,44,2760,10501,5.13395,164,17.0041,0,0,5442,25732760517
263.65,3.79291,44.186,0,86,65,44,2760,10501,5.13395,164,17.0041,0,0,5442,25736553770
532.455,1.87809,44.186,0,86,65,44,2760,10501,5.13395,164,17.0041,0,0,5442,25738432151
358.961,2.78582,44.186,0,86,65,44,2760,10501,5.13395,164,17.0041,0,0,5442,25741218321
430.38,2.32353,44.186,0,86,65,44,2760,10501,5.13395,164,17.0041,0,0,5442,25743542179
360.646,2.7728,44.186,0,86,65,44,2760,10501,5.13395,164,17.0041,0,0,5442,25746315320
402.791,2.48268,44.186,0,86,65,44,2760,10501,5.13395,164,17.0041,0,0,5442,25748798510
265.443,3.76729,44.186,0,86,65,44,2760,10501,5.13395,164,17.0041,0,0,5442,25752566060
359.254,2.78355,44.186,0,86,65,44,2760,10501,5.13395,164,17.0041,0,0,5442,25755350278
885.74,1.129,44.186,0,86,65,44,2760,10501,5.13395,164,17.0041,0,0,5442,25756479624
325.636,3.07091,44.186,0,86,65,44,2760,10501,5.13395,164,17.0041,0,0,5442,25759550757
302.727,3.3033,44.186,0,86,65,44,2760,10501,5.13395,164,17.0041,0,0,5442,25762854426
462.746,2.16102,44.186,0,86,65,44,2760,10501,5.13395,164,17.0041,0,0,5442,25765015902
333.918,2.99475,44.186,0,86,65,44,2760,10501,5.13395,164,17.0041,0,0,5442,25768010869
390.622,2.56002,44.186,0,86,65,44,2760,10501,5.13395,164,17.0041,0,0,5442,25770571282
323.426,3.0919,44.186,0,86,65,44,2760,10501,5.13395,164,17.0041,0,0,5442,25773663549
493.841,2.02494,44.186,0,86,65,44,2760,10501,5.13395,164,17.0041,0,0,5442,25775688897
294.505,3.39553,44.186,0,86,65,44,2760,10501,5.13395,164,17.0041,0,0,5442,25779084713
468.265,2.13554,44.186,0,86,65,44,2760,10501,5.13395,164,17.0041,0,0,5442,25781220602
331.654,3.01519,44.186,0,86,65,44,2760,10501,5.13395,164,17.0041,0,0,5442,25784236117
390.841,2.55859,44.186,0,86,65,44,2760,10501,5.13395,164,17.0041,0,0,5442,25786795002
328.432,3.04477,44.186,0,86,65,44,2760,10501,5.13395,164,17.0041,0,0,5442,25789840181
432.753,2.31079,44.186,0,86,65,44,2760,10501,5.13395,164,17.0041,0,0,5442,25792151230
306.014,3.26782,44.186,0,86,65,44,2760,10501,5.13395,164,17.0041,0,0,5442,25795419369
418.132,2.39159,44.186,0,86,65,44,2760,10501,5.13395,164,17.0041,0,0,5442,25797811257
302.927,3.30113,44.186,0,86,65,44,2760,10501,5.13395,164,17.0041,0,0,5442,25801112715
338.281,2.95612,44.186,0,86,65,44,2760,10501,5.13395,164,17.0041,0,0,5442,25804069161
344.275,2.90466,44.186,0,86,65,44,2760,10501,5.13395,164,17.0041,0,0,5442,25806974201
427.712,2.33802,44.186,0,86,65,44,2760,10501,5.13395,164,17.0041,0,0,5442,25809312780
451.146,2.21657,44.186,0,86,65,44,2760,10501,5.13395,164,17.0041,0,0,5442,25811529643
453.118,2.20693,44.186,0,86,65,44,2760,10501,5.13395,164,17.0041,0,0,5442,25813737015
387.47,2.58085,44.186,0,86,65,44,2760,10501,5.13395,164,17.0041,0,0,5442,25816318333
360.1,2.77701,44.186,0,86,65,44,2760,10501,5.13395,164,17.0041,0,0,5442,25819095773
316.33,3.16126,44.186,0,86,65,44,2760,10501,5.13395,164,17.0041,0,0,5442,25822257418
448.708,2.22862,44.186,0,86,65,44,2760,10501,5.13395,164,17.0041,0,0,5442,25824486358
190.178,5.25822,44.186,0,86,65,44,2760,10501,5.13395,164,17.0041,0,0,5442,25829744968
374.719,2.66867,44.186,0,86,65,44,2760,10501,5.13395,164,17.0041,0,0,5442,25832414029
478.77,2.08869,44.186,0,86,65,44,2760,10501,5.13395,164,17.0041,0,0,5442,25834503330
332.53,3.00725,44.186,0,86,65,44,2760,10501,5.13395,164,17.0041,0,0,5442,25837510720
1355.11,0.737948,44.186,0,86,65,44,2760,10501,5.13395,164,17.0041,0,0,5442,25838248841
340.212,2.93934,44.186,0,86,65,44,2760,10501,5.13395,164,17.0041,0,0,5442,25841188575
419.518,2.38369,44.186,0,86,65,44,2760,10501,5.13395,164,17.0041,0,0,5442,25843572617
272.661,3.66756,44.186,0,86,65,44,2760,10501,5.13395,164,17.0041,0,0,5442,25847240750
593.12,1.686,44.186,0,86,65,44,2760,10501,5.13395,164,17.0041,0,0,5442,25848927018
436.547,2.2907,44.186,0,86,65,44,2760,10501,5.13395,164,17.0041,0,0,5442,25851218009
260.317,3.84148,44.186,0,86,65,44,2760,10501,5.13395,164,17.0041,0,0,5442,25855059783
459.294,2.17726,44.186,0,86,65,44,2760,10501,5.13395,164,17.0041,0,0,5442,25857237289
238.118,4.1996,44.186,0,86,65,44,2760,10501,5.13395,164,17.0041,0,0,5442,25861437248
835.393,1.19704,44.186,0,86,65,44,2760,10501,5.13395,164,17.0041,0,0,5442,25862634519
228.785,4.37092,44.186,0,86,65,44,2760,10501,5.13395,164,17.0041,0,0,5442,25867005868
1535.16,0.651397,44.186,0,86,65,44,2760,10501,5.13395,164,17.0041,0,0,5442,25867657361
304.827,3.28055,44.186,0,86,65,44,2760,10501,5.13395,164,17.0041,0,0,5442,25870938779
435.482,2.29631,44.186,0,86,65,44,2760,10501,5.13395,164,17.0041,0,0,5442,25873235530
366.122,2.73133,44.186,0,86,65,44,2760,10501,5.13395,164,17.0041,0,0,5442,25875967151
392.726,2.54631,44.186,0,86,65,44,2760,10501,5.13395,164,17.0041,0,0,5442,25878513813
352.979,2.83303,44.186,0,86,65,44,2760,10501,5.13395,164,17.0041,0,0,5442,25881347303
325.528,3.07193,44.186,0,86,65,44,2760,10501,5.13395,164,17.0041,0,0,5442,25884419618
240.424,4.15931,44.186,0,86,65,44,2760,10501,5.13395,164,17.0041,0,0,5442,25888579393
675.315,1.48079,44.186,0,86,65,44,2760,10501,5.13395,164,17.0041,0,0,5442,25890060530
467.915,2.13714,44.186,0,86,65,44,2760,10501,5.13395,164,17.0041,0,0,5442,25892197928
416.546,2.4007,44.186,0,86,65,44,2760,10501,5.13395,164,17.0041,0,0,5442,25894598952
315.566,3.16891,44.186,0,86,65,44,2760,10501,5.13395,164,17.0041,0,0,5442,25897768203
378.195,2.64414,44.186,0,86,65,44,2760,10501,5.13395,164,17.0041,0,0,5442,25900412705
337.764,2.96065,44.186,0,86,65,44,2760,10501,5.13395,164,17.0041,0,0,5442,25903373651
436.874,2.28899,44.186,0,86,65,44,2760,10501,5.13395,164,17.0041,0,0,5442,25905662978
392.718,2.54636,44.186,0,86,65,44,2760,10501,5.13395,164,17.0041,0,0,5442,25908209795
339.08,2.94916,44.186,0,86,65,44,2760,10501,5.13395,164,17.0041,0,0,5442,25911159173
174.877,5.71829,44.186,0,86,65,44,2760,10501,5.13395,164,17.0041,0,0,5442,25916877818
875.369,1.14238,44.186,0,86,65,44,2760,10501,5.13395,164,17.0041,0,0,5442,25918024049
602.742,1.65908,45.3728,0,84,65,44,2760,10501,5.13199,165,17.0022,0,0,5433,25919679951
389.747,2.56577,45.3728,0,84,65,44,2760,10501,5.13199,165,17.0022,0,0,5433,25922246076
403.301,2.47954,45.3728,0,84,65,44,2760,10501,5.13199,165,17.0022,0,0,5433,25924725871
327.858,3.0501,45.3728,0,84,65,44,2760,10501,5.13199,165,17.0022,0,0,5433,25927776243
398.568,2.50898,45.3728,0,84,65,44,2760,10501,5.13199,165,17.0022,0,0,5433,25930285673
231.434,4.32089,45.3728,0,84,65,44,2760,10501,5.13199,165,17.0022,0,0,5433,25934606877
670.18,1.49214,45.3728,0,84,65,44,2760,10501,5.13199,165,17.0022,0,0,5433,25936099273
453.765,2.20379,45.3728,0,84,65,44,2760,10501,5.13199,165,17.0022,0,0,5433,25938303319
205.912,4.85643,45.3728,0,84,65,44,2760,10501,5.13199,165,17.0022,0,0,5433,25943160319
1363.67,0.733313,45.3728,0,84,65,44,2760,10501,5.13199,165,17.0022,0,0,5433,25943893815
458.021,2.18331,45.3728,0,84,65,44,2760,10501,5.13199,165,17.0022,0,0,5433,25946077417
328.083,3.04801,45.3728,0,84,65,44,2760,10501,5.13199,165,17.0022,0,0,5433,25949125876
188.373,5.30861,45.3728,0,84,65,44,2760,10501,5.13199,165,17.0022,0,0,5433,25954434824
981.238,1.01912,45.3728,0,84,65,44,2760,10501,5.13199,165,17.0022,0,0,5433,25955454079
595.972,1.67793,45.3728,0,84,65,44,2760,10501,5.13199,165,17.0022,0,0,5433,25957132405
322.421,3.10154,45.3728,0,84,65,44,2760,10501,5.13199,165,17.0022,0,0,5433,25960234337
385.529,2.59384,45.3728,0,84,65,44,2760,10501,5.13199,165,17.0022,0,0,5433,25962828539
379.523,2.63489,45.3728,0,84,65,44,2760,10501,5.13199,165,17.0022,0,0,5433,25965463619
233.852,4.27621,45.3728,0,84,65,44,2760,10501,5.13199,165,17.0022,0,0,5433,25969740195
708.949,1.41054,45.3728,0,84,65,44,2760,10501,5.13199,165,17.0022,0,0,5433,25971151070
489.204,2.04414,45.3728,0,84,65,44,2760,10501,5.13199,165,17.0022,0,0,5433,25973195523
360.704,2.77235,45.3728,0,84,65,44,2760,10501,5.13199,165,17.0022,0,0,5433,25975968415
344.485,2.90289,45.3728,0,84,65,44,2760,10501,5.13199,165,17.0022,0,0,5433,25978871570
413.288,2.41962,45.3728,0,84,65,44,2760,10501,5.13199,165,17.0022,0,0,5433,25981291488
343.436,2.91175,45.3728,0,84,65,44,2760,10501,5.13199,165,17.0022,0,0,5433,25984203692
384.834,2.59852,45.3728,0,84,65,44,2760,10501,5.13199,165,17.0022,0,0,5433,25986802395
293.446,3.40778,45.3728,0,84,65,44,2760,10501,5.13199,165,17.0022,0,0,5433,25990210635
451.327,2.21569,45.3728,0,84,65,44,2760,10501,5.13199,165,17.0022,0,0,5433,25992426575
211.497,4.72821,45.3728,0,84,65,44,2760,10501,5.13199,165,17.0022,0,0,5433,25997155052
378.169,2.64432,45.3728,0,84,65,44,2760,10501,5.13199,165,17.0022,0,0,5433,25999799728
359.243,2.78363,45.3728,0,84,65,44,2760,10501,5.13199,165,17.0022,0,0,5433,26002583668
582.235,1.71752,45.3728,0,84,65,44,2760,10501,5.13199,165,17.0022,0,0,5433,26004301504
897.048,1.11477,45.3728,0,84,65,44,2760,10501,5.13199,165,17.0022,0,0,5433,26005416696
324.898,3.07789,45.3728,0,84,65,44,2760,10501,5.13199,165,17.0022,0,0,5433,26008494857
361.06,2.76962,45.3728,0,84,65,44,2760,10501,5.13199,165,17.0022,0,0,5433,26011264777
403.068,2.48097,45.3728,0,84,65,44,2760,10501,5.13199,165,17.0022,0,0,5433,26013746082
362.719,2.75696,45.3728,0,84,65,44,2760,10501,5.13199,165,17.0022,0,0,5433,26016503435
379.754,2.63328,45.3728,0,84,65,44,2760,10501,5.13199,165,17.0022,0,0,5433,26019136918
247.255,4.0444,45.3728,0,84,65,44,2760,10501,5.13199,165,17.0022,0,0,5433,26023181814
488.063,2.04892,45.3728,0,84,65,44,2760,10501,5.13199,165,17.0022,0,0,5433,26025231161
341.662,2.92687,45.3728,0,84,65,44,2760,10501,5.13199,165,17.0022,0,0,5433,26028158385
606.62,1.64848,45.3728,0,84,65,44,2760,10501,5.13199,165,17.0022,0,0,5433,26029807239
356.343,2.80629,45.3728,0,84,65,44,2760,10501,5.13199,165,17.0022,0,0,5433,26032613747
266.241,3.756,45.3728,0,84,65,44,2760,10501,5.13199,165,17.0022,0,0,5433,26036370171
553.733,1.80593,45.3728,0,84,65,44,2760,10501,5.13199,165,17.0022,0,0,5433,26038176300
355.221,2.81515,45.3728,0,84,65,44,2760,10501,5.13199,165,17.0022,0,0,5433,26040991779
342.418,2.92041,45.3728,0,84,65,44,2760,10501,5.13199,165,17.0022,0,0,5433,26043912647
433.948,2.30442,45.3728,0,84,65,44,2760,10501,5.13199,165,17.0022,0,0,5433,26046217446
252.845,3.955,45.3728,0,84,65,44,2760,10501,5.13199,165,17.0022,0,0,5433,26050172810
354.186,2.82337,45.3728,0,84,65,44,2760,10501,5.13199,165,17.0022,0,0,5433,26052996491
727.111,1.37531,45.3728,0,84,65,44,2760,10501,5.13199,165,17.0022,0,0,5433,26054372038
404.071,2.47481,45.3728,0,84,65,44,2760,10501,5.13199,165,17.0022,0,0,5433,26056847313
361.09,2.76939,45.3728,0,84,65,44,2760,10501,5.13199,165,17.0022,0,0,5433,26059616888
370.391,2.69985,45.3728,0,84,65,44,2760,10501,5.13199,165,17.0022,0,0,5433,26062317036
345.198,2.89689,45.3728,0,84,65,44,2760,10501,5.13199,165,17.0022,0,0,5433,26065214249
370.743,2.69728,45.3728,0,84,65,44,2760,10501,5.13199,165,17.0022,0,0,5433,26067911859
451.264,2.216,45.3728,0,84,65,44,2760,10501,5.13199,165,17.0022,0,0,5433,26070128396
251.371,3.97819,45.3728,0,84,65,44,2760,10501,5.13199,165,17.0022,0,0,5433,26074106780
249.623,4.00605,45.3728,0,84,65,44,2760,10501,5.13199,165,17.0022,0,0,5433,26078113174
662.537,1.50935,45.3728,0,84,65,44,2760,10501,5.13199,165,17.0022,0,0,5433,26079622841
343.577,2.91056,45.3728,0,84,65,44,2760,10501,5.13199,165,17.0022,0,0,5433,26082533746
515.117,1.94131,45.3728,0,84,65,44,2760,10501,5.13199,165,17.0022,0,0,5433,26084475341
366.518,2.72838,45.3728,0,84,65,44,2760,10501,5.13199,165,17.0022,0,0,5433,26087204077
372.054,2.68778,45.3728,0,84,65,44,2760,10501,5.13199,165,17.0022,0,0,5433,26089892206
348.842,2.86663,45.3728,0,84,65,44,2760,10501,5.13199,165,17.0022,0,0,5433,26092759129
302.839,3.30208,45.3728,0,84,65,44,2760,10501,5.13199,165,17.0022,0,0,5433,26096061644
251.281,3.97961,45.3728,0,84,65,44,2760,10501,5.13199,165,17.0022,0,0,5433,26100041634
694.662,1.43955,45.3728,0,84,65,44,2760,10501,5.13199,165,17.0022,0,0,5433,26101481443
217.473,4.59828,45.3728,0,84,65,44,2760,10501,5.13199,165,17.0022,0,0,5433,26106080107
2073,0.482392,45.3728,0,84,65,44,2760,10501,5.13199,165,17.0022,0,0,5433,26106562941
359.69,2.78017,45.3728,0,84,65,44,2760,10501,5.13199,165,17.0022,0,0,5433,26109343342
482.131,2.07413,45.3728,0,84,65,44,2760,10501,5.13199,165,17.0022,0,0,5433,26111417825
339.871,2.94229,45.3728,0,84,65,44,2760,10501,5.13199,165,17.0022,0,0,5433,26114360434
335.041,2.98471,45.3728,0,84,65,44,2760,10501,5.13199,165,17.0022,0,0,5433,26117345467
351.24,2.84706,45.3728,0,84,65,44,2760,10501,5.13199,165,17.0022,0,0,5433,26120192862
459.095,2.1782,45.3728,0,84,65,44,2760,10501,5.13199,165,17.0022,0,0,5433,26122371358
279.307,3.58029,45.3728,0,84,65,44,2760,10501,5.13199,165,17.0022,0,0,5433,26125951931
519.995,1.92309,45.3728,0,84,65,44,2760,10501,5.13199,165,17.0022,0,0,5433,26127875370
213.008,4.69467,45.3728,0,84,65,44,2760,10501,5.13199,165,17.0022,0,0,5433,26132570394
1079.16,0.926647,45.3728,0,84,65,44,2760,10501,5.13199,165,17.0022,0,0,5433,26133497358
214.388,4.66445,45.3728,0,84,65,44,2760,10501,5.13199,165,17.0022,0,0,5433,26138162121
828.545,1.20694,45.3728,0,84,65,44,2760,10501,5.13199,165,17.0022,0,0,5433,26139369267
581.074,1.72095,45.3728,0,84,65,44,2760,10501,5.13199,165,17.0022,0,0,5433,26141090758
352.184,2.83942,45.3728,0,84,65,44,2760,10501,5.13199,165,17.0022,0,0,5433,26143930392
404.292,2.47346,45.3728,0,84,65,44,2760,10501,5.13199,165,17.0022,0,0,5433,26146404139
314.012,3.18459,45.3728,0,84,65,44,2760,10501,5.13199,165,17.0022,0,0,5433,26149589208
456.969,2.18833,45.3728,0,84,65,44,2760,10501,5.13199,165,17.0022,0,0,5433,26151777772
367.288,2.72266,45.3728,0,84,65,44,2760,10501,5.13199,165,17.0022,0,0,5433,26154500729
247.125,4.04653,45.3728,0,84,65,44,2760,10501,5.13199,165,17.0022,0,0,5433,26158547596
398.663,2.50838,45.3728,0,84,65,44,2760,10501,5.13199,165,17.0022,0,0,5433,26161056248
589.325,1.69686,45.3728,0,84,65,44,2760,10501,5.13199,165,17.0022,0,0,5433,26162753459
351.631,2.84389,45.3728,0,84,65,44,2760,10501,5.13199,165,17.0022,0,0,5433,26165597661
347.697,2.87607,45.3728,0,84,65,44,2760,10501,5.13199,165,17.0022,0,0,5433,26168474094
380.804,2.62602,45.3728,0,84,65,44,2760,10501,5.13199,165,17.0022,0,0,5433,26171100385
372.616,2.68373,45.3728,0,84,65,44,2760,10501,5.13199,165,17.0022,0,0,5433,26173784398
391.746,2.55267,45.3728,0,84,65,44,2760,10501,5.13199,165,17.0022,0,0,5433,26176337359
414.659,2.41162,45.3728,0,84,65,44,2760,10501,5.13199,165,17.0022,0,0,5433,26178749325
275.444,3.63051,45.3728,0,84,65,44,2760,10501,5.13199,165,17.0022,0,0,5433,26182380111
271.811,3.67903,45.3728,0,84,65,44,2760,10501,5.13199,165,17.0022,0,0,5433,26186059610
630.091,1.58707,45.3728,0,84,65,44,2760,10501,5.13199,165,17.0022,0,0,5433,26187646827
433.812,2.30515,45.3728,0,84,65,44,2760,10501,5.13199,165,17.0022,0,0,5433,26189952318
385.309,2.59532,45.3728,0,84,65,44,2760,10501,5.13199,165,17.0022,0,0,5433,26192548031
369.124,2.70912,45.3728,0,84,65,44,2760,10501,5.13199,165,17.0022,0,0,5433,26195257372
398.01,2.5125,45.3728,0,84,65,44,2760,10501,5.13199,165,17.0022,0,0,5433,26197770389
309.056,3.23566,45.3728,0,84,65,44,2760,10501,5.13199,165,17.0022,0,0,5433,26201006267
519.336,1.92554,45.3728,0,84,65,44,2760,10501,5.13199,165,17.0022,0,0,5433,26202932159
309.79,3.22799,45.3728,0,84,65,44,2760,10501,5.13199,165,17.0022,0,0,5433,26206160460
432.234,2.31356,45.3728,0,84,65,44,2760,10501,5.13199,165,17.0022,0,0,5433,26208474327
279.201,3.58165,45.3728,0,84,65,44,2760,10501,5.13199,165,17.0022,0,0,5433,26212056332
713.678,1.40119,45.3728,0,84,65,44,2760,10501,5.13199,165,17.0022,0,0,5433,26213457745
324.147,3.08502,45.3728,0,84,65,44,2760,10501,5.13199,165,17.0022,0,0,5433,26216543118
431.061,2.31986,45.3728,0,84,65,44,2760,10501,5.13199,165,17.0022,0,0,5433,26218863254
335.881,2.97725,45.3728,0,84,65,44,2760,10501,5.13199,165,17.0022,0,0,5433,26221840873
399.886,2.50071,45.3728,0,84,65,44,2760,10501,5.13199,165,17.0022,0,0,5433,26224341833
182.592,5.47669,45.3728,0,84,65,44,2760,10501,5.13199,165,17.0022,0,0,5433,26229818998
2362.27,0.423322,45.3728,0,84,65,44,2760,10501,5.13199,165,17.0022,0,0,5433,26230242512
362.948,2.75522,45.3728,0,84,65,44,2760,10501,5.13199,165,17.0022,0,0,5433,26232998019
410.485,2.43614,45.3728,0,84,65,44,2760,10501,5.13199,165,17.0022,0,0,5433,26235434466
407.438,2.45436,45.3728,0,84,65,44,2760,10501,5.13199,165,17.0022,0,0,5433,26237889145
394.321,2.53601,45.3728,0,84,65,44,2760,10501,5.13199,165,17.0022,0,0,5433,26240425509
408.966,2.44519,45.3728,0,84,65,44,2760,10501,5.13199,165,17.0022,0,0,5433,26242871063
186.465,5.36294,45.3728,0,84,65,44,2760,10501,5.13199,165,17.0022,0,0,5433,26248234253
1216.56,0.82199,45.3728,0,84,65,44,2760,10501,5.13199,165,17.0022,0,0,5433,26249056550
439.208,2.27683,45.3728,0,84,65,44,2760,10501,5.13199,165,17.0022,0,0,5433,26251333685
397.226,2.51746,45.3728,0,84,65,44,2760,10501,5.13199,165,17.0022,0,0,5433,26253851462
370.779,2.69702,45.3728,0,84,65,44,2760,10501,5.13199,165,17.0022,0,0,5433,26256548822
335.261,2.98275,45.3728,0,84,65,44,2760,10501,5.13199,165,17.0022,0,0,5433,26259531855
312.146,3.20363,45.3728,0,84,65,44,2760,10501,5.13199,165,17.0022,0,0,5433,26262735905
376.452,2.65638,45.3728,0,84,65,44,2760,10501,5.13199,165,17.0022,0,0,5433,26265392562
224.704,4.4503,45.3728,0,84,65,44,2760,10501,5.13199,165,17.0022,0,0,5433,26269843193
318.643,3.13831,45.3728,0,84,65,44,2760,10501,5.13199,165,17.0022,0,0,5433,26272981828
457.703,2.18482,45.3728,0,84,65,44,2760,10501,5.13199,165,17.0022,0,0,5433,26275166988
219.633,4.55305,45.3728,0,84,65,44,2760,10501,5.13199,165,17.0022,0,0,5433,26279720314
3110.97,0.321443,45.3728,0,84,65,44,2760,10501,5.13199,165,17.0022,0,0,5433,26280041815
369.266,2.70807,45.3728,0,84,65,44,2760,10501,5.13199,165,17.0022,0,0,5433,26282750263
228.181,4.38249,45.3728,0,84,65,44,2760,10501,5.13199,165,17.0022,0,0,5433,26287133064
529.948,1.88698,45.3728,0,84,65,44,2760,10501,5.13199,165,17.0022,0,0,5433,26289020426
639.565,1.56356,45.3728,0,84,65,44,2760,10501,5.13199,165,17.0022,0,0,5433,26290584286
378.819,2.63978,45.3728,0,84,65,44,2760,10501,5.13199,165,17.0022,0,0,5433,26293224375
222.733,4.48967,45.3728,0,84,65,44,2760,10501,5.13199,165,17.0022,0,0,5433,26297714680
945.011,1.05819,45.3728,0,84,65,44,2760,10501,5.13199,165,17.0022,0,0,5433,26298773091
370.23,2.70102,45.3728,0,84,65,44,2760,10501,5.13199,165,17.0022,0,0,5433,26301474384
376.132,2.65864,45.3728,0,84,65,44,2760,10501,5.13199,165,17.0022,0,0,5433,26304133320
341.313,2.92986,45.3728,0,84,65,44,2760,10501,5.13199,165,17.0022,0,0,5433,26307063505
349.617,2.86027,45.3728,0,84,65,44,2760,10501,5.13199,165,17.0022,0,0,5433,26309924169
395.166,2.53059,45.3728,0,84,65,44,2760,10501,5.13199,165,17.0022,0,0,5433,26312454994
434.757,2.30013,45.3728,0,84,65,44,2760,10501,5.13199,165,17.0022,0,0,5433,26314755447
373.256,2.67913,45.3728,0,84,65,44,2760,10501,5.13199,165,17.0022,0,0,5433,26317435239
369.706,2.70485,45.3728,0,84,65,44,2760,10501,5.13199,165,17.0022,0,0,5433,26320140369
265.804,3.76217,45.3728,0,84,65,44,2760,10501,5.13199,165,17.0022,0,0,5433,26323902870
595.422,1.67948,45.3728,0,84,65,44,2760,10501,5.13199,165,17.0022,0,0,5433,26325582716
397.651,2.51477,45.3728,0,84,65,44,2760,10501,5.13199,165,17.0022,0,0,5433,26328097723
426.06,2.34709,45.3728,0,84,65,44,2760,10501,5.13199,165,17.0022,0,0,5433,26330445235
312.186,3.20322,45.3728,0,84,65,44,2760,10501,5.13199,165,17.0022,0,0,5433,26333648699
386.37,2.58819,45.3728,0,84,65,44,2760,10501,5.13199,165,17.0022,0,0,5433,26336237238
424.579,2.35527,45.3728,0,84,65,44,2760,10501,5.13199,165,17.0022,0,0,5433,26338592837
334.863,2.98629,45.3728,0,84,65,44,2760,10501,5.13199,165,17.0022,0,0,5433,26341579649
348.054,2.87312,45.3728,0,84,65,44,2760,10501,5.13199,165,17.0022,0,0,5433,26344452938
460.345,2.17228,45.3728,0,84,65,44,2760,10501,5.13199,165,17.0022,0,0,5433,26346625752
156.149,6.40413,45.3728,0,84,65,44,2760,10501,5.13199,165,17.0022,0,0,5433,26353030092
341.217,2.93069,45.3728,0,84,65,44,2760,10501,5.13199,165,17.0022,0,0,5433,26355961258
882.426,1.13324,45.3728,0,84,65,44,2760,10501,5.13199,165,17.0022,0,0,5433,26357094864
719.794,1.38929,45.3728,0,84,65,44,2760,10501,5.13199,165,17.0022,0,0,5433,26358484488
388.304,2.5753,45.3728,0,84,65,44,2760,10501,5.13199,165,17.0022,0,0,5433,26361060103
313.467,3.19013,45.3728,0,84,65,44,2760,10501,5.13199,165,17.0022,0,0,5433,26364250480
501.613,1.99357,45.3728,0,84,65,44,2760,10501,5.13199,165,17.0022,0,0,5433,26366244442
339.719,2.94361,45.3728,0,84,65,44,2760,10501,5.13199,165,17.0022,0,0,5433,26369188348
421.132,2.37455,45.3728,0,84,65,44,2760,10501,5.13199,165,17.0022,0,0,5433,26371563265
300.568,3.32703,45.3728,0,84,65,44,2760,10501,5.13199,165,17.0022,0,0,5433,26374890839
229.008,4.36667,45.3728,0,84,65,44,2760,10501,5.13199,165,17.0022,0,0,5433,26379257842
295.316,3.3862,45.3728,0,84,65,44,2760,10501,5.13199,165,17.0022,0,0,5433,26382644302
2260.79,0.442323,45.3728,0,84,65,44,2760,10501,5.13199,165,17.0022,0,0,5433,26383086980
194.889,5.13113,45.3728,0,84,65,44,2760,10501,5.13199,165,17.0022,0,0,5433,26388218461
512.844,1.94991,45.3728,0,84,65,44,2760,10501,5.13199,165,17.0022,0,0,5433,26390168661
342.742,2.91765,45.3728,0,84,65,44,2760,10501,5.13199,165,17.0022,0,0,5433,26393086846
833.606,1.19961,45.3728,0,84,65,44,2760,10501,5.13199,165,17.0022,0,0,5433,26394286560
423.439,2.36162,45.3728,0,84,65,44,2760,10501,5.13199,165,17.0022,0,0,5433,26396648630
371.639,2.69078,45.3728,0,84,65,44,2760,10501,5.13199,165,17.0022,0,0,5433,26399339749
338.818,2.95144,45.3728,0,84,65,44,2760,10501,5.13199,165,17.0022,0,0,5433,26402291464
312.875,3.19617,45.3728,0,84,65,44,2760,10501,5.13199,165,17.0022,0,0,5433,26405487927
385.021,2.59726,45.3728,0,84,65,44,2760,10501,5.13199,165,17.0022,0,0,5433,26408085505
549.217,1.82077,45.3728,0,84,65,44,2760,10501,5.13199,165,17.0022,0,0,5433,26409906826
322.294,3.10276,45.3728,0,84,65,44,2760,10501,5.13199,165,17.0022,0,0,5433,26413009739
444.707,2.24867,45.3728,0,84,65,44,2760,10501,5.13199,165,17.0022,0,0,5433,26415258718
312.505,3.19995,45.3728,0,84,65,44,2760,10501,5.13199,165,17.0022,0,0,5433,26418462211
457.409,2.18623,43.807,0,84,65,44,2760,10501,5.13199,165,16.9985,0,0,5442,26420645640
302.872,3.30173,43.807,0,84,65,44,2760,10501,5.13199,165,16.9985,0,0,5442,26423947598
371.109,2.69463,43.807,0,84,65,44,2760,10501,5.13199,165,16.9985,0,0,5442,26426642717
454.09,2.20221,43.807,0,84,65,44,2760,10501,5.13199,165,16.9985,0,0,5442,26428845205
266.805,3.74806,43.807,0,84,65,44,2760,10501,5.13199,165,16.9985,0,0,5442,26432593495
555.578,1.79993,43.807,0,84,65,44,2760,10501,5.13199,165,16.9985,0,0,5442,26434393584
260.583,3.83755,43.807,0,84,65,44,2760,10501,5.13199,165,16.9985,0,0,5442,26438231550
513.393,1.94783,43.807,0,84,65,44,2760,10501,5.13199,165,16.9985,0,0,5442,26440179702
437.83,2.28399,43.807,0,84,65,44,2760,10501,5.13199,165,16.9985,0,0,5442,26442464097
309.238,3.23375,43.807,0,84,65,44,2760,10501,5.13199,165,16.9985,0,0,5442,26445698090
496.97,2.01219,43.807,0,84,65,44,2760,10501,5.13199,165,16.9985,0,0,5442,26447710600
385.372,2.59489,43.807,0,84,65,44,2760,10501,5.13199,165,16.9985,0,0,5442,26450305938
278.334,3.5928,43.807,0,84,65,44,2760,10501,5.13199,165,16.9985,0,0,5442,26453898982
480.844,2.07968,43.807,0,84,65,44,2760,10501,5.13199,165,16.9985,0,0,5442,26455979167
198.428,5.03962,43.807,0,84,65,44,2760,10501,5.13199,165,16.9985,0,0,5442,26461019212
668.341,1.49624,43.807,0,84,65,44,2760,10501,5.13199,165,16.9985,0,0,5442,26462515609
550.975,1.81497,43.807,0,84,65,44,2760,10501,5.13199,165,16.9985,0,0,5442,26464330853
395.193,2.53041,43.807,0,84,65,44,2760,10501,5.13199,165,16.9985,0,0,5442,26466861717
483.815,2.06691,43.807,0,84,65,44,2760,10501,5.13199,165,16.9985,0,0,5442,26468928940
343.358,2.91242,43.807,0,84,65,44,2760,10501,5.13199,165,16.9985,0,0,5442,26471841837
311.143,3.21395,43.807,0,84,65,44,2760,10501,5.13199,165,16.9985,0,0,5442,26475055897
423.563,2.36093,43.807,0,84,65,44,2760,10501,5.13199,165,16.9985,0,0,5442,26477417130
381.479,2.62138,43.807,0,84,65,44,2760,10501,5.13199,165,16.9985,0,0,5442,26480038901
354.408,2.8216,43.807,0,84,65,44,2760,10501,5.13199,165,16.9985,0,0,5442,26482860900
198.455,5.03892,43.807,0,84,65,44,2760,10501,5.13199,165,16.9985,0,0,5442,26487900041
1053.82,0.948927,43.807,0,84,65,44,2760,10501,5.13199,165,16.9985,0,0,5442,26488849294
509.602,1.96232,43.807,0,84,65,44,2760,10501,5.13199,165,16.9985,0,0,5442,26490811860
355.519,2.81279,43.807,0,84,65,44,2760,10501,5.13199,165,16.9985,0,0,5442,26493624936
395.063,2.53124,43.807,0,84,65,44,2760,10501,5.13199,165,16.9985,0,0,5442,26496156685
326.443,3.06332,43.807,0,84,65,44,2760,10501,5.13199,165,16.9985,0,0,5442,26499220230
470.489,2.12545,43.807,0,84,65,44,2760,10501,5.13199,165,16.9985,0,0,5442,26501345956
308.603,3.24041,43.807,0,84,65,44,2760,10501,5.13199,165,16.9985,0,0,5442,26504586767
463.362,2.15814,43.807,0,84,65,44,2760,10501,5.13199,165,16.9985,0,0,5442,26506745330
320.176,3.12328,43.807,0,84,65,44,2760,10501,5.13199,165,16.9985,0,0,5442,26509868897
211.899,4.71923,43.807,0,84,65,44,2760,10501,5.13199,165,16.9985,0,0,5442,26514588354
877.985,1.13897,43.807,0,84,65,44,2760,10501,5.13199,165,16.9985,0,0,5442,26515727681
420.858,2.3761,43.807,0,84,65,44,2760,10501,5.13199,165,16.9985,0,0,5442,26518104126
408.103,2.45036,43.807,0,84,65,44,2760,10501,5.13199,165,16.9985,0,0,5442,26520554949
211.937,4.71838,43.807,0,84,65,44,2760,10501,5.13199,165,16.9985,0,0,5442,26525273704
587.647,1.7017,43.807,0,84,65,44,2760,10501,5.13199,165,16.9985,0,0,5442,26526975569
451.74,2.21366,43.807,0,84,65,44,2760,10501,5.13199,165,16.9985,0,0,5442,26529189529
555.581,1.79992,43.807,0,84,65,44,2760,10501,5.13199,165,16.9985,0,0,5442,26530989887
289.445,3.45489,43.807,0,84,65,44,2760,10501,5.13199,165,16.9985,0,0,5442,26534445042
424.441,2.35604,43.807,0,84,65,44,2760,10501,5.13199,165,16.9985,0,0,5442,26536801410
236.814,4.22273,43.807,0,84,65,44,2760,10501,5.13199,165,16.9985,0,0,5442,26541024581
602.197,1.66059,43.807,0,84,65,44,2760,10501,5.13199,165,16.9985,0,0,5442,26542685426
407.577,2.45353,43.807,0,84,65,44,2760,10501,5.13199,165,16.9985,0,0,5442,26545139393
306.419,3.2635,43.807,0,84,65,44,2760,10501,5.13199,165,16.9985,0,0,5442,26548403109
575.565,1.73742,43.807,0,84,65,44,2760,10501,5.13199,165,16.9985,0,0,5442,26550141042
314.679,3.17784,43.807,0,84,65,44,2760,10501,5.13199,165,16.9985,0,0,5442,26553319121
410.567,2.43566,43.807,0,84,65,44,2760,10501,5.13199,165,16.9985,0,0,5442,26555755078
378.691,2.64068,43.807,0,84,65,44,2760,10501,5.13199,165,16.9985,0,0,5442,26558396022
293.498,3.40717,43.807,0,84,65,44,2760,10501,5.13199,165,16.9985,0,0,5442,26561803541
425.394,2.35076,43.807,0,84,65,44,2760,10501,5.13199,165,16.9985,0,0,5442,26564154649
178.813,5.59244,43.807,0,84,65,44,2760,10501,5.13199,165,16.9985,0,0,5442,26569747559
2563.13,0.390148,43.807,0,84,65,44,2760,10501,5.13199,165,16.9985,0,0,5442,26570137543
430.385,2.3235,43.807,0,84,65,44,2760,10501,5.13199,165,16.9985,0,0,5442,26572461506
346.059,2.88968,43.807,0,84,65,44,2760,10501,5.13199,165,16.9985,0,0,5442,26575351536
348.84,2.86665,43.807,0,84,65,44,2760,10501,5.13199,165,16.9985,0,0,5442,26578218498
307.68,3.25013,43.807,0,84,65,44,2760,10501,5.13199,165,16.9985,0,0,5442,26581469088
547.082,1.82788,43.807,0,84,65,44,2760,10501,5.13199,165,16.9985,0,0,5442,26583297208
388.477,2.57415,43.807,0,84,65,44,2760,10501,5.13199,165,16.9985,0,0,5442,26585871775
392.528,2.54759,43.807,0,84,65,44,2760,10501,5.13199,165,16.9985,0,0,5442,26588419784
325.927,3.06817,43.807,0,84,65,44,2760,10501,5.13199,165,16.9985,0,0,5442,26591488128
180.001,5.55553,43.807,0,84,65,44,2760,10501,5.13199,165,16.9985,0,0,5442,26597044046
885.159,1.12974,43.807,0,84,65,44,2760,10501,5.13199,165,16.9985,0,0,5442,26598174065
659.588,1.5161,43.807,0,84,65,44,2760,10501,5.13199,165,16.9985,0,0,5442,26599690424
348.46,2.86977,43.807,0,84,65,44,2760,10501,5.13199,165,16.9985,0,0,5442,26602560511
337.039,2.96701,43.807,0,84,65,44,2760,10501,5.13199,165,16.9985,0,0,5442,26605527842
398.509,2.50935,43.807,0,84,65,44,2760,10501,5.13199,165,16.9985,0,0,5442,26608037551
321.204,3.11329,43.807,0,84,65,44,2760,10501,5.13199,165,16.9985,0,0,5442,26611151146
363.224,2.75312,43.807,0,84,65,44,2760,10501,5.13199,165,16.9985,0,0,5442,26613904576
452.233,2.21125,43.807,0,84,65,44,2760,10501,5.13199,165,16.9985,0,0,5442,26616116160
386.715,2.58589,43.807,0,84,65,44,2760,10501,5.13199,165,16.9985,0,0,5442,26618702343
256.145,3.90405,43.807,0,84,65,44,2760,10501,5.13199,165,16.9985,0,0,5442,26622606927
545.77,1.83227,43.807,0,84,65,44,2760,10501,5.13199,165,16.9985,0,0,5442,26624439402
467.783,2.13774,43.807,0,84,65,44,2760,10501,5.13199,165,16.9985,0,0,5442,26626577368
304.255,3.28672,43.807,0,84,65,44,2760,10501,5.13199,165,16.9985,0,0,5442,26629864662
559.172,1.78836,43.807,0,84,65,44,2760,10501,5.13199,165,16.9985,0,0,5442,26631653145
303.854,3.29105,43.807,0,84,65,44,2760,10501,5.13199,165,16.9985,0,0,5442,26634944525
358.363,2.79047,43.807,0,84,65,44,2760,10501,5.13199,165,16.9985,0,0,5442,26637735283
380.325,2.62933,43.807,0,84,65,44,2760,10501,5.13199,165,16.9985,0,0,5442,26640364939
328.267,3.0463,43.807,0,84,65,44,2760,10501,5.13199,165,16.9985,0,0,5442,26643411666
417.65,2.39435,43.807,0,84,65,44,2760,10501,5.13199,165,16.9985,0,0,5442,26645806285
190.258,5.25602,43.807,0,84,65,44,2760,10501,5.13199,165,16.9985,0,0,5442,26651062722
615.892,1.62366,43.807,0,84,65,44,2760,10501,5.13199,165,16.9985,0,0,5442,26652686642
658.035,1.51968,43.807,0,84,65,44,2760,10501,5.13199,165,16.9985,0,0,5442,26654206597
552.339,1.81048,43.807,0,84,65,44,2760,10501,5.13199,165,16.9985,0,0,5442,26656017351
366.167,2.731,43.807,0,84,65,44,2760,10501,5.13199,165,16.9985,0,0,5442,26658748664
325.564,3.07159,43.807,0,84,65,44,2760,10501,5.13199,165,16.9985,0,0,5442,26661820546
330.5,3.02572,43.807,0,84,65,44,2760,10501,5.13199,165,16.9985,0,0,5442,26664846542
561.694,1.78033,43.807,0,84,65,44,2760,10501,5.13199,165,16.9985,0,0,5442,26666627314
360.744,2.77205,43.807,0,84,65,44,2760,10501,5.13199,165,16.9985,0,0,5442,26669399619
297.749,3.35854,43.807,0,84,65,44,2760,10501,5.13199,165,16.9985,0,0,5442,26672758886
320.223,3.12283,43.807,0,84,65,44,2760,10501,5.13199,165,16.9985,0,0,5442,26675882097
639.038,1.56485,43.807,0,84,65,44,2760,10501,5.13199,165,16.9985,0,0,5442,26677447179
406.24,2.4616,43.807,0,84,65,44,2760,10501,5.13199,165,16.9985,0,0,5442,26679909252
348.695,2.86784,43.807,0,84,65,44,2760,10501,5.13199,165,16.9985,0,0,5442,26682777339
293.053,3.41235,43.807,0,84,65,44,2760,10501,5.13199,165,16.9985,0,0,5442,26686190329
455.145,2.1971,43.807,0,84,65,44,2760,10501,5.13199,165,16.9985,0,0,5442,26688387480
463.575,2.15715,43.807,0,84,65,44,2760,10501,5.13199,165,16.9985,0,0,5442,26690544966
287.238,3.48143,43.807,0,84,65,44,2760,10501,5.13199,165,16.9985,0,0,5442,26694026805
420.805,2.3764,43.807,0,84,65,44,2760,10501,5.13199,165,16.9985,0,0,5442,26696403442
353.272,2.83068,43.807,0,84,65,44,2760,10501,5.13199,165,16.9985,0,0,5442,26699234403
239.108,4.18221,43.807,0,84,65,44,2760,10501,5.13199,165,16.9985,0,0,5442,26703417198
589.539,1.69624,43.807,0,84,65,44,2760,10501,5.13199,165,16.9985,0,0,5442,26705113582
646.676,1.54637,43.807,0,84,65,44,2760,10501,5.13199,165,16.9985,0,0,5442,26706660442
379.311,2.63636,43.807,0,84,65,44,2760,10501,5.13199,165,16.9985,0,0,5442,26709297204
324.538,3.08131,43.807,0,84,65,44,2760,10501,5.13199,165,16.9985,0,0,5442,26712378750
212.969,4.69552,43.807,0,84,65,44,2760,10501,5.13199,165,16.9985,0,0,5442,26717074754
2076.44,0.481593,43.807,0,84,65,44,2760,10501,5.13199,165,16.9985,0,0,5442,26717556347
308.813,3.2382,43.807,0,84,65,44,2760,10501,5.13199,165,16.9985,0,0,5442,26720795187
478.189,2.09122,43.807,0,84,65,44,2760,10501,5.13199,165,16.9985,0,0,5442,26722886671
331.586,3.01581,43.807,0,84,65,44,2760,10501,5.13199,165,16.9985,0,0,5442,26725902831
249.09,4.01462,43.807,0,84,65,44,2760,10501,5.13199,165,16.9985,0,0,5442,26729917822
616.685,1.62157,43.807,0,84,65,44,2760,10501,5.13199,165,16.9985,0,0,5442,26731539713
335.796,2.97799,43.807,0,84,65,44,2760,10501,5.13199,165,16.9985,0,0,5442,26734517958
443.478,2.2549,43.807,0,84,65,44,2760,10501,5.13199,165,16.9985,0,0,5442,26736773255
399.397,2.50378,43.807,0,84,65,44,2760,10501,5.13199,165,16.9985,0,0,5442,26739277368
377.398,2.64972,43.807,0,84,65,44,2760,10501,5.13199,165,16.9985,0,0,5442,26741927361
299.64,3.33733,43.807,0,84,65,44,2760,10501,5.13199,165,16.9985,0,0,5442,26745265204
462.178,2.16367,43.807,0,84,65,44,2760,10501,5.13199,165,16.9985,0,0,5442,26747429181
504.091,1.98377,43.807,0,84,65,44,2760,10501,5.13199,165,16.9985,0,0,5442,26749413258
329.053,3.03903,43.807,0,84,65,44,2760,10501,5.13199,165,16.9985,0,0,5442,26752452706
330.56,3.02517,43.807,0,84,65,44,2760,10501,5.13199,165,16.9985,0,0,5442,26755478164
393.346,2.54229,43.807,0,84,65,44,2760,10501,5.13199,165,16.9985,0,0,5442,26758020759
364.938,2.74019,43.807,0,84,65,44,2760,10501,5.13199,165,16.9985,0,0,5442,26760761284
451.817,2.21329,43.807,0,84,65,44,2760,10501,5.13199,165,16.9985,0,0,5442,26762974916
340.63,2.93573,43.807,0,84,65,44,2760,10501,5.13199,165,16.9985,0,0,5442,26765910919
432.881,2.31011,43.807,0,84,65,44,2760,10501,5.13199,165,16.9985,0,0,5442,26768221478
298.975,3.34476,43.807,0,84,65,44,2760,10501,5.13199,165,16.9985,0,0,5442,26771566504
215.969,4.6303,43.807,0,84,65,44,2760,10501,5.13199,165,16.9985,0,0,5442,26776197150
704.683,1.41908,43.807,0,84,65,44,2760,10501,5.13199,165,16.9985,0,0,5442,26777616804
527.374,1.89619,43.807,0,84,65,44,2760,10501,5.13199,165,16.9985,0,0,5442,26779513128
209.911,4.76393,43.807,0,84,65,44,2760,10501,5.13199,165,16.9985,0,0,5442,26784277404
633.623,1.57823,43.807,0,84,65,44,2760,10501,5.13199,165,16.9985,0,0,5442,26785856082
336.375,2.97287,43.807,0,84,65,44,2760,10501,5.13199,165,16.9985,0,0,5442,26788829230
600.962,1.664,43.807,0,84,65,44,2760,10501,5.13199,165,16.9985,0,0,5442,26790493488
325.19,3.07512,43.807,0,84,65,44,2760,10501,5.13199,165,16.9985,0,0,5442,26793569044
402.08,2.48707,43.807,0,84,65,44,2760,10501,5.13199,165,16.9985,0,0,5442,26796056349
389.472,2.56758,43.807,0,84,65,44,2760,10501,5.13199,165,16.9985,0,0,5442,26798624233
223.96,4.46508,43.807,0,84,65,44,2760,10501,5.13199,165,16.9985,0,0,5442,26803089826
723.263,1.38262,43.807,0,84,65,44,2760,10501,5.13199,165,16.9985,0,0,5442,26804472680
667.444,1.49825,43.807,0,84,65,44,2760,10501,5.13199,165,16.9985,0,0,5442,26805971202
194.824,5.13285,43.807,0,84,65,44,2760,10501,5.13199,165,16.9985,0,0,5442,26811104394
438.284,2.28163,43.807,0,84,65,44,2760,10501,5.13199,165,16.9985,0,0,5442,26813386433
585.003,1.70939,43.807,0,84,65,44,2760,10501,5.13199,165,16.9985,0,0,5442,26815096211
566.698,1.76461,43.807,0,84,65,44,2760,10501,5.13199,165,16.9985,0,0,5442,26816861203
347.52,2.87753,43.807,0,84,65,44,2760,10501,5.13199,165,16.9985,0,0,5442,26819738935
390.213,2.5627,43.807,0,84,65,44,2760,10501,5.13199,165,16.9985,0,0,5442,26822301916
387.532,2.58043,43.807,0,84,65,44,2760,10501,5.13199,165,16.9985,0,0,5442,26824882589
339.773,2.94314,43.807,0,84,65,44,2760,10501,5.13199,165,16.9985,0,0,5442,26827826102
280.086,3.57033,43.807,0,84,65,44,2760,10501,5.13199,165,16.9985,0,0,5442,26831396770
409.496,2.44202,43.807,0,84,65,44,2760,10501,5.13199,165,16.9985,0,0,5442,26833839103
265.226,3.77037,43.807,0,84,65,44,2760,10501,5.13199,165,16.9985,0,0,5442,26837609941
378.573,2.6415,43.807,0,84,65,44,2760,10501,5.13199,165,16.9985,0,0,5442,26840251867
1078.24,0.927435,43.807,0,84,65,44,2760,10501,5.13199,165,16.9985,0,0,5442,26841179485
316.462,3.15993,43.807,0,84,65,44,2760,10501,5.13199,165,16.9985,0,0,5442,26844339726
383.005,2.61093,43.807,0,84,65,44,2760,10501,5.13199,165,16.9985,0,0,5442,26846950987
429.195,2.32994,43.807,0,84,65,44,2760,10501,5.13199,165,16.9985,0,0,5442,26849281190
210.76,4.74473,43.807,0,84,65,44,2760,10501,5.13199,165,16.9985,0,0,5442,26854026321
837.074,1.19464,43.807,0,84,65,44,2760,10501,5.13199,165,16.9985,0,0,5442,26855221237
501.219,1.99513,43.807,0,84,65,44,2760,10501,5.13199,165,16.9985,0,0,5442,26857216688
319.885,3.12613,43.807,0,84,65,44,2760,10501,5.13199,165,16.9985,0,0,5442,26860343428
365.438,2.73644,43.807,0,84,65,44,2760,10501,5.13199,165,16.9985,0,0,5442,26863079886
415,2.40964,43.807,0,84,65,44,2760,10501,5.13199,165,16.9985,0,0,5442,26865489986
388.677,2.57283,43.807,0,84,65,44,2760,10501,5.13199,165,16.9985,0,0,5442,26868063054
381.919,2.61836,43.807,0,84,65,44,2760,10501,5.13199,165,16.9985,0,0,5442,26870681719
379.376,2.63591,43.807,0,84,65,44,2760,10501,5.13199,165,16.9985,0,0,5442,26873318116
357.136,2.80006,43.807,0,84,65,44,2760,10501,5.13199,165,16.9985,0,0,5442,26876118422
352.883,2.8338,43.807,0,84,65,44,2760,10501,5.13199,165,16.9985,0,0,5442,26878952488
428.995,2.33103,43.807,0,84,65,44,2760,10501,5.13199,165,16.9985,0,0,5442,26881283836
307.959,3.24719,43.807,0,84,65,44,2760,10501,5.13199,165,16.9985,0,0,5442,26884531349
358.243,2.7914,43.807,0,84,65,44,2760,10501,5.13199,165,16.9985,0,0,5442,26887323222
272.679,3.66732,43.807,0,84,65,44,2760,10501,5.13199,165,16.9985,0,0,5442,26890993154
375.782,2.66112,43.807,0,84,65,44,2760,10501,5.13199,165,16.9985,0,0,5442,26893654455
493.756,2.02529,43.807,0,84,65,44,2760,10501,5.13199,165,16.9985,0,0,5442,26895680177
550.156,1.81767,43.807,0,84,65,44,2760,10501,5.13199,165,16.9985,0,0,5442,26897498113
372.326,2.68582,43.807,0,84,65,44,2760,10501,5.13199,165,16.9985,0,0,5442,26900184223
369.965,2.70296,43.807,0,84,65,44,2760,10501,5.13199,165,16.9985,0,0,5442,26902887497
376.72,2.65449,43.807,0,84,65,44,2760,10501,5.13199,165,16.9985,0,0,5442,26905542269
359.336,2.78291,43.807,0,84,65,44,2760,10501,5.13199,165,16.9985,0,0,5442,26908325391
341.103,2.93167,43.807,0,84,65,44,2760,10501,5.13199,165,16.9985,0,0,5442,26911257481
365.211,2.73814,43.807,0,84,65,44,2760,10501,5.13199,165,16.9985,0,0,5442,26913995881
185.74,5.38387,43.807,0,84,65,44,2760,10501,5.13199,165,16.9985,0,0,5442,26919382514
807.633,1.23819,44.7028,0,84,65,44,2760,10501,5.13317,165,17.0007,0,0,5441,26920618835
579.113,1.72678,44.7028,0,84,65,44,2760,10501,5.13317,165,17.0007,0,0,5441,26922346124
327.581,3.05268,44.7028,0,84,65,44,2760,10501,5.13317,165,17.0007,0,0,5441,26925399092
358.657,2.78818,44.7028,0,84,65,44,2760,10501,5.13317,165,17.0007,0,0,5441,26928187955
326.014,3.06735,44.7028,0,84,65,44,2760,10501,5.13317,165,17.0007,0,0,5441,26931255433
547.215,1.82744,44.7028,0,84,65,44,2760,10501,5.13317,165,17.0007,0,0,5441,26933083437
279.782,3.57422,44.7028,0,84,65,44,2760,10501,5.13317,165,17.0007,0,0,5441,26936658154
393.256,2.54287,44.7028,0,84,65,44,2760,10501,5.13317,165,17.0007,0,0,5441,26939201192
456.423,2.19095,44.7028,0,84,65,44,2760,10501,5.13317,165,17.0007,0,0,5441,26941392487
235.806,4.24077,44.7028,0,84,65,44,2760,10501,5.13317,165,17.0007,0,0,5441,26945633601
646.491,1.54681,44.7028,0,84,65,44,2760,10501,5.13317,165,17.0007,0,0,5441,26947180922
423.161,2.36317,44.7028,0,84,65,44,2760,10501,5.13317,165,17.0007,0,0,5441,26949544338
210.272,4.75575,44.7028,0,84,65,44,2760,10501,5.13317,165,17.0007,0,0,5441,26954300604
989.284,1.01083,44.7028,0,84,65,44,2760,10501,5.13317,165,17.0007,0,0,5441,26955311754
460.496,2.17157,44.7028,0,84,65,44,2760,10501,5.13317,165,17.0007,0,0,5441,26957483827
310.315,3.22253,44.7028,0,84,65,44,2760,10501,5.13317,165,17.0007,0,0,5441,26960706791
445.391,2.24522,44.7028,0,84,65,44,2760,10501,5.13317,165,17.0007,0,0,5441,26962952396
355.708,2.8113,44.7028,0,84,65,44,2760,10501,5.13317,165,17.0007,0,0,5441,26965764010
358.923,2.78611,44.7028,0,84,65,44,2760,10501,5.13317,165,17.0007,0,0,5441,26968550421
320.586,3.11929,44.7028,0,84,65,44,2760,10501,5.13317,165,17.0007,0,0,5441,26971669978
418.108,2.39173,44.7028,0,84,65,44,2760,10501,5.13317,165,17.0007,0,0,5441,26974062386
455.807,2.19391,44.7028,0,84,65,44,2760,10501,5.13317,165,17.0007,0,0,5441,26976256344
359.604,2.78083,44.7028,0,84,65,44,2760,10501,5.13317,165,17.0007,0,0,5441,26979037649
269.51,3.71043,44.7028,0,84,65,44,2760,10501,5.13317,165,17.0007,0,0,5441,26982748342
601.612,1.6622,44.7028,0,84,65,44,2760,10501,5.13317,165,17.0007,0,0,5441,26984410792
313.08,3.19407,44.7028,0,84,65,44,2760,10501,5.13317,165,17.0007,0,0,5441,26987605332
507.082,1.97207,44.7028,0,84,65,44,2760,10501,5.13317,165,17.0007,0,0,5441,26989577553
270.067,3.70278,44.7028,0,84,65,44,2760,10501,5.13317,165,17.0007,0,0,5441,26993280639
459.795,2.17488,44.7028,0,84,65,44,2760,10501,5.13317,165,17.0007,0,0,5441,26995455799
227.408,4.39739,44.7028,0,84,65,44,2760,10501,5.13317,165,17.0007,0,0,5441,26999853466
865.916,1.15485,44.7028,0,84,65,44,2760,10501,5.13317,165,17.0007,0,0,5441,27001008640
520.662,1.92063,44.7028,0,84,65,44,2760,10501,5.13317,165,17.0007,0,0,5441,27002929522
404.226,2.47386,44.7028,0,84,65,44,2760,10501,5.13317,165,17.0007,0,0,5441,27005403701
263.551,3.79433,44.7028,0,84,65,44,2760,10501,5.13317,165,17.0007,0,0,5441,27009198406
475.423,2.10339,44.7028,0,84,65,44,2760,10501,5.13317,165,17.0007,0,0,5441,27011302102
307.082,3.25646,44.7028,0,84,65,44,2760,10501,5.13317,165,17.0007,0,0,5441,27014558991
614.985,1.62606,44.7028,0,84,65,44,2760,10501,5.13317,165,17.0007,0,0,5441,27016185382
190.043,5.26196,44.7028,0,84,65,44,2760,10501,5.13317,165,17.0007,0,0,5441,27021447819
1008.29,0.991774,44.7028,0,84,65,44,2760,10501,5.13317,165,17.0007,0,0,5441,27022439766
272.407,3.67098,44.7028,0,84,65,44,2760,10501,5.13317,165,17.0007,0,0,5441,27026111284
635.594,1.57333,44.7028,0,84,65,44,2760,10501,5.13317,165,17.0007,0,0,5441,27027684943
557.18,1.79475,44.7028,0,84,65,44,2760,10501,5.13317,165,17.0007,0,0,5441,27029479888
397.46,2.51598,44.7028,0,84,65,44,2760,10501,5.13317,165,17.0007,0,0,5441,27031996357
318.974,3.13505,44.7028,0,84,65,44,2760,10501,5.13317,165,17.0007,0,0,5441,27035131636
388.009,2.57726,44.7028,0,84,65,44,2760,10501,5.13317,165,17.0007,0,0,5441,27037709386
361.472,2.76647,44.7028,0,84,65,44,2760,10501,5.13317,165,17.0007,0,0,5441,27040476133
251.656,3.97367,44.7028,0,84,65,44,2760,10501,5.13317,165,17.0007,0,0,5441,27044450286
632.975,1.57984,44.7028,0,84,65,44,2760,10501,5.13317,165,17.0007,0,0,5441,27046030542
393.46,2.54156,44.7028,0,84,65,44,2760,10501,5.13317,165,17.0007,0,0,5441,27048572406
205.523,4.86563,44.7028,0,84,65,44,2760,10501,5.13317,165,17.0007,0,0,5441,27053438464
692.368,1.44432,44.7028,0,84,65,44,2760,10501,5.13317,165,17.0007,0,0,5441,27054883023
607.502,1.64608,44.7028,0,84,65,44,2760,10501,5.13317,165,17.0007,0,0,5441,27056529395
341.356,2.92949,44.7028,0,84,65,44,2760,10501,5.13317,165,17.0007,0,0,5441,27059459206
351.77,2.84277,44.7028,0,84,65,44,2760,10501,5.13317,165,17.0007,0,0,5441,27062302273
458.078,2.18303,44.7028,0,84,65,44,2760,10501,5.13317,165,17.0007,0,0,5441,27064485635
330.035,3.02998,44.7028,0,84,65,44,2760,10501,5.13317,165,17.0007,0,0,5441,27067515814
450.32,2.22064,44.7028,0,84,65,44,2760,10501,5.13317,165,17.0007,0,0,5441,27069736725
370.623,2.69816,44.7028,0,84,65,44,2760,10501,5.13317,165,17.0007,0,0,5441,27072435297
333.011,3.00291,44.7028,0,84,65,44,2760,10501,5.13317,165,17.0007,0,0,5441,27075438513
357.812,2.79477,44.7028,0,84,65,44,2760,10501,5.13317,165,17.0007,0,0,5441,27078233704
407.234,2.45559,44.7028,0,84,65,44,2760,10501,5.13317,165,17.0007,0,0,5441,27080689738
247.396,4.04211,44.7028,0,84,65,44,2760,10501,5.13317,165,17.0007,0,0,5441,27084732326
430.706,2.32177,44.7028,0,84,65,44,2760,10501,5.13317,165,17.0007,0,0,5441,27087054299
674.789,1.48194,44.7028,0,84,65,44,2760,10501,5.13317,165,17.0007,0,0,5441,27088536407
395.934,2.52567,44.7028,0,84,65,44,2760,10501,5.13317,165,17.0007,0,0,5441,27091062424
347.997,2.87359,44.7028,0,84,65,44,2760,10501,5.13317,165,17.0007,0,0,5441,27093936319
362.196,2.76094,44.7028,0,84,65,44,2760,10501,5.13317,165,17.0007,0,0,5441,27096697807
288.124,3.47073,44.7028,0,84,65,44,2760,10501,5.13317,165,17.0007,0,0,5441,27100168943
598.052,1.67209,44.7028,0,84,65,44,2760,10501,5.13317,165,17.0007,0,0,5441,27101841268
189.068,5.28909,44.7028,0,84,65,44,2760,10501,5.13317,165,17.0007,0,0,5441,27107130899
397.779,2.51396,44.7028,0,84,65,44,2760,10501,5.13317,165,17.0007,0,0,5441,27109645195
1156.97,0.864327,44.7028,0,84,65,44,2760,10501,5.13317,165,17.0007,0,0,5441,27110509772
200.437,4.98909,44.7028,0,84,65,44,2760,10501,5.13317,165,17.0007,0,0,5441,27115499306
2371.05,0.421754,44.7028,0,84,65,44,2760,10501,5.13317,165,17.0007,0,0,5441,27115921233
329.813,3.03203,44.7028,0,84,65,44,2760,10501,5.13317,165,17.0007,0,0,5441,27118953576
414.088,2.41495,44.7028,0,84,65,44,2760,10501,5.13317,165,17.0007,0,0,5441,27121368850
371.747,2.69,44.7028,0,84,65,44,2760,10501,5.13317,165,17.0007,0,0,5441,27124059238
326.577,3.06206,44.7028,0,84,65,44,2760,10501,5.13317,165,17.0007,0,0,5441,27127121697
395.316,2.52962,44.7028,0,84,65,44,2760,10501,5.13317,165,17.0007,0,0,5441,27129651907
238.705,4.18927,44.7028,0,84,65,44,2760,10501,5.13317,165,17.0007,0,0,5441,27133841491
432.331,2.31304,44.7028,0,84,65,44,2760,10501,5.13317,165,17.0007,0,0,5441,27136154848
502.411,1.9904,44.7028,0,84,65,44,2760,10501,5.13317,165,17.0007,0,0,5441,27138145665
499.515,2.00194,44.7028,0,84,65,44,2760,10501,5.13317,165,17.0007,0,0,5441,27140147915
266.229,3.75617,44.7028,0,84,65,44,2760,10501,5.13317,165,17.0007,0,0,5441,27143904407
452.279,2.21103,44.7028,0,84,65,44,2760,10501,5.13317,165,17.0007,0,0,5441,27146115770
527.797,1.89467,44.7028,0,84,65,44,2760,10501,5.13317,165,17.0007,0,0,5441,27148010728
296.102,3.37721,44.7028,0,84,65,44,2760,10501,5.13317,165,17.0007,0,0,5441,27151388178
381.503,2.62121,44.7028,0,84,65,44,2760,10501,5.13317,165,17.0007,0,0,5441,27154009757
308.169,3.24498,44.7028,0,84,65,44,2760,10501,5.13317,165,17.0007,0,0,5441,27157255059
476.371,2.09921,44.7028,0,84,65,44,2760,10501,5.13317,165,17.0007,0,0,5441,27159354630
344.625,2.9017,44.7028,0,84,65,44,2760,10501,5.13317,165,17.0007,0,0,5441,27162256708
517.854,1.93105,44.7028,0,84,65,44,2760,10501,5.13317,165,17.0007,0,0,5441,27164188091
339.686,2.9439,44.7028,0,84,65,44,2760,10501,5.13317,165,17.0007,0,0,5441,27167132372
306.858,3.25883,44.7028,0,84,65,44,2760,10501,5.13317,165,17.0007,0,0,5441,27170391665
493.834,2.02497,44.7028,0,84,65,44,2760,10501,5.13317,165,17.0007,0,0,5441,27172417079
382.782,2.61245,44.7028,0,84,65,44,2760,10501,5.13317,165,17.0007,0,0,5441,27175029946
352.053,2.84048,44.7028,0,84,65,44,2760,10501,5.13317,165,17.0007,0,0,5441,27177870773
374.766,2.66833,44.7028,0,84,65,44,2760,10501,5.13317,165,17.0007,0,0,5441,27180539488
405.933,2.46346,44.7028,0,84,65,44,2760,10501,5.13317,165,17.0007,0,0,5441,27183003475
400.034,2.49979,44.7028,0,84,65,44,2760,10501,5.13317,165,17.0007,0,0,5441,27185503597
345.454,2.89474,44.7028,0,84,65,44,2760,10501,5.13317,165,17.0007,0,0,5441,27188398753
265.391,3.76803,44.7028,0,84,65,44,2760,10501,5.13317,165,17.0007,0,0,5441,27192167149
587.936,1.70087,44.7028,0,84,65,44,2760,10501,5.13317,165,17.0007,0,0,5441,27193868264
301.576,3.31591,44.7028,0,84,65,44,2760,10501,5.13317,165,17.0007,0,0,5441,27197184501
580.075,1.72391,44.7028,0,84,65,44,2760,10501,5.13317,165,17.0007,0,0,5441,27198908780
341.099,2.9317,44.7028,0,84,65,44,2760,10501,5.13317,165,17.0007,0,0,5441,27201840792
374.383,2.67106,44.7028,0,84,65,44,2760,10501,5.13317,165,17.0007,0,0,5441,27204512171
373.608,2.6766,44.7028,0,84,65,44,2760,10501,5.13317,165,17.0007,0,0,5441,27207189107
370.143,2.70166,44.7028,0,84,65,44,2760,10501,5.13317,165,17.0007,0,0,5441,27209891092
180.831,5.53001,44.7028,0,84,65,44,2760,10501,5.13317,165,17.0007,0,0,5441,27215421432
704.14,1.42017,44.7028,0,84,65,44,2760,10501,5.13317,165,17.0007,0,0,5441,27216841932
499.858,2.00057,44.7028,0,84,65,44,2760,10501,5.13317,165,17.0007,0,0,5441,27218842932
388.165,2.57622,44.7028,0,84,65,44,2760,10501,5.13317,165,17.0007,0,0,5441,27221419423
266.395,3.75383,44.7028,0,84,65,44,2760,10501,5.13317,165,17.0007,0,0,5441,27225173588
520.735,1.92036,44.7028,0,84,65,44,2760,10501,5.13317,165,17.0007,0,0,5441,27227094278
237.544,4.20975,44.7028,0,84,65,44,2760,10501,5.13317,165,17.0007,0,0,5441,27231304496
1124.12,0.889588,44.7028,0,84,65,44,2760,10501,5.13317,165,17.0007,0,0,5441,27232194440
190.374,5.25282,44.7028,0,84,65,44,2760,10501,5.13317,165,17.0007,0,0,5441,27237448021
944.521,1.05874,44.7028,0,84,65,44,2760,10501,5.13317,165,17.0007,0,0,5441,27238507057
264.854,3.77567,44.7028,0,84,65,44,2760,10501,5.13317,165,17.0007,0,0,5441,27242283107
540.328,1.85073,44.7028,0,84,65,44,2760,10501,5.13317,165,17.0007,0,0,5441,27244134169
506.929,1.97266,44.7028,0,84,65,44,2760,10501,5.13317,165,17.0007,0,0,5441,27246107091
381.42,2.62178,44.7028,0,84,65,44,2760,10501,5.13317,165,17.0007,0,0,5441,27248729218
417.326,2.39621,44.7028,0,84,65,44,2760,10501,5.13317,165,17.0007,0,0,5441,27251125886
181.892,5.49778,44.7028,0,84,65,44,2760,10501,5.13317,165,17.0007,0,0,5441,27256623965
611.471,1.6354,44.7028,0,84,65,44,2760,10501,5.13317,165,17.0007,0,0,5441,27258259828
556.902,1.79565,44.7028,0,84,65,44,2760,10501,5.13317,165,17.0007,0,0,5441,27260055648
335.335,2.98209,44.7028,0,84,65,44,2760,10501,5.13317,165,17.0007,0,0,5441,27263038124
372.408,2.68523,44.7028,0,84,65,44,2760,10501,5.13317,165,17.0007,0,0,5441,27265723849
282.419,3.54084,44.7028,0,84,65,44,2760,10501,5.13317,165,17.0007,0,0,5441,27269264805
510.255,1.95981,44.7028,0,84,65,44,2760,10501,5.13317,165,17.0007,0,0,5441,27271224919
352.098,2.84012,44.7028,0,84,65,44,2760,10501,5.13317,165,17.0007,0,0,5441,27274065457
570.337,1.75335,44.7028,0,84,65,44,2760,10501,5.13317,165,17.0007,0,0,5441,27275819083
358.751,2.78745,44.7028,0,84,65,44,2760,10501,5.13317,165,17.0007,0,0,5441,27278606792
321.945,3.10612,44.7028,0,84,65,44,2760,10501,5.13317,165,17.0007,0,0,5441,27281713262
446.717,2.23856,44.7028,0,84,65,44,2760,10501,5.13317,165,17.0007,0,0,5441,27283952251
402.667,2.48344,44.7028,0,84,65,44,2760,10501,5.13317,165,17.0007,0,0,5441,27286436056
345.057,2.89807,44.7028,0,84,65,44,2760,10501,5.13317,165,17.0007,0,0,5441,27289334404
415.876,2.40456,44.7028,0,84,65,44,2760,10501,5.13317,165,17.0007,0,0,5441,27291739370
222.803,4.48828,44.7028,0,84,65,44,2760,10501,5.13317,165,17.0007,0,0,5441,27296228107
824.957,1.21219,44.7028,0,84,65,44,2760,10501,5.13317,165,17.0007,0,0,5441,27297440456
408.291,2.44924,44.7028,0,84,65,44,2760,10501,5.13317,165,17.0007,0,0,5441,27299890000
368.594,2.71301,44.7028,0,84,65,44,2760,10501,5.13317,165,17.0007,0,0,5441,27302603486
330.072,3.02964,44.7028,0,84,65,44,2760,10501,5.13317,165,17.0007,0,0,5441,27305633386
368.273,2.71538,44.7028,0,84,65,44,2760,10501,5.13317,165,17.0007,0,0,5441,27308349112
410.045,2.43876,44.7028,0,84,65,44,2760,10501,5.13317,165,17.0007,0,0,5441,27310788175
348.667,2.86807,44.7028,0,84,65,44,2760,10501,5.13317,165,17.0007,0,0,5441,27313656570
353.893,2.82571,44.7028,0,84,65,44,2760,10501,5.13317,165,17.0007,0,0,5441,27316482598
412.68,2.42319,44.7028,0,84,65,44,2760,10501,5.13317,165,17.0007,0,0,5441,27318906083
269.487,3.71075,44.7028,0,84,65,44,2760,10501,5.13317,165,17.0007,0,0,5441,27322617420
499.347,2.00262,44.7028,0,84,65,44,2760,10501,5.13317,165,17.0007,0,0,5441,27324620285
396.292,2.52339,44.7028,0,84,65,44,2760,10501,5.13317,165,17.0007,0,0,5441,27327143918
263.682,3.79244,44.7028,0,84,65,44,2760,10501,5.13317,165,17.0007,0,0,5441,27330936700
438.567,2.28015,44.7028,0,84,65,44,2760,10501,5.13317,165,17.0007,0,0,5441,27333217162
518.88,1.92723,44.7028,0,84,65,44,2760,10501,5.13317,165,17.0007,0,0,5441,27335144698
198.428,5.03962,44.7028,0,84,65,44,2760,10501,5.13317,165,17.0007,0,0,5441,27340184742
621.465,1.6091,44.7028,0,84,65,44,2760,10501,5.13317,165,17.0007,0,0,5441,27341794201
532.109,1.87931,44.7028,0,84,65,44,2760,10501,5.13317,165,17.0007,0,0,5441,27343673822
367.511,2.721,44.7028,0,84,65,44,2760,10501,5.13317,165,17.0007,0,0,5441,27346395115
277.642,3.60176,44.7028,0,84,65,44,2760,10501,5.13317,165,17.0007,0,0,5441,27349997169
666.982,1.49929,44.7028,0,84,65,44,2760,10501,5.13317,165,17.0007,0,0,5441,27351496931
367.933,2.71789,44.7028,0,84,65,44,2760,10501,5.13317,165,17.0007,0,0,5441,27354215235
340.477,2.93706,44.7028,0,84,65,44,2760,10501,5.13317,165,17.0007,0,0,5441,27357152487
425.608,2.34958,44.7028,0,84,65,44,2760,10501,5.13317,165,17.0007,0,0,5441,27359502413
309.731,3.22861,44.7028,0,84,65,44,2760,10501,5.13317,165,17.0007,0,0,5441,27362731329
424.644,2.35492,44.7028,0,84,65,44,2760,10501,5.13317,165,17.0007,0,0,5441,27365086678
323.913,3.08725,44.7028,0,84,65,44,2760,10501,5.13317,165,17.0007,0,0,5441,27368174166
409.2,2.44379,44.7028,0,84,65,44,2760,10501,5.13317,165,17.0007,0,0,5441,27370618278
326.842,3.05958,44.7028,0,84,65,44,2760,10501,5.13317,165,17.0007,0,0,5441,27373678265
359.475,2.78183,44.7028,0,84,65,44,2760,10501,5.13317,165,17.0007,0,0,5441,27376460369
435.949,2.29385,44.7028,0,84,65,44,2760,10501,5.13317,165,17.0007,0,0,5441,27378754648
385.804,2.59199,44.7028,0,84,65,44,2760,10501,5.13317,165,17.0007,0,0,5441,27381346745
275.658,3.62768,44.7028,0,84,65,44,2760,10501,5.13317,165,17.0007,0,0,5441,27384974800
469.969,2.1278,44.7028,0,84,65,44,2760,10501,5.13317,165,17.0007,0,0,5441,27387102939
368.391,2.7145,44.7028,0,84,65,44,2760,10501,5.13317,165,17.0007,0,0,5441,27389817732
419.554,2.38348,44.7028,0,84,65,44,2760,10501,5.13317,165,17.0007,0,0,5441,27392201524
294.839,3.39168,44.7028,0,84,65,44,2760,10501,5.13317,165,17.0007,0,0,5441,27395593610
536.853,1.86271,44.7028,0,84,65,44,2760,10501,5.13317,165,17.0007,0,0,5441,27397456701
203.487,4.91433,44.7028,0,84,65,44,2760,10501,5.13317,165,17.0007,0,0,5441,27402371444
572.157,1.74777,44.7028,0,84,65,44,2760,10501,5.13317,165,17.0007,0,0,5441,27404119416
513.748,1.94648,44.7028,0,84,65,44,2760,10501,5.13317,165,17.0007,0,0,5441,27406066213
476.253,2.09973,44.7028,0,84,65,44,2760,10501,5.13317,165,17.0007,0,0,5441,27408166216
307.034,3.25697,44.7028,0,84,65,44,2760,10501,5.13317,165,17.0007,0,0,5441,27411423480
409.691,2.44086,44.7028,0,84,65,44,2760,10501,5.13317,165,17.0007,0,0,5441,27413864658
408.013,2.4509,44.7028,0,84,65,44,2760,10501,5.13317,165,17.0007,0,0,5441,27416316029
283.676,3.52515,44.7028,0,84,65,44,2760,10501,5.13317,165,17.0007,0,0,5441,27419843821
440.13,2.27206,44.0415,0,83,65,44,2760,10501,5.13317,165,17.0002,0,0,5437,27422113869
408.315,2.44909,44.0415,0,83,65,44,2760,10501,5.13317,165,17.0002,0,0,5437,27424563201
412.244,2.42575,44.0415,0,83,65,44,2760,10501,5.13317,165,17.0002,0,0,5437,27426989389
337.773,2.96057,44.0415,0,83,65,44,2760,10501,5.13317,165,17.0002,0,0,5437,27429950210
395.445,2.5288,44.0415,0,83,65,44,2760,10501,5.13317,165,17.0002,0,0,5437,27432479362
481.927,2.075,44.0415,0,83,65,44,2760,10501,5.13317,165,17.0002,0,0,5437,27434554653
317.394,3.15066,44.0415,0,83,65,44,2760,10501,5.13317,165,17.0002,0,0,5437,27437705673
323.179,3.09426,44.0415,0,83,65,44,2760,10501,5.13317,165,17.0002,0,0,5437,27440800354
352.077,2.84029,44.0415,0,83,65,44,2760,10501,5.13317,165,17.0002,0,0,5437,27443640940
324.143,3.08506,44.0415,0,83,65,44,2760,10501,5.13317,165,17.0002,0,0,5437,27446726458
517.529,1.93226,44.0415,0,83,65,44,2760,10501,5.13317,165,17.0002,0,0,5437,27448659100
508.451,1.96676,44.0415,0,83,65,44,2760,10501,5.13317,165,17.0002,0,0,5437,27450626214
272.174,3.67411,44.0415,0,83,65,44,2760,10501,5.13317,165,17.0002,0,0,5437,27454300944
355.632,2.81189,44.0415,0,83,65,44,2760,10501,5.13317,165,17.0002,0,0,5437,27457113164
618.357,1.61719,44.0415,0,83,65,44,2760,10501,5.13317,165,17.0002,0,0,5437,27458730545
376.681,2.65476,44.0415,0,83,65,44,2760,10501,5.13317,165,17.0002,0,0,5437,27461385644
269.865,3.70556,44.0415,0,83,65,44,2760,10501,5.13317,165,17.0002,0,0,5437,27465091519
498.72,2.00514,44.0415,0,83,65,44,2760,10501,5.13317,165,17.0002,0,0,5437,27467096990
354.812,2.81839,44.0415,0,83,65,44,2760,10501,5.13317,165,17.0002,0,0,5437,27469915826
371.586,2.69117,44.0415,0,83,65,44,2760,10501,5.13317,165,17.0002,0,0,5437,27472607166
379.661,2.63393,44.0415,0,83,65,44,2760,10501,5.13317,165,17.0002,0,0,5437,27475241601
207.934,4.80923,44.0415,0,83,65,44,2760,10501,5.13317,165,17.0002,0,0,5437,27480051052
1833.47,0.545413,44.0415,0,83,65,44,2760,10501,5.13317,165,17.0002,0,0,5437,27480596743
304.233,3.28696,44.0415,0,83,65,44,2760,10501,5.13317,165,17.0002,0,0,5437,27483884114
433.261,2.30808,44.0415,0,83,65,44,2760,10501,5.13317,165,17.0002,0,0,5437,27486192518
462.092,2.16407,44.0415,0,83,65,44,2760,10501,5.13317,165,17.0002,0,0,5437,27488357034
337.321,2.96453,44.0415,0,83,65,44,2760,10501,5.13317,165,17.0002,0,0,5437,27491322037
348.121,2.87257,44.0415,0,83,65,44,2760,10501,5.13317,165,17.0002,0,0,5437,27494194913
488.878,2.0455,44.0415,0,83,65,44,2760,10501,5.13317,165,17.0002,0,0,5437,27496240655
326.684,3.06106,44.0415,0,83,65,44,2760,10501,5.13317,165,17.0002,0,0,5437,27499302047
377.298,2.65043,44.0415,0,83,65,44,2760,10501,5.13317,165,17.0002,0,0,5437,27501952828
385.988,2.59075,44.0415,0,83,65,44,2760,10501,5.13317,165,17.0002,0,0,5437,27504544031
342.148,2.92271,44.0415,0,83,65,44,2760,10501,5.13317,165,17.0002,0,0,5437,27507466918
182.411,5.48214,44.0415,0,83,65,44,2760,10501,5.13317,165,17.0002,0,0,5437,27512949468
455.039,2.19761,44.0415,0,83,65,44,2760,10501,5.13317,165,17.0002,0,0,5437,27515147437
537.655,1.85993,44.0415,0,83,65,44,2760,10501,5.13317,165,17.0002,0,0,5437,27517007586
526.109,1.90075,44.0415,0,83,65,44,2760,10501,5.13317,165,17.0002,0,0,5437,27518908554
392.702,2.54646,44.0415,0,83,65,44,2760,10501,5.13317,165,17.0002,0,0,5437,27521455428
305.677,3.27143,44.0415,0,83,65,44,2760,10501,5.13317,165,17.0002,0,0,5437,27524727173
433.138,2.30873,44.0415,0,83,65,44,2760,10501,5.13317,165,17.0002,0,0,5437,27527036203
383.976,2.60433,44.0415,0,83,65,44,2760,10501,5.13317,165,17.0002,0,0,5437,27529640838
364.587,2.74283,44.0415,0,83,65,44,2760,10501,5.13317,165,17.0002,0,0,5437,27532383854
378.735,2.64037,44.0415,0,83,65,44,2760,10501,5.13317,165,17.0002,0,0,5437,27535024664
276.975,3.61043,44.0415,0,83,65,44,2760,10501,5.13317,165,17.0002,0,0,5437,27538635420
258.522,3.86814,44.0415,0,83,65,44,2760,10501,5.13317,165,17.0002,0,0,5437,27542504118
354.213,2.82316,44.0415,0,83,65,44,2760,10501,5.13317,165,17.0002,0,0,5437,27545327492
1481.01,0.675215,44.0415,0,83,65,44,2760,10501,5.13317,165,17.0002,0,0,5437,27546002813
236.571,4.22707,44.0415,0,83,65,44,2760,10501,5.13317,165,17.0002,0,0,5437,27550230609
457.254,2.18697,44.0415,0,83,65,44,2760,10501,5.13317,165,17.0002,0,0,5437,27552417827
638.748,1.56556,44.0415,0,83,65,44,2760,10501,5.13317,165,17.0002,0,0,5437,27553983611
339.865,2.94235,44.0415,0,83,65,44,2760,10501,5.13317,165,17.0002,0,0,5437,27556926277
423.804,2.35958,44.0415,0,83,65,44,2760,10501,5.13317,165,17.0002,0,0,5437,27559286357
260.661,3.8364,44.0415,0,83,65,44,2760,10501,5.13317,165,17.0002,0,0,5437,27563123226
235.508,4.24613,44.0415,0,83,65,44,2760,10501,5.13317,165,17.0002,0,0,5437,27567369667
968.445,1.03258,44.0415,0,83,65,44,2760,10501,5.13317,165,17.0002,0,0,5437,27568402481
362.719,2.75696,44.0415,0,83,65,44,2760,10501,5.13317,165,17.0002,0,0,5437,27571159776
341.007,2.93249,44.0415,0,83,65,44,2760,10501,5.13317,165,17.0002,0,0,5437,27574092606
424.404,2.35624,44.0415,0,83,65,44,2760,10501,5.13317,165,17.0002,0,0,5437,27576449166
351.45,2.84536,44.0415,0,83,65,44,2760,10501,5.13317,165,17.0002,0,0,5437,27579294819
391.955,2.55132,44.0415,0,83,65,44,2760,10501,5.13317,165,17.0002,0,0,5437,27581846405
309.842,3.22745,44.0415,0,83,65,44,2760,10501,5.13317,165,17.0002,0,0,5437,27585074168
460.094,2.17347,44.0415,0,83,65,44,2760,10501,5.13317,165,17.0002,0,0,5437,27587248039
355.907,2.80972,44.0415,0,83,65,44,2760,10501,5.13317,165,17.0002,0,0,5437,27590058307
322.786,3.09803,44.0415,0,83,65,44,2760,10501,5.13317,165,17.0002,0,0,5437,27593156556
442.655,2.25909,44.0415,0,83,65,44,2760,10501,5.13317,165,17.0002,0,0,5437,27595416016
297.474,3.36164,44.0415,0,83,65,44,2760,10501,5.13317,165,17.0002,0,0,5437,27598778024
404.047,2.47496,44.0415,0,83,65,44,2760,10501,5.13317,165,17.0002,0,0,5437,27601253607
344.502,2.90274,44.0415,0,83,65,44,2760,10501,5.13317,165,17.0002,0,0,5437,27604156561
494.17,2.0236,44.0415,0,83,65,44,2760,10501,5.13317,165,17.0002,0,0,5437,27606180533
422.307,2.36795,44.0415,0,83,65,44,2760,10501,5.13317,165,17.0002,0,0,5437,27608548757
328.715,3.04215,44.0415,0,83,65,44,2760,10501,5.13317,165,17.0002,0,0,5437,27611591475
340.998,2.93257,44.0415,0,83,65,44,2760,10501,5.13317,165,17.0002,0,0,5437,27614524276
373.987,2.67389,44.0415,0,83,65,44,2760,10501,5.13317,165,17.0002,0,0,5437,27617198616
248.426,4.02534,44.0415,0,83,65,44,2760,10501,5.13317,165,17.0002,0,0,5437,27621224290
271.659,3.68109,44.0415,0,83,65,44,2760,10501,5.13317,165,17.0002,0,0,5437,27624905751
2327.43,0.429659,44.0415,0,83,65,44,2760,10501,5.13317,165,17.0002,0,0,5437,27625335775
427.083,2.34146,44.0415,0,83,65,44,2760,10501,5.13317,165,17.0002,0,0,5437,27627677594
369.788,2.70425,44.0415,0,83,65,44,2760,10501,5.13317,165,17.0002,0,0,5437,27630382224
346.586,2.88529,44.0415,0,83,65,44,2760,10501,5.13317,165,17.0002,0,0,5437,27633286014
308.087,3.24584,44.0415,0,83,65,44,2760,10501,5.13317,165,17.0002,0,0,5437,27636514228
411.668,2.42914,44.0415,0,83,65,44,2760,10501,5.13317,165,17.0002,0,0,5437,27638943656
413.324,2.41941,44.0415,0,83,65,44,2760,10501,5.13317,165,17.0002,0,0,5437,27641363411
365.807,2.73368,44.0415,0,83,65,44,2760,10501,5.13317,165,17.0002,0,0,5437,27644097590
200.737,4.98165,44.0415,0,83,65,44,2760,10501,5.13317,165,17.0002,0,0,5437,27649079642
1566.5,0.638367,44.0415,0,83,65,44,2760,10501,5.13317,165,17.0002,0,0,5437,27649718154
384.375,2.60163,44.0415,0,83,65,44,2760,10501,5.13317,165,17.0002,0,0,5437,27652320107
374.731,2.66858,44.0415,0,83,65,44,2760,10501,5.13317,165,17.0002,0,0,5437,27654989072
371.749,2.68999,44.0415,0,83,65,44,2760,10501,5.13317,165,17.0002,0,0,5437,27657679230
346.566,2.88545,44.0415,0,83,65,44,2760,10501,5.13317,165,17.0002,0,0,5437,27660564952
341.131,2.93143,44.0415,0,83,65,44,2760,10501,5.13317,165,17.0002,0,0,5437,27663496724
401.851,2.48849,44.0415,0,83,65,44,2760,10501,5.13317,165,17.0002,0,0,5437,27665985654
472.924,2.1145,44.0415,0,83,65,44,2760,10501,5.13317,165,17.0002,0,0,5437,27668100562
309.159,3.23458,44.0415,0,83,65,44,2760,10501,5.13317,165,17.0002,0,0,5437,27671335344
203.071,4.92439,44.0415,0,83,65,44,2760,10501,5.13317,165,17.0002,0,0,5437,27676260337
1249.3,0.80045,44.0415,0,83,65,44,2760,10501,5.13317,165,17.0002,0,0,5437,27677061027
478.618,2.08935,44.0415,0,83,65,44,2760,10501,5.13317,165,17.0002,0,0,5437,27679150607
345.016,2.89842,44.0415,0,83,65,44,2760,10501,5.13317,165,17.0002,0,0,5437,27682049330
376.244,2.65785,44.0415,0,83,65,44,2760,10501,5.13317,165,17.0002,0,0,5437,27684707487
296.473,3.37299,44.0415,0,83,65,44,2760,10501,5.13317,165,17.0002,0,0,5437,27688080870
568.775,1.75817,44.0415,0,83,65,44,2760,10501,5.13317,165,17.0002,0,0,5437,27689839208
446.991,2.23718,44.0415,0,83,65,44,2760,10501,5.13317,165,17.0002,0,0,5437,27692076735
248.213,4.0288,44.0415,0,83,65,44,2760,10501,5.13317,165,17.0002,0,0,5437,27696105881
578.195,1.72952,44.0415,0,83,65,44,2760,10501,5.13317,165,17.0002,0,0,5437,27697835766
175.335,5.70337,44.0415,0,83,65,44,2760,10501,5.13317,165,17.0002,0,0,5437,27703539458
1014.16,0.986033,44.0415,0,83,65,44,2760,10501,5.13317,165,17.0002,0,0,5437,27704525828
366.168,2.73099,44.0415,0,83,65,44,2760,10501,5.13317,165,17.0002,0,0,5437,27707257228
350.089,2.85641,44.0415,0,83,65,44,2760,10501,5.13317,165,17.0002,0,0,5437,27710114007
450.695,2.2188,44.0415,0,83,65,44,2760,10501,5.13317,165,17.0002,0,0,5437,27712333293
393.637,2.54041,44.0415,0,83,65,44,2760,10501,5.13317,165,17.0002,0,0,5437,27714874032
362.496,2.75865,44.0415,0,83,65,44,2760,10501,5.13317,165,17.0002,0,0,5437,27717632952
203.145,4.92259,44.0415,0,83,65,44,2760,10501,5.13317,165,17.0002,0,0,5437,27722556003
1416.42,0.706004,44.0415,0,83,65,44,2760,10501,5.13317,165,17.0002,0,0,5437,27723261959
190.196,5.25773,44.0415,0,83,65,44,2760,10501,5.13317,165,17.0002,0,0,5437,27728520271
693.241,1.4425,44.0415,0,83,65,44,2760,10501,5.13317,165,17.0002,0,0,5437,27729963233
480.682,2.08038,44.0415,0,83,65,44,2760,10501,5.13317,165,17.0002,0,0,5437,27732043842
321.718,3.10832,44.0415,0,83,65,44,2760,10501,5.13317,165,17.0002,0,0,5437,27735152562
427.276,2.34041,44.0415,0,83,65,44,2760,10501,5.13317,165,17.0002,0,0,5437,27737493275
322.602,3.0998,44.0415,0,83,65,44,2760,10501,5.13317,165,17.0002,0,0,5437,27740593409
456.387,2.19112,44.0415,0,83,65,44,2760,10501,5.13317,165,17.0002,0,0,5437,27742784848
323.817,3.08816,44.0415,0,83,65,44,2760,10501,5.13317,165,17.0002,0,0,5437,27745873298
352.603,2.83605,44.0415,0,83,65,44,2760,10501,5.13317,165,17.0002,0,0,5437,27748709798
483.813,2.06692,44.0415,0,83,65,44,2760,10501,5.13317,165,17.0002,0,0,5437,27750777060
224.857,4.44727,44.0415,0,83,65,44,2760,10501,5.13317,165,17.0002,0,0,5437,27755224796
643.129,1.5549,44.0415,0,83,65,44,2760,10501,5.13317,165,17.0002,0,0,5437,27756779829
457.804,2.18434,44.0415,0,83,65,44,2760,10501,5.13317,165,17.0002,0,0,5437,27758967422
363.347,2.75219,44.0415,0,83,65,44,2760,10501,5.13317,165,17.0002,0,0,5437,27761717178
376.169,2.65838,44.0415,0,83,65,44,2760,10501,5.13317,165,17.0002,0,0,5437,27764375710
356.997,2.80114,44.0415,0,83,65,44,2760,10501,5.13317,165,17.0002,0,0,5437,27767177314
357.398,2.798,44.0415,0,83,65,44,2760,10501,5.13317,165,17.0002,0,0,5437,27769975524
431.47,2.31766,44.0415,0,83,65,44,2760,10501,5.13317,165,17.0002,0,0,5437,27772293458
210.854,4.74261,44.0415,0,83,65,44,2760,10501,5.13317,165,17.0002,0,0,5437,27777036589
846.029,1.18199,44.0415,0,83,65,44,2760,10501,5.13317,165,17.0002,0,0,5437,27778218725
189.745,5.27023,44.0415,0,83,65,44,2760,10501,5.13317,165,17.0002,0,0,5437,27783489498
1176.58,0.849922,44.0415,0,83,65,44,2760,10501,5.13317,165,17.0002,0,0,5437,27784339767
538.524,1.85693,44.0415,0,83,65,44,2760,10501,5.13317,165,17.0002,0,0,5437,27786196965
419.617,2.38313,44.0415,0,83,65,44,2760,10501,5.13317,165,17.0002,0,0,5437,27788580362
343.571,2.91061,44.0415,0,83,65,44,2760,10501,5.13317,165,17.0002,0,0,5437,27791491499
376.848,2.65359,44.0415,0,83,65,44,2760,10501,5.13317,165,17.0002,0,0,5437,27794145473
324.687,3.07989,44.0415,0,83,65,44,2760,10501,5.13317,165,17.0002,0,0,5437,27797225500
321.452,3.11088,44.0415,0,83,65,44,2760,10501,5.13317,165,17.0002,0,0,5437,27800336691
710.723,1.40702,44.0415,0,83,65,44,2760,10501,5.13317,165,17.0002,0,0,5437,27801744123
284.362,3.51665,44.0415,0,83,65,44,2760,10501,5.13317,165,17.0002,0,0,5437,27805261213
352.816,2.83434,44.0415,0,83,65,44,2760,10501,5.13317,165,17.0002,0,0,5437,27808095818
326.128,3.06628,44.0415,0,83,65,44,2760,10501,5.13317,165,17.0002,0,0,5437,27811162508
289.349,3.45604,44.0415,0,83,65,44,2760,10501,5.13317,165,17.0002,0,0,5437,27814618817
579.687,1.72507,44.0415,0,83,65,44,2760,10501,5.13317,165,17.0002,0,0,5437,27816344375
496.64,2.01353,44.0415,0,83,65,44,2760,10501,5.13317,165,17.0002,0,0,5437,27818358048
365.293,2.73752,44.0415,0,83,65,44,2760,10501,5.13317,165,17.0002,0,0,5437,27821095900
329.974,3.03054,44.0415,0,83,65,44,2760,10501,5.13317,165,17.0002,0,0,5437,27824127022
493.808,2.02508,44.0415,0,83,65,44,2760,10501,5.13317,165,17.0002,0,0,5437,27826152417
360.257,2.77579,44.0415,0,83,65,44,2760,10501,5.13317,165,17.0002,0,0,5437,27828928539
361.606,2.76544,44.0415,0,83,65,44,2760,10501,5.13317,165,17.0002,0,0,5437,27831694248
212.76,4.70013,44.0415,0,83,65,44,2760,10501,5.13317,165,17.0002,0,0,5437,27836394820
895.071,1.11723,44.0415,0,83,65,44,2760,10501,5.13317,165,17.0002,0,0,5437,27837512088
299.722,3.33642,44.0415,0,83,65,44,2760,10501,5.13317,165,17.0002,0,0,5437,27840848874
555.036,1.80169,44.0415,0,83,65,44,2760,10501,5.13317,165,17.0002,0,0,5437,27842650867
338.841,2.95123,44.0415,0,83,65,44,2760,10501,5.13317,165,17.0002,0,0,5437,27845602428
285.654,3.50073,44.0415,0,83,65,44,2760,10501,5.13317,165,17.0002,0,0,5437,27849103508
593.825,1.684,44.0415,0,83,65,44,2760,10501,5.13317,165,17.0002,0,0,5437,27850787834
291.544,3.43002,44.0415,0,83,65,44,2760,10501,5.13317,165,17.0002,0,0,5437,27854218170
453.804,2.20359,44.0415,0,83,65,44,2760,10501,5.13317,165,17.0002,0,0,5437,27856422014
331.653,3.0152,44.0415,0,83,65,44,2760,10501,5.13317,165,17.0002,0,0,5437,27859437779
236.522,4.22794,44.0415,0,83,65,44,2760,10501,5.13317,165,17.0002,0,0,5437,27863666066
881.483,1.13445,44.0415,0,83,65,44,2760,10501,5.13317,165,17.0002,0,0,5437,27864800710
426.558,2.34435,44.0415,0,83,65,44,2760,10501,5.13317,165,17.0002,0,0,5437,27867145529
450.455,2.21998,44.0415,0,83,65,44,2760,10501,5.13317,165,17.0002,0,0,5437,27869365854
304.154,3.2878,44.0415,0,83,65,44,2760,10501,5.13317,165,17.0002,0,0,5437,27872653897
299.697,3.3367,44.0415,0,83,65,44,2760,10501,5.13317,165,17.0002,0,0,5437,27875990904
510.575,1.95858,44.0415,0,83,65,44,2760,10501,5.13317,165,17.0002,0,0,5437,27877949816
391.802,2.55231,44.0415,0,83,65,44,2760,10501,5.13317,165,17.0002,0,0,5437,27880502498
346.248,2.88811,44.0415,0,83,65,44,2760,10501,5.13317,165,17.0002,0,0,5437,27883390884
448.744,2.22844,44.0415,0,83,65,44,2760,10501,5.13317,165,17.0002,0,0,5437,27885619632
239.626,4.17317,44.0415,0,83,65,44,2760,10501,5.13317,165,17.0002,0,0,5437,27889793090
486.754,2.05443,44.0415,0,83,65,44,2760,10501,5.13317,165,17.0002,0,0,5437,27891847861
466.074,2.14558,44.0415,0,83,65,44,2760,10501,5.13317,165,17.0002,0,0,5437,27893993809
389.612,2.56665,44.0415,0,83,65,44,2760,10501,5.13317,165,17.0002,0,0,5437,27896560857
294.432,3.39636,44.0415,0,83,65,44,2760,10501,5.13317,165,17.0002,0,0,5437,27899957452
525.814,1.90181,44.0415,0,83,65,44,2760,10501,5.13317,165,17.0002,0,0,5437,27901859564
332.777,3.00501,44.0415,0,83,65,44,2760,10501,5.13317,165,17.0002,0,0,5437,27904865127
412.454,2.42452,44.0415,0,83,65,44,2760,10501,5.13317,165,17.0002,0,0,5437,27907289786
337.069,2.96675,44.0415,0,83,65,44,2760,10501,5.13317,165,17.0002,0,0,5437,27910256828
339.996,2.94121,44.0415,0,83,65,44,2760,10501,5.13317,165,17.0002,0,0,5437,27913198581
200.388,4.99032,44.0415,0,83,65,44,2760,10501,5.13317,165,17.0002,0,0,5437,27918189240
1507,0.663571,44.0415,0,83,65,44,2760,10501,5.13317,165,17.0002,0,0,5437,27918853002
444.614,2.24914,44.0415,0,83,65,44,2760,10501,5.13317,165,17.0002,0,0,5437,27921104501
310.069,3.22509,44.9871,0,83,65,44,2760,10501,5.13199,166,16.9999,0,0,5442,27924327860
470.975,2.12326,44.9871,0,83,65,44,2760,10501,5.13199,166,16.9999,0,0,5442,27926451451
339.343,2.94687,44.9871,0,83,65,44,2760,10501,5.13199,166,16.9999,0,0,5442,27929398646
366.3,2.73001,44.9871,0,83,65,44,2760,10501,5.13199,166,16.9999,0,0,5442,27932128930
413.18,2.42025,44.9871,0,83,65,44,2760,10501,5.13199,166,16.9999,0,0,5442,27934549531
322.736,3.09851,44.9871,0,83,65,44,2760,10501,5.13199,166,16.9999,0,0,5442,27937648395
233.975,4.27396,44.9871,0,83,65,44,2760,10501,5.13199,166,16.9999,0,0,5442,27941922818
838.797,1.19218,44.9871,0,83,65,44,2760,10501,5.13199,166,16.9999,0,0,5442,27943115205
370.014,2.7026,44.9871,0,83,65,44,2760,10501,5.13199,166,16.9999,0,0,5442,27945818267
437.701,2.28466,44.9871,0,83,65,44,2760,10501,5.13199,166,16.9999,0,0,5442,27948103151
425.394,2.35076,44.9871,0,83,65,44,2760,10501,5.13199,166,16.9999,0,0,5442,27950454192
298.377,3.35147,44.9871,0,83,65,44,2760,10501,5.13199,166,16.9999,0,0,5442,27953805988
386.767,2.58554,44.9871,0,83,65,44,2760,10501,5.13199,166,16.9999,0,0,5442,27956391844
410.424,2.43651,44.9871,0,83,65,44,2760,10501,5.13199,166,16.9999,0,0,5442,27958828696
362.352,2.75975,44.9871,0,83,65,44,2760,10501,5.13199,166,16.9999,0,0,5442,27961588914
363.826,2.74856,44.9871,0,83,65,44,2760,10501,5.13199,166,16.9999,0,0,5442,27964337574
240.571,4.15677,44.9871,0,83,65,44,2760,10501,5.13199,166,16.9999,0,0,5442,27968494704
375.646,2.66208,44.9871,0,83,65,44,2760,10501,5.13199,166,16.9999,0,0,5442,27971157092
392.846,2.54553,44.9871,0,83,65,44,2760,10501,5.13199,166,16.9999,0,0,5442,27973702928
677.214,1.47664,44.9871,0,83,65,44,2760,10501,5.13199,166,16.9999,0,0,5442,27975179910
457.828,2.18423,44.9871,0,83,65,44,2760,10501,5.13199,166,16.9999,0,0,5442,27977364647
347.09,2.8811,44.9871,0,83,65,44,2760,10501,5.13199,166,16.9999,0,0,5442,27980246023
431.585,2.31704,44.9871,0,83,65,44,2760,10501,5.13199,166,16.9999,0,0,5442,27982563380
211.136,4.73629,44.9871,0,83,65,44,2760,10501,5.13199,166,16.9999,0,0,5442,27987300232
729.273,1.37123,44.9871,0,83,65,44,2760,10501,5.13199,166,16.9999,0,0,5442,27988671692
400.711,2.49556,44.9871,0,83,65,44,2760,10501,5.13199,166,16.9999,0,0,5442,27991167699
226.788,4.40941,44.9871,0,83,65,44,2760,10501,5.13199,166,16.9999,0,0,5442,27995577453
246.69,4.05367,44.9871,0,83,65,44,2760,10501,5.13199,166,16.9999,0,0,5442,27999631696
630.848,1.58517,44.9871,0,83,65,44,2760,10501,5.13199,166,16.9999,0,0,5442,28001217182
781.958,1.27884,44.9871,0,83,65,44,2760,10501,5.13199,166,16.9999,0,0,5442,28002496273
369.294,2.70787,44.9871,0,83,65,44,2760,10501,5.13199,166,16.9999,0,0,5442,28005204518
383.842,2.60524,44.9871,0,83,65,44,2760,10501,5.13199,166,16.9999,0,0,5442,28007810087
398.402,2.51003,44.9871,0,83,65,44,2760,10501,5.13199,166,16.9999,0,0,5442,28010320479
346.971,2.88209,44.9871,0,83,65,44,2760,10501,5.13199,166,16.9999,0,0,5442,28013202826
343.519,2.91105,44.9871,0,83,65,44,2760,10501,5.13199,166,16.9999,0,0,5442,28016114193
334.58,2.98882,44.9871,0,83,65,44,2760,10501,5.13199,166,16.9999,0,0,5442,28019103313
467.516,2.13897,44.9871,0,83,65,44,2760,10501,5.13199,166,16.9999,0,0,5442,28021242760
157.51,6.34881,44.9871,0,83,65,44,2760,10501,5.13199,166,16.9999,0,0,5442,28027592080
542.859,1.8421,44.9871,0,83,65,44,2760,10501,5.13199,166,16.9999,0,0,5442,28029434440
570.344,1.75333,44.9871,0,83,65,44,2760,10501,5.13199,166,16.9999,0,0,5442,28031188057
333.386,2.99952,44.9871,0,83,65,44,2760,10501,5.13199,166,16.9999,0,0,5442,28034188004
408.925,2.44544,44.9871,0,83,65,44,2760,10501,5.13199,166,16.9999,0,0,5442,28036633779
292.654,3.417,44.9871,0,83,65,44,2760,10501,5.13199,166,16.9999,0,0,5442,28040050971
465.826,2.14673,44.9871,0,83,65,44,2760,10501,5.13199,166,16.9999,0,0,5442,28042197986
392.803,2.54581,44.9871,0,83,65,44,2760,10501,5.13199,166,16.9999,0,0,5442,28044744148
327.107,3.0571,44.9871,0,83,65,44,2760,10501,5.13199,166,16.9999,0,0,5442,28047801655
426.014,2.34734,44.9871,0,83,65,44,2760,10501,5.13199,166,16.9999,0,0,5442,28050149263
330.336,3.02722,44.9871,0,83,65,44,2760,10501,5.13199,166,16.9999,0,0,5442,28053176798
468.864,2.13281,44.9871,0,83,65,44,2760,10501,5.13199,166,16.9999,0,0,5442,28055309812
409.263,2.44342,44.9871,0,83,65,44,2760,10501,5.13199,166,16.9999,0,0,5442,28057753673
294.633,3.39406,44.9871,0,83,65,44,2760,10501,5.13199,166,16.9999,0,0,5442,28061148307
336.287,2.97365,44.9871,0,83,65,44,2760,10501,5.13199,166,16.9999,0,0,5442,28064121888
438.144,2.28236,44.9871,0,83,65,44,2760,10501,5.13199,166,16.9999,0,0,5442,28066404551
318.617,3.13857,44.9871,0,83,65,44,2760,10501,5.13199,166,16.9999,0,0,5442,28069543600
543.926,1.83849,44.9871,0,83,65,44,2760,10501,5.13199,166,16.9999,0,0,5442,28071382238
268.089,3.73011,44.9871,0,83,65,44,2760,10501,5.13199,166,16.9999,0,0,5442,28075112662
592.491,1.68779,44.9871,0,83,65,44,2760,10501,5.13199,166,16.9999,0,0,5442,28076800729
263.521,3.79476,44.9871,0,83,65,44,2760,10501,5.13199,166,16.9999,0,0,5442,28080595799
599.794,1.66724,44.9871,0,83,65,44,2760,10501,5.13199,166,16.9999,0,0,5442,28082263394
321.756,3.10794,44.9871,0,83,65,44,2760,10501,5.13199,166,16.9999,0,0,5442,28085371623
528.795,1.89109,44.9871,0,83,65,44,2760,10501,5.13199,166,16.9999,0,0,5442,28087263120
349.395,2.86209,44.9871,0,83,65,44,2760,10501,5.13199,166,16.9999,0,0,5442,28090125553
405.65,2.46518,44.9871,0,83,65,44,2760,10501,5.13199,166,16.9999,0,0,5442,28092591069
200.597,4.98511,44.9871,0,83,65,44,2760,10501,5.13199,166,16.9999,0,0,5442,28097576640
407.757,2.45244,44.9871,0,83,65,44,2760,10501,5.13199,166,16.9999,0,0,5442,28100029473
538.733,1.85621,44.9871,0,83,65,44,2760,10501,5.13199,166,16.9999,0,0,5442,28101885911
501.458,1.99418,44.9871,0,83,65,44,2760,10501,5.13199,166,16.9999,0,0,5442,28103880430
197.345,5.06728,44.9871,0,83,65,44,2760,10501,5.13199,166,16.9999,0,0,5442,28108947975
443.091,2.25687,44.9871,0,83,65,44,2760,10501,5.13199,166,16.9999,0,0,5442,28111205186
415.79,2.40506,44.9871,0,83,65,44,2760,10501,5.13199,166,16.9999,0,0,5442,28113610517
383.078,2.61043,44.9871,0,83,65,44,2760,10501,5.13199,166,16.9999,0,0,5442,28116221307
378.955,2.63884,44.9871,0,83,65,44,2760,10501,5.13199,166,16.9999,0,0,5442,28118860608
352.775,2.83467,44.9871,0,83,65,44,2760,10501,5.13199,166,16.9999,0,0,5442,28121695482
324.304,3.08353,44.9871,0,83,65,44,2760,10501,5.13199,166,16.9999,0,0,5442,28124779278
418.029,2.39218,44.9871,0,83,65,44,2760,10501,5.13199,166,16.9999,0,0,5442,28127171974
382.048,2.61747,44.9871,0,83,65,44,2760,10501,5.13199,166,16.9999,0,0,5442,28129789899
246.273,4.06054,44.9871,0,83,65,44,2760,10501,5.13199,166,16.9999,0,0,5442,28133850786
371.884,2.68901,44.9871,0,83,65,44,2760,10501,5.13199,166,16.9999,0,0,5442,28136540213
634.388,1.57632,44.9871,0,83,65,44,2760,10501,5.13199,166,16.9999,0,0,5442,28138116747
351.01,2.84892,44.9871,0,83,65,44,2760,10501,5.13199,166,16.9999,0,0,5442,28140965978
444.504,2.2497,44.9871,0,83,65,44,2760,10501,5.13199,166,16.9999,0,0,5442,28143215967
403.664,2.4773,44.9871,0,83,65,44,2760,10501,5.13199,166,16.9999,0,0,5442,28145693560
402.895,2.48204,44.9871,0,83,65,44,2760,10501,5.13199,166,16.9999,0,0,5442,28148176192
318.552,3.1392,44.9871,0,83,65,44,2760,10501,5.13199,166,16.9999,0,0,5442,28151315557
348.276,2.87129,44.9871,0,83,65,44,2760,10501,5.13199,166,16.9999,0,0,5442,28154187135
438.907,2.27838,44.9871,0,83,65,44,2760,10501,5.13199,166,16.9999,0,0,5442,28156465865
328.957,3.03991,44.9871,0,83,65,44,2760,10501,5.13199,166,16.9999,0,0,5442,28159506025
273.653,3.65426,44.9871,0,83,65,44,2760,10501,5.13199,166,16.9999,0,0,5442,28163160600
493.885,2.02476,44.9871,0,83,65,44,2760,10501,5.13199,166,16.9999,0,0,5442,28165185717
402.206,2.48629,44.9871,0,83,65,44,2760,10501,5.13199,166,16.9999,0,0,5442,28167672291
206.685,4.83827,44.9871,0,83,65,44,2760,10501,5.13199,166,16.9999,0,0,5442,28172511117
1377.73,0.725833,44.9871,0,83,65,44,2760,10501,5.13199,166,16.9999,0,0,5442,28173236786
358.057,2.79285,44.9871,0,83,65,44,2760,10501,5.13199,166,16.9999,0,0,5442,28176030217
208.142,4.80441,44.9871,0,83,65,44,2760,10501,5.13199,166,16.9999,0,0,5442,28180835186
787.715,1.26949,44.9871,0,83,65,44,2760,10501,5.13199,166,16.9999,0,0,5442,28182104797
576.018,1.73606,44.9871,0,83,65,44,2760,10501,5.13199,166,16.9999,0,0,5442,28183841182
407.207,2.45576,44.9871,0,83,65,44,2760,10501,5.13199,166,16.9999,0,0,5442,28186297207
178.192,5.61192,44.9871,0,83,65,44,2760,10501,5.13199,166,16.9999,0,0,5442,28191909531
2098.99,0.476419,44.9871,0,83,65,44,2760,10501,5.13199,166,16.9999,0,0,5442,28192386162
369.336,2.70756,44.9871,0,83,65,44,2760,10501,5.13199,166,16.9999,0,0,5442,28195094061
458.441,2.1813,44.9871,0,83,65,44,2760,10501,5.13199,166,16.9999,0,0,5442,28197275615
347.593,2.87692,44.9871,0,83,65,44,2760,10501,5.13199,166,16.9999,0,0,5442,28200152914
388.271,2.57552,44.9871,0,83,65,44,2760,10501,5.13199,166,16.9999,0,0,5442,28202728742
378.223,2.64394,44.9871,0,83,65,44,2760,10501,5.13199,166,16.9999,0,0,5442,28205372994
392.531,2.54757,44.9871,0,83,65,44,2760,10501,5.13199,166,16.9999,0,0,5442,28207920859
349.948,2.85757,44.9871,0,83,65,44,2760,10501,5.13199,166,16.9999,0,0,5442,28210778878
320.246,3.1226,44.9871,0,83,65,44,2760,10501,5.13199,166,16.9999,0,0,5442,28213901791
334.232,2.99194,44.9871,0,83,65,44,2760,10501,5.13199,166,16.9999,0,0,5442,28216894113
548.505,1.82314,44.9871,0,83,65,44,2760,10501,5.13199,166,16.9999,0,0,5442,28218717607
377.817,2.64678,44.9871,0,83,65,44,2760,10501,5.13199,166,16.9999,0,0,5442,28221364687
397.378,2.5165,44.9871,0,83,65,44,2760,10501,5.13199,166,16.9999,0,0,5442,28223881637
453.874,2.20326,44.9871,0,83,65,44,2760,10501,5.13199,166,16.9999,0,0,5442,28226085288
295.159,3.388,44.9871,0,83,65,44,2760,10501,5.13199,166,16.9999,0,0,5442,28229473489
414.367,2.41332,44.9871,0,83,65,44,2760,10501,5.13199,166,16.9999,0,0,5442,28231887089
320.713,3.11806,44.9871,0,83,65,44,2760,10501,5.13199,166,16.9999,0,0,5442,28235005570
333.983,2.99417,44.9871,0,83,65,44,2760,10501,5.13199,166,16.9999,0,0,5442,28238000045
405.279,2.46744,44.9871,0,83,65,44,2760,10501,5.13199,166,16.9999,0,0,5442,28240468975
303.352,3.2965,44.9871,0,83,65,44,2760,10501,5.13199,166,16.9999,0,0,5442,28243764836
289.737,3.45141,44.9871,0,83,65,44,2760,10501,5.13199,166,16.9999,0,0,5442,28247216327
345.021,2.89838,44.9871,0,83,65,44,2760,10501,5.13199,166,16.9999,0,0,5442,28250115011
678.713,1.47338,44.9871,0,83,65,44,2760,10501,5.13199,166,16.9999,0,0,5442,28251588821
385.87,2.59155,44.9871,0,83,65,44,2760,10501,5.13199,166,16.9999,0,0,5442,28254180889
499.268,2.00293,44.9871,0,83,65,44,2760,10501,5.13199,166,16.9999,0,0,5442,28256183985
201.159,4.9712,44.9871,0,83,65,44,2760,10501,5.13199,166,16.9999,0,0,5442,28261155701
997.253,1.00276,44.9871,0,83,65,44,2760,10501,5.13199,166,16.9999,0,0,5442,28262158504
449.833,2.22305,44.9871,0,83,65,44,2760,10501,5.13199,166,16.9999,0,0,5442,28264381915
342.168,2.92254,44.9871,0,83,65,44,2760,10501,5.13199,166,16.9999,0,0,5442,28267304802
213.336,4.68744,44.9871,0,83,65,44,2760,10501,5.13199,166,16.9999,0,0,5442,28271992528
567.224,1.76297,44.9871,0,83,65,44,2760,10501,5.13199,166,16.9999,0,0,5442,28273755808
601.967,1.66122,44.9871,0,83,65,44,2760,10501,5.13199,166,16.9999,0,0,5442,28275417326
402.638,2.48362,44.9871,0,83,65,44,2760,10501,5.13199,166,16.9999,0,0,5442,28277901284
393.244,2.54295,44.9871,0,83,65,44,2760,10501,5.13199,166,16.9999,0,0,5442,28280444543
328.457,3.04453,44.9871,0,83,65,44,2760,10501,5.13199,166,16.9999,0,0,5442,28283489415
205.578,4.86434,44.9871,0,83,65,44,2760,10501,5.13199,166,16.9999,0,0,5442,28288354146
2072.93,0.48241,44.9871,0,83,65,44,2760,10501,5.13199,166,16.9999,0,0,5442,28288836855
372.554,2.68418,44.9871,0,83,65,44,2760,10501,5.13199,166,16.9999,0,0,5442,28291521282
366.42,2.72911,44.9871,0,83,65,44,2760,10501,5.13199,166,16.9999,0,0,5442,28294250701
212.803,4.69919,44.9871,0,83,65,44,2760,10501,5.13199,166,16.9999,0,0,5442,28298950397
644.812,1.55084,44.9871,0,83,65,44,2760,10501,5.13199,166,16.9999,0,0,5442,28300501594
499.517,2.00193,44.9871,0,83,65,44,2760,10501,5.13199,166,16.9999,0,0,5442,28302503815
224.347,4.45738,44.9871,0,83,65,44,2760,10501,5.13199,166,16.9999,0,0,5442,28306961648
616.305,1.62257,44.9871,0,83,65,44,2760,10501,5.13199,166,16.9999,0,0,5442,28308584588
620.422,1.6118,44.9871,0,83,65,44,2760,10501,5.13199,166,16.9999,0,0,5442,28310196825
346.362,2.88716,44.9871,0,83,65,44,2760,10501,5.13199,166,16.9999,0,0,5442,28313084105
321.245,3.11289,44.9871,0,83,65,44,2760,10501,5.13199,166,16.9999,0,0,5442,28316197354
520.597,1.92087,44.9871,0,83,65,44,2760,10501,5.13199,166,16.9999,0,0,5442,28318118630
305.17,3.27686,44.9871,0,83,65,44,2760,10501,5.13199,166,16.9999,0,0,5442,28321395740
228.162,4.38286,44.9871,0,83,65,44,2760,10501,5.13199,166,16.9999,0,0,5442,28325779061
547.633,1.82604,44.9871,0,83,65,44,2760,10501,5.13199,166,16.9999,0,0,5442,28327605440
645.215,1.54987,44.9871,0,83,65,44,2760,10501,5.13199,166,16.9999,0,0,5442,28329155588
408.226,2.44962,44.9871,0,83,65,44,2760,10501,5.13199,166,16.9999,0,0,5442,28331605498
355.096,2.81614,44.9871,0,83,65,44,2760,10501,5.13199,166,16.9999,0,0,5442,28334421901
374.36,2.67123,44.9871,0,83,65,44,2760,10501,5.13199,166,16.9999,0,0,5442,28337093462
316.691,3.15766,44.9871,0,83,65,44,2760,10501,5.13199,166,16.9999,0,0,5442,28340251395
444.077,2.25186,44.9871,0,83,65,44,2760,10501,5.13199,166,16.9999,0,0,5442,28342503557
362.638,2.75757,44.9871,0,83,65,44,2760,10501,5.13199,166,16.9999,0,0,5442,28345261468
342.102,2.92311,44.9871,0,83,65,44,2760,10501,5.13199,166,16.9999,0,0,5442,28348185076
212.033,4.71625,44.9871,0,83,65,44,2760,10501,5.13199,166,16.9999,0,0,5442,28352901446
581.356,1.72012,44.9871,0,83,65,44,2760,10501,5.13199,166,16.9999,0,0,5442,28354621966
569.22,1.75679,44.9871,0,83,65,44,2760,10501,5.13199,166,16.9999,0,0,5442,28356379217
357.632,2.79617,44.9871,0,83,65,44,2760,10501,5.13199,166,16.9999,0,0,5442,28359175677
246.962,4.04921,44.9871,0,83,65,44,2760,10501,5.13199,166,16.9999,0,0,5442,28363225362
481.731,2.07585,44.9871,0,83,65,44,2760,10501,5.13199,166,16.9999,0,0,5442,28365301499
258.829,3.86355,44.9871,0,83,65,44,2760,10501,5.13199,166,16.9999,0,0,5442,28369165341
541.866,1.84547,44.9871,0,83,65,44,2760,10501,5.13199,166,16.9999,0,0,5442,28371011085
546.26,1.83063,44.9871,0,83,65,44,2760,10501,5.13199,166,16.9999,0,0,5442,28372842080
419.583,2.38332,44.9871,0,83,65,44,2760,10501,5.13199,166,16.9999,0,0,5442,28375225747
206.949,4.83212,44.9871,0,83,65,44,2760,10501,5.13199,166,16.9999,0,0,5442,28380058246
839.927,1.19058,44.9871,0,83,65,44,2760,10501,5.13199,166,16.9999,0,0,5442,28381248863
527.526,1.89564,44.9871,0,83,65,44,2760,10501,5.13199,166,16.9999,0,0,5442,28383144889
326.664,3.06125,44.9871,0,83,65,44,2760,10501,5.13199,166,16.9999,0,0,5442,28386206588
384.456,2.60108,44.9871,0,83,65,44,2760,10501,5.13199,166,16.9999,0,0,5442,28388807897
341.928,2.92459,44.9871,0,83,65,44,2760,10501,5.13199,166,16.9999,0,0,5442,28391732813
408.241,2.44953,44.9871,0,83,65,44,2760,10501,5.13199,166,16.9999,0,0,5442,28394182626
348.58,2.86878,44.9871,0,83,65,44,2760,10501,5.13199,166,16.9999,0,0,5442,28397051713
388.677,2.57283,44.9871,0,83,65,44,2760,10501,5.13199,166,16.9999,0,0,5442,28399624896
371.203,2.69395,44.9871,0,83,65,44,2760,10501,5.13199,166,16.9999,0,0,5442,28402319179
256.882,3.89284,44.9871,0,83,65,44,2760,10501,5.13199,166,16.9999,0,0,5442,28406212397
461.7,2.16591,44.9871,0,83,65,44,2760,10501,5.13199,166,16.9999,0,0,5442,28408378547
480.911,2.07939,44.9871,0,83,65,44,2760,10501,5.13199,166,16.9999,0,0,5442,28410458251
347.015,2.88172,44.9871,0,83,65,44,2760,10501,5.13199,166,16.9999,0,0,5442,28413340300
346.812,2.8834,44.9871,0,83,65,44,2760,10501,5.13199,166,16.9999,0,0,5442,28416224061
242.82,4.11828,44.9871,0,83,65,44,2760,10501,5.13199,166,16.9999,0,0,5442,28420342786
1101.48,0.907867,44.9871,0,83,65,44,2760,10501,5.13199,166,16.9999,0,0,5442,28421252519
325.864,3.06877,44.6452,0,86,65,44,2760,10501,5.13121,166,16.9987,0,0,5451,28424319968
477.002,2.09643,44.6452,0,86,65,44,2760,10501,5.13121,166,16.9987,0,0,5451,28426416693
366.245,2.73041,44.6452,0,86,65,44,2760,10501,5.13121,166,16.9987,0,0,5451,28429147468
205.5,4.86617,44.6452,0,86,65,44,2760,10501,5.13121,166,16.9987,0,0,5451,28434013968
734.532,1.36141,44.6452,0,86,65,44,2760,10501,5.13121,166,16.9987,0,0,5451,28435375668
395.924,2.52574,44.6452,0,86,65,44,2760,10501,5.13121,166,16.9987,0,0,5451,28437901657
385.269,2.59559,44.6452,0,86,65,44,2760,10501,5.13121,166,16.9987,0,0,5451,28440497619
297.06,3.36632,44.6452,0,86,65,44,2760,10501,5.13121,166,16.9987,0,0,5451,28443864406
508.463,1.96671,44.6452,0,86,65,44,2760,10501,5.13121,166,16.9987,0,0,5451,28445831376
204.759,4.8838,44.6452,0,86,65,44,2760,10501,5.13121,166,16.9987,0,0,5451,28450715666
1501.41,0.666042,44.6452,0,86,65,44,2760,10501,5.13121,166,16.9987,0,0,5451,28451381957
345.576,2.89372,44.6452,0,86,65,44,2760,10501,5.13121,166,16.9987,0,0,5451,28454276122
347.65,2.87645,44.6452,0,86,65,44,2760,10501,5.13121,166,16.9987,0,0,5451,28457153065
287.023,3.48404,44.6452,0,86,65,44,2760,10501,5.13121,166,16.9987,0,0,5451,28460637327
589.569,1.69615,44.6452,0,86,65,44,2760,10501,5.13121,166,16.9987,0,0,5451,28462333797
309.683,3.22911,44.6452,0,86,65,44,2760,10501,5.13121,166,16.9987,0,0,5451,28465563358
540.694,1.84948,44.6452,0,86,65,44,2760,10501,5.13121,166,16.9987,0,0,5451,28467413084
301.98,3.31148,44.6452,0,86,65,44,2760,10501,5.13121,166,16.9987,0,0,5451,28470724946
580.899,1.72147,44.6452,0,86,65,44,2760,10501,5.13121,166,16.9987,0,0,5451,28472446792
355.731,2.81111,44.6452,0,86,65,44,2760,10501,5.13121,166,16.9987,0,0,5451,28475258435
279.142,3.58241,44.6452,0,86,65,44,2760,10501,5.13121,166,16.9987,0,0,5451,28478841123
608.49,1.64341,44.6452,0,86,65,44,2760,10501,5.13121,166,16.9987,0,0,5451,28480484823
349.479,2.8614,44.6452,0,86,65,44,2760,10501,5.13121,166,16.9987,0,0,5451,28483346582
236.229,4.23318,44.6452,0,86,65,44,2760,10501,5.13121,166,16.9987,0,0,5451,28487580148
456.612,2.19005,44.6452,0,86,65,44,2760,10501,5.13121,166,16.9987,0,0,5451,28489770597
599.5,1.66806,44.6452,0,86,65,44,2760,10501,5.13121,166,16.9987,0,0,5451,28491438865
348.208,2.87185,44.6452,0,86,65,44,2760,10501,5.13121,166,16.9987,0,0,5451,28494311048
343.454,2.9116,44.6452,0,86,65,44,2760,10501,5.13121,166,16.9987,0,0,5451,28497222983
433.678,2.30586,44.6452,0,86,65,44,2760,10501,5.13121,166,16.9987,0,0,5451,28499529118
320.243,3.12262,44.6452,0,86,65,44,2760,10501,5.13121,166,16.9987,0,0,5451,28502652060
336.523,2.97156,44.6452,0,86,65,44,2760,10501,5.13121,166,16.9987,0,0,5451,28505623920
444.576,2.24934,44.6452,0,86,65,44,2760,10501,5.13121,166,16.9987,0,0,5451,28507873553
364.882,2.74061,44.6452,0,86,65,44,2760,10501,5.13121,166,16.9987,0,0,5451,28510614473
291.187,3.43422,44.6452,0,86,65,44,2760,10501,5.13121,166,16.9987,0,0,5451,28514049079
570.951,1.75146,44.6452,0,86,65,44,2760,10501,5.13121,166,16.9987,0,0,5451,28515800840
392.646,2.54683,44.6452,0,86,65,44,2760,10501,5.13121,166,16.9987,0,0,5451,28518347964
343.935,2.90753,44.6452,0,86,65,44,2760,10501,5.13121,166,16.9987,0,0,5451,28521255773
342.665,2.9183,44.6452,0,86,65,44,2760,10501,5.13121,166,16.9987,0,0,5451,28524174468
384.585,2.6002,44.6452,0,86,65,44,2760,10501,5.13121,166,16.9987,0,0,5451,28526774892
386.574,2.58683,44.6452,0,86,65,44,2760,10501,5.13121,166,16.9987,0,0,5451,28529362018
208.25,4.80191,44.6452,0,86,65,44,2760,10501,5.13121,166,16.9987,0,0,5451,28534164160
599.099,1.66917,44.6452,0,86,65,44,2760,10501,5.13121,166,16.9987,0,0,5451,28535833678
575.546,1.73748,44.6452,0,86,65,44,2760,10501,5.13121,166,16.9987,0,0,5451,28537571439
230.742,4.33385,44.6452,0,86,65,44,2760,10501,5.13121,166,16.9987,0,0,5451,28541905710
659.128,1.51716,44.6452,0,86,65,44,2760,10501,5.13121,166,16.9987,0,0,5451,28543423203
259.471,3.854,44.6452,0,86,65,44,2760,10501,5.13121,166,16.9987,0,0,5451,28547277689
826.064,1.21056,44.6452,0,86,65,44,2760,10501,5.13121,166,16.9987,0,0,5451,28548488537
375.288,2.66462,44.6452,0,86,65,44,2760,10501,5.13121,166,16.9987,0,0,5451,28551153425
424.387,2.35634,44.6452,0,86,65,44,2760,10501,5.13121,166,16.9987,0,0,5451,28553510062
331.778,3.01406,44.6452,0,86,65,44,2760,10501,5.13121,166,16.9987,0,0,5451,28556524481
332.661,3.00606,44.6452,0,86,65,44,2760,10501,5.13121,166,16.9987,0,0,5451,28559530948
503.703,1.9853,44.6452,0,86,65,44,2760,10501,5.13121,166,16.9987,0,0,5451,28561516496
375.542,2.66282,44.6452,0,86,65,44,2760,10501,5.13121,166,16.9987,0,0,5451,28564179585
188.741,5.29827,44.6452,0,86,65,44,2760,10501,5.13121,166,16.9987,0,0,5451,28569478495
732.906,1.36443,44.6452,0,86,65,44,2760,10501,5.13121,166,16.9987,0,0,5451,28570843127
272.491,3.66984,44.6452,0,86,65,44,2760,10501,5.13121,166,16.9987,0,0,5451,28574513251
254.7,3.92619,44.6452,0,86,65,44,2760,10501,5.13121,166,16.9987,0,0,5451,28578439979
400.6,2.49626,44.6452,0,86,65,44,2760,10501,5.13121,166,16.9987,0,0,5451,28580936400
493.975,2.02439,44.6452,0,86,65,44,2760,10501,5.13121,166,16.9987,0,0,5451,28582961132
731.725,1.36663,44.6452,0,86,65,44,2760,10501,5.13121,166,16.9987,0,0,5451,28584328235
368.024,2.71722,44.6452,0,86,65,44,2760,10501,5.13121,166,16.9987,0,0,5451,28587045712
446.126,2.24152,44.6452,0,86,65,44,2760,10501,5.13121,166,16.9987,0,0,5451,28589287672
252.836,3.95513,44.6452,0,86,65,44,2760,10501,5.13121,166,16.9987,0,0,5451,28593243257
340.933,2.93313,44.6452,0,86,65,44,2760,10501,5.13121,166,16.9987,0,0,5451,28596176779
277.975,3.59745,44.6452,0,86,65,44,2760,10501,5.13121,166,16.9987,0,0,5451,28599774737
807.458,1.23846,44.6452,0,86,65,44,2760,10501,5.13121,166,16.9987,0,0,5451,28601013403
548.279,1.82389,44.6452,0,86,65,44,2760,10501,5.13121,166,16.9987,0,0,5451,28602837763
371.882,2.68902,44.6452,0,86,65,44,2760,10501,5.13121,166,16.9987,0,0,5451,28605527017
342.55,2.91928,44.6452,0,86,65,44,2760,10501,5.13121,166,16.9987,0,0,5451,28608446567
369.259,2.70813,44.6452,0,86,65,44,2760,10501,5.13121,166,16.9987,0,0,5451,28611155034
320.987,3.11539,44.6452,0,86,65,44,2760,10501,5.13121,166,16.9987,0,0,5451,28614270754
516.04,1.93783,44.6452,0,86,65,44,2760,10501,5.13121,166,16.9987,0,0,5451,28616208848
377.223,2.65095,44.6452,0,86,65,44,2760,10501,5.13121,166,16.9987,0,0,5451,28618860130
196.221,5.0963,44.6452,0,86,65,44,2760,10501,5.13121,166,16.9987,0,0,5451,28623956965
469.349,2.13061,44.6452,0,86,65,44,2760,10501,5.13121,166,16.9987,0,0,5451,28626087864
588.835,1.69827,44.6452,0,86,65,44,2760,10501,5.13121,166,16.9987,0,0,5451,28627786546
462.346,2.16288,44.6452,0,86,65,44,2760,10501,5.13121,166,16.9987,0,0,5451,28629949629
341.961,2.92431,44.6452,0,86,65,44,2760,10501,5.13121,166,16.9987,0,0,5451,28632874198
361.239,2.76825,44.6452,0,86,65,44,2760,10501,5.13121,166,16.9987,0,0,5451,28635642792
442.083,2.26202,44.6452,0,86,65,44,2760,10501,5.13121,166,16.9987,0,0,5451,28637905118
301.516,3.31657,44.6452,0,86,65,44,2760,10501,5.13121,166,16.9987,0,0,5451,28641222018
324.659,3.08015,44.6452,0,86,65,44,2760,10501,5.13121,166,16.9987,0,0,5451,28644302516
486.295,2.05637,44.6452,0,86,65,44,2760,10501,5.13121,166,16.9987,0,0,5451,28646359182
281.768,3.54901,44.6452,0,86,65,44,2760,10501,5.13121,166,16.9987,0,0,5451,28649908705
311.966,3.20547,44.6452,0,86,65,44,2760,10501,5.13121,166,16.9987,0,0,5451,28653114582
290.565,3.44157,44.6452,0,86,65,44,2760,10501,5.13121,166,16.9987,0,0,5451,28656556775
1242.36,0.804921,44.6452,0,86,65,44,2760,10501,5.13121,166,16.9987,0,0,5451,28657361822
221.484,4.51501,44.6452,0,86,65,44,2760,10501,5.13121,166,16.9987,0,0,5451,28661877349
2014.97,0.496286,44.6452,0,86,65,44,2760,10501,5.13121,166,16.9987,0,0,5451,28662373952
428.26,2.33503,44.6452,0,86,65,44,2760,10501,5.13121,166,16.9987,0,0,5451,28664709396
291.959,3.42513,44.6452,0,86,65,44,2760,10501,5.13121,166,16.9987,0,0,5451,28668134761
314.834,3.17628,44.6452,0,86,65,44,2760,10501,5.13121,166,16.9987,0,0,5451,28671311445
504.071,1.98385,44.6452,0,86,65,44,2760,10501,5.13121,166,16.9987,0,0,5451,28673295743
240.299,4.16149,44.6452,0,86,65,44,2760,10501,5.13121,166,16.9987,0,0,5451,28677457451
586.018,1.70643,44.6452,0,86,65,44,2760,10501,5.13121,166,16.9987,0,0,5451,28679164191
376.141,2.65858,44.6452,0,86,65,44,2760,10501,5.13121,166,16.9987,0,0,5451,28681823300
370.77,2.69709,44.6452,0,86,65,44,2760,10501,5.13121,166,16.9987,0,0,5451,28684520698
398.407,2.51,44.6452,0,86,65,44,2760,10501,5.13121,166,16.9987,0,0,5451,28687031023
315.084,3.17376,44.6452,0,86,65,44,2760,10501,5.13121,166,16.9987,0,0,5451,28690205121
384.002,2.60416,44.6452,0,86,65,44,2760,10501,5.13121,166,16.9987,0,0,5451,28692809545
418.591,2.38896,44.6452,0,86,65,44,2760,10501,5.13121,166,16.9987,0,0,5451,28695198856
320.623,3.11893,44.6452,0,86,65,44,2760,10501,5.13121,166,16.9987,0,0,5451,28698318173
357.882,2.79422,44.6452,0,86,65,44,2760,10501,5.13121,166,16.9987,0,0,5451,28701112719
222.439,4.49562,44.6452,0,86,65,44,2760,10501,5.13121,166,16.9987,0,0,5451,28705608899
511.852,1.95369,44.6452,0,86,65,44,2760,10501,5.13121,166,16.9987,0,0,5451,28707562898
462.982,2.15991,44.6452,0,86,65,44,2760,10501,5.13121,166,16.9987,0,0,5451,28709723192
277.585,3.60251,44.6452,0,86,65,44,2760,10501,5.13121,166,16.9987,0,0,5451,28713326390
360.131,2.77677,44.6452,0,86,65,44,2760,10501,5.13121,166,16.9987,0,0,5451,28716103618
518.567,1.92839,44.6452,0,86,65,44,2760,10501,5.13121,166,16.9987,0,0,5451,28718032193
345.488,2.89445,44.6452,0,86,65,44,2760,10501,5.13121,166,16.9987,0,0,5451,28720926992
335.933,2.97678,44.6452,0,86,65,44,2760,10501,5.13121,166,16.9987,0,0,5451,28723904074
406.476,2.46017,44.6452,0,86,65,44,2760,10501,5.13121,166,16.9987,0,0,5451,28726364541
336.834,2.96882,44.6452,0,86,65,44,2760,10501,5.13121,166,16.9987,0,0,5451,28729333574
352.911,2.83358,44.6452,0,86,65,44,2760,10501,5.13121,166,16.9987,0,0,5451,28732167583
412.011,2.42712,44.6452,0,86,65,44,2760,10501,5.13121,166,16.9987,0,0,5451,28734595107
395.416,2.52898,44.6452,0,86,65,44,2760,10501,5.13121,166,16.9987,0,0,5451,28737124615
385.061,2.59699,44.6452,0,86,65,44,2760,10501,5.13121,166,16.9987,0,0,5451,28739722049
365.801,2.73373,44.6452,0,86,65,44,2760,10501,5.13121,166,16.9987,0,0,5451,28742456045
383.774,2.6057,44.6452,0,86,65,44,2760,10501,5.13121,166,16.9987,0,0,5451,28745062258
354.285,2.82259,44.6452,0,86,65,44,2760,10501,5.13121,166,16.9987,0,0,5451,28747885132
390.969,2.55775,44.6452,0,86,65,44,2760,10501,5.13121,166,16.9987,0,0,5451,28750443141
332.372,3.00868,44.6452,0,86,65,44,2760,10501,5.13121,166,16.9987,0,0,5451,28753452252
393.28,2.54272,44.6452,0,86,65,44,2760,10501,5.13121,166,16.9987,0,0,5451,28755995347
328.121,3.04766,44.6452,0,86,65,44,2760,10501,5.13121,166,16.9987,0,0,5451,28759043286
426.533,2.34448,44.6452,0,86,65,44,2760,10501,5.13121,166,16.9987,0,0,5451,28761388039
348.163,2.87222,44.6452,0,86,65,44,2760,10501,5.13121,166,16.9987,0,0,5451,28764260664
393.847,2.53906,44.6452,0,86,65,44,2760,10501,5.13121,166,16.9987,0,0,5451,28766800183
355.771,2.8108,44.6452,0,86,65,44,2760,10501,5.13121,166,16.9987,0,0,5451,28769611104
284.711,3.51233,44.6452,0,86,65,44,2760,10501,5.13121,166,16.9987,0,0,5451,28773123924
573.834,1.74266,44.6452,0,86,65,44,2760,10501,5.13121,166,16.9987,0,0,5451,28774866791
351.179,2.84755,44.6452,0,86,65,44,2760,10501,5.13121,166,16.9987,0,0,5451,28777714656
351.101,2.84818,44.6452,0,86,65,44,2760,10501,5.13121,166,16.9987,0,0,5451,28780563166
178.354,5.60682,44.6452,0,86,65,44,2760,10501,5.13121,166,16.9987,0,0,5451,28786170278
1972.21,0.507046,44.6452,0,86,65,44,2760,10501,5.13121,166,16.9987,0,0,5451,28786677352
517.321,1.93304,44.6452,0,86,65,44,2760,10501,5.13121,166,16.9987,0,0,5451,28788610898
283.058,3.53284,44.6452,0,86,65,44,2760,10501,5.13121,166,16.9987,0,0,5451,28792144075
487.804,2.05,44.6452,0,86,65,44,2760,10501,5.13121,166,16.9987,0,0,5451,28794194327
388.724,2.57252,44.6452,0,86,65,44,2760,10501,5.13121,166,16.9987,0,0,5451,28796767135
383.442,2.60795,44.6452,0,86,65,44,2760,10501,5.13121,166,16.9987,0,0,5451,28799375434
364.443,2.74391,44.6452,0,86,65,44,2760,10501,5.13121,166,16.9987,0,0,5451,28802119652
365.635,2.73497,44.6452,0,86,65,44,2760,10501,5.13121,166,16.9987,0,0,5451,28804854965
272.731,3.66661,44.6452,0,86,65,44,2760,10501,5.13121,166,16.9987,0,0,5451,28808521906
219.363,4.55865,44.6452,0,86,65,44,2760,10501,5.13121,166,16.9987,0,0,5451,28813080954
607.257,1.64675,44.6452,0,86,65,44,2760,10501,5.13121,166,16.9987,0,0,5451,28814728096
435.719,2.29506,44.6452,0,86,65,44,2760,10501,5.13121,166,16.9987,0,0,5451,28817023567
675.267,1.4809,44.6452,0,86,65,44,2760,10501,5.13121,166,16.9987,0,0,5451,28818504848
335.939,2.97674,44.6452,0,86,65,44,2760,10501,5.13121,166,16.9987,0,0,5451,28821481929
271.489,3.68338,44.6452,0,86,65,44,2760,10501,5.13121,166,16.9987,0,0,5451,28825165582
545.035,1.83475,44.6452,0,86,65,44,2760,10501,5.13121,166,16.9987,0,0,5451,28827000663
356.651,2.80386,44.6452,0,86,65,44,2760,10501,5.13121,166,16.9987,0,0,5451,28829804940
371.626,2.69088,44.6452,0,86,65,44,2760,10501,5.13121,166,16.9987,0,0,5451,28832496185
416.301,2.40211,44.6452,0,86,65,44,2760,10501,5.13121,166,16.9987,0,0,5451,28834898650
179.422,5.57346,44.6452,0,86,65,44,2760,10501,5.13121,166,16.9987,0,0,5451,28840472386
1190.8,0.839769,44.6452,0,86,65,44,2760,10501,5.13121,166,16.9987,0,0,5451,28841312434
486.219,2.05668,44.6452,0,86,65,44,2760,10501,5.13121,166,16.9987,0,0,5451,28843369455
451.519,2.21475,44.6452,0,86,65,44,2760,10501,5.13121,166,16.9987,0,0,5451,28845584520
322.967,3.09629,44.6452,0,86,65,44,2760,10501,5.13121,166,16.9987,0,0,5451,28848681124
279.289,3.58051,44.6452,0,86,65,44,2760,10501,5.13121,166,16.9987,0,0,5451,28852261995
494.536,2.0221,44.6452,0,86,65,44,2760,10501,5.13121,166,16.9987,0,0,5451,28854284361
396.553,2.52173,44.6452,0,86,65,44,2760,10501,5.13121,166,16.9987,0,0,5451,28856806446
395.128,2.53083,44.6452,0,86,65,44,2760,10501,5.13121,166,16.9987,0,0,5451,28859337762
216.057,4.62842,44.6452,0,86,65,44,2760,10501,5.13121,166,16.9987,0,0,5451,28863966370
407.076,2.45655,44.6452,0,86,65,44,2760,10501,5.13121,166,16.9987,0,0,5451,28866423376
698.883,1.43086,44.6452,0,86,65,44,2760,10501,5.13121,166,16.9987,0,0,5451,28867854453
430.392,2.32346,44.6452,0,86,65,44,2760,10501,5.13121,166,16.9987,0,0,5451,28870178157
310.89,3.21657,44.6452,0,86,65,44,2760,10501,5.13121,166,16.9987,0,0,5451,28873395140
372.306,2.68597,44.6452,0,86,65,44,2760,10501,5.13121,166,16.9987,0,0,5451,28876081500
422.797,2.3652,44.6452,0,86,65,44,2760,10501,5.13121,166,16.9987,0,0,5451,28878447003
357.725,2.79544,44.6452,0,86,65,44,2760,10501,5.13121,166,16.9987,0,0,5451,28881242760
454.042,2.20244,44.6452,0,86,65,44,2760,10501,5.13121,166,16.9987,0,0,5451,28883445498
313.047,3.19441,44.6452,0,86,65,44,2760,10501,5.13121,166,16.9987,0,0,5451,28886640154
350.624,2.85206,44.6452,0,86,65,44,2760,10501,5.13121,166,16.9987,0,0,5451,28889492586
185.299,5.39669,44.6452,0,86,65,44,2760,10501,5.13121,166,16.9987,0,0,5451,28894889797
302.282,3.30817,44.6452,0,86,65,44,2760,10501,5.13121,166,16.9987,0,0,5451,28898198178
1487.9,0.67209,44.6452,0,86,65,44,2760,10501,5.13121,166,16.9987,0,0,5451,28898870595
299.354,3.34053,44.6452,0,86,65,44,2760,10501,5.13121,166,16.9987,0,0,5451,28902211582
510.786,1.95777,44.6452,0,86,65,44,2760,10501,5.13121,166,16.9987,0,0,5451,28904169764
377.112,2.65173,44.6452,0,86,65,44,2760,10501,5.13121,166,16.9987,0,0,5451,28906821584
385.579,2.5935,44.6452,0,86,65,44,2760,10501,5.13121,166,16.9987,0,0,5451,28909415431
344.128,2.9059,44.6452,0,86,65,44,2760,10501,5.13121,166,16.9987,0,0,5451,28912321663
357.5,2.7972,44.6452,0,86,65,44,2760,10501,5.13121,166,16.9987,0,0,5451,28915119123
233.963,4.27418,44.6452,0,86,65,44,2760,10501,5.13121,166,16.9987,0,0,5451,28919393786
522.682,1.91321,44.6452,0,86,65,44,2760,10501,5.13121,166,16.9987,0,0,5451,28921308851
493.16,2.02774,44.9871,0,86,65,44,2760,10501,5.13199,165,16.9957,0,0,5452,28923335361
415.635,2.40596,44.9871,0,86,65,44,2760,10501,5.13199,165,16.9957,0,0,5452,28925741740
321.549,3.10994,44.9871,0,86,65,44,2760,10501,5.13199,165,16.9957,0,0,5452,28928851874
473.316,2.11275,44.9871,0,86,65,44,2760,10501,5.13199,165,16.9957,0,0,5452,28930964955
333.183,3.00135,44.9871,0,86,65,44,2760,10501,5.13199,165,16.9957,0,0,5452,28933966633
415.999,2.40385,44.9871,0,86,65,44,2760,10501,5.13199,165,16.9957,0,0,5452,28936370704
354.187,2.82336,44.9871,0,86,65,44,2760,10501,5.13199,165,16.9957,0,0,5452,28939194357
390.305,2.5621,44.9871,0,86,65,44,2760,10501,5.13199,165,16.9957,0,0,5452,28941756799
209.066,4.78318,44.9871,0,86,65,44,2760,10501,5.13199,165,16.9957,0,0,5452,28946540355
696.411,1.43593,44.9871,0,86,65,44,2760,10501,5.13199,165,16.9957,0,0,5452,28947976547
487.571,2.05098,44.9871,0,86,65,44,2760,10501,5.13199,165,16.9957,0,0,5452,28950028011
233.326,4.28585,44.9871,0,86,65,44,2760,10501,5.13199,165,16.9957,0,0,5452,28954314242
414.456,2.4128,44.9871,0,86,65,44,2760,10501,5.13199,165,16.9957,0,0,5452,28956727227
482.656,2.07187,44.9871,0,86,65,44,2760,10501,5.13199,165,16.9957,0,0,5452,28958799451
477.857,2.09268,44.9871,0,86,65,44,2760,10501,5.13199,165,16.9957,0,0,5452,28960892588
276.141,3.62133,44.9871,0,86,65,44,2760,10501,5.13199,165,16.9957,0,0,5452,28964514047
517.2,1.93349,44.9871,0,86,65,44,2760,10501,5.13199,165,16.9957,0,0,5452,28966447939
342.741,2.91766,44.9871,0,86,65,44,2760,10501,5.13199,165,16.9957,0,0,5452,28969365864
298.321,3.35209,44.9871,0,86,65,44,2760,10501,5.13199,165,16.9957,0,0,5452,28972718439
548.453,1.82331,44.9871,0,86,65,44,2760,10501,5.13199,165,16.9957,0,0,5452,28974541923
370.463,2.69932,44.9871,0,86,65,44,2760,10501,5.13199,165,16.9957,0,0,5452,28977241591
397.403,2.51634,44.9871,0,86,65,44,2760,10501,5.13199,165,16.9957,0,0,5452,28979758243
367.043,2.72448,44.9871,0,86,65,44,2760,10501,5.13199,165,16.9957,0,0,5452,28982482960
397.148,2.51795,44.9871,0,86,65,44,2760,10501,5.13199,165,16.9957,0,0,5452,28985001276
338.149,2.95727,44.9871,0,86,65,44,2760,10501,5.13199,165,16.9957,0,0,5452,28987958914
355.058,2.81644,44.9871,0,86,65,44,2760,10501,5.13199,165,16.9957,0,0,5452,28990775595
331.414,3.01737,44.9871,0,86,65,44,2760,10501,5.13199,165,16.9957,0,0,5452,28993793322
422.496,2.36689,44.9871,0,86,65,44,2760,10501,5.13199,165,16.9957,0,0,5452,28996160517
286.173,3.49439,44.9871,0,86,65,44,2760,10501,5.13199,165,16.9957,0,0,5452,28999655424
563.743,1.77386,44.9871,0,86,65,44,2760,10501,5.13199,165,16.9957,0,0,5452,29001429772
301.298,3.31897,44.9871,0,86,65,44,2760,10501,5.13199,165,16.9957,0,0,5452,29004748932
499.043,2.00384,44.9871,0,86,65,44,2760,10501,5.13199,165,16.9957,0,0,5452,29006753307
352.33,2.83825,44.9871,0,86,65,44,2760,10501,5.13199,165,16.9957,0,0,5452,29009591720
368.54,2.71341,44.9871,0,86,65,44,2760,10501,5.13199,165,16.9957,0,0,5452,29012305446
410.18,2.43796,44.9871,0,86,65,44,2760,10501,5.13199,165,16.9957,0,0,5452,29014743730
356.217,2.80728,44.9871,0,86,65,44,2760,10501,5.13199,165,16.9957,0,0,5452,29017551402
265.923,3.76049,44.9871,0,86,65,44,2760,10501,5.13199,165,16.9957,0,0,5452,29021312211
261.039,3.83084,44.9871,0,86,65,44,2760,10501,5.13199,165,16.9957,0,0,5452,29025143369
342.557,2.91922,44.9871,0,86,65,44,2760,10501,5.13199,165,16.9957,0,0,5452,29028063035
874.052,1.1441,44.9871,0,86,65,44,2760,10501,5.13199,165,16.9957,0,0,5452,29029207371
523.279,1.91103,44.9871,0,86,65,44,2760,10501,5.13199,165,16.9957,0,0,5452,29031118715
319.068,3.13412,44.9871,0,86,65,44,2760,10501,5.13199,165,16.9957,0,0,5452,29034253224
274.196,3.64703,44.9871,0,86,65,44,2760,10501,5.13199,165,16.9957,0,0,5452,29037900760
546.456,1.82998,44.9871,0,86,65,44,2760,10501,5.13199,165,16.9957,0,0,5452,29039730813
363.337,2.75227,44.9871,0,86,65,44,2760,10501,5.13199,165,16.9957,0,0,5452,29042483396
418.174,2.39135,44.9871,0,86,65,44,2760,10501,5.13199,165,16.9957,0,0,5452,29044875063
383.515,2.60746,44.9871,0,86,65,44,2760,10501,5.13199,165,16.9957,0,0,5452,29047483035
324.523,3.08145,44.9871,0,86,65,44,2760,10501,5.13199,165,16.9957,0,0,5452,29050564678
191.031,5.23475,44.9871,0,86,65,44,2760,10501,5.13199,165,16.9957,0,0,5452,29055799739
616.301,1.62258,44.9871,0,86,65,44,2760,10501,5.13199,165,16.9957,0,0,5452,29057422611
393.616,2.54055,44.9871,0,86,65,44,2760,10501,5.13199,165,16.9957,0,0,5452,29059963465
452.57,2.2096,44.9871,0,86,65,44,2760,10501,5.13199,165,16.9957,0,0,5452,29062173415
283.166,3.53149,44.9871,0,86,65,44,2760,10501,5.13199,165,16.9957,0,0,5452,29065705332
487.213,2.05249,44.9871,0,86,65,44,2760,10501,5.13199,165,16.9957,0,0,5452,29067758074
293.927,3.40221,44.9871,0,86,65,44,2760,10501,5.13199,165,16.9957,0,0,5452,29071160804
588.488,1.69927,44.9871,0,86,65,44,2760,10501,5.13199,165,16.9957,0,0,5452,29072860189
300.879,3.32359,44.9871,0,86,65,44,2760,10501,5.13199,165,16.9957,0,0,5452,29076184147
383.84,2.60525,44.9871,0,86,65,44,2760,10501,5.13199,165,16.9957,0,0,5452,29078789744
405.438,2.46647,44.9871,0,86,65,44,2760,10501,5.13199,165,16.9957,0,0,5452,29081256827
403.028,2.48122,44.9871,0,86,65,44,2760,10501,5.13199,165,16.9957,0,0,5452,29083738151
342.81,2.91707,44.9871,0,86,65,44,2760,10501,5.13199,165,16.9957,0,0,5452,29086655451
363.786,2.74887,44.9871,0,86,65,44,2760,10501,5.13199,165,16.9957,0,0,5452,29089404650
393.667,2.54022,44.9871,0,86,65,44,2760,10501,5.13199,165,16.9957,0,0,5452,29091945245
350.279,2.85487,44.9871,0,86,65,44,2760,10501,5.13199,165,16.9957,0,0,5452,29094800361
357.781,2.79501,44.9871,0,86,65,44,2760,10501,5.13199,165,16.9957,0,0,5452,29097595695
278.074,3.59617,44.9871,0,86,65,44,2760,10501,5.13199,165,16.9957,0,0,5452,29101192182
500.496,1.99802,44.9871,0,86,65,44,2760,10501,5.13199,165,16.9957,0,0,5452,29103190518
438.658,2.27968,44.9871,0,86,65,44,2760,10501,5.13199,165,16.9957,0,0,5452,29105470691
286.435,3.49119,44.9871,0,86,65,44,2760,10501,5.13199,165,16.9957,0,0,5452,29108962069
434.797,2.29992,44.9871,0,86,65,44,2760,10501,5.13199,165,16.9957,0,0,5452,29111262531
234.345,4.26721,44.9871,0,86,65,44,2760,10501,5.13199,165,16.9957,0,0,5452,29115529953
1935.14,0.516758,44.9871,0,86,65,44,2760,10501,5.13199,165,16.9957,0,0,5452,29116046980
318.826,3.13651,44.9871,0,86,65,44,2760,10501,5.13199,165,16.9957,0,0,5452,29119183875
449.738,2.22352,44.9871,0,86,65,44,2760,10501,5.13199,165,16.9957,0,0,5452,29121407815
350.391,2.85395,44.9871,0,86,65,44,2760,10501,5.13199,165,16.9957,0,0,5452,29124262142
256.463,3.8992,44.9871,0,86,65,44,2760,10501,5.13199,165,16.9957,0,0,5452,29128161716
672.699,1.48655,44.9871,0,86,65,44,2760,10501,5.13199,165,16.9957,0,0,5452,29129648823
370.747,2.69725,44.9871,0,86,65,44,2760,10501,5.13199,165,16.9957,0,0,5452,29132346107
373.108,2.68019,44.9871,0,86,65,44,2760,10501,5.13199,165,16.9957,0,0,5452,29135026822
356.078,2.80837,44.9871,0,86,65,44,2760,10501,5.13199,165,16.9957,0,0,5452,29137835397
369.299,2.70783,44.9871,0,86,65,44,2760,10501,5.13199,165,16.9957,0,0,5452,29140543546
383.42,2.60811,44.9871,0,86,65,44,2760,10501,5.13199,165,16.9957,0,0,5452,29143151990
310.519,3.22042,44.9871,0,86,65,44,2760,10501,5.13199,165,16.9957,0,0,5452,29146372704
626.598,1.59592,44.9871,0,86,65,44,2760,10501,5.13199,165,16.9957,0,0,5452,29147968883
323.19,3.09415,44.9871,0,86,65,44,2760,10501,5.13199,165,16.9957,0,0,5452,29151063603
351.984,2.84104,44.9871,0,86,65,44,2760,10501,5.13199,165,16.9957,0,0,5452,29153904987
188.138,5.31524,44.9871,0,86,65,44,2760,10501,5.13199,165,16.9957,0,0,5452,29159220406
519.403,1.92529,44.9871,0,86,65,44,2760,10501,5.13199,165,16.9957,0,0,5452,29161146010
601.167,1.66343,44.9871,0,86,65,44,2760,10501,5.13199,165,16.9957,0,0,5452,29162809768
471.723,2.11989,44.9871,0,86,65,44,2760,10501,5.13199,165,16.9957,0,0,5452,29164930003
311.294,3.2124,44.9871,0,86,65,44,2760,10501,5.13199,165,16.9957,0,0,5452,29168142746
497.391,2.01049,44.9871,0,86,65,44,2760,10501,5.13199,165,16.9957,0,0,5452,29170153583
330.715,3.02376,44.9871,0,86,65,44,2760,10501,5.13199,165,16.9957,0,0,5452,29173177675
304.243,3.28685,44.9871,0,86,65,44,2760,10501,5.13199,165,16.9957,0,0,5452,29176465026
583.45,1.71394,44.9871,0,86,65,44,2760,10501,5.13199,165,16.9957,0,0,5452,29178179286
301.749,3.31401,44.9871,0,86,65,44,2760,10501,5.13199,165,16.9957,0,0,5452,29181493657
444.234,2.25107,44.9871,0,86,65,44,2760,10501,5.13199,165,16.9957,0,0,5452,29183745117
207.268,4.82466,44.9871,0,86,65,44,2760,10501,5.13199,165,16.9957,0,0,5452,29188570145
329.687,3.03318,44.9871,0,86,65,44,2760,10501,5.13199,165,16.9957,0,0,5452,29191603930
993.983,1.00605,44.9871,0,86,65,44,2760,10501,5.13199,165,16.9957,0,0,5452,29192610157
455.004,2.19778,44.9871,0,86,65,44,2760,10501,5.13199,165,16.9957,0,0,5452,29194808404
373.568,2.67689,44.9871,0,86,65,44,2760,10501,5.13199,165,16.9957,0,0,5452,29197485677
296.102,3.37721,44.9871,0,86,65,44,2760,10501,5.13199,165,16.9957,0,0,5452,29200863252
512.192,1.95239,44.9871,0,86,65,44,2760,10501,5.13199,165,16.9957,0,0,5452,29202816077
376.766,2.65417,44.9871,0,86,65,44,2760,10501,5.13199,165,16.9957,0,0,5452,29205470628
346.9,2.88267,44.9871,0,86,65,44,2760,10501,5.13199,165,16.9957,0,0,5452,29208353678
357.909,2.79401,44.9871,0,86,65,44,2760,10501,5.13199,165,16.9957,0,0,5452,29211148002
276.325,3.61893,44.9871,0,86,65,44,2760,10501,5.13199,165,16.9957,0,0,5452,29214767384
532.374,1.87838,44.9871,0,86,65,44,2760,10501,5.13199,165,16.9957,0,0,5452,29216645995
350.912,2.84972,44.9871,0,86,65,44,2760,10501,5.13199,165,16.9957,0,0,5452,29219496313
471.447,2.12113,44.9871,0,86,65,44,2760,10501,5.13199,165,16.9957,0,0,5452,29221617634
315.979,3.16477,44.9871,0,86,65,44,2760,10501,5.13199,165,16.9957,0,0,5452,29224782722
404.308,2.47336,44.9871,0,86,65,44,2760,10501,5.13199,165,16.9957,0,0,5452,29227256391
392.866,2.54539,44.9871,0,86,65,44,2760,10501,5.13199,165,16.9957,0,0,5452,29229802198
341.522,2.92807,44.9871,0,86,65,44,2760,10501,5.13199,165,16.9957,0,0,5452,29232730624
288.016,3.47203,44.9871,0,86,65,44,2760,10501,5.13199,165,16.9957,0,0,5452,29236203068
512.371,1.95171,44.9871,0,86,65,44,2760,10501,5.13199,165,16.9957,0,0,5452,29238154980
259.453,3.85426,44.9871,0,86,65,44,2760,10501,5.13199,165,16.9957,0,0,5452,29242009552
559.792,1.78638,44.9871,0,86,65,44,2760,10501,5.13199,165,16.9957,0,0,5452,29243796305
426.199,2.34632,44.9871,0,86,65,44,2760,10501,5.13199,165,16.9957,0,0,5452,29246143076
377.154,2.65144,44.9871,0,86,65,44,2760,10501,5.13199,165,16.9957,0,0,5452,29248794713
325.4,3.07314,44.9871,0,86,65,44,2760,10501,5.13199,165,16.9957,0,0,5452,29251868115
299.2,3.34225,44.9871,0,86,65,44,2760,10501,5.13199,165,16.9957,0,0,5452,29255210593
534.019,1.87259,44.9871,0,86,65,44,2760,10501,5.13199,165,16.9957,0,0,5452,29257083550
278.323,3.59295,44.9871,0,86,65,44,2760,10501,5.13199,165,16.9957,0,0,5452,29260676893
396.337,2.5231,44.9871,0,86,65,44,2760,10501,5.13199,165,16.9957,0,0,5452,29263200372
429.471,2.32844,44.9871,0,86,65,44,2760,10501,5.13199,165,16.9957,0,0,5452,29265528979
273.704,3.65358,44.9871,0,86,65,44,2760,10501,5.13199,165,16.9957,0,0,5452,29269182920
599.787,1.66726,44.9871,0,86,65,44,2760,10501,5.13199,165,16.9957,0,0,5452,29270850524
358.099,2.79253,44.9871,0,86,65,44,2760,10501,5.13199,165,16.9957,0,0,5452,29273643320
372.055,2.68777,44.9871,0,86,65,44,2760,10501,5.13199,165,16.9957,0,0,5452,29276331391
168.314,5.94127,44.9871,0,86,65,44,2760,10501,5.13199,165,16.9957,0,0,5452,29282272976
478.233,2.09103,44.9871,0,86,65,44,2760,10501,5.13199,165,16.9957,0,0,5452,29284364451
492.629,2.02993,44.9871,0,86,65,44,2760,10501,5.13199,165,16.9957,0,0,5452,29286394615
508.879,1.96511,44.9871,0,86,65,44,2760,10501,5.13199,165,16.9957,0,0,5452,29288360066
497.877,2.00853,44.9871,0,86,65,44,2760,10501,5.13199,165,16.9957,0,0,5452,29290368932
352.997,2.83288,44.9871,0,86,65,44,2760,10501,5.13199,165,16.9957,0,0,5452,29293202104
249.51,4.00786,44.9871,0,86,65,44,2760,10501,5.13199,165,16.9957,0,0,5452,29297210480
236.071,4.23601,44.9871,0,86,65,44,2760,10501,5.13199,165,16.9957,0,0,5452,29301446892
380.217,2.63008,44.9871,0,86,65,44,2760,10501,5.13199,165,16.9957,0,0,5452,29304077384
1172.66,0.85276,44.9871,0,86,65,44,2760,10501,5.13199,165,16.9957,0,0,5452,29304930163
533.304,1.8751,44.9871,0,86,65,44,2760,10501,5.13199,165,16.9957,0,0,5452,29306805716
346.676,2.88454,44.9871,0,86,65,44,2760,10501,5.13199,165,16.9957,0,0,5452,29309690525
377.746,2.64728,44.9871,0,86,65,44,2760,10501,5.13199,165,16.9957,0,0,5452,29312338134
358.796,2.7871,44.9871,0,86,65,44,2760,10501,5.13199,165,16.9957,0,0,5452,29315125679
207.901,4.80999,44.9871,0,86,65,44,2760,10501,5.13199,165,16.9957,0,0,5452,29319935861
880.461,1.13577,44.9871,0,86,65,44,2760,10501,5.13199,165,16.9957,0,0,5452,29321071909
292.089,3.42361,44.9871,0,86,65,44,2760,10501,5.13199,165,16.9957,0,0,5452,29324495937
518.541,1.92849,44.9871,0,86,65,44,2760,10501,5.13199,165,16.9957,0,0,5452,29326424810
379.855,2.63258,44.9871,0,86,65,44,2760,10501,5.13199,165,16.9957,0,0,5452,29329057755
340.799,2.93428,44.9871,0,86,65,44,2760,10501,5.13199,165,16.9957,0,0,5452,29331992507
446.724,2.23852,44.9871,0,86,65,44,2760,10501,5.13199,165,16.9957,0,0,5452,29334231323
401.843,2.48854,44.9871,0,86,65,44,2760,10501,5.13199,165,16.9957,0,0,5452,29336720138
355.682,2.8115,44.9871,0,86,65,44,2760,10501,5.13199,165,16.9957,0,0,5452,29339531838
415.998,2.40386,44.9871,0,86,65,44,2760,10501,5.13199,165,16.9957,0,0,5452,29341936121
309.642,3.22953,44.9871,0,86,65,44,2760,10501,5.13199,165,16.9957,0,0,5452,29345165932
369.836,2.7039,44.9871,0,86,65,44,2760,10501,5.13199,165,16.9957,0,0,5452,29347870081
272.347,3.67179,44.9871,0,86,65,44,2760,10501,5.13199,165,16.9957,0,0,5452,29351542368
535.083,1.86887,44.9871,0,86,65,44,2760,10501,5.13199,165,16.9957,0,0,5452,29353411460
376.559,2.65563,44.9871,0,86,65,44,2760,10501,5.13199,165,16.9957,0,0,5452,29356067396
383.996,2.60419,44.9871,0,86,65,44,2760,10501,5.13199,165,16.9957,0,0,5452,29358671926
379.555,2.63467,44.9871,0,86,65,44,2760,10501,5.13199,165,16.9957,0,0,5452,29361307043
293.757,3.40417,44.9871,0,86,65,44,2760,10501,5.13199,165,16.9957,0,0,5452,29364711629
498.115,2.00757,44.9871,0,86,65,44,2760,10501,5.13199,165,16.9957,0,0,5452,29366719428
393.123,2.54373,44.9871,0,86,65,44,2760,10501,5.13199,165,16.9957,0,0,5452,29369263475
389.684,2.56618,44.9871,0,86,65,44,2760,10501,5.13199,165,16.9957,0,0,5452,29371829946
332.875,3.00413,44.9871,0,86,65,44,2760,10501,5.13199,165,16.9957,0,0,5452,29374834393
223.064,4.48303,44.9871,0,86,65,44,2760,10501,5.13199,165,16.9957,0,0,5452,29379317891
622.052,1.60758,44.9871,0,86,65,44,2760,10501,5.13199,165,16.9957,0,0,5452,29380925685
300.295,3.33005,44.9871,0,86,65,44,2760,10501,5.13199,165,16.9957,0,0,5452,29384256038
424.371,2.35643,44.9871,0,86,65,44,2760,10501,5.13199,165,16.9957,0,0,5452,29386612819
362.787,2.75644,44.9871,0,86,65,44,2760,10501,5.13199,165,16.9957,0,0,5452,29389369576
428.657,2.33287,44.9871,0,86,65,44,2760,10501,5.13199,165,16.9957,0,0,5452,29391702895
384.655,2.59973,44.9871,0,86,65,44,2760,10501,5.13199,165,16.9957,0,0,5452,29394302992
322.59,3.09991,44.9871,0,86,65,44,2760,10501,5.13199,165,16.9957,0,0,5452,29397403240
449.431,2.22504,44.9871,0,86,65,44,2760,10501,5.13199,165,16.9957,0,0,5452,29399628623
354.099,2.82407,44.9871,0,86,65,44,2760,10501,5.13199,165,16.9957,0,0,5452,29402453132
248.949,4.01689,44.9871,0,86,65,44,2760,10501,5.13199,165,16.9957,0,0,5452,29406470383
583.159,1.7148,44.9871,0,86,65,44,2760,10501,5.13199,165,16.9957,0,0,5452,29408185363
531.549,1.88129,44.9871,0,86,65,44,2760,10501,5.13199,165,16.9957,0,0,5452,29410066985
314.409,3.18057,44.9871,0,86,65,44,2760,10501,5.13199,165,16.9957,0,0,5452,29413247832
447.505,2.23461,44.9871,0,86,65,44,2760,10501,5.13199,165,16.9957,0,0,5452,29415482850
344.36,2.90393,44.9871,0,86,65,44,2760,10501,5.13199,165,16.9957,0,0,5452,29418386986
387.838,2.57839,44.9871,0,86,65,44,2760,10501,5.13199,165,16.9957,0,0,5452,29420965746
318.955,3.13524,44.9871,0,86,65,44,2760,10501,5.13199,165,16.9957,0,0,5452,29424103736
338.124,2.95749,44.832,0,86,65,44,2760,10501,5.13785,165,16.9964,0,0,5448,29427059201
401.812,2.48873,44.832,0,86,65,44,2760,10501,5.13785,165,16.9964,0,0,5448,29429548362
206.155,4.85073,44.832,0,86,65,44,2760,10501,5.13785,165,16.9964,0,0,5448,29434399333
422.776,2.36532,44.832,0,86,65,44,2760,10501,5.13785,165,16.9964,0,0,5448,29436764952
623.929,1.60275,44.832,0,86,65,44,2760,10501,5.13785,165,16.9964,0,0,5448,29438368006
463.858,2.15583,44.832,0,86,65,44,2760,10501,5.13785,165,16.9964,0,0,5448,29440524165
271.327,3.68559,44.832,0,86,65,44,2760,10501,5.13785,165,16.9964,0,0,5448,29444210058
494.675,2.02153,44.832,0,86,65,44,2760,10501,5.13785,165,16.9964,0,0,5448,29446231876
466.647,2.14295,44.832,0,86,65,44,2760,10501,5.13785,165,16.9964,0,0,5448,29448375150
271.956,3.67707,44.832,0,86,65,44,2760,10501,5.13785,165,16.9964,0,0,5448,29452052736
585.407,1.70821,44.832,0,86,65,44,2760,10501,5.13785,165,16.9964,0,0,5448,29453761255
312.55,3.19949,44.832,0,86,65,44,2760,10501,5.13785,165,16.9964,0,0,5448,29456961132
244.739,4.08599,44.832,0,86,65,44,2760,10501,5.13785,165,16.9964,0,0,5448,29461047347
792.583,1.2617,44.832,0,86,65,44,2760,10501,5.13785,165,16.9964,0,0,5448,29462309505
370.159,2.70154,44.832,0,86,65,44,2760,10501,5.13785,165,16.9964,0,0,5448,29465011144
457.071,2.18784,44.832,0,86,65,44,2760,10501,5.13785,165,16.9964,0,0,5448,29467199352
363.453,2.75139,44.832,0,86,65,44,2760,10501,5.13785,165,16.9964,0,0,5448,29469951195
364.615,2.74262,44.832,0,86,65,44,2760,10501,5.13785,165,16.9964,0,0,5448,29472694018
315.192,3.17267,44.832,0,86,65,44,2760,10501,5.13785,165,16.9964,0,0,5448,29475867183
295.688,3.38194,44.832,0,86,65,44,2760,10501,5.13785,165,16.9964,0,0,5448,29479249316
379.393,2.63579,44.832,0,86,65,44,2760,10501,5.13785,165,16.9964,0,0,5448,29481885405
585.434,1.70813,44.832,0,86,65,44,2760,10501,5.13785,165,16.9964,0,0,5448,29483593876
208.267,4.80154,44.832,0,86,65,44,2760,10501,5.13785,165,16.9964,0,0,5448,29488395759
495.026,2.0201,44.832,0,86,65,44,2760,10501,5.13785,165,16.9964,0,0,5448,29490416211
674.317,1.48298,44.832,0,86,65,44,2760,10501,5.13785,165,16.9964,0,0,5448,29491899636
301.983,3.31145,44.832,0,86,65,44,2760,10501,5.13785,165,16.9964,0,0,5448,29495211527
454.308,2.20115,44.832,0,86,65,44,2760,10501,5.13785,165,16.9964,0,0,5448,29497412841
207.466,4.82008,44.832,0,86,65,44,2760,10501,5.13785,165,16.9964,0,0,5448,29502233388
1508.22,0.663032,44.832,0,86,65,44,2760,10501,5.13785,165,16.9964,0,0,5448,29502896709
394.889,2.53236,44.832,0,86,65,44,2760,10501,5.13785,165,16.9964,0,0,5448,29505429381
373.82,2.67508,44.832,0,86,65,44,2760,10501,5.13785,165,16.9964,0,0,5448,29508104740
291.183,3.43427,44.832,0,86,65,44,2760,10501,5.13785,165,16.9964,0,0,5448,29511539289
214.936,4.65254,44.832,0,86,65,44,2760,10501,5.13785,165,16.9964,0,0,5448,29516192272
1004.26,0.995755,44.832,0,86,65,44,2760,10501,5.13785,165,16.9964,0,0,5448,29517188248
492.592,2.03008,44.832,0,86,65,44,2760,10501,5.13785,165,16.9964,0,0,5448,29519218692
402.998,2.4814,44.832,0,86,65,44,2760,10501,5.13785,165,16.9964,0,0,5448,29521700496
364.219,2.7456,44.832,0,86,65,44,2760,10501,5.13785,165,16.9964,0,0,5448,29524446377
340.059,2.94067,44.832,0,86,65,44,2760,10501,5.13785,165,16.9964,0,0,5448,29527387515
429.807,2.32663,44.832,0,86,65,44,2760,10501,5.13785,165,16.9964,0,0,5448,29529714334
285.389,3.50398,44.832,0,86,65,44,2760,10501,5.13785,165,16.9964,0,0,5448,29533218788
534.76,1.87,44.832,0,86,65,44,2760,10501,5.13785,165,16.9964,0,0,5448,29535088938
248.199,4.02903,44.832,0,86,65,44,2760,10501,5.13785,165,16.9964,0,0,5448,29539118343
270.462,3.69738,44.832,0,86,65,44,2760,10501,5.13785,165,16.9964,0,0,5448,29542816035
697.051,1.43462,44.832,0,86,65,44,2760,10501,5.13785,165,16.9964,0,0,5448,29544250977
474.157,2.109,44.832,0,86,65,44,2760,10501,5.13785,165,16.9964,0,0,5448,29546360289
318.026,3.14439,44.832,0,86,65,44,2760,10501,5.13785,165,16.9964,0,0,5448,29549505039
391.774,2.55249,44.832,0,86,65,44,2760,10501,5.13785,165,16.9964,0,0,5448,29552057760
345.671,2.89293,44.832,0,86,65,44,2760,10501,5.13785,165,16.9964,0,0,5448,29554951030
365.955,2.73257,44.832,0,86,65,44,2760,10501,5.13785,165,16.9964,0,0,5448,29557683863
377.425,2.64953,44.832,0,86,65,44,2760,10501,5.13785,165,16.9964,0,0,5448,29560333683
388.544,2.57371,44.832,0,86,65,44,2760,10501,5.13785,165,16.9964,0,0,5448,29562907818
376.69,2.65471,44.832,0,86,65,44,2760,10501,5.13785,165,16.9964,0,0,5448,29565562763
271.491,3.68337,44.832,0,86,65,44,2760,10501,5.13785,165,16.9964,0,0,5448,29569246695
653.244,1.53082,44.832,0,86,65,44,2760,10501,5.13785,165,16.9964,0,0,5448,29570777900
326.184,3.06576,44.832,0,86,65,44,2760,10501,5.13785,165,16.9964,0,0,5448,29573843850
395.836,2.5263,44.832,0,86,65,44,2760,10501,5.13785,165,16.9964,0,0,5448,29576370464
341.762,2.92601,44.832,0,86,65,44,2760,10501,5.13785,165,16.9964,0,0,5448,29579296822
352.577,2.83626,44.832,0,86,65,44,2760,10501,5.13785,165,16.9964,0,0,5448,29582133408
411.97,2.42736,44.832,0,86,65,44,2760,10501,5.13785,165,16.9964,0,0,5448,29584561047
353.345,2.8301,44.832,0,86,65,44,2760,10501,5.13785,165,16.9964,0,0,5448,29587391595
325.908,3.06835,44.832,0,86,65,44,2760,10501,5.13785,165,16.9964,0,0,5448,29590460419
406.327,2.46107,44.832,0,86,65,44,2760,10501,5.13785,165,16.9964,0,0,5448,29592921791
336.38,2.97283,44.832,0,86,65,44,2760,10501,5.13785,165,16.9964,0,0,5448,29595894881
393.406,2.5419,44.832,0,86,65,44,2760,10501,5.13785,165,16.9964,0,0,5448,29598437092
362.406,2.75933,44.832,0,86,65,44,2760,10501,5.13785,165,16.9964,0,0,5448,29601196887
465.307,2.14912,44.832,0,86,65,44,2760,10501,5.13785,165,16.9964,0,0,5448,29603346190
395.644,2.52753,44.832,0,86,65,44,2760,10501,5.13785,165,16.9964,0,0,5448,29605873987
397.195,2.51765,44.832,0,86,65,44,2760,10501,5.13785,165,16.9964,0,0,5448,29608391975
381.289,2.62268,44.832,0,86,65,44,2760,10501,5.13785,165,16.9964,0,0,5448,29611014920
337.151,2.96603,44.832,0,86,65,44,2760,10501,5.13785,165,16.9964,0,0,5448,29613981452
373.457,2.67769,44.832,0,86,65,44,2760,10501,5.13785,165,16.9964,0,0,5448,29616659446
329.264,3.03707,44.832,0,86,65,44,2760,10501,5.13785,165,16.9964,0,0,5448,29619696866
318.899,3.13579,44.832,0,86,65,44,2760,10501,5.13785,165,16.9964,0,0,5448,29622832895
419.217,2.3854,44.832,0,86,65,44,2760,10501,5.13785,165,16.9964,0,0,5448,29625218725
413.089,2.42078,44.832,0,86,65,44,2760,10501,5.13785,165,16.9964,0,0,5448,29627639893
357.639,2.79611,44.832,0,86,65,44,2760,10501,5.13785,165,16.9964,0,0,5448,29630436439
271.073,3.68905,44.832,0,86,65,44,2760,10501,5.13785,165,16.9964,0,0,5448,29634125814
405.932,2.46347,44.832,0,86,65,44,2760,10501,5.13785,165,16.9964,0,0,5448,29636589762
237.24,4.21514,44.832,0,86,65,44,2760,10501,5.13785,165,16.9964,0,0,5448,29640805327
601.167,1.66343,44.832,0,86,65,44,2760,10501,5.13785,165,16.9964,0,0,5448,29642469230
383.188,2.60968,44.832,0,86,65,44,2760,10501,5.13785,165,16.9964,0,0,5448,29645079433
645.989,1.54801,44.832,0,86,65,44,2760,10501,5.13785,165,16.9964,0,0,5448,29646627543
291.433,3.43132,44.832,0,86,65,44,2760,10501,5.13785,165,16.9964,0,0,5448,29650059437
261.116,3.82972,44.832,0,86,65,44,2760,10501,5.13785,165,16.9964,0,0,5448,29653889528
683.423,1.46322,44.832,0,86,65,44,2760,10501,5.13785,165,16.9964,0,0,5448,29655353212
400.05,2.49969,44.832,0,86,65,44,2760,10501,5.13785,165,16.9964,0,0,5448,29657853190
295.128,3.38836,44.832,0,86,65,44,2760,10501,5.13785,165,16.9964,0,0,5448,29661241901
460.924,2.16955,44.832,0,86,65,44,2760,10501,5.13785,165,16.9964,0,0,5448,29663411705
354.046,2.82449,44.832,0,86,65,44,2760,10501,5.13785,165,16.9964,0,0,5448,29666236579
373.771,2.67544,44.832,0,86,65,44,2760,10501,5.13785,165,16.9964,0,0,5448,29668912505
511.215,1.95612,44.832,0,86,65,44,2760,10501,5.13785,165,16.9964,0,0,5448,29670869139
296.07,3.37758,44.832,0,86,65,44,2760,10501,5.13785,165,16.9964,0,0,5448,29674247214
314.858,3.17603,44.832,0,86,65,44,2760,10501,5.13785,165,16.9964,0,0,5448,29677423696
563.587,1.77435,44.832,0,86,65,44,2760,10501,5.13785,165,16.9964,0,0,5448,29679198237
315.752,3.16704,44.832,0,86,65,44,2760,10501,5.13785,165,16.9964,0,0,5448,29682365728
363.894,2.74805,44.832,0,86,65,44,2760,10501,5.13785,165,16.9964,0,0,5448,29685114176
469.135,2.13158,44.832,0,86,65,44,2760,10501,5.13785,165,16.9964,0,0,5448,29687246229
357.621,2.79626,44.832,0,86,65,44,2760,10501,5.13785,165,16.9964,0,0,5448,29690042852
400.432,2.4973,44.832,0,86,65,44,2760,10501,5.13785,165,16.9964,0,0,5448,29692540600
394.422,2.53536,44.832,0,86,65,44,2760,10501,5.13785,165,16.9964,0,0,5448,29695076329
303.982,3.28967,44.832,0,86,65,44,2760,10501,5.13785,165,16.9964,0,0,5448,29698366306
318.099,3.14367,44.832,0,86,65,44,2760,10501,5.13785,165,16.9964,0,0,5448,29701510315
381.878,2.61864,44.832,0,86,65,44,2760,10501,5.13785,165,16.9964,0,0,5448,29704129317
315.565,3.16892,44.832,0,86,65,44,2760,10501,5.13785,165,16.9964,0,0,5448,29707298664
687.38,1.4548,44.832,0,86,65,44,2760,10501,5.13785,165,16.9964,0,0,5448,29708753704
339.753,2.94331,44.832,0,86,65,44,2760,10501,5.13785,165,16.9964,0,0,5448,29711697466
536.573,1.86368,44.832,0,86,65,44,2760,10501,5.13785,165,16.9964,0,0,5448,29713561471
325.072,3.07624,44.832,0,86,65,44,2760,10501,5.13785,165,16.9964,0,0,5448,29716637912
307.796,3.24891,44.832,0,86,65,44,2760,10501,5.13785,165,16.9964,0,0,5448,29719887156
550.616,1.81615,44.832,0,86,65,44,2760,10501,5.13785,165,16.9964,0,0,5448,29721703592
336.359,2.97301,44.832,0,86,65,44,2760,10501,5.13785,165,16.9964,0,0,5448,29724676836
351.264,2.84686,44.832,0,86,65,44,2760,10501,5.13785,165,16.9964,0,0,5448,29727524067
196.612,5.08615,44.832,0,86,65,44,2760,10501,5.13785,165,16.9964,0,0,5448,29732610546
1629.7,0.613608,44.832,0,86,65,44,2760,10501,5.13785,165,16.9964,0,0,5448,29733224442
499.853,2.00059,44.832,0,86,65,44,2760,10501,5.13785,165,16.9964,0,0,5448,29735225451
291.927,3.42552,44.832,0,86,65,44,2760,10501,5.13785,165,16.9964,0,0,5448,29738651250
400.007,2.49996,44.832,0,86,65,44,2760,10501,5.13785,165,16.9964,0,0,5448,29741151449
334.284,2.99147,44.832,0,86,65,44,2760,10501,5.13785,165,16.9964,0,0,5448,29744143387
532.33,1.87853,44.832,0,86,65,44,2760,10501,5.13785,165,16.9964,0,0,5448,29746022248
298.332,3.35197,44.832,0,86,65,44,2760,10501,5.13785,165,16.9964,0,0,5448,29749374476
345.044,2.89818,44.832,0,86,65,44,2760,10501,5.13785,165,16.9964,0,0,5448,29752272978
563.544,1.77448,44.832,0,86,65,44,2760,10501,5.13785,165,16.9964,0,0,5448,29754047788
158.198,6.32118,44.832,0,86,65,44,2760,10501,5.13785,165,16.9964,0,0,5448,29760369308
567.728,1.76141,44.832,0,86,65,44,2760,10501,5.13785,165,16.9964,0,0,5448,29762131050
582.121,1.71785,44.832,0,86,65,44,2760,10501,5.13785,165,16.9964,0,0,5448,29763849291
426.075,2.347,44.832,0,86,65,44,2760,10501,5.13785,165,16.9964,0,0,5448,29766196572
323.691,3.08936,44.832,0,86,65,44,2760,10501,5.13785,165,16.9964,0,0,5448,29769286397
509.599,1.96233,44.832,0,86,65,44,2760,10501,5.13785,165,16.9964,0,0,5448,29771248935
368.219,2.71577,44.832,0,86,65,44,2760,10501,5.13785,165,16.9964,0,0,5448,29773965170
307.603,3.25095,44.832,0,86,65,44,2760,10501,5.13785,165,16.9964,0,0,5448,29777216347
423.408,2.36179,44.832,0,86,65,44,2760,10501,5.13785,165,16.9964,0,0,5448,29779578590
320.458,3.12054,44.832,0,86,65,44,2760,10501,5.13785,165,16.9964,0,0,5448,29782699397
289.045,3.45967,44.832,0,86,65,44,2760,10501,5.13785,165,16.9964,0,0,5448,29786159591
339.617,2.94449,44.832,0,86,65,44,2760,10501,5.13785,165,16.9964,0,0,5448,29789104257
617.747,1.61879,44.832,0,86,65,44,2760,10501,5.13785,165,16.9964,0,0,5448,29790723389
476.657,2.09795,44.832,0,86,65,44,2760,10501,5.13785,165,16.9964,0,0,5448,29792821806
366.897,2.72556,44.832,0,86,65,44,2760,10501,5.13785,165,16.9964,0,0,5448,29795547696
383.683,2.60632,44.832,0,86,65,44,2760,10501,5.13785,165,16.9964,0,0,5448,29798154245
389.472,2.56758,44.832,0,86,65,44,2760,10501,5.13785,165,16.9964,0,0,5448,29800722139
268.915,3.71865,44.832,0,86,65,44,2760,10501,5.13785,165,16.9964,0,0,5448,29804441130
552.321,1.81054,44.832,0,86,65,44,2760,10501,5.13785,165,16.9964,0,0,5448,29806251970
313.727,3.18748,44.832,0,86,65,44,2760,10501,5.13785,165,16.9964,0,0,5448,29809439789
244.382,4.09196,44.832,0,86,65,44,2760,10501,5.13785,165,16.9964,0,0,5448,29813532177
668.629,1.4956,44.832,0,86,65,44,2760,10501,5.13785,165,16.9964,0,0,5448,29815027920
315.738,3.16718,44.832,0,86,65,44,2760,10501,5.13785,165,16.9964,0,0,5448,29818195421
619.897,1.61317,44.832,0,86,65,44,2760,10501,5.13785,165,16.9964,0,0,5448,29819808859
394.077,2.53758,44.832,0,86,65,44,2760,10501,5.13785,165,16.9964,0,0,5448,29822346945
304.079,3.28862,44.832,0,86,65,44,2760,10501,5.13785,165,16.9964,0,0,5448,29825635729
422.179,2.36867,44.832,0,86,65,44,2760,10501,5.13785,165,16.9964,0,0,5448,29828004732
301.796,3.3135,44.832,0,86,65,44,2760,10501,5.13785,165,16.9964,0,0,5448,29831318517
446.18,2.24125,44.832,0,86,65,44,2760,10501,5.13785,165,16.9964,0,0,5448,29833560092
377.257,2.65072,44.832,0,86,65,44,2760,10501,5.13785,165,16.9964,0,0,5448,29836211249
262.521,3.80923,44.832,0,86,65,44,2760,10501,5.13785,165,16.9964,0,0,5448,29840020858
556.595,1.79664,44.832,0,86,65,44,2760,10501,5.13785,165,16.9964,0,0,5448,29841817717
410.155,2.4381,44.832,0,86,65,44,2760,10501,5.13785,165,16.9964,0,0,5448,29844256154
348.22,2.87175,44.832,0,86,65,44,2760,10501,5.13785,165,16.9964,0,0,5448,29847128299
377.296,2.65044,44.832,0,86,65,44,2760,10501,5.13785,165,16.9964,0,0,5448,29849778975
326.501,3.06278,44.832,0,86,65,44,2760,10501,5.13785,165,16.9964,0,0,5448,29852842059
444.372,2.25037,44.832,0,86,65,44,2760,10501,5.13785,165,16.9964,0,0,5448,29855092779
345.915,2.89089,44.832,0,86,65,44,2760,10501,5.13785,165,16.9964,0,0,5448,29857984059
351.885,2.84184,44.832,0,86,65,44,2760,10501,5.13785,165,16.9964,0,0,5448,29860826194
467.791,2.13771,44.832,0,86,65,44,2760,10501,5.13785,165,16.9964,0,0,5448,29862964381
216.747,4.61367,44.832,0,86,65,44,2760,10501,5.13785,165,16.9964,0,0,5448,29867578238
314.522,3.17942,44.832,0,86,65,44,2760,10501,5.13785,165,16.9964,0,0,5448,29870758086
661.437,1.51186,44.832,0,86,65,44,2760,10501,5.13785,165,16.9964,0,0,5448,29872270233
453.775,2.20374,44.832,0,86,65,44,2760,10501,5.13785,165,16.9964,0,0,5448,29874474259
336.849,2.96869,44.832,0,86,65,44,2760,10501,5.13785,165,16.9964,0,0,5448,29877443311
386.683,2.5861,44.832,0,86,65,44,2760,10501,5.13785,165,16.9964,0,0,5448,29880029687
350.134,2.85605,44.832,0,86,65,44,2760,10501,5.13785,165,16.9964,0,0,5448,29882886043
394.092,2.53748,44.832,0,86,65,44,2760,10501,5.13785,165,16.9964,0,0,5448,29885423849
338.258,2.95632,44.832,0,86,65,44,2760,10501,5.13785,165,16.9964,0,0,5448,29888380622
431.047,2.31993,44.832,0,86,65,44,2760,10501,5.13785,165,16.9964,0,0,5448,29890700873
209.834,4.76566,44.832,0,86,65,44,2760,10501,5.13785,165,16.9964,0,0,5448,29895466928
534.266,1.87173,44.832,0,86,65,44,2760,10501,5.13785,165,16.9964,0,0,5448,29897339011
506.981,1.97246,44.832,0,86,65,44,2760,10501,5.13785,165,16.9964,0,0,5448,29899311808
390.766,2.55908,44.832,0,86,65,44,2760,10501,5.13785,165,16.9964,0,0,5448,29901871154
364.386,2.74434,44.832,0,86,65,44,2760,10501,5.13785,165,16.9964,0,0,5448,29904615814
397.904,2.51317,44.832,0,86,65,44,2760,10501,5.13785,165,16.9964,0,0,5448,29907129408
346.78,2.88367,44.832,0,86,65,44,2760,10501,5.13785,165,16.9964,0,0,5448,29910013284
339.275,2.94746,44.832,0,86,65,44,2760,10501,5.13785,165,16.9964,0,0,5448,29912961056
347.961,2.87388,44.832,0,86,65,44,2760,10501,5.13785,165,16.9964,0,0,5448,29915835288
227.345,4.39861,44.832,0,86,65,44,2760,10501,5.13785,165,16.9964,0,0,5448,29920234455
458.959,2.17884,44.832,0,86,65,44,2760,10501,5.13785,165,16.9964,0,0,5448,29922413481
416.673,2.39997,44.832,0,86,65,44,2760,10501,5.13785,165,16.9964,0,0,5448,29924815754
678.638,1.47354,46.301,0,85,65,44,2760,10501,5.13629,165,16.9937,0,0,5453,29926287602
375.138,2.66569,46.301,0,85,65,44,2760,10501,5.13629,165,16.9937,0,0,5453,29928953605
361.942,2.76287,46.301,0,85,65,44,2760,10501,5.13629,165,16.9937,0,0,5453,29931717044
309.392,3.23215,46.301,0,85,65,44,2760,10501,5.13629,165,16.9937,0,0,5453,29934949518
542.394,1.84368,46.301,0,85,65,44,2760,10501,5.13629,165,16.9937,0,0,5453,29936793811
289.223,3.45754,46.301,0,85,65,44,2760,10501,5.13629,165,16.9937,0,0,5453,29940251380
345.694,2.89273,46.301,0,85,65,44,2760,10501,5.13629,165,16.9937,0,0,5453,29943144621
428.59,2.33323,46.301,0,85,65,44,2760,10501,5.13629,165,16.9937,0,0,5453,29945478171
295.432,3.38487,46.301,0,85,65,44,2760,10501,5.13629,165,16.9937,0,0,5453,29948863478
546.502,1.82982,46.301,0,85,65,44,2760,10501,5.13629,165,16.9937,0,0,5453,29950693472
365.385,2.73684,46.301,0,85,65,44,2760,10501,5.13629,165,16.9937,0,0,5453,29953430660
310.591,3.21967,46.301,0,85,65,44,2760,10501,5.13629,165,16.9937,0,0,5453,29956650644
426.1,2.34687,46.301,0,85,65,44,2760,10501,5.13629,165,16.9937,0,0,5453,29958997867
284.239,3.51817,46.301,0,85,65,44,2760,10501,5.13629,165,16.9937,0,0,5453,29962516572
266.929,3.74632,46.301,0,85,65,44,2760,10501,5.13629,165,16.9937,0,0,5453,29966263285
489.128,2.04445,46.301,0,85,65,44,2760,10501,5.13629,165,16.9937,0,0,5453,29968307873
569.388,1.75627,46.301,0,85,65,44,2760,10501,5.13629,165,16.9937,0,0,5453,29970064721
472.284,2.11737,46.301,0,85,65,44,2760,10501,5.13629,165,16.9937,0,0,5453,29972182292
281.384,3.55386,46.301,0,85,65,44,2760,10501,5.13629,165,16.9937,0,0,5453,29975736306
460.982,2.16928,46.301,0,85,65,44,2760,10501,5.13629,165,16.9937,0,0,5453,29977905899
362.827,2.75613,46.301,0,85,65,44,2760,10501,5.13629,165,16.9937,0,0,5453,29980662395
397.738,2.51422,46.301,0,85,65,44,2760,10501,5.13629,165,16.9937,0,0,5453,29983176894
368.104,2.71662,46.301,0,85,65,44,2760,10501,5.13629,165,16.9937,0,0,5453,29985893831
362.85,2.75596,46.301,0,85,65,44,2760,10501,5.13629,165,16.9937,0,0,5453,29988650107
314.759,3.17704,46.301,0,85,65,44,2760,10501,5.13629,165,16.9937,0,0,5453,29991827425
462.229,2.16343,46.301,0,85,65,44,2760,10501,5.13629,165,16.9937,0,0,5453,29993991296
335.237,2.98297,46.301,0,85,65,44,2760,10501,5.13629,165,16.9937,0,0,5453,29996974666
409.466,2.44221,46.301,0,85,65,44,2760,10501,5.13629,165,16.9937,0,0,5453,29999417085
273.975,3.64997,46.301,0,85,65,44,2760,10501,5.13629,165,16.9937,0,0,5453,30003067352
