os,cpu,gpu,ram,kernel,driver,cpuscheduler
CachyOS,AMD Ryzen 7 9800X3D 8-Core Processor,NVIDIA GeForce RTX 4090,98499656,6.17.9-2-cachyos,,performance
fps,frametime,cpu_load,cpu_power,gpu_load,cpu_temp,gpu_temp,gpu_core_clock,gpu_mem_clock,gpu_vram_used,gpu_power,ram_used,swap_used,process_rss,cpu_mhz,elapsed
403.619,2.47758,41.5502,0,86,66,44,2760,10501,5.13356,165,17.0921,0,0,5445,255804130
289.286,3.45679,41.5502,0,86,66,44,2760,10501,5.13356,165,17.0921,0,0,5445,259261256
572.542,1.7466,41.5502,0,86,66,44,2760,10501,5.13356,165,17.0921,0,0,5445,261008181
354.015,2.82474,41.5502,0,86,66,44,2760,10501,5.13356,165,17.0921,0,0,5445,263833257
385.276,2.59554,41.5502,0,86,66,44,2760,10501,5.13356,165,17.0921,0,0,5445,266429248
353.541,2.82853,41.5502,0,86,66,44,2760,10501,5.13356,165,17.0921,0,0,5445,269258026
268.48,3.72467,41.5502,0,86,66,44,2760,10501,5.13356,165,17.0921,0,0,5445,272983161
453.965,2.20282,41.5502,0,86,66,44,2760,10501,5.13356,165,17.0921,0,0,5445,275186341
276.892,3.61152,41.5502,0,86,66,44,2760,10501,5.13356,165,17.0921,0,0,5445,278798395
544.709,1.83584,41.5502,0,86,66,44,2760,10501,5.13356,165,17.0921,0,0,5445,280634457
470.319,2.12622,41.5502,0,86,66,44,2760,10501,5.13356,165,17.0921,0,0,5445,282761202
214.166,4.66927,41.5502,0,86,66,44,2760,10501,5.13356,165,17.0921,0,0,5445,287430888
1233.46,0.81073,41.5502,0,86,66,44,2760,10501,5.13356,165,17.0921,0,0,5445,288242041
386.591,2.58671,41.5502,0,86,66,44,2760,10501,5.13356,165,17.0921,0,0,5445,290829368
217.388,4.60008,41.5502,0,86,66,44,2760,10501,5.13356,165,17.0921,0,0,5445,295429552
628.712,1.59055,41.5502,0,86,66,44,2760,10501,5.13356,165,17.0921,0,0,5445,297020192
209.238,4.77924,41.5502,0,86,66,44,2760,10501,5.13356,165,17.0921,0,0,5445,301800113
468.998,2.13221,41.5502,0,86,66,44,2760,10501,5.13356,165,17.0921,0,0,5445,303932569
349.872,2.85819,41.5502,0,86,66,44,2760,10501,5.13356,165,17.0921,0,0,5445,306790993
194.892,5.13104,41.5502,0,86,66,44,2760,10501,5.13356,165,17.0921,0,0,5445,311922367
1628.84,0.613934,41.5502,0,86,66,44,2760,10501,5.13356,165,17.0921,0,0,5445,312536369
380.821,2.62591,41.5502,0,86,66,44,2760,10501,5.13356,165,17.0921,0,0,5445,315162871
253.054,3.95173,41.5502,0,86,66,44,2760,10501,5.13356,165,17.0921,0,0,5445,319114850
229.453,4.35819,41.5502,0,86,66,44,2760,10501,5.13356,165,17.0921,0,0,5445,323473689
453.185,2.2066,41.5502,0,86,66,44,2760,10501,5.13356,165,17.0921,0,0,5445,325680418
352.877,2.83385,41.5502,0,86,66,44,2760,10501,5.13356,165,17.0921,0,0,5445,328514571
446.814,2.23807,41.5502,0,86,66,44,2760,10501,5.13356,165,17.0921,0,0,5445,330752964
251.65,3.97378,41.5502,0,86,66,44,2760,10501,5.13356,165,17.0921,0,0,5445,334727136
559.801,1.78635,41.5502,0,86,66,44,2760,10501,5.13356,165,17.0921,0,0,5445,336513783
395.108,2.53095,41.5502,0,86,66,44,2760,10501,5.13356,165,17.0921,0,0,5445,339045041
369.418,2.70696,41.5502,0,86,66,44,2760,10501,5.13356,165,17.0921,0,0,5445,341752373
188.361,5.30896,41.5502,0,86,66,44,2760,10501,5.13356,165,17.0921,0,0,5445,347061763
450.316,2.22066,41.5502,0,86,66,44,2760,10501,5.13356,165,17.0921,0,0,5445,349282828
509.572,1.96243,41.5502,0,86,66,44,2760,10501,5.13356,165,17.0921,0,0,5445,351245500
260.106,3.84459,41.5502,0,86,66,44,2760,10501,5.13356,165,17.0921,0,0,5445,355090370
352.046,2.84054,41.5502,0,86,66,44,2760,10501,5.13356,165,17.0921,0,0,5445,357931370
1099.89,0.909184,41.5502,0,86,66,44,2760,10501,5.13356,165,17.0921,0,0,5445,358840775
141.573,7.06351,41.5502,0,86,66,44,2760,10501,5.13356,165,17.0921,0,0,5445,365904735
816.056,1.22541,41.5502,0,86,66,44,2760,10501,5.13356,165,17.0921,0,0,5445,367130343
297.384,3.36265,41.5502,0,86,66,44,2760,10501,5.13356,165,17.0921,0,0,5445,370493283
259.106,3.85943,41.5502,0,86,66,44,2760,10501,5.13356,165,17.0921,0,0,5445,374353279
707.027,1.41437,41.5502,0,86,66,44,2760,10501,5.13356,165,17.0921,0,0,5445,375767807
377.007,2.65247,41.5502,0,86,66,44,2760,10501,5.13356,165,17.0921,0,0,5445,378420801
479.957,2.08352,41.5502,0,86,66,44,2760,10501,5.13356,165,17.0921,0,0,5445,380504505
465.001,2.15053,41.5502,0,86,66,44,2760,10501,5.13356,165,17.0921,0,0,5445,382655347
265.64,3.76449,41.5502,0,86,66,44,2760,10501,5.13356,165,17.0921,0,0,5445,386420128
327.953,3.04922,41.5502,0,86,66,44,2760,10501,5.13356,165,17.0921,0,0,5445,389469606
337.558,2.96246,41.5502,0,86,66,44,2760,10501,5.13356,165,17.0921,0,0,5445,392432465
586.022,1.70642,41.5502,0,86,66,44,2760,10501,5.13356,165,17.0921,0,0,5445,394139321
412.662,2.42329,41.5502,0,86,66,44,2760,10501,5.13356,165,17.0921,0,0,5445,396562931
317.398,3.15061,41.5502,0,86,66,44,2760,10501,5.13356,165,17.0921,0,0,5445,399713787
317.461,3.14999,41.5502,0,86,66,44,2760,10501,5.13356,165,17.0921,0,0,5445,402864076
236.98,4.21976,41.5502,0,86,66,44,2760,10501,5.13356,165,17.0921,0,0,5445,407084238
492.673,2.02974,41.5502,0,86,66,44,2760,10501,5.13356,165,17.0921,0,0,5445,409114393
256.789,3.89425,41.5502,0,86,66,44,2760,10501,5.13356,165,17.0921,0,0,5445,413009005
1820.22,0.549384,41.5502,0,86,66,44,2760,10501,5.13356,165,17.0921,0,0,5445,413558321
214.839,4.65465,41.5502,0,86,66,44,2760,10501,5.13356,165,17.0921,0,0,5445,418213411
1245.23,0.803066,41.5502,0,86,66,44,2760,10501,5.13356,165,17.0921,0,0,5445,419016832
423.096,2.36353,41.5502,0,86,66,44,2760,10501,5.13356,165,17.0921,0,0,5445,421380748
339.67,2.94403,41.5502,0,86,66,44,2760,10501,5.13356,165,17.0921,0,0,5445,424324992
214.772,4.65609,41.5502,0,86,66,44,2760,10501,5.13356,165,17.0921,0,0,5445,428981735
876.861,1.14043,41.5502,0,86,66,44,2760,10501,5.13356,165,17.0921,0,0,5445,430122601
361.757,2.76429,41.5502,0,86,66,44,2760,10501,5.13356,165,17.0921,0,0,5445,432887367
398.478,2.50955,41.5502,0,86,66,44,2760,10501,5.13356,165,17.0921,0,0,5445,435397134
467.073,2.141,41.5502,0,86,66,44,2760,10501,5.13356,165,17.0921,0,0,5445,437538485
342.349,2.92099,41.5502,0,86,66,44,2760,10501,5.13356,165,17.0921,0,0,5445,440460007
278.054,3.59643,41.5502,0,86,66,44,2760,10501,5.13356,165,17.0921,0,0,5445,444056657
442.008,2.2624,41.5502,0,86,66,44,2760,10501,5.13356,165,17.0921,0,0,5445,446319368
514.033,1.9454,41.5502,0,86,66,44,2760,10501,5.13356,165,17.0921,0,0,5445,448265068
251.149,3.9817,41.5502,0,86,66,44,2760,10501,5.13356,165,17.0921,0,0,5445,452247106
511.122,1.95648,41.5502,0,86,66,44,2760,10501,5.13356,165,17.0921,0,0,5445,454203845
428.721,2.33252,41.5502,0,86,66,44,2760,10501,5.13356,165,17.0921,0,0,5445,456536750
444.562,2.2494,41.5502,0,86,66,44,2760,10501,5.13356,165,17.0921,0,0,5445,458786461
340.07,2.94057,41.5502,0,86,66,44,2760,10501,5.13356,165,17.0921,0,0,5445,461727406
374.784,2.66821,41.5502,0,86,66,44,2760,10501,5.13356,165,17.0921,0,0,5445,464395900
338.906,2.95067,41.5502,0,86,66,44,2760,10501,5.13356,165,17.0921,0,0,5445,467347038
299.924,3.33418,41.5502,0,86,66,44,2760,10501,5.13356,165,17.0921,0,0,5445,470681535
461.374,2.16744,41.5502,0,86,66,44,2760,10501,5.13356,165,17.0921,0,0,5445,472849262
155.041,6.44992,41.5502,0,86,66,44,2760,10501,5.13356,165,17.0921,0,0,5445,479299806
368.658,2.71254,41.5502,0,86,66,44,2760,10501,5.13356,165,17.0921,0,0,5445,482012676
974.954,1.02569,41.5502,0,86,66,44,2760,10501,5.13356,165,17.0921,0,0,5445,483038557
267.393,3.73981,41.5502,0,86,66,44,2760,10501,5.13356,165,17.0921,0,0,5445,486778798
343.487,2.91132,41.5502,0,86,66,44,2760,10501,5.13356,165,17.0921,0,0,5445,489690368
232.667,4.29799,41.5502,0,86,66,44,2760,10501,5.13356,165,17.0921,0,0,5445,493988820
296.055,3.37775,41.5502,0,86,66,44,2760,10501,5.13356,165,17.0921,0,0,5445,497366934
326.982,3.05828,41.5502,0,86,66,44,2760,10501,5.13356,165,17.0921,0,0,5445,500425527
589.062,1.69762,41.5502,0,86,66,44,2760,10501,5.13356,165,17.0921,0,0,5445,502123450
607.406,1.64634,41.5502,0,86,66,44,2760,10501,5.13356,165,17.0921,0,0,5445,503770102
354.558,2.82041,41.5502,0,86,66,44,2760,10501,5.13356,165,17.0921,0,0,5445,506590879
387.941,2.57771,41.5502,0,86,66,44,2760,10501,5.13356,165,17.0921,0,0,5445,509168812
389.38,2.56818,41.5502,0,86,66,44,2760,10501,5.13356,165,17.0921,0,0,5445,511737505
341.737,2.92622,41.5502,0,86,66,44,2760,10501,5.13356,165,17.0921,0,0,5445,514663969
383.867,2.60507,41.5502,0,86,66,44,2760,10501,5.13356,165,17.0921,0,0,5445,517269326
293.025,3.41267,41.5502,0,86,66,44,2760,10501,5.13356,165,17.0921,0,0,5445,520682364
267.028,3.74492,41.5502,0,86,66,44,2760,10501,5.13356,165,17.0921,0,0,5445,524427605
466.928,2.14166,41.5502,0,86,66,44,2760,10501,5.13356,165,17.0921,0,0,5445,526569610
313.885,3.18588,41.5502,0,86,66,44,2760,10501,5.13356,165,17.0921,0,0,5445,529755948
583.925,1.71255,41.5502,0,86,66,44,2760,10501,5.13356,165,17.0921,0,0,5445,531468698
273.812,3.65214,41.5502,0,86,66,44,2760,10501,5.13356,165,17.0921,0,0,5445,535121331
384.684,2.59954,41.5502,0,86,66,44,2760,10501,5.13356,165,17.0921,0,0,5445,537721082
606.939,1.64761,41.5502,0,86,66,44,2760,10501,5.13356,165,17.0921,0,0,5445,539369090
190.851,5.23969,41.5502,0,86,66,44,2760,10501,5.13356,165,17.0921,0,0,5445,544609209
1603,0.623829,41.5502,0,86,66,44,2760,10501,5.13356,165,17.0921,0,0,5445,545233258
407.804,2.45216,41.5502,0,86,66,44,2760,10501,5.13356,165,17.0921,0,0,5445,547685841
260.621,3.83699,41.5502,0,86,66,44,2760,10501,5.13356,165,17.0921,0,0,5445,551523115
328.301,3.04599,41.5502,0,86,66,44,2760,10501,5.13356,165,17.0921,0,0,5445,554569400
558.878,1.7893,41.5502,0,86,66,44,2760,10501,5.13356,165,17.0921,0,0,5445,556359162
355.683,2.81149,41.5502,0,86,66,44,2760,10501,5.13356,165,17.0921,0,0,5445,559171055
209.546,4.77223,41.5502,0,86,66,44,2760,10501,5.13356,165,17.0921,0,0,5445,563943639
480.338,2.08187,41.5502,0,86,66,44,2760,10501,5.13356,165,17.0921,0,0,5445,566025719
1308.69,0.764122,41.5502,0,86,66,44,2760,10501,5.13356,165,17.0921,0,0,5445,566790216
399.294,2.50442,41.5502,0,86,66,44,2760,10501,5.13356,165,17.0921,0,0,5445,569294915
475.182,2.10445,41.5502,0,86,66,44,2760,10501,5.13356,165,17.0921,0,0,5445,571399573
304.631,3.28266,41.5502,0,86,66,44,2760,10501,5.13356,165,17.0921,0,0,5445,574682616
546.077,1.83124,41.5502,0,86,66,44,2760,10501,5.13356,165,17.0921,0,0,5445,576514293
200.392,4.99022,41.5502,0,86,66,44,2760,10501,5.13356,165,17.0921,0,0,5445,581504750
988.475,1.01166,41.5502,0,86,66,44,2760,10501,5.13356,165,17.0921,0,0,5445,582516746
290.938,3.43715,41.5502,0,86,66,44,2760,10501,5.13356,165,17.0921,0,0,5445,585954179
659.65,1.51595,41.5502,0,86,66,44,2760,10501,5.13356,165,17.0921,0,0,5445,587470441
288.535,3.46579,41.5502,0,86,66,44,2760,10501,5.13356,165,17.0921,0,0,5445,590936568
462.589,2.16175,41.5502,0,86,66,44,2760,10501,5.13356,165,17.0921,0,0,5445,593098670
313.095,3.19391,41.5502,0,86,66,44,2760,10501,5.13356,165,17.0921,0,0,5445,596293104
497.686,2.0093,41.5502,0,86,66,44,2760,10501,5.13356,165,17.0921,0,0,5445,598302672
195.996,5.10215,41.5502,0,86,66,44,2760,10501,5.13356,165,17.0921,0,0,5445,603405315
433.018,2.30938,41.5502,0,86,66,44,2760,10501,5.13356,165,17.0921,0,0,5445,605714902
386.824,2.58515,41.5502,0,86,66,44,2760,10501,5.13356,165,17.0921,0,0,5445,608300374
487.862,2.04976,41.5502,0,86,66,44,2760,10501,5.13356,165,17.0921,0,0,5445,610350597
525.628,1.90249,41.5502,0,86,66,44,2760,10501,5.13356,165,17.0921,0,0,5445,612253402
366.128,2.73128,41.5502,0,86,66,44,2760,10501,5.13356,165,17.0921,0,0,5445,614984801
427.941,2.33677,41.5502,0,86,66,44,2760,10501,5.13356,165,17.0921,0,0,5445,617321890
371.443,2.69221,41.5502,0,86,66,44,2760,10501,5.13356,165,17.0921,0,0,5445,620014567
367.406,2.72178,41.5502,0,86,66,44,2760,10501,5.13356,165,17.0921,0,0,5445,622736745
376.941,2.65294,41.5502,0,86,66,44,2760,10501,5.13356,165,17.0921,0,0,5445,625389863
210.001,4.76187,41.5502,0,86,66,44,2760,10501,5.13356,165,17.0921,0,0,5445,630152235
327.553,3.05294,41.5502,0,86,66,44,2760,10501,5.13356,165,17.0921,0,0,5445,633205723
1017.83,0.982485,41.5502,0,86,66,44,2760,10501,5.13356,165,17.0921,0,0,5445,634188343
456.933,2.18851,41.5502,0,86,66,44,2760,10501,5.13356,165,17.0921,0,0,5445,636376916
379.86,2.63255,41.5502,0,86,66,44,2760,10501,5.13356,165,17.0921,0,0,5445,639009928
246.797,4.05191,41.5502,0,86,66,44,2760,10501,5.13356,165,17.0921,0,0,5445,643062219
327.467,3.05375,41.5502,0,86,66,44,2760,10501,5.13356,165,17.0921,0,0,5445,646116235
466.67,2.14284,41.5502,0,86,66,44,2760,10501,5.13356,165,17.0921,0,0,5445,648259365
482.135,2.07411,41.5502,0,86,66,44,2760,10501,5.13356,165,17.0921,0,0,5445,650333791
328.554,3.04364,41.5502,0,86,66,44,2760,10501,5.13356,165,17.0921,0,0,5445,653377710
423.998,2.3585,41.5502,0,86,66,44,2760,10501,5.13356,165,17.0921,0,0,5445,655736626
271.899,3.67784,41.5502,0,86,66,44,2760,10501,5.13356,165,17.0921,0,0,5445,659414847
271.691,3.68065,41.5502,0,86,66,44,2760,10501,5.13356,165,17.0921,0,0,5445,663095971
504.649,1.98158,41.5502,0,86,66,44,2760,10501,5.13356,165,17.0921,0,0,5445,665077855
241.034,4.14879,41.5502,0,86,66,44,2760,10501,5.13356,165,17.0921,0,0,5445,669227033
1031.57,0.969398,41.5502,0,86,66,44,2760,10501,5.13356,165,17.0921,0,0,5445,670196585
688.878,1.45164,41.5502,0,86,66,44,2760,10501,5.13356,165,17.0921,0,0,5445,671648480
226.187,4.42112,41.5502,0,86,66,44,2760,10501,5.13356,165,17.0921,0,0,5445,676070119
435.876,2.29423,41.5502,0,86,66,44,2760,10501,5.13356,165,17.0921,0,0,5445,678364629
561.77,1.78009,41.5502,0,86,66,44,2760,10501,5.13356,165,17.0921,0,0,5445,680145026
313.25,3.19234,41.5502,0,86,66,44,2760,10501,5.13356,165,17.0921,0,0,5445,683337768
238.389,4.19482,41.5502,0,86,66,44,2760,10501,5.13356,165,17.0921,0,0,5445,687532890
749.195,1.33477,41.5502,0,86,66,44,2760,10501,5.13356,165,17.0921,0,0,5445,688867897
396.953,2.51919,41.5502,0,86,66,44,2760,10501,5.13356,165,17.0921,0,0,5445,691387376
407.251,2.45549,41.5502,0,86,66,44,2760,10501,5.13356,165,17.0921,0,0,5445,693843257
403.383,2.47904,41.5502,0,86,66,44,2760,10501,5.13356,165,17.0921,0,0,5445,696322561
369.878,2.70359,41.5502,0,86,66,44,2760,10501,5.13356,165,17.0921,0,0,5445,699026480
200.448,4.98883,41.5502,0,86,66,44,2760,10501,5.13356,165,17.0921,0,0,5445,704015734
1317.78,0.758852,41.5502,0,86,66,44,2760,10501,5.13356,165,17.0921,0,0,5445,704774760
402.202,2.48632,41.5502,0,86,66,44,2760,10501,5.13356,165,17.0921,0,0,5445,707261411
463.759,2.15629,41.5502,0,86,66,44,2760,10501,5.13356,165,17.0921,0,0,5445,709417993
204.065,4.90041,41.5502,0,86,66,44,2760,10501,5.13356,165,17.0921,0,0,5445,714318726
471.389,2.12139,41.5502,0,86,66,44,2760,10501,5.13356,165,17.0921,0,0,5445,716440634
552.415,1.81023,41.5502,0,86,66,44,2760,10501,5.13356,165,17.0921,0,0,5445,718251041
406.017,2.46295,41.5502,0,86,66,44,2760,10501,5.13356,165,17.0921,0,0,5445,720714258
275.933,3.62407,41.5502,0,86,66,44,2760,10501,5.13356,165,17.0921,0,0,5445,724338659
635.256,1.57417,41.5502,0,86,66,44,2760,10501,5.13356,165,17.0921,0,0,5445,725913126
250.829,3.98678,41.5502,0,86,66,44,2760,10501,5.13356,165,17.0921,0,0,5445,729900241
561.333,1.78147,41.5502,0,86,66,44,2760,10501,5.13356,165,17.0921,0,0,5445,731682022
369.61,2.70555,41.5502,0,86,66,44,2760,10501,5.13356,165,17.0921,0,0,5445,734387883
562.277,1.77848,41.5502,0,86,66,44,2760,10501,5.13356,165,17.0921,0,0,5445,736166664
206.009,4.85415,41.5502,0,86,66,44,2760,10501,5.13356,165,17.0921,0,0,5445,741021375
699.757,1.42907,41.5502,0,86,66,44,2760,10501,5.13356,165,17.0921,0,0,5445,742450587
377.268,2.65064,41.5502,0,86,66,44,2760,10501,5.13356,165,17.0921,0,0,5445,745101571
256.549,3.89789,41.5502,0,86,66,44,2760,10501,5.13356,165,17.0921,0,0,5445,748999817
1087.74,0.919339,41.5502,0,86,66,44,2760,10501,5.13356,165,17.0921,0,0,5445,749919598
304.191,3.28741,41.5502,0,86,66,44,2760,10501,5.13356,165,17.0921,0,0,5445,753209373
464.787,2.15153,50.6477,0,85,66,44,2760,10501,5.13512,163,16.9148,0,0,5432,755359157
448.568,2.22932,50.6477,0,85,66,44,2760,10501,5.13512,163,16.9148,0,0,5432,757588713
331.284,3.01855,50.6477,0,85,66,44,2760,10501,5.13512,163,16.9148,0,0,5432,760607584
441.886,2.26303,50.6477,0,85,66,44,2760,10501,5.13512,163,16.9148,0,0,5432,762870910
348.091,2.87281,50.6477,0,85,66,44,2760,10501,5.13512,163,16.9148,0,0,5432,765744016
399.392,2.5038,50.6477,0,85,66,44,2760,10501,5.13512,163,16.9148,0,0,5432,768248139
378.873,2.63941,50.6477,0,85,66,44,2760,10501,5.13512,163,16.9148,0,0,5432,770887843
338.772,2.95184,50.6477,0,85,66,44,2760,10501,5.13512,163,16.9148,0,0,5432,773839991
361.752,2.76432,50.6477,0,85,66,44,2760,10501,5.13512,163,16.9148,0,0,5432,776604603
413.203,2.42012,50.6477,0,85,66,44,2760,10501,5.13512,163,16.9148,0,0,5432,779025223
377.457,2.64931,50.6477,0,85,66,44,2760,10501,5.13512,163,16.9148,0,0,5432,781674688
334.735,2.98744,50.6477,0,85,66,44,2760,10501,5.13512,163,16.9148,0,0,5432,784662471
297.908,3.35674,50.6477,0,85,66,44,2760,10501,5.13512,163,16.9148,0,0,5432,788019555
700.837,1.42687,50.6477,0,85,66,44,2760,10501,5.13512,163,16.9148,0,0,5432,789446834
278.298,3.59328,50.6477,0,85,66,44,2760,10501,5.13512,163,16.9148,0,0,5432,793040369
426.068,2.34704,50.6477,0,85,66,44,2760,10501,5.13512,163,16.9148,0,0,5432,795387804
375.372,2.66402,50.6477,0,85,66,44,2760,10501,5.13512,163,16.9148,0,0,5432,798052163
333.414,2.99927,50.6477,0,85,66,44,2760,10501,5.13512,163,16.9148,0,0,5432,801051773
467.69,2.13817,50.6477,0,85,66,44,2760,10501,5.13512,163,16.9148,0,0,5432,803190297
352.779,2.83463,50.6477,0,85,66,44,2760,10501,5.13512,163,16.9148,0,0,5432,806025229
358.186,2.79184,50.6477,0,85,66,44,2760,10501,5.13512,163,16.9148,0,0,5432,808817410
409.042,2.44474,50.6477,0,85,66,44,2760,10501,5.13512,163,16.9148,0,0,5432,811262512
396.723,2.52065,50.6477,0,85,66,44,2760,10501,5.13512,163,16.9148,0,0,5432,813783472
398.539,2.50916,50.6477,0,85,66,44,2760,10501,5.13512,163,16.9148,0,0,5432,816293152
272.006,3.67639,50.6477,0,85,66,44,2760,10501,5.13512,163,16.9148,0,0,5432,819969863
387.955,2.57762,50.6477,0,85,66,44,2760,10501,5.13512,163,16.9148,0,0,5432,822547652
274.809,3.63889,50.6477,0,85,66,44,2760,10501,5.13512,163,16.9148,0,0,5432,826186899
566.035,1.76667,50.6477,0,85,66,44,2760,10501,5.13512,163,16.9148,0,0,5432,827954065
570.848,1.75178,50.6477,0,85,66,44,2760,10501,5.13512,163,16.9148,0,0,5432,829706085
218.282,4.58122,50.6477,0,85,66,44,2760,10501,5.13512,163,16.9148,0,0,5432,834287884
681.555,1.46723,50.6477,0,85,66,44,2760,10501,5.13512,163,16.9148,0,0,5432,835755231
311.024,3.21518,50.6477,0,85,66,44,2760,10501,5.13512,163,16.9148,0,0,5432,838970907
583.251,1.71453,50.6477,0,85,66,44,2760,10501,5.13512,163,16.9148,0,0,5432,840685638
328.63,3.04294,50.6477,0,85,66,44,2760,10501,5.13512,163,16.9148,0,0,5432,843728904
388.833,2.5718,50.6477,0,85,66,44,2760,10501,5.13512,163,16.9148,0,0,5432,846301164
352.646,2.8357,50.6477,0,85,66,44,2760,10501,5.13512,163,16.9148,0,0,5432,849137067
321.039,3.11488,50.6477,0,85,66,44,2760,10501,5.13512,163,16.9148,0,0,5432,852252431
486.326,2.05623,50.6477,0,85,66,44,2760,10501,5.13512,163,16.9148,0,0,5432,854308876
266.364,3.75426,50.6477,0,85,66,44,2760,10501,5.13512,163,16.9148,0,0,5432,858063483
626.78,1.59546,50.6477,0,85,66,44,2760,10501,5.13512,163,16.9148,0,0,5432,859659258
410.875,2.43383,50.6477,0,85,66,44,2760,10501,5.13512,163,16.9148,0,0,5432,862093407
365.382,2.73686,50.6477,0,85,66,44,2760,10501,5.13512,163,16.9148,0,0,5432,864830586
351.408,2.84569,50.6477,0,85,66,44,2760,10501,5.13512,163,16.9148,0,0,5432,867676595
365.67,2.73471,50.6477,0,85,66,44,2760,10501,5.13512,163,16.9148,0,0,5432,870411716
349.128,2.86428,50.6477,0,85,66,44,2760,10501,5.13512,163,16.9148,0,0,5432,873276294
296.168,3.37646,50.6477,0,85,66,44,2760,10501,5.13512,163,16.9148,0,0,5432,876653109
534.953,1.86932,50.6477,0,85,66,44,2760,10501,5.13512,163,16.9148,0,0,5432,878522740
383.283,2.60904,50.6477,0,85,66,44,2760,10501,5.13512,163,16.9148,0,0,5432,881132126
350.328,2.85447,50.6477,0,85,66,44,2760,10501,5.13512,163,16.9148,0,0,5432,883986876
401.765,2.48902,50.6477,0,85,66,44,2760,10501,5.13512,163,16.9148,0,0,5432,886476239
366.086,2.7316,50.6477,0,85,66,44,2760,10501,5.13512,163,16.9148,0,0,5432,889208273
320.659,3.11858,50.6477,0,85,66,44,2760,10501,5.13512,163,16.9148,0,0,5432,892327330
390.75,2.55918,50.6477,0,85,66,44,2760,10501,5.13512,163,16.9148,0,0,5432,894886820
447.495,2.23466,50.6477,0,85,66,44,2760,10501,5.13512,163,16.9148,0,0,5432,897121693
394.283,2.53625,50.6477,0,85,66,44,2760,10501,5.13512,163,16.9148,0,0,5432,899658115
238.774,4.18806,50.6477,0,85,66,44,2760,10501,5.13512,163,16.9148,0,0,5432,903846487
673.522,1.48473,50.6477,0,85,66,44,2760,10501,5.13512,163,16.9148,0,0,5432,905331547
381.752,2.6195,50.6477,0,85,66,44,2760,10501,5.13512,163,16.9148,0,0,5432,907951289
362.793,2.75639,50.6477,0,85,66,44,2760,10501,5.13512,163,16.9148,0,0,5432,910708036
201.882,4.95338,50.6477,0,85,66,44,2760,10501,5.13512,163,16.9148,0,0,5432,915661953
1993.65,0.501593,50.6477,0,85,66,44,2760,10501,5.13512,163,16.9148,0,0,5432,916163566
445.62,2.24407,50.6477,0,85,66,44,2760,10501,5.13512,163,16.9148,0,0,5432,918408007
328.286,3.04612,50.6477,0,85,66,44,2760,10501,5.13512,163,16.9148,0,0,5432,921454437
370.148,2.70162,50.6477,0,85,66,44,2760,10501,5.13512,163,16.9148,0,0,5432,924156403
331.039,3.02079,50.6477,0,85,66,44,2760,10501,5.13512,163,16.9148,0,0,5432,927177697
355.575,2.81235,50.6477,0,85,66,44,2760,10501,5.13512,163,16.9148,0,0,5432,929990253
237.322,4.21369,50.6477,0,85,66,44,2760,10501,5.13512,163,16.9148,0,0,5432,934204462
413.882,2.41615,50.6477,0,85,66,44,2760,10501,5.13512,163,16.9148,0,0,5432,936620928
576.912,1.73337,50.6477,0,85,66,44,2760,10501,5.13512,163,16.9148,0,0,5432,938354631
258.197,3.87301,50.6477,0,85,66,44,2760,10501,5.13512,163,16.9148,0,0,5432,942228012
767.36,1.30317,50.6477,0,85,66,44,2760,10501,5.13512,163,16.9148,0,0,5432,943531238
404.43,2.47261,50.6477,0,85,66,44,2760,10501,5.13512,163,16.9148,0,0,5432,946004225
421.25,2.37389,50.6477,0,85,66,44,2760,10501,5.13512,163,16.9148,0,0,5432,948378690
274.813,3.63883,50.6477,0,85,66,44,2760,10501,5.13512,163,16.9148,0,0,5432,952018120
333.475,2.99873,50.6477,0,85,66,44,2760,10501,5.13512,163,16.9148,0,0,5432,955016808
522.593,1.91354,50.6477,0,85,66,44,2760,10501,5.13512,163,16.9148,0,0,5432,956930699
357.405,2.79795,50.6477,0,85,66,44,2760,10501,5.13512,163,16.9148,0,0,5432,959729044
478.611,2.08938,50.6477,0,85,66,44,2760,10501,5.13512,163,16.9148,0,0,5432,961818681
335.949,2.97664,50.6477,0,85,66,44,2760,10501,5.13512,163,16.9148,0,0,5432,964795637
308.086,3.24585,50.6477,0,85,66,44,2760,10501,5.13512,163,16.9148,0,0,5432,968041766
469.057,2.13194,50.6477,0,85,66,44,2760,10501,5.13512,163,16.9148,0,0,5432,970174021
211.008,4.73915,50.6477,0,85,66,44,2760,10501,5.13512,163,16.9148,0,0,5432,974913690
1264.64,0.790738,50.6477,0,85,66,44,2760,10501,5.13512,163,16.9148,0,0,5432,975704707
362.517,2.75849,50.6477,0,85,66,44,2760,10501,5.13512,163,16.9148,0,0,5432,978463473
478.563,2.08959,50.6477,0,85,66,44,2760,10501,5.13512,163,16.9148,0,0,5432,980553505
336.223,2.97422,50.6477,0,85,66,44,2760,10501,5.13512,163,16.9148,0,0,5432,983527990
384.852,2.5984,50.6477,0,85,66,44,2760,10501,5.13512,163,16.9148,0,0,5432,986126693
394.007,2.53803,50.6477,0,85,66,44,2760,10501,5.13512,163,16.9148,0,0,5432,988665048
394.125,2.53727,50.6477,0,85,66,44,2760,10501,5.13512,163,16.9148,0,0,5432,991202652
327.369,3.05466,50.6477,0,85,66,44,2760,10501,5.13512,163,16.9148,0,0,5432,994257765
405.072,2.4687,50.6477,0,85,66,44,2760,10501,5.13512,163,16.9148,0,0,5432,996726963
365.408,2.73667,50.6477,0,85,66,44,2760,10501,5.13512,163,16.9148,0,0,5432,999463854
358.15,2.79212,50.6477,0,85,66,44,2760,10501,5.13512,163,16.9148,0,0,5432,1002256352
361.085,2.76943,50.6477,0,85,66,44,2760,10501,5.13512,163,16.9148,0,0,5432,1005026032
212.02,4.71653,50.6477,0,85,66,44,2760,10501,5.13512,163,16.9148,0,0,5432,1009742931
442.851,2.2581,50.6477,0,85,66,44,2760,10501,5.13512,163,16.9148,0,0,5432,1012001459
625.306,1.59922,50.6477,0,85,66,44,2760,10501,5.13512,163,16.9148,0,0,5432,1013600994
362.346,2.75979,50.6477,0,85,66,44,2760,10501,5.13512,163,16.9148,0,0,5432,1016360990
396.467,2.52228,50.6477,0,85,66,44,2760,10501,5.13512,163,16.9148,0,0,5432,1018883556
338.079,2.95789,50.6477,0,85,66,44,2760,10501,5.13512,163,16.9148,0,0,5432,1021842021
363.328,2.75233,50.6477,0,85,66,44,2760,10501,5.13512,163,16.9148,0,0,5432,1024594556
412.372,2.42499,50.6477,0,85,66,44,2760,10501,5.13512,163,16.9148,0,0,5432,1027019840
305.129,3.2773,50.6477,0,85,66,44,2760,10501,5.13512,163,16.9148,0,0,5432,1030297460
336.851,2.96867,50.6477,0,85,66,44,2760,10501,5.13512,163,16.9148,0,0,5432,1033266454
236.372,4.23061,50.6477,0,85,66,44,2760,10501,5.13512,163,16.9148,0,0,5432,1037497405
685.211,1.4594,50.6477,0,85,66,44,2760,10501,5.13512,163,16.9148,0,0,5432,1038957358
483.871,2.06666,50.6477,0,85,66,44,2760,10501,5.13512,163,16.9148,0,0,5432,1041024216
326.962,3.05846,50.6477,0,85,66,44,2760,10501,5.13512,163,16.9148,0,0,5432,1044082982
475.458,2.10323,50.6477,0,85,66,44,2760,10501,5.13512,163,16.9148,0,0,5432,1046186476
347.703,2.87602,50.6477,0,85,66,44,2760,10501,5.13512,163,16.9148,0,0,5432,1049063035
390.077,2.5636,50.6477,0,85,66,44,2760,10501,5.13512,163,16.9148,0,0,5432,1051626967
320.765,3.11755,50.6477,0,85,66,44,2760,10501,5.13512,163,16.9148,0,0,5432,1054744890
515.255,1.94079,50.6477,0,85,66,44,2760,10501,5.13512,163,16.9148,0,0,5432,1056685869
226.486,4.41529,50.6477,0,85,66,44,2760,10501,5.13512,163,16.9148,0,0,5432,1061101681
333.764,2.99613,50.6477,0,85,66,44,2760,10501,5.13512,163,16.9148,0,0,5432,1064097955
603.792,1.6562,50.6477,0,85,66,44,2760,10501,5.13512,163,16.9148,0,0,5432,1065754463
486.142,2.05701,50.6477,0,85,66,44,2760,10501,5.13512,163,16.9148,0,0,5432,1067811801
384.839,2.59849,50.6477,0,85,66,44,2760,10501,5.13512,163,16.9148,0,0,5432,1070410600
349.491,2.86131,50.6477,0,85,66,44,2760,10501,5.13512,163,16.9148,0,0,5432,1073272197
417.229,2.39676,50.6477,0,85,66,44,2760,10501,5.13512,163,16.9148,0,0,5432,1075669191
347.882,2.87454,50.6477,0,85,66,44,2760,10501,5.13512,163,16.9148,0,0,5432,1078544134
313.162,3.19323,50.6477,0,85,66,44,2760,10501,5.13512,163,16.9148,0,0,5432,1081737838
516.642,1.93558,50.6477,0,85,66,44,2760,10501,5.13512,163,16.9148,0,0,5432,1083673528
314.913,3.17548,50.6477,0,85,66,44,2760,10501,5.13512,163,16.9148,0,0,5432,1086849337
387.003,2.58396,50.6477,0,85,66,44,2760,10501,5.13512,163,16.9148,0,0,5432,1089433645
364.647,2.74238,50.6477,0,85,66,44,2760,10501,5.13512,163,16.9148,0,0,5432,1092176391
302.966,3.3007,50.6477,0,85,66,44,2760,10501,5.13512,163,16.9148,0,0,5432,1095477397
380.746,2.62643,50.6477,0,85,66,44,2760,10501,5.13512,163,16.9148,0,0,5432,1098104389
522.498,1.91388,50.6477,0,85,66,44,2760,10501,5.13512,163,16.9148,0,0,5432,1100018367
464.274,2.1539,50.6477,0,85,66,44,2760,10501,5.13512,163,16.9148,0,0,5432,1102172440
299.245,3.34174,50.6477,0,85,66,44,2760,10501,5.13512,163,16.9148,0,0,5432,1105514543
477.221,2.09546,50.6477,0,85,66,44,2760,10501,5.13512,163,16.9148,0,0,5432,1107610469
394.699,2.53358,50.6477,0,85,66,44,2760,10501,5.13512,163,16.9148,0,0,5432,1110144343
327.069,3.05746,50.6477,0,85,66,44,2760,10501,5.13512,163,16.9148,0,0,5432,1113202062
380.467,2.62835,50.6477,0,85,66,44,2760,10501,5.13512,163,16.9148,0,0,5432,1115830746
279.082,3.58318,50.6477,0,85,66,44,2760,10501,5.13512,163,16.9148,0,0,5432,1119414386
683.976,1.46204,50.6477,0,85,66,44,2760,10501,5.13512,163,16.9148,0,0,5432,1120876657
295.122,3.38843,50.6477,0,85,66,44,2760,10501,5.13512,163,16.9148,0,0,5432,1124265396
448.878,2.22778,50.6477,0,85,66,44,2760,10501,5.13512,163,16.9148,0,0,5432,1126493711
482.995,2.07042,50.6477,0,85,66,44,2760,10501,5.13512,163,16.9148,0,0,5432,1128564262
268.964,3.71797,50.6477,0,85,66,44,2760,10501,5.13512,163,16.9148,0,0,5432,1132282628
573.043,1.74507,50.6477,0,85,66,44,2760,10501,5.13512,163,16.9148,0,0,5432,1134028110
393.923,2.53857,50.6477,0,85,66,44,2760,10501,5.13512,163,16.9148,0,0,5432,1136566897
373.9,2.67451,50.6477,0,85,66,44,2760,10501,5.13512,163,16.9148,0,0,5432,1139241747
290.945,3.43708,50.6477,0,85,66,44,2760,10501,5.13512,163,16.9148,0,0,5432,1142679257
230.961,4.32973,50.6477,0,85,66,44,2760,10501,5.13512,163,16.9148,0,0,5432,1147009451
343.731,2.90925,50.6477,0,85,66,44,2760,10501,5.13512,163,16.9148,0,0,5432,1149919097
524.208,1.90764,50.6477,0,85,66,44,2760,10501,5.13512,163,16.9148,0,0,5432,1151826940
1288.9,0.775853,50.6477,0,85,66,44,2760,10501,5.13512,163,16.9148,0,0,5432,1152603053
266.213,3.75639,50.6477,0,85,66,44,2760,10501,5.13512,163,16.9148,0,0,5432,1156359747
588.582,1.699,50.6477,0,85,66,44,2760,10501,5.13512,163,16.9148,0,0,5432,1158059140
368.557,2.71328,50.6477,0,85,66,44,2760,10501,5.13512,163,16.9148,0,0,5432,1160772703
329.05,3.03906,50.6477,0,85,66,44,2760,10501,5.13512,163,16.9148,0,0,5432,1163812373
466.907,2.14176,50.6477,0,85,66,44,2760,10501,5.13512,163,16.9148,0,0,5432,1165954118
374.839,2.66781,50.6477,0,85,66,44,2760,10501,5.13512,163,16.9148,0,0,5432,1168622246
232.239,4.30591,50.6477,0,85,66,44,2760,10501,5.13512,163,16.9148,0,0,5432,1172928661
236.986,4.21966,50.6477,0,85,66,44,2760,10501,5.13512,163,16.9148,0,0,5432,1177148524
528.841,1.89093,50.6477,0,85,66,44,2760,10501,5.13512,163,16.9148,0,0,5432,1179039761
523.403,1.91057,50.6477,0,85,66,44,2760,10501,5.13512,163,16.9148,0,0,5432,1180950643
417.219,2.39682,50.6477,0,85,66,44,2760,10501,5.13512,163,16.9148,0,0,5432,1183347772
347.45,2.87812,50.6477,0,85,66,44,2760,10501,5.13512,163,16.9148,0,0,5432,1186226186
436.991,2.28837,50.6477,0,85,66,44,2760,10501,5.13512,163,16.9148,0,0,5432,1188514878
343.08,2.91477,50.6477,0,85,66,44,2760,10501,5.13512,163,16.9148,0,0,5432,1191429957
399.655,2.50216,50.6477,0,85,66,44,2760,10501,5.13512,163,16.9148,0,0,5432,1193932522
437.843,2.28392,50.6477,0,85,66,44,2760,10501,5.13512,163,16.9148,0,0,5432,1196216782
262.416,3.81074,50.6477,0,85,66,44,2760,10501,5.13512,163,16.9148,0,0,5432,1200027930
524.036,1.90827,50.6477,0,85,66,44,2760,10501,5.13512,163,16.9148,0,0,5432,1201936561
366.337,2.72973,50.6477,0,85,66,44,2760,10501,5.13512,163,16.9148,0,0,5432,1204666471
386.433,2.58777,50.6477,0,85,66,44,2760,10501,5.13512,163,16.9148,0,0,5432,1207254539
315.882,3.16574,50.6477,0,85,66,44,2760,10501,5.13512,163,16.9148,0,0,5432,1210420645
556.506,1.79693,50.6477,0,85,66,44,2760,10501,5.13512,163,16.9148,0,0,5432,1212218014
189.45,5.27844,50.6477,0,85,66,44,2760,10501,5.13512,163,16.9148,0,0,5432,1217496913
742.795,1.34627,50.6477,0,85,66,44,2760,10501,5.13512,163,16.9148,0,0,5432,1218843516
304.106,3.28832,50.6477,0,85,66,44,2760,10501,5.13512,163,16.9148,0,0,5432,1222132030
538.114,1.85834,50.6477,0,85,66,44,2760,10501,5.13512,163,16.9148,0,0,5432,1223990391
219.401,4.55787,50.6477,0,85,66,44,2760,10501,5.13512,163,16.9148,0,0,5432,1228548670
682.974,1.46418,50.6477,0,85,66,44,2760,10501,5.13512,163,16.9148,0,0,5432,1230013171
767.905,1.30225,50.6477,0,85,66,44,2760,10501,5.13512,163,16.9148,0,0,5432,1231315878
258.499,3.86849,50.6477,0,85,66,44,2760,10501,5.13512,163,16.9148,0,0,5432,1235184605
482.361,2.07314,50.6477,0,85,66,44,2760,10501,5.13512,163,16.9148,0,0,5432,1237258088
325.055,3.0764,50.6477,0,85,66,44,2760,10501,5.13512,163,16.9148,0,0,5432,1240334923
492.884,2.02888,50.6477,0,85,66,44,2760,10501,5.13512,163,16.9148,0,0,5432,1242364029
324.865,3.0782,50.6477,0,85,66,44,2760,10501,5.13512,163,16.9148,0,0,5432,1245442518
262.764,3.8057,50.6477,0,85,66,44,2760,10501,5.13512,163,16.9148,0,0,5432,1249248675
1011.43,0.988697,50.6477,0,85,66,44,2760,10501,5.13512,163,16.9148,0,0,5432,1250237622
273.802,3.65228,50.6477,0,85,66,44,2760,10501,5.13512,163,16.9148,0,0,5432,1253891956
651.778,1.53426,45.2472,0,83,66,44,2760,10501,5.13278,160,16.9152,0,0,5427,1255424960
299.603,3.33775,45.2472,0,83,66,44,2760,10501,5.13278,160,16.9152,0,0,5427,1258762928
505.021,1.98012,45.2472,0,83,66,44,2760,10501,5.13278,160,16.9152,0,0,5427,1260743312
312.922,3.19568,45.2472,0,83,66,44,2760,10501,5.13278,160,16.9152,0,0,5427,1263939333
293.399,3.40833,45.2472,0,83,66,44,2760,10501,5.13278,160,16.9152,0,0,5427,1267348064
562.447,1.77794,45.2472,0,83,66,44,2760,10501,5.13278,160,16.9152,0,0,5427,1269126297
369.348,2.70748,45.2472,0,83,66,44,2760,10501,5.13278,160,16.9152,0,0,5427,1271834176
197.976,5.05111,45.2472,0,83,66,44,2760,10501,5.13278,160,16.9152,0,0,5427,1276885904
1058.36,0.944859,45.2472,0,83,66,44,2760,10501,5.13278,160,16.9152,0,0,5427,1277830965
315.171,3.17288,45.2472,0,83,66,44,2760,10501,5.13278,160,16.9152,0,0,5427,1281004418
332.432,3.00813,45.2472,0,83,66,44,2760,10501,5.13278,160,16.9152,0,0,5427,1284012991
716.718,1.39525,45.2472,0,83,66,44,2760,10501,5.13278,160,16.9152,0,0,5427,1285408470
462.388,2.16269,45.2472,0,83,66,44,2760,10501,5.13278,160,16.9152,0,0,5427,1287571611
280.602,3.56376,45.2472,0,83,66,44,2760,10501,5.13278,160,16.9152,0,0,5427,1291135711
556.066,1.79835,45.2472,0,83,66,44,2760,10501,5.13278,160,16.9152,0,0,5427,1292934282
379.986,2.63168,45.2472,0,83,66,44,2760,10501,5.13278,160,16.9152,0,0,5427,1295566293
391.749,2.55265,45.2472,0,83,66,44,2760,10501,5.13278,160,16.9152,0,0,5427,1298119360
256.799,3.89409,45.2472,0,83,66,44,2760,10501,5.13278,160,16.9152,0,0,5427,1302013703
446.159,2.24135,45.2472,0,83,66,44,2760,10501,5.13278,160,16.9152,0,0,5427,1304255471
304.468,3.28442,45.2472,0,83,66,44,2760,10501,5.13278,160,16.9152,0,0,5427,1307540216
614.165,1.62823,45.2472,0,83,66,44,2760,10501,5.13278,160,16.9152,0,0,5427,1309168752
242.985,4.11548,45.2472,0,83,66,44,2760,10501,5.13278,160,16.9152,0,0,5427,1313284621
450.361,2.22044,45.2472,0,83,66,44,2760,10501,5.13278,160,16.9152,0,0,5427,1315505398
512.018,1.95306,45.2472,0,83,66,44,2760,10501,5.13278,160,16.9152,0,0,5427,1317458791
452.519,2.20985,45.2472,0,83,66,44,2760,10501,5.13278,160,16.9152,0,0,5427,1319668865
401.107,2.4931,45.2472,0,83,66,44,2760,10501,5.13278,160,16.9152,0,0,5427,1322162344
298.128,3.35427,45.2472,0,83,66,44,2760,10501,5.13278,160,16.9152,0,0,5427,1325516851
494.329,2.02294,45.2472,0,83,66,44,2760,10501,5.13278,160,16.9152,0,0,5427,1327540063
293.117,3.41161,45.2472,0,83,66,44,2760,10501,5.13278,160,16.9152,0,0,5427,1330952015
242.684,4.12058,45.2472,0,83,66,44,2760,10501,5.13278,160,16.9152,0,0,5427,1335072932
667.633,1.49783,45.2472,0,83,66,44,2760,10501,5.13278,160,16.9152,0,0,5427,1336571069
242.246,4.12804,45.2472,0,83,66,44,2760,10501,5.13278,160,16.9152,0,0,5427,1340699670
1589.87,0.628982,45.2472,0,83,66,44,2760,10501,5.13278,160,16.9152,0,0,5427,1341328826
488.315,2.04786,45.2472,0,83,66,44,2760,10501,5.13278,160,16.9152,0,0,5427,1343376991
348.265,2.87138,45.2472,0,83,66,44,2760,10501,5.13278,160,16.9152,0,0,5427,1346248694
210.197,4.75744,45.2472,0,83,66,44,2760,10501,5.13278,160,16.9152,0,0,5427,1351006431
557.592,1.79343,45.2472,0,83,66,44,2760,10501,5.13278,160,16.9152,0,0,5427,1352800280
577.242,1.73238,45.2472,0,83,66,44,2760,10501,5.13278,160,16.9152,0,0,5427,1354532925
218.603,4.57451,45.2472,0,83,66,44,2760,10501,5.13278,160,16.9152,0,0,5427,1359107742
425.354,2.35098,45.2472,0,83,66,44,2760,10501,5.13278,160,16.9152,0,0,5427,1361459197
571.944,1.74842,45.2472,0,83,66,44,2760,10501,5.13278,160,16.9152,0,0,5427,1363207929
448.066,2.23182,45.2472,0,83,66,44,2760,10501,5.13278,160,16.9152,0,0,5427,1365440244
337.026,2.96713,45.2472,0,83,66,44,2760,10501,5.13278,160,16.9152,0,0,5427,1368407527
349.928,2.85773,45.2472,0,83,66,44,2760,10501,5.13278,160,16.9152,0,0,5427,1371265508
414.17,2.41447,45.2472,0,83,66,44,2760,10501,5.13278,160,16.9152,0,0,5427,1373680243
375.571,2.66261,45.2472,0,83,66,44,2760,10501,5.13278,160,16.9152,0,0,5427,1376343381
410.023,2.43889,45.2472,0,83,66,44,2760,10501,5.13278,160,16.9152,0,0,5427,1378782309
303.811,3.29152,45.2472,0,83,66,44,2760,10501,5.13278,160,16.9152,0,0,5427,1382074209
271.45,3.68392,45.2472,0,83,66,44,2760,10501,5.13278,160,16.9152,0,0,5427,1385758515
400.45,2.49719,45.2472,0,83,66,44,2760,10501,5.13278,160,16.9152,0,0,5427,1388256109
552.01,1.81156,45.2472,0,83,66,44,2760,10501,5.13278,160,16.9152,0,0,5427,1390067930
412.511,2.42418,45.2472,0,83,66,44,2760,10501,5.13278,160,16.9152,0,0,5427,1392492367
347.852,2.87479,45.2472,0,83,66,44,2760,10501,5.13278,160,16.9152,0,0,5427,1395367416
451.152,2.21655,45.2472,0,83,66,44,2760,10501,5.13278,160,16.9152,0,0,5427,1397584308
316.851,3.15606,45.2472,0,83,66,44,2760,10501,5.13278,160,16.9152,0,0,5427,1400740713
392.321,2.54893,45.2472,0,83,66,44,2760,10501,5.13278,160,16.9152,0,0,5427,1403290039
401.888,2.48826,45.2472,0,83,66,44,2760,10501,5.13278,160,16.9152,0,0,5427,1405778796
328.073,3.0481,45.2472,0,83,66,44,2760,10501,5.13278,160,16.9152,0,0,5427,1408827072
409.216,2.4437,45.2472,0,83,66,44,2760,10501,5.13278,160,16.9152,0,0,5427,1411271077
221.444,4.51581,45.2472,0,83,66,44,2760,10501,5.13278,160,16.9152,0,0,5427,1415787402
580.925,1.72139,45.2472,0,83,66,44,2760,10501,5.13278,160,16.9152,0,0,5427,1417509239
261.88,3.81854,45.2472,0,83,66,44,2760,10501,5.13278,160,16.9152,0,0,5427,1421328281
1094.22,0.913897,45.2472,0,83,66,44,2760,10501,5.13278,160,16.9152,0,0,5427,1422241928
349.441,2.86171,45.2472,0,83,66,44,2760,10501,5.13278,160,16.9152,0,0,5427,1425103928
409.354,2.44287,45.2472,0,83,66,44,2760,10501,5.13278,160,16.9152,0,0,5427,1427547174
371.155,2.69429,45.2472,0,83,66,44,2760,10501,5.13278,160,16.9152,0,0,5427,1430241765
353.952,2.82524,45.2472,0,83,66,44,2760,10501,5.13278,160,16.9152,0,0,5427,1433067321
335.842,2.97759,45.2472,0,83,66,44,2760,10501,5.13278,160,16.9152,0,0,5427,1436045200
486.708,2.05462,45.2472,0,83,66,44,2760,10501,5.13278,160,16.9152,0,0,5427,1438100154
159.513,6.26908,45.2472,0,83,66,44,2760,10501,5.13278,160,16.9152,0,0,5427,1444369673
1160.17,0.861943,45.2472,0,83,66,44,2760,10501,5.13278,160,16.9152,0,0,5427,1445231847
655.509,1.52553,45.2472,0,83,66,44,2760,10501,5.13278,160,16.9152,0,0,5427,1446757860
405.174,2.46807,45.2472,0,83,66,44,2760,10501,5.13278,160,16.9152,0,0,5427,1449226231
295.839,3.38022,45.2472,0,83,66,44,2760,10501,5.13278,160,16.9152,0,0,5427,1452606778
360.134,2.77675,45.2472,0,83,66,44,2760,10501,5.13278,160,16.9152,0,0,5427,1455383785
455.833,2.19379,45.2472,0,83,66,44,2760,10501,5.13278,160,16.9152,0,0,5427,1457577916
377.999,2.64551,45.2472,0,83,66,44,2760,10501,5.13278,160,16.9152,0,0,5427,1460223736
339.056,2.94937,45.2472,0,83,66,44,2760,10501,5.13278,160,16.9152,0,0,5427,1463173432
207.78,4.81279,45.2472,0,83,66,44,2760,10501,5.13278,160,16.9152,0,0,5427,1467986806
409.013,2.44491,45.2472,0,83,66,44,2760,10501,5.13278,160,16.9152,0,0,5427,1470431965
564.422,1.77172,45.2472,0,83,66,44,2760,10501,5.13278,160,16.9152,0,0,5427,1472204159
618.221,1.61755,45.2472,0,83,66,44,2760,10501,5.13278,160,16.9152,0,0,5427,1473822031
434.071,2.30377,45.2472,0,83,66,44,2760,10501,5.13278,160,16.9152,0,0,5427,1476126118
344.256,2.90482,45.2472,0,83,66,44,2760,10501,5.13278,160,16.9152,0,0,5427,1479031284
324.957,3.07733,45.2472,0,83,66,44,2760,10501,5.13278,160,16.9152,0,0,5427,1482109080
258.643,3.86633,45.2472,0,83,66,44,2760,10501,5.13278,160,16.9152,0,0,5427,1485975902
253.39,3.94648,45.2472,0,83,66,44,2760,10501,5.13278,160,16.9152,0,0,5427,1489922699
1231.14,0.812258,45.2472,0,83,66,44,2760,10501,5.13278,160,16.9152,0,0,5427,1490735457
327.451,3.05389,45.2472,0,83,66,44,2760,10501,5.13278,160,16.9152,0,0,5427,1493789656
299.512,3.33877,45.2472,0,83,66,44,2760,10501,5.13278,160,16.9152,0,0,5427,1497128903
377.431,2.64949,45.2472,0,83,66,44,2760,10501,5.13278,160,16.9152,0,0,5427,1499778627
257.864,3.87801,45.2472,0,83,66,44,2760,10501,5.13278,160,16.9152,0,0,5427,1503657085
397.352,2.51666,45.2472,0,83,66,44,2760,10501,5.13278,160,16.9152,0,0,5427,1506173977
501.444,1.99424,45.2472,0,83,66,44,2760,10501,5.13278,160,16.9152,0,0,5427,1508168564
444.086,2.25182,45.2472,0,83,66,44,2760,10501,5.13278,160,16.9152,0,0,5427,1510420707
293.382,3.40853,45.2472,0,83,66,44,2760,10501,5.13278,160,16.9152,0,0,5427,1513829658
453.256,2.20626,45.2472,0,83,66,44,2760,10501,5.13278,160,16.9152,0,0,5427,1516036242
340.573,2.93622,45.2472,0,83,66,44,2760,10501,5.13278,160,16.9152,0,0,5427,1518972793
483.057,2.07015,45.2472,0,83,66,44,2760,10501,5.13278,160,16.9152,0,0,5427,1521043257
264.204,3.78495,45.2472,0,83,66,44,2760,10501,5.13278,160,16.9152,0,0,5427,1524828538
723.937,1.38134,45.2472,0,83,66,44,2760,10501,5.13278,160,16.9152,0,0,5427,1526210277
407.639,2.45315,45.2472,0,83,66,44,2760,10501,5.13278,160,16.9152,0,0,5427,1528663831
346.71,2.88425,45.2472,0,83,66,44,2760,10501,5.13278,160,16.9152,0,0,5427,1531548294
376.179,2.65831,45.2472,0,83,66,44,2760,10501,5.13278,160,16.9152,0,0,5427,1534206922
361.172,2.76877,45.2472,0,83,66,44,2760,10501,5.13278,160,16.9152,0,0,5427,1536976131
391.863,2.55191,45.2472,0,83,66,44,2760,10501,5.13278,160,16.9152,0,0,5427,1539528303
410.422,2.43652,45.2472,0,83,66,44,2760,10501,5.13278,160,16.9152,0,0,5427,1541965270
342.586,2.91897,45.2472,0,83,66,44,2760,10501,5.13278,160,16.9152,0,0,5427,1544884666
284.178,3.51892,45.2472,0,83,66,44,2760,10501,5.13278,160,16.9152,0,0,5427,1548403823
179.653,5.56629,45.2472,0,83,66,44,2760,10501,5.13278,160,16.9152,0,0,5427,1553970521
482.647,2.07191,45.2472,0,83,66,44,2760,10501,5.13278,160,16.9152,0,0,5427,1556042917
482.815,2.07119,45.2472,0,83,66,44,2760,10501,5.13278,160,16.9152,0,0,5427,1558114449
688.901,1.45159,45.2472,0,83,66,44,2760,10501,5.13278,160,16.9152,0,0,5427,1559566440
375.448,2.66348,45.2472,0,83,66,44,2760,10501,5.13278,160,16.9152,0,0,5427,1562230174
481.387,2.07733,45.2472,0,83,66,44,2760,10501,5.13278,160,16.9152,0,0,5427,1564307840
344.59,2.902,45.2472,0,83,66,44,2760,10501,5.13278,160,16.9152,0,0,5427,1567210149
392.711,2.5464,45.2472,0,83,66,44,2760,10501,5.13278,160,16.9152,0,0,5427,1569757052
327.152,3.05668,45.2472,0,83,66,44,2760,10501,5.13278,160,16.9152,0,0,5427,1572813992
351.964,2.8412,45.2472,0,83,66,44,2760,10501,5.13278,160,16.9152,0,0,5427,1575655463
297.195,3.3648,45.2472,0,83,66,44,2760,10501,5.13278,160,16.9152,0,0,5427,1579020595
474.647,2.10683,45.2472,0,83,66,44,2760,10501,5.13278,160,16.9152,0,0,5427,1581127715
342.468,2.91998,45.2472,0,83,66,44,2760,10501,5.13278,160,16.9152,0,0,5427,1584048044
611.593,1.63507,45.2472,0,83,66,44,2760,10501,5.13278,160,16.9152,0,0,5427,1585683358
277.896,3.59847,45.2472,0,83,66,44,2760,10501,5.13278,160,16.9152,0,0,5427,1589282172
503.488,1.98614,45.2472,0,83,66,44,2760,10501,5.13278,160,16.9152,0,0,5427,1591268758
349.713,2.85949,45.2472,0,83,66,44,2760,10501,5.13278,160,16.9152,0,0,5427,1594128633
342.829,2.91691,45.2472,0,83,66,44,2760,10501,5.13278,160,16.9152,0,0,5427,1597045761
340.363,2.93804,45.2472,0,83,66,44,2760,10501,5.13278,160,16.9152,0,0,5427,1599984340
407.009,2.45695,45.2472,0,83,66,44,2760,10501,5.13278,160,16.9152,0,0,5427,1602441683
311.315,3.21218,45.2472,0,83,66,44,2760,10501,5.13278,160,16.9152,0,0,5427,1605654224
572.482,1.74678,45.2472,0,83,66,44,2760,10501,5.13278,160,16.9152,0,0,5427,1607401302
348.631,2.86837,45.2472,0,83,66,44,2760,10501,5.13278,160,16.9152,0,0,5427,1610270206
211.658,4.7246,45.2472,0,83,66,44,2760,10501,5.13278,160,16.9152,0,0,5427,1614995106
506.337,1.97497,45.2472,0,83,66,44,2760,10501,5.13278,160,16.9152,0,0,5427,1616970432
693.74,1.44146,45.2472,0,83,66,44,2760,10501,5.13278,160,16.9152,0,0,5427,1618412192
381.697,2.61988,45.2472,0,83,66,44,2760,10501,5.13278,160,16.9152,0,0,5427,1621032271
350.343,2.85435,45.2472,0,83,66,44,2760,10501,5.13278,160,16.9152,0,0,5427,1623886828
297.707,3.35901,45.2472,0,83,66,44,2760,10501,5.13278,160,16.9152,0,0,5427,1627246403
538.309,1.85767,45.2472,0,83,66,44,2760,10501,5.13278,160,16.9152,0,0,5427,1629104274
306.563,3.26198,45.2472,0,83,66,44,2760,10501,5.13278,160,16.9152,0,0,5427,1632366633
597.605,1.67334,45.2472,0,83,66,44,2760,10501,5.13278,160,16.9152,0,0,5427,1634040209
332.935,3.00359,45.2472,0,83,66,44,2760,10501,5.13278,160,16.9152,0,0,5427,1637044041
389.564,2.56697,45.2472,0,83,66,44,2760,10501,5.13278,160,16.9152,0,0,5427,1639611358
349.64,2.86009,45.2472,0,83,66,44,2760,10501,5.13278,160,16.9152,0,0,5427,1642471801
360.966,2.77034,45.2472,0,83,66,44,2760,10501,5.13278,160,16.9152,0,0,5427,1645242462
370.526,2.69887,45.2472,0,83,66,44,2760,10501,5.13278,160,16.9152,0,0,5427,1647941687
335.076,2.9844,45.2472,0,83,66,44,2760,10501,5.13278,160,16.9152,0,0,5427,1650926355
392.434,2.5482,45.2472,0,83,66,44,2760,10501,5.13278,160,16.9152,0,0,5427,1653474951
405.862,2.46389,45.2472,0,83,66,44,2760,10501,5.13278,160,16.9152,0,0,5427,1655939111
282.065,3.54528,45.2472,0,83,66,44,2760,10501,5.13278,160,16.9152,0,0,5427,1659484788
354.039,2.82455,45.2472,0,83,66,44,2760,10501,5.13278,160,16.9152,0,0,5427,1662309575
557.685,1.79313,45.2472,0,83,66,44,2760,10501,5.13278,160,16.9152,0,0,5427,1664102982
388.734,2.57245,45.2472,0,83,66,44,2760,10501,5.13278,160,16.9152,0,0,5427,1666675780
348.342,2.87074,45.2472,0,83,66,44,2760,10501,5.13278,160,16.9152,0,0,5427,1669546944
435.642,2.29546,45.2472,0,83,66,44,2760,10501,5.13278,160,16.9152,0,0,5427,1671842550
375.184,2.66536,45.2472,0,83,66,44,2760,10501,5.13278,160,16.9152,0,0,5427,1674508332
359.346,2.78283,45.2472,0,83,66,44,2760,10501,5.13278,160,16.9152,0,0,5427,1677291436
374.057,2.67339,45.2472,0,83,66,44,2760,10501,5.13278,160,16.9152,0,0,5427,1679965093
324.536,3.08133,45.2472,0,83,66,44,2760,10501,5.13278,160,16.9152,0,0,5427,1683046899
278.522,3.59038,45.2472,0,83,66,44,2760,10501,5.13278,160,16.9152,0,0,5427,1686637501
640.254,1.56188,45.2472,0,83,66,44,2760,10501,5.13278,160,16.9152,0,0,5427,1688199717
381.872,2.61867,45.2472,0,83,66,44,2760,10501,5.13278,160,16.9152,0,0,5427,1690818738
372.946,2.68135,45.2472,0,83,66,44,2760,10501,5.13278,160,16.9152,0,0,5427,1693500386
380.169,2.63041,45.2472,0,83,66,44,2760,10501,5.13278,160,16.9152,0,0,5427,1696131080
354.577,2.82026,45.2472,0,83,66,44,2760,10501,5.13278,160,16.9152,0,0,5427,1698951752
358.417,2.79005,45.2472,0,83,66,44,2760,10501,5.13278,160,16.9152,0,0,5427,1701742308
269.215,3.71451,45.2472,0,83,66,44,2760,10501,5.13278,160,16.9152,0,0,5427,1705457106
481.891,2.07516,45.2472,0,83,66,44,2760,10501,5.13278,160,16.9152,0,0,5427,1707532666
483.624,2.06772,45.2472,0,83,66,44,2760,10501,5.13278,160,16.9152,0,0,5427,1709600621
200.937,4.97669,45.2472,0,83,66,44,2760,10501,5.13278,160,16.9152,0,0,5427,1714577654
1255.51,0.796488,45.2472,0,83,66,44,2760,10501,5.13278,160,16.9152,0,0,5427,1715374440
458.183,2.18253,45.2472,0,83,66,44,2760,10501,5.13278,160,16.9152,0,0,5427,1717557273
273.084,3.66188,45.2472,0,83,66,44,2760,10501,5.13278,160,16.9152,0,0,5427,1721219464
533.406,1.87475,45.2472,0,83,66,44,2760,10501,5.13278,160,16.9152,0,0,5427,1723094566
367.519,2.72095,45.2472,0,83,66,44,2760,10501,5.13278,160,16.9152,0,0,5427,1725815859
502.032,1.9919,45.2472,0,83,66,44,2760,10501,5.13278,160,16.9152,0,0,5427,1727808177
320.216,3.12289,45.2472,0,83,66,44,2760,10501,5.13278,160,16.9152,0,0,5427,1730931282
320.82,3.11701,45.2472,0,83,66,44,2760,10501,5.13278,160,16.9152,0,0,5427,1734048589
484.254,2.06503,45.2472,0,83,66,44,2760,10501,5.13278,160,16.9152,0,0,5427,1736114043
272.095,3.67518,45.2472,0,83,66,44,2760,10501,5.13278,160,16.9152,0,0,5427,1739789628
479.236,2.08666,45.2472,0,83,66,44,2760,10501,5.13278,160,16.9152,0,0,5427,1741876670
326.597,3.06188,45.2472,0,83,66,44,2760,10501,5.13278,160,16.9152,0,0,5427,1744938898
697.753,1.43317,45.2472,0,83,66,44,2760,10501,5.13278,160,16.9152,0,0,5427,1746372418
324.817,3.07866,45.2472,0,83,66,44,2760,10501,5.13278,160,16.9152,0,0,5427,1749451473
395.769,2.52673,45.2472,0,83,66,44,2760,10501,5.13278,160,16.9152,0,0,5427,1751978405
398.161,2.51155,45.2472,0,83,66,44,2760,10501,5.13278,160,16.9152,0,0,5427,1754492701
304.641,3.28255,45.3716,0,84,66,44,2760,10501,5.13512,161,16.8724,0,0,5438,1757773196
478.949,2.08791,45.3716,0,84,66,44,2760,10501,5.13512,161,16.8724,0,0,5438,1759861430
312.809,3.19684,45.3716,0,84,66,44,2760,10501,5.13512,161,16.8724,0,0,5438,1763058595
244.729,4.08616,45.3716,0,84,66,44,2760,10501,5.13512,161,16.8724,0,0,5438,1767145204
465.463,2.1484,45.3716,0,84,66,44,2760,10501,5.13512,161,16.8724,0,0,5438,1769293767
553.909,1.80535,45.3716,0,84,66,44,2760,10501,5.13512,161,16.8724,0,0,5438,1771099443
374.406,2.6709,45.3716,0,84,66,44,2760,10501,5.13512,161,16.8724,0,0,5438,1773770677
365.137,2.7387,45.3716,0,84,66,44,2760,10501,5.13512,161,16.8724,0,0,5438,1776509645
418.384,2.39015,45.3716,0,84,66,44,2760,10501,5.13512,161,16.8724,0,0,5438,1778900100
384.073,2.60367,45.3716,0,84,66,44,2760,10501,5.13512,161,16.8724,0,0,5438,1781504121
280.791,3.56137,45.3716,0,84,66,44,2760,10501,5.13512,161,16.8724,0,0,5438,1785065933
235.943,4.23832,45.3716,0,84,66,44,2760,10501,5.13512,161,16.8724,0,0,5438,1789304807
695.447,1.43792,45.3716,0,84,66,44,2760,10501,5.13512,161,16.8724,0,0,5438,1790742913
240.499,4.15802,45.3716,0,84,66,44,2760,10501,5.13512,161,16.8724,0,0,5438,1794901389
1314.38,0.760814,45.3716,0,84,66,44,2760,10501,5.13512,161,16.8724,0,0,5438,1795662502
301.37,3.31818,45.3716,0,84,66,44,2760,10501,5.13512,161,16.8724,0,0,5438,1798980988
580.973,1.72125,45.3716,0,84,66,44,2760,10501,5.13512,161,16.8724,0,0,5438,1800702547
370.013,2.70261,45.3716,0,84,66,44,2760,10501,5.13512,161,16.8724,0,0,5438,1803405513
363.173,2.75351,45.3716,0,84,66,44,2760,10501,5.13512,161,16.8724,0,0,5438,1806159394
361.401,2.76701,45.3716,0,84,66,44,2760,10501,5.13512,161,16.8724,0,0,5438,1808926699
326.621,3.06165,45.3716,0,84,66,44,2760,10501,5.13512,161,16.8724,0,0,5438,1811988658
433.897,2.30469,45.3716,0,84,66,44,2760,10501,5.13512,161,16.8724,0,0,5438,1814293581
347.148,2.88062,45.3716,0,84,66,44,2760,10501,5.13512,161,16.8724,0,0,5438,1817174486
204.078,4.9001,45.3716,0,84,66,44,2760,10501,5.13512,161,16.8724,0,0,5438,1822074978
544.191,1.83759,45.3716,0,84,66,44,2760,10501,5.13512,161,16.8724,0,0,5438,1823912963
394.813,2.53285,45.3716,0,84,66,44,2760,10501,5.13512,161,16.8724,0,0,5438,1826446106
410.476,2.4362,45.3716,0,84,66,44,2760,10501,5.13512,161,16.8724,0,0,5438,1828882612
366.973,2.725,45.3716,0,84,66,44,2760,10501,5.13512,161,16.8724,0,0,5438,1831607915
439.306,2.27632,45.3716,0,84,66,44,2760,10501,5.13512,161,16.8724,0,0,5438,1833884540
240.447,4.15892,45.3716,0,84,66,44,2760,10501,5.13512,161,16.8724,0,0,5438,1838043795
657.249,1.52149,45.3716,0,84,66,44,2760,10501,5.13512,161,16.8724,0,0,5438,1839565664
407.686,2.45287,45.3716,0,84,66,44,2760,10501,5.13512,161,16.8724,0,0,5438,1842018795
199.207,5.0199,45.3716,0,84,66,44,2760,10501,5.13512,161,16.8724,0,0,5438,1847039156
344.533,2.90248,45.3716,0,84,66,44,2760,10501,5.13512,161,16.8724,0,0,5438,1849941888
616.798,1.62128,45.3716,0,84,66,44,2760,10501,5.13512,161,16.8724,0,0,5438,1851563568
363.546,2.75068,45.3716,0,84,66,44,2760,10501,5.13512,161,16.8724,0,0,5438,1854314613
569.969,1.75448,45.3716,0,84,66,44,2760,10501,5.13512,161,16.8724,0,0,5438,1856069345
389.464,2.56763,45.3716,0,84,66,44,2760,10501,5.13512,161,16.8724,0,0,5438,1858637268
442.098,2.26194,45.3716,0,84,66,44,2760,10501,5.13512,161,16.8724,0,0,5438,1860899517
271.139,3.68814,45.3716,0,84,66,44,2760,10501,5.13512,161,16.8724,0,0,5438,1864588142
672.537,1.48691,45.3716,0,84,66,44,2760,10501,5.13512,161,16.8724,0,0,5438,1866075259
202.448,4.93953,45.3716,0,84,66,44,2760,10501,5.13512,161,16.8724,0,0,5438,1871015176
455.34,2.19616,45.3716,0,84,66,44,2760,10501,5.13512,161,16.8724,0,0,5438,1873211625
376.071,2.65907,45.3716,0,84,66,44,2760,10501,5.13512,161,16.8724,0,0,5438,1875875012
574.122,1.74179,45.3716,0,84,66,44,2760,10501,5.13512,161,16.8724,0,0,5438,1877613225
274.826,3.63867,45.3716,0,84,66,44,2760,10501,5.13512,161,16.8724,0,0,5438,1881252155
650.441,1.53742,45.3716,0,84,66,44,2760,10501,5.13512,161,16.8724,0,0,5438,1882789870
369.802,2.70415,45.3716,0,84,66,44,2760,10501,5.13512,161,16.8724,0,0,5438,1885494673
268.885,3.71907,45.3716,0,84,66,44,2760,10501,5.13512,161,16.8724,0,0,5438,1889213837
323.429,3.09187,45.3716,0,84,66,44,2760,10501,5.13512,161,16.8724,0,0,5438,1892306037
634.802,1.57529,45.3716,0,84,66,44,2760,10501,5.13512,161,16.8724,0,0,5438,1893881658
488.297,2.04794,45.3716,0,84,66,44,2760,10501,5.13512,161,16.8724,0,0,5438,1895929919
390.209,2.56273,45.3716,0,84,66,44,2760,10501,5.13512,161,16.8724,0,0,5438,1898492957
259.405,3.85498,45.3716,0,84,66,44,2760,10501,5.13512,161,16.8724,0,0,5438,1902348279
519.053,1.92658,45.3716,0,84,66,44,2760,10501,5.13512,161,16.8724,0,0,5438,1904275162
403.868,2.47605,45.3716,0,84,66,44,2760,10501,5.13512,161,16.8724,0,0,5438,1906751514
301.655,3.31505,45.3716,0,84,66,44,2760,10501,5.13512,161,16.8724,0,0,5438,1910066895
485.563,2.05946,45.3716,0,84,66,44,2760,10501,5.13512,161,16.8724,0,0,5438,1912126667
379.67,2.63387,45.3716,0,84,66,44,2760,10501,5.13512,161,16.8724,0,0,5438,1914760900
320.573,3.11941,45.3716,0,84,66,44,2760,10501,5.13512,161,16.8724,0,0,5438,1917880611
216.089,4.62773,45.3716,0,84,66,44,2760,10501,5.13512,161,16.8724,0,0,5438,1922508603
708.568,1.4113,45.3716,0,84,66,44,2760,10501,5.13512,161,16.8724,0,0,5438,1923920430
562.076,1.77912,45.3716,0,84,66,44,2760,10501,5.13512,161,16.8724,0,0,5438,1925699672
277.303,3.60616,45.3716,0,84,66,44,2760,10501,5.13512,161,16.8724,0,0,5438,1929306236
261.062,3.83051,45.3716,0,84,66,44,2760,10501,5.13512,161,16.8724,0,0,5438,1933137125
1072.21,0.932656,45.3716,0,84,66,44,2760,10501,5.13512,161,16.8724,0,0,5438,1934070050
502.734,1.98913,45.3716,0,84,66,44,2760,10501,5.13512,161,16.8724,0,0,5438,1936059675
327.006,3.05804,45.3716,0,84,66,44,2760,10501,5.13512,161,16.8724,0,0,5438,1939117855
423.571,2.36088,45.3716,0,84,66,44,2760,10501,5.13512,161,16.8724,0,0,5438,1941479069
347.562,2.87718,45.3716,0,84,66,44,2760,10501,5.13512,161,16.8724,0,0,5438,1944356705
353.944,2.82531,45.3716,0,84,66,44,2760,10501,5.13512,161,16.8724,0,0,5438,1947182194
462.974,2.15995,45.3716,0,84,66,44,2760,10501,5.13512,161,16.8724,0,0,5438,1949342411
324.528,3.0814,45.3716,0,84,66,44,2760,10501,5.13512,161,16.8724,0,0,5438,1952424179
268.554,3.72364,45.3716,0,84,66,44,2760,10501,5.13512,161,16.8724,0,0,5438,1956168882
489.112,2.04452,45.3716,0,84,66,44,2760,10501,5.13512,161,16.8724,0,0,5438,1958192969
505.308,1.97899,45.3716,0,84,66,44,2760,10501,5.13512,161,16.8724,0,0,5438,1960172267
347.792,2.87528,45.3716,0,84,66,44,2760,10501,5.13512,161,16.8724,0,0,5438,1963047863
350.971,2.84924,45.3716,0,84,66,44,2760,10501,5.13512,161,16.8724,0,0,5438,1965897584
385.951,2.591,45.3716,0,84,66,44,2760,10501,5.13512,161,16.8724,0,0,5438,1968488970
336.975,2.96758,45.3716,0,84,66,44,2760,10501,5.13512,161,16.8724,0,0,5438,1971456781
354.487,2.82098,45.3716,0,84,66,44,2760,10501,5.13512,161,16.8724,0,0,5438,1974278059
355.923,2.8096,45.3716,0,84,66,44,2760,10501,5.13512,161,16.8724,0,0,5438,1977088067
434.055,2.30386,45.3716,0,84,66,44,2760,10501,5.13512,161,16.8724,0,0,5438,1979392183
277.031,3.60971,45.3716,0,84,66,44,2760,10501,5.13512,161,16.8724,0,0,5438,1983002344
547.837,1.82536,45.3716,0,84,66,44,2760,10501,5.13512,161,16.8724,0,0,5438,1984828078
450.564,2.21944,45.3716,0,84,66,44,2760,10501,5.13512,161,16.8724,0,0,5438,1987047932
332.969,3.00328,45.3716,0,84,66,44,2760,10501,5.13512,161,16.8724,0,0,5438,1990051427
386.366,2.58822,45.3716,0,84,66,44,2760,10501,5.13512,161,16.8724,0,0,5438,1992640082
295.509,3.38399,45.3716,0,84,66,44,2760,10501,5.13512,161,16.8724,0,0,5438,1996024398
482.144,2.07407,45.3716,0,84,66,44,2760,10501,5.13512,161,16.8724,0,0,5438,1998098948
346.335,2.88738,45.3716,0,84,66,44,2760,10501,5.13512,161,16.8724,0,0,5438,2000986632
288.226,3.4695,45.3716,0,84,66,44,2760,10501,5.13512,161,16.8724,0,0,5438,2004456422
376.493,2.65609,45.3716,0,84,66,44,2760,10501,5.13512,161,16.8724,0,0,5438,2007112993
227.482,4.39595,45.3716,0,84,66,44,2760,10501,5.13512,161,16.8724,0,0,5438,2011509160
825.973,1.21069,45.3716,0,84,66,44,2760,10501,5.13512,161,16.8724,0,0,5438,2012720162
430.155,2.32474,45.3716,0,84,66,44,2760,10501,5.13512,161,16.8724,0,0,5438,2015045221
305.602,3.27223,45.3716,0,84,66,44,2760,10501,5.13512,161,16.8724,0,0,5438,2018317764
438.947,2.27818,45.3716,0,84,66,44,2760,10501,5.13512,161,16.8724,0,0,5438,2020596380
339.854,2.94244,45.3716,0,84,66,44,2760,10501,5.13512,161,16.8724,0,0,5438,2023539113
374.705,2.66876,45.3716,0,84,66,44,2760,10501,5.13512,161,16.8724,0,0,5438,2026208165
363.318,2.75241,45.3716,0,84,66,44,2760,10501,5.13512,161,16.8724,0,0,5438,2028960912
427.607,2.3386,45.3716,0,84,66,44,2760,10501,5.13512,161,16.8724,0,0,5438,2031299817
342.652,2.91842,45.3716,0,84,66,44,2760,10501,5.13512,161,16.8724,0,0,5438,2034218694
282.615,3.53838,45.3716,0,84,66,44,2760,10501,5.13512,161,16.8724,0,0,5438,2037757333
605.377,1.65186,45.3716,0,84,66,44,2760,10501,5.13512,161,16.8724,0,0,5438,2039409591
326.293,3.06473,45.3716,0,84,66,44,2760,10501,5.13512,161,16.8724,0,0,5438,2042474598
388.226,2.57582,45.3716,0,84,66,44,2760,10501,5.13512,161,16.8724,0,0,5438,2045050733
364.986,2.73983,45.3716,0,84,66,44,2760,10501,5.13512,161,16.8724,0,0,5438,2047790835
356.461,2.80535,45.3716,0,84,66,44,2760,10501,5.13512,161,16.8724,0,0,5438,2050596487
279.298,3.5804,45.3716,0,84,66,44,2760,10501,5.13512,161,16.8724,0,0,5438,2054177194
512.879,1.94978,45.3716,0,84,66,44,2760,10501,5.13512,161,16.8724,0,0,5438,2056127308
341.082,2.93185,45.3716,0,84,66,44,2760,10501,5.13512,161,16.8724,0,0,5438,2059059522
512.72,1.95038,45.3716,0,84,66,44,2760,10501,5.13512,161,16.8724,0,0,5438,2061010155
208.736,4.79073,45.3716,0,84,66,44,2760,10501,5.13512,161,16.8724,0,0,5438,2065801345
729.498,1.37081,45.3716,0,84,66,44,2760,10501,5.13512,161,16.8724,0,0,5438,2067172603
445.803,2.24314,45.3716,0,84,66,44,2760,10501,5.13512,161,16.8724,0,0,5438,2069415977
381.847,2.61885,45.3716,0,84,66,44,2760,10501,5.13512,161,16.8724,0,0,5438,2072035103
439.08,2.27749,45.3716,0,84,66,44,2760,10501,5.13512,161,16.8724,0,0,5438,2074312863
345.878,2.89119,45.3716,0,84,66,44,2760,10501,5.13512,161,16.8724,0,0,5438,2077204403
399.331,2.50419,45.3716,0,84,66,44,2760,10501,5.13512,161,16.8724,0,0,5438,2079708881
359.096,2.78477,45.3716,0,84,66,44,2760,10501,5.13512,161,16.8724,0,0,5438,2082493985
336.425,2.97243,45.3716,0,84,66,44,2760,10501,5.13512,161,16.8724,0,0,5438,2085466671
420.346,2.37899,45.3716,0,84,66,44,2760,10501,5.13512,161,16.8724,0,0,5438,2087845973
250.833,3.98672,45.3716,0,84,66,44,2760,10501,5.13512,161,16.8724,0,0,5438,2091833223
597.64,1.67325,45.3716,0,84,66,44,2760,10501,5.13512,161,16.8724,0,0,5438,2093506664
418.329,2.39047,45.3716,0,84,66,44,2760,10501,5.13512,161,16.8724,0,0,5438,2095897436
431.729,2.31627,45.3716,0,84,66,44,2760,10501,5.13512,161,16.8724,0,0,5438,2098214082
371.703,2.69032,45.3716,0,84,66,44,2760,10501,5.13512,161,16.8724,0,0,5438,2100904672
352.366,2.83796,45.3716,0,84,66,44,2760,10501,5.13512,161,16.8724,0,0,5438,2103743047
374.335,2.67141,45.3716,0,84,66,44,2760,10501,5.13512,161,16.8724,0,0,5438,2106414627
371.926,2.68871,45.3716,0,84,66,44,2760,10501,5.13512,161,16.8724,0,0,5438,2109103622
377.056,2.65213,45.3716,0,84,66,44,2760,10501,5.13512,161,16.8724,0,0,5438,2111756134
402.22,2.4862,45.3716,0,84,66,44,2760,10501,5.13512,161,16.8724,0,0,5438,2114242785
203.66,4.91016,45.3716,0,84,66,44,2760,10501,5.13512,161,16.8724,0,0,5438,2119153201
1011.61,0.988524,45.3716,0,84,66,44,2760,10501,5.13512,161,16.8724,0,0,5438,2120142042
394.434,2.53528,45.3716,0,84,66,44,2760,10501,5.13512,161,16.8724,0,0,5438,2122677598
454.536,2.20005,45.3716,0,84,66,44,2760,10501,5.13512,161,16.8724,0,0,5438,2124878028
316.129,3.16327,45.3716,0,84,66,44,2760,10501,5.13512,161,16.8724,0,0,5438,2128041712
452.302,2.21091,45.3716,0,84,66,44,2760,10501,5.13512,161,16.8724,0,0,5438,2130252892
428.031,2.33628,45.3716,0,84,66,44,2760,10501,5.13512,161,16.8724,0,0,5438,2132589471
300.648,3.32615,45.3716,0,84,66,44,2760,10501,5.13512,161,16.8724,0,0,5438,2135915977
439.174,2.277,45.3716,0,84,66,44,2760,10501,5.13512,161,16.8724,0,0,5438,2138193314
411.177,2.43204,45.3716,0,84,66,44,2760,10501,5.13512,161,16.8724,0,0,5438,2140625819
227.005,4.4052,45.3716,0,84,66,44,2760,10501,5.13512,161,16.8724,0,0,5438,2145031448
582.819,1.7158,45.3716,0,84,66,44,2760,10501,5.13512,161,16.8724,0,0,5438,2146747448
509.16,1.96402,45.3716,0,84,66,44,2760,10501,5.13512,161,16.8724,0,0,5438,2148711889
342.173,2.9225,45.3716,0,84,66,44,2760,10501,5.13512,161,16.8724,0,0,5438,2151634757
347.863,2.87469,45.3716,0,84,66,44,2760,10501,5.13512,161,16.8724,0,0,5438,2154509758
386.902,2.58464,45.3716,0,84,66,44,2760,10501,5.13512,161,16.8724,0,0,5438,2157094672
433.897,2.30469,45.3716,0,84,66,44,2760,10501,5.13512,161,16.8724,0,0,5438,2159399653
323.178,3.09427,45.3716,0,84,66,44,2760,10501,5.13512,161,16.8724,0,0,5438,2162494209
307.358,3.25353,45.3716,0,84,66,44,2760,10501,5.13512,161,16.8724,0,0,5438,2165748088
559.217,1.78821,45.3716,0,84,66,44,2760,10501,5.13512,161,16.8724,0,0,5438,2167536610
174.28,5.7379,45.3716,0,84,66,44,2760,10501,5.13512,161,16.8724,0,0,5438,2173274832
859.525,1.16343,45.3716,0,84,66,44,2760,10501,5.13512,161,16.8724,0,0,5438,2174438641
566.34,1.76572,45.3716,0,84,66,44,2760,10501,5.13512,161,16.8724,0,0,5438,2176204671
366.55,2.72814,45.3716,0,84,66,44,2760,10501,5.13512,161,16.8724,0,0,5438,2178933388
428.068,2.33608,45.3716,0,84,66,44,2760,10501,5.13512,161,16.8724,0,0,5438,2181269458
370.269,2.70074,45.3716,0,84,66,44,2760,10501,5.13512,161,16.8724,0,0,5438,2183970674
212.034,4.71623,45.3716,0,84,66,44,2760,10501,5.13512,161,16.8724,0,0,5438,2188687121
338.277,2.95616,45.3716,0,84,66,44,2760,10501,5.13512,161,16.8724,0,0,5438,2191643548
962.075,1.03942,45.3716,0,84,66,44,2760,10501,5.13512,161,16.8724,0,0,5438,2192683381
393.84,2.5391,45.3716,0,84,66,44,2760,10501,5.13512,161,16.8724,0,0,5438,2195222755
231.657,4.31673,45.3716,0,84,66,44,2760,10501,5.13512,161,16.8724,0,0,5438,2199539987
618.651,1.61642,45.3716,0,84,66,44,2760,10501,5.13512,161,16.8724,0,0,5438,2201156551
448.222,2.23104,45.3716,0,84,66,44,2760,10501,5.13512,161,16.8724,0,0,5438,2203387943
283.78,3.52386,45.3716,0,84,66,44,2760,10501,5.13512,161,16.8724,0,0,5438,2206912120
590.577,1.69326,45.3716,0,84,66,44,2760,10501,5.13512,161,16.8724,0,0,5438,2208605821
334.206,2.99217,45.3716,0,84,66,44,2760,10501,5.13512,161,16.8724,0,0,5438,2211598230
352.599,2.83609,45.3716,0,84,66,44,2760,10501,5.13512,161,16.8724,0,0,5438,2214434777
422.148,2.36884,45.3716,0,84,66,44,2760,10501,5.13512,161,16.8724,0,0,5438,2216803963
315.454,3.17003,45.3716,0,84,66,44,2760,10501,5.13512,161,16.8724,0,0,5438,2219974146
440.163,2.27188,45.3716,0,84,66,44,2760,10501,5.13512,161,16.8724,0,0,5438,2222246300
223.388,4.47651,45.3716,0,84,66,44,2760,10501,5.13512,161,16.8724,0,0,5438,2226723287
622.491,1.60645,45.3716,0,84,66,44,2760,10501,5.13512,161,16.8724,0,0,5438,2228330130
562.609,1.77743,45.3716,0,84,66,44,2760,10501,5.13512,161,16.8724,0,0,5438,2230107805
342.186,2.92239,45.3716,0,84,66,44,2760,10501,5.13512,161,16.8724,0,0,5438,2233030721
401.176,2.49267,45.3716,0,84,66,44,2760,10501,5.13512,161,16.8724,0,0,5438,2235523545
328.249,3.04647,45.3716,0,84,66,44,2760,10501,5.13512,161,16.8724,0,0,5438,2238570494
465.211,2.14956,45.3716,0,84,66,44,2760,10501,5.13512,161,16.8724,0,0,5438,2240720240
346.939,2.88235,45.3716,0,84,66,44,2760,10501,5.13512,161,16.8724,0,0,5438,2243602895
364.461,2.74377,45.3716,0,84,66,44,2760,10501,5.13512,161,16.8724,0,0,5438,2246347112
214.66,4.65853,45.3716,0,84,66,44,2760,10501,5.13512,161,16.8724,0,0,5438,2251005875
1683.75,0.593914,45.3716,0,84,66,44,2760,10501,5.13512,161,16.8724,0,0,5438,2251600087
386.38,2.58812,45.3716,0,84,66,44,2760,10501,5.13512,161,16.8724,0,0,5438,2254188559
383.53,2.60736,45.3716,0,84,66,44,2760,10501,5.13512,161,16.8724,0,0,5438,2256798859
381.895,2.61852,44.586,0,86,66,44,2760,10501,5.12848,164,16.8727,0,0,5445,2259415177
360.403,2.77467,44.586,0,86,66,44,2760,10501,5.12848,164,16.8727,0,0,5445,2262190088
375.616,2.66229,44.586,0,86,66,44,2760,10501,5.12848,164,16.8727,0,0,5445,2264852736
318.587,3.13886,44.586,0,86,66,44,2760,10501,5.12848,164,16.8727,0,0,5445,2267991870
401.388,2.49135,44.586,0,86,66,44,2760,10501,5.12848,164,16.8727,0,0,5445,2270483560
426.775,2.34316,44.586,0,86,66,44,2760,10501,5.12848,164,16.8727,0,0,5445,2272827187
322.019,3.1054,44.586,0,86,66,44,2760,10501,5.12848,164,16.8727,0,0,5445,2275933023
205.365,4.86938,44.586,0,86,66,44,2760,10501,5.12848,164,16.8727,0,0,5445,2280802850
1652.31,0.605212,44.586,0,86,66,44,2760,10501,5.12848,164,16.8727,0,0,5445,2281408342
385.79,2.59209,44.586,0,86,66,44,2760,10501,5.12848,164,16.8727,0,0,5445,2284000775
533.217,1.87541,44.586,0,86,66,44,2760,10501,5.12848,164,16.8727,0,0,5445,2285876598
351.748,2.84294,44.586,0,86,66,44,2760,10501,5.12848,164,16.8727,0,0,5445,2288719761
364.686,2.74208,44.586,0,86,66,44,2760,10501,5.12848,164,16.8727,0,0,5445,2291462161
378.564,2.64156,44.586,0,86,66,44,2760,10501,5.12848,164,16.8727,0,0,5445,2294104010
416.449,2.40125,44.586,0,86,66,44,2760,10501,5.12848,164,16.8727,0,0,5445,2296505629
343.383,2.9122,44.586,0,86,66,44,2760,10501,5.12848,164,16.8727,0,0,5445,2299418131
273.063,3.66215,44.586,0,86,66,44,2760,10501,5.12848,164,16.8727,0,0,5445,2303080601
513.959,1.94568,44.586,0,86,66,44,2760,10501,5.12848,164,16.8727,0,0,5445,2305026599
300.301,3.32999,44.586,0,86,66,44,2760,10501,5.12848,164,16.8727,0,0,5445,2308357115
288.246,3.46926,44.586,0,86,66,44,2760,10501,5.12848,164,16.8727,0,0,5445,2311826646
711.272,1.40593,44.586,0,86,66,44,2760,10501,5.12848,164,16.8727,0,0,5445,2313232770
364.697,2.74201,44.586,0,86,66,44,2760,10501,5.12848,164,16.8727,0,0,5445,2315975132
280.846,3.56067,44.586,0,86,66,44,2760,10501,5.12848,164,16.8727,0,0,5445,2319536213
489.782,2.04172,44.586,0,86,66,44,2760,10501,5.12848,164,16.8727,0,0,5445,2321578253
396.658,2.52106,44.586,0,86,66,44,2760,10501,5.12848,164,16.8727,0,0,5445,2324099819
250.784,3.98749,44.586,0,86,66,44,2760,10501,5.12848,164,16.8727,0,0,5445,2328087520
662.179,1.51017,44.586,0,86,66,44,2760,10501,5.12848,164,16.8727,0,0,5445,2329598100
237.351,4.21317,44.586,0,86,66,44,2760,10501,5.12848,164,16.8727,0,0,5445,2333811588
518.414,1.92896,44.586,0,86,66,44,2760,10501,5.12848,164,16.8727,0,0,5445,2335740865
495.904,2.01652,44.586,0,86,66,44,2760,10501,5.12848,164,16.8727,0,0,5445,2337757625
346.062,2.88966,44.586,0,86,66,44,2760,10501,5.12848,164,16.8727,0,0,5445,2340647723
436.692,2.28994,44.586,0,86,66,44,2760,10501,5.12848,164,16.8727,0,0,5445,2342938040
330.927,3.02181,44.586,0,86,66,44,2760,10501,5.12848,164,16.8727,0,0,5445,2345960017
393.919,2.53859,44.586,0,86,66,44,2760,10501,5.12848,164,16.8727,0,0,5445,2348498949
380.484,2.62823,44.586,0,86,66,44,2760,10501,5.12848,164,16.8727,0,0,5445,2351127518
408.385,2.44867,44.586,0,86,66,44,2760,10501,5.12848,164,16.8727,0,0,5445,2353576456
364.026,2.74705,44.586,0,86,66,44,2760,10501,5.12848,164,16.8727,0,0,5445,2356323857
364.927,2.74028,44.586,0,86,66,44,2760,10501,5.12848,164,16.8727,0,0,5445,2359064497
214.4,4.66419,44.586,0,86,66,44,2760,10501,5.12848,164,16.8727,0,0,5445,2363728904
1120.39,0.89255,44.586,0,86,66,44,2760,10501,5.12848,164,16.8727,0,0,5445,2364621732
400.438,2.49727,44.586,0,86,66,44,2760,10501,5.12848,164,16.8727,0,0,5445,2367119432
388.852,2.57167,44.586,0,86,66,44,2760,10501,5.12848,164,16.8727,0,0,5445,2369691336
301.793,3.31353,44.586,0,86,66,44,2760,10501,5.12848,164,16.8727,0,0,5445,2373005159
264.469,3.78117,44.586,0,86,66,44,2760,10501,5.12848,164,16.8727,0,0,5445,2376786719
749.179,1.33479,44.586,0,86,66,44,2760,10501,5.12848,164,16.8727,0,0,5445,2378121851
356.724,2.80329,44.586,0,86,66,44,2760,10501,5.12848,164,16.8727,0,0,5445,2380925609
487.994,2.0492,44.586,0,86,66,44,2760,10501,5.12848,164,16.8727,0,0,5445,2382974947
195.777,5.10785,44.586,0,86,66,44,2760,10501,5.12848,164,16.8727,0,0,5445,2388083340
509.677,1.96203,44.586,0,86,66,44,2760,10501,5.12848,164,16.8727,0,0,5445,2390045599
468.588,2.13407,44.586,0,86,66,44,2760,10501,5.12848,164,16.8727,0,0,5445,2392180113
414.471,2.41272,44.586,0,86,66,44,2760,10501,5.12848,164,16.8727,0,0,5445,2394593156
439.666,2.27445,44.586,0,86,66,44,2760,10501,5.12848,164,16.8727,0,0,5445,2396867992
374.135,2.67283,44.586,0,86,66,44,2760,10501,5.12848,164,16.8727,0,0,5445,2399541005
339.791,2.94298,44.586,0,86,66,44,2760,10501,5.12848,164,16.8727,0,0,5445,2402484306
360.954,2.77044,44.586,0,86,66,44,2760,10501,5.12848,164,16.8727,0,0,5445,2405255236
410.228,2.43767,44.586,0,86,66,44,2760,10501,5.12848,164,16.8727,0,0,5445,2407693155
323.84,3.08794,44.586,0,86,66,44,2760,10501,5.12848,164,16.8727,0,0,5445,2410781490
198.383,5.04075,44.586,0,86,66,44,2760,10501,5.12848,164,16.8727,0,0,5445,2415822602
1209.19,0.826999,44.586,0,86,66,44,2760,10501,5.12848,164,16.8727,0,0,5445,2416650168
474.235,2.10866,44.586,0,86,66,44,2760,10501,5.12848,164,16.8727,0,0,5445,2418759393
311.327,3.21206,44.586,0,86,66,44,2760,10501,5.12848,164,16.8727,0,0,5445,2421971828
413.903,2.41602,44.586,0,86,66,44,2760,10501,5.12848,164,16.8727,0,0,5445,2424388025
394.558,2.53448,44.586,0,86,66,44,2760,10501,5.12848,164,16.8727,0,0,5445,2426922890
449.019,2.22708,44.586,0,86,66,44,2760,10501,5.12848,164,16.8727,0,0,5445,2429150282
343.171,2.914,44.586,0,86,66,44,2760,10501,5.12848,164,16.8727,0,0,5445,2432064601
379.064,2.63808,44.586,0,86,66,44,2760,10501,5.12848,164,16.8727,0,0,5445,2434702988
344.301,2.90443,44.586,0,86,66,44,2760,10501,5.12848,164,16.8727,0,0,5445,2437607730
202.923,4.92797,44.586,0,86,66,44,2760,10501,5.12848,164,16.8727,0,0,5445,2442536089
383.315,2.60882,44.586,0,86,66,44,2760,10501,5.12848,164,16.8727,0,0,5445,2445145369
303.752,3.29216,44.586,0,86,66,44,2760,10501,5.12848,164,16.8727,0,0,5445,2448437759
2505.15,0.399177,44.586,0,86,66,44,2760,10501,5.12848,164,16.8727,0,0,5445,2448837263
445.946,2.24242,44.586,0,86,66,44,2760,10501,5.12848,164,16.8727,0,0,5445,2451080011
389.906,2.56472,44.586,0,86,66,44,2760,10501,5.12848,164,16.8727,0,0,5445,2453645050
351.258,2.84691,44.586,0,86,66,44,2760,10501,5.12848,164,16.8727,0,0,5445,2456492271
397.047,2.51859,44.586,0,86,66,44,2760,10501,5.12848,164,16.8727,0,0,5445,2459011336
377.509,2.64895,44.586,0,86,66,44,2760,10501,5.12848,164,16.8727,0,0,5445,2461660502
293.3,3.40948,44.586,0,86,66,44,2760,10501,5.12848,164,16.8727,0,0,5445,2465070358
206.64,4.83934,44.586,0,86,66,44,2760,10501,5.12848,164,16.8727,0,0,5445,2469909973
1744.79,0.573135,44.586,0,86,66,44,2760,10501,5.12848,164,16.8727,0,0,5445,2470483252
588.412,1.69949,44.586,0,86,66,44,2760,10501,5.12848,164,16.8727,0,0,5445,2472183232
340.826,2.93405,44.586,0,86,66,44,2760,10501,5.12848,164,16.8727,0,0,5445,2475117773
365.083,2.7391,44.586,0,86,66,44,2760,10501,5.12848,164,16.8727,0,0,5445,2477857116
365.559,2.73553,44.586,0,86,66,44,2760,10501,5.12848,164,16.8727,0,0,5445,2480592852
361.42,2.76686,44.586,0,86,66,44,2760,10501,5.12848,164,16.8727,0,0,5445,2483360041
419.866,2.38172,44.586,0,86,66,44,2760,10501,5.12848,164,16.8727,0,0,5445,2485742179
345.274,2.89625,44.586,0,86,66,44,2760,10501,5.12848,164,16.8727,0,0,5445,2488638729
337.536,2.96265,44.586,0,86,66,44,2760,10501,5.12848,164,16.8727,0,0,5445,2491601684
231.122,4.32672,44.586,0,86,66,44,2760,10501,5.12848,164,16.8727,0,0,5445,2495928888
707.97,1.41249,44.586,0,86,66,44,2760,10501,5.12848,164,16.8727,0,0,5445,2497341714
421.184,2.37426,44.586,0,86,66,44,2760,10501,5.12848,164,16.8727,0,0,5445,2499716343
346.775,2.88371,44.586,0,86,66,44,2760,10501,5.12848,164,16.8727,0,0,5445,2502600295
407.468,2.45418,44.586,0,86,66,44,2760,10501,5.12848,164,16.8727,0,0,5445,2505054772
329.291,3.03682,44.586,0,86,66,44,2760,10501,5.12848,164,16.8727,0,0,5445,2508091923
393.887,2.5388,44.586,0,86,66,44,2760,10501,5.12848,164,16.8727,0,0,5445,2510631056
274.98,3.63662,44.586,0,86,66,44,2760,10501,5.12848,164,16.8727,0,0,5445,2514268016
494.339,2.02291,44.586,0,86,66,44,2760,10501,5.12848,164,16.8727,0,0,5445,2516291391
377.848,2.64657,44.586,0,86,66,44,2760,10501,5.12848,164,16.8727,0,0,5445,2518938231
376.672,2.65483,44.586,0,86,66,44,2760,10501,5.12848,164,16.8727,0,0,5445,2521593262
399.207,2.50497,44.586,0,86,66,44,2760,10501,5.12848,164,16.8727,0,0,5445,2524098731
359.978,2.77795,44.586,0,86,66,44,2760,10501,5.12848,164,16.8727,0,0,5445,2526876873
389.484,2.5675,44.586,0,86,66,44,2760,10501,5.12848,164,16.8727,0,0,5445,2529444652
341.385,2.92924,44.586,0,86,66,44,2760,10501,5.12848,164,16.8727,0,0,5445,2532374376
332.415,3.00828,44.586,0,86,66,44,2760,10501,5.12848,164,16.8727,0,0,5445,2535382910
449.446,2.22496,44.586,0,86,66,44,2760,10501,5.12848,164,16.8727,0,0,5445,2537608187
363.786,2.74887,44.586,0,86,66,44,2760,10501,5.12848,164,16.8727,0,0,5445,2540357491
333.286,3.00043,44.586,0,86,66,44,2760,10501,5.12848,164,16.8727,0,0,5445,2543358082
271.431,3.68418,44.586,0,86,66,44,2760,10501,5.12848,164,16.8727,0,0,5445,2547042601
260.605,3.83723,44.586,0,86,66,44,2760,10501,5.12848,164,16.8727,0,0,5445,2550880288
1541.81,0.648589,44.586,0,86,66,44,2760,10501,5.12848,164,16.8727,0,0,5445,2551529108
392.81,2.54576,44.586,0,86,66,44,2760,10501,5.12848,164,16.8727,0,0,5445,2554075165
403.314,2.47946,44.586,0,86,66,44,2760,10501,5.12848,164,16.8727,0,0,5445,2556554931
285.486,3.5028,44.586,0,86,66,44,2760,10501,5.12848,164,16.8727,0,0,5445,2560058087
593.648,1.6845,44.586,0,86,66,44,2760,10501,5.12848,164,16.8727,0,0,5445,2561742971
295.445,3.38472,44.586,0,86,66,44,2760,10501,5.12848,164,16.8727,0,0,5445,2565128162
541.53,1.84662,44.586,0,86,66,44,2760,10501,5.12848,164,16.8727,0,0,5445,2566974946
337.74,2.96086,44.586,0,86,66,44,2760,10501,5.12848,164,16.8727,0,0,5445,2569936103
350.127,2.85611,44.586,0,86,66,44,2760,10501,5.12848,164,16.8727,0,0,5445,2572792661
219.882,4.54788,44.586,0,86,66,44,2760,10501,5.12848,164,16.8727,0,0,5445,2577340881
955.481,1.04659,44.586,0,86,66,44,2760,10501,5.12848,164,16.8727,0,0,5445,2578387628
416.882,2.39876,44.586,0,86,66,44,2760,10501,5.12848,164,16.8727,0,0,5445,2580786844
417.986,2.39243,44.586,0,86,66,44,2760,10501,5.12848,164,16.8727,0,0,5445,2583179569
382.111,2.61704,44.586,0,86,66,44,2760,10501,5.12848,164,16.8727,0,0,5445,2585796993
349.426,2.86184,44.586,0,86,66,44,2760,10501,5.12848,164,16.8727,0,0,5445,2588659080
333.371,2.99966,44.586,0,86,66,44,2760,10501,5.12848,164,16.8727,0,0,5445,2591659066
360.262,2.77576,44.586,0,86,66,44,2760,10501,5.12848,164,16.8727,0,0,5445,2594435140
395.092,2.53106,44.586,0,86,66,44,2760,10501,5.12848,164,16.8727,0,0,5445,2596966524
416.728,2.39965,44.586,0,86,66,44,2760,10501,5.12848,164,16.8727,0,0,5445,2599366460
232.512,4.30085,44.586,0,86,66,44,2760,10501,5.12848,164,16.8727,0,0,5445,2603667807
620.404,1.61185,44.586,0,86,66,44,2760,10501,5.12848,164,16.8727,0,0,5445,2605279938
385.199,2.59606,44.586,0,86,66,44,2760,10501,5.12848,164,16.8727,0,0,5445,2607876285
296.722,3.37016,44.586,0,86,66,44,2760,10501,5.12848,164,16.8727,0,0,5445,2611246880
468.172,2.13597,44.586,0,86,66,44,2760,10501,5.12848,164,16.8727,0,0,5445,2613383154
399.187,2.50509,44.586,0,86,66,44,2760,10501,5.12848,164,16.8727,0,0,5445,2615888546
415.662,2.4058,44.586,0,86,66,44,2760,10501,5.12848,164,16.8727,0,0,5445,2618294665
259.776,3.84947,44.586,0,86,66,44,2760,10501,5.12848,164,16.8727,0,0,5445,2622144545
498.466,2.00616,44.586,0,86,66,44,2760,10501,5.12848,164,16.8727,0,0,5445,2624150892
487.937,2.04944,44.586,0,86,66,44,2760,10501,5.12848,164,16.8727,0,0,5445,2626200663
211.872,4.71983,44.586,0,86,66,44,2760,10501,5.12848,164,16.8727,0,0,5445,2630921033
677.342,1.47636,44.586,0,86,66,44,2760,10501,5.12848,164,16.8727,0,0,5445,2632397573
537.333,1.86104,44.586,0,86,66,44,2760,10501,5.12848,164,16.8727,0,0,5445,2634258982
209.195,4.78022,44.586,0,86,66,44,2760,10501,5.12848,164,16.8727,0,0,5445,2639039595
343.157,2.91412,44.586,0,86,66,44,2760,10501,5.12848,164,16.8727,0,0,5445,2641954020
2312.99,0.432341,44.586,0,86,66,44,2760,10501,5.12848,164,16.8727,0,0,5445,2642386612
331.376,3.01772,44.586,0,86,66,44,2760,10501,5.12848,164,16.8727,0,0,5445,2645404723
496.861,2.01263,44.586,0,86,66,44,2760,10501,5.12848,164,16.8727,0,0,5445,2647417618
404.119,2.47452,44.586,0,86,66,44,2760,10501,5.12848,164,16.8727,0,0,5445,2649892711
350.535,2.85278,44.586,0,86,66,44,2760,10501,5.12848,164,16.8727,0,0,5445,2652745749
213.485,4.68418,44.586,0,86,66,44,2760,10501,5.12848,164,16.8727,0,0,5445,2657430417
690.575,1.44807,44.586,0,86,66,44,2760,10501,5.12848,164,16.8727,0,0,5445,2658878725
383.615,2.60678,44.586,0,86,66,44,2760,10501,5.12848,164,16.8727,0,0,5445,2661485909
427.807,2.3375,44.586,0,86,66,44,2760,10501,5.12848,164,16.8727,0,0,5445,2663823902
342.431,2.9203,44.586,0,86,66,44,2760,10501,5.12848,164,16.8727,0,0,5445,2666744635
363.35,2.75217,44.586,0,86,66,44,2760,10501,5.12848,164,16.8727,0,0,5445,2669497208
373.603,2.67664,44.586,0,86,66,44,2760,10501,5.12848,164,16.8727,0,0,5445,2672174375
336.827,2.96888,44.586,0,86,66,44,2760,10501,5.12848,164,16.8727,0,0,5445,2675143668
519.352,1.92548,44.586,0,86,66,44,2760,10501,5.12848,164,16.8727,0,0,5445,2677069425
377.126,2.65164,44.586,0,86,66,44,2760,10501,5.12848,164,16.8727,0,0,5445,2679721360
210.862,4.74244,44.586,0,86,66,44,2760,10501,5.12848,164,16.8727,0,0,5445,2684464068
773.593,1.29267,44.586,0,86,66,44,2760,10501,5.12848,164,16.8727,0,0,5445,2685757227
304.019,3.28926,44.586,0,86,66,44,2760,10501,5.12848,164,16.8727,0,0,5445,2689046751
721.527,1.38595,44.586,0,86,66,44,2760,10501,5.12848,164,16.8727,0,0,5445,2690434471
318.729,3.13746,44.586,0,86,66,44,2760,10501,5.12848,164,16.8727,0,0,5445,2693571529
415.893,2.40446,44.586,0,86,66,44,2760,10501,5.12848,164,16.8727,0,0,5445,2695976456
365.074,2.73917,44.586,0,86,66,44,2760,10501,5.12848,164,16.8727,0,0,5445,2698716125
359.765,2.77959,44.586,0,86,66,44,2760,10501,5.12848,164,16.8727,0,0,5445,2701495748
371.794,2.68966,44.586,0,86,66,44,2760,10501,5.12848,164,16.8727,0,0,5445,2704185723
385.506,2.59399,44.586,0,86,66,44,2760,10501,5.12848,164,16.8727,0,0,5445,2706780099
211.112,4.73681,44.586,0,86,66,44,2760,10501,5.12848,164,16.8727,0,0,5445,2711517172
611.507,1.63531,44.586,0,86,66,44,2760,10501,5.12848,164,16.8727,0,0,5445,2713152795
400.958,2.49403,44.586,0,86,66,44,2760,10501,5.12848,164,16.8727,0,0,5445,2715647109
402.025,2.48741,44.586,0,86,66,44,2760,10501,5.12848,164,16.8727,0,0,5445,2718134828
365.227,2.73802,44.586,0,86,66,44,2760,10501,5.12848,164,16.8727,0,0,5445,2720873199
422.886,2.3647,44.586,0,86,66,44,2760,10501,5.12848,164,16.8727,0,0,5445,2723238192
145.128,6.89048,44.586,0,86,66,44,2760,10501,5.12848,164,16.8727,0,0,5445,2730129165
669.304,1.49409,44.586,0,86,66,44,2760,10501,5.12848,164,16.8727,0,0,5445,2731623619
421.648,2.37165,44.586,0,86,66,44,2760,10501,5.12848,164,16.8727,0,0,5445,2733995718
649.139,1.5405,44.586,0,86,66,44,2760,10501,5.12848,164,16.8727,0,0,5445,2735536424
246.35,4.05927,44.586,0,86,66,44,2760,10501,5.12848,164,16.8727,0,0,5445,2739595984
428.899,2.33155,44.586,0,86,66,44,2760,10501,5.12848,164,16.8727,0,0,5445,2741928024
417.844,2.39323,44.586,0,86,66,44,2760,10501,5.12848,164,16.8727,0,0,5445,2744321595
405.061,2.46877,44.586,0,86,66,44,2760,10501,5.12848,164,16.8727,0,0,5445,2746790601
351.734,2.84306,44.586,0,86,66,44,2760,10501,5.12848,164,16.8727,0,0,5445,2749634159
281.067,3.55787,44.586,0,86,66,44,2760,10501,5.12848,164,16.8727,0,0,5445,2753192221
615.706,1.62415,44.586,0,86,66,44,2760,10501,5.12848,164,16.8727,0,0,5445,2754816583
438.136,2.28239,44.586,0,86,66,44,2760,10501,5.12848,164,16.8727,0,0,5445,2757101795
269.196,3.71477,44.0569,0,86,66,44,2760,10501,5.12848,165,16.873,0,0,5446,2760814487
542.063,1.8448,44.0569,0,86,66,44,2760,10501,5.12848,165,16.873,0,0,5446,2762659588
283.041,3.53305,44.0569,0,86,66,44,2760,10501,5.12848,165,16.873,0,0,5446,2766192947
528.255,1.89303,44.0569,0,86,66,44,2760,10501,5.12848,165,16.873,0,0,5446,2768086261
315.198,3.17261,44.0569,0,86,66,44,2760,10501,5.12848,165,16.873,0,0,5446,2771259455
522.034,1.91558,44.0569,0,86,66,44,2760,10501,5.12848,165,16.873,0,0,5446,2773175048
202.505,4.93816,44.0569,0,86,66,44,2760,10501,5.12848,165,16.873,0,0,5446,2778113580
268.203,3.72852,44.0569,0,86,66,44,2760,10501,5.12848,165,16.873,0,0,5446,2781842350
1992.77,0.501815,44.0569,0,86,66,44,2760,10501,5.12848,165,16.873,0,0,5446,2782344588
485.942,2.05786,44.0569,0,86,66,44,2760,10501,5.12848,165,16.873,0,0,5446,2784402840
414.924,2.41008,44.0569,0,86,66,44,2760,10501,5.12848,165,16.873,0,0,5446,2786813161
374.87,2.66759,44.0569,0,86,66,44,2760,10501,5.12848,165,16.873,0,0,5446,2789481078
291.18,3.4343,44.0569,0,86,66,44,2760,10501,5.12848,165,16.873,0,0,5446,2792915838
514.228,1.94466,44.0569,0,86,66,44,2760,10501,5.12848,165,16.873,0,0,5446,2794860731
341.861,2.92517,44.0569,0,86,66,44,2760,10501,5.12848,165,16.873,0,0,5446,2797786224
380.449,2.62847,44.0569,0,86,66,44,2760,10501,5.12848,165,16.873,0,0,5446,2800415033
410.751,2.43456,44.0569,0,86,66,44,2760,10501,5.12848,165,16.873,0,0,5446,2802849933
378.656,2.64092,44.0569,0,86,66,44,2760,10501,5.12848,165,16.873,0,0,5446,2805491156
341.945,2.92444,44.0569,0,86,66,44,2760,10501,5.12848,165,16.873,0,0,5446,2808415899
365.362,2.73702,44.0569,0,86,66,44,2760,10501,5.12848,165,16.873,0,0,5446,2811153289
335.456,2.98101,44.0569,0,86,66,44,2760,10501,5.12848,165,16.873,0,0,5446,2814134640
503.761,1.98507,44.0569,0,86,66,44,2760,10501,5.12848,165,16.873,0,0,5446,2816120101
185.163,5.40063,44.0569,0,86,66,44,2760,10501,5.12848,165,16.873,0,0,5446,2821521014
748.268,1.33642,44.0569,0,86,66,44,2760,10501,5.12848,165,16.873,0,0,5446,2822857838
652.003,1.53374,44.0569,0,86,66,44,2760,10501,5.12848,165,16.873,0,0,5446,2824391745
458.235,2.18229,44.0569,0,86,66,44,2760,10501,5.12848,165,16.873,0,0,5446,2826574357
329.039,3.03915,44.0569,0,86,66,44,2760,10501,5.12848,165,16.873,0,0,5446,2829613835
366.265,2.73026,44.0569,0,86,66,44,2760,10501,5.12848,165,16.873,0,0,5446,2832344590
358.406,2.79013,44.0569,0,86,66,44,2760,10501,5.12848,165,16.873,0,0,5446,2835135088
411.874,2.42793,44.0569,0,86,66,44,2760,10501,5.12848,165,16.873,0,0,5446,2837563400
367.429,2.72161,44.0569,0,86,66,44,2760,10501,5.12848,165,16.873,0,0,5446,2840285358
364.978,2.73989,44.0569,0,86,66,44,2760,10501,5.12848,165,16.873,0,0,5446,2843025402
297.598,3.36024,44.0569,0,86,66,44,2760,10501,5.12848,165,16.873,0,0,5446,2846385938
579.371,1.72601,44.0569,0,86,66,44,2760,10501,5.12848,165,16.873,0,0,5446,2848112285
341.962,2.9243,44.0569,0,86,66,44,2760,10501,5.12848,165,16.873,0,0,5446,2851036931
319.254,3.1323,44.0569,0,86,66,44,2760,10501,5.12848,165,16.873,0,0,5446,2854169575
435.628,2.29554,44.0569,0,86,66,44,2760,10501,5.12848,165,16.873,0,0,5446,2856465441
392.551,2.54744,44.0569,0,86,66,44,2760,10501,5.12848,165,16.873,0,0,5446,2859013191
326.938,3.05868,44.0569,0,86,66,44,2760,10501,5.12848,165,16.873,0,0,5446,2862072169
424.843,2.35381,44.0569,0,86,66,44,2760,10501,5.12848,165,16.873,0,0,5446,2864426258
384.622,2.59995,44.0569,0,86,66,44,2760,10501,5.12848,165,16.873,0,0,5446,2867026797
396.98,2.51902,44.0569,0,86,66,44,2760,10501,5.12848,165,16.873,0,0,5446,2869545815
257.376,3.88537,44.0569,0,86,66,44,2760,10501,5.12848,165,16.873,0,0,5446,2873431523
574.236,1.74144,44.0569,0,86,66,44,2760,10501,5.12848,165,16.873,0,0,5446,2875173283
256.932,3.89207,44.0569,0,86,66,44,2760,10501,5.12848,165,16.873,0,0,5446,2879065703
327.355,3.05479,44.0569,0,86,66,44,2760,10501,5.12848,165,16.873,0,0,5446,2882120950
558.322,1.79108,44.0569,0,86,66,44,2760,10501,5.12848,165,16.873,0,0,5446,2883912491
509.36,1.96325,44.0569,0,86,66,44,2760,10501,5.12848,165,16.873,0,0,5446,2885875980
412.114,2.42651,44.0569,0,86,66,44,2760,10501,5.12848,165,16.873,0,0,5446,2888302803
335.347,2.98199,44.0569,0,86,66,44,2760,10501,5.12848,165,16.873,0,0,5446,2891285105
433.899,2.30468,44.0569,0,86,66,44,2760,10501,5.12848,165,16.873,0,0,5446,2893590125
348.761,2.86729,44.0569,0,86,66,44,2760,10501,5.12848,165,16.873,0,0,5446,2896457722
284.449,3.51557,44.0569,0,86,66,44,2760,10501,5.12848,165,16.873,0,0,5446,2899973581
507.189,1.97165,44.0569,0,86,66,44,2760,10501,5.12848,165,16.873,0,0,5446,2901945580
348.358,2.87061,44.0569,0,86,66,44,2760,10501,5.12848,165,16.873,0,0,5446,2904816638
269.524,3.71024,44.0569,0,86,66,44,2760,10501,5.12848,165,16.873,0,0,5446,2908527369
624.75,1.60064,44.0569,0,86,66,44,2760,10501,5.12848,165,16.873,0,0,5446,2910146596
386.956,2.58427,44.0569,0,86,66,44,2760,10501,5.12848,165,16.873,0,0,5446,2912712731
375.846,2.66067,44.0569,0,86,66,44,2760,10501,5.12848,165,16.873,0,0,5446,2915373734
325.625,3.07102,44.0569,0,86,66,44,2760,10501,5.12848,165,16.873,0,0,5446,2918445174
399.747,2.50158,44.0569,0,86,66,44,2760,10501,5.12848,165,16.873,0,0,5446,2920947066
394.955,2.53193,44.0569,0,86,66,44,2760,10501,5.12848,165,16.873,0,0,5446,2923479267
188.658,5.30061,44.0569,0,86,66,44,2760,10501,5.12848,165,16.873,0,0,5446,2928780359
2021.75,0.494622,44.0569,0,86,66,44,2760,10501,5.12848,165,16.873,0,0,5446,2929275164
472.417,2.11677,44.0569,0,86,66,44,2760,10501,5.12848,165,16.873,0,0,5446,2931392274
338.432,2.9548,44.0569,0,86,66,44,2760,10501,5.12848,165,16.873,0,0,5446,2934347460
233.321,4.28593,44.0569,0,86,66,44,2760,10501,5.12848,165,16.873,0,0,5446,2938633672
1217.93,0.821067,44.0569,0,86,66,44,2760,10501,5.12848,165,16.873,0,0,5446,2939455046
414.878,2.41035,44.0569,0,86,66,44,2760,10501,5.12848,165,16.873,0,0,5446,2941865733
373.504,2.67735,44.0569,0,86,66,44,2760,10501,5.12848,165,16.873,0,0,5446,2944543381
349.378,2.86223,44.0569,0,86,66,44,2760,10501,5.12848,165,16.873,0,0,5446,2947406064
357.173,2.79977,44.0569,0,86,66,44,2760,10501,5.12848,165,16.873,0,0,5446,2950205927
201.177,4.97074,44.0569,0,86,66,44,2760,10501,5.12848,165,16.873,0,0,5446,2955177066
757.225,1.32061,44.0569,0,86,66,44,2760,10501,5.12848,165,16.873,0,0,5446,2956498101
581.714,1.71906,44.0569,0,86,66,44,2760,10501,5.12848,165,16.873,0,0,5446,2958217409
391.891,2.55173,44.0569,0,86,66,44,2760,10501,5.12848,165,16.873,0,0,5446,2960769514
353.512,2.82876,44.0569,0,86,66,44,2760,10501,5.12848,165,16.873,0,0,5446,2963598561
389.128,2.56985,44.0569,0,86,66,44,2760,10501,5.12848,165,16.873,0,0,5446,2966168725
258.179,3.87328,44.0569,0,86,66,44,2760,10501,5.12848,165,16.873,0,0,5446,2970042519
395.639,2.52756,44.0569,0,86,66,44,2760,10501,5.12848,165,16.873,0,0,5446,2972570498
608.451,1.64352,44.0569,0,86,66,44,2760,10501,5.12848,165,16.873,0,0,5446,2974214255
334.193,2.99228,44.0569,0,86,66,44,2760,10501,5.12848,165,16.873,0,0,5446,2977206770
230.005,4.34773,44.0569,0,86,66,44,2760,10501,5.12848,165,16.873,0,0,5446,2981554839
606.033,1.65007,44.0569,0,86,66,44,2760,10501,5.12848,165,16.873,0,0,5446,2983205337
434.352,2.30228,44.0569,0,86,66,44,2760,10501,5.12848,165,16.873,0,0,5446,2985507828
404.533,2.47199,44.0569,0,86,66,44,2760,10501,5.12848,165,16.873,0,0,5446,2987980181
477.552,2.09401,44.0569,0,86,66,44,2760,10501,5.12848,165,16.873,0,0,5446,2990074501
348.597,2.86864,44.0569,0,86,66,44,2760,10501,5.12848,165,16.873,0,0,5446,2992943473
410.604,2.43544,44.0569,0,86,66,44,2760,10501,5.12848,165,16.873,0,0,5446,2995379334
360.614,2.77305,44.0569,0,86,66,44,2760,10501,5.12848,165,16.873,0,0,5446,2998152629
274.603,3.64162,44.0569,0,86,66,44,2760,10501,5.12848,165,16.873,0,0,5446,3001794704
505.908,1.97664,44.0569,0,86,66,44,2760,10501,5.12848,165,16.873,0,0,5446,3003771675
227.145,4.40247,44.0569,0,86,66,44,2760,10501,5.12848,165,16.873,0,0,5446,3008174563
537.53,1.86036,44.0569,0,86,66,44,2760,10501,5.12848,165,16.873,0,0,5446,3010035116
360.945,2.77051,44.0569,0,86,66,44,2760,10501,5.12848,165,16.873,0,0,5446,3012805998
483.867,2.06668,44.0569,0,86,66,44,2760,10501,5.12848,165,16.873,0,0,5446,3014875231
400.27,2.49832,44.0569,0,86,66,44,2760,10501,5.12848,165,16.873,0,0,5446,3017371864
469.82,2.12848,44.0569,0,86,66,44,2760,10501,5.12848,165,16.873,0,0,5446,3019500724
335.541,2.98026,44.0569,0,86,66,44,2760,10501,5.12848,165,16.873,0,0,5446,3022481295
416.781,2.39934,44.0569,0,86,66,44,2760,10501,5.12848,165,16.873,0,0,5446,3024880963
294.205,3.39899,44.0569,0,86,66,44,2760,10501,5.12848,165,16.873,0,0,5446,3028280241
522.509,1.91384,44.0569,0,86,66,44,2760,10501,5.12848,165,16.873,0,0,5446,3030194401
337.718,2.96105,44.0569,0,86,66,44,2760,10501,5.12848,165,16.873,0,0,5446,3033155828
351.761,2.84284,44.0569,0,86,66,44,2760,10501,5.12848,165,16.873,0,0,5446,3035999011
393.996,2.53809,44.0569,0,86,66,44,2760,10501,5.12848,165,16.873,0,0,5446,3038537423
480.278,2.08213,44.0569,0,86,66,44,2760,10501,5.12848,165,16.873,0,0,5446,3040619897
313.713,3.18763,44.0569,0,86,66,44,2760,10501,5.12848,165,16.873,0,0,5446,3043807812
417.219,2.39682,44.0569,0,86,66,44,2760,10501,5.12848,165,16.873,0,0,5446,3046204979
332.717,3.00555,44.0569,0,86,66,44,2760,10501,5.12848,165,16.873,0,0,5446,3049210956
406.546,2.45975,44.0569,0,86,66,44,2760,10501,5.12848,165,16.873,0,0,5446,3051671048
354.974,2.81711,44.0569,0,86,66,44,2760,10501,5.12848,165,16.873,0,0,5446,3054488316
376.97,2.65273,44.0569,0,86,66,44,2760,10501,5.12848,165,16.873,0,0,5446,3057141377
235.127,4.25303,44.0569,0,86,66,44,2760,10501,5.12848,165,16.873,0,0,5446,3061394751
647.522,1.54435,44.0569,0,86,66,44,2760,10501,5.12848,165,16.873,0,0,5446,3062939630
476.648,2.09798,44.0569,0,86,66,44,2760,10501,5.12848,165,16.873,0,0,5446,3065037778
389.342,2.56843,44.0569,0,86,66,44,2760,10501,5.12848,165,16.873,0,0,5446,3067606605
346.994,2.8819,44.0569,0,86,66,44,2760,10501,5.12848,165,16.873,0,0,5446,3070488884
379.17,2.63734,44.0569,0,86,66,44,2760,10501,5.12848,165,16.873,0,0,5446,3073126473
392.831,2.54562,44.0569,0,86,66,44,2760,10501,5.12848,165,16.873,0,0,5446,3075672521
342.83,2.9169,44.0569,0,86,66,44,2760,10501,5.12848,165,16.873,0,0,5446,3078589677
383.006,2.61092,44.0569,0,86,66,44,2760,10501,5.12848,165,16.873,0,0,5446,3081200918
334.783,2.98701,44.0569,0,86,66,44,2760,10501,5.12848,165,16.873,0,0,5446,3084188231
334.099,2.99312,44.0569,0,86,66,44,2760,10501,5.12848,165,16.873,0,0,5446,3087181783
502.943,1.9883,44.0569,0,86,66,44,2760,10501,5.12848,165,16.873,0,0,5446,3089170475
318.587,3.13886,44.0569,0,86,66,44,2760,10501,5.12848,165,16.873,0,0,5446,3092309543
404.706,2.47093,44.0569,0,86,66,44,2760,10501,5.12848,165,16.873,0,0,5446,3094780713
373.927,2.67432,44.0569,0,86,66,44,2760,10501,5.12848,165,16.873,0,0,5446,3097455408
410.027,2.43886,44.0569,0,86,66,44,2760,10501,5.12848,165,16.873,0,0,5446,3099894558
319.466,3.13022,44.0569,0,86,66,44,2760,10501,5.12848,165,16.873,0,0,5446,3103025077
413.798,2.41664,44.0569,0,86,66,44,2760,10501,5.12848,165,16.873,0,0,5446,3105442033
353.656,2.82761,44.0569,0,86,66,44,2760,10501,5.12848,165,16.873,0,0,5446,3108270119
412.138,2.42637,44.0569,0,86,66,44,2760,10501,5.12848,165,16.873,0,0,5446,3110696701
211.316,4.73225,44.0569,0,86,66,44,2760,10501,5.12848,165,16.873,0,0,5446,3115429303
280.23,3.5685,44.0569,0,86,66,44,2760,10501,5.12848,165,16.873,0,0,5446,3118998086
397.779,2.51396,44.0569,0,86,66,44,2760,10501,5.12848,165,16.873,0,0,5446,3121512344
1073.34,0.931675,44.0569,0,86,66,44,2760,10501,5.12848,165,16.873,0,0,5446,3122444318
397.674,2.51462,44.0569,0,86,66,44,2760,10501,5.12848,165,16.873,0,0,5446,3124959133
370.154,2.70158,44.0569,0,86,66,44,2760,10501,5.12848,165,16.873,0,0,5446,3127661196
382.695,2.61305,44.0569,0,86,66,44,2760,10501,5.12848,165,16.873,0,0,5446,3130274476
357.034,2.80085,44.0569,0,86,66,44,2760,10501,5.12848,165,16.873,0,0,5446,3133075638
226.648,4.41213,44.0569,0,86,66,44,2760,10501,5.12848,165,16.873,0,0,5446,3137488152
685.54,1.4587,44.0569,0,86,66,44,2760,10501,5.12848,165,16.873,0,0,5446,3138947162
241.493,4.1409,44.0569,0,86,66,44,2760,10501,5.12848,165,16.873,0,0,5446,3143088465
760.402,1.31509,44.0569,0,86,66,44,2760,10501,5.12848,165,16.873,0,0,5446,3144403894
460.306,2.17247,44.0569,0,86,66,44,2760,10501,5.12848,165,16.873,0,0,5446,3146576593
393.091,2.54394,44.0569,0,86,66,44,2760,10501,5.12848,165,16.873,0,0,5446,3149120909
343.079,2.91478,44.0569,0,86,66,44,2760,10501,5.12848,165,16.873,0,0,5446,3152036027
362.334,2.75988,44.0569,0,86,66,44,2760,10501,5.12848,165,16.873,0,0,5446,3154796341
345.342,2.89568,44.0569,0,86,66,44,2760,10501,5.12848,165,16.873,0,0,5446,3157692342
412.535,2.42403,44.0569,0,86,66,44,2760,10501,5.12848,165,16.873,0,0,5446,3160116905
299.5,3.3389,44.0569,0,86,66,44,2760,10501,5.12848,165,16.873,0,0,5446,3163455959
431.367,2.31821,44.0569,0,86,66,44,2760,10501,5.12848,165,16.873,0,0,5446,3165774528
184.891,5.40859,44.0569,0,86,66,44,2760,10501,5.12848,165,16.873,0,0,5446,3171183566
612.807,1.63183,44.0569,0,86,66,44,2760,10501,5.12848,165,16.873,0,0,5446,3172815544
396.417,2.52259,44.0569,0,86,66,44,2760,10501,5.12848,165,16.873,0,0,5446,3175338620
609.768,1.63997,44.0569,0,86,66,44,2760,10501,5.12848,165,16.873,0,0,5446,3176979098
325.009,3.07683,44.0569,0,86,66,44,2760,10501,5.12848,165,16.873,0,0,5446,3180056221
355.224,2.81512,44.0569,0,86,66,44,2760,10501,5.12848,165,16.873,0,0,5446,3182871825
437.175,2.28741,44.0569,0,86,66,44,2760,10501,5.12848,165,16.873,0,0,5446,3185159460
386.35,2.58833,44.0569,0,86,66,44,2760,10501,5.12848,165,16.873,0,0,5446,3187748124
299.35,3.34057,44.0569,0,86,66,44,2760,10501,5.12848,165,16.873,0,0,5446,3191089064
629.241,1.58922,44.0569,0,86,66,44,2760,10501,5.12848,165,16.873,0,0,5446,3192678502
242.561,4.12268,44.0569,0,86,66,44,2760,10501,5.12848,165,16.873,0,0,5446,3196801708
457.586,2.18538,44.0569,0,86,66,44,2760,10501,5.12848,165,16.873,0,0,5446,3198987330
214.748,4.65663,44.0569,0,86,66,44,2760,10501,5.12848,165,16.873,0,0,5446,3203644371
706.959,1.41451,44.0569,0,86,66,44,2760,10501,5.12848,165,16.873,0,0,5446,3205069208
554.968,1.80191,44.0569,0,86,66,44,2760,10501,5.12848,165,16.873,0,0,5446,3206871442
366.074,2.73169,44.0569,0,86,66,44,2760,10501,5.12848,165,16.873,0,0,5446,3209603313
407.687,2.45286,44.0569,0,86,66,44,2760,10501,5.12848,165,16.873,0,0,5446,3212056511
385.132,2.59651,44.0569,0,86,66,44,2760,10501,5.12848,165,16.873,0,0,5446,3214653377
355.797,2.8106,44.0569,0,86,66,44,2760,10501,5.12848,165,16.873,0,0,5446,3217464222
437.86,2.28384,44.0569,0,86,66,44,2760,10501,5.12848,165,16.873,0,0,5446,3219748356
306.476,3.2629,44.0569,0,86,66,44,2760,10501,5.12848,165,16.873,0,0,5446,3223011726
288.196,3.46986,44.0569,0,86,66,44,2760,10501,5.12848,165,16.873,0,0,5446,3226481891
397.378,2.5165,44.0569,0,86,66,44,2760,10501,5.12848,165,16.873,0,0,5446,3228998659
479.326,2.08626,44.0569,0,86,66,44,2760,10501,5.12848,165,16.873,0,0,5446,3231085219
345.709,2.89261,44.0569,0,86,66,44,2760,10501,5.12848,165,16.873,0,0,5446,3233978153
231.327,4.32288,44.0569,0,86,66,44,2760,10501,5.12848,165,16.873,0,0,5446,3238301472
619.772,1.6135,44.0569,0,86,66,44,2760,10501,5.12848,165,16.873,0,0,5446,3239915180
540.169,1.85127,44.0569,0,86,66,44,2760,10501,5.12848,165,16.873,0,0,5446,3241766839
293.54,3.40669,44.0569,0,86,66,44,2760,10501,5.12848,165,16.873,0,0,5446,3245173906
333.149,3.00166,44.0569,0,86,66,44,2760,10501,5.12848,165,16.873,0,0,5446,3248175911
681.105,1.4682,44.0569,0,86,66,44,2760,10501,5.12848,165,16.873,0,0,5446,3249644422
253.432,3.94583,44.0569,0,86,66,44,2760,10501,5.12848,165,16.873,0,0,5446,3253590718
473.445,2.11218,44.0569,0,86,66,44,2760,10501,5.12848,165,16.873,0,0,5446,3255703203
158.92,6.29247,44.0569,0,86,66,44,2760,10501,5.12848,165,16.873,0,0,5446,3261998299
511.842,1.95373,45.4088,0,86,66,44,2760,10501,5.12848,165,16.8712,0,0,5440,3263950019
511.948,1.95333,45.4088,0,86,66,44,2760,10501,5.12848,165,16.8712,0,0,5440,3265903758
468.541,2.13428,45.4088,0,86,66,44,2760,10501,5.12848,165,16.8712,0,0,5440,3268038359
240.398,4.15977,45.4088,0,86,66,44,2760,10501,5.12848,165,16.8712,0,0,5440,3272198460
889.262,1.12453,45.4088,0,86,66,44,2760,10501,5.12848,165,16.8712,0,0,5440,3273323296
443.113,2.25676,45.4088,0,86,66,44,2760,10501,5.12848,165,16.8712,0,0,5440,3275580334
356.029,2.80876,45.4088,0,86,66,44,2760,10501,5.12848,165,16.8712,0,0,5440,3278389583
399.043,2.506,45.4088,0,86,66,44,2760,10501,5.12848,165,16.8712,0,0,5440,3280895927
312.433,3.20069,45.4088,0,86,66,44,2760,10501,5.12848,165,16.8712,0,0,5440,3284096861
312.649,3.19847,45.4088,0,86,66,44,2760,10501,5.12848,165,16.8712,0,0,5440,3287295662
240.538,4.15734,45.4088,0,86,66,44,2760,10501,5.12848,165,16.8712,0,0,5440,3291453369
747.773,1.3373,45.4088,0,86,66,44,2760,10501,5.12848,165,16.8712,0,0,5440,3292790885
578.642,1.72818,45.4088,0,86,66,44,2760,10501,5.12848,165,16.8712,0,0,5440,3294519386
412.889,2.42196,45.4088,0,86,66,44,2760,10501,5.12848,165,16.8712,0,0,5440,3296941650
198.22,5.0449,45.4088,0,86,66,44,2760,10501,5.12848,165,16.8712,0,0,5440,3301987214
400.14,2.49912,45.4088,0,86,66,44,2760,10501,5.12848,165,16.8712,0,0,5440,3304486491
1662.32,0.601569,45.4088,0,86,66,44,2760,10501,5.12848,165,16.8712,0,0,5440,3305088290
351.126,2.84798,45.4088,0,86,66,44,2760,10501,5.12848,165,16.8712,0,0,5440,3307936694
343.983,2.90712,45.4088,0,86,66,44,2760,10501,5.12848,165,16.8712,0,0,5440,3310844119
520.17,1.92245,45.4088,0,86,66,44,2760,10501,5.12848,165,16.8712,0,0,5440,3312766933
394.739,2.53332,45.4088,0,86,66,44,2760,10501,5.12848,165,16.8712,0,0,5440,3315300442
324.89,3.07797,45.4088,0,86,66,44,2760,10501,5.12848,165,16.8712,0,0,5440,3318378690
407.223,2.45566,45.4088,0,86,66,44,2760,10501,5.12848,165,16.8712,0,0,5440,3320834801
293.562,3.40643,45.4088,0,86,66,44,2760,10501,5.12848,165,16.8712,0,0,5440,3324241493
341.696,2.92658,45.4088,0,86,66,44,2760,10501,5.12848,165,16.8712,0,0,5440,3327168409
450.898,2.2178,45.4088,0,86,66,44,2760,10501,5.12848,165,16.8712,0,0,5440,3329386580
512.783,1.95014,45.4088,0,86,66,44,2760,10501,5.12848,165,16.8712,0,0,5440,3331336934
299.855,3.33495,45.4088,0,86,66,44,2760,10501,5.12848,165,16.8712,0,0,5440,3334672450
343.729,2.90927,45.4088,0,86,66,44,2760,10501,5.12848,165,16.8712,0,0,5440,3337581827
335.632,2.97946,45.4088,0,86,66,44,2760,10501,5.12848,165,16.8712,0,0,5440,3340561764
424.624,2.35502,45.4088,0,86,66,44,2760,10501,5.12848,165,16.8712,0,0,5440,3342916997
621.788,1.60827,45.4088,0,86,66,44,2760,10501,5.12848,165,16.8712,0,0,5440,3344525465
363.17,2.75354,45.4088,0,86,66,44,2760,10501,5.12848,165,16.8712,0,0,5440,3347279375
392.813,2.54574,45.4088,0,86,66,44,2760,10501,5.12848,165,16.8712,0,0,5440,3349825471
322.019,3.1054,45.4088,0,86,66,44,2760,10501,5.12848,165,16.8712,0,0,5440,3352931268
400.225,2.49859,45.4088,0,86,66,44,2760,10501,5.12848,165,16.8712,0,0,5440,3355430102
195.447,5.11649,45.4088,0,86,66,44,2760,10501,5.12848,165,16.8712,0,0,5440,3360547063
348.493,2.8695,45.4088,0,86,66,44,2760,10501,5.12848,165,16.8712,0,0,5440,3363417034
354.19,2.82334,45.4088,0,86,66,44,2760,10501,5.12848,165,16.8712,0,0,5440,3366240514
436.102,2.29304,45.4088,0,86,66,44,2760,10501,5.12848,165,16.8712,0,0,5440,3368536130
387.796,2.57867,45.4088,0,86,66,44,2760,10501,5.12848,165,16.8712,0,0,5440,3371115150
406.019,2.46294,45.4088,0,86,66,44,2760,10501,5.12848,165,16.8712,0,0,5440,3373578473
442.109,2.26188,45.4088,0,86,66,44,2760,10501,5.12848,165,16.8712,0,0,5440,3375840818
377.746,2.64728,45.4088,0,86,66,44,2760,10501,5.12848,165,16.8712,0,0,5440,3378488360
533.315,1.87506,45.4088,0,86,66,44,2760,10501,5.12848,165,16.8712,0,0,5440,3380363798
347.358,2.87888,45.4088,0,86,66,44,2760,10501,5.12848,165,16.8712,0,0,5440,3383242972
207.608,4.81677,45.4088,0,86,66,44,2760,10501,5.12848,165,16.8712,0,0,5440,3388060211
618.375,1.61714,45.4088,0,86,66,44,2760,10501,5.12848,165,16.8712,0,0,5440,3389677564
469.186,2.13135,45.4088,0,86,66,44,2760,10501,5.12848,165,16.8712,0,0,5440,3391809395
372.955,2.68129,45.4088,0,86,66,44,2760,10501,5.12848,165,16.8712,0,0,5440,3394490803
350.554,2.85262,45.4088,0,86,66,44,2760,10501,5.12848,165,16.8712,0,0,5440,3397343726
429.294,2.32941,45.4088,0,86,66,44,2760,10501,5.12848,165,16.8712,0,0,5440,3399673448
280.094,3.57024,45.4088,0,86,66,44,2760,10501,5.12848,165,16.8712,0,0,5440,3403244050
464.028,2.15504,45.4088,0,86,66,44,2760,10501,5.12848,165,16.8712,0,0,5440,3405399497
232.538,4.30038,45.4088,0,86,66,44,2760,10501,5.12848,165,16.8712,0,0,5440,3409700084
419.058,2.3863,45.4088,0,86,66,44,2760,10501,5.12848,165,16.8712,0,0,5440,3412086905
317.955,3.1451,45.4088,0,86,66,44,2760,10501,5.12848,165,16.8712,0,0,5440,3415232204
552.327,1.81052,45.4088,0,86,66,44,2760,10501,5.12848,165,16.8712,0,0,5440,3417043005
509.849,1.96136,45.4088,0,86,66,44,2760,10501,5.12848,165,16.8712,0,0,5440,3419004715
382.621,2.61355,45.4088,0,86,66,44,2760,10501,5.12848,165,16.8712,0,0,5440,3421618544
344.766,2.90052,45.4088,0,86,66,44,2760,10501,5.12848,165,16.8712,0,0,5440,3424519392
300.739,3.32514,45.4088,0,86,66,44,2760,10501,5.12848,165,16.8712,0,0,5440,3427844879
565.078,1.76967,45.4088,0,86,66,44,2760,10501,5.12848,165,16.8712,0,0,5440,3429615006
393.431,2.54174,45.4088,0,86,66,44,2760,10501,5.12848,165,16.8712,0,0,5440,3432157158
210.369,4.75354,45.4088,0,86,66,44,2760,10501,5.12848,165,16.8712,0,0,5440,3436910905
1800.71,0.555336,45.4088,0,86,66,44,2760,10501,5.12848,165,16.8712,0,0,5440,3437466530
220.532,4.53448,45.4088,0,86,66,44,2760,10501,5.12848,165,16.8712,0,0,5440,3442001375
447.661,2.23383,45.4088,0,86,66,44,2760,10501,5.12848,165,16.8712,0,0,5440,3444235575
489.02,2.04491,45.4088,0,86,66,44,2760,10501,5.12848,165,16.8712,0,0,5440,3446280808
478.484,2.08994,45.4088,0,86,66,44,2760,10501,5.12848,165,16.8712,0,0,5440,3448371013
320.514,3.11999,45.4088,0,86,66,44,2760,10501,5.12848,165,16.8712,0,0,5440,3451491320
476.819,2.09723,45.4088,0,86,66,44,2760,10501,5.12848,165,16.8712,0,0,5440,3453588900
375.58,2.66255,45.4088,0,86,66,44,2760,10501,5.12848,165,16.8712,0,0,5440,3456251778
324.096,3.08551,45.4088,0,86,66,44,2760,10501,5.12848,165,16.8712,0,0,5440,3459337844
490.719,2.03783,45.4088,0,86,66,44,2760,10501,5.12848,165,16.8712,0,0,5440,3461375912
256.099,3.90474,45.4088,0,86,66,44,2760,10501,5.12848,165,16.8712,0,0,5440,3465280909
274.354,3.64492,45.4088,0,86,66,44,2760,10501,5.12848,165,16.8712,0,0,5440,3468926148
715.195,1.39822,45.4088,0,86,66,44,2760,10501,5.12848,165,16.8712,0,0,5440,3470324685
224.679,4.4508,45.4088,0,86,66,44,2760,10501,5.12848,165,16.8712,0,0,5440,3474776152
357.708,2.79557,45.4088,0,86,66,44,2760,10501,5.12848,165,16.8712,0,0,5440,3477571804
640.337,1.56168,45.4088,0,86,66,44,2760,10501,5.12848,165,16.8712,0,0,5440,3479133713
868.215,1.15179,45.4088,0,86,66,44,2760,10501,5.12848,165,16.8712,0,0,5440,3480286002
358.122,2.79235,45.4088,0,86,66,44,2760,10501,5.12848,165,16.8712,0,0,5440,3483078461
366.858,2.72585,45.4088,0,86,66,44,2760,10501,5.12848,165,16.8712,0,0,5440,3485804793
398.394,2.51008,45.4088,0,86,66,44,2760,10501,5.12848,165,16.8712,0,0,5440,3488315089
207.575,4.81755,45.4088,0,86,66,44,2760,10501,5.12848,165,16.8712,0,0,5440,3493133838
1041.08,0.960542,45.4088,0,86,66,44,2760,10501,5.12848,165,16.8712,0,0,5440,3494094707
429.954,2.32583,45.4088,0,86,66,44,2760,10501,5.12848,165,16.8712,0,0,5440,3496420959
383.435,2.608,45.4088,0,86,66,44,2760,10501,5.12848,165,16.8712,0,0,5440,3499029200
368.199,2.71592,45.4088,0,86,66,44,2760,10501,5.12848,165,16.8712,0,0,5440,3501745398
343.914,2.9077,45.4088,0,86,66,44,2760,10501,5.12848,165,16.8712,0,0,5440,3504653544
373.485,2.67748,45.4088,0,86,66,44,2760,10501,5.12848,165,16.8712,0,0,5440,3507331336
384.361,2.60172,45.4088,0,86,66,44,2760,10501,5.12848,165,16.8712,0,0,5440,3509933472
380.456,2.62842,45.4088,0,86,66,44,2760,10501,5.12848,165,16.8712,0,0,5440,3512562118
361.559,2.7658,45.4088,0,86,66,44,2760,10501,5.12848,165,16.8712,0,0,5440,3515328192
399.527,2.50296,45.4088,0,86,66,44,2760,10501,5.12848,165,16.8712,0,0,5440,3517831469
203.095,4.92381,45.4088,0,86,66,44,2760,10501,5.12848,165,16.8712,0,0,5440,3522755942
402.242,2.48606,45.4088,0,86,66,44,2760,10501,5.12848,165,16.8712,0,0,5440,3525242247
988.532,1.0116,45.4088,0,86,66,44,2760,10501,5.12848,165,16.8712,0,0,5440,3526254127
449.208,2.22614,45.4088,0,86,66,44,2760,10501,5.12848,165,16.8712,0,0,5440,3528480654
284.461,3.51542,45.4088,0,86,66,44,2760,10501,5.12848,165,16.8712,0,0,5440,3531996648
557.35,1.7942,45.4088,0,86,66,44,2760,10501,5.12848,165,16.8712,0,0,5440,3533790958
295.697,3.38183,45.4088,0,86,66,44,2760,10501,5.12848,165,16.8712,0,0,5440,3537173130
467.36,2.13968,45.4088,0,86,66,44,2760,10501,5.12848,165,16.8712,0,0,5440,3539313298
420.047,2.38069,45.4088,0,86,66,44,2760,10501,5.12848,165,16.8712,0,0,5440,3541694292
351.359,2.8461,45.4088,0,86,66,44,2760,10501,5.12848,165,16.8712,0,0,5440,3544540657
237.409,4.21214,45.4088,0,86,66,44,2760,10501,5.12848,165,16.8712,0,0,5440,3548753068
1319.9,0.757632,45.4088,0,86,66,44,2760,10501,5.12848,165,16.8712,0,0,5440,3549511046
354.413,2.82157,45.4088,0,86,66,44,2760,10501,5.12848,165,16.8712,0,0,5440,3552332862
337.341,2.96436,45.4088,0,86,66,44,2760,10501,5.12848,165,16.8712,0,0,5440,3555297568
403.072,2.48095,45.4088,0,86,66,44,2760,10501,5.12848,165,16.8712,0,0,5440,3557778959
385.301,2.59538,45.4088,0,86,66,44,2760,10501,5.12848,165,16.8712,0,0,5440,3560374604
341.634,2.92711,45.4088,0,86,66,44,2760,10501,5.12848,165,16.8712,0,0,5440,3563302107
321.141,3.11389,45.4088,0,86,66,44,2760,10501,5.12848,165,16.8712,0,0,5440,3566416260
572.977,1.74527,45.4088,0,86,66,44,2760,10501,5.12848,165,16.8712,0,0,5440,3568161790
264.818,3.77618,45.4088,0,86,66,44,2760,10501,5.12848,165,16.8712,0,0,5440,3571938273
565.416,1.76861,45.4088,0,86,66,44,2760,10501,5.12848,165,16.8712,0,0,5440,3573707169
302.024,3.311,45.4088,0,86,66,44,2760,10501,5.12848,165,16.8712,0,0,5440,3577018454
488.889,2.04545,45.4088,0,86,66,44,2760,10501,5.12848,165,16.8712,0,0,5440,3579064205
472.342,2.11711,45.4088,0,86,66,44,2760,10501,5.12848,165,16.8712,0,0,5440,3581181594
338.65,2.9529,45.4088,0,86,66,44,2760,10501,5.12848,165,16.8712,0,0,5440,3584134780
348.244,2.87155,45.4088,0,86,66,44,2760,10501,5.12848,165,16.8712,0,0,5440,3587006675
309.125,3.23494,45.4088,0,86,66,44,2760,10501,5.12848,165,16.8712,0,0,5440,3590241880
540.986,1.84848,45.4088,0,86,66,44,2760,10501,5.12848,165,16.8712,0,0,5440,3592090740
335.289,2.9825,45.4088,0,86,66,44,2760,10501,5.12848,165,16.8712,0,0,5440,3595073600
364.979,2.73988,45.4088,0,86,66,44,2760,10501,5.12848,165,16.8712,0,0,5440,3597813847
410.036,2.43881,45.4088,0,86,66,44,2760,10501,5.12848,165,16.8712,0,0,5440,3600253035
222.656,4.49124,45.4088,0,86,66,44,2760,10501,5.12848,165,16.8712,0,0,5440,3604744676
332.739,3.00536,45.4088,0,86,66,44,2760,10501,5.12848,165,16.8712,0,0,5440,3607750585
1648.72,0.60653,45.4088,0,86,66,44,2760,10501,5.12848,165,16.8712,0,0,5440,3608357423
362.071,2.76189,45.4088,0,86,66,44,2760,10501,5.12848,165,16.8712,0,0,5440,3611119814
337.379,2.96402,45.4088,0,86,66,44,2760,10501,5.12848,165,16.8712,0,0,5440,3614084058
457.574,2.18544,45.4088,0,86,66,44,2760,10501,5.12848,165,16.8712,0,0,5440,3616269978
418.524,2.38935,45.4088,0,86,66,44,2760,10501,5.12848,165,16.8712,0,0,5440,3618659549
367.418,2.7217,45.4088,0,86,66,44,2760,10501,5.12848,165,16.8712,0,0,5440,3621381631
339.324,2.94703,45.4088,0,86,66,44,2760,10501,5.12848,165,16.8712,0,0,5440,3624329009
408.198,2.44979,45.4088,0,86,66,44,2760,10501,5.12848,165,16.8712,0,0,5440,3626779169
296.554,3.37207,45.4088,0,86,66,44,2760,10501,5.12848,165,16.8712,0,0,5440,3630151629
315.787,3.16669,45.4088,0,86,66,44,2760,10501,5.12848,165,16.8712,0,0,5440,3633318562
395.215,2.53027,45.4088,0,86,66,44,2760,10501,5.12848,165,16.8712,0,0,5440,3635849186
517.295,1.93313,45.4088,0,86,66,44,2760,10501,5.12848,165,16.8712,0,0,5440,3637782617
377.172,2.65131,45.4088,0,86,66,44,2760,10501,5.12848,165,16.8712,0,0,5440,3640434264
370.432,2.69955,45.4088,0,86,66,44,2760,10501,5.12848,165,16.8712,0,0,5440,3643134105
469.835,2.12841,45.4088,0,86,66,44,2760,10501,5.12848,165,16.8712,0,0,5440,3645263042
330.495,3.02577,45.4088,0,86,66,44,2760,10501,5.12848,165,16.8712,0,0,5440,3648289038
376.312,2.65737,45.4088,0,86,66,44,2760,10501,5.12848,165,16.8712,0,0,5440,3650946724
377.125,2.65164,45.4088,0,86,66,44,2760,10501,5.12848,165,16.8712,0,0,5440,3653598717
282.466,3.54024,45.4088,0,86,66,44,2760,10501,5.12848,165,16.8712,0,0,5440,3657139548
322.394,3.1018,45.4088,0,86,66,44,2760,10501,5.12848,165,16.8712,0,0,5440,3660241710
634.794,1.57531,45.4088,0,86,66,44,2760,10501,5.12848,165,16.8712,0,0,5440,3661817177
312.958,3.19532,45.4088,0,86,66,44,2760,10501,5.12848,165,16.8712,0,0,5440,3665012948
549.168,1.82094,45.4088,0,86,66,44,2760,10501,5.12848,165,16.8712,0,0,5440,3666834076
220.707,4.53088,45.4088,0,86,66,44,2760,10501,5.12848,165,16.8712,0,0,5440,3671365258
534.09,1.87234,45.4088,0,86,66,44,2760,10501,5.12848,165,16.8712,0,0,5440,3673238013
496.448,2.01431,45.4088,0,86,66,44,2760,10501,5.12848,165,16.8712,0,0,5440,3675252716
477.747,2.09316,45.4088,0,86,66,44,2760,10501,5.12848,165,16.8712,0,0,5440,3677346104
298.629,3.34864,45.4088,0,86,66,44,2760,10501,5.12848,165,16.8712,0,0,5440,3680695072
363.388,2.75188,45.4088,0,86,66,44,2760,10501,5.12848,165,16.8712,0,0,5440,3683447252
488.492,2.04712,45.4088,0,86,66,44,2760,10501,5.12848,165,16.8712,0,0,5440,3685494705
332.131,3.01086,45.4088,0,86,66,44,2760,10501,5.12848,165,16.8712,0,0,5440,3688505970
388.458,2.57428,45.4088,0,86,66,44,2760,10501,5.12848,165,16.8712,0,0,5440,3691080490
392.984,2.54463,45.4088,0,86,66,44,2760,10501,5.12848,165,16.8712,0,0,5440,3693625441
386.856,2.58494,45.4088,0,86,66,44,2760,10501,5.12848,165,16.8712,0,0,5440,3696210826
254.129,3.93501,45.4088,0,86,66,44,2760,10501,5.12848,165,16.8712,0,0,5440,3700146103
514.068,1.94527,45.4088,0,86,66,44,2760,10501,5.12848,165,16.8712,0,0,5440,3702091716
391.282,2.5557,45.4088,0,86,66,44,2760,10501,5.12848,165,16.8712,0,0,5440,3704647735
342.975,2.91566,45.4088,0,86,66,44,2760,10501,5.12848,165,16.8712,0,0,5440,3707563920
259.765,3.84963,45.4088,0,86,66,44,2760,10501,5.12848,165,16.8712,0,0,5440,3711413934
324.694,3.07982,45.4088,0,86,66,44,2760,10501,5.12848,165,16.8712,0,0,5440,3714494009
558.157,1.79161,45.4088,0,86,66,44,2760,10501,5.12848,165,16.8712,0,0,5440,3716285897
519.092,1.92644,45.4088,0,86,66,44,2760,10501,5.12848,165,16.8712,0,0,5440,3718212654
387.487,2.58073,45.4088,0,86,66,44,2760,10501,5.12848,165,16.8712,0,0,5440,3720793693
415.816,2.40491,45.4088,0,86,66,44,2760,10501,5.12848,165,16.8712,0,0,5440,3723198908
338.681,2.95263,45.4088,0,86,66,44,2760,10501,5.12848,165,16.8712,0,0,5440,3726151864
458.69,2.18012,45.4088,0,86,66,44,2760,10501,5.12848,165,16.8712,0,0,5440,3728332418
338.964,2.95017,45.4088,0,86,66,44,2760,10501,5.12848,165,16.8712,0,0,5440,3731282777
337.114,2.96636,45.4088,0,86,66,44,2760,10501,5.12848,165,16.8712,0,0,5440,3734249531
243.19,4.11201,45.4088,0,86,66,44,2760,10501,5.12848,165,16.8712,0,0,5440,3738361919
511.945,1.95334,45.4088,0,86,66,44,2760,10501,5.12848,165,16.8712,0,0,5440,3740315456
566.075,1.76655,45.4088,0,86,66,44,2760,10501,5.12848,165,16.8712,0,0,5440,3742082564
408.754,2.44646,45.4088,0,86,66,44,2760,10501,5.12848,165,16.8712,0,0,5440,3744529339
309.654,3.22942,45.4088,0,86,66,44,2760,10501,5.12848,165,16.8712,0,0,5440,3747759015
454.08,2.20226,45.4088,0,86,66,44,2760,10501,5.12848,165,16.8712,0,0,5440,3749961589
346.43,2.88659,45.4088,0,86,66,44,2760,10501,5.12848,165,16.8712,0,0,5440,3752848485
325.503,3.07217,45.4088,0,86,66,44,2760,10501,5.12848,165,16.8712,0,0,5440,3755920963
207.029,4.83025,45.4088,0,86,66,44,2760,10501,5.12848,165,16.8712,0,0,5440,3760751789
1280.44,0.780979,45.4088,0,86,66,44,2760,10501,5.12848,165,16.8712,0,0,5440,3761532921
294.348,3.39734,45.4088,0,86,66,44,2760,10501,5.12848,165,16.8712,0,0,5440,3764932546
613.781,1.62925,47.0291,0,85,66,44,2760,10501,5.12848,165,16.8721,0,0,5443,3766560110
318.16,3.14308,47.0291,0,85,66,44,2760,10501,5.12848,165,16.8721,0,0,5443,3769703754
391.726,2.55281,47.0291,0,85,66,44,2760,10501,5.12848,165,16.8721,0,0,5443,3772256610
444.065,2.25192,47.0291,0,85,66,44,2760,10501,5.12848,165,16.8721,0,0,5443,3774509013
399.673,2.50205,47.0291,0,85,66,44,2760,10501,5.12848,165,16.8721,0,0,5443,3777011318
361.186,2.76866,47.0291,0,85,66,44,2760,10501,5.12848,165,16.8721,0,0,5443,3779780132
368.419,2.7143,47.0291,0,85,66,44,2760,10501,5.12848,165,16.8721,0,0,5443,3782494955
374.193,2.67242,47.0291,0,85,66,44,2760,10501,5.12848,165,16.8721,0,0,5443,3785167622
331.171,3.01959,47.0291,0,85,66,44,2760,10501,5.12848,165,16.8721,0,0,5443,3788187589
176.614,5.66206,47.0291,0,85,66,44,2760,10501,5.12848,165,16.8721,0,0,5443,3793850049
593.889,1.68382,47.0291,0,85,66,44,2760,10501,5.12848,165,16.8721,0,0,5443,3795534058
472.965,2.11432,47.0291,0,85,66,44,2760,10501,5.12848,165,16.8721,0,0,5443,3797648869
346.099,2.88935,47.0291,0,85,66,44,2760,10501,5.12848,165,16.8721,0,0,5443,3800538505
370.432,2.69955,47.0291,0,85,66,44,2760,10501,5.12848,165,16.8721,0,0,5443,3803238346
365.184,2.73834,47.0291,0,85,66,44,2760,10501,5.12848,165,16.8721,0,0,5443,3805977006
446.295,2.24067,47.0291,0,85,66,44,2760,10501,5.12848,165,16.8721,0,0,5443,3808218139
337.903,2.95943,47.0291,0,85,66,44,2760,10501,5.12848,165,16.8721,0,0,5443,3811177787
352.283,2.83862,47.0291,0,85,66,44,2760,10501,5.12848,165,16.8721,0,0,5443,3814016652
428.828,2.33193,47.0291,0,85,66,44,2760,10501,5.12848,165,16.8721,0,0,5443,3816348817
173.618,5.75976,47.0291,0,85,66,44,2760,10501,5.12848,165,16.8721,0,0,5443,3822109078
669.481,1.49369,47.0291,0,85,66,44,2760,10501,5.12848,165,16.8721,0,0,5443,3823602965
518.339,1.92924,47.0291,0,85,66,44,2760,10501,5.12848,165,16.8721,0,0,5443,3825532463
448.76,2.22836,47.0291,0,85,66,44,2760,10501,5.12848,165,16.8721,0,0,5443,3827761317
381.116,2.62388,47.0291,0,85,66,44,2760,10501,5.12848,165,16.8721,0,0,5443,3830385395
361.82,2.7638,47.0291,0,85,66,44,2760,10501,5.12848,165,16.8721,0,0,5443,3833149537
399.96,2.50025,47.0291,0,85,66,44,2760,10501,5.12848,165,16.8721,0,0,5443,3835650082
336.142,2.97494,47.0291,0,85,66,44,2760,10501,5.12848,165,16.8721,0,0,5443,3838625269
416.214,2.40261,47.0291,0,85,66,44,2760,10501,5.12848,165,16.8721,0,0,5443,3841028148
204.486,4.89031,47.0291,0,85,66,44,2760,10501,5.12848,165,16.8721,0,0,5443,3845918890
445.52,2.24457,47.0291,0,85,66,44,2760,10501,5.12848,165,16.8721,0,0,5443,3848163946
503.488,1.98614,47.0291,0,85,66,44,2760,10501,5.12848,165,16.8721,0,0,5443,3850150408
436.767,2.28955,47.0291,0,85,66,44,2760,10501,5.12848,165,16.8721,0,0,5443,3852440119
418.881,2.38731,47.0291,0,85,66,44,2760,10501,5.12848,165,16.8721,0,0,5443,3854827796
366.606,2.72773,47.0291,0,85,66,44,2760,10501,5.12848,165,16.8721,0,0,5443,3857555840
332.904,3.00387,47.0291,0,85,66,44,2760,10501,5.12848,165,16.8721,0,0,5443,3860560047
415.419,2.40721,47.0291,0,85,66,44,2760,10501,5.12848,165,16.8721,0,0,5443,3862967734
343.898,2.90784,47.0291,0,85,66,44,2760,10501,5.12848,165,16.8721,0,0,5443,3865875813
380.449,2.62847,47.0291,0,85,66,44,2760,10501,5.12848,165,16.8721,0,0,5443,3868504613
372.647,2.6835,47.0291,0,85,66,44,2760,10501,5.12848,165,16.8721,0,0,5443,3871188453
233.417,4.28417,47.0291,0,85,66,44,2760,10501,5.12848,165,16.8721,0,0,5443,3875473155
450.677,2.21888,47.0291,0,85,66,44,2760,10501,5.12848,165,16.8721,0,0,5443,3877692288
471.383,2.12142,47.0291,0,85,66,44,2760,10501,5.12848,165,16.8721,0,0,5443,3879813926
273.024,3.66268,47.0291,0,85,66,44,2760,10501,5.12848,165,16.8721,0,0,5443,3883476992
546.355,1.83031,47.0291,0,85,66,44,2760,10501,5.12848,165,16.8721,0,0,5443,3885307602
346.41,2.88675,47.0291,0,85,66,44,2760,10501,5.12848,165,16.8721,0,0,5443,3888194603
329.562,3.03433,47.0291,0,85,66,44,2760,10501,5.12848,165,16.8721,0,0,5443,3891229330
432.724,2.31094,47.0291,0,85,66,44,2760,10501,5.12848,165,16.8721,0,0,5443,3893540620
291.333,3.4325,47.0291,0,85,66,44,2760,10501,5.12848,165,16.8721,0,0,5443,3896973591
498.985,2.00407,47.0291,0,85,66,44,2760,10501,5.12848,165,16.8721,0,0,5443,3898978207
313.74,3.18736,47.0291,0,85,66,44,2760,10501,5.12848,165,16.8721,0,0,5443,3902165757
403.311,2.47948,47.0291,0,85,66,44,2760,10501,5.12848,165,16.8721,0,0,5443,3904645446
413.027,2.42115,47.0291,0,85,66,44,2760,10501,5.12848,165,16.8721,0,0,5443,3907066951
471.093,2.12273,47.0291,0,85,66,44,2760,10501,5.12848,165,16.8721,0,0,5443,3909190013
180.755,5.53235,47.0291,0,85,66,44,2760,10501,5.12848,165,16.8721,0,0,5443,3914722949
284.362,3.51665,47.0291,0,85,66,44,2760,10501,5.12848,165,16.8721,0,0,5443,3918239952
2550.75,0.392042,47.0291,0,85,66,44,2760,10501,5.12848,165,16.8721,0,0,5443,3918632465
296.231,3.37574,47.0291,0,85,66,44,2760,10501,5.12848,165,16.8721,0,0,5443,3922008589
369.5,2.70636,47.0291,0,85,66,44,2760,10501,5.12848,165,16.8721,0,0,5443,3924715305
245.21,4.07814,47.0291,0,85,66,44,2760,10501,5.12848,165,16.8721,0,0,5443,3928793846
1377.27,0.726073,47.0291,0,85,66,44,2760,10501,5.12848,165,16.8721,0,0,5443,3929520284
385.212,2.59597,47.0291,0,85,66,44,2760,10501,5.12848,165,16.8721,0,0,5443,3932116670
501.005,1.99599,47.0291,0,85,66,44,2760,10501,5.12848,165,16.8721,0,0,5443,3934112977
390.102,2.56343,47.0291,0,85,66,44,2760,10501,5.12848,165,16.8721,0,0,5443,3936676689
330.843,3.02258,47.0291,0,85,66,44,2760,10501,5.12848,165,16.8721,0,0,5443,3939699752
417.03,2.39791,47.0291,0,85,66,44,2760,10501,5.12848,165,16.8721,0,0,5443,3942098064
290.107,3.44701,47.0291,0,85,66,44,2760,10501,5.12848,165,16.8721,0,0,5443,3945545257
538.281,1.85776,47.0291,0,85,66,44,2760,10501,5.12848,165,16.8721,0,0,5443,3947403454
341.137,2.93138,47.0291,0,85,66,44,2760,10501,5.12848,165,16.8721,0,0,5443,3950335188
362.619,2.75772,47.0291,0,85,66,44,2760,10501,5.12848,165,16.8721,0,0,5443,3953093223
325.389,3.07325,47.0291,0,85,66,44,2760,10501,5.12848,165,16.8721,0,0,5443,3956166721
474.108,2.10923,47.0291,0,85,66,44,2760,10501,5.12848,165,16.8721,0,0,5443,3958276369
379.412,2.63566,47.0291,0,85,66,44,2760,10501,5.12848,165,16.8721,0,0,5443,3960912429
333.938,2.99457,47.0291,0,85,66,44,2760,10501,5.12848,165,16.8721,0,0,5443,3963907414
418.939,2.38698,47.0291,0,85,66,44,2760,10501,5.12848,165,16.8721,0,0,5443,3966294543
291.263,3.43332,47.0291,0,85,66,44,2760,10501,5.12848,165,16.8721,0,0,5443,3969728456
375.794,2.66103,47.0291,0,85,66,44,2760,10501,5.12848,165,16.8721,0,0,5443,3972389835
465.115,2.15001,47.0291,0,85,66,44,2760,10501,5.12848,165,16.8721,0,0,5443,3974540138
283.043,3.53303,47.0291,0,85,66,44,2760,10501,5.12848,165,16.8721,0,0,5443,3978073622
600.31,1.66581,47.0291,0,85,66,44,2760,10501,5.12848,165,16.8721,0,0,5443,3979739621
259.032,3.86052,47.0291,0,85,66,44,2760,10501,5.12848,165,16.8721,0,0,5443,3983600578
614.226,1.62806,47.0291,0,85,66,44,2760,10501,5.12848,165,16.8721,0,0,5443,3985228873
200.571,4.98576,47.0291,0,85,66,44,2760,10501,5.12848,165,16.8721,0,0,5443,3990215166
366.35,2.72963,47.0291,0,85,66,44,2760,10501,5.12848,165,16.8721,0,0,5443,3992945181
737.941,1.35512,47.0291,0,85,66,44,2760,10501,5.12848,165,16.8721,0,0,5443,3994300467
461.866,2.16513,47.0291,0,85,66,44,2760,10501,5.12848,165,16.8721,0,0,5443,3996466031
490.755,2.03767,47.0291,0,85,66,44,2760,10501,5.12848,165,16.8721,0,0,5443,3998504147
352.462,2.83718,47.0291,0,85,66,44,2760,10501,5.12848,165,16.8721,0,0,5443,4001341445
325.859,3.06881,47.0291,0,85,66,44,2760,10501,5.12848,165,16.8721,0,0,5443,4004410625
324.237,3.08416,47.0291,0,85,66,44,2760,10501,5.12848,165,16.8721,0,0,5443,4007495046
317.187,3.15271,47.0291,0,85,66,44,2760,10501,5.12848,165,16.8721,0,0,5443,4010648133
548.571,1.82292,47.0291,0,85,66,44,2760,10501,5.12848,165,16.8721,0,0,5443,4012471599
420.521,2.378,47.0291,0,85,66,44,2760,10501,5.12848,165,16.8721,0,0,5443,4014849852
292.206,3.42224,47.0291,0,85,66,44,2760,10501,5.12848,165,16.8721,0,0,5443,4018272458
517.28,1.93319,47.0291,0,85,66,44,2760,10501,5.12848,165,16.8721,0,0,5443,4020206032
354.857,2.81804,47.0291,0,85,66,44,2760,10501,5.12848,165,16.8721,0,0,5443,4023024560
307.507,3.25196,47.0291,0,85,66,44,2760,10501,5.12848,165,16.8721,0,0,5443,4026276804
503.486,1.98615,47.0291,0,85,66,44,2760,10501,5.12848,165,16.8721,0,0,5443,4028263429
357.208,2.79949,47.0291,0,85,66,44,2760,10501,5.12848,165,16.8721,0,0,5443,4031063293
418.935,2.387,47.0291,0,85,66,44,2760,10501,5.12848,165,16.8721,0,0,5443,4033450960
169.429,5.90217,47.0291,0,85,66,44,2760,10501,5.12848,165,16.8721,0,0,5443,4039353245
649.248,1.54024,47.0291,0,85,66,44,2760,10501,5.12848,165,16.8721,0,0,5443,4040893874
528.892,1.89075,47.0291,0,85,66,44,2760,10501,5.12848,165,16.8721,0,0,5443,4042785005
217.333,4.60123,47.0291,0,85,66,44,2760,10501,5.12848,165,16.8721,0,0,5443,4047386564
1837.75,0.544143,47.0291,0,85,66,44,2760,10501,5.12848,165,16.8721,0,0,5443,4047931073
243.445,4.10771,47.0291,0,85,66,44,2760,10501,5.12848,165,16.8721,0,0,5443,4052039249
762.773,1.31101,47.0291,0,85,66,44,2760,10501,5.12848,165,16.8721,0,0,5443,4053350486
300.005,3.33328,47.0291,0,85,66,44,2760,10501,5.12848,165,16.8721,0,0,5443,4056684127
500.633,1.99747,47.0291,0,85,66,44,2760,10501,5.12848,165,16.8721,0,0,5443,4058681839
343.479,2.91139,47.0291,0,85,66,44,2760,10501,5.12848,165,16.8721,0,0,5443,4061593514
214.384,4.66453,47.0291,0,85,66,44,2760,10501,5.12848,165,16.8721,0,0,5443,4066258363
1510.88,0.661868,47.0291,0,85,66,44,2760,10501,5.12848,165,16.8721,0,0,5443,4066920357
385.208,2.596,47.0291,0,85,66,44,2760,10501,5.12848,165,16.8721,0,0,5443,4069516761
395.62,2.52768,47.0291,0,85,66,44,2760,10501,5.12848,165,16.8721,0,0,5443,4072044722
363.647,2.74992,47.0291,0,85,66,44,2760,10501,5.12848,165,16.8721,0,0,5443,4074794959
363.315,2.75243,47.0291,0,85,66,44,2760,10501,5.12848,165,16.8721,0,0,5443,4077547782
396.543,2.5218,47.0291,0,85,66,44,2760,10501,5.12848,165,16.8721,0,0,5443,4080069857
371.015,2.69531,47.0291,0,85,66,44,2760,10501,5.12848,165,16.8721,0,0,5443,4082765477
365.51,2.7359,47.0291,0,85,66,44,2760,10501,5.12848,165,16.8721,0,0,5443,4085501666
362.941,2.75527,47.0291,0,85,66,44,2760,10501,5.12848,165,16.8721,0,0,5443,4088257201
288.772,3.46293,47.0291,0,85,66,44,2760,10501,5.12848,165,16.8721,0,0,5443,4091720808
232.925,4.29323,47.0291,0,85,66,44,2760,10501,5.12848,165,16.8721,0,0,5443,4096014529
2115.51,0.472699,47.0291,0,85,66,44,2760,10501,5.12848,165,16.8721,0,0,5443,4096487565
278.266,3.59369,47.0291,0,85,66,44,2760,10501,5.12848,165,16.8721,0,0,5443,4100081609
273.2,3.66033,47.0291,0,85,66,44,2760,10501,5.12848,165,16.8721,0,0,5443,4103742194
1205.53,0.829509,47.0291,0,85,66,44,2760,10501,5.12848,165,16.8721,0,0,5443,4104571827
403.909,2.4758,47.0291,0,85,66,44,2760,10501,5.12848,165,16.8721,0,0,5443,4107048045
370.766,2.69712,47.0291,0,85,66,44,2760,10501,5.12848,165,16.8721,0,0,5443,4109745483
367.86,2.71843,47.0291,0,85,66,44,2760,10501,5.12848,165,16.8721,0,0,5443,4112464218
373.412,2.678,47.0291,0,85,66,44,2760,10501,5.12848,165,16.8721,0,0,5443,4115142587
282.422,3.5408,47.0291,0,85,66,44,2760,10501,5.12848,165,16.8721,0,0,5443,4118683755
414.816,2.41071,47.0291,0,85,66,44,2760,10501,5.12848,165,16.8721,0,0,5443,4121094817
547.171,1.82758,47.0291,0,85,66,44,2760,10501,5.12848,165,16.8721,0,0,5443,4122922802
325.59,3.07134,47.0291,0,85,66,44,2760,10501,5.12848,165,16.8721,0,0,5443,4125994357
395.732,2.52696,47.0291,0,85,66,44,2760,10501,5.12848,165,16.8721,0,0,5443,4128521644
342.994,2.9155,47.0291,0,85,66,44,2760,10501,5.12848,165,16.8721,0,0,5443,4131437444
360.253,2.77582,47.0291,0,85,66,44,2760,10501,5.12848,165,16.8721,0,0,5443,4134213586
338.882,2.95088,47.0291,0,85,66,44,2760,10501,5.12848,165,16.8721,0,0,5443,4137164772
319.455,3.13034,47.0291,0,85,66,44,2760,10501,5.12848,165,16.8721,0,0,5443,4140295608
570.463,1.75296,47.0291,0,85,66,44,2760,10501,5.12848,165,16.8721,0,0,5443,4142048811
262.268,3.8129,47.0291,0,85,66,44,2760,10501,5.12848,165,16.8721,0,0,5443,4145862065
276.469,3.61704,47.0291,0,85,66,44,2760,10501,5.12848,165,16.8721,0,0,5443,4149479504
1250.57,0.799633,47.0291,0,85,66,44,2760,10501,5.12848,165,16.8721,0,0,5443,4150279541
347.34,2.87902,47.0291,0,85,66,44,2760,10501,5.12848,165,16.8721,0,0,5443,4153158695
353.083,2.83219,47.0291,0,85,66,44,2760,10501,5.12848,165,16.8721,0,0,5443,4155991204
597.002,1.67504,47.0291,0,85,66,44,2760,10501,5.12848,165,16.8721,0,0,5443,4157666674
288.109,3.47091,47.0291,0,85,66,44,2760,10501,5.12848,165,16.8721,0,0,5443,4161137974
439.536,2.27513,47.0291,0,85,66,44,2760,10501,5.12848,165,16.8721,0,0,5443,4163413416
385.055,2.59703,47.0291,0,85,66,44,2760,10501,5.12848,165,16.8721,0,0,5443,4166010802
342.257,2.92178,47.0291,0,85,66,44,2760,10501,5.12848,165,16.8721,0,0,5443,4168932890
239.792,4.17028,47.0291,0,85,66,44,2760,10501,5.12848,165,16.8721,0,0,5443,4173103589
699.955,1.42866,47.0291,0,85,66,44,2760,10501,5.12848,165,16.8721,0,0,5443,4174532560
312.022,3.20491,47.0291,0,85,66,44,2760,10501,5.12848,165,16.8721,0,0,5443,4177737803
500.879,1.99649,47.0291,0,85,66,44,2760,10501,5.12848,165,16.8721,0,0,5443,4179734774
317.107,3.15351,47.0291,0,85,66,44,2760,10501,5.12848,165,16.8721,0,0,5443,4182888563
315.82,3.16636,47.0291,0,85,66,44,2760,10501,5.12848,165,16.8721,0,0,5443,4186055246
394.325,2.53598,47.0291,0,85,66,44,2760,10501,5.12848,165,16.8721,0,0,5443,4188591620
540.031,1.85175,47.0291,0,85,66,44,2760,10501,5.12848,165,16.8721,0,0,5443,4190443635
347.385,2.87865,47.0291,0,85,66,44,2760,10501,5.12848,165,16.8721,0,0,5443,4193322722
369.316,2.70771,47.0291,0,85,66,44,2760,10501,5.12848,165,16.8721,0,0,5443,4196030669
171.335,5.83653,47.0291,0,85,66,44,2760,10501,5.12848,165,16.8721,0,0,5443,4201867520
491.201,2.03583,47.0291,0,85,66,44,2760,10501,5.12848,165,16.8721,0,0,5443,4203903627
2562.37,0.390263,47.0291,0,85,66,44,2760,10501,5.12848,165,16.8721,0,0,5443,4204294274
439.56,2.275,47.0291,0,85,66,44,2760,10501,5.12848,165,16.8721,0,0,5443,4206569553
263.631,3.79319,47.0291,0,85,66,44,2760,10501,5.12848,165,16.8721,0,0,5443,4210363008
453.237,2.20635,47.0291,0,85,66,44,2760,10501,5.12848,165,16.8721,0,0,5443,4212569842
494.47,2.02237,47.0291,0,85,66,44,2760,10501,5.12848,165,16.8721,0,0,5443,4214592516
321.936,3.10621,47.0291,0,85,66,44,2760,10501,5.12848,165,16.8721,0,0,5443,4217698986
396.915,2.51943,47.0291,0,85,66,44,2760,10501,5.12848,165,16.8721,0,0,5443,4220218801
280.895,3.56004,47.0291,0,85,66,44,2760,10501,5.12848,165,16.8721,0,0,5443,4223779219
235.097,4.25357,47.0291,0,85,66,44,2760,10501,5.12848,165,16.8721,0,0,5443,4228033344
1629.38,0.613732,47.0291,0,85,66,44,2760,10501,5.12848,165,16.8721,0,0,5443,4228647355
414.879,2.41034,47.0291,0,85,66,44,2760,10501,5.12848,165,16.8721,0,0,5443,4231058013
386.542,2.58704,47.0291,0,85,66,44,2760,10501,5.12848,165,16.8721,0,0,5443,4233645504
393.6,2.54065,47.0291,0,85,66,44,2760,10501,5.12848,165,16.8721,0,0,5443,4236186465
464.562,2.15256,47.0291,0,85,66,44,2760,10501,5.12848,165,16.8721,0,0,5443,4238339595
250.436,3.99303,47.0291,0,85,66,44,2760,10501,5.12848,165,16.8721,0,0,5443,4242333104
457.773,2.18449,47.0291,0,85,66,44,2760,10501,5.12848,165,16.8721,0,0,5443,4244517851
325.605,3.07121,47.0291,0,85,66,44,2760,10501,5.12848,165,16.8721,0,0,5443,4247589474
591.44,1.69079,47.0291,0,85,66,44,2760,10501,5.12848,165,16.8721,0,0,5443,4249280685
184.327,5.42514,47.0291,0,85,66,44,2760,10501,5.12848,165,16.8721,0,0,5443,4254706146
305.424,3.27414,47.0291,0,85,66,44,2760,10501,5.12848,165,16.8721,0,0,5443,4257980747
998.584,1.00142,47.0291,0,85,66,44,2760,10501,5.12848,165,16.8721,0,0,5443,4258982377
634.961,1.5749,47.0291,0,85,66,44,2760,10501,5.12848,165,16.8721,0,0,5443,4260557757
382.436,2.61482,47.0291,0,85,66,44,2760,10501,5.12848,165,16.8721,0,0,5443,4263172932
314.795,3.17667,47.0291,0,85,66,44,2760,10501,5.12848,165,16.8721,0,0,5443,4266352193
327.513,3.05331,44.0568,0,85,66,44,2760,10501,5.12848,165,16.8714,0,0,5446,4269403584
549.798,1.81885,44.0568,0,85,66,44,2760,10501,5.12848,165,16.8714,0,0,5446,4271222703
384.75,2.59909,44.0568,0,85,66,44,2760,10501,5.12848,165,16.8714,0,0,5446,4273822214
380.811,2.62597,44.0568,0,85,66,44,2760,10501,5.12848,165,16.8714,0,0,5446,4276448379
211.085,4.73744,44.0568,0,85,66,44,2760,10501,5.12848,165,16.8714,0,0,5446,4281186327
506.169,1.97562,44.0568,0,85,66,44,2760,10501,5.12848,165,16.8714,0,0,5446,4283162173
292.649,3.41707,44.0568,0,85,66,44,2760,10501,5.12848,165,16.8714,0,0,5446,4286579740
1119.1,0.893578,44.0568,0,85,66,44,2760,10501,5.12848,165,16.8714,0,0,5446,4287473587
325.572,3.07152,44.0568,0,85,66,44,2760,10501,5.12848,165,16.8714,0,0,5446,4290545316
398.523,2.50927,44.0568,0,85,66,44,2760,10501,5.12848,165,16.8714,0,0,5446,4293054852
340.274,2.93881,44.0568,0,85,66,44,2760,10501,5.12848,165,16.8714,0,0,5446,4295993999
431.472,2.31765,44.0568,0,85,66,44,2760,10501,5.12848,165,16.8714,0,0,5446,4298312222
398.665,2.50837,44.0568,0,85,66,44,2760,10501,5.12848,165,16.8714,0,0,5446,4300820556
369.227,2.70836,44.0568,0,85,66,44,2760,10501,5.12848,165,16.8714,0,0,5446,4303529272
231.235,4.3246,44.0568,0,85,66,44,2760,10501,5.12848,165,16.8714,0,0,5446,4307854341
639.369,1.56404,44.0568,0,85,66,44,2760,10501,5.12848,165,16.8714,0,0,5446,4309418577
424.829,2.35389,44.0568,0,85,66,44,2760,10501,5.12848,165,16.8714,0,0,5446,4311772992
382.795,2.61237,44.0568,0,85,66,44,2760,10501,5.12848,165,16.8714,0,0,5446,4314385734
334.309,2.99125,44.0568,0,85,66,44,2760,10501,5.12848,165,16.8714,0,0,5446,4317377239
231.192,4.32542,44.0568,0,85,66,44,2760,10501,5.12848,165,16.8714,0,0,5446,4321702971
976.154,1.02443,44.0568,0,85,66,44,2760,10501,5.12848,165,16.8714,0,0,5446,4322727698
373.583,2.67678,44.0568,0,85,66,44,2760,10501,5.12848,165,16.8714,0,0,5446,4325404817
474.759,2.10633,44.0568,0,85,66,44,2760,10501,5.12848,165,16.8714,0,0,5446,4327511629
343.579,2.91054,44.0568,0,85,66,44,2760,10501,5.12848,165,16.8714,0,0,5446,4330422304
256.796,3.89414,44.0568,0,85,66,44,2760,10501,5.12848,165,16.8714,0,0,5446,4334316781
594.164,1.68304,44.0568,0,85,66,44,2760,10501,5.12848,165,16.8714,0,0,5446,4336000184
397.15,2.51794,44.0568,0,85,66,44,2760,10501,5.12848,165,16.8714,0,0,5446,4338518548
365.634,2.73498,44.0568,0,85,66,44,2760,10501,5.12848,165,16.8714,0,0,5446,4341253717
373.904,2.67448,44.0568,0,85,66,44,2760,10501,5.12848,165,16.8714,0,0,5446,4343928557
366.132,2.73126,44.0568,0,85,66,44,2760,10501,5.12848,165,16.8714,0,0,5446,4346660332
232.525,4.30061,44.0568,0,85,66,44,2760,10501,5.12848,165,16.8714,0,0,5446,4350961284
777.794,1.28569,44.0568,0,85,66,44,2760,10501,5.12848,165,16.8714,0,0,5446,4352247087
337.869,2.95972,44.0568,0,85,66,44,2760,10501,5.12848,165,16.8714,0,0,5446,4355207273
418.063,2.39198,44.0568,0,85,66,44,2760,10501,5.12848,165,16.8714,0,0,5446,4357599489
212.339,4.70945,44.0568,0,85,66,44,2760,10501,5.12848,165,16.8714,0,0,5446,4362309503
598.7,1.67029,44.0568,0,85,66,44,2760,10501,5.12848,165,16.8714,0,0,5446,4363979944
590.094,1.69464,44.0568,0,85,66,44,2760,10501,5.12848,165,16.8714,0,0,5446,4365674867
351.324,2.84637,44.0568,0,85,66,44,2760,10501,5.12848,165,16.8714,0,0,5446,4368521539
400.158,2.49902,44.0568,0,85,66,44,2760,10501,5.12848,165,16.8714,0,0,5446,4371020931
383.523,2.60741,44.0568,0,85,66,44,2760,10501,5.12848,165,16.8714,0,0,5446,4373628644
405.342,2.46705,44.0568,0,85,66,44,2760,10501,5.12848,165,16.8714,0,0,5446,4376096064
332.026,3.01181,44.0568,0,85,66,44,2760,10501,5.12848,165,16.8714,0,0,5446,4379108252
370.471,2.69926,44.0568,0,85,66,44,2760,10501,5.12848,165,16.8714,0,0,5446,4381807862
281.876,3.54766,44.0568,0,85,66,44,2760,10501,5.12848,165,16.8714,0,0,5446,4385355886
299.196,3.3423,44.0568,0,85,66,44,2760,10501,5.12848,165,16.8714,0,0,5446,4388698681
754.183,1.32594,44.0568,0,85,66,44,2760,10501,5.12848,165,16.8714,0,0,5446,4390024706
406.189,2.46191,44.0568,0,85,66,44,2760,10501,5.12848,165,16.8714,0,0,5446,4392486943
360.351,2.77507,44.0568,0,85,66,44,2760,10501,5.12848,165,16.8714,0,0,5446,4395262373
383.796,2.60555,44.0568,0,85,66,44,2760,10501,5.12848,165,16.8714,0,0,5446,4397868471
275.363,3.63156,44.0568,0,85,66,44,2760,10501,5.12848,165,16.8714,0,0,5446,4401500314
372.698,2.68314,44.0568,0,85,66,44,2760,10501,5.12848,165,16.8714,0,0,5446,4404183655
436.406,2.29144,44.0568,0,85,66,44,2760,10501,5.12848,165,16.8714,0,0,5446,4406475443
424.067,2.35812,44.0568,0,85,66,44,2760,10501,5.12848,165,16.8714,0,0,5446,4408833859
377.543,2.64871,44.0568,0,85,66,44,2760,10501,5.12848,165,16.8714,0,0,5446,4411482910
251.868,3.97033,44.0568,0,85,66,44,2760,10501,5.12848,165,16.8714,0,0,5446,4415453611
412.359,2.42507,44.0568,0,85,66,44,2760,10501,5.12848,165,16.8714,0,0,5446,4417879126
385.196,2.59608,44.0568,0,85,66,44,2760,10501,5.12848,165,16.8714,0,0,5446,4420475521
554.953,1.80195,44.0568,0,85,66,44,2760,10501,5.12848,165,16.8714,0,0,5446,4422277832
353.803,2.82643,44.0568,0,85,66,44,2760,10501,5.12848,165,16.8714,0,0,5446,4425104590
415.038,2.40942,44.0568,0,85,66,44,2760,10501,5.12848,165,16.8714,0,0,5446,4427514220
345.984,2.89031,44.0568,0,85,66,44,2760,10501,5.12848,165,16.8714,0,0,5446,4430404865
339.98,2.94135,44.0568,0,85,66,44,2760,10501,5.12848,165,16.8714,0,0,5446,4433346532
379.533,2.63482,44.0568,0,85,66,44,2760,10501,5.12848,165,16.8714,0,0,5446,4435981813
347.634,2.87659,44.0568,0,85,66,44,2760,10501,5.12848,165,16.8714,0,0,5446,4438858650
295.208,3.38744,44.0568,0,85,66,44,2760,10501,5.12848,165,16.8714,0,0,5446,4442246437
347.431,2.87827,44.0568,0,85,66,44,2760,10501,5.12848,165,16.8714,0,0,5446,4445125198
786.845,1.2709,44.0568,0,85,66,44,2760,10501,5.12848,165,16.8714,0,0,5446,4446396269
278.164,3.59501,44.0568,0,85,66,44,2760,10501,5.12848,165,16.8714,0,0,5446,4449991602
451.464,2.21502,44.0568,0,85,66,44,2760,10501,5.12848,165,16.8714,0,0,5446,4452206879
359.584,2.78099,44.0568,0,85,66,44,2760,10501,5.12848,165,16.8714,0,0,5446,4454988145
390.666,2.55973,44.0568,0,85,66,44,2760,10501,5.12848,165,16.8714,0,0,5446,4457548232
373.037,2.6807,44.0568,0,85,66,44,2760,10501,5.12848,165,16.8714,0,0,5446,4460229236
450.922,2.21768,44.0568,0,85,66,44,2760,10501,5.12848,165,16.8714,0,0,5446,4462447214
314.019,3.18452,44.0568,0,85,66,44,2760,10501,5.12848,165,16.8714,0,0,5446,4465632052
282.163,3.54405,44.0568,0,85,66,44,2760,10501,5.12848,165,16.8714,0,0,5446,4469176422
638.395,1.56643,44.0568,0,85,66,44,2760,10501,5.12848,165,16.8714,0,0,5446,4470743176
297.224,3.36447,44.0568,0,85,66,44,2760,10501,5.12848,165,16.8714,0,0,5446,4474107972
430.004,2.32556,44.0568,0,85,66,44,2760,10501,5.12848,165,16.8714,0,0,5446,4476433830
320.559,3.11955,44.0568,0,85,66,44,2760,10501,5.12848,165,16.8714,0,0,5446,4479554050
438.083,2.28267,44.0568,0,85,66,44,2760,10501,5.12848,165,16.8714,0,0,5446,4481836723
355.127,2.81589,44.0568,0,85,66,44,2760,10501,5.12848,165,16.8714,0,0,5446,4484652934
345.64,2.89318,44.0568,0,85,66,44,2760,10501,5.12848,165,16.8714,0,0,5446,4487546416
394.189,2.53685,44.0568,0,85,66,44,2760,10501,5.12848,165,16.8714,0,0,5446,4490083626
388.936,2.57112,44.0568,0,85,66,44,2760,10501,5.12848,165,16.8714,0,0,5446,4492655126
327.13,3.05689,44.0568,0,85,66,44,2760,10501,5.12848,165,16.8714,0,0,5446,4495712287
567.267,1.76284,44.0568,0,85,66,44,2760,10501,5.12848,165,16.8714,0,0,5446,4497492664
342.632,2.91858,44.0568,0,85,66,44,2760,10501,5.12848,165,16.8714,0,0,5446,4500411493
220.283,4.53961,44.0568,0,85,66,44,2760,10501,5.12848,165,16.8714,0,0,5446,4504951608
1139.26,0.87776,44.0568,0,85,66,44,2760,10501,5.12848,165,16.8714,0,0,5446,4505829686
303.546,3.2944,44.0568,0,85,66,44,2760,10501,5.12848,165,16.8714,0,0,5446,4509124451
436.176,2.29265,44.0568,0,85,66,44,2760,10501,5.12848,165,16.8714,0,0,5446,4511417345
417.526,2.39506,44.0568,0,85,66,44,2760,10501,5.12848,165,16.8714,0,0,5446,4513812868
393.47,2.54149,44.0568,0,85,66,44,2760,10501,5.12848,165,16.8714,0,0,5446,4516354675
353.974,2.82507,44.0568,0,85,66,44,2760,10501,5.12848,165,16.8714,0,0,5446,4519180001
250.341,3.99455,44.0568,0,85,66,44,2760,10501,5.12848,165,16.8714,0,0,5446,4523174866
632.474,1.58109,44.0568,0,85,66,44,2760,10501,5.12848,165,16.8714,0,0,5446,4524756304
369.813,2.70407,44.0568,0,85,66,44,2760,10501,5.12848,165,16.8714,0,0,5446,4527460780
399.067,2.50584,44.0568,0,85,66,44,2760,10501,5.12848,165,16.8714,0,0,5446,4529966884
345.078,2.8979,44.0568,0,85,66,44,2760,10501,5.12848,165,16.8714,0,0,5446,4532865270
263.136,3.80032,44.0568,0,85,66,44,2760,10501,5.12848,165,16.8714,0,0,5446,4536665927
421.643,2.37168,44.0568,0,85,66,44,2760,10501,5.12848,165,16.8714,0,0,5446,4539037737
388.383,2.57478,44.0568,0,85,66,44,2760,10501,5.12848,165,16.8714,0,0,5446,4541612978
371.456,2.69211,44.0568,0,85,66,44,2760,10501,5.12848,165,16.8714,0,0,5446,4544305463
486.725,2.05455,44.0568,0,85,66,44,2760,10501,5.12848,165,16.8714,0,0,5446,4546360311
229.041,4.36602,44.0568,0,85,66,44,2760,10501,5.12848,165,16.8714,0,0,5446,4550726891
747.294,1.33816,44.0568,0,85,66,44,2760,10501,5.12848,165,16.8714,0,0,5446,4552065215
332.787,3.00493,44.0568,0,85,66,44,2760,10501,5.12848,165,16.8714,0,0,5446,4555070528
523.569,1.90997,44.0568,0,85,66,44,2760,10501,5.12848,165,16.8714,0,0,5446,4556980746
318.616,3.13858,44.0568,0,85,66,44,2760,10501,5.12848,165,16.8714,0,0,5446,4560119659
368.316,2.71506,44.0568,0,85,66,44,2760,10501,5.12848,165,16.8714,0,0,5446,4562835116
506.344,1.97494,44.0568,0,85,66,44,2760,10501,5.12848,165,16.8714,0,0,5446,4564810346
315.363,3.17095,44.0568,0,85,66,44,2760,10501,5.12848,165,16.8714,0,0,5446,4567981588
310.659,3.21896,44.0568,0,85,66,44,2760,10501,5.12848,165,16.8714,0,0,5446,4571200908
531.514,1.88142,44.0568,0,85,66,44,2760,10501,5.12848,165,16.8714,0,0,5446,4573082692
189.207,5.28521,44.0568,0,85,66,44,2760,10501,5.12848,165,16.8714,0,0,5446,4578368370
2177.94,0.45915,44.0568,0,85,66,44,2760,10501,5.12848,165,16.8714,0,0,5446,4578827569
403.605,2.47767,44.0568,0,85,66,44,2760,10501,5.12848,165,16.8714,0,0,5446,4581305566
310.729,3.21823,44.0568,0,85,66,44,2760,10501,5.12848,165,16.8714,0,0,5446,4584524078
467.516,2.13897,44.0568,0,85,66,44,2760,10501,5.12848,165,16.8714,0,0,5446,4586663352
312.903,3.19588,44.0568,0,85,66,44,2760,10501,5.12848,165,16.8714,0,0,5446,4589859575
458.173,2.18258,44.0568,0,85,66,44,2760,10501,5.12848,165,16.8714,0,0,5446,4592042418
425.363,2.35093,44.0568,0,85,66,44,2760,10501,5.12848,165,16.8714,0,0,5446,4594393699
370.31,2.70044,44.0568,0,85,66,44,2760,10501,5.12848,165,16.8714,0,0,5446,4597094482
307.628,3.25068,44.0568,0,85,66,44,2760,10501,5.12848,165,16.8714,0,0,5446,4600345457
273.404,3.65759,44.0568,0,85,66,44,2760,10501,5.12848,165,16.8714,0,0,5446,4604003369
664.048,1.50592,44.0568,0,85,66,44,2760,10501,5.12848,165,16.8714,0,0,5446,4605509583
287.974,3.47254,44.0568,0,85,66,44,2760,10501,5.12848,165,16.8714,0,0,5446,4608982431
635.547,1.57345,44.0568,0,85,66,44,2760,10501,5.12848,165,16.8714,0,0,5446,4610556388
366.032,2.732,44.0568,0,85,66,44,2760,10501,5.12848,165,16.8714,0,0,5446,4613288605
205.947,4.85562,44.0568,0,85,66,44,2760,10501,5.12848,165,16.8714,0,0,5446,4618144769
602.002,1.66112,44.0568,0,85,66,44,2760,10501,5.12848,165,16.8714,0,0,5446,4619806315
470.692,2.12453,44.0568,0,85,66,44,2760,10501,5.12848,165,16.8714,0,0,5446,4621931088
453.229,2.20639,44.0568,0,85,66,44,2760,10501,5.12848,165,16.8714,0,0,5446,4624137961
382.082,2.61724,44.0568,0,85,66,44,2760,10501,5.12848,165,16.8714,0,0,5446,4626755549
271.261,3.68648,44.0568,0,85,66,44,2760,10501,5.12848,165,16.8714,0,0,5446,4630442471
441.325,2.2659,44.0568,0,85,66,44,2760,10501,5.12848,165,16.8714,0,0,5446,4632708615
499.057,2.00378,44.0568,0,85,66,44,2760,10501,5.12848,165,16.8714,0,0,5446,4634712721
207.598,4.817,44.0568,0,85,66,44,2760,10501,5.12848,165,16.8714,0,0,5446,4639529989
684.782,1.46032,44.0568,0,85,66,44,2760,10501,5.12848,165,16.8714,0,0,5446,4640990731
529.05,1.89018,44.0568,0,85,66,44,2760,10501,5.12848,165,16.8714,0,0,5446,4642881112
280.756,3.56181,44.0568,0,85,66,44,2760,10501,5.12848,165,16.8714,0,0,5446,4646443366
351.771,2.84276,44.0568,0,85,66,44,2760,10501,5.12848,165,16.8714,0,0,5446,4649286385
541.609,1.84635,44.0568,0,85,66,44,2760,10501,5.12848,165,16.8714,0,0,5446,4651133169
376.944,2.65292,44.0568,0,85,66,44,2760,10501,5.12848,165,16.8714,0,0,5446,4653786306
205.822,4.85857,44.0568,0,85,66,44,2760,10501,5.12848,165,16.8714,0,0,5446,4658645355
514.786,1.94256,44.0568,0,85,66,44,2760,10501,5.12848,165,16.8714,0,0,5446,4660588122
571.221,1.75064,44.0568,0,85,66,44,2760,10501,5.12848,165,16.8714,0,0,5446,4662339287
217.553,4.59659,44.0568,0,85,66,44,2760,10501,5.12848,165,16.8714,0,0,5446,4666936230
579.323,1.72615,44.0568,0,85,66,44,2760,10501,5.12848,165,16.8714,0,0,5446,4668662721
594.806,1.68122,44.0568,0,85,66,44,2760,10501,5.12848,165,16.8714,0,0,5446,4670344210
261.369,3.826,44.0568,0,85,66,44,2760,10501,5.12848,165,16.8714,0,0,5446,4674170541
588.122,1.70033,44.0568,0,85,66,44,2760,10501,5.12848,165,16.8714,0,0,5446,4675871252
365.874,2.73318,44.0568,0,85,66,44,2760,10501,5.12848,165,16.8714,0,0,5446,4678604739
379.26,2.63671,44.0568,0,85,66,44,2760,10501,5.12848,165,16.8714,0,0,5446,4681241741
203.452,4.91517,44.0568,0,85,66,44,2760,10501,5.12848,165,16.8714,0,0,5446,4686157214
639.955,1.56261,44.0568,0,85,66,44,2760,10501,5.12848,165,16.8714,0,0,5446,4687720055
530.27,1.88583,44.0568,0,85,66,44,2760,10501,5.12848,165,16.8714,0,0,5446,4689606359
400.728,2.49546,44.0568,0,85,66,44,2760,10501,5.12848,165,16.8714,0,0,5446,4692102011
336.82,2.96895,44.0568,0,85,66,44,2760,10501,5.12848,165,16.8714,0,0,5446,4695071380
326.333,3.06435,44.0568,0,85,66,44,2760,10501,5.12848,165,16.8714,0,0,5446,4698136272
699.974,1.42862,44.0568,0,85,66,44,2760,10501,5.12848,165,16.8714,0,0,5446,4699565224
288.777,3.46288,44.0568,0,85,66,44,2760,10501,5.12848,165,16.8714,0,0,5446,4703028225
442.744,2.25864,44.0568,0,85,66,44,2760,10501,5.12848,165,16.8714,0,0,5446,4705287196
297.87,3.35717,44.0568,0,85,66,44,2760,10501,5.12848,165,16.8714,0,0,5446,4708644722
537.653,1.85994,44.0568,0,85,66,44,2760,10501,5.12848,165,16.8714,0,0,5446,4710505006
333.8,2.9958,44.0568,0,85,66,44,2760,10501,5.12848,165,16.8714,0,0,5446,4713501213
445.534,2.2445,44.0568,0,85,66,44,2760,10501,5.12848,165,16.8714,0,0,5446,4715745952
375.627,2.66221,44.0568,0,85,66,44,2760,10501,5.12848,165,16.8714,0,0,5446,4718408638
317.884,3.1458,44.0568,0,85,66,44,2760,10501,5.12848,165,16.8714,0,0,5446,4721554590
293.03,3.41262,44.0568,0,85,66,44,2760,10501,5.12848,165,16.8714,0,0,5446,4724967522
459.683,2.17541,44.0568,0,85,66,44,2760,10501,5.12848,165,16.8714,0,0,5446,4727143144
472.192,2.11778,44.0568,0,85,66,44,2760,10501,5.12848,165,16.8714,0,0,5446,4729261282
364.865,2.74074,44.0568,0,85,66,44,2760,10501,5.12848,165,16.8714,0,0,5446,4732002327
208.572,4.7945,44.0568,0,85,66,44,2760,10501,5.12848,165,16.8714,0,0,5446,4736797392
1539.25,0.649666,44.0568,0,85,66,44,2760,10501,5.12848,165,16.8714,0,0,5446,4737447327
357.041,2.8008,44.0568,0,85,66,44,2760,10501,5.12848,165,16.8714,0,0,5446,4740248383
369.873,2.70363,44.0568,0,85,66,44,2760,10501,5.12848,165,16.8714,0,0,5446,4742952388
375.31,2.66446,44.0568,0,85,66,44,2760,10501,5.12848,165,16.8714,0,0,5446,4745617180
394.029,2.53788,44.0568,0,85,66,44,2760,10501,5.12848,165,16.8714,0,0,5446,4748155506
363.021,2.75466,44.0568,0,85,66,44,2760,10501,5.12848,165,16.8714,0,0,5446,4750910425
323.492,3.09127,44.0568,0,85,66,44,2760,10501,5.12848,165,16.8714,0,0,5446,4754002049
394.505,2.53483,44.0568,0,85,66,44,2760,10501,5.12848,165,16.8714,0,0,5446,4756537038
367.095,2.72409,44.0568,0,85,66,44,2760,10501,5.12848,165,16.8714,0,0,5446,4759261486
454.715,2.19918,44.0568,0,85,66,44,2760,10501,5.12848,165,16.8714,0,0,5446,4761461012
181.906,5.49734,44.0568,0,85,66,44,2760,10501,5.12848,165,16.8714,0,0,5446,4766961072
1455.07,0.687254,44.5019,0,85,66,44,2760,10501,5.12848,165,16.8717,0,0,5444,4767646345
487.429,2.05158,44.5019,0,85,66,44,2760,10501,5.12848,165,16.8717,0,0,5444,4769698203
344.912,2.89929,44.5019,0,85,66,44,2760,10501,5.12848,165,16.8717,0,0,5444,4772597829
404.185,2.47411,44.5019,0,85,66,44,2760,10501,5.12848,165,16.8717,0,0,5444,4775072316
377.558,2.6486,44.5019,0,85,66,44,2760,10501,5.12848,165,16.8717,0,0,5444,4777721223
362.501,2.75861,44.5019,0,85,66,44,2760,10501,5.12848,165,16.8717,0,0,5444,4780480181
327.636,3.05217,44.5019,0,85,66,44,2760,10501,5.12848,165,16.8717,0,0,5444,4783532611
404.305,2.47338,44.5019,0,85,66,44,2760,10501,5.12848,165,16.8717,0,0,5444,4786006368
322.04,3.1052,44.5019,0,85,66,44,2760,10501,5.12848,165,16.8717,0,0,5444,4789111991
259.712,3.85042,44.5019,0,85,66,44,2760,10501,5.12848,165,16.8717,0,0,5444,4792962833
676.18,1.4789,44.5019,0,85,66,44,2760,10501,5.12848,165,16.8717,0,0,5444,4794441777
519.525,1.92483,44.5019,0,85,66,44,2760,10501,5.12848,165,16.8717,0,0,5444,4796367063
285.756,3.49949,44.5019,0,85,66,44,2760,10501,5.12848,165,16.8717,0,0,5444,4799866854
446.241,2.24094,44.5019,0,85,66,44,2760,10501,5.12848,165,16.8717,0,0,5444,4802108266
314.942,3.17518,44.5019,0,85,66,44,2760,10501,5.12848,165,16.8717,0,0,5444,4805283681
528.803,1.89106,44.5019,0,85,66,44,2760,10501,5.12848,165,16.8717,0,0,5444,4807174994
327.704,3.05153,44.5019,0,85,66,44,2760,10501,5.12848,165,16.8717,0,0,5444,4810226818
402.169,2.48652,44.5019,0,85,66,44,2760,10501,5.12848,165,16.8717,0,0,5444,4812713710
374.1,2.67308,44.5019,0,85,66,44,2760,10501,5.12848,165,16.8717,0,0,5444,4815387156
203.979,4.90247,44.5019,0,85,66,44,2760,10501,5.12848,165,16.8717,0,0,5444,4820290052
327.006,3.05805,44.5019,0,85,66,44,2760,10501,5.12848,165,16.8717,0,0,5444,4823348443
2339.05,0.427524,44.5019,0,85,66,44,2760,10501,5.12848,165,16.8717,0,0,5444,4823776371
395.683,2.52728,44.5019,0,85,66,44,2760,10501,5.12848,165,16.8717,0,0,5444,4826303870
444.492,2.24976,44.5019,0,85,66,44,2760,10501,5.12848,165,16.8717,0,0,5444,4828554061
295.431,3.38488,44.5019,0,85,66,44,2760,10501,5.12848,165,16.8717,0,0,5444,4831939223
224.118,4.46193,44.5019,0,85,66,44,2760,10501,5.12848,165,16.8717,0,0,5444,4836401460
486.233,2.05663,44.5019,0,85,66,44,2760,10501,5.12848,165,16.8717,0,0,5444,4838458568
388.16,2.57626,44.5019,0,85,66,44,2760,10501,5.12848,165,16.8717,0,0,5444,4841035183
500.164,1.99935,44.5019,0,85,66,44,2760,10501,5.12848,165,16.8717,0,0,5444,4843034684
245.628,4.0712,44.5019,0,85,66,44,2760,10501,5.12848,165,16.8717,0,0,5444,4847106388
520.743,1.92033,44.5019,0,85,66,44,2760,10501,5.12848,165,16.8717,0,0,5444,4849026953
449.575,2.22432,44.5019,0,85,66,44,2760,10501,5.12848,165,16.8717,0,0,5444,4851251576
417.35,2.39607,44.5019,0,85,66,44,2760,10501,5.12848,165,16.8717,0,0,5444,4853648022
357.69,2.79572,44.5019,0,85,66,44,2760,10501,5.12848,165,16.8717,0,0,5444,4856444078
499.06,2.00377,44.5019,0,85,66,44,2760,10501,5.12848,165,16.8717,0,0,5444,4858448270
352.001,2.8409,44.5019,0,85,66,44,2760,10501,5.12848,165,16.8717,0,0,5444,4861289549
419.229,2.38533,44.5019,0,85,66,44,2760,10501,5.12848,165,16.8717,0,0,5444,4863675456
370.173,2.70144,44.5019,0,85,66,44,2760,10501,5.12848,165,16.8717,0,0,5444,4866377249
353.179,2.83142,44.5019,0,85,66,44,2760,10501,5.12848,165,16.8717,0,0,5444,4869208969
166.066,6.02169,44.5019,0,85,66,44,2760,10501,5.12848,165,16.8717,0,0,5444,4875231028
448.888,2.22773,44.5019,0,85,66,44,2760,10501,5.12848,165,16.8717,0,0,5444,4877459084
907.521,1.1019,44.5019,0,85,66,44,2760,10501,5.12848,165,16.8717,0,0,5444,4878561208
379.304,2.63641,44.5019,0,85,66,44,2760,10501,5.12848,165,16.8717,0,0,5444,4881198191
393.428,2.54176,44.5019,0,85,66,44,2760,10501,5.12848,165,16.8717,0,0,5444,4883740286
355.304,2.81449,44.5019,0,85,66,44,2760,10501,5.12848,165,16.8717,0,0,5444,4886555179
392.546,2.54747,44.5019,0,85,66,44,2760,10501,5.12848,165,16.8717,0,0,5444,4889103053
411.4,2.43073,44.5019,0,85,66,44,2760,10501,5.12848,165,16.8717,0,0,5444,4891534126
317.658,3.14804,44.5019,0,85,66,44,2760,10501,5.12848,165,16.8717,0,0,5444,4894682655
390.919,2.55808,44.5019,0,85,66,44,2760,10501,5.12848,165,16.8717,0,0,5444,4897241174
238.982,4.18441,44.5019,0,85,66,44,2760,10501,5.12848,165,16.8717,0,0,5444,4901425786
714.905,1.39879,44.5019,0,85,66,44,2760,10501,5.12848,165,16.8717,0,0,5444,4902825121
395.507,2.5284,44.5019,0,85,66,44,2760,10501,5.12848,165,16.8717,0,0,5444,4905353784
346.97,2.8821,44.5019,0,85,66,44,2760,10501,5.12848,165,16.8717,0,0,5444,4908236179
263.302,3.79792,44.5019,0,85,66,44,2760,10501,5.12848,165,16.8717,0,0,5444,4912034393
485.056,2.06162,44.5019,0,85,66,44,2760,10501,5.12848,165,16.8717,0,0,5444,4914096463
458.542,2.18082,44.5019,0,85,66,44,2760,10501,5.12848,165,16.8717,0,0,5444,4916277517
330.696,3.02393,44.5019,0,85,66,44,2760,10501,5.12848,165,16.8717,0,0,5444,4919301782
372.025,2.68799,44.5019,0,85,66,44,2760,10501,5.12848,165,16.8717,0,0,5444,4921990229
189.602,5.27422,44.5019,0,85,66,44,2760,10501,5.12848,165,16.8717,0,0,5444,4927264724
595.484,1.67931,44.5019,0,85,66,44,2760,10501,5.12848,165,16.8717,0,0,5444,4928944473
654.342,1.52825,44.5019,0,85,66,44,2760,10501,5.12848,165,16.8717,0,0,5444,4930472919
364.624,2.74255,44.5019,0,85,66,44,2760,10501,5.12848,165,16.8717,0,0,5444,4933215886
348.496,2.86947,44.5019,0,85,66,44,2760,10501,5.12848,165,16.8717,0,0,5444,4936085742
523.084,1.91174,44.5019,0,85,66,44,2760,10501,5.12848,165,16.8717,0,0,5444,4937998038
344.001,2.90696,44.5019,0,85,66,44,2760,10501,5.12848,165,16.8717,0,0,5444,4940905251
350.872,2.85004,44.5019,0,85,66,44,2760,10501,5.12848,165,16.8717,0,0,5444,4943755712
423.948,2.35878,44.5019,0,85,66,44,2760,10501,5.12848,165,16.8717,0,0,5444,4946114792
187.966,5.32011,44.5019,0,85,66,44,2760,10501,5.12848,165,16.8717,0,0,5444,4951435529
209.679,4.76919,44.5019,0,85,66,44,2760,10501,5.12848,165,16.8717,0,0,5444,4956205055
381.643,2.62025,44.5019,0,85,66,44,2760,10501,5.12848,165,16.8717,0,0,5444,4958825759
857.526,1.16614,44.5019,0,85,66,44,2760,10501,5.12848,165,16.8717,0,0,5444,4959992336
503.259,1.98705,44.5019,0,85,66,44,2760,10501,5.12848,165,16.8717,0,0,5444,4961979624
340.875,2.93363,44.5019,0,85,66,44,2760,10501,5.12848,165,16.8717,0,0,5444,4964913570
559.943,1.7859,44.5019,0,85,66,44,2760,10501,5.12848,165,16.8717,0,0,5444,4966699764
179.792,5.562,44.5019,0,85,66,44,2760,10501,5.12848,165,16.8717,0,0,5444,4972262202
830.583,1.20397,44.5019,0,85,66,44,2760,10501,5.12848,165,16.8717,0,0,5444,4973466589
593.554,1.68477,44.5019,0,85,66,44,2760,10501,5.12848,165,16.8717,0,0,5444,4975151616
410.55,2.43576,44.5019,0,85,66,44,2760,10501,5.12848,165,16.8717,0,0,5444,4977587929
209.113,4.78211,44.5019,0,85,66,44,2760,10501,5.12848,165,16.8717,0,0,5444,4982370360
557.108,1.79498,44.5019,0,85,66,44,2760,10501,5.12848,165,16.8717,0,0,5444,4984165526
476.018,2.10076,44.5019,0,85,66,44,2760,10501,5.12848,165,16.8717,0,0,5444,4986266578
356.244,2.80707,44.5019,0,85,66,44,2760,10501,5.12848,165,16.8717,0,0,5444,4989074076
347.994,2.87362,44.5019,0,85,66,44,2760,10501,5.12848,165,16.8717,0,0,5444,4991947904
441.858,2.26317,44.5019,0,85,66,44,2760,10501,5.12848,165,16.8717,0,0,5444,4994211518
236.392,4.23027,44.5019,0,85,66,44,2760,10501,5.12848,165,16.8717,0,0,5444,4998442036
547.457,1.82663,44.5019,0,85,66,44,2760,10501,5.12848,165,16.8717,0,0,5444,5000269011
413.911,2.41598,44.5019,0,85,66,44,2760,10501,5.12848,165,16.8717,0,0,5444,5002685410
293.867,3.4029,44.5019,0,85,66,44,2760,10501,5.12848,165,16.8717,0,0,5444,5006088524
469.226,2.13117,44.5019,0,85,66,44,2760,10501,5.12848,165,16.8717,0,0,5444,5008220019
343.878,2.90801,44.5019,0,85,66,44,2760,10501,5.12848,165,16.8717,0,0,5444,5011128358
483.134,2.06982,44.5019,0,85,66,44,2760,10501,5.12848,165,16.8717,0,0,5444,5013198504
394.779,2.53307,44.5019,0,85,66,44,2760,10501,5.12848,165,16.8717,0,0,5444,5015731917
349.04,2.865,44.5019,0,85,66,44,2760,10501,5.12848,165,16.8717,0,0,5444,5018597311
260.224,3.84285,44.5019,0,85,66,44,2760,10501,5.12848,165,16.8717,0,0,5444,5022440450
506.014,1.97623,44.5019,0,85,66,44,2760,10501,5.12848,165,16.8717,0,0,5444,5024416950
380.53,2.62792,44.5019,0,85,66,44,2760,10501,5.12848,165,16.8717,0,0,5444,5027045307
423.855,2.3593,44.5019,0,85,66,44,2760,10501,5.12848,165,16.8717,0,0,5444,5029404993
358.84,2.78676,44.5019,0,85,66,44,2760,10501,5.12848,165,16.8717,0,0,5444,5032192144
337.497,2.96299,44.5019,0,85,66,44,2760,10501,5.12848,165,16.8717,0,0,5444,5035155667
502.413,1.99039,44.5019,0,85,66,44,2760,10501,5.12848,165,16.8717,0,0,5444,5037146263
344.587,2.90202,44.5019,0,85,66,44,2760,10501,5.12848,165,16.8717,0,0,5444,5040048736
367.67,2.71983,44.5019,0,85,66,44,2760,10501,5.12848,165,16.8717,0,0,5444,5042795531
214.141,4.66981,44.5019,0,85,66,44,2760,10501,5.12848,165,16.8717,0,0,5444,5047465823
572.309,1.74731,44.5019,0,85,66,44,2760,10501,5.12848,165,16.8717,0,0,5444,5049216574
508.212,1.96768,44.5019,0,85,66,44,2760,10501,5.12848,165,16.8717,0,0,5444,5051181342
447.724,2.23352,44.5019,0,85,66,44,2760,10501,5.12848,165,16.8717,0,0,5444,5053415119
256.38,3.90046,44.5019,0,85,66,44,2760,10501,5.12848,165,16.8717,0,0,5444,5057316020
825.552,1.21131,44.5019,0,85,66,44,2760,10501,5.12848,165,16.8717,0,0,5444,5058527532
222.136,4.50174,44.5019,0,85,66,44,2760,10501,5.12848,165,16.8717,0,0,5444,5063029866
775.358,1.28973,44.5019,0,85,66,44,2760,10501,5.12848,165,16.8717,0,0,5444,5064320073
449.017,2.22709,44.5019,0,85,66,44,2760,10501,5.12848,165,16.8717,0,0,5444,5066547456
361.668,2.76497,44.5019,0,85,66,44,2760,10501,5.12848,165,16.8717,0,0,5444,5069312770
331.303,3.01838,44.5019,0,85,66,44,2760,10501,5.12848,165,16.8717,0,0,5444,5072331584
486.188,2.05682,44.5019,0,85,66,44,2760,10501,5.12848,165,16.8717,0,0,5444,5074388816
180.173,5.55022,44.5019,0,85,66,44,2760,10501,5.12848,165,16.8717,0,0,5444,5079939475
1514.22,0.660407,44.5019,0,85,66,44,2760,10501,5.12848,165,16.8717,0,0,5444,5080599891
390.854,2.5585,44.5019,0,85,66,44,2760,10501,5.12848,165,16.8717,0,0,5444,5083158843
394.328,2.53596,44.5019,0,85,66,44,2760,10501,5.12848,165,16.8717,0,0,5444,5085695111
232.193,4.30677,44.5019,0,85,66,44,2760,10501,5.12848,165,16.8717,0,0,5444,5090002121
889.337,1.12443,44.5019,0,85,66,44,2760,10501,5.12848,165,16.8717,0,0,5444,5091126967
419.949,2.38124,44.5019,0,85,66,44,2760,10501,5.12848,165,16.8717,0,0,5444,5093508432
236.373,4.2306,44.5019,0,85,66,44,2760,10501,5.12848,165,16.8717,0,0,5444,5097739267
1147.13,0.871741,44.5019,0,85,66,44,2760,10501,5.12848,165,16.8717,0,0,5444,5098611344
339.886,2.94217,44.5019,0,85,66,44,2760,10501,5.12848,165,16.8717,0,0,5444,5101553780
332.11,3.01105,44.5019,0,85,66,44,2760,10501,5.12848,165,16.8717,0,0,5444,5104565276
378.847,2.63959,44.5019,0,85,66,44,2760,10501,5.12848,165,16.8717,0,0,5444,5107205153
529.252,1.88946,44.5019,0,85,66,44,2760,10501,5.12848,165,16.8717,0,0,5444,5109094947
288.076,3.47131,44.5019,0,85,66,44,2760,10501,5.12848,165,16.8717,0,0,5444,5112566526
286.359,3.49212,44.5019,0,85,66,44,2760,10501,5.12848,165,16.8717,0,0,5444,5116058990
553.176,1.80774,44.5019,0,85,66,44,2760,10501,5.12848,165,16.8717,0,0,5444,5117867233
267.014,3.74512,44.5019,0,85,66,44,2760,10501,5.12848,165,16.8717,0,0,5444,5121612590
432.413,2.31261,44.5019,0,85,66,44,2760,10501,5.12848,165,16.8717,0,0,5444,5123925678
387.629,2.57979,44.5019,0,85,66,44,2760,10501,5.12848,165,16.8717,0,0,5444,5126505823
331.285,3.01855,44.5019,0,85,66,44,2760,10501,5.12848,165,16.8717,0,0,5444,5129524713
239.569,4.17416,44.5019,0,85,66,44,2760,10501,5.12848,165,16.8717,0,0,5444,5133699209
1483.38,0.674138,44.5019,0,85,66,44,2760,10501,5.12848,165,16.8717,0,0,5444,5134373799
226.7,4.41111,44.5019,0,85,66,44,2760,10501,5.12848,165,16.8717,0,0,5444,5138785150
234.87,4.25768,44.5019,0,85,66,44,2760,10501,5.12848,165,16.8717,0,0,5444,5143043130
338.541,2.95385,44.5019,0,85,66,44,2760,10501,5.12848,165,16.8717,0,0,5444,5145997412
1583.79,0.631397,44.5019,0,85,66,44,2760,10501,5.12848,165,16.8717,0,0,5444,5146628991
175.098,5.71109,44.5019,0,85,66,44,2760,10501,5.12848,165,16.8717,0,0,5444,5152340655
1637.87,0.610549,44.5019,0,85,66,44,2760,10501,5.12848,165,16.8717,0,0,5444,5152951627
497.643,2.00947,44.5019,0,85,66,44,2760,10501,5.12848,165,16.8717,0,0,5444,5154961378
322.48,3.10097,44.5019,0,85,66,44,2760,10501,5.12848,165,16.8717,0,0,5444,5158062674
490.346,2.03938,44.5019,0,85,66,44,2760,10501,5.12848,165,16.8717,0,0,5444,5160102484
287.444,3.47894,44.5019,0,85,66,44,2760,10501,5.12848,165,16.8717,0,0,5444,5163581841
493.457,2.02652,44.5019,0,85,66,44,2760,10501,5.12848,165,16.8717,0,0,5444,5165608621
176.808,5.65586,44.5019,0,85,66,44,2760,10501,5.12848,165,16.8717,0,0,5444,5171265042
353.903,2.82563,44.5019,0,85,66,44,2760,10501,5.12848,165,16.8717,0,0,5444,5174090820
704.058,1.42034,44.5019,0,85,66,44,2760,10501,5.12848,165,16.8717,0,0,5444,5175511628
423.404,2.36181,44.5019,0,85,66,44,2760,10501,5.12848,165,16.8717,0,0,5444,5177873631
327.779,3.05083,44.5019,0,85,66,44,2760,10501,5.12848,165,16.8717,0,0,5444,5180924868
316.084,3.16371,44.5019,0,85,66,44,2760,10501,5.12848,165,16.8717,0,0,5444,5184088830
337.901,2.95945,44.5019,0,85,66,44,2760,10501,5.12848,165,16.8717,0,0,5444,5187048574
579.268,1.72632,44.5019,0,85,66,44,2760,10501,5.12848,165,16.8717,0,0,5444,5188775248
158.673,6.30226,44.5019,0,85,66,44,2760,10501,5.12848,165,16.8717,0,0,5444,5195077951
203.967,4.90275,44.5019,0,85,66,44,2760,10501,5.12848,165,16.8717,0,0,5444,5199981001
410.995,2.43312,44.5019,0,85,66,44,2760,10501,5.12848,165,16.8717,0,0,5444,5202414486
311.522,3.21005,44.5019,0,85,66,44,2760,10501,5.12848,165,16.8717,0,0,5444,5205625152
283.682,3.52507,44.5019,0,85,66,44,2760,10501,5.12848,165,16.8717,0,0,5444,5209150617
361.438,2.76673,44.5019,0,85,66,44,2760,10501,5.12848,165,16.8717,0,0,5444,5211917739
195.6,5.11247,44.5019,0,85,66,44,2760,10501,5.12848,165,16.8717,0,0,5444,5217030671
812.244,1.23116,44.5019,0,85,66,44,2760,10501,5.12848,165,16.8717,0,0,5444,5218261963
478.295,2.09076,44.5019,0,85,66,44,2760,10501,5.12848,165,16.8717,0,0,5444,5220353062
407.788,2.45226,44.5019,0,85,66,44,2760,10501,5.12848,165,16.8717,0,0,5444,5222805674
207.597,4.81703,44.5019,0,85,66,44,2760,10501,5.12848,165,16.8717,0,0,5444,5227623269
408.794,2.44622,44.5019,0,85,66,44,2760,10501,5.12848,165,16.8717,0,0,5444,5230069899
316.22,3.16236,44.5019,0,85,66,44,2760,10501,5.12848,165,16.8717,0,0,5444,5233232679
346.294,2.88772,44.5019,0,85,66,44,2760,10501,5.12848,165,16.8717,0,0,5444,5236121113
483.179,2.06963,44.5019,0,85,66,44,2760,10501,5.12848,165,16.8717,0,0,5444,5238191384
270.936,3.6909,44.5019,0,85,66,44,2760,10501,5.12848,165,16.8717,0,0,5444,5241882624
324.529,3.08139,44.5019,0,85,66,44,2760,10501,5.12848,165,16.8717,0,0,5444,5244964343
2763.95,0.361801,44.5019,0,85,66,44,2760,10501,5.12848,165,16.8717,0,0,5444,5245326567
308.819,3.23814,44.5019,0,85,66,44,2760,10501,5.12848,165,16.8717,0,0,5444,5248565003
180.722,5.53335,44.5019,0,85,66,44,2760,10501,5.12848,165,16.8717,0,0,5444,5254098863
201.937,4.95203,44.5019,0,85,66,44,2760,10501,5.12848,165,16.8717,0,0,5444,5259051395
1066.05,0.938041,44.5019,0,85,66,44,2760,10501,5.12848,165,16.8717,0,0,5444,5259992398
399.358,2.50402,44.5019,0,85,66,44,2760,10501,5.12848,165,16.8717,0,0,5444,5262494251
201.485,4.96316,44.5019,0,85,66,44,2760,10501,5.12848,165,16.8717,0,0,5444,5267461092
1193.98,0.837538,47.3885,0,85,65,44,2760,10501,5.12848,165,16.8735,0,0,5439,5268295995
218.839,4.56958,47.3885,0,85,65,44,2760,10501,5.12848,165,16.8735,0,0,5439,5272865995
560.223,1.785,47.3885,0,85,65,44,2760,10501,5.12848,165,16.8735,0,0,5439,5274651459
211.967,4.71773,47.3885,0,85,65,44,2760,10501,5.12848,165,16.8735,0,0,5439,5279369618
328.755,3.04178,47.3885,0,85,65,44,2760,10501,5.12848,165,16.8735,0,0,5439,5282411711
320.471,3.1204,47.3885,0,85,65,44,2760,10501,5.12848,165,16.8735,0,0,5439,5285532412
1581.74,0.632214,47.3885,0,85,65,44,2760,10501,5.12848,165,16.8735,0,0,5439,5286164991
401.562,2.49028,47.3885,0,85,65,44,2760,10501,5.12848,165,16.8735,0,0,5439,5288655566
339.672,2.94401,47.3885,0,85,65,44,2760,10501,5.12848,165,16.8735,0,0,5439,5291599790
428.269,2.33498,47.3885,0,85,65,44,2760,10501,5.12848,165,16.8735,0,0,5439,5293935147
428.696,2.33266,47.3885,0,85,65,44,2760,10501,5.12848,165,16.8735,0,0,5439,5296268043
384.536,2.60054,47.3885,0,85,65,44,2760,10501,5.12848,165,16.8735,0,0,5439,5298869179
337.799,2.96034,47.3885,0,85,65,44,2760,10501,5.12848,165,16.8735,0,0,5439,5301829712
235.622,4.24409,47.3885,0,85,65,44,2760,10501,5.12848,165,16.8735,0,0,5439,5306074191
309.183,3.23433,47.3885,0,85,65,44,2760,10501,5.12848,165,16.8735,0,0,5439,5309308867
360.972,2.77029,47.3885,0,85,65,44,2760,10501,5.12848,165,16.8735,0,0,5439,5312079682
755.097,1.32433,47.3885,0,85,65,44,2760,10501,5.12848,165,16.8735,0,0,5439,5313404313
364.114,2.74639,47.3885,0,85,65,44,2760,10501,5.12848,165,16.8735,0,0,5439,5316151223
413.539,2.41815,47.3885,0,85,65,44,2760,10501,5.12848,165,16.8735,0,0,5439,5318569747
368.356,2.71477,47.3885,0,85,65,44,2760,10501,5.12848,165,16.8735,0,0,5439,5321284886
325.408,3.07307,47.3885,0,85,65,44,2760,10501,5.12848,165,16.8735,0,0,5439,5324358346
420.694,2.37702,47.3885,0,85,65,44,2760,10501,5.12848,165,16.8735,0,0,5439,5326735733
457.302,2.18674,47.3885,0,85,65,44,2760,10501,5.12848,165,16.8735,0,0,5439,5328922951
233.612,4.28061,47.3885,0,85,65,44,2760,10501,5.12848,165,16.8735,0,0,5439,5333203836
501.783,1.99289,47.3885,0,85,65,44,2760,10501,5.12848,165,16.8735,0,0,5439,5335197086
479.689,2.08469,47.3885,0,85,65,44,2760,10501,5.12848,165,16.8735,0,0,5439,5337281945
274.815,3.63881,47.3885,0,85,65,44,2760,10501,5.12848,165,16.8735,0,0,5439,5340921202
450.681,2.21886,47.3885,0,85,65,44,2760,10501,5.12848,165,16.8735,0,0,5439,5343140613
516.358,1.93664,47.3885,0,85,65,44,2760,10501,5.12848,165,16.8735,0,0,5439,5345077544
313.64,3.18837,47.3885,0,85,65,44,2760,10501,5.12848,165,16.8735,0,0,5439,5348266247
379.6,2.63435,47.3885,0,85,65,44,2760,10501,5.12848,165,16.8735,0,0,5439,5350900923
309.651,3.22944,47.3885,0,85,65,44,2760,10501,5.12848,165,16.8735,0,0,5439,5354130811
477.631,2.09367,47.3885,0,85,65,44,2760,10501,5.12848,165,16.8735,0,0,5439,5356224833
243.322,4.10977,47.3885,0,85,65,44,2760,10501,5.12848,165,16.8735,0,0,5439,5360335154
283.115,3.53214,47.3885,0,85,65,44,2760,10501,5.12848,165,16.8735,0,0,5439,5363867542
727.156,1.37522,47.3885,0,85,65,44,2760,10501,5.12848,165,16.8735,0,0,5439,5365243127
570.031,1.75429,47.3885,0,85,65,44,2760,10501,5.12848,165,16.8735,0,0,5439,5366997811
206.651,4.83908,47.3885,0,85,65,44,2760,10501,5.12848,165,16.8735,0,0,5439,5371837032
576.187,1.73555,47.3885,0,85,65,44,2760,10501,5.12848,165,16.8735,0,0,5439,5373573062
635.578,1.57337,47.3885,0,85,65,44,2760,10501,5.12848,165,16.8735,0,0,5439,5375146413
365.847,2.73338,47.3885,0,85,65,44,2760,10501,5.12848,165,16.8735,0,0,5439,5377880207
242.172,4.1293,47.3885,0,85,65,44,2760,10501,5.12848,165,16.8735,0,0,5439,5382009952
1332.32,0.750573,47.3885,0,85,65,44,2760,10501,5.12848,165,16.8735,0,0,5439,5382760564
351.427,2.84554,47.3885,0,85,65,44,2760,10501,5.12848,165,16.8735,0,0,5439,5385606467
245.69,4.07017,47.3885,0,85,65,44,2760,10501,5.12848,165,16.8735,0,0,5439,5389676941
442.407,2.26036,47.3885,0,85,65,44,2760,10501,5.12848,165,16.8735,0,0,5439,5391937633
481.61,2.07637,47.3885,0,85,65,44,2760,10501,5.12848,165,16.8735,0,0,5439,5394014453
324.297,3.08359,47.3885,0,85,65,44,2760,10501,5.12848,165,16.8735,0,0,5439,5397098441
465.482,2.14831,47.3885,0,85,65,44,2760,10501,5.12848,165,16.8735,0,0,5439,5399247004
327.096,3.05721,47.3885,0,85,65,44,2760,10501,5.12848,165,16.8735,0,0,5439,5402304597
319.969,3.12531,47.3885,0,85,65,44,2760,10501,5.12848,165,16.8735,0,0,5439,5405430155
350.946,2.84944,47.3885,0,85,65,44,2760,10501,5.12848,165,16.8735,0,0,5439,5408280020
494.823,2.02092,47.3885,0,85,65,44,2760,10501,5.12848,165,16.8735,0,0,5439,5410301146
326.201,3.06559,47.3885,0,85,65,44,2760,10501,5.12848,165,16.8735,0,0,5439,5413367162
367.1,2.72405,47.3885,0,85,65,44,2760,10501,5.12848,165,16.8735,0,0,5439,5416091447
248.86,4.01832,47.3885,0,85,65,44,2760,10501,5.12848,165,16.8735,0,0,5439,5420110370
536.509,1.8639,47.3885,0,85,65,44,2760,10501,5.12848,165,16.8735,0,0,5439,5421974491
443.393,2.25534,47.3885,0,85,65,44,2760,10501,5.12848,165,16.8735,0,0,5439,5424230250
173.021,5.77966,47.3885,0,85,65,44,2760,10501,5.12848,165,16.8735,0,0,5439,5430010368
410.571,2.43563,47.3885,0,85,65,44,2760,10501,5.12848,165,16.8735,0,0,5439,5432446421
1450.36,0.689484,47.3885,0,85,65,44,2760,10501,5.12848,165,16.8735,0,0,5439,5433136011
450.978,2.2174,47.3885,0,85,65,44,2760,10501,5.12848,165,16.8735,0,0,5439,5435353846
367.672,2.71981,47.3885,0,85,65,44,2760,10501,5.12848,165,16.8735,0,0,5439,5438073976
211.085,4.73742,47.3885,0,85,65,44,2760,10501,5.12848,165,16.8735,0,0,5439,5442811674
434.699,2.30044,47.3885,0,85,65,44,2760,10501,5.12848,165,16.8735,0,0,5439,5445112588
566.316,1.7658,47.3885,0,85,65,44,2760,10501,5.12848,165,16.8735,0,0,5439,5446878609
223.735,4.46958,47.3885,0,85,65,44,2760,10501,5.12848,165,16.8735,0,0,5439,5451348644
530.199,1.88608,47.3885,0,85,65,44,2760,10501,5.12848,165,16.8735,0,0,5439,5453235035
277.587,3.60248,47.3885,0,85,65,44,2760,10501,5.12848,165,16.8735,0,0,5439,5456837877
1706.43,0.58602,47.3885,0,85,65,44,2760,10501,5.12848,165,16.8735,0,0,5439,5457424243
150.064,6.66383,47.3885,0,85,65,44,2760,10501,5.12848,165,16.8735,0,0,5439,5464088535
1521.22,0.657369,47.3885,0,85,65,44,2760,10501,5.12848,165,16.8735,0,0,5439,5464746211
408.491,2.44804,47.3885,0,85,65,44,2760,10501,5.12848,165,16.8735,0,0,5439,5467194707
207.356,4.82261,47.3885,0,85,65,44,2760,10501,5.12848,165,16.8735,0,0,5439,5472017514
635.839,1.57273,47.3885,0,85,65,44,2760,10501,5.12848,165,16.8735,0,0,5439,5473590567
267.734,3.73505,47.3885,0,85,65,44,2760,10501,5.12848,165,16.8735,0,0,5439,5477326318
341.512,2.92816,47.3885,0,85,65,44,2760,10501,5.12848,165,16.8735,0,0,5439,5480254590
528.473,1.89225,47.3885,0,85,65,44,2760,10501,5.12848,165,16.8735,0,0,5439,5482147192
271.351,3.68527,47.3885,0,85,65,44,2760,10501,5.12848,165,16.8735,0,0,5439,5485832787
371.351,2.69287,47.3885,0,85,65,44,2760,10501,5.12848,165,16.8735,0,0,5439,5488525955
1047.56,0.9546,47.3885,0,85,65,44,2760,10501,5.12848,165,16.8735,0,0,5439,5489480804
368.379,2.71459,47.3885,0,85,65,44,2760,10501,5.12848,165,16.8735,0,0,5439,5492196040
357.543,2.79686,47.3885,0,85,65,44,2760,10501,5.12848,165,16.8735,0,0,5439,5494993000
149.178,6.70339,47.3885,0,85,65,44,2760,10501,5.12848,165,16.8735,0,0,5439,5501696927
839.182,1.19164,47.3885,0,85,65,44,2760,10501,5.12848,165,16.8735,0,0,5439,5502888737
299.559,3.33824,47.3885,0,85,65,44,2760,10501,5.12848,165,16.8735,0,0,5439,5506227513
788.934,1.26753,47.3885,0,85,65,44,2760,10501,5.12848,165,16.8735,0,0,5439,5507495286
434.89,2.29943,47.3885,0,85,65,44,2760,10501,5.12848,165,16.8735,0,0,5439,5509795258
355.187,2.81542,47.3885,0,85,65,44,2760,10501,5.12848,165,16.8735,0,0,5439,5512610853
377.358,2.65,47.3885,0,85,65,44,2760,10501,5.12848,165,16.8735,0,0,5439,5515261211
327.285,3.05544,47.3885,0,85,65,44,2760,10501,5.12848,165,16.8735,0,0,5439,5518316988
253.184,3.9497,47.3885,0,85,65,44,2760,10501,5.12848,165,16.8735,0,0,5439,5522267092
356.287,2.80673,47.3885,0,85,65,44,2760,10501,5.12848,165,16.8735,0,0,5439,5525074254
387.636,2.57974,47.3885,0,85,65,44,2760,10501,5.12848,165,16.8735,0,0,5439,5527654321
335.027,2.98483,47.3885,0,85,65,44,2760,10501,5.12848,165,16.8735,0,0,5439,5530639595
486.734,2.05451,47.3885,0,85,65,44,2760,10501,5.12848,165,16.8735,0,0,5439,5532694376
420.296,2.37927,47.3885,0,85,65,44,2760,10501,5.12848,165,16.8735,0,0,5439,5535074081
471.086,2.12275,47.3885,0,85,65,44,2760,10501,5.12848,165,16.8735,0,0,5439,5537197172
296.668,3.37078,47.3885,0,85,65,44,2760,10501,5.12848,165,16.8735,0,0,5439,5540568180
223.834,4.46759,47.3885,0,85,65,44,2760,10501,5.12848,165,16.8735,0,0,5439,5545036224
2419.54,0.413302,47.3885,0,85,65,44,2760,10501,5.12848,165,16.8735,0,0,5439,5545449767
363.894,2.74805,47.3885,0,85,65,44,2760,10501,5.12848,165,16.8735,0,0,5439,5548198119
518.417,1.92895,47.3885,0,85,65,44,2760,10501,5.12848,165,16.8735,0,0,5439,5550127502
221.271,4.51935,47.3885,0,85,65,44,2760,10501,5.12848,165,16.8735,0,0,5439,5554647289
450.334,2.22058,47.3885,0,85,65,44,2760,10501,5.12848,165,16.8735,0,0,5439,5556868258
603.452,1.65713,47.3885,0,85,65,44,2760,10501,5.12848,165,16.8735,0,0,5439,5558525583
387.36,2.58158,47.3885,0,85,65,44,2760,10501,5.12848,165,16.8735,0,0,5439,5561107612
343.589,2.91045,47.3885,0,85,65,44,2760,10501,5.12848,165,16.8735,0,0,5439,5564018441
328.026,3.04854,47.3885,0,85,65,44,2760,10501,5.12848,165,16.8735,0,0,5439,5567067313
404.777,2.4705,47.3885,0,85,65,44,2760,10501,5.12848,165,16.8735,0,0,5439,5569538079
284.344,3.51687,47.3885,0,85,65,44,2760,10501,5.12848,165,16.8735,0,0,5439,5573055505
474.569,2.10718,47.3885,0,85,65,44,2760,10501,5.12848,165,16.8735,0,0,5439,5575162826
230.109,4.34577,47.3885,0,85,65,44,2760,10501,5.12848,165,16.8735,0,0,5439,5579509184
716.382,1.3959,47.3885,0,85,65,44,2760,10501,5.12848,165,16.8735,0,0,5439,5580905202
472.617,2.11588,47.3885,0,85,65,44,2760,10501,5.12848,165,16.8735,0,0,5439,5583021572
314.192,3.18277,47.3885,0,85,65,44,2760,10501,5.12848,165,16.8735,0,0,5439,5586204621
524.411,1.9069,47.3885,0,85,65,44,2760,10501,5.12848,165,16.8735,0,0,5439,5588111888
351.101,2.84818,47.3885,0,85,65,44,2760,10501,5.12848,165,16.8735,0,0,5439,5590960436
361.398,2.76704,47.3885,0,85,65,44,2760,10501,5.12848,165,16.8735,0,0,5439,5593728010
391.102,2.55687,47.3885,0,85,65,44,2760,10501,5.12848,165,16.8735,0,0,5439,5596285182
362.96,2.75512,47.3885,0,85,65,44,2760,10501,5.12848,165,16.8735,0,0,5439,5599040660
365.999,2.73225,47.3885,0,85,65,44,2760,10501,5.12848,165,16.8735,0,0,5439,5601773473
304.808,3.28076,47.3885,0,85,65,44,2760,10501,5.12848,165,16.8735,0,0,5439,5605054757
346.597,2.88519,47.3885,0,85,65,44,2760,10501,5.12848,165,16.8735,0,0,5439,5607940065
598.148,1.67183,47.3885,0,85,65,44,2760,10501,5.12848,165,16.8735,0,0,5439,5609612429
334.836,2.98653,47.3885,0,85,65,44,2760,10501,5.12848,165,16.8735,0,0,5439,5612599328
380.231,2.62998,47.3885,0,85,65,44,2760,10501,5.12848,165,16.8735,0,0,5439,5615229523
365.487,2.73607,47.3885,0,85,65,44,2760,10501,5.12848,165,16.8735,0,0,5439,5617966038
397.117,2.51815,47.3885,0,85,65,44,2760,10501,5.12848,165,16.8735,0,0,5439,5620484430
328.043,3.04838,47.3885,0,85,65,44,2760,10501,5.12848,165,16.8735,0,0,5439,5623533149
439.919,2.27314,47.3885,0,85,65,44,2760,10501,5.12848,165,16.8735,0,0,5439,5625806571
362.483,2.75875,47.3885,0,85,65,44,2760,10501,5.12848,165,16.8735,0,0,5439,5628565684
367.799,2.71888,47.3885,0,85,65,44,2760,10501,5.12848,165,16.8735,0,0,5439,5631284862
200.278,4.99305,47.3885,0,85,65,44,2760,10501,5.12848,165,16.8735,0,0,5439,5636278472
1224.54,0.816633,47.3885,0,85,65,44,2760,10501,5.12848,165,16.8735,0,0,5439,5637095327
366.908,2.72548,47.3885,0,85,65,44,2760,10501,5.12848,165,16.8735,0,0,5439,5639821149
456.756,2.18935,47.3885,0,85,65,44,2760,10501,5.12848,165,16.8735,0,0,5439,5642010723
371.579,2.69122,47.3885,0,85,65,44,2760,10501,5.12848,165,16.8735,0,0,5439,5644702372
286.236,3.49362,47.3885,0,85,65,44,2760,10501,5.12848,165,16.8735,0,0,5439,5648196384
570.597,1.75255,47.3885,0,85,65,44,2760,10501,5.12848,165,16.8735,0,0,5439,5649949135
380.553,2.62775,47.3885,0,85,65,44,2760,10501,5.12848,165,16.8735,0,0,5439,5652577214
290.824,3.4385,47.3885,0,85,65,44,2760,10501,5.12848,165,16.8735,0,0,5439,5656016012
327.934,3.04939,47.3885,0,85,65,44,2760,10501,5.12848,165,16.8735,0,0,5439,5659065759
266.927,3.74635,47.3885,0,85,65,44,2760,10501,5.12848,165,16.8735,0,0,5439,5662812395
810.037,1.23451,47.3885,0,85,65,44,2760,10501,5.12848,165,16.8735,0,0,5439,5664047225
457.586,2.18538,47.3885,0,85,65,44,2760,10501,5.12848,165,16.8735,0,0,5439,5666232924
341.6,2.9274,47.3885,0,85,65,44,2760,10501,5.12848,165,16.8735,0,0,5439,5669160609
376.478,2.6562,47.3885,0,85,65,44,2760,10501,5.12848,165,16.8735,0,0,5439,5671817103
358.205,2.7917,47.3885,0,85,65,44,2760,10501,5.12848,165,16.8735,0,0,5439,5674609302
367.047,2.72445,47.3885,0,85,65,44,2760,10501,5.12848,165,16.8735,0,0,5439,5677334029
394.549,2.53454,47.3885,0,85,65,44,2760,10501,5.12848,165,16.8735,0,0,5439,5679868855
295.558,3.38343,47.3885,0,85,65,44,2760,10501,5.12848,165,16.8735,0,0,5439,5683252796
432.511,2.31208,47.3885,0,85,65,44,2760,10501,5.12848,165,16.8735,0,0,5439,5685565027
258.664,3.86602,47.3885,0,85,65,44,2760,10501,5.12848,165,16.8735,0,0,5439,5689431581
616.283,1.62263,47.3885,0,85,65,44,2760,10501,5.12848,165,16.8735,0,0,5439,5691054549
330.329,3.02728,47.3885,0,85,65,44,2760,10501,5.12848,165,16.8735,0,0,5439,5694082064
658.735,1.51806,47.3885,0,85,65,44,2760,10501,5.12848,165,16.8735,0,0,5439,5695600577
338.405,2.95504,47.3885,0,85,65,44,2760,10501,5.12848,165,16.8735,0,0,5439,5698555975
406.258,2.46149,47.3885,0,85,65,44,2760,10501,5.12848,165,16.8735,0,0,5439,5701017635
327.616,3.05235,47.3885,0,85,65,44,2760,10501,5.12848,165,16.8735,0,0,5439,5704070266
374.333,2.67142,47.3885,0,85,65,44,2760,10501,5.12848,165,16.8735,0,0,5439,5706742039
416.073,2.40343,47.3885,0,85,65,44,2760,10501,5.12848,165,16.8735,0,0,5439,5709145918
341.868,2.92511,47.3885,0,85,65,44,2760,10501,5.12848,165,16.8735,0,0,5439,5712071228
245.429,4.07449,47.3885,0,85,65,44,2760,10501,5.12848,165,16.8735,0,0,5439,5716146173
432.825,2.31041,47.3885,0,85,65,44,2760,10501,5.12848,165,16.8735,0,0,5439,5718457001
517.71,1.93158,47.3885,0,85,65,44,2760,10501,5.12848,165,16.8735,0,0,5439,5720388768
393.382,2.54206,47.3885,0,85,65,44,2760,10501,5.12848,165,16.8735,0,0,5439,5722931181
232.516,4.30078,47.3885,0,85,65,44,2760,10501,5.12848,165,16.8735,0,0,5439,5727232201
1060.11,0.943301,47.3885,0,85,65,44,2760,10501,5.12848,165,16.8735,0,0,5439,5728175550
305.03,3.27837,47.3885,0,85,65,44,2760,10501,5.12848,165,16.8735,0,0,5439,5731454372
597.043,1.67492,47.3885,0,85,65,44,2760,10501,5.12848,165,16.8735,0,0,5439,5733129746
285.736,3.49973,47.3885,0,85,65,44,2760,10501,5.12848,165,16.8735,0,0,5439,5736629739
405.61,2.46542,47.3885,0,85,65,44,2760,10501,5.12848,165,16.8735,0,0,5439,5739095706
287.219,3.48167,47.3885,0,85,65,44,2760,10501,5.12848,165,16.8735,0,0,5439,5742577593
551.55,1.81307,47.3885,0,85,65,44,2760,10501,5.12848,165,16.8735,0,0,5439,5744391125
421.364,2.37324,47.3885,0,85,65,44,2760,10501,5.12848,165,16.8735,0,0,5439,5746764695
386.498,2.58734,47.3885,0,85,65,44,2760,10501,5.12848,165,16.8735,0,0,5439,5749352456
397.692,2.51451,47.3885,0,85,65,44,2760,10501,5.12848,165,16.8735,0,0,5439,5751867569
369.814,2.70406,47.3885,0,85,65,44,2760,10501,5.12848,165,16.8735,0,0,5439,5754571766
354.07,2.8243,47.3885,0,85,65,44,2760,10501,5.12848,165,16.8735,0,0,5439,5757396727
345.389,2.89529,47.3885,0,85,65,44,2760,10501,5.12848,165,16.8735,0,0,5439,5760292315
365.026,2.73953,47.3885,0,85,65,44,2760,10501,5.12848,165,16.8735,0,0,5439,5763032282
394.609,2.53415,47.3885,0,85,65,44,2760,10501,5.12848,165,16.8735,0,0,5439,5765566858
208.623,4.79334,47.3885,0,85,65,44,2760,10501,5.12848,165,16.8735,0,0,5439,5770362702
598.166,1.67178,49.2347,0,86,66,44,2760,10501,5.12848,165,16.8739,0,0,5431,5772032759
532.957,1.87632,49.2347,0,86,66,44,2760,10501,5.12848,165,16.8739,0,0,5431,5773909437
289.558,3.45354,49.2347,0,86,66,44,2760,10501,5.12848,165,16.8739,0,0,5431,5777363409
259.648,3.85136,49.2347,0,86,66,44,2760,10501,5.12848,165,16.8739,0,0,5431,5781215001
1208.31,0.827604,49.2347,0,86,66,44,2760,10501,5.12848,165,16.8739,0,0,5431,5782042827
409.817,2.44011,49.2347,0,86,66,44,2760,10501,5.12848,165,16.8739,0,0,5431,5784483245
308.3,3.24359,49.2347,0,86,66,44,2760,10501,5.12848,165,16.8739,0,0,5431,5787727153
413.651,2.4175,49.2347,0,86,66,44,2760,10501,5.12848,165,16.8739,0,0,5431,5790144869
486.303,2.05633,49.2347,0,86,66,44,2760,10501,5.12848,165,16.8739,0,0,5431,5792201630
371.55,2.69143,49.2347,0,86,66,44,2760,10501,5.12848,165,16.8739,0,0,5431,5794893481
276.306,3.61918,49.2347,0,86,66,44,2760,10501,5.12848,165,16.8739,0,0,5431,5798512968
231.774,4.31454,49.2347,0,86,66,44,2760,10501,5.12848,165,16.8739,0,0,5431,5802827892
422.953,2.36433,49.2347,0,86,66,44,2760,10501,5.12848,165,16.8739,0,0,5431,5805192597
398.362,2.51028,49.2347,0,86,66,44,2760,10501,5.12848,165,16.8739,0,0,5431,5807703364
263.546,3.79441,49.2347,0,86,66,44,2760,10501,5.12848,165,16.8739,0,0,5431,5811498050
1849.29,0.540749,49.2347,0,86,66,44,2760,10501,5.12848,165,16.8739,0,0,5431,5812038828
322.751,3.09836,49.2347,0,86,66,44,2760,10501,5.12848,165,16.8739,0,0,5431,5815137711
457.739,2.18465,49.2347,0,86,66,44,2760,10501,5.12848,165,16.8739,0,0,5431,5817322823
454.808,2.19873,49.2347,0,86,66,44,2760,10501,5.12848,165,16.8739,0,0,5431,5819521753
346.645,2.8848,49.2347,0,86,66,44,2760,10501,5.12848,165,16.8739,0,0,5431,5822407831
364.81,2.74115,49.2347,0,86,66,44,2760,10501,5.12848,165,16.8739,0,0,5431,5825149270
389.964,2.56434,49.2347,0,86,66,44,2760,10501,5.12848,165,16.8739,0,0,5431,5827714029
434.85,2.29964,49.2347,0,86,66,44,2760,10501,5.12848,165,16.8739,0,0,5431,5830014087
346.717,2.88419,49.2347,0,86,66,44,2760,10501,5.12848,165,16.8739,0,0,5431,5832898492
336.49,2.97186,49.2347,0,86,66,44,2760,10501,5.12848,165,16.8739,0,0,5431,5835870689
317.402,3.15058,49.2347,0,86,66,44,2760,10501,5.12848,165,16.8739,0,0,5431,5839021727
470.43,2.12572,49.2347,0,86,66,44,2760,10501,5.12848,165,16.8739,0,0,5431,5841147693
333.71,2.99661,49.2347,0,86,66,44,2760,10501,5.12848,165,16.8739,0,0,5431,5844144631
615.033,1.62593,49.2347,0,86,66,44,2760,10501,5.12848,165,16.8739,0,0,5431,5845770811
345.897,2.89103,49.2347,0,86,66,44,2760,10501,5.12848,165,16.8739,0,0,5431,5848662283
279.328,3.58001,49.2347,0,86,66,44,2760,10501,5.12848,165,16.8739,0,0,5431,5852242558
260.714,3.83562,49.2347,0,86,66,44,2760,10501,5.12848,165,16.8739,0,0,5431,5856078543
514.083,1.94521,49.2347,0,86,66,44,2760,10501,5.12848,165,16.8739,0,0,5431,5858024147
388.679,2.57282,49.2347,0,86,66,44,2760,10501,5.12848,165,16.8739,0,0,5431,5860597272
417.553,2.39491,49.2347,0,86,66,44,2760,10501,5.12848,165,16.8739,0,0,5431,5862992564
598.772,1.67008,49.2347,0,86,66,44,2760,10501,5.12848,165,16.8739,0,0,5431,5864662880
221.705,4.5105,49.2347,0,86,66,44,2760,10501,5.12848,165,16.8739,0,0,5431,5869173686
965.308,1.03594,49.2347,0,86,66,44,2760,10501,5.12848,165,16.8739,0,0,5431,5870210221
347.871,2.87463,49.2347,0,86,66,44,2760,10501,5.12848,165,16.8739,0,0,5431,5873084856
485.858,2.05821,49.2347,0,86,66,44,2760,10501,5.12848,165,16.8739,0,0,5431,5875143387
231.708,4.31578,49.2347,0,86,66,44,2760,10501,5.12848,165,16.8739,0,0,5431,5879459706
632.959,1.57988,49.2347,0,86,66,44,2760,10501,5.12848,165,16.8739,0,0,5431,5881039941
394.028,2.53789,49.2347,0,86,66,44,2760,10501,5.12848,165,16.8739,0,0,5431,5883578037
458.136,2.18276,49.2347,0,86,66,44,2760,10501,5.12848,165,16.8739,0,0,5431,5885761129
393.998,2.53809,49.2347,0,86,66,44,2760,10501,5.12848,165,16.8739,0,0,5431,5888299494
347.762,2.87553,49.2347,0,86,66,44,2760,10501,5.12848,165,16.8739,0,0,5431,5891175360
378.884,2.63933,49.2347,0,86,66,44,2760,10501,5.12848,165,16.8739,0,0,5431,5893815016
391.167,2.55645,49.2347,0,86,66,44,2760,10501,5.12848,165,16.8739,0,0,5431,5896371804
334.25,2.99177,49.2347,0,86,66,44,2760,10501,5.12848,165,16.8739,0,0,5431,5899363896
326.368,3.06403,49.2347,0,86,66,44,2760,10501,5.12848,165,16.8739,0,0,5431,5902428210
218.207,4.58281,49.2347,0,86,66,44,2760,10501,5.12848,165,16.8739,0,0,5431,5907011326
333.719,2.99653,49.2347,0,86,66,44,2760,10501,5.12848,165,16.8739,0,0,5431,5910008168
493.878,2.02479,49.2347,0,86,66,44,2760,10501,5.12848,165,16.8739,0,0,5431,5912033351
571.008,1.75129,49.2347,0,86,66,44,2760,10501,5.12848,165,16.8739,0,0,5431,5913785035
498.897,2.00442,49.2347,0,86,66,44,2760,10501,5.12848,165,16.8739,0,0,5431,5915789766
385.042,2.59712,49.2347,0,86,66,44,2760,10501,5.12848,165,16.8739,0,0,5431,5918387306
346.762,2.88382,49.2347,0,86,66,44,2760,10501,5.12848,165,16.8739,0,0,5431,5921271365
335.397,2.98154,49.2347,0,86,66,44,2760,10501,5.12848,165,16.8739,0,0,5431,5924253388
410.873,2.43384,49.2347,0,86,66,44,2760,10501,5.12848,165,16.8739,0,0,5431,5926687528
286.684,3.48816,49.2347,0,86,66,44,2760,10501,5.12848,165,16.8739,0,0,5431,5930176097
262.139,3.81476,49.2347,0,86,66,44,2760,10501,5.12848,165,16.8739,0,0,5431,5933991235
579.48,1.72568,49.2347,0,86,66,44,2760,10501,5.12848,165,16.8739,0,0,5431,5935717169
452.139,2.21171,49.2347,0,86,66,44,2760,10501,5.12848,165,16.8739,0,0,5431,5937929195
522.317,1.91455,49.2347,0,86,66,44,2760,10501,5.12848,165,16.8739,0,0,5431,5939844048
343.037,2.91514,49.2347,0,86,66,44,2760,10501,5.12848,165,16.8739,0,0,5431,5942759617
281.221,3.55593,49.2347,0,86,66,44,2760,10501,5.12848,165,16.8739,0,0,5431,5946315843
714.345,1.39988,49.2347,0,86,66,44,2760,10501,5.12848,165,16.8739,0,0,5431,5947716140
288.275,3.46891,49.2347,0,86,66,44,2760,10501,5.12848,165,16.8739,0,0,5431,5951185430
515.743,1.93895,49.2347,0,86,66,44,2760,10501,5.12848,165,16.8739,0,0,5431,5953124621
348.237,2.87161,49.2347,0,86,66,44,2760,10501,5.12848,165,16.8739,0,0,5431,5955996621
181.505,5.50949,49.2347,0,86,66,44,2760,10501,5.12848,165,16.8739,0,0,5431,5961506624
843.416,1.18565,49.2347,0,86,66,44,2760,10501,5.12848,165,16.8739,0,0,5431,5962692530
453.632,2.20443,49.2347,0,86,66,44,2760,10501,5.12848,165,16.8739,0,0,5431,5964897354
343.519,2.91105,49.2347,0,86,66,44,2760,10501,5.12848,165,16.8739,0,0,5431,5967808635
386.57,2.58686,49.2347,0,86,66,44,2760,10501,5.12848,165,16.8739,0,0,5431,5970395943
330.01,3.03021,49.2347,0,86,66,44,2760,10501,5.12848,165,16.8739,0,0,5431,5973426439
350.556,2.85262,49.2347,0,86,66,44,2760,10501,5.12848,165,16.8739,0,0,5431,5976279449
415.657,2.40583,49.2347,0,86,66,44,2760,10501,5.12848,165,16.8739,0,0,5431,5978685713
384.287,2.60222,49.2347,0,86,66,44,2760,10501,5.12848,165,16.8739,0,0,5431,5981288272
342.287,2.92152,49.2347,0,86,66,44,2760,10501,5.12848,165,16.8739,0,0,5431,5984209995
310.233,3.22339,49.2347,0,86,66,44,2760,10501,5.12848,165,16.8739,0,0,5431,5987433911
380.726,2.62656,49.2347,0,86,66,44,2760,10501,5.12848,165,16.8739,0,0,5431,5990060654
373.308,2.67875,49.2347,0,86,66,44,2760,10501,5.12848,165,16.8739,0,0,5431,5992739648
422.563,2.36651,49.2347,0,86,66,44,2760,10501,5.12848,165,16.8739,0,0,5431,5995106651
430.169,2.32467,49.2347,0,86,66,44,2760,10501,5.12848,165,16.8739,0,0,5431,5997431546
335.703,2.97882,49.2347,0,86,66,44,2760,10501,5.12848,165,16.8739,0,0,5431,6000410753
460.83,2.17,49.2347,0,86,66,44,2760,10501,5.12848,165,16.8739,0,0,5431,6002581114
339.043,2.94947,49.2347,0,86,66,44,2760,10501,5.12848,165,16.8739,0,0,5431,6005530983
286.565,3.48961,49.2347,0,86,66,44,2760,10501,5.12848,165,16.8739,0,0,5431,6009020812
574.078,1.74193,49.2347,0,86,66,44,2760,10501,5.12848,165,16.8739,0,0,5431,6010763198
233.476,4.2831,49.2347,0,86,66,44,2760,10501,5.12848,165,16.8739,0,0,5431,6015046852
744.06,1.34398,49.2347,0,86,66,44,2760,10501,5.12848,165,16.8739,0,0,5431,6016391195
431.996,2.31484,49.2347,0,86,66,44,2760,10501,5.12848,165,16.8739,0,0,5431,6018706513
437.994,2.28313,49.2347,0,86,66,44,2760,10501,5.12848,165,16.8739,0,0,5431,6020989898
244.373,4.09211,49.2347,0,86,66,44,2760,10501,5.12848,165,16.8739,0,0,5431,6025082392
475.935,2.10113,49.2347,0,86,66,44,2760,10501,5.12848,165,16.8739,0,0,5431,6027183914
204.088,4.89984,49.2347,0,86,66,44,2760,10501,5.12848,165,16.8739,0,0,5431,6032084099
1112,0.899281,49.2347,0,86,66,44,2760,10501,5.12848,165,16.8739,0,0,5431,6033003534
551.694,1.8126,49.2347,0,86,66,44,2760,10501,5.12848,165,16.8739,0,0,5431,6034816402
420.414,2.37861,49.2347,0,86,66,44,2760,10501,5.12848,165,16.8739,0,0,5431,6037195309
264.998,3.77361,49.2347,0,86,66,44,2760,10501,5.12848,165,16.8739,0,0,5431,6040969331
577.255,1.73234,49.2347,0,86,66,44,2760,10501,5.12848,165,16.8739,0,0,5431,6042702091
229.066,4.36555,49.2347,0,86,66,44,2760,10501,5.12848,165,16.8739,0,0,5431,6047067911
1633.11,0.612329,49.2347,0,86,66,44,2760,10501,5.12848,165,16.8739,0,0,5431,6047680182
329.982,3.03047,49.2347,0,86,66,44,2760,10501,5.12848,165,16.8739,0,0,5431,6050710976
359.429,2.78219,49.2347,0,86,66,44,2760,10501,5.12848,165,16.8739,0,0,5431,6053493589
277.825,3.59939,49.2347,0,86,66,44,2760,10501,5.12848,165,16.8739,0,0,5431,6057093211
523.147,1.91151,49.2347,0,86,66,44,2760,10501,5.12848,165,16.8739,0,0,5431,6059005064
219.59,4.55394,49.2347,0,86,66,44,2760,10501,5.12848,165,16.8739,0,0,5431,6063559381
1250.45,0.79971,49.2347,0,86,66,44,2760,10501,5.12848,165,16.8739,0,0,5431,6064359533
255.535,3.91336,49.2347,0,86,66,44,2760,10501,5.12848,165,16.8739,0,0,5431,6068273097
677.559,1.47589,49.2347,0,86,66,44,2760,10501,5.12848,165,16.8739,0,0,5431,6069749253
402.702,2.48323,49.2347,0,86,66,44,2760,10501,5.12848,165,16.8739,0,0,5431,6072232836
360.146,2.77665,49.2347,0,86,66,44,2760,10501,5.12848,165,16.8739,0,0,5431,6075009843
388.932,2.57115,49.2347,0,86,66,44,2760,10501,5.12848,165,16.8739,0,0,5431,6077581267
333.881,2.99508,49.2347,0,86,66,44,2760,10501,5.12848,165,16.8739,0,0,5431,6080576704
376.461,2.65632,49.2347,0,86,66,44,2760,10501,5.12848,165,16.8739,0,0,5431,6083233322
236.415,4.22984,49.2347,0,86,66,44,2760,10501,5.12848,165,16.8739,0,0,5431,6087463580
593.777,1.68413,49.2347,0,86,66,44,2760,10501,5.12848,165,16.8739,0,0,5431,6089148022
554.346,1.80393,49.2347,0,86,66,44,2760,10501,5.12848,165,16.8739,0,0,5431,6090952275
194.97,5.12899,49.2347,0,86,66,44,2760,10501,5.12848,165,16.8739,0,0,5431,6096081784
523.113,1.91163,49.2347,0,86,66,44,2760,10501,5.12848,165,16.8739,0,0,5431,6097993685
577.694,1.73102,49.2347,0,86,66,44,2760,10501,5.12848,165,16.8739,0,0,5431,6099724945
309.309,3.23301,49.2347,0,86,66,44,2760,10501,5.12848,165,16.8739,0,0,5431,6102958256
452.088,2.21196,49.2347,0,86,66,44,2760,10501,5.12848,165,16.8739,0,0,5431,6105170552
322.934,3.09661,49.2347,0,86,66,44,2760,10501,5.12848,165,16.8739,0,0,5431,6108267541
424.247,2.35712,49.2347,0,86,66,44,2760,10501,5.12848,165,16.8739,0,0,5431,6110625024
401.186,2.49261,49.2347,0,86,66,44,2760,10501,5.12848,165,16.8739,0,0,5431,6113117945
382.972,2.61116,49.2347,0,86,66,44,2760,10501,5.12848,165,16.8739,0,0,5431,6115729485
285.379,3.50412,49.2347,0,86,66,44,2760,10501,5.12848,165,16.8739,0,0,5431,6119233978
258.001,3.87595,49.2347,0,86,66,44,2760,10501,5.12848,165,16.8739,0,0,5431,6123110320
792.36,1.26205,49.2347,0,86,66,44,2760,10501,5.12848,165,16.8739,0,0,5431,6124372613
466.557,2.14336,49.2347,0,86,66,44,2760,10501,5.12848,165,16.8739,0,0,5431,6126516329
342.256,2.92179,49.2347,0,86,66,44,2760,10501,5.12848,165,16.8739,0,0,5431,6129438572
399.874,2.50079,49.2347,0,86,66,44,2760,10501,5.12848,165,16.8739,0,0,5431,6131939608
289.825,3.45036,49.2347,0,86,66,44,2760,10501,5.12848,165,16.8739,0,0,5431,6135390301
335.275,2.98263,49.2347,0,86,66,44,2760,10501,5.12848,165,16.8739,0,0,5431,6138373334
305.374,3.27467,49.2347,0,86,66,44,2760,10501,5.12848,165,16.8739,0,0,5431,6141648425
379.736,2.63341,49.2347,0,86,66,44,2760,10501,5.12848,165,16.8739,0,0,5431,6144282226
474.785,2.10622,49.2347,0,86,66,44,2760,10501,5.12848,165,16.8739,0,0,5431,6146388710
251.308,3.97918,49.2347,0,86,66,44,2760,10501,5.12848,165,16.8739,0,0,5431,6150368123
701.508,1.4255,49.2347,0,86,66,44,2760,10501,5.12848,165,16.8739,0,0,5431,6151794046
525.622,1.90251,49.2347,0,86,66,44,2760,10501,5.12848,165,16.8739,0,0,5431,6153696803
395.083,2.53111,49.2347,0,86,66,44,2760,10501,5.12848,165,16.8739,0,0,5431,6156228513
416.187,2.40276,49.2347,0,86,66,44,2760,10501,5.12848,165,16.8739,0,0,5431,6158631277
329.138,3.03824,49.2347,0,86,66,44,2760,10501,5.12848,165,16.8739,0,0,5431,6161669869
357.995,2.79333,49.2347,0,86,66,44,2760,10501,5.12848,165,16.8739,0,0,5431,6164463646
316.536,3.1592,49.2347,0,86,66,44,2760,10501,5.12848,165,16.8739,0,0,5431,6167623205
363.453,2.75139,49.2347,0,86,66,44,2760,10501,5.12848,165,16.8739,0,0,5431,6170374999
428.91,2.33149,49.2347,0,86,66,44,2760,10501,5.12848,165,16.8739,0,0,5431,6172706761
193.2,5.17598,49.2347,0,86,66,44,2760,10501,5.12848,165,16.8739,0,0,5431,6177883031
1406.1,0.711188,49.2347,0,86,66,44,2760,10501,5.12848,165,16.8739,0,0,5431,6178594488
334.599,2.98865,49.2347,0,86,66,44,2760,10501,5.12848,165,16.8739,0,0,5431,6181583502
434.608,2.30092,49.2347,0,86,66,44,2760,10501,5.12848,165,16.8739,0,0,5431,6183884743
350.985,2.84912,49.2347,0,86,66,44,2760,10501,5.12848,165,16.8739,0,0,5431,6186734291
383.741,2.60592,49.2347,0,86,66,44,2760,10501,5.12848,165,16.8739,0,0,5431,6189340475
391.701,2.55297,49.2347,0,86,66,44,2760,10501,5.12848,165,16.8739,0,0,5431,6191893849
375.093,2.666,49.2347,0,86,66,44,2760,10501,5.12848,165,16.8739,0,0,5431,6194560122
371.733,2.6901,49.2347,0,86,66,44,2760,10501,5.12848,165,16.8739,0,0,5431,6197250559
381.163,2.62355,49.2347,0,86,66,44,2760,10501,5.12848,165,16.8739,0,0,5431,6199874532
223.281,4.47866,49.2347,0,86,66,44,2760,10501,5.12848,165,16.8739,0,0,5431,6204353539
625.901,1.5977,49.2347,0,86,66,44,2760,10501,5.12848,165,16.8739,0,0,5431,6205951467
413.913,2.41597,49.2347,0,86,66,44,2760,10501,5.12848,165,16.8739,0,0,5431,6208367876
271.431,3.68417,49.2347,0,86,66,44,2760,10501,5.12848,165,16.8739,0,0,5431,6212052461
932.411,1.07249,49.2347,0,86,66,44,2760,10501,5.12848,165,16.8739,0,0,5431,6213125171
348.302,2.87107,49.2347,0,86,66,44,2760,10501,5.12848,165,16.8739,0,0,5431,6215996566
352.095,2.84014,49.2347,0,86,66,44,2760,10501,5.12848,165,16.8739,0,0,5431,6218837104
329.352,3.03627,49.2347,0,86,66,44,2760,10501,5.12848,165,16.8739,0,0,5431,6221873773
516.994,1.93426,49.2347,0,86,66,44,2760,10501,5.12848,165,16.8739,0,0,5431,6223808271
336.677,2.97021,49.2347,0,86,66,44,2760,10501,5.12848,165,16.8739,0,0,5431,6226778794
129.225,7.73843,49.2347,0,86,66,44,2760,10501,5.12848,165,16.8739,0,0,5431,6234517584
1004.93,0.995092,49.2347,0,86,66,44,2760,10501,5.12848,165,16.8739,0,0,5431,6235513012
563.422,1.77487,49.2347,0,86,66,44,2760,10501,5.12848,165,16.8739,0,0,5431,6237288216
379.227,2.63694,49.2347,0,86,66,44,2760,10501,5.12848,165,16.8739,0,0,5431,6239925468
421.201,2.37417,49.2347,0,86,66,44,2760,10501,5.12848,165,16.8739,0,0,5431,6242299913
339.195,2.94816,49.2347,0,86,66,44,2760,10501,5.12848,165,16.8739,0,0,5431,6245248397
390.401,2.56147,49.2347,0,86,66,44,2760,10501,5.12848,165,16.8739,0,0,5431,6247810224
309.04,3.23583,49.2347,0,86,66,44,2760,10501,5.12848,165,16.8739,0,0,5431,6251046372
237.659,4.20771,49.2347,0,86,66,44,2760,10501,5.12848,165,16.8739,0,0,5431,6255254427
268.91,3.71871,49.2347,0,86,66,44,2760,10501,5.12848,165,16.8739,0,0,5431,6258973562
545.284,1.83391,49.2347,0,86,66,44,2760,10501,5.12848,165,16.8739,0,0,5431,6260807845
512.096,1.95276,49.2347,0,86,66,44,2760,10501,5.12848,165,16.8739,0,0,5431,6262760843
267.68,3.7358,49.2347,0,86,66,44,2760,10501,5.12848,165,16.8739,0,0,5431,6266496960
639.628,1.56341,49.2347,0,86,66,44,2760,10501,5.12848,165,16.8739,0,0,5431,6268060830
377.572,2.6485,49.2347,0,86,66,44,2760,10501,5.12848,165,16.8739,0,0,5431,6270711611
173.69,5.75739,48.057,0,83,66,44,2760,10501,5.12848,165,16.8709,0,0,5439,6276467411
483.498,2.06826,48.057,0,83,66,44,2760,10501,5.12848,165,16.8709,0,0,5439,6278535913
2051.9,0.487353,48.057,0,83,66,44,2760,10501,5.12848,165,16.8709,0,0,5439,6279023728
378.555,2.64163,48.057,0,83,66,44,2760,10501,5.12848,165,16.8709,0,0,5439,6281665769
185.673,5.38581,48.057,0,83,66,44,2760,10501,5.12848,165,16.8709,0,0,5439,6287051998
556.399,1.79727,48.057,0,83,66,44,2760,10501,5.12848,165,16.8709,0,0,5439,6288849511
854.665,1.17005,48.057,0,83,66,44,2760,10501,5.12848,165,16.8709,0,0,5439,6290020022
388.977,2.57085,48.057,0,83,66,44,2760,10501,5.12848,165,16.8709,0,0,5439,6292591147
318.501,3.13971,48.057,0,83,66,44,2760,10501,5.12848,165,16.8709,0,0,5439,6295731118
486.704,2.05464,48.057,0,83,66,44,2760,10501,5.12848,165,16.8709,0,0,5439,6297786206
333.123,3.00189,48.057,0,83,66,44,2760,10501,5.12848,165,16.8709,0,0,5439,6300788365
353.271,2.83069,48.057,0,83,66,44,2760,10501,5.12848,165,16.8709,0,0,5439,6303619403
382.365,2.6153,48.057,0,83,66,44,2760,10501,5.12848,165,16.8709,0,0,5439,6306235212
340.945,2.93302,48.057,0,83,66,44,2760,10501,5.12848,165,16.8709,0,0,5439,6309168494
214.433,4.66347,48.057,0,83,66,44,2760,10501,5.12848,165,16.8709,0,0,5439,6313832353
471.287,2.12185,48.057,0,83,66,44,2760,10501,5.12848,165,16.8709,0,0,5439,6315954540
765.299,1.30668,48.057,0,83,66,44,2760,10501,5.12848,165,16.8709,0,0,5439,6317261468
323.057,3.09543,48.057,0,83,66,44,2760,10501,5.12848,165,16.8709,0,0,5439,6320357217
428.256,2.33505,48.057,0,83,66,44,2760,10501,5.12848,165,16.8709,0,0,5439,6322692594
306.858,3.25883,48.057,0,83,66,44,2760,10501,5.12848,165,16.8709,0,0,5439,6325951752
381.501,2.62122,48.057,0,83,66,44,2760,10501,5.12848,165,16.8709,0,0,5439,6328573282
407.545,2.45372,48.057,0,83,66,44,2760,10501,5.12848,165,16.8709,0,0,5439,6331027576
243.062,4.11418,48.057,0,83,66,44,2760,10501,5.12848,165,16.8709,0,0,5439,6335141859
1344.39,0.743833,48.057,0,83,66,44,2760,10501,5.12848,165,16.8709,0,0,5439,6335886038
240.353,4.16054,48.057,0,83,66,44,2760,10501,5.12848,165,16.8709,0,0,5439,6340046909
586.772,1.70424,48.057,0,83,66,44,2760,10501,5.12848,165,16.8709,0,0,5439,6341751476
396.531,2.52187,48.057,0,83,66,44,2760,10501,5.12848,165,16.8709,0,0,5439,6344273686
383.235,2.60937,48.057,0,83,66,44,2760,10501,5.12848,165,16.8709,0,0,5439,6346883399
275.189,3.63386,48.057,0,83,66,44,2760,10501,5.12848,165,16.8709,0,0,5439,6350517628
279.43,3.57872,48.057,0,83,66,44,2760,10501,5.12848,165,16.8709,0,0,5439,6354096844
476.364,2.09923,48.057,0,83,66,44,2760,10501,5.12848,165,16.8709,0,0,5439,6356196252
667.166,1.49888,48.057,0,83,66,44,2760,10501,5.12848,165,16.8709,0,0,5439,6357695437
314.857,3.17605,48.057,0,83,66,44,2760,10501,5.12848,165,16.8709,0,0,5439,6360871900
524.099,1.90804,48.057,0,83,66,44,2760,10501,5.12848,165,16.8709,0,0,5439,6362780310
258.304,3.87141,48.057,0,83,66,44,2760,10501,5.12848,165,16.8709,0,0,5439,6366652046
263.154,3.80005,48.057,0,83,66,44,2760,10501,5.12848,165,16.8709,0,0,5439,6370452463
539.023,1.85521,48.057,0,83,66,44,2760,10501,5.12848,165,16.8709,0,0,5439,6372308073
653.347,1.53058,48.057,0,83,66,44,2760,10501,5.12848,165,16.8709,0,0,5439,6373839058
388.037,2.57708,48.057,0,83,66,44,2760,10501,5.12848,165,16.8709,0,0,5439,6376416673
398.35,2.51035,48.057,0,83,66,44,2760,10501,5.12848,165,16.8709,0,0,5439,6378927412
373.759,2.67552,48.057,0,83,66,44,2760,10501,5.12848,165,16.8709,0,0,5439,6381603290
326.326,3.06442,48.057,0,83,66,44,2760,10501,5.12848,165,16.8709,0,0,5439,6384668086
356.385,2.80595,48.057,0,83,66,44,2760,10501,5.12848,165,16.8709,0,0,5439,6387474238
289.487,3.45439,48.057,0,83,66,44,2760,10501,5.12848,165,16.8709,0,0,5439,6390929114
367.645,2.72001,48.057,0,83,66,44,2760,10501,5.12848,165,16.8709,0,0,5439,6393649273
413.171,2.4203,48.057,0,83,66,44,2760,10501,5.12848,165,16.8709,0,0,5439,6396069961
585.592,1.70767,48.057,0,83,66,44,2760,10501,5.12848,165,16.8709,0,0,5439,6397777999
192.846,5.18547,48.057,0,83,66,44,2760,10501,5.12848,165,16.8709,0,0,5439,6402964058
844.21,1.18454,48.057,0,83,66,44,2760,10501,5.12848,165,16.8709,0,0,5439,6404148983
364.72,2.74183,48.057,0,83,66,44,2760,10501,5.12848,165,16.8709,0,0,5439,6406891114
560.054,1.78554,48.057,0,83,66,44,2760,10501,5.12848,165,16.8709,0,0,5439,6408676789
392.899,2.54518,48.057,0,83,66,44,2760,10501,5.12848,165,16.8709,0,0,5439,6411222385
256.913,3.89236,48.057,0,83,66,44,2760,10501,5.12848,165,16.8709,0,0,5439,6415115362
582.852,1.7157,48.057,0,83,66,44,2760,10501,5.12848,165,16.8709,0,0,5439,6416831189
173.18,5.77435,48.057,0,83,66,44,2760,10501,5.12848,165,16.8709,0,0,5439,6422605884
918.754,1.08843,48.057,0,83,66,44,2760,10501,5.12848,165,16.8709,0,0,5439,6423694411
253.46,3.9454,48.057,0,83,66,44,2760,10501,5.12848,165,16.8709,0,0,5439,6427640332
2162.59,0.462409,48.057,0,83,66,44,2760,10501,5.12848,165,16.8709,0,0,5439,6428102723
439.095,2.27741,48.057,0,83,66,44,2760,10501,5.12848,165,16.8709,0,0,5439,6430380723
360.765,2.77189,48.057,0,83,66,44,2760,10501,5.12848,165,16.8709,0,0,5439,6433152931
361.315,2.76767,48.057,0,83,66,44,2760,10501,5.12848,165,16.8709,0,0,5439,6435920880
339.621,2.94445,48.057,0,83,66,44,2760,10501,5.12848,165,16.8709,0,0,5439,6438865941
194.745,5.13491,48.057,0,83,66,44,2760,10501,5.12848,165,16.8709,0,0,5439,6444001316
2328.15,0.429525,48.057,0,83,66,44,2760,10501,5.12848,165,16.8709,0,0,5439,6444431292
254.981,3.92186,48.057,0,83,66,44,2760,10501,5.12848,165,16.8709,0,0,5439,6448353184
535.507,1.86739,48.057,0,83,66,44,2760,10501,5.12848,165,16.8709,0,0,5439,6450220920
483.255,2.0693,48.057,0,83,66,44,2760,10501,5.12848,165,16.8709,0,0,5439,6452290615
365.15,2.7386,48.057,0,83,66,44,2760,10501,5.12848,165,16.8709,0,0,5439,6455029505
375.866,2.66052,48.057,0,83,66,44,2760,10501,5.12848,165,16.8709,0,0,5439,6457690374
354.096,2.8241,48.057,0,83,66,44,2760,10501,5.12848,165,16.8709,0,0,5439,6460514930
287.75,3.47524,48.057,0,83,66,44,2760,10501,5.12848,165,16.8709,0,0,5439,6463990355
519.385,1.92535,48.057,0,83,66,44,2760,10501,5.12848,165,16.8709,0,0,5439,6465915939
386.676,2.58614,48.057,0,83,66,44,2760,10501,5.12848,165,16.8709,0,0,5439,6468502440
379.901,2.63226,48.057,0,83,66,44,2760,10501,5.12848,165,16.8709,0,0,5439,6471135038
184.091,5.4321,48.057,0,83,66,44,2760,10501,5.12848,165,16.8709,0,0,5439,6476567414
1572.82,0.6358,48.057,0,83,66,44,2760,10501,5.12848,165,16.8709,0,0,5439,6477203550
417.46,2.39544,48.057,0,83,66,44,2760,10501,5.12848,165,16.8709,0,0,5439,6479599429
360.242,2.77591,48.057,0,83,66,44,2760,10501,5.12848,165,16.8709,0,0,5439,6482375629
284.736,3.51202,48.057,0,83,66,44,2760,10501,5.12848,165,16.8709,0,0,5439,6485887930
522.108,1.91531,48.057,0,83,66,44,2760,10501,5.12848,165,16.8709,0,0,5439,6487803562
368.67,2.71246,48.057,0,83,66,44,2760,10501,5.12848,165,16.8709,0,0,5439,6490516499
429.926,2.32598,48.057,0,83,66,44,2760,10501,5.12848,165,16.8709,0,0,5439,6492842702
322.121,3.10442,48.057,0,83,66,44,2760,10501,5.12848,165,16.8709,0,0,5439,6495947576
404.234,2.47381,48.057,0,83,66,44,2760,10501,5.12848,165,16.8709,0,0,5439,6498421650
265.104,3.77211,48.057,0,83,66,44,2760,10501,5.12848,165,16.8709,0,0,5439,6502194258
532.167,1.87911,48.057,0,83,66,44,2760,10501,5.12848,165,16.8709,0,0,5439,6504073821
342.689,2.9181,48.057,0,83,66,44,2760,10501,5.12848,165,16.8709,0,0,5439,6506992016
366.961,2.72508,48.057,0,83,66,44,2760,10501,5.12848,165,16.8709,0,0,5439,6509717569
464.845,2.15126,48.057,0,83,66,44,2760,10501,5.12848,165,16.8709,0,0,5439,6511869036
381.665,2.6201,48.057,0,83,66,44,2760,10501,5.12848,165,16.8709,0,0,5439,6514489518
275.94,3.62398,48.057,0,83,66,44,2760,10501,5.12848,165,16.8709,0,0,5439,6518113794
493.63,2.02581,48.057,0,83,66,44,2760,10501,5.12848,165,16.8709,0,0,5439,6520139930
399.236,2.50479,48.057,0,83,66,44,2760,10501,5.12848,165,16.8709,0,0,5439,6522645043
450.568,2.21942,48.057,0,83,66,44,2760,10501,5.12848,165,16.8709,0,0,5439,6524864753
207.114,4.82827,48.057,0,83,66,44,2760,10501,5.12848,165,16.8709,0,0,5439,6529693540
486.754,2.05443,48.057,0,83,66,44,2760,10501,5.12848,165,16.8709,0,0,5439,6531748244
557.637,1.79328,48.057,0,83,66,44,2760,10501,5.12848,165,16.8709,0,0,5439,6533541795
386.021,2.59053,48.057,0,83,66,44,2760,10501,5.12848,165,16.8709,0,0,5439,6536132661
338.448,2.95467,48.057,0,83,66,44,2760,10501,5.12848,165,16.8709,0,0,5439,6539087597
474.337,2.10821,48.057,0,83,66,44,2760,10501,5.12848,165,16.8709,0,0,5439,6541196130
352.82,2.83431,48.057,0,83,66,44,2760,10501,5.12848,165,16.8709,0,0,5439,6544030793
386.974,2.58415,48.057,0,83,66,44,2760,10501,5.12848,165,16.8709,0,0,5439,6546615351
277.098,3.60883,48.057,0,83,66,44,2760,10501,5.12848,165,16.8709,0,0,5439,6550224578
563.548,1.77447,48.057,0,83,66,44,2760,10501,5.12848,165,16.8709,0,0,5439,6551999331
228.574,4.37496,48.057,0,83,66,44,2760,10501,5.12848,165,16.8709,0,0,5439,6556374565
562.104,1.77903,48.057,0,83,66,44,2760,10501,5.12848,165,16.8709,0,0,5439,6558153942
441.159,2.26676,48.057,0,83,66,44,2760,10501,5.12848,165,16.8709,0,0,5439,6560421047
245.263,4.07726,48.057,0,83,66,44,2760,10501,5.12848,165,16.8709,0,0,5439,6564498742
669.951,1.49265,48.057,0,83,66,44,2760,10501,5.12848,165,16.8709,0,0,5439,6565991667
393.51,2.54123,48.057,0,83,66,44,2760,10501,5.12848,165,16.8709,0,0,5439,6568533167
403.075,2.48093,48.057,0,83,66,44,2760,10501,5.12848,165,16.8709,0,0,5439,6571014423
335.411,2.98142,48.057,0,83,66,44,2760,10501,5.12848,165,16.8709,0,0,5439,6573996178
322.789,3.098,48.057,0,83,66,44,2760,10501,5.12848,165,16.8709,0,0,5439,6577094734
244.952,4.08243,48.057,0,83,66,44,2760,10501,5.12848,165,16.8709,0,0,5439,6581177372
316.06,3.16395,48.057,0,83,66,44,2760,10501,5.12848,165,16.8709,0,0,5439,6584341594
394.611,2.53414,48.057,0,83,66,44,2760,10501,5.12848,165,16.8709,0,0,5439,6586876189
1486.24,0.67284,48.057,0,83,66,44,2760,10501,5.12848,165,16.8709,0,0,5439,6587549269
269.974,3.70407,48.057,0,83,66,44,2760,10501,5.12848,165,16.8709,0,0,5439,6591253673
482.251,2.07361,48.057,0,83,66,44,2760,10501,5.12848,165,16.8709,0,0,5439,6593327531
316.466,3.15989,48.057,0,83,66,44,2760,10501,5.12848,165,16.8709,0,0,5439,6596487762
480.697,2.08031,48.057,0,83,66,44,2760,10501,5.12848,165,16.8709,0,0,5439,6598568390
359.13,2.78451,48.057,0,83,66,44,2760,10501,5.12848,165,16.8709,0,0,5439,6601353282
282.991,3.53369,48.057,0,83,66,44,2760,10501,5.12848,165,16.8709,0,0,5439,6604887267
467.272,2.14008,48.057,0,83,66,44,2760,10501,5.12848,165,16.8709,0,0,5439,6607027627
283.317,3.52962,48.057,0,83,66,44,2760,10501,5.12848,165,16.8709,0,0,5439,6610557592
520.04,1.92293,48.057,0,83,66,44,2760,10501,5.12848,165,16.8709,0,0,5439,6612480821
475.7,2.10217,48.057,0,83,66,44,2760,10501,5.12848,165,16.8709,0,0,5439,6614583353
345.415,2.89507,48.057,0,83,66,44,2760,10501,5.12848,165,16.8709,0,0,5439,6617478710
342.176,2.92247,48.057,0,83,66,44,2760,10501,5.12848,165,16.8709,0,0,5439,6620401501
346.498,2.88602,48.057,0,83,66,44,2760,10501,5.12848,165,16.8709,0,0,5439,6623288098
485.414,2.0601,48.057,0,83,66,44,2760,10501,5.12848,165,16.8709,0,0,5439,6625348312
340.749,2.93471,48.057,0,83,66,44,2760,10501,5.12848,165,16.8709,0,0,5439,6628283372
469.966,2.12781,48.057,0,83,66,44,2760,10501,5.12848,165,16.8709,0,0,5439,6630411617
266.551,3.75163,48.057,0,83,66,44,2760,10501,5.12848,165,16.8709,0,0,5439,6634163513
259.169,3.85848,48.057,0,83,66,44,2760,10501,5.12848,165,16.8709,0,0,5439,6638022268
562.898,1.77652,48.057,0,83,66,44,2760,10501,5.12848,165,16.8709,0,0,5439,6639799232
450.726,2.21864,48.057,0,83,66,44,2760,10501,5.12848,165,16.8709,0,0,5439,6642018114
325.48,3.07238,48.057,0,83,66,44,2760,10501,5.12848,165,16.8709,0,0,5439,6645095699
424.812,2.35398,48.057,0,83,66,44,2760,10501,5.12848,165,16.8709,0,0,5439,6647445297
537.336,1.86103,48.057,0,83,66,44,2760,10501,5.12848,165,16.8709,0,0,5439,6649306581
262.422,3.81066,48.057,0,83,66,44,2760,10501,5.12848,165,16.8709,0,0,5439,6653117680
391.145,2.5566,48.057,0,83,66,44,2760,10501,5.12848,165,16.8709,0,0,5439,6655674507
609.418,1.64091,48.057,0,83,66,44,2760,10501,5.12848,165,16.8709,0,0,5439,6657315822
308.645,3.23996,48.057,0,83,66,44,2760,10501,5.12848,165,16.8709,0,0,5439,6660556191
235.716,4.24239,48.057,0,83,66,44,2760,10501,5.12848,165,16.8709,0,0,5439,6664798814
729.697,1.37043,48.057,0,83,66,44,2760,10501,5.12848,165,16.8709,0,0,5439,6666169572
445.849,2.24291,48.057,0,83,66,44,2760,10501,5.12848,165,16.8709,0,0,5439,6668412869
186.297,5.36778,48.057,0,83,66,44,2760,10501,5.12848,165,16.8709,0,0,5439,6673781021
920.177,1.08675,48.057,0,83,66,44,2760,10501,5.12848,165,16.8709,0,0,5439,6674868125
444.048,2.25201,48.057,0,83,66,44,2760,10501,5.12848,165,16.8709,0,0,5439,6677120566
505.598,1.97785,48.057,0,83,66,44,2760,10501,5.12848,165,16.8709,0,0,5439,6679098729
323.903,3.08734,48.057,0,83,66,44,2760,10501,5.12848,165,16.8709,0,0,5439,6682186323
375.483,2.66323,48.057,0,83,66,44,2760,10501,5.12848,165,16.8709,0,0,5439,6684849875
424.774,2.3542,48.057,0,83,66,44,2760,10501,5.12848,165,16.8709,0,0,5439,6687204483
238.622,4.19073,48.057,0,83,66,44,2760,10501,5.12848,165,16.8709,0,0,5439,6691395576
485.547,2.05953,48.057,0,83,66,44,2760,10501,5.12848,165,16.8709,0,0,5439,6693455588
443.083,2.25691,48.057,0,83,66,44,2760,10501,5.12848,165,16.8709,0,0,5439,6695712587
360.341,2.77515,48.057,0,83,66,44,2760,10501,5.12848,165,16.8709,0,0,5439,6698488180
332.426,3.00819,48.057,0,83,66,44,2760,10501,5.12848,165,16.8709,0,0,5439,6701496647
410.539,2.43582,48.057,0,83,66,44,2760,10501,5.12848,165,16.8709,0,0,5439,6703932787
408.273,2.44934,48.057,0,83,66,44,2760,10501,5.12848,165,16.8709,0,0,5439,6706382572
370.047,2.70236,48.057,0,83,66,44,2760,10501,5.12848,165,16.8709,0,0,5439,6709085191
385.605,2.59333,48.057,0,83,66,44,2760,10501,5.12848,165,16.8709,0,0,5439,6711678808
265.948,3.76014,48.057,0,83,66,44,2760,10501,5.12848,165,16.8709,0,0,5439,6715439281
251.918,3.96955,48.057,0,83,66,44,2760,10501,5.12848,165,16.8709,0,0,5439,6719409280
624.521,1.60123,48.057,0,83,66,44,2760,10501,5.12848,165,16.8709,0,0,5439,6721010930
442.572,2.25952,48.057,0,83,66,44,2760,10501,5.12848,165,16.8709,0,0,5439,6723270593
331.83,3.01359,48.057,0,83,66,44,2760,10501,5.12848,165,16.8709,0,0,5439,6726284665
368.655,2.71256,48.057,0,83,66,44,2760,10501,5.12848,165,16.8709,0,0,5439,6728997411
543.849,1.83874,48.057,0,83,66,44,2760,10501,5.12848,165,16.8709,0,0,5439,6730836492
224.96,4.44524,48.057,0,83,66,44,2760,10501,5.12848,165,16.8709,0,0,5439,6735282286
602.927,1.65858,48.057,0,83,66,44,2760,10501,5.12848,165,16.8709,0,0,5439,6736941034
441.496,2.26503,48.057,0,83,66,44,2760,10501,5.12848,165,16.8709,0,0,5439,6739206370
257.742,3.87985,48.057,0,83,66,44,2760,10501,5.12848,165,16.8709,0,0,5439,6743086510
281.833,3.5482,48.057,0,83,66,44,2760,10501,5.12848,165,16.8709,0,0,5439,6746634986
640.897,1.56031,48.057,0,83,66,44,2760,10501,5.12848,165,16.8709,0,0,5439,6748195625
406.785,2.4583,48.057,0,83,66,44,2760,10501,5.12848,165,16.8709,0,0,5439,6750654256
446.298,2.24065,48.057,0,83,66,44,2760,10501,5.12848,165,16.8709,0,0,5439,6752895197
243.232,4.1113,48.057,0,83,66,44,2760,10501,5.12848,165,16.8709,0,0,5439,6757006797
730.862,1.36825,48.057,0,83,66,44,2760,10501,5.12848,165,16.8709,0,0,5439,6758375372
442.561,2.25958,48.057,0,83,66,44,2760,10501,5.12848,165,16.8709,0,0,5439,6760635255
356.386,2.80595,48.057,0,83,66,44,2760,10501,5.12848,165,16.8709,0,0,5439,6763441581
385.549,2.5937,48.057,0,83,66,44,2760,10501,5.12848,165,16.8709,0,0,5439,6766035707
334.558,2.98902,48.057,0,83,66,44,2760,10501,5.12848,165,16.8709,0,0,5439,6769024961
200.461,4.98849,48.057,0,83,66,44,2760,10501,5.12848,165,16.8709,0,0,5439,6774016860
820.848,1.21825,48,0,83,66,44,2760,10501,5.12848,164,16.8712,0,0,5435,6775232401
463.434,2.1578,48,0,83,66,44,2760,10501,5.12848,164,16.8712,0,0,5435,6777390464
301.27,3.31928,48,0,83,66,44,2760,10501,5.12848,164,16.8712,0,0,5435,6780710067
492.513,2.03041,48,0,83,66,44,2760,10501,5.12848,164,16.8712,0,0,5435,6782740818
350.785,2.85075,48,0,83,66,44,2760,10501,5.12848,164,16.8712,0,0,5435,6785591866
274.721,3.64006,48,0,83,66,44,2760,10501,5.12848,164,16.8712,0,0,5435,6789232373
520.665,1.92062,48,0,83,66,44,2760,10501,5.12848,164,16.8712,0,0,5435,6791153130
338.267,2.95624,48,0,83,66,44,2760,10501,5.12848,164,16.8712,0,0,5435,6794109807
512.935,1.94957,48,0,83,66,44,2760,10501,5.12848,164,16.8712,0,0,5435,6796059526
243.15,4.11269,48,0,83,66,44,2760,10501,5.12848,164,16.8712,0,0,5435,6800172703
575.887,1.73645,48,0,83,66,44,2760,10501,5.12848,164,16.8712,0,0,5435,6801909550
388.648,2.57302,48,0,83,66,44,2760,10501,5.12848,164,16.8712,0,0,5435,6804482906
377.756,2.64721,48,0,83,66,44,2760,10501,5.12848,164,16.8712,0,0,5435,6807130332
384.879,2.59822,48,0,83,66,44,2760,10501,5.12848,164,16.8712,0,0,5435,6809728814
385.535,2.5938,48,0,83,66,44,2760,10501,5.12848,164,16.8712,0,0,5435,6812322968
356.826,2.80249,48,0,83,66,44,2760,10501,5.12848,164,16.8712,0,0,5435,6815125823
391.307,2.55554,48,0,83,66,44,2760,10501,5.12848,164,16.8712,0,0,5435,6817681812
361.276,2.76797,48,0,83,66,44,2760,10501,5.12848,164,16.8712,0,0,5435,6820450031
304.249,3.28678,48,0,83,66,44,2760,10501,5.12848,164,16.8712,0,0,5435,6823737209
244.937,4.08268,48,0,83,66,44,2760,10501,5.12848,164,16.8712,0,0,5435,6827820289
669.106,1.49453,48,0,83,66,44,2760,10501,5.12848,164,16.8712,0,0,5435,6829315089
567.728,1.76141,48,0,83,66,44,2760,10501,5.12848,164,16.8712,0,0,5435,6831076754
342.189,2.92236,48,0,83,66,44,2760,10501,5.12848,164,16.8712,0,0,5435,6833999468
347.38,2.87869,48,0,83,66,44,2760,10501,5.12848,164,16.8712,0,0,5435,6836878594
268.069,3.73039,48,0,83,66,44,2760,10501,5.12848,164,16.8712,0,0,5435,6840609249
571.899,1.74856,48,0,83,66,44,2760,10501,5.12848,164,16.8712,0,0,5435,6842358077
360.231,2.776,48,0,83,66,44,2760,10501,5.12848,164,16.8712,0,0,5435,6845134411
399.57,2.50269,48,0,83,66,44,2760,10501,5.12848,164,16.8712,0,0,5435,6847637399
375.06,2.66624,48,0,83,66,44,2760,10501,5.12848,164,16.8712,0,0,5435,6850304056
182.501,5.47943,48,0,83,66,44,2760,10501,5.12848,164,16.8712,0,0,5435,6855783837
445.734,2.24349,48,0,83,66,44,2760,10501,5.12848,164,16.8712,0,0,5435,6858027595
494.562,2.02199,48,0,83,66,44,2760,10501,5.12848,164,16.8712,0,0,5435,6860049913
594.344,1.68253,48,0,83,66,44,2760,10501,5.12848,164,16.8712,0,0,5435,6861732855
439.741,2.27407,48,0,83,66,44,2760,10501,5.12848,164,16.8712,0,0,5435,6864007172
389.577,2.56688,48,0,83,66,44,2760,10501,5.12848,164,16.8712,0,0,5435,6866574383
296.047,3.37784,48,0,83,66,44,2760,10501,5.12848,164,16.8712,0,0,5435,6869952680
498.289,2.00687,48,0,83,66,44,2760,10501,5.12848,164,16.8712,0,0,5435,6871959767
357.03,2.80088,48,0,83,66,44,2760,10501,5.12848,164,16.8712,0,0,5435,6874760948
386.404,2.58796,48,0,83,66,44,2760,10501,5.12848,164,16.8712,0,0,5435,6877349237
139.338,7.17681,48,0,83,66,44,2760,10501,5.12848,164,16.8712,0,0,5435,6884526392
1110.53,0.900472,48,0,83,66,44,2760,10501,5.12848,164,16.8712,0,0,5435,6885427336
584.06,1.71215,48,0,83,66,44,2760,10501,5.12848,164,16.8712,0,0,5435,6887139643
198.732,5.03191,48,0,83,66,44,2760,10501,5.12848,164,16.8712,0,0,5435,6892171909
1601.87,0.624271,48,0,83,66,44,2760,10501,5.12848,164,16.8712,0,0,5435,6892796498
455.891,2.19351,48,0,83,66,44,2760,10501,5.12848,164,16.8712,0,0,5435,6894990389
362.948,2.75522,48,0,83,66,44,2760,10501,5.12848,164,16.8712,0,0,5435,6897745847
297.459,3.3618,48,0,83,66,44,2760,10501,5.12848,164,16.8712,0,0,5435,6901107989
523.061,1.91182,48,0,83,66,44,2760,10501,5.12848,164,16.8712,0,0,5435,6903020159
369.874,2.70362,48,0,83,66,44,2760,10501,5.12848,164,16.8712,0,0,5435,6905724308
307.987,3.24689,48,0,83,66,44,2760,10501,5.12848,164,16.8712,0,0,5435,6908971273
302.536,3.30539,48,0,83,66,44,2760,10501,5.12848,164,16.8712,0,0,5435,6912277019
600.532,1.66519,48,0,83,66,44,2760,10501,5.12848,164,16.8712,0,0,5435,6913942604
474.714,2.10653,48,0,83,66,44,2760,10501,5.12848,164,16.8712,0,0,5435,6916049464
265.503,3.76643,48,0,83,66,44,2760,10501,5.12848,164,16.8712,0,0,5435,6919816216
621.465,1.6091,48,0,83,66,44,2760,10501,5.12848,164,16.8712,0,0,5435,6921425693
295.586,3.38311,48,0,83,66,44,2760,10501,5.12848,164,16.8712,0,0,5435,6924808999
439.43,2.27567,48,0,83,66,44,2760,10501,5.12848,164,16.8712,0,0,5435,6927085124
313.966,3.18506,48,0,83,66,44,2760,10501,5.12848,164,16.8712,0,0,5435,6930270424
406.384,2.46073,48,0,83,66,44,2760,10501,5.12848,164,16.8712,0,0,5435,6932731766
209.439,4.77467,48,0,83,66,44,2760,10501,5.12848,164,16.8712,0,0,5435,6937506466
680.022,1.47054,48,0,83,66,44,2760,10501,5.12848,164,16.8712,0,0,5435,6938977304
473.98,2.10979,48,0,83,66,44,2760,10501,5.12848,164,16.8712,0,0,5435,6941087538
433.856,2.30491,48,0,83,66,44,2760,10501,5.12848,164,16.8712,0,0,5435,6943392683
358.179,2.7919,48,0,83,66,44,2760,10501,5.12848,164,16.8712,0,0,5435,6946184989
500.7,1.9972,48,0,83,66,44,2760,10501,5.12848,164,16.8712,0,0,5435,6948182537
345.994,2.89022,48,0,83,66,44,2760,10501,5.12848,164,16.8712,0,0,5435,6951073221
353.016,2.83273,48,0,83,66,44,2760,10501,5.12848,164,16.8712,0,0,5435,6953906124
285.609,3.50129,48,0,83,66,44,2760,10501,5.12848,164,16.8712,0,0,5435,6957407781
580.26,1.72337,48,0,83,66,44,2760,10501,5.12848,164,16.8712,0,0,5435,6959131570
253.58,3.94353,48,0,83,66,44,2760,10501,5.12848,164,16.8712,0,0,5435,6963075481
624.904,1.60025,48,0,83,66,44,2760,10501,5.12848,164,16.8712,0,0,5435,6964676074
337.548,2.96254,48,0,83,66,44,2760,10501,5.12848,164,16.8712,0,0,5435,6967638856
257.958,3.87659,48,0,83,66,44,2760,10501,5.12848,164,16.8712,0,0,5435,6971515766
725.888,1.37762,48,0,83,66,44,2760,10501,5.12848,164,16.8712,0,0,5435,6972893860
289.735,3.45143,48,0,83,66,44,2760,10501,5.12848,164,16.8712,0,0,5435,6976345698
514.223,1.94468,48,0,83,66,44,2760,10501,5.12848,164,16.8712,0,0,5435,6978290600
394.786,2.53302,48,0,83,66,44,2760,10501,5.12848,164,16.8712,0,0,5435,6980823954
311.649,3.20874,48,0,83,66,44,2760,10501,5.12848,164,16.8712,0,0,5435,6984033024
475.898,2.10129,48,0,83,66,44,2760,10501,5.12848,164,16.8712,0,0,5435,6986134720
217.164,4.60482,48,0,83,66,44,2760,10501,5.12848,164,16.8712,0,0,5435,6990739817
1350.57,0.740429,48,0,83,66,44,2760,10501,5.12848,164,16.8712,0,0,5435,6991480631
363.329,2.75232,48,0,83,66,44,2760,10501,5.12848,164,16.8712,0,0,5435,6994233127
359.545,2.7813,48,0,83,66,44,2760,10501,5.12848,164,16.8712,0,0,5435,6997014740
202.811,4.9307,48,0,83,66,44,2760,10501,5.12848,164,16.8712,0,0,5435,7001945858
924.866,1.08124,48,0,83,66,44,2760,10501,5.12848,164,16.8712,0,0,5435,7003027472
310.494,3.22068,48,0,83,66,44,2760,10501,5.12848,164,16.8712,0,0,5435,7006248571
828.855,1.20648,48,0,83,66,44,2760,10501,5.12848,164,16.8712,0,0,5435,7007455208
196.788,5.0816,48,0,83,66,44,2760,10501,5.12848,164,16.8712,0,0,5435,7012537148
912.77,1.09557,48,0,83,66,44,2760,10501,5.12848,164,16.8712,0,0,5435,7013633252
268.928,3.71846,48,0,83,66,44,2760,10501,5.12848,164,16.8712,0,0,5435,7017351887
669.86,1.49285,48,0,83,66,44,2760,10501,5.12848,164,16.8712,0,0,5435,7018845053
451.109,2.21676,48,0,83,66,44,2760,10501,5.12848,164,16.8712,0,0,5435,7021062089
317.956,3.14509,48,0,83,66,44,2760,10501,5.12848,164,16.8712,0,0,5435,7024207493
436.729,2.28975,48,0,83,66,44,2760,10501,5.12848,164,16.8712,0,0,5435,7026497618
427.893,2.33703,48,0,83,66,44,2760,10501,5.12848,164,16.8712,0,0,5435,7028835005
330.293,3.02761,48,0,83,66,44,2760,10501,5.12848,164,16.8712,0,0,5435,7031863049
360.082,2.77714,48,0,83,66,44,2760,10501,5.12848,164,16.8712,0,0,5435,7034640441
362.071,2.76189,48,0,83,66,44,2760,10501,5.12848,164,16.8712,0,0,5435,7037402659
367.561,2.72064,48,0,83,66,44,2760,10501,5.12848,164,16.8712,0,0,5435,7040124741
239.121,4.18198,48,0,83,66,44,2760,10501,5.12848,164,16.8712,0,0,5435,7044305988
765.829,1.30578,48,0,83,66,44,2760,10501,5.12848,164,16.8712,0,0,5435,7045612061
413.032,2.42112,48,0,83,66,44,2760,10501,5.12848,164,16.8712,0,0,5435,7048033469
378.575,2.64148,48,0,83,66,44,2760,10501,5.12848,164,16.8712,0,0,5435,7050675395
261.469,3.82454,48,0,83,66,44,2760,10501,5.12848,164,16.8712,0,0,5435,7054500331
265.022,3.77327,48,0,83,66,44,2760,10501,5.12848,164,16.8712,0,0,5435,7058273930
468.924,2.13254,48,0,83,66,44,2760,10501,5.12848,164,16.8712,0,0,5435,7060406713
663.264,1.50769,48,0,83,66,44,2760,10501,5.12848,164,16.8712,0,0,5435,7061915158
359.884,2.77867,48,0,83,66,44,2760,10501,5.12848,164,16.8712,0,0,5435,7064693800
517.177,1.93358,48,0,83,66,44,2760,10501,5.12848,164,16.8712,0,0,5435,7066627586
143.859,6.95126,48,0,83,66,44,2760,10501,5.12848,164,16.8712,0,0,5435,7073579234
605.818,1.65066,48,0,83,66,44,2760,10501,5.12848,164,16.8712,0,0,5435,7075230184
308.048,3.24624,48,0,83,66,44,2760,10501,5.12848,164,16.8712,0,0,5435,7078476784
346.238,2.88818,48,0,83,66,44,2760,10501,5.12848,164,16.8712,0,0,5435,7081365275
583.866,1.71272,48,0,83,66,44,2760,10501,5.12848,164,16.8712,0,0,5435,7083078429
346.447,2.88644,48,0,83,66,44,2760,10501,5.12848,164,16.8712,0,0,5435,7085965161
326.637,3.06151,48,0,83,66,44,2760,10501,5.12848,164,16.8712,0,0,5435,7089027043
385.526,2.59386,48,0,83,66,44,2760,10501,5.12848,164,16.8712,0,0,5435,7091621159
348.816,2.86684,48,0,83,66,44,2760,10501,5.12848,164,16.8712,0,0,5435,7094488448
371.156,2.69428,48,0,83,66,44,2760,10501,5.12848,164,16.8712,0,0,5435,7097182981
291.342,3.43239,48,0,83,66,44,2760,10501,5.12848,164,16.8712,0,0,5435,7100615664
366.951,2.72516,48,0,83,66,44,2760,10501,5.12848,164,16.8712,0,0,5435,7103341246
449.592,2.22424,48,0,83,66,44,2760,10501,5.12848,164,16.8712,0,0,5435,7105565687
632.509,1.58101,48,0,83,66,44,2760,10501,5.12848,164,16.8712,0,0,5435,7107147182
326.411,3.06362,48,0,83,66,44,2760,10501,5.12848,164,16.8712,0,0,5435,7110211074
403.688,2.47716,48,0,83,66,44,2760,10501,5.12848,164,16.8712,0,0,5435,7112688581
332.925,3.00368,48,0,83,66,44,2760,10501,5.12848,164,16.8712,0,0,5435,7115692538
379.221,2.63698,48,0,83,66,44,2760,10501,5.12848,164,16.8712,0,0,5435,7118329848
350.378,2.85406,48,0,83,66,44,2760,10501,5.12848,164,16.8712,0,0,5435,7121184415
292.523,3.41854,48,0,83,66,44,2760,10501,5.12848,164,16.8712,0,0,5435,7124603386
241.012,4.14918,48,0,83,66,44,2760,10501,5.12848,164,16.8712,0,0,5435,7128753007
828.625,1.20682,48,0,83,66,44,2760,10501,5.12848,164,16.8712,0,0,5435,7129960086
526.708,1.89858,48,0,83,66,44,2760,10501,5.12848,164,16.8712,0,0,5435,7131858746
300.125,3.33195,48,0,83,66,44,2760,10501,5.12848,164,16.8712,0,0,5435,7135191214
341.365,2.92942,48,0,83,66,44,2760,10501,5.12848,164,16.8712,0,0,5435,7138120899
520.399,1.9216,48,0,83,66,44,2760,10501,5.12848,164,16.8712,0,0,5435,7140042829
416.98,2.3982,48,0,83,66,44,2760,10501,5.12848,164,16.8712,0,0,5435,7142441314
367.891,2.7182,48,0,83,66,44,2760,10501,5.12848,164,16.8712,0,0,5435,7145159867
312.4,3.20102,48,0,83,66,44,2760,10501,5.12848,164,16.8712,0,0,5435,7148361177
487.32,2.05204,48,0,83,66,44,2760,10501,5.12848,164,16.8712,0,0,5435,7150413544
185.197,5.39966,48,0,83,66,44,2760,10501,5.12848,164,16.8712,0,0,5435,7155813572
563.887,1.77341,48,0,83,66,44,2760,10501,5.12848,164,16.8712,0,0,5435,7157587421
550.534,1.81642,48,0,83,66,44,2760,10501,5.12848,164,16.8712,0,0,5435,7159404213
436.771,2.28953,48,0,83,66,44,2760,10501,5.12848,164,16.8712,0,0,5435,7161693992
299.206,3.34218,48,0,83,66,44,2760,10501,5.12848,164,16.8712,0,0,5435,7165036643
419.923,2.38139,48,0,83,66,44,2760,10501,5.12848,164,16.8712,0,0,5435,7167418252
385.745,2.59239,48,0,83,66,44,2760,10501,5.12848,164,16.8712,0,0,5435,7170010955
385.214,2.59596,48,0,83,66,44,2760,10501,5.12848,164,16.8712,0,0,5435,7172607379
372.247,2.68639,48,0,83,66,44,2760,10501,5.12848,164,16.8712,0,0,5435,7175294373
361.932,2.76295,48,0,83,66,44,2760,10501,5.12848,164,16.8712,0,0,5435,7178057649
255.533,3.91339,48,0,83,66,44,2760,10501,5.12848,164,16.8712,0,0,5435,7181971233
429.062,2.33067,48,0,83,66,44,2760,10501,5.12848,164,16.8712,0,0,5435,7184302215
578.15,1.72966,48,0,83,66,44,2760,10501,5.12848,164,16.8712,0,0,5435,7186032360
320.956,3.11569,48,0,83,66,44,2760,10501,5.12848,164,16.8712,0,0,5435,7189148282
442.339,2.26071,48,0,83,66,44,2760,10501,5.12848,164,16.8712,0,0,5435,7191409349
348.488,2.86954,48,0,83,66,44,2760,10501,5.12848,164,16.8712,0,0,5435,7194279224
361.433,2.76677,48,0,83,66,44,2760,10501,5.12848,164,16.8712,0,0,5435,7197046500
392.767,2.54604,48,0,83,66,44,2760,10501,5.12848,164,16.8712,0,0,5435,7199592827
388.183,2.57611,48,0,83,66,44,2760,10501,5.12848,164,16.8712,0,0,5435,7202169279
341.011,2.93245,48,0,83,66,44,2760,10501,5.12848,164,16.8712,0,0,5435,7205102012
230.572,4.33704,48,0,83,66,44,2760,10501,5.12848,164,16.8712,0,0,5435,7209439485
319.591,3.129,48,0,83,66,44,2760,10501,5.12848,164,16.8712,0,0,5435,7212568870
1468.9,0.680782,48,0,83,66,44,2760,10501,5.12848,164,16.8712,0,0,5435,7213249902
366.172,2.73096,48,0,83,66,44,2760,10501,5.12848,164,16.8712,0,0,5435,7215981177
324.316,3.08341,48,0,83,66,44,2760,10501,5.12848,164,16.8712,0,0,5435,7219064858
459.927,2.17426,48,0,83,66,44,2760,10501,5.12848,164,16.8712,0,0,5435,7221239710
378.611,2.64123,48,0,83,66,44,2760,10501,5.12848,164,16.8712,0,0,5435,7223881010
366.979,2.72495,48,0,83,66,44,2760,10501,5.12848,164,16.8712,0,0,5435,7226606285
329.923,3.03101,48,0,83,66,44,2760,10501,5.12848,164,16.8712,0,0,5435,7229637839
341.123,2.93149,48,0,83,66,44,2760,10501,5.12848,164,16.8712,0,0,5435,7232569486
293.093,3.41188,48,0,83,66,44,2760,10501,5.12848,164,16.8712,0,0,5435,7235981841
264.032,3.78742,48,0,83,66,44,2760,10501,5.12848,164,16.8712,0,0,5435,7239769527
378.697,2.64064,48,0,83,66,44,2760,10501,5.12848,164,16.8712,0,0,5435,7242410673
510.252,1.95982,48,0,83,66,44,2760,10501,5.12848,164,16.8712,0,0,5435,7244370691
257.976,3.87633,48,0,83,66,44,2760,10501,5.12848,164,16.8712,0,0,5435,7248247380
1133.16,0.882491,48,0,83,66,44,2760,10501,5.12848,164,16.8712,0,0,5435,7249130188
399.072,2.50582,48,0,83,66,44,2760,10501,5.12848,164,16.8712,0,0,5435,7251636830
439.006,2.27787,48,0,83,66,44,2760,10501,5.12848,164,16.8712,0,0,5435,7253914994
347.74,2.87571,48,0,83,66,44,2760,10501,5.12848,164,16.8712,0,0,5435,7256791091
432.093,2.31432,48,0,83,66,44,2760,10501,5.12848,164,16.8712,0,0,5435,7259105707
248.946,4.01694,48,0,83,66,44,2760,10501,5.12848,164,16.8712,0,0,5435,7263122814
357.333,2.79851,48,0,83,66,44,2760,10501,5.12848,164,16.8712,0,0,5435,7265921956
512.975,1.94941,48,0,83,66,44,2760,10501,5.12848,164,16.8712,0,0,5435,7267871493
426.682,2.34366,48,0,83,66,44,2760,10501,5.12848,164,16.8712,0,0,5435,7270215437
205.53,4.86547,48,0,83,66,44,2760,10501,5.12848,164,16.8712,0,0,5435,7275083034
355.774,2.81078,47.8093,0,85,66,44,2760,10501,5.12848,164,16.8708,0,0,5432,7277892340
1239.85,0.806547,47.8093,0,85,66,44,2760,10501,5.12848,164,16.8708,0,0,5432,7278699261
267,3.74532,47.8093,0,85,66,44,2760,10501,5.12848,164,16.8708,0,0,5432,7282444926
411.269,2.4315,47.8093,0,85,66,44,2760,10501,5.12848,164,16.8708,0,0,5432,7284876816
408.505,2.44795,47.8093,0,85,66,44,2760,10501,5.12848,164,16.8708,0,0,5432,7287325177
291.074,3.43556,47.8093,0,85,66,44,2760,10501,5.12848,164,16.8708,0,0,5432,7290760956
624.353,1.60166,47.8093,0,85,66,44,2760,10501,5.12848,164,16.8708,0,0,5432,7292362972
382.117,2.617,47.8093,0,85,66,44,2760,10501,5.12848,164,16.8708,0,0,5432,7294980358
415.01,2.40958,47.8093,0,85,66,44,2760,10501,5.12848,164,16.8708,0,0,5432,7297390266
325.693,3.07037,47.8093,0,85,66,44,2760,10501,5.12848,164,16.8708,0,0,5432,7300460937
403.37,2.47911,47.8093,0,85,66,44,2760,10501,5.12848,164,16.8708,0,0,5432,7302940482
297.967,3.35608,47.8093,0,85,66,44,2760,10501,5.12848,164,16.8708,0,0,5432,7306296999
252.712,3.95707,47.8093,0,85,66,44,2760,10501,5.12848,164,16.8708,0,0,5432,7310254546
1013.25,0.986928,47.8093,0,85,66,44,2760,10501,5.12848,164,16.8708,0,0,5432,7311241647
465.517,2.14815,47.8093,0,85,66,44,2760,10501,5.12848,164,16.8708,0,0,5432,7313390104
259.172,3.85844,47.8093,0,85,66,44,2760,10501,5.12848,164,16.8708,0,0,5432,7317248993
610.849,1.63707,47.8093,0,85,66,44,2760,10501,5.12848,164,16.8708,0,0,5432,7318886433
366.251,2.73037,47.8093,0,85,66,44,2760,10501,5.12848,164,16.8708,0,0,5432,7321617044
390.345,2.56184,47.8093,0,85,66,44,2760,10501,5.12848,164,16.8708,0,0,5432,7324179179
338.115,2.95757,47.8093,0,85,66,44,2760,10501,5.12848,164,16.8708,0,0,5432,7327137048
217.598,4.59563,47.8093,0,85,66,44,2760,10501,5.12848,164,16.8708,0,0,5432,7331732962
1780.12,0.561759,47.8093,0,85,66,44,2760,10501,5.12848,164,16.8708,0,0,5432,7332294914
380.366,2.62905,47.8093,0,85,66,44,2760,10501,5.12848,164,16.8708,0,0,5432,7334924339
393.373,2.54211,47.8093,0,85,66,44,2760,10501,5.12848,164,16.8708,0,0,5432,7337466848
274.436,3.64384,47.8093,0,85,66,44,2760,10501,5.12848,164,16.8708,0,0,5432,7341110961
333.794,2.99586,47.8093,0,85,66,44,2760,10501,5.12848,164,16.8708,0,0,5432,7344107254
645.327,1.5496,47.8093,0,85,66,44,2760,10501,5.12848,164,16.8708,0,0,5432,7345657095
397.115,2.51816,47.8093,0,85,66,44,2760,10501,5.12848,164,16.8708,0,0,5432,7348175593
391.285,2.55568,47.8093,0,85,66,44,2760,10501,5.12848,164,16.8708,0,0,5432,7350731718
261.408,3.82544,47.8093,0,85,66,44,2760,10501,5.12848,164,16.8708,0,0,5432,7354557433
466.206,2.14498,47.8093,0,85,66,44,2760,10501,5.12848,164,16.8708,0,0,5432,7356702794
369.104,2.70926,47.8093,0,85,66,44,2760,10501,5.12848,164,16.8708,0,0,5432,7359412712
461.208,2.16822,47.8093,0,85,66,44,2760,10501,5.12848,164,16.8708,0,0,5432,7361580853
343.472,2.91144,47.8093,0,85,66,44,2760,10501,5.12848,164,16.8708,0,0,5432,7364492749
228.372,4.37882,47.8093,0,85,66,44,2760,10501,5.12848,164,16.8708,0,0,5432,7368871819
523.917,1.9087,47.8093,0,85,66,44,2760,10501,5.12848,164,16.8708,0,0,5432,7370781018
592.542,1.68764,47.8093,0,85,66,44,2760,10501,5.12848,164,16.8708,0,0,5432,7372468864
273.127,3.6613,47.8093,0,85,66,44,2760,10501,5.12848,164,16.8708,0,0,5432,7376130622
481.488,2.0769,47.8093,0,85,66,44,2760,10501,5.12848,164,16.8708,0,0,5432,7378207807
296.343,3.37447,47.8093,0,85,66,44,2760,10501,5.12848,164,16.8708,0,0,5432,7381582748
441.374,2.26565,47.8093,0,85,66,44,2760,10501,5.12848,164,16.8708,0,0,5432,7383848622
463.999,2.15518,47.8093,0,85,66,44,2760,10501,5.12848,164,16.8708,0,0,5432,7386004137
332.89,3.00399,47.8093,0,85,66,44,2760,10501,5.12848,164,16.8708,0,0,5432,7389008652
370.442,2.69948,47.8093,0,85,66,44,2760,10501,5.12848,164,16.8708,0,0,5432,7391708281
294.694,3.39335,47.8093,0,85,66,44,2760,10501,5.12848,164,16.8708,0,0,5432,7395102117
250.042,3.99933,47.8093,0,85,66,44,2760,10501,5.12848,164,16.8708,0,0,5432,7399101655
346.561,2.88549,47.8093,0,85,66,44,2760,10501,5.12848,164,16.8708,0,0,5432,7401987637
496.29,2.01495,47.8093,0,85,66,44,2760,10501,5.12848,164,16.8708,0,0,5432,7404002965
696.113,1.43655,47.8093,0,85,66,44,2760,10501,5.12848,164,16.8708,0,0,5432,7405439725
353.475,2.82906,47.8093,0,85,66,44,2760,10501,5.12848,164,16.8708,0,0,5432,7408269176
392.699,2.54648,47.8093,0,85,66,44,2760,10501,5.12848,164,16.8708,0,0,5432,7410815964
429.784,2.32675,47.8093,0,85,66,44,2760,10501,5.12848,164,16.8708,0,0,5432,7413143109
295.248,3.38698,47.8093,0,85,66,44,2760,10501,5.12848,164,16.8708,0,0,5432,7416530464
343.936,2.90752,47.8093,0,85,66,44,2760,10501,5.12848,164,16.8708,0,0,5432,7419438350
443.832,2.2531,47.8093,0,85,66,44,2760,10501,5.12848,164,16.8708,0,0,5432,7421691715
305.54,3.2729,47.8093,0,85,66,44,2760,10501,5.12848,164,16.8708,0,0,5432,7424964921
530.299,1.88573,47.8093,0,85,66,44,2760,10501,5.12848,164,16.8708,0,0,5432,7426851033
419.282,2.38503,47.8093,0,85,66,44,2760,10501,5.12848,164,16.8708,0,0,5432,7429236286
356.356,2.80618,47.8093,0,85,66,44,2760,10501,5.12848,164,16.8708,0,0,5432,7432042948
373.024,2.68079,47.8093,0,85,66,44,2760,10501,5.12848,164,16.8708,0,0,5432,7434723933
248.505,4.02406,47.8093,0,85,66,44,2760,10501,5.12848,164,16.8708,0,0,5432,7438748251
338.9,2.95073,47.8093,0,85,66,44,2760,10501,5.12848,164,16.8708,0,0,5432,7441699389
964.44,1.03687,47.8093,0,85,66,44,2760,10501,5.12848,164,16.8708,0,0,5432,7442736491
434.777,2.30003,47.8093,0,85,66,44,2760,10501,5.12848,164,16.8708,0,0,5432,7445037011
364.626,2.74254,47.8093,0,85,66,44,2760,10501,5.12848,164,16.8708,0,0,5432,7447779777
252.204,3.96504,47.8093,0,85,66,44,2760,10501,5.12848,164,16.8708,0,0,5432,7451745304
448.037,2.23196,47.8093,0,85,66,44,2760,10501,5.12848,164,16.8708,0,0,5432,7453977466
542.685,1.84269,47.8093,0,85,66,44,2760,10501,5.12848,164,16.8708,0,0,5432,7455820471
277.536,3.60313,47.8093,0,85,66,44,2760,10501,5.12848,164,16.8708,0,0,5432,7459424111
346.897,2.8827,47.8093,0,85,66,44,2760,10501,5.12848,164,16.8708,0,0,5432,7462307208
470.049,2.12744,47.8093,0,85,66,44,2760,10501,5.12848,164,16.8708,0,0,5432,7464434992
343.581,2.91052,47.8093,0,85,66,44,2760,10501,5.12848,164,16.8708,0,0,5432,7467345705
501.628,1.99351,47.8093,0,85,66,44,2760,10501,5.12848,164,16.8708,0,0,5432,7469339695
312.17,3.20339,47.8093,0,85,66,44,2760,10501,5.12848,164,16.8708,0,0,5432,7472543303
413.913,2.41597,47.8093,0,85,66,44,2760,10501,5.12848,164,16.8708,0,0,5432,7474959606
273.468,3.65673,47.8093,0,85,66,44,2760,10501,5.12848,164,16.8708,0,0,5432,7478616700
532.763,1.87701,47.8093,0,85,66,44,2760,10501,5.12848,164,16.8708,0,0,5432,7480494187
413.92,2.41593,47.8093,0,85,66,44,2760,10501,5.12848,164,16.8708,0,0,5432,7482910355
362.561,2.75816,47.8093,0,85,66,44,2760,10501,5.12848,164,16.8708,0,0,5432,7485668832
384.775,2.59892,47.8093,0,85,66,44,2760,10501,5.12848,164,16.8708,0,0,5432,7488268131
371.907,2.68884,47.8093,0,85,66,44,2760,10501,5.12848,164,16.8708,0,0,5432,7490957405
313.146,3.1934,47.8093,0,85,66,44,2760,10501,5.12848,164,16.8708,0,0,5432,7494151214
321.792,3.1076,47.8093,0,85,66,44,2760,10501,5.12848,164,16.8708,0,0,5432,7497259011
573.479,1.74374,47.8093,0,85,66,44,2760,10501,5.12848,164,16.8708,0,0,5432,7499003080
260.592,3.83742,47.8093,0,85,66,44,2760,10501,5.12848,164,16.8708,0,0,5432,7502840815
381.057,2.62428,47.8093,0,85,66,44,2760,10501,5.12848,164,16.8708,0,0,5432,7505465422
535.019,1.86909,47.8093,0,85,66,44,2760,10501,5.12848,164,16.8708,0,0,5432,7507334918
202.996,4.9262,47.8093,0,85,66,44,2760,10501,5.12848,164,16.8708,0,0,5432,7512261459
2367.38,0.422408,47.8093,0,85,66,44,2760,10501,5.12848,164,16.8708,0,0,5432,7512683868
353.584,2.82818,47.8093,0,85,66,44,2760,10501,5.12848,164,16.8708,0,0,5432,7515512674
385.175,2.59622,47.8093,0,85,66,44,2760,10501,5.12848,164,16.8708,0,0,5432,7518109127
376.433,2.65651,47.8093,0,85,66,44,2760,10501,5.12848,164,16.8708,0,0,5432,7520766073
390.43,2.56128,47.8093,0,85,66,44,2760,10501,5.12848,164,16.8708,0,0,5432,7523327572
353.945,2.8253,47.8093,0,85,66,44,2760,10501,5.12848,164,16.8708,0,0,5432,7526153216
289.331,3.45625,47.8093,0,85,66,44,2760,10501,5.12848,164,16.8708,0,0,5432,7529609948
260.691,3.83597,47.8093,0,85,66,44,2760,10501,5.12848,164,16.8708,0,0,5432,7533446154
333.088,3.00221,47.8093,0,85,66,44,2760,10501,5.12848,164,16.8708,0,0,5432,7536448803
335.346,2.98199,47.8093,0,85,66,44,2760,10501,5.12848,164,16.8708,0,0,5432,7539431192
1461.88,0.684052,47.8093,0,85,66,44,2760,10501,5.12848,164,16.8708,0,0,5432,7540115455
390.628,2.55998,47.8093,0,85,66,44,2760,10501,5.12848,164,16.8708,0,0,5432,7542675792
440.73,2.26896,47.8093,0,85,66,44,2760,10501,5.12848,164,16.8708,0,0,5432,7544945060
374.772,2.66829,47.8093,0,85,66,44,2760,10501,5.12848,164,16.8708,0,0,5432,7547613622
384.694,2.59947,47.8093,0,85,66,44,2760,10501,5.12848,164,16.8708,0,0,5432,7550213430
252.099,3.96669,47.8093,0,85,66,44,2760,10501,5.12848,164,16.8708,0,0,5432,7554180487
562.691,1.77717,47.8093,0,85,66,44,2760,10501,5.12848,164,16.8708,0,0,5432,7555957874
204.516,4.8896,47.8093,0,85,66,44,2760,10501,5.12848,164,16.8708,0,0,5432,7560848221
674.929,1.48164,47.8093,0,85,66,44,2760,10501,5.12848,164,16.8708,0,0,5432,7562329877
403.586,2.47779,47.8093,0,85,66,44,2760,10501,5.12848,164,16.8708,0,0,5432,7564808066
350.253,2.85508,47.8093,0,85,66,44,2760,10501,5.12848,164,16.8708,0,0,5432,7567663239
331.125,3.02001,47.8093,0,85,66,44,2760,10501,5.12848,164,16.8708,0,0,5432,7570683611
228.396,4.37837,47.8093,0,85,66,44,2760,10501,5.12848,164,16.8708,0,0,5432,7575062325
713.385,1.40177,47.8093,0,85,66,44,2760,10501,5.12848,164,16.8708,0,0,5432,7576464430
541.254,1.84756,47.8093,0,85,66,44,2760,10501,5.12848,164,16.8708,0,0,5432,7578312387
399.814,2.50116,47.8093,0,85,66,44,2760,10501,5.12848,164,16.8708,0,0,5432,7580813933
295.813,3.38052,47.8093,0,85,66,44,2760,10501,5.12848,164,16.8708,0,0,5432,7584194816
274.618,3.64142,47.8093,0,85,66,44,2760,10501,5.12848,164,16.8708,0,0,5432,7587836525
605.084,1.65266,47.8093,0,85,66,44,2760,10501,5.12848,164,16.8708,0,0,5432,7589489619
367.083,2.72418,47.8093,0,85,66,44,2760,10501,5.12848,164,16.8708,0,0,5432,7592214028
472.439,2.11668,47.8093,0,85,66,44,2760,10501,5.12848,164,16.8708,0,0,5432,7594331004
404.384,2.4729,47.8093,0,85,66,44,2760,10501,5.12848,164,16.8708,0,0,5432,7596804298
338.826,2.95137,47.8093,0,85,66,44,2760,10501,5.12848,164,16.8708,0,0,5432,7599755946
387.957,2.57761,47.8093,0,85,66,44,2760,10501,5.12848,164,16.8708,0,0,5432,7602334023
330.67,3.02416,47.8093,0,85,66,44,2760,10501,5.12848,164,16.8708,0,0,5432,7605358596
365.913,2.73289,47.8093,0,85,66,44,2760,10501,5.12848,164,16.8708,0,0,5432,7608091727
414.258,2.41396,47.8093,0,85,66,44,2760,10501,5.12848,164,16.8708,0,0,5432,7610505991
214.938,4.65251,47.8093,0,85,66,44,2760,10501,5.12848,164,16.8708,0,0,5432,7615158821
853.109,1.17218,47.8093,0,85,66,44,2760,10501,5.12848,164,16.8708,0,0,5432,7616331303
443.025,2.25721,47.8093,0,85,66,44,2760,10501,5.12848,164,16.8708,0,0,5432,7618588908
361.653,2.76508,47.8093,0,85,66,44,2760,10501,5.12848,164,16.8708,0,0,5432,7621354260
266.445,3.75312,47.8093,0,85,66,44,2760,10501,5.12848,164,16.8708,0,0,5432,7625107704
543.71,1.83922,47.8093,0,85,66,44,2760,10501,5.12848,164,16.8708,0,0,5432,7626947372
319.812,3.12684,47.8093,0,85,66,44,2760,10501,5.12848,164,16.8708,0,0,5432,7630074573
516.153,1.93741,47.8093,0,85,66,44,2760,10501,5.12848,164,16.8708,0,0,5432,7632012312
232.769,4.29611,47.8093,0,85,66,44,2760,10501,5.12848,164,16.8708,0,0,5432,7636308860
514.852,1.94231,47.8093,0,85,66,44,2760,10501,5.12848,164,16.8708,0,0,5432,7638251532
258.818,3.86373,47.8093,0,85,66,44,2760,10501,5.12848,164,16.8708,0,0,5432,7642115585
622.503,1.60642,47.8093,0,85,66,44,2760,10501,5.12848,164,16.8708,0,0,5432,7643722331
495.989,2.01617,47.8093,0,85,66,44,2760,10501,5.12848,164,16.8708,0,0,5432,7645738697
424.916,2.35341,47.8093,0,85,66,44,2760,10501,5.12848,164,16.8708,0,0,5432,7648093825
412.629,2.42349,47.8093,0,85,66,44,2760,10501,5.12848,164,16.8708,0,0,5432,7650516445
384.74,2.59915,47.8093,0,85,66,44,2760,10501,5.12848,164,16.8708,0,0,5432,7653115840
360.509,2.77385,47.8093,0,85,66,44,2760,10501,5.12848,164,16.8708,0,0,5432,7655889972
334.233,2.99193,47.8093,0,85,66,44,2760,10501,5.12848,164,16.8708,0,0,5432,7658882275
306.974,3.25761,47.8093,0,85,66,44,2760,10501,5.12848,164,16.8708,0,0,5432,7662140173
581.155,1.72071,47.8093,0,85,66,44,2760,10501,5.12848,164,16.8708,0,0,5432,7663861347
328.333,3.04569,47.8093,0,85,66,44,2760,10501,5.12848,164,16.8708,0,0,5432,7666907372
365.566,2.73549,47.8093,0,85,66,44,2760,10501,5.12848,164,16.8708,0,0,5432,7669643118
414.671,2.41155,47.8093,0,85,66,44,2760,10501,5.12848,164,16.8708,0,0,5432,7672054998
365.306,2.73743,47.8093,0,85,66,44,2760,10501,5.12848,164,16.8708,0,0,5432,7674792725
331.855,3.01336,47.8093,0,85,66,44,2760,10501,5.12848,164,16.8708,0,0,5432,7677806432
428.708,2.33259,47.8093,0,85,66,44,2760,10501,5.12848,164,16.8708,0,0,5432,7680139386
371.29,2.69331,47.8093,0,85,66,44,2760,10501,5.12848,164,16.8708,0,0,5432,7682833005
255.395,3.9155,47.8093,0,85,66,44,2760,10501,5.12848,164,16.8708,0,0,5432,7686748839
623.211,1.60459,47.8093,0,85,66,44,2760,10501,5.12848,164,16.8708,0,0,5432,7688353874
368.075,2.71684,47.8093,0,85,66,44,2760,10501,5.12848,164,16.8708,0,0,5432,7691071119
380.942,2.62507,47.8093,0,85,66,44,2760,10501,5.12848,164,16.8708,0,0,5432,7693696640
324.678,3.07997,47.8093,0,85,66,44,2760,10501,5.12848,164,16.8708,0,0,5432,7696776888
434.741,2.30022,47.8093,0,85,66,44,2760,10501,5.12848,164,16.8708,0,0,5432,7699077418
422.834,2.36499,47.8093,0,85,66,44,2760,10501,5.12848,164,16.8708,0,0,5432,7701442873
331.306,3.01836,47.8093,0,85,66,44,2760,10501,5.12848,164,16.8708,0,0,5432,7704461465
414.423,2.413,47.8093,0,85,66,44,2760,10501,5.12848,164,16.8708,0,0,5432,7706874950
341.457,2.92863,47.8093,0,85,66,44,2760,10501,5.12848,164,16.8708,0,0,5432,7709803779
238.462,4.19354,47.8093,0,85,66,44,2760,10501,5.12848,164,16.8708,0,0,5432,7713997853
767.473,1.30298,47.8093,0,85,66,44,2760,10501,5.12848,164,16.8708,0,0,5432,7715300917
358.076,2.7927,47.8093,0,85,66,44,2760,10501,5.12848,164,16.8708,0,0,5432,7718094068
372.476,2.68474,47.8093,0,85,66,44,2760,10501,5.12848,164,16.8708,0,0,5432,7720779043
294.163,3.39948,47.8093,0,85,66,44,2760,10501,5.12848,164,16.8708,0,0,5432,7724179023
216.652,4.61569,47.8093,0,85,66,44,2760,10501,5.12848,164,16.8708,0,0,5432,7728794910
640.254,1.56188,47.8093,0,85,66,44,2760,10501,5.12848,164,16.8708,0,0,5432,7730357155
527.066,1.89729,47.8093,0,85,66,44,2760,10501,5.12848,164,16.8708,0,0,5432,7732254757
393.522,2.54115,47.8093,0,85,66,44,2760,10501,5.12848,164,16.8708,0,0,5432,7734796199
355.985,2.8091,47.8093,0,85,66,44,2760,10501,5.12848,164,16.8708,0,0,5432,7737605726
421.251,2.37388,47.8093,0,85,66,44,2760,10501,5.12848,164,16.8708,0,0,5432,7739979844
332.868,3.0042,47.8093,0,85,66,44,2760,10501,5.12848,164,16.8708,0,0,5432,7742984436
493.047,2.0282,47.8093,0,85,66,44,2760,10501,5.12848,164,16.8708,0,0,5432,7745013024
304.447,3.28464,47.8093,0,85,66,44,2760,10501,5.12848,164,16.8708,0,0,5432,7748297932
318.851,3.13626,47.8093,0,85,66,44,2760,10501,5.12848,164,16.8708,0,0,5432,7751434740
643.28,1.55453,47.8093,0,85,66,44,2760,10501,5.12848,164,16.8708,0,0,5432,7752989456
191.968,5.20919,47.8093,0,85,66,44,2760,10501,5.12848,164,16.8708,0,0,5432,7758198939
384.32,2.602,47.8093,0,85,66,44,2760,10501,5.12848,164,16.8708,0,0,5432,7760801238
274.634,3.64121,47.8093,0,85,66,44,2760,10501,5.12848,164,16.8708,0,0,5432,7764442861
1034.15,0.966975,47.8093,0,85,66,44,2760,10501,5.12848,164,16.8708,0,0,5432,7765410297
621.855,1.60809,47.8093,0,85,66,44,2760,10501,5.12848,164,16.8708,0,0,5432,7767018496
360.592,2.77322,47.8093,0,85,66,44,2760,10501,5.12848,164,16.8708,0,0,5432,7769792041
287.117,3.48291,47.8093,0,85,66,44,2760,10501,5.12848,164,16.8708,0,0,5432,7773275303
454.944,2.19807,47.8093,0,85,66,44,2760,10501,5.12848,164,16.8708,0,0,5432,7775475848
273.113,3.66149,47.9896,0,84,66,44,2760,10501,5.12848,165,16.8591,0,0,5431,7779135789
626.074,1.59726,47.9896,0,84,66,44,2760,10501,5.12848,165,16.8591,0,0,5431,7780733256
227.97,4.38653,47.9896,0,84,66,44,2760,10501,5.12848,165,16.8591,0,0,5431,7785120183
553.774,1.80579,47.9896,0,84,66,44,2760,10501,5.12848,165,16.8591,0,0,5431,7786926244
289.585,3.45321,47.9896,0,84,66,44,2760,10501,5.12848,165,16.8591,0,0,5431,7790380004
356.55,2.80465,47.9896,0,84,66,44,2760,10501,5.12848,165,16.8591,0,0,5431,7793185041
1130.14,0.884847,47.9896,0,84,66,44,2760,10501,5.12848,165,16.8591,0,0,5431,7794070138
426.67,2.34373,47.9896,0,84,66,44,2760,10501,5.12848,165,16.8591,0,0,5431,7796414333
327.837,3.0503,47.9896,0,84,66,44,2760,10501,5.12848,165,16.8591,0,0,5431,7799464868
337.523,2.96276,47.9896,0,84,66,44,2760,10501,5.12848,165,16.8591,0,0,5431,7802428016
362.722,2.75693,47.9896,0,84,66,44,2760,10501,5.12848,165,16.8591,0,0,5431,7805185340
365.57,2.73546,47.9896,0,84,66,44,2760,10501,5.12848,165,16.8591,0,0,5431,7807921028
237.881,4.20378,47.9896,0,84,66,44,2760,10501,5.12848,165,16.8591,0,0,5431,7812125131
548.919,1.82176,47.9896,0,84,66,44,2760,10501,5.12848,165,16.8591,0,0,5431,7813947308
590.094,1.69464,47.9896,0,84,66,44,2760,10501,5.12848,165,16.8591,0,0,5431,7815642279
323.406,3.09208,47.9896,0,84,66,44,2760,10501,5.12848,165,16.8591,0,0,5431,7818734566
373.136,2.67999,47.9896,0,84,66,44,2760,10501,5.12848,165,16.8591,0,0,5431,7821414896
453.794,2.20364,47.9896,0,84,66,44,2760,10501,5.12848,165,16.8591,0,0,5431,7823618846
286.875,3.48584,47.9896,0,84,66,44,2760,10501,5.12848,165,16.8591,0,0,5431,7827105126
555.694,1.79955,47.9896,0,84,66,44,2760,10501,5.12848,165,16.8591,0,0,5431,7828905004
207.653,4.81572,47.9896,0,84,66,44,2760,10501,5.12848,165,16.8591,0,0,5431,7833721196
670.404,1.49164,47.9896,0,84,66,44,2760,10501,5.12848,165,16.8591,0,0,5431,7835213025
483.415,2.06862,47.9896,0,84,66,44,2760,10501,5.12848,165,16.8591,0,0,5431,7837281960
258.641,3.86637,47.9896,0,84,66,44,2760,10501,5.12848,165,16.8591,0,0,5431,7841148754
1192.11,0.838846,47.9896,0,84,66,44,2760,10501,5.12848,165,16.8591,0,0,5431,7841987955
288.429,3.46706,47.9896,0,84,66,44,2760,10501,5.12848,165,16.8591,0,0,5431,7845455274
332.968,3.00329,47.9896,0,84,66,44,2760,10501,5.12848,165,16.8591,0,0,5431,7848459096
493.15,2.02778,47.9896,0,84,66,44,2760,10501,5.12848,165,16.8591,0,0,5431,7850487039
336.086,2.97543,47.9896,0,84,66,44,2760,10501,5.12848,165,16.8591,0,0,5431,7853462688
426.679,2.34368,47.9896,0,84,66,44,2760,10501,5.12848,165,16.8591,0,0,5431,7855806844
296.722,3.37016,47.9896,0,84,66,44,2760,10501,5.12848,165,16.8591,0,0,5431,7859177361
640.514,1.56124,47.9896,0,84,66,44,2760,10501,5.12848,165,16.8591,0,0,5431,7860738991
333.305,3.00026,47.9896,0,84,66,44,2760,10501,5.12848,165,16.8591,0,0,5431,7863739563
389.389,2.56813,47.9896,0,84,66,44,2760,10501,5.12848,165,16.8591,0,0,5431,7866307880
365.505,2.73594,47.9896,0,84,66,44,2760,10501,5.12848,165,16.8591,0,0,5431,7869044309
318.413,3.14058,47.9896,0,84,66,44,2760,10501,5.12848,165,16.8591,0,0,5431,7872185126
418.827,2.38762,47.9896,0,84,66,44,2760,10501,5.12848,165,16.8591,0,0,5431,7874573072
373.893,2.67456,47.9896,0,84,66,44,2760,10501,5.12848,165,16.8591,0,0,5431,7877248018
337.584,2.96222,47.9896,0,84,66,44,2760,10501,5.12848,165,16.8591,0,0,5431,7880210493
406.737,2.45859,47.9896,0,84,66,44,2760,10501,5.12848,165,16.8591,0,0,5431,7882669422
296.118,3.37704,47.9896,0,84,66,44,2760,10501,5.12848,165,16.8591,0,0,5431,7886046786
437.952,2.28336,47.9896,0,84,66,44,2760,10501,5.12848,165,16.8591,0,0,5431,7888330497
413.655,2.41748,47.9896,0,84,66,44,2760,10501,5.12848,165,16.8591,0,0,5431,7890748262
408.891,2.44564,47.9896,0,84,66,44,2760,10501,5.12848,165,16.8591,0,0,5431,7893194209
368.565,2.71323,47.9896,0,84,66,44,2760,10501,5.12848,165,16.8591,0,0,5431,7895907849
348.855,2.86652,47.9896,0,84,66,44,2760,10501,5.12848,165,16.8591,0,0,5431,7898774753
352.057,2.84045,47.9896,0,84,66,44,2760,10501,5.12848,165,16.8591,0,0,5431,7901615484
413.966,2.41566,47.9896,0,84,66,44,2760,10501,5.12848,165,16.8591,0,0,5431,7904031796
371.949,2.68854,47.9896,0,84,66,44,2760,10501,5.12848,165,16.8591,0,0,5431,7906720434
391.73,2.55278,47.9896,0,84,66,44,2760,10501,5.12848,165,16.8591,0,0,5431,7909273405
201.073,4.97332,47.9896,0,84,66,44,2760,10501,5.12848,165,16.8591,0,0,5431,7914247092
315.873,3.16583,47.9896,0,84,66,44,2760,10501,5.12848,165,16.8591,0,0,5431,7917413381
1550.06,0.645137,47.9896,0,84,66,44,2760,10501,5.12848,165,16.8591,0,0,5431,7918058691
423.894,2.35908,47.9896,0,84,66,44,2760,10501,5.12848,165,16.8591,0,0,5431,7920418117
254.878,3.92344,47.9896,0,84,66,44,2760,10501,5.12848,165,16.8591,0,0,5431,7924341884
627.033,1.59481,47.9896,0,84,66,44,2760,10501,5.12848,165,16.8591,0,0,5431,7925936995
415.499,2.40674,47.9896,0,84,66,44,2760,10501,5.12848,165,16.8591,0,0,5431,7928344067
330.128,3.02913,47.9896,0,84,66,44,2760,10501,5.12848,165,16.8591,0,0,5431,7931373515
388.003,2.5773,47.9896,0,84,66,44,2760,10501,5.12848,165,16.8591,0,0,5431,7933951265
353.219,2.8311,47.9896,0,84,66,44,2760,10501,5.12848,165,16.8591,0,0,5431,7936782774
241.702,4.13732,47.9896,0,84,66,44,2760,10501,5.12848,165,16.8591,0,0,5431,7940920395
446.957,2.23735,47.9896,0,84,66,44,2760,10501,5.12848,165,16.8591,0,0,5431,7943158057
501.033,1.99588,47.9896,0,84,66,44,2760,10501,5.12848,165,16.8591,0,0,5431,7945154172
534.225,1.87187,47.9896,0,84,66,44,2760,10501,5.12848,165,16.8591,0,0,5431,7947026427
346.438,2.88652,47.9896,0,84,66,44,2760,10501,5.12848,165,16.8591,0,0,5431,7949913246
373.083,2.68037,47.9896,0,84,66,44,2760,10501,5.12848,165,16.8591,0,0,5431,7952593951
378.943,2.63892,47.9896,0,84,66,44,2760,10501,5.12848,165,16.8591,0,0,5431,7955244675
367.567,2.72059,47.9896,0,84,66,44,2760,10501,5.12848,165,16.8591,0,0,5431,7957954199
358.457,2.78974,47.9896,0,84,66,44,2760,10501,5.12848,165,16.8591,0,0,5431,7960744101
357.239,2.79925,47.9896,0,84,66,44,2760,10501,5.12848,165,16.8591,0,0,5431,7963543667
212.469,4.70656,47.9896,0,84,66,44,2760,10501,5.12848,165,16.8591,0,0,5431,7968250594
316.539,3.15916,47.9896,0,84,66,44,2760,10501,5.12848,165,16.8591,0,0,5431,7971410124
637.871,1.56772,47.9896,0,84,66,44,2760,10501,5.12848,165,16.8591,0,0,5431,7972978244
724.336,1.38057,47.9896,0,84,66,44,2760,10501,5.12848,165,16.8591,0,0,5431,7974359252
361.926,2.763,47.9896,0,84,66,44,2760,10501,5.12848,165,16.8591,0,0,5431,7977122836
371.234,2.69372,47.9896,0,84,66,44,2760,10501,5.12848,165,16.8591,0,0,5431,7979816628
483.082,2.07004,47.9896,0,84,66,44,2760,10501,5.12848,165,16.8591,0,0,5431,7981887092
258.28,3.87176,47.9896,0,84,66,44,2760,10501,5.12848,165,16.8591,0,0,5431,7985759156
530.592,1.88469,47.9896,0,84,66,44,2760,10501,5.12848,165,16.8591,0,0,5431,7987644171
359.378,2.78258,47.9896,0,84,66,44,2760,10501,5.12848,165,16.8591,0,0,5431,7990427053
173.55,5.76203,47.9896,0,84,66,44,2760,10501,5.12848,165,16.8591,0,0,5431,7996189411
1789.59,0.558788,47.9896,0,84,66,44,2760,10501,5.12848,165,16.8591,0,0,5431,7996748555
517.64,1.93184,47.9896,0,84,66,44,2760,10501,5.12848,165,16.8591,0,0,5431,7998680668
317.442,3.15018,47.9896,0,84,66,44,2760,10501,5.12848,165,16.8591,0,0,5431,8001831389
385.539,2.59377,47.9896,0,84,66,44,2760,10501,5.12848,165,16.8591,0,0,5431,8004425285
308.226,3.24437,47.9896,0,84,66,44,2760,10501,5.12848,165,16.8591,0,0,5431,8007670086
499.846,2.00062,47.9896,0,84,66,44,2760,10501,5.12848,165,16.8591,0,0,5431,8009670961
289.049,3.45963,47.9896,0,84,66,44,2760,10501,5.12848,165,16.8591,0,0,5431,8013131020
514.116,1.94509,47.9896,0,84,66,44,2760,10501,5.12848,165,16.8591,0,0,5431,8015076547
251.849,3.97063,47.9896,0,84,66,44,2760,10501,5.12848,165,16.8591,0,0,5431,8019047816
330.594,3.02486,47.9896,0,84,66,44,2760,10501,5.12848,165,16.8591,0,0,5431,8022072985
295.036,3.38942,47.9896,0,84,66,44,2760,10501,5.12848,165,16.8591,0,0,5431,8025462782
629.401,1.58881,47.9896,0,84,66,44,2760,10501,5.12848,165,16.8591,0,0,5431,8027051980
481.559,2.07659,47.9896,0,84,66,44,2760,10501,5.12848,165,16.8591,0,0,5431,8029128934
510.645,1.95831,47.9896,0,84,66,44,2760,10501,5.12848,165,16.8591,0,0,5431,8031087606
333.551,2.99804,47.9896,0,84,66,44,2760,10501,5.12848,165,16.8591,0,0,5431,8034086082
427.11,2.34132,47.9896,0,84,66,44,2760,10501,5.12848,165,16.8591,0,0,5431,8036427873
324.957,3.07733,47.9896,0,84,66,44,2760,10501,5.12848,165,16.8591,0,0,5431,8039505448
371.159,2.69426,47.9896,0,84,66,44,2760,10501,5.12848,165,16.8591,0,0,5431,8042200144
412.919,2.42178,47.9896,0,84,66,44,2760,10501,5.12848,165,16.8591,0,0,5431,8044622418
206.096,4.85211,47.9896,0,84,66,44,2760,10501,5.12848,165,16.8591,0,0,5431,8049474908
574.36,1.74107,47.9896,0,84,66,44,2760,10501,5.12848,165,16.8591,0,0,5431,8051216323
507.771,1.96939,47.9896,0,84,66,44,2760,10501,5.12848,165,16.8591,0,0,5431,8053185995
458.894,2.17915,47.9896,0,84,66,44,2760,10501,5.12848,165,16.8591,0,0,5431,8055365443
206.773,4.83623,47.9896,0,84,66,44,2760,10501,5.12848,165,16.8591,0,0,5431,8060202308
1012.72,0.987437,47.9896,0,84,66,44,2760,10501,5.12848,165,16.8591,0,0,5431,8061189986
336.222,2.97423,47.9896,0,84,66,44,2760,10501,5.12848,165,16.8591,0,0,5431,8064164452
500.4,1.9984,47.9896,0,84,66,44,2760,10501,5.12848,165,16.8591,0,0,5431,8066163154
379.609,2.63429,47.9896,0,84,66,44,2760,10501,5.12848,165,16.8591,0,0,5431,8068797733
324.553,3.08116,47.9896,0,84,66,44,2760,10501,5.12848,165,16.8591,0,0,5431,8071879212
289.814,3.45049,47.9896,0,84,66,44,2760,10501,5.12848,165,16.8591,0,0,5431,8075330059
535.689,1.86676,47.9896,0,84,66,44,2760,10501,5.12848,165,16.8591,0,0,5431,8077197208
457.248,2.187,47.9896,0,84,66,44,2760,10501,5.12848,165,16.8591,0,0,5431,8079384580
216.235,4.6246,47.9896,0,84,66,44,2760,10501,5.12848,165,16.8591,0,0,5431,8084009649
575.785,1.73676,47.9896,0,84,66,44,2760,10501,5.12848,165,16.8591,0,0,5431,8085746621
501.657,1.99339,47.9896,0,84,66,44,2760,10501,5.12848,165,16.8591,0,0,5431,8087740342
328.553,3.04365,47.9896,0,84,66,44,2760,10501,5.12848,165,16.8591,0,0,5431,8090784281
382.536,2.61414,47.9896,0,84,66,44,2760,10501,5.12848,165,16.8591,0,0,5431,8093398908
398.128,2.51176,47.9896,0,84,66,44,2760,10501,5.12848,165,16.8591,0,0,5431,8095910916
355.995,2.80903,47.9896,0,84,66,44,2760,10501,5.12848,165,16.8591,0,0,5431,8098720356
232.296,4.30485,47.9896,0,84,66,44,2760,10501,5.12848,165,16.8591,0,0,5431,8103025550
612.302,1.63318,47.9896,0,84,66,44,2760,10501,5.12848,165,16.8591,0,0,5431,8104659047
486.176,2.05687,47.9896,0,84,66,44,2760,10501,5.12848,165,16.8591,0,0,5431,8106716193
322.898,3.09695,47.9896,0,84,66,44,2760,10501,5.12848,165,16.8591,0,0,5431,8109813423
534.585,1.87061,47.9896,0,84,66,44,2760,10501,5.12848,165,16.8591,0,0,5431,8111684476
336.289,2.97363,47.9896,0,84,66,44,2760,10501,5.12848,165,16.8591,0,0,5431,8114658345
361.991,2.7625,47.9896,0,84,66,44,2760,10501,5.12848,165,16.8591,0,0,5431,8117421217
328.234,3.0466,47.9896,0,84,66,44,2760,10501,5.12848,165,16.8591,0,0,5431,8120468157
378.102,2.64479,47.9896,0,84,66,44,2760,10501,5.12848,165,16.8591,0,0,5431,8123113371
392.08,2.5505,47.9896,0,84,66,44,2760,10501,5.12848,165,16.8591,0,0,5431,8125664380
238.355,4.19542,47.9896,0,84,66,44,2760,10501,5.12848,165,16.8591,0,0,5431,8129860175
675.82,1.47968,47.9896,0,84,66,44,2760,10501,5.12848,165,16.8591,0,0,5431,8131340042
515.838,1.93859,47.9896,0,84,66,44,2760,10501,5.12848,165,16.8591,0,0,5431,8133278983
388.72,2.57255,47.9896,0,84,66,44,2760,10501,5.12848,165,16.8591,0,0,5431,8135851877
395.826,2.52636,47.9896,0,84,66,44,2760,10501,5.12848,165,16.8591,0,0,5431,8138378645
213.32,4.68778,47.9896,0,84,66,44,2760,10501,5.12848,165,16.8591,0,0,5431,8143066726
732.112,1.36591,47.9896,0,84,66,44,2760,10501,5.12848,165,16.8591,0,0,5431,8144433108
316.571,3.15885,47.9896,0,84,66,44,2760,10501,5.12848,165,16.8591,0,0,5431,8147592292
640.902,1.5603,47.9896,0,84,66,44,2760,10501,5.12848,165,16.8591,0,0,5431,8149152825
390.336,2.56189,47.9896,0,84,66,44,2760,10501,5.12848,165,16.8591,0,0,5431,8151715056
353.535,2.82858,47.9896,0,84,66,44,2760,10501,5.12848,165,16.8591,0,0,5431,8154543939
294.907,3.3909,47.9896,0,84,66,44,2760,10501,5.12848,165,16.8591,0,0,5431,8157935236
515.666,1.93924,47.9896,0,84,66,44,2760,10501,5.12848,165,16.8591,0,0,5431,8159874831
217.232,4.60338,47.9896,0,84,66,44,2760,10501,5.12848,165,16.8591,0,0,5431,8164478688
1494.85,0.668964,47.9896,0,84,66,44,2760,10501,5.12848,165,16.8591,0,0,5431,8165147845
368.128,2.71645,47.9896,0,84,66,44,2760,10501,5.12848,165,16.8591,0,0,5431,8167864590
346.819,2.88335,47.9896,0,84,66,44,2760,10501,5.12848,165,16.8591,0,0,5431,8170748264
441.417,2.26543,47.9896,0,84,66,44,2760,10501,5.12848,165,16.8591,0,0,5431,8173013995
333.141,3.00173,47.9896,0,84,66,44,2760,10501,5.12848,165,16.8591,0,0,5431,8176016202
420.271,2.37942,47.9896,0,84,66,44,2760,10501,5.12848,165,16.8591,0,0,5431,8178395849
334.198,2.99223,47.9896,0,84,66,44,2760,10501,5.12848,165,16.8591,0,0,5431,8181388440
302.948,3.3009,47.9896,0,84,66,44,2760,10501,5.12848,165,16.8591,0,0,5431,8184689830
312.279,3.20226,47.9896,0,84,66,44,2760,10501,5.12848,165,16.8591,0,0,5431,8187892390
458.108,2.18289,47.9896,0,84,66,44,2760,10501,5.12848,165,16.8591,0,0,5431,8190075550
522.257,1.91477,47.9896,0,84,66,44,2760,10501,5.12848,165,16.8591,0,0,5431,8191990778
289.458,3.45473,47.9896,0,84,66,44,2760,10501,5.12848,165,16.8591,0,0,5431,8195445789
572.375,1.74711,47.9896,0,84,66,44,2760,10501,5.12848,165,16.8591,0,0,5431,8197193213
229.72,4.35313,47.9896,0,84,66,44,2760,10501,5.12848,165,16.8591,0,0,5431,8201546696
320.852,3.1167,47.9896,0,84,66,44,2760,10501,5.12848,165,16.8591,0,0,5431,8204665398
647.925,1.54339,47.9896,0,84,66,44,2760,10501,5.12848,165,16.8591,0,0,5431,8206208469
453.236,2.20635,47.9896,0,84,66,44,2760,10501,5.12848,165,16.8591,0,0,5431,8208415274
176.211,5.67501,47.9896,0,84,66,44,2760,10501,5.12848,165,16.8591,0,0,5431,8214090600
548.904,1.82181,47.9896,0,84,66,44,2760,10501,5.12848,165,16.8591,0,0,5431,8215912748
535.022,1.86908,47.9896,0,84,66,44,2760,10501,5.12848,165,16.8591,0,0,5431,8217782022
595.191,1.68013,47.9896,0,84,66,44,2760,10501,5.12848,165,16.8591,0,0,5431,8219462550
336.307,2.97347,47.9896,0,84,66,44,2760,10501,5.12848,165,16.8591,0,0,5431,8222436391
359.403,2.78239,47.9896,0,84,66,44,2760,10501,5.12848,165,16.8591,0,0,5431,8225219042
325.941,3.06804,47.9896,0,84,66,44,2760,10501,5.12848,165,16.8591,0,0,5431,8228287569
512.702,1.95045,47.9896,0,84,66,44,2760,10501,5.12848,165,16.8591,0,0,5431,8230238240
411.068,2.43269,47.9896,0,84,66,44,2760,10501,5.12848,165,16.8591,0,0,5431,8232671130
355.927,2.80957,47.9896,0,84,66,44,2760,10501,5.12848,165,16.8591,0,0,5431,8235481090
261.361,3.82613,47.9896,0,84,66,44,2760,10501,5.12848,165,16.8591,0,0,5431,8239307661
241.521,4.14043,47.9896,0,84,66,44,2760,10501,5.12848,165,16.8591,0,0,5431,8243448551
1353.19,0.738996,47.9896,0,84,66,44,2760,10501,5.12848,165,16.8591,0,0,5431,8244187633
339.353,2.94678,47.9896,0,84,66,44,2760,10501,5.12848,165,16.8591,0,0,5431,8247134685
397.273,2.51716,47.9896,0,84,66,44,2760,10501,5.12848,165,16.8591,0,0,5431,8249652183
387.47,2.58085,47.9896,0,84,66,44,2760,10501,5.12848,165,16.8591,0,0,5431,8252233347
439.451,2.27557,47.9896,0,84,66,44,2760,10501,5.12848,165,16.8591,0,0,5431,8254509241
378.735,2.64037,47.9896,0,84,66,44,2760,10501,5.12848,165,16.8591,0,0,5431,8257150118
230.17,4.34462,47.9896,0,84,66,44,2760,10501,5.12848,165,16.8591,0,0,5431,8261494938
590.647,1.69306,47.9896,0,84,66,44,2760,10501,5.12848,165,16.8591,0,0,5431,8263188331
375.882,2.66041,47.9896,0,84,66,44,2760,10501,5.12848,165,16.8591,0,0,5431,8265848950
390.706,2.55947,47.9896,0,84,66,44,2760,10501,5.12848,165,16.8591,0,0,5431,8268408892
469.419,2.13029,47.9896,0,84,66,44,2760,10501,5.12848,165,16.8591,0,0,5431,8270539416
323.873,3.08763,47.9896,0,84,66,44,2760,10501,5.12848,165,16.8591,0,0,5431,8273627366
425.957,2.34766,47.9896,0,84,66,44,2760,10501,5.12848,165,16.8591,0,0,5431,8275977234
376.395,2.65678,47.5131,0,83,66,44,2760,10501,5.12848,165,16.8598,0,0,5434,8278632573
351.335,2.84629,47.5131,0,83,66,44,2760,10501,5.12848,165,16.8598,0,0,5434,8281479159
201.804,4.95529,47.5131,0,83,66,44,2760,10501,5.12848,165,16.8598,0,0,5434,8286434749
1999.78,0.500055,47.5131,0,83,66,44,2760,10501,5.12848,165,16.8598,0,0,5434,8286934824
416.855,2.39892,47.5131,0,83,66,44,2760,10501,5.12848,165,16.8598,0,0,5434,8289334203
254.767,3.92515,47.5131,0,83,66,44,2760,10501,5.12848,165,16.8598,0,0,5434,8293259864
613.722,1.6294,47.5131,0,83,66,44,2760,10501,5.12848,165,16.8598,0,0,5434,8294889486
351.823,2.84234,47.5131,0,83,66,44,2760,10501,5.12848,165,16.8598,0,0,5434,8297732322
419.253,2.3852,47.5131,0,83,66,44,2760,10501,5.12848,165,16.8598,0,0,5434,8300117835
186.181,5.37111,47.5131,0,83,66,44,2760,10501,5.12848,165,16.8598,0,0,5434,8305489199
1038.88,0.962571,47.5131,0,83,66,44,2760,10501,5.12848,165,16.8598,0,0,5434,8306452107
189.08,5.28876,47.5131,0,83,66,44,2760,10501,5.12848,165,16.8598,0,0,5434,8311741487
1717.08,0.582385,47.5131,0,83,66,44,2760,10501,5.12848,165,16.8598,0,0,5434,8312324276
521.44,1.91777,47.5131,0,83,66,44,2760,10501,5.12848,165,16.8598,0,0,5434,8314242244
420.049,2.38068,47.5131,0,83,66,44,2760,10501,5.12848,165,16.8598,0,0,5434,8316623401
228.375,4.37877,47.5131,0,83,66,44,2760,10501,5.12848,165,16.8598,0,0,5434,8321002366
343.103,2.91458,47.5131,0,83,66,44,2760,10501,5.12848,165,16.8598,0,0,5434,8323917359
875.296,1.14247,47.5131,0,83,66,44,2760,10501,5.12848,165,16.8598,0,0,5434,8325060070
395.74,2.52691,47.5131,0,83,66,44,2760,10501,5.12848,165,16.8598,0,0,5434,8327587290
376.641,2.65505,47.5131,0,83,66,44,2760,10501,5.12848,165,16.8598,0,0,5434,8330242629
368.875,2.71095,47.5131,0,83,66,44,2760,10501,5.12848,165,16.8598,0,0,5434,8332953952
354.32,2.82231,47.5131,0,83,66,44,2760,10501,5.12848,165,16.8598,0,0,5434,8335776633
402.631,2.48366,47.5131,0,83,66,44,2760,10501,5.12848,165,16.8598,0,0,5434,8338260698
353.397,2.82968,47.5131,0,83,66,44,2760,10501,5.12848,165,16.8598,0,0,5434,8341090630
341.408,2.92905,47.5131,0,83,66,44,2760,10501,5.12848,165,16.8598,0,0,5434,8344020007
262.613,3.80788,47.5131,0,83,66,44,2760,10501,5.12848,165,16.8598,0,0,5434,8347828347
628.765,1.59042,47.5131,0,83,66,44,2760,10501,5.12848,165,16.8598,0,0,5434,8349418853
431.897,2.31537,47.5131,0,83,66,44,2760,10501,5.12848,165,16.8598,0,0,5434,8351734777
279.676,3.57556,47.5131,0,83,66,44,2760,10501,5.12848,165,16.8598,0,0,5434,8355310599
268.526,3.72403,47.5131,0,83,66,44,2760,10501,5.12848,165,16.8598,0,0,5434,8359035234
658.718,1.5181,47.5131,0,83,66,44,2760,10501,5.12848,165,16.8598,0,0,5434,8360553497
501.56,1.99378,47.5131,0,83,66,44,2760,10501,5.12848,165,16.8598,0,0,5434,8362547651
204.579,4.88809,47.5131,0,83,66,44,2760,10501,5.12848,165,16.8598,0,0,5434,8367436171
452.289,2.21098,47.5131,0,83,66,44,2760,10501,5.12848,165,16.8598,0,0,5434,8369647486
335.981,2.97636,47.5131,0,83,66,44,2760,10501,5.12848,165,16.8598,0,0,5434,8372624048
468.789,2.13316,47.5131,0,83,66,44,2760,10501,5.12848,165,16.8598,0,0,5434,8374757505
570.538,1.75273,47.5131,0,83,66,44,2760,10501,5.12848,165,16.8598,0,0,5434,8376510564
432.112,2.31421,47.5131,0,83,66,44,2760,10501,5.12848,165,16.8598,0,0,5434,8378825142
355.496,2.81297,47.5131,0,83,66,44,2760,10501,5.12848,165,16.8598,0,0,5434,8381638410
344.175,2.9055,47.5131,0,83,66,44,2760,10501,5.12848,165,16.8598,0,0,5434,8384544200
281.648,3.55053,47.5131,0,83,66,44,2760,10501,5.12848,165,16.8598,0,0,5434,8388095214
435.059,2.29854,47.5131,0,83,66,44,2760,10501,5.12848,165,16.8598,0,0,5434,8390394070
557.532,1.79362,47.5131,0,83,66,44,2760,10501,5.12848,165,16.8598,0,0,5434,8392188034
365.783,2.73386,47.5131,0,83,66,44,2760,10501,5.12848,165,16.8598,0,0,5434,8394922299
293.172,3.41097,47.5131,0,83,66,44,2760,10501,5.12848,165,16.8598,0,0,5434,8398333530
236.316,4.23161,47.5131,0,83,66,44,2760,10501,5.12848,165,16.8598,0,0,5434,8402565576
625.592,1.59849,47.5131,0,83,66,44,2760,10501,5.12848,165,16.8598,0,0,5434,8404164351
393.299,2.54259,47.5131,0,83,66,44,2760,10501,5.12848,165,16.8598,0,0,5434,8406707293
298.33,3.352,47.5131,0,83,66,44,2760,10501,5.12848,165,16.8598,0,0,5434,8410059656
547.711,1.82578,47.5131,0,83,66,44,2760,10501,5.12848,165,16.8598,0,0,5434,8411885708
356.954,2.80148,47.5131,0,83,66,44,2760,10501,5.12848,165,16.8598,0,0,5434,8414687648
367.925,2.71795,47.5131,0,83,66,44,2760,10501,5.12848,165,16.8598,0,0,5434,8417405836
419.806,2.38205,47.5131,0,83,66,44,2760,10501,5.12848,165,16.8598,0,0,5434,8419788243
304.26,3.28666,47.5131,0,83,66,44,2760,10501,5.12848,165,16.8598,0,0,5434,8423075296
521.921,1.916,47.5131,0,83,66,44,2760,10501,5.12848,165,16.8598,0,0,5434,8424991553
259.47,3.85401,47.5131,0,83,66,44,2760,10501,5.12848,165,16.8598,0,0,5434,8428845895
417.187,2.397,47.5131,0,83,66,44,2760,10501,5.12848,165,16.8598,0,0,5434,8431243341
428.993,2.33104,47.5131,0,83,66,44,2760,10501,5.12848,165,16.8598,0,0,5434,8433574737
392.978,2.54467,47.5131,0,83,66,44,2760,10501,5.12848,165,16.8598,0,0,5434,8436119649
366.932,2.7253,47.5131,0,83,66,44,2760,10501,5.12848,165,16.8598,0,0,5434,8438845376
370.092,2.70203,47.5131,0,83,66,44,2760,10501,5.12848,165,16.8598,0,0,5434,8441547659
392.29,2.54913,47.5131,0,83,66,44,2760,10501,5.12848,165,16.8598,0,0,5434,8444097091
415.056,2.40931,47.5131,0,83,66,44,2760,10501,5.12848,165,16.8598,0,0,5434,8446506759
443.895,2.25279,47.5131,0,83,66,44,2760,10501,5.12848,165,16.8598,0,0,5434,8448759844
288.402,3.46739,47.5131,0,83,66,44,2760,10501,5.12848,165,16.8598,0,0,5434,8452227663
290.939,3.43714,47.5131,0,83,66,44,2760,10501,5.12848,165,16.8598,0,0,5434,8455665154
582.16,1.71774,47.5131,0,83,66,44,2760,10501,5.12848,165,16.8598,0,0,5434,8457383125
360.342,2.77514,47.5131,0,83,66,44,2760,10501,5.12848,165,16.8598,0,0,5434,8460158652
314.327,3.1814,47.5131,0,83,66,44,2760,10501,5.12848,165,16.8598,0,0,5434,8463340355
540.213,1.85112,47.5131,0,83,66,44,2760,10501,5.12848,165,16.8598,0,0,5434,8465191764
321.639,3.10908,47.5131,0,83,66,44,2760,10501,5.12848,165,16.8598,0,0,5434,8468301176
259.693,3.8507,47.5131,0,83,66,44,2760,10501,5.12848,165,16.8598,0,0,5434,8472152171
601.066,1.66371,47.5131,0,83,66,44,2760,10501,5.12848,165,16.8598,0,0,5434,8473816208
511.859,1.95366,47.5131,0,83,66,44,2760,10501,5.12848,165,16.8598,0,0,5434,8475770187
358.733,2.78759,47.5131,0,83,66,44,2760,10501,5.12848,165,16.8598,0,0,5434,8478558089
246.956,4.0493,47.5131,0,83,66,44,2760,10501,5.12848,165,16.8598,0,0,5434,8482607802
600.095,1.6664,47.5131,0,83,66,44,2760,10501,5.12848,165,16.8598,0,0,5434,8484274464
434.379,2.30213,47.5131,0,83,66,44,2760,10501,5.12848,165,16.8598,0,0,5434,8486576869
325.991,3.06756,47.5131,0,83,66,44,2760,10501,5.12848,165,16.8598,0,0,5434,8489644703
381.243,2.623,47.5131,0,83,66,44,2760,10501,5.12848,165,16.8598,0,0,5434,8492268089
394.406,2.53546,47.5131,0,83,66,44,2760,10501,5.12848,165,16.8598,0,0,5434,8494803915
375.509,2.66305,47.5131,0,83,66,44,2760,10501,5.12848,165,16.8598,0,0,5434,8497467303
321.296,3.11239,47.5131,0,83,66,44,2760,10501,5.12848,165,16.8598,0,0,5434,8500580100
308.421,3.24232,47.5131,0,83,66,44,2760,10501,5.12848,165,16.8598,0,0,5434,8503822652
421.004,2.37527,47.5131,0,83,66,44,2760,10501,5.12848,165,16.8598,0,0,5434,8506198261
200.75,4.98131,47.5131,0,83,66,44,2760,10501,5.12848,165,16.8598,0,0,5434,8511180102
524.956,1.90492,47.5131,0,83,66,44,2760,10501,5.12848,165,16.8598,0,0,5434,8513085185
416.733,2.39962,47.5131,0,83,66,44,2760,10501,5.12848,165,16.8598,0,0,5434,8515485141
370.479,2.69921,47.5131,0,83,66,44,2760,10501,5.12848,165,16.8598,0,0,5434,8518184665
413.104,2.4207,47.5131,0,83,66,44,2760,10501,5.12848,165,16.8598,0,0,5434,8520605766
437.315,2.28668,47.5131,0,83,66,44,2760,10501,5.12848,165,16.8598,0,0,5434,8522892698
339.16,2.94847,47.5131,0,83,66,44,2760,10501,5.12848,165,16.8598,0,0,5434,8525841577
344.126,2.90592,47.5131,0,83,66,44,2760,10501,5.12848,165,16.8598,0,0,5434,8528747771
402.616,2.48376,47.5131,0,83,66,44,2760,10501,5.12848,165,16.8598,0,0,5434,8531231883
467.85,2.13744,47.5131,0,83,66,44,2760,10501,5.12848,165,16.8598,0,0,5434,8533369628
200.59,4.98529,47.5131,0,83,66,44,2760,10501,5.12848,165,16.8598,0,0,5434,8538355469
533.649,1.87389,47.5131,0,83,66,44,2760,10501,5.12848,165,16.8598,0,0,5434,8540229648
720.212,1.38848,47.5131,0,83,66,44,2760,10501,5.12848,165,16.8598,0,0,5434,8541618358
424.512,2.35565,47.5131,0,83,66,44,2760,10501,5.12848,165,16.8598,0,0,5434,8543974265
367.947,2.71778,47.5131,0,83,66,44,2760,10501,5.12848,165,16.8598,0,0,5434,8546692385
344.423,2.90341,47.5131,0,83,66,44,2760,10501,5.12848,165,16.8598,0,0,5434,8549596089
360.951,2.77046,47.5131,0,83,66,44,2760,10501,5.12848,165,16.8598,0,0,5434,8552366884
384.297,2.60215,47.5131,0,83,66,44,2760,10501,5.12848,165,16.8598,0,0,5434,8554969385
312.693,3.19802,47.5131,0,83,66,44,2760,10501,5.12848,165,16.8598,0,0,5434,8558167829
451.356,2.21555,47.5131,0,83,66,44,2760,10501,5.12848,165,16.8598,0,0,5434,8560383616
208.689,4.79182,47.5131,0,83,66,44,2760,10501,5.12848,165,16.8598,0,0,5434,8565175883
488.836,2.04568,47.5131,0,83,66,44,2760,10501,5.12848,165,16.8598,0,0,5434,8567221856
587.906,1.70095,47.5131,0,83,66,44,2760,10501,5.12848,165,16.8598,0,0,5434,8568923278
384.89,2.59815,47.5131,0,83,66,44,2760,10501,5.12848,165,16.8598,0,0,5434,8571521712
329.115,3.03845,47.5131,0,83,66,44,2760,10501,5.12848,165,16.8598,0,0,5434,8574560555
373.358,2.6784,47.5131,0,83,66,44,2760,10501,5.12848,165,16.8598,0,0,5434,8577239405
395.422,2.52894,47.5131,0,83,66,44,2760,10501,5.12848,165,16.8598,0,0,5434,8579768596
411.68,2.42907,47.5131,0,83,66,44,2760,10501,5.12848,165,16.8598,0,0,5434,8582198033
387.578,2.58013,47.5131,0,83,66,44,2760,10501,5.12848,165,16.8598,0,0,5434,8584778438
382.056,2.61742,47.5131,0,83,66,44,2760,10501,5.12848,165,16.8598,0,0,5434,8587396189
209.174,4.78071,47.5131,0,83,66,44,2760,10501,5.12848,165,16.8598,0,0,5434,8592177360
475.493,2.10308,47.5131,0,83,66,44,2760,10501,5.12848,165,16.8598,0,0,5434,8594280777
669.072,1.49461,47.5131,0,83,66,44,2760,10501,5.12848,165,16.8598,0,0,5434,8595775789
385.11,2.59666,47.5131,0,83,66,44,2760,10501,5.12848,165,16.8598,0,0,5434,8598372780
386.179,2.58947,47.5131,0,83,66,44,2760,10501,5.12848,165,16.8598,0,0,5434,8600962618
388.318,2.57521,47.5131,0,83,66,44,2760,10501,5.12848,165,16.8598,0,0,5434,8603538137
319.828,3.12668,47.5131,0,83,66,44,2760,10501,5.12848,165,16.8598,0,0,5434,8606665243
368.091,2.71672,47.5131,0,83,66,44,2760,10501,5.12848,165,16.8598,0,0,5434,8609382344
365.662,2.73477,47.5131,0,83,66,44,2760,10501,5.12848,165,16.8598,0,0,5434,8612117340
446.073,2.24179,47.5131,0,83,66,44,2760,10501,5.12848,165,16.8598,0,0,5434,8614359531
373.224,2.67936,47.5131,0,83,66,44,2760,10501,5.12848,165,16.8598,0,0,5434,8617039227
440.9,2.26809,47.5131,0,83,66,44,2760,10501,5.12848,165,16.8598,0,0,5434,8619307524
192.163,5.20391,47.5131,0,83,66,44,2760,10501,5.12848,165,16.8598,0,0,5434,8624512094
2792.52,0.358099,47.5131,0,83,66,44,2760,10501,5.12848,165,16.8598,0,0,5434,8624869885
433.29,2.30792,47.5131,0,83,66,44,2760,10501,5.12848,165,16.8598,0,0,5434,8627178280
203.832,4.90601,47.5131,0,83,66,44,2760,10501,5.12848,165,16.8598,0,0,5434,8632084628
793.442,1.26033,47.5131,0,83,66,44,2760,10501,5.12848,165,16.8598,0,0,5434,8633345344
488.657,2.04642,47.5131,0,83,66,44,2760,10501,5.12848,165,16.8598,0,0,5434,8635391980
257.15,3.88878,47.5131,0,83,66,44,2760,10501,5.12848,165,16.8598,0,0,5434,8639281197
238.607,4.19099,47.5131,0,83,66,44,2760,10501,5.12848,165,16.8598,0,0,5434,8643472723
497.415,2.0104,47.5131,0,83,66,44,2760,10501,5.12848,165,16.8598,0,0,5434,8645483291
661.345,1.51207,47.5131,0,83,66,44,2760,10501,5.12848,165,16.8598,0,0,5434,8646995602
231.938,4.31149,47.5131,0,83,66,44,2760,10501,5.12848,165,16.8598,0,0,5434,8651307430
1386.82,0.721072,47.5131,0,83,66,44,2760,10501,5.12848,165,16.8598,0,0,5434,8652028848
470.06,2.12739,47.5131,0,83,66,44,2760,10501,5.12848,165,16.8598,0,0,5434,8654156612
399.536,2.5029,47.5131,0,83,66,44,2760,10501,5.12848,165,16.8598,0,0,5434,8656659812
321.881,3.10674,47.5131,0,83,66,44,2760,10501,5.12848,165,16.8598,0,0,5434,8659766994
432.652,2.31133,47.5131,0,83,66,44,2760,10501,5.12848,165,16.8598,0,0,5434,8662078773
263.023,3.80195,47.5131,0,83,66,44,2760,10501,5.12848,165,16.8598,0,0,5434,8665881084
427.614,2.33856,47.5131,0,83,66,44,2760,10501,5.12848,165,16.8598,0,0,5434,8668220019
474.722,2.10649,47.5131,0,83,66,44,2760,10501,5.12848,165,16.8598,0,0,5434,8670326715
293.974,3.40166,47.5131,0,83,66,44,2760,10501,5.12848,165,16.8598,0,0,5434,8673728714
322.619,3.09963,47.5131,0,83,66,44,2760,10501,5.12848,165,16.8598,0,0,5434,8676828876
519.289,1.92571,47.5131,0,83,66,44,2760,10501,5.12848,165,16.8598,0,0,5434,8678755076
415.858,2.40467,47.5131,0,83,66,44,2760,10501,5.12848,165,16.8598,0,0,5434,8681159926
351.786,2.84263,47.5131,0,83,66,44,2760,10501,5.12848,165,16.8598,0,0,5434,8684003031
331.077,3.02045,47.5131,0,83,66,44,2760,10501,5.12848,165,16.8598,0,0,5434,8687023768
527.371,1.8962,47.5131,0,83,66,44,2760,10501,5.12848,165,16.8598,0,0,5434,8688920370
230.054,4.3468,47.5131,0,83,66,44,2760,10501,5.12848,165,16.8598,0,0,5434,8693267430
260.561,3.83788,47.5131,0,83,66,44,2760,10501,5.12848,165,16.8598,0,0,5434,8697105636
1171.28,0.853769,47.5131,0,83,66,44,2760,10501,5.12848,165,16.8598,0,0,5434,8697959809
275.333,3.63197,47.5131,0,83,66,44,2760,10501,5.12848,165,16.8598,0,0,5434,8701591990
597.701,1.67308,47.5131,0,83,66,44,2760,10501,5.12848,165,16.8598,0,0,5434,8703265344
482.898,2.07083,47.5131,0,83,66,44,2760,10501,5.12848,165,16.8598,0,0,5434,8705336770
257.559,3.88261,47.5131,0,83,66,44,2760,10501,5.12848,165,16.8598,0,0,5434,8709219458
504.12,1.98365,47.5131,0,83,66,44,2760,10501,5.12848,165,16.8598,0,0,5434,8711203400
519.775,1.92391,47.5131,0,83,66,44,2760,10501,5.12848,165,16.8598,0,0,5434,8713127753
333.693,2.99676,47.5131,0,83,66,44,2760,10501,5.12848,165,16.8598,0,0,5434,8716124739
330.979,3.02134,47.5131,0,83,66,44,2760,10501,5.12848,165,16.8598,0,0,5434,8719146418
398.48,2.50954,47.5131,0,83,66,44,2760,10501,5.12848,165,16.8598,0,0,5434,8721656291
389.283,2.56883,47.5131,0,83,66,44,2760,10501,5.12848,165,16.8598,0,0,5434,8724225406
228.387,4.37854,47.5131,0,83,66,44,2760,10501,5.12848,165,16.8598,0,0,5434,8728604332
333.824,2.99559,47.5131,0,83,66,44,2760,10501,5.12848,165,16.8598,0,0,5434,8731600145
417.301,2.39635,47.5131,0,83,66,44,2760,10501,5.12848,165,16.8598,0,0,5434,8733996851
799.967,1.25005,47.5131,0,83,66,44,2760,10501,5.12848,165,16.8598,0,0,5434,8735247364
421.701,2.37135,47.5131,0,83,66,44,2760,10501,5.12848,165,16.8598,0,0,5434,8737618944
345.955,2.89055,47.5131,0,83,66,44,2760,10501,5.12848,165,16.8598,0,0,5434,8740509753
374.843,2.66778,47.5131,0,83,66,44,2760,10501,5.12848,165,16.8598,0,0,5434,8743177804
328.837,3.04102,47.5131,0,83,66,44,2760,10501,5.12848,165,16.8598,0,0,5434,8746219138
499.906,2.00038,47.5131,0,83,66,44,2760,10501,5.12848,165,16.8598,0,0,5434,8748219945
350.49,2.85314,47.5131,0,83,66,44,2760,10501,5.12848,165,16.8598,0,0,5434,8751073426
260.759,3.83497,47.5131,0,83,66,44,2760,10501,5.12848,165,16.8598,0,0,5434,8754908632
472.546,2.1162,47.5131,0,83,66,44,2760,10501,5.12848,165,16.8598,0,0,5434,8757025233
554.267,1.80419,47.5131,0,83,66,44,2760,10501,5.12848,165,16.8598,0,0,5434,8758829668
301.002,3.32224,47.5131,0,83,66,44,2760,10501,5.12848,165,16.8598,0,0,5434,8762152328
440.171,2.27185,47.5131,0,83,66,44,2760,10501,5.12848,165,16.8598,0,0,5434,8764424645
381.535,2.62099,47.5131,0,83,66,44,2760,10501,5.12848,165,16.8598,0,0,5434,8767046003
316.334,3.16121,47.5131,0,83,66,44,2760,10501,5.12848,165,16.8598,0,0,5434,8770207436
430.335,2.32377,47.5131,0,83,66,44,2760,10501,5.12848,165,16.8598,0,0,5434,8772531534
354.686,2.81939,47.5131,0,83,66,44,2760,10501,5.12848,165,16.8598,0,0,5434,8775351331
374.747,2.66846,47.5131,0,83,66,44,2760,10501,5.12848,165,16.8598,0,0,5434,8778022267
251.163,3.98148,48.1959,0,84,66,44,2760,10501,5.12848,165,16.8621,0,0,5440,8782001988
559.672,1.78676,48.1959,0,84,66,44,2760,10501,5.12848,165,16.8621,0,0,5440,8783789057
428.112,2.33584,48.1959,0,84,66,44,2760,10501,5.12848,165,16.8621,0,0,5440,8786125319
421.744,2.37111,48.1959,0,84,66,44,2760,10501,5.12848,165,16.8621,0,0,5440,8788496697
366.56,2.72806,48.1959,0,84,66,44,2760,10501,5.12848,165,16.8621,0,0,5440,8791225058
314.445,3.1802,48.1959,0,84,66,44,2760,10501,5.12848,165,16.8621,0,0,5440,8794405752
363.413,2.75169,48.1959,0,84,66,44,2760,10501,5.12848,165,16.8621,0,0,5440,8797157825
468.727,2.13344,48.1959,0,84,66,44,2760,10501,5.12848,165,16.8621,0,0,5440,8799291436
340.184,2.93959,48.1959,0,84,66,44,2760,10501,5.12848,165,16.8621,0,0,5440,8802231352
397.695,2.51449,48.1959,0,84,66,44,2760,10501,5.12848,165,16.8621,0,0,5440,8804746206
193.428,5.16988,48.1959,0,84,66,44,2760,10501,5.12848,165,16.8621,0,0,5440,8809916371
483.105,2.06994,48.1959,0,84,66,44,2760,10501,5.12848,165,16.8621,0,0,5440,8811986594
316.873,3.15584,48.1959,0,84,66,44,2760,10501,5.12848,165,16.8621,0,0,5440,8815142941
1928.15,0.518633,48.1959,0,84,66,44,2760,10501,5.12848,165,16.8621,0,0,5440,8815661853
276.067,3.62231,48.1959,0,84,66,44,2760,10501,5.12848,165,16.8621,0,0,5440,8819284763
633.175,1.57934,48.1959,0,84,66,44,2760,10501,5.12848,165,16.8621,0,0,5440,8820863999
419.305,2.3849,48.1959,0,84,66,44,2760,10501,5.12848,165,16.8621,0,0,5440,8823249416
354.579,2.82025,48.1959,0,84,66,44,2760,10501,5.12848,165,16.8621,0,0,5440,8826069886
407.733,2.45258,48.1959,0,84,66,44,2760,10501,5.12848,165,16.8621,0,0,5440,8828522776
373.838,2.67496,48.1959,0,84,66,44,2760,10501,5.12848,165,16.8621,0,0,5440,8831198165
354.512,2.82078,48.1959,0,84,66,44,2760,10501,5.12848,165,16.8621,0,0,5440,8834019173
337.823,2.96013,48.1959,0,84,66,44,2760,10501,5.12848,165,16.8621,0,0,5440,8836979792
287.245,3.48135,48.1959,0,84,66,44,2760,10501,5.12848,165,16.8621,0,0,5440,8840461352
519.004,1.92677,48.1959,0,84,66,44,2760,10501,5.12848,165,16.8621,0,0,5440,8842388513
277.759,3.60024,48.1959,0,84,66,44,2760,10501,5.12848,165,16.8621,0,0,5440,8845989163
535.405,1.86775,48.1959,0,84,66,44,2760,10501,5.12848,165,16.8621,0,0,5440,8847857284
396.281,2.52346,48.1959,0,84,66,44,2760,10501,5.12848,165,16.8621,0,0,5440,8850380917
282.585,3.53876,48.1959,0,84,66,44,2760,10501,5.12848,165,16.8621,0,0,5440,8853919969
467.707,2.13809,48.1959,0,84,66,44,2760,10501,5.12848,165,16.8621,0,0,5440,8856058416
358.196,2.79177,48.1959,0,84,66,44,2760,10501,5.12848,165,16.8621,0,0,5440,8858850577
562.788,1.77687,48.1959,0,84,66,44,2760,10501,5.12848,165,16.8621,0,0,5440,8860627772
328.128,3.04759,48.1959,0,84,66,44,2760,10501,5.12848,165,16.8621,0,0,5440,8863675605
347.67,2.87629,48.1959,0,84,66,44,2760,10501,5.12848,165,16.8621,0,0,5440,8866552337
350.417,2.85374,48.1959,0,84,66,44,2760,10501,5.12848,165,16.8621,0,0,5440,8869406308
450.31,2.22069,48.1959,0,84,66,44,2760,10501,5.12848,165,16.8621,0,0,5440,8871627325
382.991,2.61103,48.1959,0,84,66,44,2760,10501,5.12848,165,16.8621,0,0,5440,8874238673
330.213,3.02835,48.1959,0,84,66,44,2760,10501,5.12848,165,16.8621,0,0,5440,8877267333
378.586,2.64141,48.1959,0,84,66,44,2760,10501,5.12848,165,16.8621,0,0,5440,8879908989
268.17,3.72898,48.1959,0,84,66,44,2760,10501,5.12848,165,16.8621,0,0,5440,8883638345
444.812,2.24814,48.1959,0,84,66,44,2760,10501,5.12848,165,16.8621,0,0,5440,8885886815
251.091,3.98261,48.1959,0,84,66,44,2760,10501,5.12848,165,16.8621,0,0,5440,8889869767
613.125,1.63099,48.1959,0,84,66,44,2760,10501,5.12848,165,16.8621,0,0,5440,8891501062
539.105,1.85493,48.1959,0,84,66,44,2760,10501,5.12848,165,16.8621,0,0,5440,8893356452
289.452,3.45481,48.1959,0,84,66,44,2760,10501,5.12848,165,16.8621,0,0,5440,8896811491
427.287,2.34035,48.1959,0,84,66,44,2760,10501,5.12848,165,16.8621,0,0,5440,8899152166
335.165,2.9836,48.1959,0,84,66,44,2760,10501,5.12848,165,16.8621,0,0,5440,8902136123
304.44,3.28472,48.1959,0,84,66,44,2760,10501,5.12848,165,16.8621,0,0,5440,8905421156
571.947,1.74841,48.1959,0,84,66,44,2760,10501,5.12848,165,16.8621,0,0,5440,8907169840
337.947,2.95904,48.1959,0,84,66,44,2760,10501,5.12848,165,16.8621,0,0,5440,8910129276
283.842,3.52309,48.1959,0,84,66,44,2760,10501,5.12848,165,16.8621,0,0,5440,8913652770
302.127,3.30986,48.1959,0,84,66,44,2760,10501,5.12848,165,16.8621,0,0,5440,8916963045
424.212,2.35731,48.1959,0,84,66,44,2760,10501,5.12848,165,16.8621,0,0,5440,8919320596
290.227,3.44558,48.1959,0,84,66,44,2760,10501,5.12848,165,16.8621,0,0,5440,8922766500
416.394,2.40157,48.1959,0,84,66,44,2760,10501,5.12848,165,16.8621,0,0,5440,8925168610
1318.35,0.758526,48.1959,0,84,66,44,2760,10501,5.12848,165,16.8621,0,0,5440,8925927357
325.018,3.07675,48.1959,0,84,66,44,2760,10501,5.12848,165,16.8621,0,0,5440,8929004634
404.627,2.47141,48.1959,0,84,66,44,2760,10501,5.12848,165,16.8621,0,0,5440,8931476477
282.732,3.53692,48.1959,0,84,66,44,2760,10501,5.12848,165,16.8621,0,0,5440,8935013634
533.436,1.87464,48.1959,0,84,66,44,2760,10501,5.12848,165,16.8621,0,0,5440,8936888621
361.936,2.76292,48.1959,0,84,66,44,2760,10501,5.12848,165,16.8621,0,0,5440,8939651848
215.774,4.63448,48.1959,0,84,66,44,2760,10501,5.12848,165,16.8621,0,0,5440,8944286851
593.056,1.68618,48.1959,0,84,66,44,2760,10501,5.12848,165,16.8621,0,0,5440,8945973292
549.795,1.81886,48.1959,0,84,66,44,2760,10501,5.12848,165,16.8621,0,0,5440,8947792373
379.624,2.63418,48.1959,0,84,66,44,2760,10501,5.12848,165,16.8621,0,0,5440,8950426875
384.74,2.59915,48.1959,0,84,66,44,2760,10501,5.12848,165,16.8621,0,0,5440,8953026530
358.64,2.78832,48.1959,0,84,66,44,2760,10501,5.12848,165,16.8621,0,0,5440,8955815066
427.965,2.33664,48.1959,0,84,66,44,2760,10501,5.12848,165,16.8621,0,0,5440,8958151991
335.025,2.98485,48.1959,0,84,66,44,2760,10501,5.12848,165,16.8621,0,0,5440,8961137111
324.1,3.08547,48.1959,0,84,66,44,2760,10501,5.12848,165,16.8621,0,0,5440,8964223042
464.48,2.15295,48.1959,0,84,66,44,2760,10501,5.12848,165,16.8621,0,0,5440,8966376220
196.473,5.08976,48.1959,0,84,66,44,2760,10501,5.12848,165,16.8621,0,0,5440,8971466420
647.32,1.54483,48.1959,0,84,66,44,2760,10501,5.12848,165,16.8621,0,0,5440,8973011472
591.831,1.68967,48.1959,0,84,66,44,2760,10501,5.12848,165,16.8621,0,0,5440,8974701501
374.738,2.66853,48.1959,0,84,66,44,2760,10501,5.12848,165,16.8621,0,0,5440,8977370264
473.374,2.11249,48.1959,0,84,66,44,2760,10501,5.12848,165,16.8621,0,0,5440,8979483094
342.232,2.92199,48.1959,0,84,66,44,2760,10501,5.12848,165,16.8621,0,0,5440,8982405529
278.667,3.58852,48.1959,0,84,66,44,2760,10501,5.12848,165,16.8621,0,0,5440,8985994371
515.799,1.93874,48.1959,0,84,66,44,2760,10501,5.12848,165,16.8621,0,0,5440,8987933398
388.026,2.57714,48.1959,0,84,66,44,2760,10501,5.12848,165,16.8621,0,0,5440,8990510851
369.025,2.70984,48.1959,0,84,66,44,2760,10501,5.12848,165,16.8621,0,0,5440,8993221086
327.505,3.05339,48.1959,0,84,66,44,2760,10501,5.12848,165,16.8621,0,0,5440,8996274958
351.453,2.84533,48.1959,0,84,66,44,2760,10501,5.12848,165,16.8621,0,0,5440,8999120622
230.517,4.33807,48.1959,0,84,66,44,2760,10501,5.12848,165,16.8621,0,0,5440,9003459037
1607.91,0.621925,48.1959,0,84,66,44,2760,10501,5.12848,165,16.8621,0,0,5440,9004081154
396.091,2.52467,48.1959,0,84,66,44,2760,10501,5.12848,165,16.8621,0,0,5440,9006606181
321.497,3.11045,48.1959,0,84,66,44,2760,10501,5.12848,165,16.8621,0,0,5440,9009717017
495.323,2.01888,48.1959,0,84,66,44,2760,10501,5.12848,165,16.8621,0,0,5440,9011736181
333.008,3.00293,48.1959,0,84,66,44,2760,10501,5.12848,165,16.8621,0,0,5440,9014739552
367.826,2.71868,48.1959,0,84,66,44,2760,10501,5.12848,165,16.8621,0,0,5440,9017458509
343.869,2.90809,48.1959,0,84,66,44,2760,10501,5.12848,165,16.8621,0,0,5440,9020366895
424.126,2.35779,48.1959,0,84,66,44,2760,10501,5.12848,165,16.8621,0,0,5440,9022725061
267.69,3.73566,48.1959,0,84,66,44,2760,10501,5.12848,165,16.8621,0,0,5440,9026460995
332.348,3.00889,48.1959,0,84,66,44,2760,10501,5.12848,165,16.8621,0,0,5440,9029470154
354.766,2.81876,48.1959,0,84,66,44,2760,10501,5.12848,165,16.8621,0,0,5440,9032289691
547.468,1.82659,48.1959,0,84,66,44,2760,10501,5.12848,165,16.8621,0,0,5440,9034116339
356.802,2.80267,48.1959,0,84,66,44,2760,10501,5.12848,165,16.8621,0,0,5440,9036919434
363.959,2.74756,48.1959,0,84,66,44,2760,10501,5.12848,165,16.8621,0,0,5440,9039667334
366.08,2.73164,48.1959,0,84,66,44,2760,10501,5.12848,165,16.8621,0,0,5440,9042399349
365.876,2.73317,48.1959,0,84,66,44,2760,10501,5.12848,165,16.8621,0,0,5440,9045132816
406.598,2.45943,48.1959,0,84,66,44,2760,10501,5.12848,165,16.8621,0,0,5440,9047592553
368.762,2.71177,48.1959,0,84,66,44,2760,10501,5.12848,165,16.8621,0,0,5440,9050304760
248.631,4.02202,48.1959,0,84,66,44,2760,10501,5.12848,165,16.8621,0,0,5440,9054327011
458.484,2.1811,48.1959,0,84,66,44,2760,10501,5.12848,165,16.8621,0,0,5440,9056508440
500.455,1.99818,48.1959,0,84,66,44,2760,10501,5.12848,165,16.8621,0,0,5440,9058507084
329.798,3.03216,48.1959,0,84,66,44,2760,10501,5.12848,165,16.8621,0,0,5440,9061539552
283.8,3.52361,48.1959,0,84,66,44,2760,10501,5.12848,165,16.8621,0,0,5440,9065063411
484.907,2.06225,48.1959,0,84,66,44,2760,10501,5.12848,165,16.8621,0,0,5440,9067125980
388.013,2.57723,48.1959,0,84,66,44,2760,10501,5.12848,165,16.8621,0,0,5440,9069703587
395.99,2.52532,48.1959,0,84,66,44,2760,10501,5.12848,165,16.8621,0,0,5440,9072229191
345.564,2.89382,48.1959,0,84,66,44,2760,10501,5.12848,165,16.8621,0,0,5440,9075123327
352.755,2.83483,48.1959,0,84,66,44,2760,10501,5.12848,165,16.8621,0,0,5440,9077958451
311.897,3.20619,48.1959,0,84,66,44,2760,10501,5.12848,165,16.8621,0,0,5440,9081165040
313.059,3.19429,48.1959,0,84,66,44,2760,10501,5.12848,165,16.8621,0,0,5440,9084359744
461.374,2.16744,48.1959,0,84,66,44,2760,10501,5.12848,165,16.8621,0,0,5440,9086527471
684.138,1.46169,48.1959,0,84,66,44,2760,10501,5.12848,165,16.8621,0,0,5440,9087989549
297.316,3.36342,48.1959,0,84,66,44,2760,10501,5.12848,165,16.8621,0,0,5440,9091353191
440.126,2.27208,48.1959,0,84,66,44,2760,10501,5.12848,165,16.8621,0,0,5440,9093625768
311.277,3.21257,48.1959,0,84,66,44,2760,10501,5.12848,165,16.8621,0,0,5440,9096838568
503.011,1.98803,48.1959,0,84,66,44,2760,10501,5.12848,165,16.8621,0,0,5440,9098826828
341.988,2.92408,48.1959,0,84,66,44,2760,10501,5.12848,165,16.8621,0,0,5440,9101751272
364.951,2.74009,48.1959,0,84,66,44,2760,10501,5.12848,165,16.8621,0,0,5440,9104491720
201.593,4.96048,48.1959,0,84,66,44,2760,10501,5.12848,165,16.8621,0,0,5440,9109452743
694.134,1.44064,48.1959,0,84,66,44,2760,10501,5.12848,165,16.8621,0,0,5440,9110893715
373.78,2.67537,48.1959,0,84,66,44,2760,10501,5.12848,165,16.8621,0,0,5440,9113569324
490.036,2.04066,48.1959,0,84,66,44,2760,10501,5.12848,165,16.8621,0,0,5440,9115610278
454.586,2.19981,48.1959,0,84,66,44,2760,10501,5.12848,165,16.8621,0,0,5440,9117810419
358.72,2.78769,48.1959,0,84,66,44,2760,10501,5.12848,165,16.8621,0,0,5440,9120598484
346.675,2.88455,48.1959,0,84,66,44,2760,10501,5.12848,165,16.8621,0,0,5440,9123483274
399.345,2.5041,48.1959,0,84,66,44,2760,10501,5.12848,165,16.8621,0,0,5440,9125987695
322.115,3.10448,48.1959,0,84,66,44,2760,10501,5.12848,165,16.8621,0,0,5440,9129092492
513.198,1.94857,48.1959,0,84,66,44,2760,10501,5.12848,165,16.8621,0,0,5440,9131041423
190.051,5.26175,48.1959,0,84,66,44,2760,10501,5.12848,165,16.8621,0,0,5440,9136303523
717.846,1.39306,48.1959,0,84,66,44,2760,10501,5.12848,165,16.8621,0,0,5440,9137696897
477.627,2.09369,48.1959,0,84,66,44,2760,10501,5.12848,165,16.8621,0,0,5440,9139790920
436.791,2.28942,48.1959,0,84,66,44,2760,10501,5.12848,165,16.8621,0,0,5440,9142080824
383.544,2.60726,48.1959,0,84,66,44,2760,10501,5.12848,165,16.8621,0,0,5440,9144688277
320.417,3.12093,48.1959,0,84,66,44,2760,10501,5.12848,165,16.8621,0,0,5440,9147809536
306.282,3.26497,48.1959,0,84,66,44,2760,10501,5.12848,165,16.8621,0,0,5440,9151074838
628.83,1.59026,48.1959,0,84,66,44,2760,10501,5.12848,165,16.8621,0,0,5440,9152665334
369.925,2.70325,48.1959,0,84,66,44,2760,10501,5.12848,165,16.8621,0,0,5440,9155368954
354.102,2.82405,48.1959,0,84,66,44,2760,10501,5.12848,165,16.8621,0,0,5440,9158193261
377.105,2.65178,48.1959,0,84,66,44,2760,10501,5.12848,165,16.8621,0,0,5440,9160845389
364.17,2.74597,48.1959,0,84,66,44,2760,10501,5.12848,165,16.8621,0,0,5440,9163591625
264.886,3.7752,48.1959,0,84,66,44,2760,10501,5.12848,165,16.8621,0,0,5440,9167367166
553.632,1.80625,48.1959,0,84,66,44,2760,10501,5.12848,165,16.8621,0,0,5440,9169173727
409.958,2.43927,48.1959,0,84,66,44,2760,10501,5.12848,165,16.8621,0,0,5440,9171613415
203.465,4.91484,48.1959,0,84,66,44,2760,10501,5.12848,165,16.8621,0,0,5440,9176528609
1762.95,0.567231,48.1959,0,84,66,44,2760,10501,5.12848,165,16.8621,0,0,5440,9177095898
462.814,2.1607,48.1959,0,84,66,44,2760,10501,5.12848,165,16.8621,0,0,5440,9179257192
322.921,3.09673,48.1959,0,84,66,44,2760,10501,5.12848,165,16.8621,0,0,5440,9182354258
437.305,2.28673,48.1959,0,84,66,44,2760,10501,5.12848,165,16.8621,0,0,5440,9184641316
300.712,3.32544,48.1959,0,84,66,44,2760,10501,5.12848,165,16.8621,0,0,5440,9187967043
408.433,2.44838,48.1959,0,84,66,44,2760,10501,5.12848,165,16.8621,0,0,5440,9190415674
478.017,2.09197,48.1959,0,84,66,44,2760,10501,5.12848,165,16.8621,0,0,5440,9192508167
348.873,2.86638,48.1959,0,84,66,44,2760,10501,5.12848,165,16.8621,0,0,5440,9195374822
399.009,2.50621,48.1959,0,84,66,44,2760,10501,5.12848,165,16.8621,0,0,5440,9197881262
321.362,3.11176,48.1959,0,84,66,44,2760,10501,5.12848,165,16.8621,0,0,5440,9200993386
389.067,2.57025,48.1959,0,84,66,44,2760,10501,5.12848,165,16.8621,0,0,5440,9203563953
389.941,2.56449,48.1959,0,84,66,44,2760,10501,5.12848,165,16.8621,0,0,5440,9206128924
329.404,3.03578,48.1959,0,84,66,44,2760,10501,5.12848,165,16.8621,0,0,5440,9209164796
429.961,2.32579,48.1959,0,84,66,44,2760,10501,5.12848,165,16.8621,0,0,5440,9211491009
316.245,3.16211,48.1959,0,84,66,44,2760,10501,5.12848,165,16.8621,0,0,5440,9214653471
372.422,2.68513,48.1959,0,84,66,44,2760,10501,5.12848,165,16.8621,0,0,5440,9217338927
287.517,3.47806,48.1959,0,84,66,44,2760,10501,5.12848,165,16.8621,0,0,5440,9220817217
593.747,1.68422,48.1959,0,84,66,44,2760,10501,5.12848,165,16.8621,0,0,5440,9222501726
434.577,2.30109,48.1959,0,84,66,44,2760,10501,5.12848,165,16.8621,0,0,5440,9224803246
323.33,3.09281,48.1959,0,84,66,44,2760,10501,5.12848,165,16.8621,0,0,5440,9227896350
359.827,2.77911,48.1959,0,84,66,44,2760,10501,5.12848,165,16.8621,0,0,5440,9230675771
440.805,2.26858,48.1959,0,84,66,44,2760,10501,5.12848,165,16.8621,0,0,5440,9232953492
366.855,2.72587,48.1959,0,84,66,44,2760,10501,5.12848,165,16.8621,0,0,5440,9235679449
379.265,2.63668,48.1959,0,84,66,44,2760,10501,5.12848,165,16.8621,0,0,5440,9238316547
355.405,2.81369,48.1959,0,84,66,44,2760,10501,5.12848,165,16.8621,0,0,5440,9241130575
290.779,3.43904,48.1959,0,84,66,44,2760,10501,5.12848,165,16.8621,0,0,5440,9244569941
399.548,2.50283,48.1959,0,84,66,44,2760,10501,5.12848,165,16.8621,0,0,5440,9247073064
487.066,2.05311,48.1959,0,84,66,44,2760,10501,5.12848,165,16.8621,0,0,5440,9249126508
200.313,4.99219,48.1959,0,84,66,44,2760,10501,5.12848,165,16.8621,0,0,5440,9254119013
1893.77,0.528047,48.1959,0,84,66,44,2760,10501,5.12848,165,16.8621,0,0,5440,9254647155
446.034,2.24198,48.1959,0,84,66,44,2760,10501,5.12848,165,16.8621,0,0,5440,9256889856
379.477,2.6352,48.1959,0,84,66,44,2760,10501,5.12848,165,16.8621,0,0,5440,9259525281
351.127,2.84797,48.1959,0,84,66,44,2760,10501,5.12848,165,16.8621,0,0,5440,9262373570
405.778,2.4644,48.1959,0,84,66,44,2760,10501,5.12848,165,16.8621,0,0,5440,9264838297
205.975,4.85495,48.1959,0,84,66,44,2760,10501,5.12848,165,16.8621,0,0,5440,9269693547
353.837,2.82616,48.1959,0,84,66,44,2760,10501,5.12848,165,16.8621,0,0,5440,9272520017
630.599,1.58579,48.1959,0,84,66,44,2760,10501,5.12848,165,16.8621,0,0,5440,9274106244
665.863,1.50181,48.1959,0,84,66,44,2760,10501,5.12848,165,16.8621,0,0,5440,9275608429
288.053,3.47158,48.1959,0,84,66,44,2760,10501,5.12848,165,16.8621,0,0,5440,9279082892
453.919,2.20304,45.0578,0,86,66,44,2760,10501,5.13004,166,16.8638,0,0,5447,9281283813
297.285,3.36378,45.0578,0,86,66,44,2760,10501,5.13004,166,16.8638,0,0,5447,9284647897
507.303,1.97121,45.0578,0,86,66,44,2760,10501,5.13004,166,16.8638,0,0,5447,9286619358
286.335,3.49242,45.0578,0,86,66,44,2760,10501,5.13004,166,16.8638,0,0,5447,9290112312
435.555,2.29592,45.0578,0,86,66,44,2760,10501,5.13004,166,16.8638,0,0,5447,9292408341
499.134,2.00347,45.0578,0,86,66,44,2760,10501,5.13004,166,16.8638,0,0,5447,9294412236
236.383,4.23043,45.0578,0,86,66,44,2760,10501,5.13004,166,16.8638,0,0,5447,9298642926
813.363,1.22946,45.0578,0,86,66,44,2760,10501,5.13004,166,16.8638,0,0,5447,9299872708
347.126,2.8808,45.0578,0,86,66,44,2760,10501,5.13004,166,16.8638,0,0,5447,9302753930
399.559,2.50276,45.0578,0,86,66,44,2760,10501,5.13004,166,16.8638,0,0,5447,9305256909
345.926,2.89079,45.0578,0,86,66,44,2760,10501,5.13004,166,16.8638,0,0,5447,9308148045
309.672,3.22922,45.0578,0,86,66,44,2760,10501,5.13004,166,16.8638,0,0,5447,9311377798
517.084,1.93392,45.0578,0,86,66,44,2760,10501,5.13004,166,16.8638,0,0,5447,9313311921
374.749,2.66845,45.0578,0,86,66,44,2760,10501,5.13004,166,16.8638,0,0,5447,9315980693
320.683,3.11835,45.0578,0,86,66,44,2760,10501,5.13004,166,16.8638,0,0,5447,9319099356
379.105,2.63779,45.0578,0,86,66,44,2760,10501,5.13004,166,16.8638,0,0,5447,9321737705
214.36,4.66504,45.0578,0,86,66,44,2760,10501,5.13004,166,16.8638,0,0,5447,9326403189
352.364,2.83797,45.0578,0,86,66,44,2760,10501,5.13004,166,16.8638,0,0,5447,9329241515
498.983,2.00408,45.0578,0,86,66,44,2760,10501,5.13004,166,16.8638,0,0,5447,9331245785
526.909,1.89786,45.0578,0,86,66,44,2760,10501,5.13004,166,16.8638,0,0,5447,9333144060
513.944,1.94574,45.0578,0,86,66,44,2760,10501,5.13004,166,16.8638,0,0,5447,9335090145
378.421,2.64256,45.0578,0,86,66,44,2760,10501,5.13004,166,16.8638,0,0,5447,9337732994
334.877,2.98617,45.0578,0,86,66,44,2760,10501,5.13004,166,16.8638,0,0,5447,9340719460
216.366,4.62179,45.0578,0,86,66,44,2760,10501,5.13004,166,16.8638,0,0,5447,9345341654
321.855,3.10699,45.0578,0,86,66,44,2760,10501,5.13004,166,16.8638,0,0,5447,9348449028
1434.51,0.6971,45.0578,0,86,66,44,2760,10501,5.13004,166,16.8638,0,0,5447,9349146359
275.172,3.63409,45.0578,0,86,66,44,2760,10501,5.13004,166,16.8638,0,0,5447,9352780722
564.913,1.77018,45.0578,0,86,66,44,2760,10501,5.13004,166,16.8638,0,0,5447,9354551243
536.662,1.86337,45.0578,0,86,66,44,2760,10501,5.13004,166,16.8638,0,0,5447,9356414921
350.324,2.8545,45.0578,0,86,66,44,2760,10501,5.13004,166,16.8638,0,0,5447,9359269844
234.499,4.26441,45.0578,0,86,66,44,2760,10501,5.13004,166,16.8638,0,0,5447,9363534507
585.684,1.7074,45.0578,0,86,66,44,2760,10501,5.13004,166,16.8638,0,0,5447,9365242228
431.383,2.31813,45.0578,0,86,66,44,2760,10501,5.13004,166,16.8638,0,0,5447,9367560614
357.168,2.79981,45.0578,0,86,66,44,2760,10501,5.13004,166,16.8638,0,0,5447,9370360786
330.078,3.02958,45.0578,0,86,66,44,2760,10501,5.13004,166,16.8638,0,0,5447,9373390820
456.648,2.18987,45.0578,0,86,66,44,2760,10501,5.13004,166,16.8638,0,0,5447,9375580981
286.319,3.49261,45.0578,0,86,66,44,2760,10501,5.13004,166,16.8638,0,0,5447,9379073896
554.802,1.80245,45.0578,0,86,66,44,2760,10501,5.13004,166,16.8638,0,0,5447,9380876784
326.23,3.06533,45.0578,0,86,66,44,2760,10501,5.13004,166,16.8638,0,0,5447,9383942339
445.755,2.24338,45.0578,0,86,66,44,2760,10501,5.13004,166,16.8638,0,0,5447,9386186021
372.733,2.68289,45.0578,0,86,66,44,2760,10501,5.13004,166,16.8638,0,0,5447,9388869265
307.022,3.25709,45.0578,0,86,66,44,2760,10501,5.13004,166,16.8638,0,0,5447,9392126827
546.289,1.83053,45.0578,0,86,66,44,2760,10501,5.13004,166,16.8638,0,0,5447,9393957561
330.538,3.02537,45.0578,0,86,66,44,2760,10501,5.13004,166,16.8638,0,0,5447,9396983231
361.236,2.76828,45.0578,0,86,66,44,2760,10501,5.13004,166,16.8638,0,0,5447,9399751805
187.23,5.34103,45.0578,0,86,66,44,2760,10501,5.13004,166,16.8638,0,0,5447,9405093264
731.921,1.36627,45.0578,0,86,66,44,2760,10501,5.13004,166,16.8638,0,0,5447,9406459704
369.74,2.7046,45.0578,0,86,66,44,2760,10501,5.13004,166,16.8638,0,0,5447,9409164872
535.821,1.86629,45.0578,0,86,66,44,2760,10501,5.13004,166,16.8638,0,0,5447,9411031502
343.216,2.91362,45.0578,0,86,66,44,2760,10501,5.13004,166,16.8638,0,0,5447,9413945418
521.872,1.91618,45.0578,0,86,66,44,2760,10501,5.13004,166,16.8638,0,0,5447,9415861886
416.793,2.39927,45.0578,0,86,66,44,2760,10501,5.13004,166,16.8638,0,0,5447,9418261573
311.483,3.21044,45.0578,0,86,66,44,2760,10501,5.13004,166,16.8638,0,0,5447,9421472287
408.876,2.44573,45.0578,0,86,66,44,2760,10501,5.13004,166,16.8638,0,0,5447,9423918321
313.782,3.18692,45.0578,0,86,66,44,2760,10501,5.13004,166,16.8638,0,0,5447,9427105736
391.825,2.55216,45.0578,0,86,66,44,2760,10501,5.13004,166,16.8638,0,0,5447,9429658265
228.333,4.37957,45.0578,0,86,66,44,2760,10501,5.13004,166,16.8638,0,0,5447,9434038028
614.368,1.62769,45.0578,0,86,66,44,2760,10501,5.13004,166,16.8638,0,0,5447,9435666005
528.886,1.89076,45.0578,0,86,66,44,2760,10501,5.13004,166,16.8638,0,0,5447,9437557079
341.175,2.93105,45.0578,0,86,66,44,2760,10501,5.13004,166,16.8638,0,0,5447,9440488485
360.383,2.77482,45.0578,0,86,66,44,2760,10501,5.13004,166,16.8638,0,0,5447,9443263656
393.094,2.54392,45.0578,0,86,66,44,2760,10501,5.13004,166,16.8638,0,0,5447,9445807895
244.237,4.09438,45.0578,0,86,66,44,2760,10501,5.13004,166,16.8638,0,0,5447,9449902658
412.976,2.42145,45.0578,0,86,66,44,2760,10501,5.13004,166,16.8638,0,0,5447,9452324653
632.421,1.58123,45.0578,0,86,66,44,2760,10501,5.13004,166,16.8638,0,0,5447,9453906207
375.258,2.66483,45.0578,0,86,66,44,2760,10501,5.13004,166,16.8638,0,0,5447,9456571412
263.374,3.79688,45.0578,0,86,66,44,2760,10501,5.13004,166,16.8638,0,0,5447,9460368742
627.593,1.59339,45.0578,0,86,66,44,2760,10501,5.13004,166,16.8638,0,0,5447,9461962315
320.301,3.12207,45.0578,0,86,66,44,2760,10501,5.13004,166,16.8638,0,0,5447,9465084728
312.504,3.19996,45.0578,0,86,66,44,2760,10501,5.13004,166,16.8638,0,0,5447,9468284999
344.206,2.90523,45.0578,0,86,66,44,2760,10501,5.13004,166,16.8638,0,0,5447,9471190683
521.694,1.91683,45.0578,0,86,66,44,2760,10501,5.13004,166,16.8638,0,0,5447,9473107902
282.958,3.53409,45.0578,0,86,66,44,2760,10501,5.13004,166,16.8638,0,0,5447,9476642223
603.767,1.65627,45.0578,0,86,66,44,2760,10501,5.13004,166,16.8638,0,0,5447,9478298836
347.326,2.87914,45.0578,0,86,66,44,2760,10501,5.13004,166,16.8638,0,0,5447,9481178299
279.36,3.57961,45.0578,0,86,66,44,2760,10501,5.13004,166,16.8638,0,0,5447,9484758198
341.172,2.93107,45.0578,0,86,66,44,2760,10501,5.13004,166,16.8638,0,0,5447,9487689624
661.833,1.51095,45.0578,0,86,66,44,2760,10501,5.13004,166,16.8638,0,0,5447,9489201021
390.684,2.55961,45.0578,0,86,66,44,2760,10501,5.13004,166,16.8638,0,0,5447,9491760992
357.32,2.79861,45.0578,0,86,66,44,2760,10501,5.13004,166,16.8638,0,0,5447,9494559827
364.263,2.74527,45.0578,0,86,66,44,2760,10501,5.13004,166,16.8638,0,0,5447,9497305583
392.404,2.54839,45.0578,0,86,66,44,2760,10501,5.13004,166,16.8638,0,0,5447,9499854159
204.316,4.89438,45.0578,0,86,66,44,2760,10501,5.13004,166,16.8638,0,0,5447,9504748987
1213.55,0.824028,45.0578,0,86,66,44,2760,10501,5.13004,166,16.8638,0,0,5447,9505573179
395.851,2.5262,45.0578,0,86,66,44,2760,10501,5.13004,166,16.8638,0,0,5447,9508099946
168.317,5.94118,45.0578,0,86,66,44,2760,10501,5.13004,166,16.8638,0,0,5447,9514041377
624.506,1.60127,45.0578,0,86,66,44,2760,10501,5.13004,166,16.8638,0,0,5447,9515642835
453.071,2.20716,45.0578,0,86,66,44,2760,10501,5.13004,166,16.8638,0,0,5447,9517850313
465.559,2.14796,45.0578,0,86,66,44,2760,10501,5.13004,166,16.8638,0,0,5447,9519998588
261.062,3.83051,45.0578,0,86,66,44,2760,10501,5.13004,166,16.8638,0,0,5447,9523829400
266.513,3.75217,45.0578,0,86,66,44,2760,10501,5.13004,166,16.8638,0,0,5447,9527582055
669.171,1.49439,45.0578,0,86,66,44,2760,10501,5.13004,166,16.8638,0,0,5447,9529076557
437.269,2.28692,45.0578,0,86,66,44,2760,10501,5.13004,166,16.8638,0,0,5447,9531363855
397.235,2.5174,45.0578,0,86,66,44,2760,10501,5.13004,166,16.8638,0,0,5447,9533881565
309.628,3.22969,45.0578,0,86,66,44,2760,10501,5.13004,166,16.8638,0,0,5447,9537111520
423.461,2.36149,45.0578,0,86,66,44,2760,10501,5.13004,166,16.8638,0,0,5447,9539473350
392.45,2.54809,45.0578,0,86,66,44,2760,10501,5.13004,166,16.8638,0,0,5447,9542021763
444.073,2.25188,45.0578,0,86,66,44,2760,10501,5.13004,166,16.8638,0,0,5447,9544273944
378.611,2.64123,45.0578,0,86,66,44,2760,10501,5.13004,166,16.8638,0,0,5447,9546915581
399.435,2.50354,45.0578,0,86,66,44,2760,10501,5.13004,166,16.8638,0,0,5447,9549419320
303.733,3.29236,45.0578,0,86,66,44,2760,10501,5.13004,166,16.8638,0,0,5447,9552712152
475.143,2.10463,45.0578,0,86,66,44,2760,10501,5.13004,166,16.8638,0,0,5447,9554817088
383.703,2.60618,45.0578,0,86,66,44,2760,10501,5.13004,166,16.8638,0,0,5447,9557423695
396.67,2.52099,45.0578,0,86,66,44,2760,10501,5.13004,166,16.8638,0,0,5447,9559944828
297.938,3.3564,45.0578,0,86,66,44,2760,10501,5.13004,166,16.8638,0,0,5447,9563301508
269.738,3.7073,45.0578,0,86,66,44,2760,10501,5.13004,166,16.8638,0,0,5447,9567009258
408.928,2.44542,45.0578,0,86,66,44,2760,10501,5.13004,166,16.8638,0,0,5447,9569455139
264.977,3.77392,45.0578,0,86,66,44,2760,10501,5.13004,166,16.8638,0,0,5447,9573229314
945.216,1.05796,45.0578,0,86,66,44,2760,10501,5.13004,166,16.8638,0,0,5447,9574287600
351.924,2.84152,45.0578,0,86,66,44,2760,10501,5.13004,166,16.8638,0,0,5447,9577129667
410.307,2.4372,45.0578,0,86,66,44,2760,10501,5.13004,166,16.8638,0,0,5447,9579567268
379.53,2.63484,45.0578,0,86,66,44,2760,10501,5.13004,166,16.8638,0,0,5447,9582202290
397.761,2.51408,45.0578,0,86,66,44,2760,10501,5.13004,166,16.8638,0,0,5447,9584716672
344.071,2.90638,45.0578,0,86,66,44,2760,10501,5.13004,166,16.8638,0,0,5447,9587623386
390.47,2.56102,45.0578,0,86,66,44,2760,10501,5.13004,166,16.8638,0,0,5447,9590184761
390.716,2.5594,45.0578,0,86,66,44,2760,10501,5.13004,166,16.8638,0,0,5447,9592744481
199.662,5.00847,45.0578,0,86,66,44,2760,10501,5.13004,166,16.8638,0,0,5447,9597753237
923.33,1.08304,45.0578,0,86,66,44,2760,10501,5.13004,166,16.8638,0,0,5447,9598836619
410.612,2.43539,45.0578,0,86,66,44,2760,10501,5.13004,166,16.8638,0,0,5447,9601272307
272.121,3.67484,45.0578,0,86,66,44,2760,10501,5.13004,166,16.8638,0,0,5447,9604947566
445.496,2.24469,45.0578,0,86,66,44,2760,10501,5.13004,166,16.8638,0,0,5447,9607192651
515.245,1.94082,45.0578,0,86,66,44,2760,10501,5.13004,166,16.8638,0,0,5447,9609133716
380.053,2.63121,45.0578,0,86,66,44,2760,10501,5.13004,166,16.8638,0,0,5447,9611765228
310.484,3.22078,45.0578,0,86,66,44,2760,10501,5.13004,166,16.8638,0,0,5447,9614986414
412.871,2.42206,45.0578,0,86,66,44,2760,10501,5.13004,166,16.8638,0,0,5447,9617408726
276.282,3.61949,45.0578,0,86,66,44,2760,10501,5.13004,166,16.8638,0,0,5447,9621028550
228.122,4.38361,45.0578,0,86,66,44,2760,10501,5.13004,166,16.8638,0,0,5447,9625412486
430.774,2.3214,45.0578,0,86,66,44,2760,10501,5.13004,166,16.8638,0,0,5447,9627734218
344.738,2.90075,45.0578,0,86,66,44,2760,10501,5.13004,166,16.8638,0,0,5447,9630635403
709.143,1.41015,45.0578,0,86,66,44,2760,10501,5.13004,166,16.8638,0,0,5447,9632045690
418.171,2.39137,45.0578,0,86,66,44,2760,10501,5.13004,166,16.8638,0,0,5447,9634437463
385.131,2.59652,45.0578,0,86,66,44,2760,10501,5.13004,166,16.8638,0,0,5447,9637034310
362.004,2.7624,45.0578,0,86,66,44,2760,10501,5.13004,166,16.8638,0,0,5447,9639797125
358.854,2.78665,45.0578,0,86,66,44,2760,10501,5.13004,166,16.8638,0,0,5447,9642584257
356.61,2.80418,45.0578,0,86,66,44,2760,10501,5.13004,166,16.8638,0,0,5447,9645388602
399.226,2.50484,45.0578,0,86,66,44,2760,10501,5.13004,166,16.8638,0,0,5447,9647893753
303.771,3.29196,45.0578,0,86,66,44,2760,10501,5.13004,166,16.8638,0,0,5447,9651186066
502.848,1.98867,45.0578,0,86,66,44,2760,10501,5.13004,166,16.8638,0,0,5447,9653175076
366.688,2.72711,45.0578,0,86,66,44,2760,10501,5.13004,166,16.8638,0,0,5447,9655902494
303.721,3.2925,45.0578,0,86,66,44,2760,10501,5.13004,166,16.8638,0,0,5447,9659195317
511.12,1.95649,45.0578,0,86,66,44,2760,10501,5.13004,166,16.8638,0,0,5447,9661152046
336.904,2.9682,45.0578,0,86,66,44,2760,10501,5.13004,166,16.8638,0,0,5447,9664120550
405.323,2.46717,45.0578,0,86,66,44,2760,10501,5.13004,166,16.8638,0,0,5447,9666588210
346.847,2.88312,45.0578,0,86,66,44,2760,10501,5.13004,166,16.8638,0,0,5447,9669471798
201.476,4.96338,45.0578,0,86,66,44,2760,10501,5.13004,166,16.8638,0,0,5447,9674435234
1714.53,0.58325,45.0578,0,86,66,44,2760,10501,5.13004,166,16.8638,0,0,5447,9675018821
301.194,3.32012,45.0578,0,86,66,44,2760,10501,5.13004,166,16.8638,0,0,5447,9678339327
349.386,2.86216,45.0578,0,86,66,44,2760,10501,5.13004,166,16.8638,0,0,5447,9681201732
600.549,1.66514,45.0578,0,86,66,44,2760,10501,5.13004,166,16.8638,0,0,5447,9682867365
349.538,2.86092,45.0578,0,86,66,44,2760,10501,5.13004,166,16.8638,0,0,5447,9685728509
376.236,2.65791,45.0578,0,86,66,44,2760,10501,5.13004,166,16.8638,0,0,5447,9688386820
397.258,2.51726,45.0578,0,86,66,44,2760,10501,5.13004,166,16.8638,0,0,5447,9690904270
342.186,2.92239,45.0578,0,86,66,44,2760,10501,5.13004,166,16.8638,0,0,5447,9693827359
389.845,2.56512,45.0578,0,86,66,44,2760,10501,5.13004,166,16.8638,0,0,5447,9696392455
265.066,3.77265,45.0578,0,86,66,44,2760,10501,5.13004,166,16.8638,0,0,5447,9700165659
547.439,1.82669,45.0578,0,86,66,44,2760,10501,5.13004,166,16.8638,0,0,5447,9701992528
279.301,3.58037,45.0578,0,86,66,44,2760,10501,5.13004,166,16.8638,0,0,5447,9705573236
513.246,1.94838,45.0578,0,86,66,44,2760,10501,5.13004,166,16.8638,0,0,5447,9707521936
349.593,2.86047,45.0578,0,86,66,44,2760,10501,5.13004,166,16.8638,0,0,5447,9710382878
418.849,2.38749,45.0578,0,86,66,44,2760,10501,5.13004,166,16.8638,0,0,5447,9712770968
402.186,2.48641,45.0578,0,86,66,44,2760,10501,5.13004,166,16.8638,0,0,5447,9715257543
380.212,2.63011,45.0578,0,86,66,44,2760,10501,5.13004,166,16.8638,0,0,5447,9717888199
501.81,1.99279,45.0578,0,86,66,44,2760,10501,5.13004,166,16.8638,0,0,5447,9719881227
346.191,2.88858,45.0578,0,86,66,44,2760,10501,5.13004,166,16.8638,0,0,5447,9722770363
348.132,2.87247,45.0578,0,86,66,44,2760,10501,5.13004,166,16.8638,0,0,5447,9725643095
385.605,2.59333,45.0578,0,86,66,44,2760,10501,5.13004,166,16.8638,0,0,5447,9728236778
219.569,4.55438,45.0578,0,86,66,44,2760,10501,5.13004,166,16.8638,0,0,5447,9732791672
682.633,1.46492,45.0578,0,86,66,44,2760,10501,5.13004,166,16.8638,0,0,5447,9734256846
607.964,1.64483,45.0578,0,86,66,44,2760,10501,5.13004,166,16.8638,0,0,5447,9735901738
352.915,2.83355,45.0578,0,86,66,44,2760,10501,5.13004,166,16.8638,0,0,5447,9738735603
334.467,2.98983,45.0578,0,86,66,44,2760,10501,5.13004,166,16.8638,0,0,5447,9741725848
321.352,3.11186,45.0578,0,86,66,44,2760,10501,5.13004,166,16.8638,0,0,5447,9744838030
531.669,1.88087,45.0578,0,86,66,44,2760,10501,5.13004,166,16.8638,0,0,5447,9746719420
371.156,2.69428,45.0578,0,86,66,44,2760,10501,5.13004,166,16.8638,0,0,5447,9749413982
321.1,3.1143,45.0578,0,86,66,44,2760,10501,5.13004,166,16.8638,0,0,5447,9752528558
274.426,3.64397,45.0578,0,86,66,44,2760,10501,5.13004,166,16.8638,0,0,5447,9756172883
197.636,5.0598,45.0578,0,86,66,44,2760,10501,5.13004,166,16.8638,0,0,5447,9761233217
2325.97,0.429928,45.0578,0,86,66,44,2760,10501,5.13004,166,16.8638,0,0,5447,9761663260
410.269,2.43743,45.0578,0,86,66,44,2760,10501,5.13004,166,16.8638,0,0,5447,9764101025
441.89,2.26301,45.0578,0,86,66,44,2760,10501,5.13004,166,16.8638,0,0,5447,9766364351
360.694,2.77243,45.0578,0,86,66,44,2760,10501,5.13004,166,16.8638,0,0,5447,9769137233
381.745,2.61955,45.0578,0,86,66,44,2760,10501,5.13004,166,16.8638,0,0,5447,9771757120
358.902,2.78628,45.0578,0,86,66,44,2760,10501,5.13004,166,16.8638,0,0,5447,9774543675
365.487,2.73607,45.0578,0,86,66,44,2760,10501,5.13004,166,16.8638,0,0,5447,9777280056
209.67,4.76941,45.0578,0,86,66,44,2760,10501,5.13004,166,16.8638,0,0,5447,9782051928
267.343,3.74051,45.5939,0,86,66,44,2760,10501,5.1316,166,16.8662,0,0,5449,9785790544
598.441,1.67101,45.5939,0,86,66,44,2760,10501,5.1316,166,16.8662,0,0,5449,9787461735
541.84,1.84556,45.5939,0,86,66,44,2760,10501,5.1316,166,16.8662,0,0,5449,9789307740
346.409,2.88676,45.5939,0,86,66,44,2760,10501,5.1316,166,16.8662,0,0,5449,9792194933
469.765,2.12873,45.5939,0,86,66,44,2760,10501,5.1316,166,16.8662,0,0,5449,9794323909
327.382,3.05453,45.5939,0,86,66,44,2760,10501,5.1316,166,16.8662,0,0,5449,9797378762
447.56,2.23433,45.5939,0,86,66,44,2760,10501,5.1316,166,16.8662,0,0,5449,9799613424
205.893,4.85688,45.5939,0,86,66,44,2760,10501,5.1316,166,16.8662,0,0,5449,9804470751
1240.92,0.805854,45.5939,0,86,66,44,2760,10501,5.1316,166,16.8662,0,0,5449,9805276817
353.204,2.83122,45.5939,0,86,66,44,2760,10501,5.1316,166,16.8662,0,0,5449,9808108393
423.48,2.36139,45.5939,0,86,66,44,2760,10501,5.1316,166,16.8662,0,0,5449,9810470107
294.491,3.39569,45.5939,0,86,66,44,2760,10501,5.1316,166,16.8662,0,0,5449,9813866135
528.577,1.89187,45.5939,0,86,66,44,2760,10501,5.1316,166,16.8662,0,0,5449,9815758458
355.475,2.81313,45.5939,0,86,66,44,2760,10501,5.1316,166,16.8662,0,0,5449,9818571813
387.076,2.58347,45.5939,0,86,66,44,2760,10501,5.1316,166,16.8662,0,0,5449,9821155621
374.457,2.67053,45.5939,0,86,66,44,2760,10501,5.1316,166,16.8662,0,0,5449,9823826490
300.191,3.33121,45.5939,0,86,66,44,2760,10501,5.1316,166,16.8662,0,0,5449,9827158035
576.823,1.73363,45.5939,0,86,66,44,2760,10501,5.1316,166,16.8662,0,0,5449,9828892007
290.598,3.44118,45.5939,0,86,66,44,2760,10501,5.1316,166,16.8662,0,0,5449,9832333498
439.756,2.27399,45.5939,0,86,66,44,2760,10501,5.1316,166,16.8662,0,0,5449,9834607786
376.579,2.65548,45.5939,0,86,66,44,2760,10501,5.1316,166,16.8662,0,0,5449,9837263664
355.542,2.8126,45.5939,0,86,66,44,2760,10501,5.1316,166,16.8662,0,0,5449,9840076557
281.804,3.54856,45.5939,0,86,66,44,2760,10501,5.1316,166,16.8662,0,0,5449,9843625474
641.815,1.55808,45.5939,0,86,66,44,2760,10501,5.1316,166,16.8662,0,0,5449,9845183863
368.856,2.71108,45.5939,0,86,66,44,2760,10501,5.1316,166,16.8662,0,0,5449,9847895243
339.255,2.94764,45.5939,0,86,66,44,2760,10501,5.1316,166,16.8662,0,0,5449,9850843217
428.382,2.33437,45.5939,0,86,66,44,2760,10501,5.1316,166,16.8662,0,0,5449,9853178008
299.794,3.33562,45.5939,0,86,66,44,2760,10501,5.1316,166,16.8662,0,0,5449,9856513909
472.733,2.11536,45.5939,0,86,66,44,2760,10501,5.1316,166,16.8662,0,0,5449,9858629586
364.318,2.74485,45.5939,0,86,66,44,2760,10501,5.1316,166,16.8662,0,0,5449,9861374822
217.43,4.59917,45.5939,0,86,66,44,2760,10501,5.1316,166,16.8662,0,0,5449,9865974323
1118.17,0.894319,45.5939,0,86,66,44,2760,10501,5.1316,166,16.8662,0,0,5449,9866868729
367.655,2.71994,45.5939,0,86,66,44,2760,10501,5.1316,166,16.8662,0,0,5449,9869589186
395.695,2.5272,45.5939,0,86,66,44,2760,10501,5.1316,166,16.8662,0,0,5449,9872116886
347.316,2.87922,45.5939,0,86,66,44,2760,10501,5.1316,166,16.8662,0,0,5449,9874996301
424.533,2.35553,45.5939,0,86,66,44,2760,10501,5.1316,166,16.8662,0,0,5449,9877352274
349.187,2.8638,45.5939,0,86,66,44,2760,10501,5.1316,166,16.8662,0,0,5449,9880216323
259.119,3.85924,45.5939,0,86,66,44,2760,10501,5.1316,166,16.8662,0,0,5449,9884075760
387.591,2.58004,45.5939,0,86,66,44,2760,10501,5.1316,166,16.8662,0,0,5449,9886656165
667.954,1.49711,45.5939,0,86,66,44,2760,10501,5.1316,166,16.8662,0,0,5449,9888153705
224.149,4.46131,45.5939,0,86,66,44,2760,10501,5.1316,166,16.8662,0,0,5449,9892615433
664.319,1.5053,45.5939,0,86,66,44,2760,10501,5.1316,166,16.8662,0,0,5449,9894120926
370.761,2.69716,45.5939,0,86,66,44,2760,10501,5.1316,166,16.8662,0,0,5449,9896818382
542.326,1.84391,45.5939,0,86,66,44,2760,10501,5.1316,166,16.8662,0,0,5449,9898662560
339.59,2.94472,45.5939,0,86,66,44,2760,10501,5.1316,166,16.8662,0,0,5449,9901607620
412.519,2.42413,45.5939,0,86,66,44,2760,10501,5.1316,166,16.8662,0,0,5449,9904032087
370.86,2.69644,45.5939,0,86,66,44,2760,10501,5.1316,166,16.8662,0,0,5449,9906728831
307.593,3.25105,45.5939,0,86,66,44,2760,10501,5.1316,166,16.8662,0,0,5449,9909980201
491.075,2.03635,45.5939,0,86,66,44,2760,10501,5.1316,166,16.8662,0,0,5449,9912016798
349.23,2.86344,45.5939,0,86,66,44,2760,10501,5.1316,166,16.8662,0,0,5449,9914880818
389.618,2.56662,45.5939,0,86,66,44,2760,10501,5.1316,166,16.8662,0,0,5449,9917447741
337.757,2.96071,45.5939,0,86,66,44,2760,10501,5.1316,166,16.8662,0,0,5449,9920408619
409.002,2.44498,45.5939,0,86,66,44,2760,10501,5.1316,166,16.8662,0,0,5449,9922853904
386.192,2.58939,45.5939,0,86,66,44,2760,10501,5.1316,166,16.8662,0,0,5449,9925443577
333.501,2.9985,45.5939,0,86,66,44,2760,10501,5.1316,166,16.8662,0,0,5449,9928442323
383.887,2.60493,45.5939,0,86,66,44,2760,10501,5.1316,166,16.8662,0,0,5449,9931047670
323.949,3.0869,45.5939,0,86,66,44,2760,10501,5.1316,166,16.8662,0,0,5449,9934134861
383.53,2.60736,45.5939,0,86,66,44,2760,10501,5.1316,166,16.8662,0,0,5449,9936742429
493.012,2.02835,45.5939,0,86,66,44,2760,10501,5.1316,166,16.8662,0,0,5449,9938771113
353.343,2.83011,45.5939,0,86,66,44,2760,10501,5.1316,166,16.8662,0,0,5449,9941601535
388.724,2.57252,45.5939,0,86,66,44,2760,10501,5.1316,166,16.8662,0,0,5449,9944174372
445.536,2.24449,45.5939,0,86,66,44,2760,10501,5.1316,166,16.8662,0,0,5449,9946419169
316.311,3.16144,45.5939,0,86,66,44,2760,10501,5.1316,166,16.8662,0,0,5449,9949580929
330.617,3.02465,45.5939,0,86,66,44,2760,10501,5.1316,166,16.8662,0,0,5449,9952605916
476.875,2.09698,45.5939,0,86,66,44,2760,10501,5.1316,166,16.8662,0,0,5449,9954703217
333.754,2.99622,45.5939,0,86,66,44,2760,10501,5.1316,166,16.8662,0,0,5449,9957699838
354.25,2.82287,45.5939,0,86,66,44,2760,10501,5.1316,166,16.8662,0,0,5449,9960523077
358.35,2.79057,45.5939,0,86,66,44,2760,10501,5.1316,166,16.8662,0,0,5449,9963314017
323.404,3.0921,45.5939,0,86,66,44,2760,10501,5.1316,166,16.8662,0,0,5449,9966406314
495.304,2.01896,45.5939,0,86,66,44,2760,10501,5.1316,166,16.8662,0,0,5449,9968425593
328.298,3.04602,45.5939,0,86,66,44,2760,10501,5.1316,166,16.8662,0,0,5449,9971471955
425.779,2.34864,45.5939,0,86,66,44,2760,10501,5.1316,166,16.8662,0,0,5449,9973820890
375.98,2.65971,45.5939,0,86,66,44,2760,10501,5.1316,166,16.8662,0,0,5449,9976480970
384.527,2.6006,45.5939,0,86,66,44,2760,10501,5.1316,166,16.8662,0,0,5449,9979082029
356.361,2.80614,45.5939,0,86,66,44,2760,10501,5.1316,166,16.8662,0,0,5449,9981888489
289.087,3.45917,45.5939,0,86,66,44,2760,10501,5.1316,166,16.8662,0,0,5449,9985347827
545.65,1.83268,45.5939,0,86,66,44,2760,10501,5.1316,166,16.8662,0,0,5449,9987180869
312.43,3.20071,45.5939,0,86,66,44,2760,10501,5.1316,166,16.8662,0,0,5449,9990381920
367.505,2.72105,45.5939,0,86,66,44,2760,10501,5.1316,166,16.8662,0,0,5449,9993103386
524.649,1.90604,45.5939,0,86,66,44,2760,10501,5.1316,166,16.8662,0,0,5449,9995009701
346.169,2.88876,45.5939,0,86,66,44,2760,10501,5.1316,166,16.8662,0,0,5449,9997898846
255.966,3.90678,45.5939,0,86,66,44,2760,10501,5.1316,166,16.8662,0,0,5449,10001806093
571.475,1.74986,45.5939,0,86,66,44,2760,10501,5.1316,166,16.8662,0,0,5449,10003556133
392.231,2.54952,45.5939,0,86,66,44,2760,10501,5.1316,166,16.8662,0,0,5449,10006106026
380.611,2.62736,45.5939,0,86,66,44,2760,10501,5.1316,166,16.8662,0,0,5449,10008733653
411.931,2.42759,45.5939,0,86,66,44,2760,10501,5.1316,166,16.8662,0,0,5449,10011161495
321.949,3.10609,45.5939,0,86,66,44,2760,10501,5.1316,166,16.8662,0,0,5449,10014267984
352.126,2.83989,45.5939,0,86,66,44,2760,10501,5.1316,166,16.8662,0,0,5449,10017108215
348.634,2.86834,45.5939,0,86,66,44,2760,10501,5.1316,166,16.8662,0,0,5449,10019976859
401.841,2.48854,45.5939,0,86,66,44,2760,10501,5.1316,166,16.8662,0,0,5449,10022465809
215.046,4.65018,45.5939,0,86,66,44,2760,10501,5.1316,166,16.8662,0,0,5449,10027116379
322.355,3.10217,45.5939,0,86,66,44,2760,10501,5.1316,166,16.8662,0,0,5449,10030218801
969.873,1.03106,45.5939,0,86,66,44,2760,10501,5.1316,166,16.8662,0,0,5449,10031250191
473.974,2.10982,45.5939,0,86,66,44,2760,10501,5.1316,166,16.8662,0,0,5449,10033360435
423.866,2.35923,45.5939,0,86,66,44,2760,10501,5.1316,166,16.8662,0,0,5449,10035719919
402.647,2.48357,45.5939,0,86,66,44,2760,10501,5.1316,166,16.8662,0,0,5449,10038204022
253.061,3.95162,45.5939,0,86,66,44,2760,10501,5.1316,166,16.8662,0,0,5449,10042155953
773.663,1.29255,45.5939,0,86,66,44,2760,10501,5.1316,166,16.8662,0,0,5449,10043448689
343.628,2.91013,45.5939,0,86,66,44,2760,10501,5.1316,166,16.8662,0,0,5449,10046359075
365.07,2.7392,45.5939,0,86,66,44,2760,10501,5.1316,166,16.8662,0,0,5449,10049098716
365.45,2.73635,45.5939,0,86,66,44,2760,10501,5.1316,166,16.8662,0,0,5449,10051835346
334.712,2.98764,45.5939,0,86,66,44,2760,10501,5.1316,166,16.8662,0,0,5449,10054823312
402.58,2.48398,45.5939,0,86,66,44,2760,10501,5.1316,166,16.8662,0,0,5449,10057307646
380.011,2.6315,45.5939,0,86,66,44,2760,10501,5.1316,166,16.8662,0,0,5449,10059939446
312.912,3.19579,45.5939,0,86,66,44,2760,10501,5.1316,166,16.8662,0,0,5449,10063135506
532.824,1.87679,45.5939,0,86,66,44,2760,10501,5.1316,166,16.8662,0,0,5449,10065012646
385.008,2.59735,45.5939,0,86,66,44,2760,10501,5.1316,166,16.8662,0,0,5449,10067610426
352.19,2.83938,45.5939,0,86,66,44,2760,10501,5.1316,166,16.8662,0,0,5449,10070450079
352.171,2.83953,45.5939,0,86,66,44,2760,10501,5.1316,166,16.8662,0,0,5449,10073289829
280.141,3.56963,45.5939,0,86,66,44,2760,10501,5.1316,166,16.8662,0,0,5449,10076859728
700.544,1.42746,45.5939,0,86,66,44,2760,10501,5.1316,166,16.8662,0,0,5449,10078287651
365.386,2.73683,45.5939,0,86,66,44,2760,10501,5.1316,166,16.8662,0,0,5449,10081024753
320.299,3.12209,45.5939,0,86,66,44,2760,10501,5.1316,166,16.8662,0,0,5449,10084147224
456.547,2.19035,45.5939,0,86,66,44,2760,10501,5.1316,166,16.8662,0,0,5449,10086337951
305.055,3.2781,45.5939,0,86,66,44,2760,10501,5.1316,166,16.8662,0,0,5449,10089616485
433.095,2.30896,45.5939,0,86,66,44,2760,10501,5.1316,166,16.8662,0,0,5449,10091925803
355.162,2.81561,45.5939,0,86,66,44,2760,10501,5.1316,166,16.8662,0,0,5449,10094741783
371.171,2.69418,45.5939,0,86,66,44,2760,10501,5.1316,166,16.8662,0,0,5449,10097436200
393.769,2.53956,45.5939,0,86,66,44,2760,10501,5.1316,166,16.8662,0,0,5449,10099976026
349.387,2.86215,45.5939,0,86,66,44,2760,10501,5.1316,166,16.8662,0,0,5449,10102838623
179.621,5.56727,45.5939,0,86,66,44,2760,10501,5.1316,166,16.8662,0,0,5449,10108406368
637.331,1.56904,45.5939,0,86,66,44,2760,10501,5.1316,166,16.8662,0,0,5449,10109975613
707.455,1.41352,45.5939,0,86,66,44,2760,10501,5.1316,166,16.8662,0,0,5449,10111389401
353.683,2.82739,45.5939,0,86,66,44,2760,10501,5.1316,166,16.8662,0,0,5449,10114217179
313.334,3.19148,45.5939,0,86,66,44,2760,10501,5.1316,166,16.8662,0,0,5449,10117408931
459.854,2.1746,45.5939,0,86,66,44,2760,10501,5.1316,166,16.8662,0,0,5449,10119583995
331.58,3.01586,45.5939,0,86,66,44,2760,10501,5.1316,166,16.8662,0,0,5449,10122600346
396.405,2.52267,45.5939,0,86,66,44,2760,10501,5.1316,166,16.8662,0,0,5449,10125123143
353.211,2.83117,45.5939,0,86,66,44,2760,10501,5.1316,166,16.8662,0,0,5449,10127954767
382.166,2.61666,45.5939,0,86,66,44,2760,10501,5.1316,166,16.8662,0,0,5449,10130571663
279.801,3.57397,45.5939,0,86,66,44,2760,10501,5.1316,166,16.8662,0,0,5449,10134145966
502.282,1.99091,45.5939,0,86,66,44,2760,10501,5.1316,166,16.8662,0,0,5449,10136137245
396.867,2.51974,45.5939,0,86,66,44,2760,10501,5.1316,166,16.8662,0,0,5449,10138657407
218.001,4.58713,45.5939,0,86,66,44,2760,10501,5.1316,166,16.8662,0,0,5449,10143244792
514.699,1.94288,45.5939,0,86,66,44,2760,10501,5.1316,166,16.8662,0,0,5449,10145188204
475.115,2.10475,45.5939,0,86,66,44,2760,10501,5.1316,166,16.8662,0,0,5449,10147293121
468.187,2.1359,45.5939,0,86,66,44,2760,10501,5.1316,166,16.8662,0,0,5449,10149429250
330.287,3.02767,45.5939,0,86,66,44,2760,10501,5.1316,166,16.8662,0,0,5449,10152457333
300.769,3.32481,45.5939,0,86,66,44,2760,10501,5.1316,166,16.8662,0,0,5449,10155782532
434.138,2.30341,45.5939,0,86,66,44,2760,10501,5.1316,166,16.8662,0,0,5449,10158086129
343.589,2.91045,45.5939,0,86,66,44,2760,10501,5.1316,166,16.8662,0,0,5449,10160996967
410.45,2.43635,45.5939,0,86,66,44,2760,10501,5.1316,166,16.8662,0,0,5449,10163433559
365.517,2.73585,45.5939,0,86,66,44,2760,10501,5.1316,166,16.8662,0,0,5449,10166169613
449.668,2.22386,45.5939,0,86,66,44,2760,10501,5.1316,166,16.8662,0,0,5449,10168393899
269.924,3.70475,45.5939,0,86,66,44,2760,10501,5.1316,166,16.8662,0,0,5449,10172098976
534.326,1.87152,45.5939,0,86,66,44,2760,10501,5.1316,166,16.8662,0,0,5449,10173970799
442.384,2.26048,45.5939,0,86,66,44,2760,10501,5.1316,166,16.8662,0,0,5449,10176231577
282.615,3.53839,45.5939,0,86,66,44,2760,10501,5.1316,166,16.8662,0,0,5449,10179770417
490.769,2.03762,45.5939,0,86,66,44,2760,10501,5.1316,166,16.8662,0,0,5449,10181808332
489.363,2.04347,45.5939,0,86,66,44,2760,10501,5.1316,166,16.8662,0,0,5449,10183852055
193.039,5.1803,45.5939,0,86,66,44,2760,10501,5.1316,166,16.8662,0,0,5449,10189032970
777.468,1.28623,45.5939,0,86,66,44,2760,10501,5.1316,166,16.8662,0,0,5449,10190319503
369.775,2.70435,45.5939,0,86,66,44,2760,10501,5.1316,166,16.8662,0,0,5449,10193024085
456.439,2.19087,45.5939,0,86,66,44,2760,10501,5.1316,166,16.8662,0,0,5449,10195215313
355.685,2.81148,45.5939,0,86,66,44,2760,10501,5.1316,166,16.8662,0,0,5449,10198027119
401.373,2.49145,45.5939,0,86,66,44,2760,10501,5.1316,166,16.8662,0,0,5449,10200518866
339.644,2.94426,45.5939,0,86,66,44,2760,10501,5.1316,166,16.8662,0,0,5449,10203463408
336.642,2.97051,45.5939,0,86,66,44,2760,10501,5.1316,166,16.8662,0,0,5449,10206434114
385.098,2.59674,45.5939,0,86,66,44,2760,10501,5.1316,166,16.8662,0,0,5449,10209031240
388.05,2.57699,45.5939,0,86,66,44,2760,10501,5.1316,166,16.8662,0,0,5449,10211608557
212.901,4.69701,45.5939,0,86,66,44,2760,10501,5.1316,166,16.8662,0,0,5449,10216305927
343.598,2.91038,45.5939,0,86,66,44,2760,10501,5.1316,166,16.8662,0,0,5449,10219216804
346.357,2.88719,45.5939,0,86,66,44,2760,10501,5.1316,166,16.8662,0,0,5449,10222104142
773.927,1.29211,45.5939,0,86,66,44,2760,10501,5.1316,166,16.8662,0,0,5449,10223396560
508.55,1.96637,45.5939,0,86,66,44,2760,10501,5.1316,166,16.8662,0,0,5449,10225363425
359.551,2.78125,45.5939,0,86,66,44,2760,10501,5.1316,166,16.8662,0,0,5449,10228145038
371.143,2.69438,45.5939,0,86,66,44,2760,10501,5.1316,166,16.8662,0,0,5449,10230839619
371.577,2.69124,45.5939,0,86,66,44,2760,10501,5.1316,166,16.8662,0,0,5449,10233531181
370.968,2.69565,45.5939,0,86,66,44,2760,10501,5.1316,166,16.8662,0,0,5449,10236227137
311.905,3.20611,45.5939,0,86,66,44,2760,10501,5.1316,166,16.8662,0,0,5449,10239433610
197.738,5.05721,45.5939,0,86,66,44,2760,10501,5.1316,166,16.8662,0,0,5449,10244491262
428.419,2.33417,45.5939,0,86,66,44,2760,10501,5.1316,166,16.8662,0,0,5449,10246825908
760.971,1.31411,45.5939,0,86,66,44,2760,10501,5.1316,166,16.8662,0,0,5449,10248140240
605.377,1.65186,45.5939,0,86,66,44,2760,10501,5.1316,166,16.8662,0,0,5449,10249792508
309.276,3.23336,45.5939,0,86,66,44,2760,10501,5.1316,166,16.8662,0,0,5449,10253026116
429.519,2.32818,45.5939,0,86,66,44,2760,10501,5.1316,166,16.8662,0,0,5449,10255354608
361.342,2.76746,45.5939,0,86,66,44,2760,10501,5.1316,166,16.8662,0,0,5449,10258122404
400.964,2.49399,45.5939,0,86,66,44,2760,10501,5.1316,166,16.8662,0,0,5449,10260616709
381.91,2.61842,45.5939,0,86,66,44,2760,10501,5.1316,166,16.8662,0,0,5449,10263235364
418.598,2.38893,45.5939,0,86,66,44,2760,10501,5.1316,166,16.8662,0,0,5449,10265624628
225.429,4.43599,45.5939,0,86,66,44,2760,10501,5.1316,166,16.8662,0,0,5449,10270061085
400.8,2.49501,45.5939,0,86,66,44,2760,10501,5.1316,166,16.8662,0,0,5449,10272556303
270.013,3.70352,45.5939,0,86,66,44,2760,10501,5.1316,166,16.8662,0,0,5449,10276260140
657.585,1.52071,45.5939,0,86,66,44,2760,10501,5.1316,166,16.8662,0,0,5449,10277781191
296.636,3.37113,45.5939,0,86,66,44,2760,10501,5.1316,166,16.8662,0,0,5449,10281152747
682.54,1.46512,45.5939,0,86,66,44,2760,10501,5.1316,166,16.8662,0,0,5449,10282619614
368.287,2.71528,45.6853,0,86,66,44,2760,10501,5.13121,166,16.8686,0,0,5418,10285333830
430.467,2.32306,45.6853,0,86,66,44,2760,10501,5.13121,166,16.8686,0,0,5418,10287657322
351.645,2.84378,45.6853,0,86,66,44,2760,10501,5.13121,166,16.8686,0,0,5418,10290501235
328.273,3.04625,45.6853,0,86,66,44,2760,10501,5.13121,166,16.8686,0,0,5418,10293548001
468.137,2.13613,45.6853,0,86,66,44,2760,10501,5.13121,166,16.8686,0,0,5418,10295684275
364.603,2.74271,45.6853,0,86,66,44,2760,10501,5.13121,166,16.8686,0,0,5418,10298427445
355.85,2.81017,45.6853,0,86,66,44,2760,10501,5.13121,166,16.8686,0,0,5418,10301237799
394.9,2.53229,45.6853,0,86,66,44,2760,10501,5.13121,166,16.8686,0,0,5418,10303770375
384.731,2.59922,45.6853,0,86,66,44,2760,10501,5.13121,166,16.8686,0,0,5418,10306369866
384.911,2.598,45.6853,0,86,66,44,2760,10501,5.13121,166,16.8686,0,0,5418,10308968223
283.757,3.52415,45.6853,0,86,66,44,2760,10501,5.13121,166,16.8686,0,0,5418,10312492861
551.515,1.81319,45.6853,0,86,66,44,2760,10501,5.13121,166,16.8686,0,0,5418,10314306230
307.97,3.24707,45.6853,0,86,66,44,2760,10501,5.13121,166,16.8686,0,0,5418,10317553618
495.724,2.01725,45.6853,0,86,66,44,2760,10501,5.13121,166,16.8686,0,0,5418,10319571186
286.636,3.48874,45.6853,0,86,66,44,2760,10501,5.13121,166,16.8686,0,0,5418,10323060178
274.162,3.64748,45.6853,0,86,66,44,2760,10501,5.13121,166,16.8686,0,0,5418,10326708109
592.063,1.68901,45.6853,0,86,66,44,2760,10501,5.13121,166,16.8686,0,0,5418,10328397349
321.75,3.10801,45.6853,0,86,66,44,2760,10501,5.13121,166,16.8686,0,0,5418,10331505694
481.735,2.07583,45.6853,0,86,66,44,2760,10501,5.13121,166,16.8686,0,0,5418,10333581937
427.807,2.3375,45.6853,0,86,66,44,2760,10501,5.13121,166,16.8686,0,0,5418,10335919679
345.833,2.89157,45.6853,0,86,66,44,2760,10501,5.13121,166,16.8686,0,0,5418,10338811575
370.702,2.69758,45.6853,0,86,66,44,2760,10501,5.13121,166,16.8686,0,0,5418,10341509502
389.487,2.56748,45.6853,0,86,66,44,2760,10501,5.13121,166,16.8686,0,0,5418,10344077387
361.099,2.76932,45.6853,0,86,66,44,2760,10501,5.13121,166,16.8686,0,0,5418,10346847124
199.646,5.00886,45.6853,0,86,66,44,2760,10501,5.13121,166,16.8686,0,0,5418,10351856351
630.668,1.58562,45.6853,0,86,66,44,2760,10501,5.13121,166,16.8686,0,0,5418,10353442260
447.106,2.2366,45.6853,0,86,66,44,2760,10501,5.13121,166,16.8686,0,0,5418,10355679374
291.652,3.42874,45.6853,0,86,66,44,2760,10501,5.13121,166,16.8686,0,0,5418,10359108547
537.416,1.86075,45.6853,0,86,66,44,2760,10501,5.13121,166,16.8686,0,0,5418,10360969552
332.879,3.00409,45.6853,0,86,66,44,2760,10501,5.13121,166,16.8686,0,0,5418,10363973951
370.154,2.70158,45.6853,0,86,66,44,2760,10501,5.13121,166,16.8686,0,0,5418,10366675879
363.203,2.75328,45.6853,0,86,66,44,2760,10501,5.13121,166,16.8686,0,0,5418,10369429558
332.885,3.00404,45.6853,0,86,66,44,2760,10501,5.13121,166,16.8686,0,0,5418,10372433910
451.988,2.21245,45.6853,0,86,66,44,2760,10501,5.13121,166,16.8686,0,0,5418,10374646705
219.123,4.56365,45.6853,0,86,66,44,2760,10501,5.13121,166,16.8686,0,0,5418,10379210744
655.893,1.52464,45.6853,0,86,66,44,2760,10501,5.13121,166,16.8686,0,0,5418,10380735699
497.965,2.00817,45.6853,0,86,66,44,2760,10501,5.13121,166,16.8686,0,0,5418,10382744132
408.255,2.44945,45.6853,0,86,66,44,2760,10501,5.13121,166,16.8686,0,0,5418,10385193916
319.68,3.12812,45.6853,0,86,66,44,2760,10501,5.13121,166,16.8686,0,0,5418,10388322368
426.784,2.34311,45.6853,0,86,66,44,2760,10501,5.13121,166,16.8686,0,0,5418,10390665803
364.649,2.74236,45.6853,0,86,66,44,2760,10501,5.13121,166,16.8686,0,0,5418,10393408559
194.876,5.13147,45.6853,0,86,66,44,2760,10501,5.13121,166,16.8686,0,0,5418,10398540251
931.693,1.07332,45.6853,0,86,66,44,2760,10501,5.13121,166,16.8686,0,0,5418,10399613950
531.468,1.88158,45.6853,0,86,66,44,2760,10501,5.13121,166,16.8686,0,0,5418,10401495841
170.605,5.86149,45.6853,0,86,66,44,2760,10501,5.13121,166,16.8686,0,0,5418,10407357644
634.535,1.57596,45.6853,0,86,66,44,2760,10501,5.13121,166,16.8686,0,0,5418,10408934072
567.211,1.76301,45.6853,0,86,66,44,2760,10501,5.13121,166,16.8686,0,0,5418,10410697314
439.655,2.27451,45.6853,0,86,66,44,2760,10501,5.13121,166,16.8686,0,0,5418,10412972151
310.76,3.21792,45.6853,0,86,66,44,2760,10501,5.13121,166,16.8686,0,0,5418,10416190394
472.374,2.11697,45.6853,0,86,66,44,2760,10501,5.13121,166,16.8686,0,0,5418,10418307629
410.442,2.4364,45.6853,0,86,66,44,2760,10501,5.13121,166,16.8686,0,0,5418,10420744249
421.703,2.37134,45.6853,0,86,66,44,2760,10501,5.13121,166,16.8686,0,0,5418,10423115992
319.573,3.12917,45.6853,0,86,66,44,2760,10501,5.13121,166,16.8686,0,0,5418,10426245483
378.311,2.64333,45.6853,0,86,66,44,2760,10501,5.13121,166,16.8686,0,0,5418,10428889110
264.234,3.78452,45.6853,0,86,66,44,2760,10501,5.13121,166,16.8686,0,0,5418,10432674170
578.137,1.72969,45.6853,0,86,66,44,2760,10501,5.13121,166,16.8686,0,0,5418,10434404104
193.106,5.17849,45.6853,0,86,66,44,2760,10501,5.13121,166,16.8686,0,0,5418,10439582932
348.142,2.87239,45.6853,0,86,66,44,2760,10501,5.13121,166,16.8686,0,0,5418,10442455702
790.133,1.26561,45.6853,0,86,66,44,2760,10501,5.13121,166,16.8686,0,0,5418,10443721754
499.258,2.00297,45.6853,0,86,66,44,2760,10501,5.13121,166,16.8686,0,0,5418,10445725014
401.535,2.49044,45.6853,0,86,66,44,2760,10501,5.13121,166,16.8686,0,0,5418,10448215723
449.701,2.2237,45.6853,0,86,66,44,2760,10501,5.13121,166,16.8686,0,0,5418,10450439779
399.512,2.50306,45.6853,0,86,66,44,2760,10501,5.13121,166,16.8686,0,0,5418,10452943142
330.158,3.02885,45.6853,0,86,66,44,2760,10501,5.13121,166,16.8686,0,0,5418,10455972369
241.038,4.14872,45.6853,0,86,66,44,2760,10501,5.13121,166,16.8686,0,0,5418,10460121288
702.518,1.42345,45.6853,0,86,66,44,2760,10501,5.13121,166,16.8686,0,0,5418,10461545086
432.405,2.31265,45.6853,0,86,66,44,2760,10501,5.13121,166,16.8686,0,0,5418,10463858067
352.038,2.84061,45.6853,0,86,66,44,2760,10501,5.13121,166,16.8686,0,0,5418,10466698990
327.03,3.05782,45.6853,0,86,66,44,2760,10501,5.13121,166,16.8686,0,0,5418,10469757083
494.263,2.02321,45.6853,0,86,66,44,2760,10501,5.13121,166,16.8686,0,0,5418,10471780652
296.051,3.3778,45.6853,0,86,66,44,2760,10501,5.13121,166,16.8686,0,0,5418,10475158910
523.242,1.91116,45.6853,0,86,66,44,2760,10501,5.13121,166,16.8686,0,0,5418,10477070320
359.825,2.77913,45.6853,0,86,66,44,2760,10501,5.13121,166,16.8686,0,0,5418,10479849770
308.457,3.24195,45.6853,0,86,66,44,2760,10501,5.13121,166,16.8686,0,0,5418,10483092148
229.314,4.36084,45.6853,0,86,66,44,2760,10501,5.13121,166,16.8686,0,0,5418,10487453353
767.321,1.30324,45.6853,0,86,66,44,2760,10501,5.13121,166,16.8686,0,0,5418,10488756685
577.643,1.73117,45.6853,0,86,66,44,2760,10501,5.13121,166,16.8686,0,0,5418,10490488244
329.063,3.03893,45.6853,0,86,66,44,2760,10501,5.13121,166,16.8686,0,0,5418,10493527509
389.025,2.57053,45.6853,0,86,66,44,2760,10501,5.13121,166,16.8686,0,0,5418,10496098365
387.099,2.58332,45.6853,0,86,66,44,2760,10501,5.13121,166,16.8686,0,0,5418,10498682039
386.126,2.58983,45.6853,0,86,66,44,2760,10501,5.13121,166,16.8686,0,0,5418,10501272165
372.244,2.68641,45.6853,0,86,66,44,2760,10501,5.13121,166,16.8686,0,0,5418,10503958948
278.357,3.59251,45.6853,0,86,66,44,2760,10501,5.13121,166,16.8686,0,0,5418,10507551665
596.625,1.6761,45.6853,0,86,66,44,2760,10501,5.13121,166,16.8686,0,0,5418,10509228019
204.407,4.89219,45.6853,0,86,66,44,2760,10501,5.13121,166,16.8686,0,0,5418,10514120713
740.215,1.35096,45.6853,0,86,66,44,2760,10501,5.13121,166,16.8686,0,0,5418,10515471797
435.004,2.29883,45.6853,0,86,66,44,2760,10501,5.13121,166,16.8686,0,0,5418,10517771124
337.99,2.95867,45.6853,0,86,66,44,2760,10501,5.13121,166,16.8686,0,0,5418,10520729993
227.056,4.40421,45.6853,0,86,66,44,2760,10501,5.13121,166,16.8686,0,0,5418,10525134488
494.628,2.02172,45.6853,0,86,66,44,2760,10501,5.13121,166,16.8686,0,0,5418,10527156537
859.255,1.1638,45.6853,0,86,66,44,2760,10501,5.13121,166,16.8686,0,0,5418,10528320451
369.775,2.70435,45.6853,0,86,66,44,2760,10501,5.13121,166,16.8686,0,0,5418,10531025235
403.635,2.47749,45.6853,0,86,66,44,2760,10501,5.13121,166,16.8686,0,0,5418,10533503155
360.03,2.77754,45.6853,0,86,66,44,2760,10501,5.13121,166,16.8686,0,0,5418,10536280941
363.806,2.74872,45.6853,0,86,66,44,2760,10501,5.13121,166,16.8686,0,0,5418,10539029985
426.079,2.34698,45.6853,0,86,66,44,2760,10501,5.13121,166,16.8686,0,0,5418,10541377228
328.151,3.04738,45.6853,0,86,66,44,2760,10501,5.13121,166,16.8686,0,0,5418,10544424936
429.33,2.32921,45.6853,0,86,66,44,2760,10501,5.13121,166,16.8686,0,0,5418,10546754447
383.423,2.60809,45.6853,0,86,66,44,2760,10501,5.13121,166,16.8686,0,0,5418,10549362987
269.557,3.70979,45.6853,0,86,66,44,2760,10501,5.13121,166,16.8686,0,0,5418,10553073189
511.311,1.95576,45.6853,0,86,66,44,2760,10501,5.13121,166,16.8686,0,0,5418,10555029101
394.675,2.53373,45.6853,0,86,66,44,2760,10501,5.13121,166,16.8686,0,0,5418,10557563196
272.529,3.66934,45.6853,0,86,66,44,2760,10501,5.13121,166,16.8686,0,0,5418,10561232954
509.07,1.96437,45.6853,0,86,66,44,2760,10501,5.13121,166,16.8686,0,0,5418,10563197694
209.986,4.76223,45.6853,0,86,66,44,2760,10501,5.13121,166,16.8686,0,0,5418,10567960220
261.529,3.82367,45.6853,0,86,66,44,2760,10501,5.13121,166,16.8686,0,0,5418,10571784118
604.856,1.65329,45.6853,0,86,66,44,2760,10501,5.13121,166,16.8686,0,0,5418,10573438000
546.017,1.83145,45.6853,0,86,66,44,2760,10501,5.13121,166,16.8686,0,0,5418,10575269687
303.119,3.29903,45.6853,0,86,66,44,2760,10501,5.13121,166,16.8686,0,0,5418,10578568971
505.004,1.98018,45.6853,0,86,66,44,2760,10501,5.13121,166,16.8686,0,0,5418,10580549519
310.028,3.22551,45.6853,0,86,66,44,2760,10501,5.13121,166,16.8686,0,0,5418,10583775512
292.888,3.41428,45.6853,0,86,66,44,2760,10501,5.13121,166,16.8686,0,0,5418,10587190127
489.842,2.04147,45.6853,0,86,66,44,2760,10501,5.13121,166,16.8686,0,0,5418,10589231706
394.283,2.53625,45.6853,0,86,66,44,2760,10501,5.13121,166,16.8686,0,0,5418,10591768262
290.656,3.44049,45.6853,0,86,66,44,2760,10501,5.13121,166,16.8686,0,0,5418,10595209138
181.58,5.5072,45.6853,0,86,66,44,2760,10501,5.13121,166,16.8686,0,0,5418,10600716795
533.726,1.87362,45.6853,0,86,66,44,2760,10501,5.13121,166,16.8686,0,0,5418,10602590646
494.148,2.02368,45.6853,0,86,66,44,2760,10501,5.13121,166,16.8686,0,0,5418,10604614676
389.44,2.56779,45.6853,0,86,66,44,2760,10501,5.13121,166,16.8686,0,0,5418,10607182878
357.131,2.80009,45.6853,0,86,66,44,2760,10501,5.13121,166,16.8686,0,0,5418,10609983376
345.53,2.89411,45.6853,0,86,66,44,2760,10501,5.13121,166,16.8686,0,0,5418,10612877656
409.517,2.4419,45.6853,0,86,66,44,2760,10501,5.13121,166,16.8686,0,0,5418,10615319941
314.624,3.1784,45.6853,0,86,66,44,2760,10501,5.13121,166,16.8686,0,0,5418,10618498740
239.283,4.17915,45.6853,0,86,66,44,2760,10501,5.13121,166,16.8686,0,0,5418,10622678160
336.814,2.969,45.6853,0,86,66,44,2760,10501,5.13121,166,16.8686,0,0,5418,10625647567
518.779,1.9276,45.6853,0,86,66,44,2760,10501,5.13121,166,16.8686,0,0,5418,10627575411
693.245,1.44249,45.6853,0,86,66,44,2760,10501,5.13121,166,16.8686,0,0,5418,10629018325
381.816,2.61906,45.6853,0,86,66,44,2760,10501,5.13121,166,16.8686,0,0,5418,10631637808
367.89,2.71821,45.6853,0,86,66,44,2760,10501,5.13121,166,16.8686,0,0,5418,10634356236
413.732,2.41702,45.6853,0,86,66,44,2760,10501,5.13121,166,16.8686,0,0,5418,10636773548
335.036,2.98476,45.6853,0,86,66,44,2760,10501,5.13121,166,16.8686,0,0,5418,10639758610
372.432,2.68505,45.6853,0,86,66,44,2760,10501,5.13121,166,16.8686,0,0,5418,10642443960
351.493,2.84501,45.6853,0,86,66,44,2760,10501,5.13121,166,16.8686,0,0,5418,10645289325
202.351,4.9419,45.6853,0,86,66,44,2760,10501,5.13121,166,16.8686,0,0,5418,10650231627
359.008,2.78545,45.6853,0,86,66,44,2760,10501,5.13121,166,16.8686,0,0,5418,10653017403
333.45,2.99895,45.6853,0,86,66,44,2760,10501,5.13121,166,16.8686,0,0,5418,10656016581
974.006,1.02669,45.6853,0,86,66,44,2760,10501,5.13121,166,16.8686,0,0,5418,10657043616
527.465,1.89586,45.6853,0,86,66,44,2760,10501,5.13121,166,16.8686,0,0,5418,10658939785
382.526,2.6142,45.6853,0,86,66,44,2760,10501,5.13121,166,16.8686,0,0,5418,10661554422
331.561,3.01603,45.6853,0,86,66,44,2760,10501,5.13121,166,16.8686,0,0,5418,10664570802
422.201,2.36854,45.6853,0,86,66,44,2760,10501,5.13121,166,16.8686,0,0,5418,10666939709
214.864,4.6541,45.6853,0,86,66,44,2760,10501,5.13121,166,16.8686,0,0,5418,10671594404
609.517,1.64064,45.6853,0,86,66,44,2760,10501,5.13121,166,16.8686,0,0,5418,10673235248
322.69,3.09895,45.6853,0,86,66,44,2760,10501,5.13121,166,16.8686,0,0,5418,10676334718
555.051,1.80164,45.6853,0,86,66,44,2760,10501,5.13121,166,16.8686,0,0,5418,10678136615
513.86,1.94606,45.6853,0,86,66,44,2760,10501,5.13121,166,16.8686,0,0,5418,10680083113
342.682,2.91816,45.6853,0,86,66,44,2760,10501,5.13121,166,16.8686,0,0,5418,10683001548
351.391,2.84584,45.6853,0,86,66,44,2760,10501,5.13121,166,16.8686,0,0,5418,10685847731
417.005,2.39805,45.6853,0,86,66,44,2760,10501,5.13121,166,16.8686,0,0,5418,10688246321
207.599,4.81697,45.6853,0,86,66,44,2760,10501,5.13121,166,16.8686,0,0,5418,10693063589
1341.6,0.745381,45.6853,0,86,66,44,2760,10501,5.13121,166,16.8686,0,0,5418,10693809018
377.731,2.64739,45.6853,0,86,66,44,2760,10501,5.13121,166,16.8686,0,0,5418,10696456857
365.11,2.7389,45.6853,0,86,66,44,2760,10501,5.13121,166,16.8686,0,0,5418,10699196084
250.08,3.99872,45.6853,0,86,66,44,2760,10501,5.13121,166,16.8686,0,0,5418,10703195258
459.129,2.17804,45.6853,0,86,66,44,2760,10501,5.13121,166,16.8686,0,0,5418,10705373639
483.352,2.06889,45.6853,0,86,66,44,2760,10501,5.13121,166,16.8686,0,0,5418,10707442766
483.862,2.0667,45.6853,0,86,66,44,2760,10501,5.13121,166,16.8686,0,0,5418,10709509807
255.372,3.91585,45.6853,0,86,66,44,2760,10501,5.13121,166,16.8686,0,0,5418,10713426035
560.661,1.78361,45.6853,0,86,66,44,2760,10501,5.13121,166,16.8686,0,0,5418,10715209922
216.75,4.61362,45.6853,0,86,66,44,2760,10501,5.13121,166,16.8686,0,0,5418,10719824183
576.845,1.73357,45.6853,0,86,66,44,2760,10501,5.13121,166,16.8686,0,0,5418,10721557867
386.742,2.5857,45.6853,0,86,66,44,2760,10501,5.13121,166,16.8686,0,0,5418,10724143954
518.611,1.92823,45.6853,0,86,66,44,2760,10501,5.13121,166,16.8686,0,0,5418,10726072413
334.07,2.99338,45.6853,0,86,66,44,2760,10501,5.13121,166,16.8686,0,0,5418,10729066129
277.317,3.60599,45.6853,0,86,66,44,2760,10501,5.13121,166,16.8686,0,0,5418,10732672549
423.813,2.35953,45.6853,0,86,66,44,2760,10501,5.13121,166,16.8686,0,0,5418,10735032417
611.708,1.63477,45.6853,0,86,66,44,2760,10501,5.13121,166,16.8686,0,0,5418,10736667491
395.244,2.53009,45.6853,0,86,66,44,2760,10501,5.13121,166,16.8686,0,0,5418,10739197942
390.645,2.55987,45.6853,0,86,66,44,2760,10501,5.13121,166,16.8686,0,0,5418,10741758172
359.285,2.7833,45.6853,0,86,66,44,2760,10501,5.13121,166,16.8686,0,0,5418,10744541737
348.465,2.86973,45.6853,0,86,66,44,2760,10501,5.13121,166,16.8686,0,0,5418,10747411748
333.865,2.99523,45.6853,0,86,66,44,2760,10501,5.13121,166,16.8686,0,0,5418,10750407368
337.237,2.96527,45.6853,0,86,66,44,2760,10501,5.13121,166,16.8686,0,0,5418,10753373025
229.199,4.36302,45.6853,0,86,66,44,2760,10501,5.13121,166,16.8686,0,0,5418,10757736528
510.771,1.95782,45.6853,0,86,66,44,2760,10501,5.13121,166,16.8686,0,0,5418,10759694854
718.878,1.39106,45.6853,0,86,66,44,2760,10501,5.13121,166,16.8686,0,0,5418,10761086314
336.041,2.97583,45.6853,0,86,66,44,2760,10501,5.13121,166,16.8686,0,0,5418,10764062338
428.684,2.33272,45.6853,0,86,66,44,2760,10501,5.13121,166,16.8686,0,0,5418,10766395532
306.425,3.26345,45.6853,0,86,66,44,2760,10501,5.13121,166,16.8686,0,0,5418,10769659382
358.261,2.79126,45.6853,0,86,66,44,2760,10501,5.13121,166,16.8686,0,0,5418,10772450841
403.805,2.47644,45.6853,0,86,66,44,2760,10501,5.13121,166,16.8686,0,0,5418,10774927713
430.649,2.32208,45.6853,0,86,66,44,2760,10501,5.13121,166,16.8686,0,0,5418,10777250061
375.351,2.66418,45.6853,0,86,66,44,2760,10501,5.13121,166,16.8686,0,0,5418,10779914737
314.027,3.18444,45.6853,0,86,66,44,2760,10501,5.13121,166,16.8686,0,0,5418,10783101796
446.989,2.23719,45.4082,0,85,66,44,2760,10501,5.13395,166,16.8688,0,0,5435,10785336968
265.446,3.76724,45.4082,0,85,66,44,2760,10501,5.13395,166,16.8688,0,0,5435,10789104451
512.568,1.95096,45.4082,0,85,66,44,2760,10501,5.13395,166,16.8688,0,0,5435,10791055699
237.511,4.21033,45.4082,0,85,66,44,2760,10501,5.13395,166,16.8688,0,0,5435,10795266399
453.875,2.20325,45.4082,0,85,66,44,2760,10501,5.13395,166,16.8688,0,0,5435,10797470117
510.658,1.95826,45.4082,0,85,66,44,2760,10501,5.13395,166,16.8688,0,0,5435,10799428683
543.767,1.83902,45.4082,0,85,66,44,2760,10501,5.13395,166,16.8688,0,0,5435,10801268139
370.103,2.70195,45.4082,0,85,66,44,2760,10501,5.13395,166,16.8688,0,0,5435,10803970230
330.701,3.02388,45.4082,0,85,66,44,2760,10501,5.13395,166,16.8688,0,0,5435,10806994438
447.555,2.23436,45.4082,0,85,66,44,2760,10501,5.13395,166,16.8688,0,0,5435,10809229263
241.102,4.14762,45.4082,0,85,66,44,2760,10501,5.13395,166,16.8688,0,0,5435,10813377307
435.949,2.29385,45.4082,0,85,66,44,2760,10501,5.13395,166,16.8688,0,0,5435,10815671375
592.491,1.68779,45.4082,0,85,66,44,2760,10501,5.13395,166,16.8688,0,0,5435,10817359499
433.2,2.3084,45.4082,0,85,66,44,2760,10501,5.13395,166,16.8688,0,0,5435,10819668096
342.838,2.91683,45.4082,0,85,66,44,2760,10501,5.13395,166,16.8688,0,0,5435,10822585444
329.525,3.03467,45.4082,0,85,66,44,2760,10501,5.13395,166,16.8688,0,0,5435,10825620268
395.337,2.52949,45.4082,0,85,66,44,2760,10501,5.13395,166,16.8688,0,0,5435,10828150084
303.64,3.29337,45.4082,0,85,66,44,2760,10501,5.13395,166,16.8688,0,0,5435,10831443772
440.504,2.27012,45.4082,0,85,66,44,2760,10501,5.13395,166,16.8688,0,0,5435,10833714214
421.078,2.37486,45.4082,0,85,66,44,2760,10501,5.13395,166,16.8688,0,0,5435,10836089399
285.28,3.50533,45.4082,0,85,66,44,2760,10501,5.13395,166,16.8688,0,0,5435,10839595075
640.077,1.56231,45.4082,0,85,66,44,2760,10501,5.13395,166,16.8688,0,0,5435,10841157782
358.149,2.79213,45.4082,0,85,66,44,2760,10501,5.13395,166,16.8688,0,0,5435,10843950212
358.403,2.79015,45.4082,0,85,66,44,2760,10501,5.13395,166,16.8688,0,0,5435,10846740729
337.55,2.96252,45.4082,0,85,66,44,2760,10501,5.13395,166,16.8688,0,0,5435,10849703627
366.393,2.72931,45.4082,0,85,66,44,2760,10501,5.13395,166,16.8688,0,0,5435,10852433191
384.91,2.59801,45.4082,0,85,66,44,2760,10501,5.13395,166,16.8688,0,0,5435,10855031499
389.985,2.5642,45.4082,0,85,66,44,2760,10501,5.13395,166,16.8688,0,0,5435,10857596105
365.509,2.73591,45.4082,0,85,66,44,2760,10501,5.13395,166,16.8688,0,0,5435,10860332332
333.866,2.99522,45.4082,0,85,66,44,2760,10501,5.13395,166,16.8688,0,0,5435,10863327817
178.421,5.60471,45.4082,0,85,66,44,2760,10501,5.13395,166,16.8688,0,0,5435,10868932814
484.117,2.06562,45.4082,0,85,66,44,2760,10501,5.13395,166,16.8688,0,0,5435,10870998816
554.971,1.8019,45.4082,0,85,66,44,2760,10501,5.13395,166,16.8688,0,0,5435,10872800992
452.877,2.2081,45.4082,0,85,66,44,2760,10501,5.13395,166,16.8688,0,0,5435,10875009413
358.633,2.78836,45.4082,0,85,66,44,2760,10501,5.13395,166,16.8688,0,0,5435,10877798161
358.217,2.7916,45.4082,0,85,66,44,2760,10501,5.13395,166,16.8688,0,0,5435,10880589995
399.223,2.50486,45.4082,0,85,66,44,2760,10501,5.13395,166,16.8688,0,0,5435,10883095310
374.693,2.66885,45.4082,0,85,66,44,2760,10501,5.13395,166,16.8688,0,0,5435,10885764381
352.137,2.83981,45.4082,0,85,66,44,2760,10501,5.13395,166,16.8688,0,0,5435,10888604563
458.686,2.18014,45.4082,0,85,66,44,2760,10501,5.13395,166,16.8688,0,0,5435,10890784964
292.51,3.41869,45.4082,0,85,66,44,2760,10501,5.13395,166,16.8688,0,0,5435,10894204002
461.52,2.16675,45.4082,0,85,66,44,2760,10501,5.13395,166,16.8688,0,0,5435,10896371056
358.743,2.78751,45.4082,0,85,66,44,2760,10501,5.13395,166,16.8688,0,0,5435,10899158986
423.568,2.3609,45.4082,0,85,66,44,2760,10501,5.13395,166,16.8688,0,0,5435,10901520114
259.397,3.8551,45.4082,0,85,66,44,2760,10501,5.13395,166,16.8688,0,0,5435,10905375523
310.081,3.22497,45.4082,0,85,66,44,2760,10501,5.13395,166,16.8688,0,0,5435,10908600958
1071.01,0.933695,45.4082,0,85,66,44,2760,10501,5.13395,166,16.8688,0,0,5435,10909534817
265.515,3.76626,45.4082,0,85,66,44,2760,10501,5.13395,166,16.8688,0,0,5435,10913301492
536.657,1.86339,45.4082,0,85,66,44,2760,10501,5.13395,166,16.8688,0,0,5435,10915165170
382.541,2.6141,45.4082,0,85,66,44,2760,10501,5.13395,166,16.8688,0,0,5435,10917779585
289.807,3.45057,45.4082,0,85,66,44,2760,10501,5.13395,166,16.8688,0,0,5435,10921230490
489.718,2.04199,45.4082,0,85,66,44,2760,10501,5.13395,166,16.8688,0,0,5435,10923272905
377.997,2.64552,45.4082,0,85,66,44,2760,10501,5.13395,166,16.8688,0,0,5435,10925918859
342.354,2.92095,45.4082,0,85,66,44,2760,10501,5.13395,166,16.8688,0,0,5435,10928839919
471.445,2.12114,45.4082,0,85,66,44,2760,10501,5.13395,166,16.8688,0,0,5435,10930961500
400.187,2.49883,45.4082,0,85,66,44,2760,10501,5.13395,166,16.8688,0,0,5435,10933460709
340.109,2.94023,45.4082,0,85,66,44,2760,10501,5.13395,166,16.8688,0,0,5435,10936401251
306.799,3.25947,45.4082,0,85,66,44,2760,10501,5.13395,166,16.8688,0,0,5435,10939660938
403.886,2.47595,45.4082,0,85,66,44,2760,10501,5.13395,166,16.8688,0,0,5435,10942154147
299.663,3.33708,45.4082,0,85,66,44,2760,10501,5.13395,166,16.8688,0,0,5435,10945474730
498.371,2.00654,45.4082,0,85,66,44,2760,10501,5.13395,166,16.8688,0,0,5435,10947481528
346.561,2.88549,45.4082,0,85,66,44,2760,10501,5.13395,166,16.8688,0,0,5435,10950367520
451.017,2.21721,45.4082,0,85,66,44,2760,10501,5.13395,166,16.8688,0,0,5435,10952584921
394.852,2.53259,45.4082,0,85,66,44,2760,10501,5.13395,166,16.8688,0,0,5435,10955117776
380.119,2.63075,45.4082,0,85,66,44,2760,10501,5.13395,166,16.8688,0,0,5435,10957748864
344.883,2.89953,45.4082,0,85,66,44,2760,10501,5.13395,166,16.8688,0,0,5435,10960648789
200.806,4.97993,45.4082,0,85,66,44,2760,10501,5.13395,166,16.8688,0,0,5435,10965629207
1364.01,0.73313,45.4082,0,85,66,44,2760,10501,5.13395,166,16.8688,0,0,5435,10966362145
358.369,2.79042,45.4082,0,85,66,44,2760,10501,5.13395,166,16.8688,0,0,5435,10969153114
496.572,2.01381,45.4082,0,85,66,44,2760,10501,5.13395,166,16.8688,0,0,5435,10971167230
277.494,3.60368,45.4082,0,85,66,44,2760,10501,5.13395,166,16.8688,0,0,5435,10974771304
429.246,2.32966,45.4082,0,85,66,44,2760,10501,5.13395,166,16.8688,0,0,5435,10977101286
477.594,2.09383,45.4082,0,85,66,44,2760,10501,5.13395,166,16.8688,0,0,5435,10979195318
356.543,2.80471,45.4082,0,85,66,44,2760,10501,5.13395,166,16.8688,0,0,5435,10982000316
320.475,3.12036,45.4082,0,85,66,44,2760,10501,5.13395,166,16.8688,0,0,5435,10985121018
407.302,2.45518,45.4082,0,85,66,44,2760,10501,5.13395,166,16.8688,0,0,5435,10987576504
363.12,2.75391,45.4082,0,85,66,44,2760,10501,5.13395,166,16.8688,0,0,5435,10990330732
308.027,3.24646,45.4082,0,85,66,44,2760,10501,5.13395,166,16.8688,0,0,5435,10993577476
616.659,1.62164,45.4082,0,85,66,44,2760,10501,5.13395,166,16.8688,0,0,5435,10995199665
307.82,3.24865,45.4082,0,85,66,44,2760,10501,5.13395,166,16.8688,0,0,5435,10998448524
302.559,3.30514,45.4082,0,85,66,44,2760,10501,5.13395,166,16.8688,0,0,5435,11001754145
272.508,3.66961,45.4082,0,85,66,44,2760,10501,5.13395,166,16.8688,0,0,5435,11005424115
526.597,1.89899,45.4082,0,85,66,44,2760,10501,5.13395,166,16.8688,0,0,5435,11007323535
356.406,2.80579,45.4082,0,85,66,44,2760,10501,5.13395,166,16.8688,0,0,5435,11010129582
489.128,2.04445,45.4082,0,85,66,44,2760,10501,5.13395,166,16.8688,0,0,5435,11012174285
371.062,2.69497,45.4082,0,85,66,44,2760,10501,5.13395,166,16.8688,0,0,5435,11014869626
299.298,3.34115,45.4082,0,85,66,44,2760,10501,5.13395,166,16.8688,0,0,5435,11018211056
485.38,2.06024,45.4082,0,85,66,44,2760,10501,5.13395,166,16.8688,0,0,5435,11020271664
389.887,2.56485,45.4082,0,85,66,44,2760,10501,5.13395,166,16.8688,0,0,5435,11022836885
346.554,2.88555,45.4082,0,85,66,44,2760,10501,5.13395,166,16.8688,0,0,5435,11025722713
281.288,3.55507,45.4082,0,85,66,44,2760,10501,5.13395,166,16.8688,0,0,5435,11029278121
219.868,4.54818,45.4082,0,85,66,44,2760,10501,5.13395,166,16.8688,0,0,5435,11033826630
705.128,1.41818,45.4082,0,85,66,44,2760,10501,5.13395,166,16.8688,0,0,5435,11035245149
585.062,1.70922,45.4082,0,85,66,44,2760,10501,5.13395,166,16.8688,0,0,5435,11036954601
403.572,2.47787,45.4082,0,85,66,44,2760,10501,5.13395,166,16.8688,0,0,5435,11039432829
325.769,3.06966,45.4082,0,85,66,44,2760,10501,5.13395,166,16.8688,0,0,5435,11042502769
401.653,2.48971,45.4082,0,85,66,44,2760,10501,5.13395,166,16.8688,0,0,5435,11044992853
412.171,2.42618,45.4082,0,85,66,44,2760,10501,5.13395,166,16.8688,0,0,5435,11047419329
335.672,2.9791,45.4082,0,85,66,44,2760,10501,5.13395,166,16.8688,0,0,5435,11050398794
374.6,2.66951,45.4082,0,85,66,44,2760,10501,5.13395,166,16.8688,0,0,5435,11053068586
245.111,4.07978,45.4082,0,85,66,44,2760,10501,5.13395,166,16.8688,0,0,5435,11057148666
454.729,2.19911,45.4082,0,85,66,44,2760,10501,5.13395,166,16.8688,0,0,5435,11059348125
638.591,1.56595,45.4082,0,85,66,44,2760,10501,5.13395,166,16.8688,0,0,5435,11060914351
319.261,3.13223,45.4082,0,85,66,44,2760,10501,5.13395,166,16.8688,0,0,5435,11064047052
420.567,2.37774,45.4082,0,85,66,44,2760,10501,5.13395,166,16.8688,0,0,5435,11066425036
279.392,3.57921,45.4082,0,85,66,44,2760,10501,5.13395,166,16.8688,0,0,5435,11070004724
566.143,1.76634,45.4082,0,85,66,44,2760,10501,5.13395,166,16.8688,0,0,5435,11071771447
423.345,2.36214,45.4082,0,85,66,44,2760,10501,5.13395,166,16.8688,0,0,5435,11074133815
381.121,2.62384,45.4082,0,85,66,44,2760,10501,5.13395,166,16.8688,0,0,5435,11076757971
340.532,2.93658,45.4082,0,85,66,44,2760,10501,5.13395,166,16.8688,0,0,5435,11079694839
248.975,4.01647,45.4082,0,85,66,44,2760,10501,5.13395,166,16.8688,0,0,5435,11083711619
635.912,1.57254,45.4082,0,85,66,44,2760,10501,5.13395,166,16.8688,0,0,5435,11085284528
402.68,2.48336,45.4082,0,85,66,44,2760,10501,5.13395,166,16.8688,0,0,5435,11087768207
287.544,3.47773,45.4082,0,85,66,44,2760,10501,5.13395,166,16.8688,0,0,5435,11091246373
393.488,2.54137,45.4082,0,85,66,44,2760,10501,5.13395,166,16.8688,0,0,5435,11093788035
436.223,2.2924,45.4082,0,85,66,44,2760,10501,5.13395,166,16.8688,0,0,5435,11096080738
301.423,3.31759,45.4082,0,85,66,44,2760,10501,5.13395,166,16.8688,0,0,5435,11099398821
572.532,1.74663,45.4082,0,85,66,44,2760,10501,5.13395,166,16.8688,0,0,5435,11101145928
307.352,3.2536,45.4082,0,85,66,44,2760,10501,5.13395,166,16.8688,0,0,5435,11104399922
345.03,2.8983,45.4082,0,85,66,44,2760,10501,5.13395,166,16.8688,0,0,5435,11107298443
241.237,4.1453,45.4082,0,85,66,44,2760,10501,5.13395,166,16.8688,0,0,5435,11111444284
2222.1,0.450024,45.4082,0,85,66,44,2760,10501,5.13395,166,16.8688,0,0,5435,11111894386
233.799,4.27717,45.4082,0,85,66,44,2760,10501,5.13395,166,16.8688,0,0,5435,11116172165
428.507,2.33368,45.4082,0,85,66,44,2760,10501,5.13395,166,16.8688,0,0,5435,11118506234
438.321,2.28143,45.4082,0,85,66,44,2760,10501,5.13395,166,16.8688,0,0,5435,11120787897
365.94,2.73269,45.4082,0,85,66,44,2760,10501,5.13395,166,16.8688,0,0,5435,11123520893
422.542,2.36663,45.4082,0,85,66,44,2760,10501,5.13395,166,16.8688,0,0,5435,11125887819
221.939,4.50575,45.4082,0,85,66,44,2760,10501,5.13395,166,16.8688,0,0,5435,11130394115
694.087,1.44074,45.4082,0,85,66,44,2760,10501,5.13395,166,16.8688,0,0,5435,11131835164
406.996,2.45703,45.4082,0,85,66,44,2760,10501,5.13395,166,16.8688,0,0,5435,11134292448
337.028,2.96711,45.4082,0,85,66,44,2760,10501,5.13395,166,16.8688,0,0,5435,11137259808
498.954,2.00419,45.4082,0,85,66,44,2760,10501,5.13395,166,16.8688,0,0,5435,11139264327
355.625,2.81195,45.4082,0,85,66,44,2760,10501,5.13395,166,16.8688,0,0,5435,11142076682
347.259,2.87969,45.4082,0,85,66,44,2760,10501,5.13395,166,16.8688,0,0,5435,11144957375
387.398,2.58133,45.4082,0,85,66,44,2760,10501,5.13395,166,16.8688,0,0,5435,11147538347
353.768,2.82671,45.4082,0,85,66,44,2760,10501,5.13395,166,16.8688,0,0,5435,11150365346
387.372,2.5815,45.4082,0,85,66,44,2760,10501,5.13395,166,16.8688,0,0,5435,11152947240
351.971,2.84114,45.4082,0,85,66,44,2760,10501,5.13395,166,16.8688,0,0,5435,11155788634
366.075,2.73168,45.4082,0,85,66,44,2760,10501,5.13395,166,16.8688,0,0,5435,11158520803
373.321,2.67866,45.4082,0,85,66,44,2760,10501,5.13395,166,16.8688,0,0,5435,11161199730
221.013,4.52462,45.4082,0,85,66,44,2760,10501,5.13395,166,16.8688,0,0,5435,11165724796
442.151,2.26167,45.4082,0,85,66,44,2760,10501,5.13395,166,16.8688,0,0,5435,11167986622
305.134,3.27725,45.4082,0,85,66,44,2760,10501,5.13395,166,16.8688,0,0,5435,11171264377
1454.64,0.687456,45.4082,0,85,66,44,2760,10501,5.13395,166,16.8688,0,0,5435,11171951775
314.847,3.17615,45.4082,0,85,66,44,2760,10501,5.13395,166,16.8688,0,0,5435,11175128507
483.34,2.06893,45.4082,0,85,66,44,2760,10501,5.13395,166,16.8688,0,0,5435,11177197817
279.522,3.57753,45.4082,0,85,66,44,2760,10501,5.13395,166,16.8688,0,0,5435,11180775572
523.3,1.91095,45.4082,0,85,66,44,2760,10501,5.13395,166,16.8688,0,0,5435,11182687031
373.881,2.67465,45.4082,0,85,66,44,2760,10501,5.13395,166,16.8688,0,0,5435,11185361871
183.637,5.44553,45.4082,0,85,66,44,2760,10501,5.13395,166,16.8688,0,0,5435,11190807680
643.017,1.55517,45.4082,0,85,66,44,2760,10501,5.13395,166,16.8688,0,0,5435,11192363348
356.459,2.80537,45.4082,0,85,66,44,2760,10501,5.13395,166,16.8688,0,0,5435,11195168894
450.386,2.22032,45.4082,0,85,66,44,2760,10501,5.13395,166,16.8688,0,0,5435,11197389488
414.621,2.41184,45.4082,0,85,66,44,2760,10501,5.13395,166,16.8688,0,0,5435,11199801637
364.537,2.74321,45.4082,0,85,66,44,2760,10501,5.13395,166,16.8688,0,0,5435,11202545066
367.691,2.71968,45.4082,0,85,66,44,2760,10501,5.13395,166,16.8688,0,0,5435,11205265215
325.888,3.06854,45.4082,0,85,66,44,2760,10501,5.13395,166,16.8688,0,0,5435,11208334049
288.55,3.46561,45.4082,0,85,66,44,2760,10501,5.13395,166,16.8688,0,0,5435,11211799954
283.96,3.52163,45.4082,0,85,66,44,2760,10501,5.13395,166,16.8688,0,0,5435,11215322015
344.113,2.90602,45.4082,0,85,66,44,2760,10501,5.13395,166,16.8688,0,0,5435,11218228450
641.97,1.55771,45.4082,0,85,66,44,2760,10501,5.13395,166,16.8688,0,0,5435,11219786512
558.31,1.79112,45.4082,0,85,66,44,2760,10501,5.13395,166,16.8688,0,0,5435,11221577976
329.914,3.03109,45.4082,0,85,66,44,2760,10501,5.13395,166,16.8688,0,0,5435,11224609482
359.604,2.78083,45.4082,0,85,66,44,2760,10501,5.13395,166,16.8688,0,0,5435,11227390489
370.598,2.69834,45.4082,0,85,66,44,2760,10501,5.13395,166,16.8688,0,0,5435,11230089167
456.72,2.18952,45.4082,0,85,66,44,2760,10501,5.13395,166,16.8688,0,0,5435,11232279116
349.649,2.86001,45.4082,0,85,66,44,2760,10501,5.13395,166,16.8688,0,0,5435,11235139279
368.906,2.71072,45.4082,0,85,66,44,2760,10501,5.13395,166,16.8688,0,0,5435,11237850303
399.547,2.50283,45.4082,0,85,66,44,2760,10501,5.13395,166,16.8688,0,0,5435,11240353763
201.957,4.95156,45.4082,0,85,66,44,2760,10501,5.13395,166,16.8688,0,0,5435,11245305622
563.746,1.77385,45.4082,0,85,66,44,2760,10501,5.13395,166,16.8688,0,0,5435,11247079586
630.932,1.58496,45.4082,0,85,66,44,2760,10501,5.13395,166,16.8688,0,0,5435,11248664860
354.273,2.82268,45.4082,0,85,66,44,2760,10501,5.13395,166,16.8688,0,0,5435,11251487830
376.239,2.65789,45.4082,0,85,66,44,2760,10501,5.13395,166,16.8688,0,0,5435,11254146064
378.213,2.64401,45.4082,0,85,66,44,2760,10501,5.13395,166,16.8688,0,0,5435,11256790374
382.37,2.61527,45.4082,0,85,66,44,2760,10501,5.13395,166,16.8688,0,0,5435,11259406011
342.739,2.91768,45.4082,0,85,66,44,2760,10501,5.13395,166,16.8688,0,0,5435,11262323994
393.858,2.53899,45.4082,0,85,66,44,2760,10501,5.13395,166,16.8688,0,0,5435,11264863291
413.842,2.41638,45.4082,0,85,66,44,2760,10501,5.13395,166,16.8688,0,0,5435,11267280036
172.623,5.79298,45.4082,0,85,66,44,2760,10501,5.13395,166,16.8688,0,0,5435,11273073462
406.867,2.4578,45.4082,0,85,66,44,2760,10501,5.13395,166,16.8688,0,0,5435,11275531612
717.5,1.39373,45.4082,0,85,66,44,2760,10501,5.13395,166,16.8688,0,0,5435,11276925716
547.399,1.82682,45.4082,0,85,66,44,2760,10501,5.13395,166,16.8688,0,0,5435,11278752759
213.653,4.68049,45.4082,0,85,66,44,2760,10501,5.13395,166,16.8688,0,0,5435,11283436272
515.128,1.94127,45.1407,0,85,66,44,2760,10501,5.13199,166,16.8682,0,0,5432,11285375242
547.186,1.82753,45.1407,0,85,66,44,2760,10501,5.13199,166,16.8682,0,0,5432,11287203226
317.575,3.14887,45.1407,0,85,66,44,2760,10501,5.13199,166,16.8682,0,0,5432,11290352294
333.838,2.99547,45.1407,0,85,66,44,2760,10501,5.13199,166,16.8682,0,0,5432,11293348087
580.247,1.7234,45.1407,0,85,66,44,2760,10501,5.13199,166,16.8682,0,0,5432,11295071799
225.392,4.43671,45.1407,0,85,66,44,2760,10501,5.13199,166,16.8682,0,0,5432,11299508795
417.608,2.39459,45.1407,0,85,66,44,2760,10501,5.13199,166,16.8682,0,0,5432,11301903895
543.094,1.8413,45.1407,0,85,66,44,2760,10501,5.13199,166,16.8682,0,0,5432,11303745409
367.466,2.72134,45.1407,0,85,66,44,2760,10501,5.13199,166,16.8682,0,0,5432,11306467116
359.681,2.78024,45.1407,0,85,66,44,2760,10501,5.13199,166,16.8682,0,0,5432,11309247738
441.724,2.26385,45.1407,0,85,66,44,2760,10501,5.13199,166,16.8682,0,0,5432,11311511949
329.435,3.0355,45.1407,0,85,66,44,2760,10501,5.13199,166,16.8682,0,0,5432,11314547686
343.499,2.91121,45.1407,0,85,66,44,2760,10501,5.13199,166,16.8682,0,0,5432,11317459400
341.077,2.93189,45.1407,0,85,66,44,2760,10501,5.13199,166,16.8682,0,0,5432,11320391556
393.318,2.54247,45.1407,0,85,66,44,2760,10501,5.13199,166,16.8682,0,0,5432,11322934584
281.462,3.55288,45.1407,0,85,66,44,2760,10501,5.13199,166,16.8682,0,0,5432,11326487723
383.178,2.60975,45.1407,0,85,66,44,2760,10501,5.13199,166,16.8682,0,0,5432,11329097763
495.446,2.01838,45.1407,0,85,66,44,2760,10501,5.13199,166,16.8682,0,0,5432,11331116591
399.828,2.50107,45.1407,0,85,66,44,2760,10501,5.13199,166,16.8682,0,0,5432,11333617992
376.787,2.65402,45.1407,0,85,66,44,2760,10501,5.13199,166,16.8682,0,0,5432,11336272332
354.841,2.81816,45.1407,0,85,66,44,2760,10501,5.13199,166,16.8682,0,0,5432,11339090830
249.726,4.00438,45.1407,0,85,66,44,2760,10501,5.13199,166,16.8682,0,0,5432,11343095658
683.527,1.463,45.1407,0,85,66,44,2760,10501,5.13199,166,16.8682,0,0,5432,11344558880
290.222,3.44564,45.1407,0,85,66,44,2760,10501,5.13199,166,16.8682,0,0,5432,11348004871
607.46,1.6462,45.1407,0,85,66,44,2760,10501,5.13199,166,16.8682,0,0,5432,11349651350
284.068,3.52028,45.1407,0,85,66,44,2760,10501,5.13199,166,16.8682,0,0,5432,11353172113
605.825,1.65064,45.1407,0,85,66,44,2760,10501,5.13199,166,16.8682,0,0,5432,11354822976
284.447,3.5156,45.1407,0,85,66,44,2760,10501,5.13199,166,16.8682,0,0,5432,11358338931
448.433,2.22999,45.1407,0,85,66,44,2760,10501,5.13199,166,16.8682,0,0,5432,11360569198
364.525,2.74329,45.1407,0,85,66,44,2760,10501,5.13199,166,16.8682,0,0,5432,11363313051
190.307,5.25467,45.1407,0,85,66,44,2760,10501,5.13199,166,16.8682,0,0,5432,11368568112
566.837,1.76418,45.1407,0,85,66,44,2760,10501,5.13199,166,16.8682,0,0,5432,11370332479
603.099,1.6581,45.1407,0,85,66,44,2760,10501,5.13199,166,16.8682,0,0,5432,11371990881
434.22,2.30298,45.1407,0,85,66,44,2760,10501,5.13199,166,16.8682,0,0,5432,11374294103
356.889,2.80199,45.1407,0,85,66,44,2760,10501,5.13199,166,16.8682,0,0,5432,11377096467
266.403,3.75371,45.1407,0,85,66,44,2760,10501,5.13199,166,16.8682,0,0,5432,11380850488
599.279,1.66867,45.1407,0,85,66,44,2760,10501,5.13199,166,16.8682,0,0,5432,11382519679
377.659,2.64789,45.1407,0,85,66,44,2760,10501,5.13199,166,16.8682,0,0,5432,11385167845
405.312,2.46724,45.1407,0,85,66,44,2760,10501,5.13199,166,16.8682,0,0,5432,11387635389
339.626,2.94442,45.1407,0,85,66,44,2760,10501,5.13199,166,16.8682,0,0,5432,11390580191
406.786,2.45829,45.1407,0,85,66,44,2760,10501,5.13199,166,16.8682,0,0,5432,11393038831
365.326,2.73728,45.1407,0,85,66,44,2760,10501,5.13199,166,16.8682,0,0,5432,11395776337
213.613,4.68136,45.1407,0,85,66,44,2760,10501,5.13199,166,16.8682,0,0,5432,11400458273
508.486,1.96662,45.1407,0,85,66,44,2760,10501,5.13199,166,16.8682,0,0,5432,11402425003
526.909,1.89786,45.1407,0,85,66,44,2760,10501,5.13199,166,16.8682,0,0,5432,11404323231
199.894,5.00265,45.1407,0,85,66,44,2760,10501,5.13199,166,16.8682,0,0,5432,11409326255
445.849,2.24291,45.1407,0,85,66,44,2760,10501,5.13199,166,16.8682,0,0,5432,11411569542
1161.47,0.860981,45.1407,0,85,66,44,2760,10501,5.13199,166,16.8682,0,0,5432,11412430946
359,2.78552,45.1407,0,85,66,44,2760,10501,5.13199,166,16.8682,0,0,5432,11415216934
397.928,2.51302,45.1407,0,85,66,44,2760,10501,5.13199,166,16.8682,0,0,5432,11417730346
293.244,3.41013,45.1407,0,85,66,44,2760,10501,5.13199,166,16.8682,0,0,5432,11421140788
489.75,2.04186,45.1407,0,85,66,44,2760,10501,5.13199,166,16.8682,0,0,5432,11423182972
387.268,2.58219,45.1407,0,85,66,44,2760,10501,5.13199,166,16.8682,0,0,5432,11425765530
297.28,3.36383,45.1407,0,85,66,44,2760,10501,5.13199,166,16.8682,0,0,5432,11429129643
495.082,2.01987,45.1407,0,85,66,44,2760,10501,5.13199,166,16.8682,0,0,5432,11431149846
339.776,2.94312,45.1407,0,85,66,44,2760,10501,5.13199,166,16.8682,0,0,5432,11434093445
428.813,2.33202,45.1407,0,85,66,44,2760,10501,5.13199,166,16.8682,0,0,5432,11436425668
236.318,4.23159,45.1407,0,85,66,44,2760,10501,5.13199,166,16.8682,0,0,5432,11440657676
694.523,1.43984,45.1407,0,85,66,44,2760,10501,5.13199,166,16.8682,0,0,5432,11442097609
308.193,3.24472,45.1407,0,85,66,44,2760,10501,5.13199,166,16.8682,0,0,5432,11445342671
459.783,2.17494,45.1407,0,85,66,44,2760,10501,5.13199,166,16.8682,0,0,5432,11447517946
342.71,2.91792,45.1407,0,85,66,44,2760,10501,5.13199,166,16.8682,0,0,5432,11450436361
208.635,4.79307,45.1407,0,85,66,44,2760,10501,5.13199,166,16.8682,0,0,5432,11455229927
531.321,1.8821,45.1407,0,85,66,44,2760,10501,5.13199,166,16.8682,0,0,5432,11457112327
236.984,4.2197,45.1407,0,85,66,44,2760,10501,5.13199,166,16.8682,0,0,5432,11461332392
414.72,2.41126,45.1407,0,85,66,44,2760,10501,5.13199,166,16.8682,0,0,5432,11463743877
642.592,1.5562,45.1407,0,85,66,44,2760,10501,5.13199,166,16.8682,0,0,5432,11465300401
432.26,2.31342,45.1407,0,85,66,44,2760,10501,5.13199,166,16.8682,0,0,5432,11467614123
200.171,4.99574,45.1407,0,85,66,44,2760,10501,5.13199,166,16.8682,0,0,5432,11472610272
796.45,1.25557,45.1407,0,85,66,44,2760,10501,5.13199,166,16.8682,0,0,5432,11473866228
498.569,2.00574,45.1407,0,85,66,44,2760,10501,5.13199,166,16.8682,0,0,5432,11475872199
401.121,2.49302,45.1407,0,85,66,44,2760,10501,5.13199,166,16.8682,0,0,5432,11478365495
363.121,2.7539,45.1407,0,85,66,44,2760,10501,5.13199,166,16.8682,0,0,5432,11481119847
352.971,2.8331,45.1407,0,85,66,44,2760,10501,5.13199,166,16.8682,0,0,5432,11483953385
190.059,5.26153,45.1407,0,85,66,44,2760,10501,5.13199,166,16.8682,0,0,5432,11489215014
533.83,1.87326,45.1407,0,85,66,44,2760,10501,5.13199,166,16.8682,0,0,5432,11491088626
456.724,2.18951,45.1407,0,85,66,44,2760,10501,5.13199,166,16.8682,0,0,5432,11493278603
704.125,1.4202,45.1407,0,85,66,44,2760,10501,5.13199,166,16.8682,0,0,5432,11494699132
357.078,2.80051,45.1407,0,85,66,44,2760,10501,5.13199,166,16.8682,0,0,5432,11497499947
384.812,2.59867,45.1407,0,85,66,44,2760,10501,5.13199,166,16.8682,0,0,5432,11500098920
380.532,2.6279,45.1407,0,85,66,44,2760,10501,5.13199,166,16.8682,0,0,5432,11502727220
360.573,2.77336,45.1407,0,85,66,44,2760,10501,5.13199,166,16.8682,0,0,5432,11505500871
365.712,2.73439,45.1407,0,85,66,44,2760,10501,5.13199,166,16.8682,0,0,5432,11508235732
375.944,2.65997,45.1407,0,85,66,44,2760,10501,5.13199,166,16.8682,0,0,5432,11510896005
226.811,4.40897,45.1407,0,85,66,44,2760,10501,5.13199,166,16.8682,0,0,5432,11515305403
723.998,1.38122,45.1407,0,85,66,44,2760,10501,5.13199,166,16.8682,0,0,5432,11516686786
369.702,2.70488,45.1407,0,85,66,44,2760,10501,5.13199,166,16.8682,0,0,5432,11519392051
325.646,3.07082,45.1407,0,85,66,44,2760,10501,5.13199,166,16.8682,0,0,5432,11522463193
213.749,4.67838,45.1407,0,85,66,44,2760,10501,5.13199,166,16.8682,0,0,5432,11527141985
658.902,1.51768,45.1407,0,85,66,44,2760,10501,5.13199,166,16.8682,0,0,5432,11528660180
610.57,1.63781,45.1407,0,85,66,44,2760,10501,5.13199,166,16.8682,0,0,5432,11530298447
385.901,2.59134,45.1407,0,85,66,44,2760,10501,5.13199,166,16.8682,0,0,5432,11532890246
375.089,2.66603,45.1407,0,85,66,44,2760,10501,5.13199,166,16.8682,0,0,5432,11535556576
348.773,2.86719,45.1407,0,85,66,44,2760,10501,5.13199,166,16.8682,0,0,5432,11538424240
212.76,4.70014,45.1407,0,85,66,44,2760,10501,5.13199,166,16.8682,0,0,5432,11543124937
622.484,1.60647,45.1407,0,85,66,44,2760,10501,5.13199,166,16.8682,0,0,5432,11544731597
510.761,1.95786,45.1407,0,85,66,44,2760,10501,5.13199,166,16.8682,0,0,5432,11546689845
311.397,3.21133,45.1407,0,85,66,44,2760,10501,5.13199,166,16.8682,0,0,5432,11549901627
294.631,3.39408,45.1407,0,85,66,44,2760,10501,5.13199,166,16.8682,0,0,5432,11553296107
962.093,1.0394,45.1407,0,85,66,44,2760,10501,5.13199,166,16.8682,0,0,5432,11554335844
425.296,2.3513,45.1407,0,85,66,44,2760,10501,5.13199,166,16.8682,0,0,5432,11556687846
334.308,2.99126,45.1407,0,85,66,44,2760,10501,5.13199,166,16.8682,0,0,5432,11559679293
193.366,5.17155,45.1407,0,85,66,44,2760,10501,5.13199,166,16.8682,0,0,5432,11564851419
647.441,1.54454,45.1407,0,85,66,44,2760,10501,5.13199,166,16.8682,0,0,5432,11566396375
242.325,4.1267,45.1407,0,85,66,44,2760,10501,5.13199,166,16.8682,0,0,5432,11570523264
758.379,1.3186,45.1407,0,85,66,44,2760,10501,5.13199,166,16.8682,0,0,5432,11571842299
447.709,2.23359,45.1407,0,85,66,44,2760,10501,5.13199,166,16.8682,0,0,5432,11574076134
471.323,2.12169,45.1407,0,85,66,44,2760,10501,5.13199,166,16.8682,0,0,5432,11576198109
417.955,2.3926,45.1407,0,85,66,44,2760,10501,5.13199,166,16.8682,0,0,5432,11578590978
347.374,2.87874,45.1407,0,85,66,44,2760,10501,5.13199,166,16.8682,0,0,5432,11581470114
360.91,2.77078,45.1407,0,85,66,44,2760,10501,5.13199,166,16.8682,0,0,5432,11584241236
342.679,2.91818,45.1407,0,85,66,44,2760,10501,5.13199,166,16.8682,0,0,5432,11587159777
357.729,2.79541,45.1407,0,85,66,44,2760,10501,5.13199,166,16.8682,0,0,5432,11589955457
342.774,2.91738,45.1407,0,85,66,44,2760,10501,5.13199,166,16.8682,0,0,5432,11592873142
193.832,5.15912,45.1407,0,85,66,44,2760,10501,5.13199,166,16.8682,0,0,5432,11598032749
562.35,1.77825,45.1407,0,85,66,44,2760,10501,5.13199,166,16.8682,0,0,5432,11599811299
991.254,1.00882,45.1407,0,85,66,44,2760,10501,5.13199,166,16.8682,0,0,5432,11600820535
484.056,2.06588,45.1407,0,85,66,44,2760,10501,5.13199,166,16.8682,0,0,5432,11602886595
250.65,3.98962,45.1407,0,85,66,44,2760,10501,5.13199,166,16.8682,0,0,5432,11606876508
584.47,1.71095,45.1407,0,85,66,44,2760,10501,5.13199,166,16.8682,0,0,5432,11608587970
348.652,2.86819,45.1407,0,85,66,44,2760,10501,5.13199,166,16.8682,0,0,5432,11611456345
389.786,2.56551,45.1407,0,85,66,44,2760,10501,5.13199,166,16.8682,0,0,5432,11614022191
314.999,3.17462,45.1407,0,85,66,44,2760,10501,5.13199,166,16.8682,0,0,5432,11617197414
317.659,3.14803,45.1407,0,85,66,44,2760,10501,5.13199,166,16.8682,0,0,5432,11620345789
684.183,1.4616,45.1407,0,85,66,44,2760,10501,5.13199,166,16.8682,0,0,5432,11621807511
314.186,3.18283,45.1407,0,85,66,44,2760,10501,5.13199,166,16.8682,0,0,5432,11624990744
404.695,2.471,45.1407,0,85,66,44,2760,10501,5.13199,166,16.8682,0,0,5432,11627462029
368.883,2.71089,45.1407,0,85,66,44,2760,10501,5.13199,166,16.8682,0,0,5432,11630173255
349.33,2.86263,45.1407,0,85,66,44,2760,10501,5.13199,166,16.8682,0,0,5432,11633036130
376.44,2.65647,45.1407,0,85,66,44,2760,10501,5.13199,166,16.8682,0,0,5432,11635692874
491.83,2.03322,45.1407,0,85,66,44,2760,10501,5.13199,166,16.8682,0,0,5432,11637726519
378.073,2.64499,45.1407,0,85,66,44,2760,10501,5.13199,166,16.8682,0,0,5432,11640371743
340.05,2.94074,45.1407,0,85,66,44,2760,10501,5.13199,166,16.8682,0,0,5432,11643312813
338.927,2.95048,45.1407,0,85,66,44,2760,10501,5.13199,166,16.8682,0,0,5432,11646263682
196.83,5.08053,45.1407,0,85,66,44,2760,10501,5.13199,166,16.8682,0,0,5432,11651344439
597.616,1.67332,45.1407,0,85,66,44,2760,10501,5.13199,166,16.8682,0,0,5432,11653018169
548.08,1.82455,45.1407,0,85,66,44,2760,10501,5.13199,166,16.8682,0,0,5432,11654843019
433.265,2.30806,45.1407,0,85,66,44,2760,10501,5.13199,166,16.8682,0,0,5432,11657151395
336.985,2.96749,45.1407,0,85,66,44,2760,10501,5.13199,166,16.8682,0,0,5432,11660119331
220.649,4.53208,45.1407,0,85,66,44,2760,10501,5.13199,166,16.8682,0,0,5432,11664651859
578.91,1.72739,45.1407,0,85,66,44,2760,10501,5.13199,166,16.8682,0,0,5432,11666379398
527.448,1.89592,45.1407,0,85,66,44,2760,10501,5.13199,166,16.8682,0,0,5432,11668275789
374.723,2.66864,45.1407,0,85,66,44,2760,10501,5.13199,166,16.8682,0,0,5432,11670944860
396.609,2.52137,45.1407,0,85,66,44,2760,10501,5.13199,166,16.8682,0,0,5432,11673466358
262.43,3.81054,45.1407,0,85,66,44,2760,10501,5.13199,166,16.8682,0,0,5432,11677277515
548.244,1.824,45.1407,0,85,66,44,2760,10501,5.13199,166,16.8682,0,0,5432,11679101654
300.12,3.332,45.1407,0,85,66,44,2760,10501,5.13199,166,16.8682,0,0,5432,11682433987
385.901,2.59134,45.1407,0,85,66,44,2760,10501,5.13199,166,16.8682,0,0,5432,11685025728
633.002,1.57977,45.1407,0,85,66,44,2760,10501,5.13199,166,16.8682,0,0,5432,11686605801
278.179,3.5948,45.1407,0,85,66,44,2760,10501,5.13199,166,16.8682,0,0,5432,11690200874
601.842,1.66157,45.1407,0,85,66,44,2760,10501,5.13199,166,16.8682,0,0,5432,11691862795
314.739,3.17723,45.1407,0,85,66,44,2760,10501,5.13199,166,16.8682,0,0,5432,11695040297
332.075,3.01137,45.1407,0,85,66,44,2760,10501,5.13199,166,16.8682,0,0,5432,11698052042
524.533,1.90646,45.1407,0,85,66,44,2760,10501,5.13199,166,16.8682,0,0,5432,11699958857
182.814,5.47005,45.1407,0,85,66,44,2760,10501,5.13199,166,16.8682,0,0,5432,11705429214
648.054,1.54308,45.1407,0,85,66,44,2760,10501,5.13199,166,16.8682,0,0,5432,11706972660
438.399,2.28103,45.1407,0,85,66,44,2760,10501,5.13199,166,16.8682,0,0,5432,11709253987
457.039,2.188,45.1407,0,85,66,44,2760,10501,5.13199,166,16.8682,0,0,5432,11711442455
380.24,2.62991,45.1407,0,85,66,44,2760,10501,5.13199,166,16.8682,0,0,5432,11714072582
304.99,3.27879,45.1407,0,85,66,44,2760,10501,5.13199,166,16.8682,0,0,5432,11717351750
408.639,2.44715,45.1407,0,85,66,44,2760,10501,5.13199,166,16.8682,0,0,5432,11719799217
413.217,2.42003,45.1407,0,85,66,44,2760,10501,5.13199,166,16.8682,0,0,5432,11722219616
313.295,3.19188,45.1407,0,85,66,44,2760,10501,5.13199,166,16.8682,0,0,5432,11725411955
213.807,4.67712,45.1407,0,85,66,44,2760,10501,5.13199,166,16.8682,0,0,5432,11730089333
626.791,1.59543,45.1407,0,85,66,44,2760,10501,5.13199,166,16.8682,0,0,5432,11731685022
587.77,1.70135,45.1407,0,85,66,44,2760,10501,5.13199,166,16.8682,0,0,5432,11733386771
423.046,2.36381,45.1407,0,85,66,44,2760,10501,5.13199,166,16.8682,0,0,5432,11735750870
222.753,4.48929,45.1407,0,85,66,44,2760,10501,5.13199,166,16.8682,0,0,5432,11740240666
600.743,1.6646,45.1407,0,85,66,44,2760,10501,5.13199,166,16.8682,0,0,5432,11741905414
499.82,2.00072,45.1407,0,85,66,44,2760,10501,5.13199,166,16.8682,0,0,5432,11743906472
315.119,3.1734,45.1407,0,85,66,44,2760,10501,5.13199,166,16.8682,0,0,5432,11747080156
419.163,2.3857,45.1407,0,85,66,44,2760,10501,5.13199,166,16.8682,0,0,5432,11749466323
358.19,2.79182,45.1407,0,85,66,44,2760,10501,5.13199,166,16.8682,0,0,5432,11752258340
346.594,2.88522,45.1407,0,85,66,44,2760,10501,5.13199,166,16.8682,0,0,5432,11755143918
223.638,4.47152,45.1407,0,85,66,44,2760,10501,5.13199,166,16.8682,0,0,5432,11759616021
578.897,1.72742,45.1407,0,85,66,44,2760,10501,5.13199,166,16.8682,0,0,5432,11761343675
448.655,2.22888,45.1407,0,85,66,44,2760,10501,5.13199,166,16.8682,0,0,5432,11763573144
519.795,1.92383,45.1407,0,85,66,44,2760,10501,5.13199,166,16.8682,0,0,5432,11765497267
341.201,2.93082,45.1407,0,85,66,44,2760,10501,5.13199,166,16.8682,0,0,5432,11768428520
320.975,3.11551,45.1407,0,85,66,44,2760,10501,5.13199,166,16.8682,0,0,5432,11771544202
441.136,2.26687,45.1407,0,85,66,44,2760,10501,5.13199,166,16.8682,0,0,5432,11773811566
361.852,2.76356,45.1407,0,85,66,44,2760,10501,5.13199,166,16.8682,0,0,5432,11776575958
339.429,2.94613,45.1407,0,85,66,44,2760,10501,5.13199,166,16.8682,0,0,5432,11779522393
415.171,2.40865,45.1407,0,85,66,44,2760,10501,5.13199,166,16.8682,0,0,5432,11781931446
181.112,5.52145,45.1407,0,85,66,44,2760,10501,5.13199,166,16.8682,0,0,5432,11787455574
633.303,1.57902,45.2926,0,85,66,44,2760,10501,5.13395,166,16.8695,0,0,5448,11789032445
321.814,3.10738,45.2926,0,85,66,44,2760,10501,5.13395,166,16.8695,0,0,5448,11792140126
498.23,2.00711,45.2926,0,85,66,44,2760,10501,5.13395,166,16.8695,0,0,5448,11794147454
405.944,2.46339,45.2926,0,85,66,44,2760,10501,5.13395,166,16.8695,0,0,5448,11796611287
342.004,2.92394,45.2926,0,85,66,44,2760,10501,5.13395,166,16.8695,0,0,5448,11799535491
360.678,2.77256,45.2926,0,85,66,44,2760,10501,5.13395,166,16.8695,0,0,5448,11802308344
367.195,2.72335,45.2926,0,85,66,44,2760,10501,5.13395,166,16.8695,0,0,5448,11805032013
413.282,2.41966,45.2926,0,85,66,44,2760,10501,5.13395,166,16.8695,0,0,5448,11807451979
362.668,2.75734,45.2926,0,85,66,44,2760,10501,5.13395,166,16.8695,0,0,5448,11810209716
283.604,3.52604,45.2926,0,85,66,44,2760,10501,5.13395,166,16.8695,0,0,5448,11813736075
591.262,1.6913,45.2926,0,85,66,44,2760,10501,5.13395,166,16.8695,0,0,5448,11815427690
260.732,3.83535,45.2926,0,85,66,44,2760,10501,5.13395,166,16.8695,0,0,5448,11819263502
495.604,2.01774,45.2926,0,85,66,44,2760,10501,5.13395,166,16.8695,0,0,5448,11821281464
345.032,2.89828,45.2926,0,85,66,44,2760,10501,5.13395,166,16.8695,0,0,5448,11824180225
590.064,1.69473,45.2926,0,85,66,44,2760,10501,5.13395,166,16.8695,0,0,5448,11825875138
327.337,3.05496,45.2926,0,85,66,44,2760,10501,5.13395,166,16.8695,0,0,5448,11828930453
371.05,2.69505,45.2926,0,85,66,44,2760,10501,5.13395,166,16.8695,0,0,5448,11831625803
411.107,2.43246,45.2926,0,85,66,44,2760,10501,5.13395,166,16.8695,0,0,5448,11834058510
320.188,3.12316,45.2926,0,85,66,44,2760,10501,5.13395,166,16.8695,0,0,5448,11837181942
302.237,3.30866,45.2926,0,85,66,44,2760,10501,5.13395,166,16.8695,0,0,5448,11840491131
512.336,1.95185,45.2926,0,85,66,44,2760,10501,5.13395,166,16.8695,0,0,5448,11842443321
421.992,2.36971,45.2926,0,85,66,44,2760,10501,5.13395,166,16.8695,0,0,5448,11844813296
314.064,3.18407,45.2926,0,85,66,44,2760,10501,5.13395,166,16.8695,0,0,5448,11847997643
371.142,2.69439,45.2926,0,85,66,44,2760,10501,5.13395,166,16.8695,0,0,5448,11850692407
386.361,2.58825,45.2926,0,85,66,44,2760,10501,5.13395,166,16.8695,0,0,5448,11853280985
265.746,3.76299,45.2926,0,85,66,44,2760,10501,5.13395,166,16.8695,0,0,5448,11857044285
624.356,1.60165,45.2926,0,85,66,44,2760,10501,5.13395,166,16.8695,0,0,5448,11858646156
424.188,2.35745,45.2926,0,85,66,44,2760,10501,5.13395,166,16.8695,0,0,5448,11861003918
195.96,5.10309,45.2926,0,85,66,44,2760,10501,5.13395,166,16.8695,0,0,5448,11866107436
355.924,2.80959,45.2926,0,85,66,44,2760,10501,5.13395,166,16.8695,0,0,5448,11868917358
309.744,3.22847,45.2926,0,85,66,44,2760,10501,5.13395,166,16.8695,0,0,5448,11872146082
1248.44,0.800998,45.2926,0,85,66,44,2760,10501,5.13395,166,16.8695,0,0,5448,11872947407
553.27,1.80744,45.2926,0,85,66,44,2760,10501,5.13395,166,16.8695,0,0,5448,11874755141
336.137,2.97498,45.2926,0,85,66,44,2760,10501,5.13395,166,16.8695,0,0,5448,11877730559
428.04,2.33623,45.2926,0,85,66,44,2760,10501,5.13395,166,16.8695,0,0,5448,11880067157
372.015,2.68806,45.2926,0,85,66,44,2760,10501,5.13395,166,16.8695,0,0,5448,11882755555
402.119,2.48682,45.2926,0,85,66,44,2760,10501,5.13395,166,16.8695,0,0,5448,11885242648
329.384,3.03597,45.2926,0,85,66,44,2760,10501,5.13395,166,16.8695,0,0,5448,11888278991
407.925,2.45143,45.2926,0,85,66,44,2760,10501,5.13395,166,16.8695,0,0,5448,11890730564
329.901,3.03121,45.2926,0,85,66,44,2760,10501,5.13395,166,16.8695,0,0,5448,11893762176
394.355,2.53579,45.2926,0,85,66,44,2760,10501,5.13395,166,16.8695,0,0,5448,11896298242
370.379,2.69994,45.2926,0,85,66,44,2760,10501,5.13395,166,16.8695,0,0,5448,11898998545
340.454,2.93725,45.2926,0,85,66,44,2760,10501,5.13395,166,16.8695,0,0,5448,11901936076
330.767,3.02327,45.2926,0,85,66,44,2760,10501,5.13395,166,16.8695,0,0,5448,11904959765
426.369,2.34539,45.2926,0,85,66,44,2760,10501,5.13395,166,16.8695,0,0,5448,11907305767
234.905,4.25705,45.2926,0,85,66,44,2760,10501,5.13395,166,16.8695,0,0,5448,11911562939
800.644,1.24899,45.2926,0,85,66,44,2760,10501,5.13395,166,16.8695,0,0,5448,11912812327
369.922,2.70327,45.2926,0,85,66,44,2760,10501,5.13395,166,16.8695,0,0,5448,11915516015
349.203,2.86366,45.2926,0,85,66,44,2760,10501,5.13395,166,16.8695,0,0,5448,11918380130
187.215,5.34145,45.2926,0,85,66,44,2760,10501,5.13395,166,16.8695,0,0,5448,11923721887
428.105,2.33588,45.2926,0,85,66,44,2760,10501,5.13395,166,16.8695,0,0,5448,11926058187
473.428,2.11225,45.2926,0,85,66,44,2760,10501,5.13395,166,16.8695,0,0,5448,11928170653
580.037,1.72403,45.2926,0,85,66,44,2760,10501,5.13395,166,16.8695,0,0,5448,11929895192
343.944,2.90745,45.2926,0,85,66,44,2760,10501,5.13395,166,16.8695,0,0,5448,11932802991
447.231,2.23598,45.2926,0,85,66,44,2760,10501,5.13395,166,16.8695,0,0,5448,11935039336
194.226,5.14865,45.2926,0,85,66,44,2760,10501,5.13395,166,16.8695,0,0,5448,11940188548
2044.27,0.489171,45.2926,0,85,66,44,2760,10501,5.13395,166,16.8695,0,0,5448,11940677699
375.414,2.66372,45.2926,0,85,66,44,2760,10501,5.13395,166,16.8695,0,0,5448,11943341991
351.13,2.84795,45.2926,0,85,66,44,2760,10501,5.13395,166,16.8695,0,0,5448,11946190116
233.391,4.28465,45.2926,0,85,66,44,2760,10501,5.13395,166,16.8695,0,0,5448,11950475125
685.112,1.45962,45.2926,0,85,66,44,2760,10501,5.13395,166,16.8695,0,0,5448,11951935069
425.873,2.34812,45.2926,0,85,66,44,2760,10501,5.13395,166,16.8695,0,0,5448,11954283475
382.103,2.6171,45.2926,0,85,66,44,2760,10501,5.13395,166,16.8695,0,0,5448,11956901015
398.265,2.51089,45.2926,0,85,66,44,2760,10501,5.13395,166,16.8695,0,0,5448,11959412273
298.84,3.34628,45.2926,0,85,66,44,2760,10501,5.13395,166,16.8695,0,0,5448,11962758799
358.154,2.79209,45.2926,0,85,66,44,2760,10501,5.13395,166,16.8695,0,0,5448,11965551249
524.631,1.9061,45.2926,0,85,66,44,2760,10501,5.13395,166,16.8695,0,0,5448,11967457679
311.582,3.20943,45.2926,0,85,66,44,2760,10501,5.13395,166,16.8695,0,0,5448,11970667431
282.767,3.53647,45.2926,0,85,66,44,2760,10501,5.13395,166,16.8695,0,0,5448,11974204348
269.782,3.70669,45.2926,0,85,66,44,2760,10501,5.13395,166,16.8695,0,0,5448,11977911252
961.514,1.04003,45.2926,0,85,66,44,2760,10501,5.13395,166,16.8695,0,0,5448,11978951306
345.566,2.8938,45.2926,0,85,66,44,2760,10501,5.13395,166,16.8695,0,0,5448,11981845538
339.263,2.94757,45.2926,0,85,66,44,2760,10501,5.13395,166,16.8695,0,0,5448,11984793590
567.354,1.76257,45.2926,0,85,66,44,2760,10501,5.13395,166,16.8695,0,0,5448,11986556553
373.599,2.67667,45.2926,0,85,66,44,2760,10501,5.13395,166,16.8695,0,0,5448,11989233547
322.903,3.0969,45.2926,0,85,66,44,2760,10501,5.13395,166,16.8695,0,0,5448,11992330671
490.621,2.03823,45.2926,0,85,66,44,2760,10501,5.13395,166,16.8695,0,0,5448,11994369383
403.939,2.47562,45.2926,0,85,66,44,2760,10501,5.13395,166,16.8695,0,0,5448,11996845428
367.717,2.71949,45.2926,0,85,66,44,2760,10501,5.13395,166,16.8695,0,0,5448,11999565203
226.99,4.40548,45.2926,0,85,66,44,2760,10501,5.13395,166,16.8695,0,0,5448,12003970919
488.297,2.04793,45.2926,0,85,66,44,2760,10501,5.13395,166,16.8695,0,0,5448,12006019343
672.594,1.48678,45.2926,0,85,66,44,2760,10501,5.13395,166,16.8695,0,0,5448,12007506307
253.384,3.94658,45.2926,0,85,66,44,2760,10501,5.13395,166,16.8695,0,0,5448,12011453248
620.823,1.61076,45.2926,0,85,66,44,2760,10501,5.13395,166,16.8695,0,0,5448,12013064321
367.793,2.71892,45.2926,0,85,66,44,2760,10501,5.13395,166,16.8695,0,0,5448,12015783634
376.552,2.65568,45.2926,0,85,66,44,2760,10501,5.13395,166,16.8695,0,0,5448,12018439589
329.111,3.03849,45.2926,0,85,66,44,2760,10501,5.13395,166,16.8695,0,0,5448,12021478412
376.602,2.65532,45.2926,0,85,66,44,2760,10501,5.13395,166,16.8695,0,0,5448,12024134040
324.432,3.08231,45.2926,0,85,66,44,2760,10501,5.13395,166,16.8695,0,0,5448,12027216788
443.417,2.25521,45.2926,0,85,66,44,2760,10501,5.13395,166,16.8695,0,0,5448,12029472239
347.33,2.87911,45.2926,0,85,66,44,2760,10501,5.13395,166,16.8695,0,0,5448,12032351875
453.416,2.20548,45.2926,0,85,66,44,2760,10501,5.13395,166,16.8695,0,0,5448,12034557747
383.328,2.60873,45.2926,0,85,66,44,2760,10501,5.13395,166,16.8695,0,0,5448,12037166605
321.87,3.10685,45.2926,0,85,66,44,2760,10501,5.13395,166,16.8695,0,0,5448,12040273757
465.438,2.14851,45.2926,0,85,66,44,2760,10501,5.13395,166,16.8695,0,0,5448,12042422493
367.873,2.71833,45.2926,0,85,66,44,2760,10501,5.13395,166,16.8695,0,0,5448,12045141114
342.878,2.91649,45.2926,0,85,66,44,2760,10501,5.13395,166,16.8695,0,0,5448,12048057914
407.001,2.457,45.2926,0,85,66,44,2760,10501,5.13395,166,16.8695,0,0,5448,12050515304
342.542,2.91935,45.2926,0,85,66,44,2760,10501,5.13395,166,16.8695,0,0,5448,12053434941
414.697,2.4114,45.2926,0,85,66,44,2760,10501,5.13395,166,16.8695,0,0,5448,12055846667
349.252,2.86326,45.2926,0,85,66,44,2760,10501,5.13395,166,16.8695,0,0,5448,12058710455
373.91,2.67444,45.2926,0,85,66,44,2760,10501,5.13395,166,16.8695,0,0,5448,12061385161
355.076,2.8163,45.2926,0,85,66,44,2760,10501,5.13395,166,16.8695,0,0,5448,12064201842
239.088,4.18256,45.2926,0,85,66,44,2760,10501,5.13395,166,16.8695,0,0,5448,12068384887
1412.23,0.708101,45.2926,0,85,66,44,2760,10501,5.13395,166,16.8695,0,0,5448,12069093190
263.952,3.78857,45.2926,0,85,66,44,2760,10501,5.13395,166,16.8695,0,0,5448,12072882231
481.289,2.07775,45.2926,0,85,66,44,2760,10501,5.13395,166,16.8695,0,0,5448,12074960301
365.025,2.73954,45.2926,0,85,66,44,2760,10501,5.13395,166,16.8695,0,0,5448,12077700086
321.939,3.10618,45.2926,0,85,66,44,2760,10501,5.13395,166,16.8695,0,0,5448,12080806700
216.291,4.6234,45.2926,0,85,66,44,2760,10501,5.13395,166,16.8695,0,0,5448,12085430596
1831.31,0.546057,45.2926,0,85,66,44,2760,10501,5.13395,166,16.8695,0,0,5448,12085980163
460.037,2.17374,45.2926,0,85,66,44,2760,10501,5.13395,166,16.8695,0,0,5448,12088150928
395.272,2.5299,45.2926,0,85,66,44,2760,10501,5.13395,166,16.8695,0,0,5448,12090681244
265.665,3.76414,45.2926,0,85,66,44,2760,10501,5.13395,166,16.8695,0,0,5448,12094445804
593.886,1.68383,45.2926,0,85,66,44,2760,10501,5.13395,166,16.8695,0,0,5448,12096129870
211.7,4.72367,45.2926,0,85,66,44,2760,10501,5.13395,166,16.8695,0,0,5448,12100853885
590.889,1.69237,45.2926,0,85,66,44,2760,10501,5.13395,166,16.8695,0,0,5448,12102546625
482.204,2.07381,45.2926,0,85,66,44,2760,10501,5.13395,166,16.8695,0,0,5448,12104620733
396.235,2.52376,45.2926,0,85,66,44,2760,10501,5.13395,166,16.8695,0,0,5448,12107144799
229.393,4.35933,45.2926,0,85,66,44,2760,10501,5.13395,166,16.8695,0,0,5448,12111504581
278.795,3.58687,45.2926,0,85,66,44,2760,10501,5.13395,166,16.8695,0,0,5448,12115091730
1946.26,0.513806,45.2926,0,85,66,44,2760,10501,5.13395,166,16.8695,0,0,5448,12115605844
223.956,4.46517,45.2926,0,85,66,44,2760,10501,5.13395,166,16.8695,0,0,5448,12120071466
1633.08,0.612338,45.2926,0,85,66,44,2760,10501,5.13395,166,16.8695,0,0,5448,12120683890
396.839,2.51991,45.2926,0,85,66,44,2760,10501,5.13395,166,16.8695,0,0,5448,12123204148
370.498,2.69907,45.2926,0,85,66,44,2760,10501,5.13395,166,16.8695,0,0,5448,12125903518
372.681,2.68326,45.2926,0,85,66,44,2760,10501,5.13395,166,16.8695,0,0,5448,12128587128
271.775,3.67951,45.2926,0,85,66,44,2760,10501,5.13395,166,16.8695,0,0,5448,12132266925
533.6,1.87406,45.2926,0,85,66,44,2760,10501,5.13395,166,16.8695,0,0,5448,12134141334
229.406,4.35909,45.2926,0,85,66,44,2760,10501,5.13395,166,16.8695,0,0,5448,12138500875
581.217,1.72053,45.2926,0,85,66,44,2760,10501,5.13395,166,16.8695,0,0,5448,12140221683
473.243,2.11308,45.2926,0,85,66,44,2760,10501,5.13395,166,16.8695,0,0,5448,12142335043
430.734,2.32162,45.2926,0,85,66,44,2760,10501,5.13395,166,16.8695,0,0,5448,12144657034
379.031,2.63831,45.2926,0,85,66,44,2760,10501,5.13395,166,16.8695,0,0,5448,12147295671
321.475,3.11066,45.2926,0,85,66,44,2760,10501,5.13395,166,16.8695,0,0,5448,12150406613
251.378,3.97807,45.2926,0,85,66,44,2760,10501,5.13395,166,16.8695,0,0,5448,12154384910
647.32,1.54483,45.2926,0,85,66,44,2760,10501,5.13395,166,16.8695,0,0,5448,12155930145
496.47,2.01422,45.2926,0,85,66,44,2760,10501,5.13395,166,16.8695,0,0,5448,12157944761
368.168,2.71615,45.2926,0,85,66,44,2760,10501,5.13395,166,16.8695,0,0,5448,12160661160
223.219,4.47991,45.2926,0,85,66,44,2760,10501,5.13395,166,16.8695,0,0,5448,12165141609
305.772,3.27041,45.2926,0,85,66,44,2760,10501,5.13395,166,16.8695,0,0,5448,12168412277
1018.6,0.981735,45.2926,0,85,66,44,2760,10501,5.13395,166,16.8695,0,0,5448,12169394214
469.542,2.12973,45.2926,0,85,66,44,2760,10501,5.13395,166,16.8695,0,0,5448,12171524286
334.258,2.9917,45.2926,0,85,66,44,2760,10501,5.13395,166,16.8695,0,0,5448,12174516271
361.999,2.76244,45.2926,0,85,66,44,2760,10501,5.13395,166,16.8695,0,0,5448,12177278980
396.705,2.52077,45.2926,0,85,66,44,2760,10501,5.13395,166,16.8695,0,0,5448,12179800324
383.584,2.60699,45.2926,0,85,66,44,2760,10501,5.13395,166,16.8695,0,0,5448,12182407393
277.198,3.60753,45.2926,0,85,66,44,2760,10501,5.13395,166,16.8695,0,0,5448,12186015265
702.361,1.42377,45.2926,0,85,66,44,2760,10501,5.13395,166,16.8695,0,0,5448,12187439342
277.949,3.59778,45.2926,0,85,66,44,2760,10501,5.13395,166,16.8695,0,0,5448,12191037569
452.907,2.20796,45.2926,0,85,66,44,2760,10501,5.13395,166,16.8695,0,0,5448,12193245739
315.217,3.17242,45.2926,0,85,66,44,2760,10501,5.13395,166,16.8695,0,0,5448,12196418615
524.284,1.90736,45.2926,0,85,66,44,2760,10501,5.13395,166,16.8695,0,0,5448,12198326218
263.112,3.80066,45.2926,0,85,66,44,2760,10501,5.13395,166,16.8695,0,0,5448,12202127192
690.378,1.44848,45.2926,0,85,66,44,2760,10501,5.13395,166,16.8695,0,0,5448,12203576289
355.32,2.81436,45.2926,0,85,66,44,2760,10501,5.13395,166,16.8695,0,0,5448,12206390999
431.279,2.31868,45.2926,0,85,66,44,2760,10501,5.13395,166,16.8695,0,0,5448,12208710049
301.192,3.32014,45.2926,0,85,66,44,2760,10501,5.13395,166,16.8695,0,0,5448,12212030584
304.959,3.27913,45.2926,0,85,66,44,2760,10501,5.13395,166,16.8695,0,0,5448,12215310060
357.688,2.79573,45.2926,0,85,66,44,2760,10501,5.13395,166,16.8695,0,0,5448,12218106279
530.651,1.88448,45.2926,0,85,66,44,2760,10501,5.13395,166,16.8695,0,0,5448,12219990910
380.845,2.62574,45.2926,0,85,66,44,2760,10501,5.13395,166,16.8695,0,0,5448,12222617008
282.495,3.53989,45.2926,0,85,66,44,2760,10501,5.13395,166,16.8695,0,0,5448,12226157367
219.407,4.55773,45.2926,0,85,66,44,2760,10501,5.13395,166,16.8695,0,0,5448,12230715415
2247.84,0.444871,45.2926,0,85,66,44,2760,10501,5.13395,166,16.8695,0,0,5448,12231160613
398.277,2.51081,45.2926,0,85,66,44,2760,10501,5.13395,166,16.8695,0,0,5448,12233671784
395.254,2.53002,45.2926,0,85,66,44,2760,10501,5.13395,166,16.8695,0,0,5448,12236202139
338.126,2.95747,45.2926,0,85,66,44,2760,10501,5.13395,166,16.8695,0,0,5448,12239159959
486.099,2.05719,45.2926,0,85,66,44,2760,10501,5.13395,166,16.8695,0,0,5448,12241217519
216.733,4.61398,45.2926,0,85,66,44,2760,10501,5.13395,166,16.8695,0,0,5448,12245832040
433.682,2.30584,45.2926,0,85,66,44,2760,10501,5.13395,166,16.8695,0,0,5448,12248138272
391.499,2.55429,45.2926,0,85,66,44,2760,10501,5.13395,166,16.8695,0,0,5448,12250692867
420.662,2.3772,45.2926,0,85,66,44,2760,10501,5.13395,166,16.8695,0,0,5448,12253070476
328.027,3.04853,45.2926,0,85,66,44,2760,10501,5.13395,166,16.8695,0,0,5448,12256119396
485.246,2.06081,45.2926,0,85,66,44,2760,10501,5.13395,166,16.8695,0,0,5448,12258180552
446.569,2.2393,45.2926,0,85,66,44,2760,10501,5.13395,166,16.8695,0,0,5448,12260420195
420.059,2.38062,45.2926,0,85,66,44,2760,10501,5.13395,166,16.8695,0,0,5448,12262801112
336.192,2.97449,45.2926,0,85,66,44,2760,10501,5.13395,166,16.8695,0,0,5448,12265775914
341.434,2.92882,45.2926,0,85,66,44,2760,10501,5.13395,166,16.8695,0,0,5448,12268705032
398.047,2.51227,45.2926,0,85,66,44,2760,10501,5.13395,166,16.8695,0,0,5448,12271217674
377.232,2.65089,45.2926,0,85,66,44,2760,10501,5.13395,166,16.8695,0,0,5448,12273868927
282.958,3.53409,45.2926,0,85,66,44,2760,10501,5.13395,166,16.8695,0,0,5448,12277403479
600.556,1.66512,45.2926,0,85,66,44,2760,10501,5.13395,166,16.8695,0,0,5448,12279068833
232.887,4.29392,45.2926,0,85,66,44,2760,10501,5.13395,166,16.8695,0,0,5448,12283363180
662.116,1.51031,45.2926,0,85,66,44,2760,10501,5.13395,166,16.8695,0,0,5448,12284874067
391.616,2.55352,45.2926,0,85,66,44,2760,10501,5.13395,166,16.8695,0,0,5448,12287428076
401.247,2.49223,45.2926,0,85,66,44,2760,10501,5.13395,166,16.8695,0,0,5448,12289922795
366.117,2.73137,44.6452,0,85,66,44,2760,10501,5.13395,166,16.8707,0,0,5433,12292652233
383.986,2.60426,44.6452,0,85,66,44,2760,10501,5.13395,166,16.8707,0,0,5433,12295256667
228.736,4.37186,44.6452,0,85,66,44,2760,10501,5.13395,166,16.8707,0,0,5433,12299629055
849.367,1.17735,44.6452,0,85,66,44,2760,10501,5.13395,166,16.8707,0,0,5433,12300806585
390.1,2.56344,44.6452,0,85,66,44,2760,10501,5.13395,166,16.8707,0,0,5433,12303370517
355.185,2.81543,44.6452,0,85,66,44,2760,10501,5.13395,166,16.8707,0,0,5433,12306186151
436.355,2.29171,44.6452,0,85,66,44,2760,10501,5.13395,166,16.8707,0,0,5433,12308478228
205.898,4.85678,44.6452,0,85,66,44,2760,10501,5.13395,166,16.8707,0,0,5433,12313335536
764.298,1.30839,44.6452,0,85,66,44,2760,10501,5.13395,166,16.8707,0,0,5433,12314644234
516.514,1.93606,44.6452,0,85,66,44,2760,10501,5.13395,166,16.8707,0,0,5433,12316580588
380.725,2.62657,44.6452,0,85,66,44,2760,10501,5.13395,166,16.8707,0,0,5433,12319207792
419.172,2.38566,44.6452,0,85,66,44,2760,10501,5.13395,166,16.8707,0,0,5433,12321593805
318.91,3.13568,44.6452,0,85,66,44,2760,10501,5.13395,166,16.8707,0,0,5433,12324729718
342.776,2.91736,44.6452,0,85,66,44,2760,10501,5.13395,166,16.8707,0,0,5433,12327647499
513.54,1.94727,44.6452,0,85,66,44,2760,10501,5.13395,166,16.8707,0,0,5433,12329595190
327.729,3.05131,44.6452,0,85,66,44,2760,10501,5.13395,166,16.8707,0,0,5433,12332646850
336.851,2.96867,44.6452,0,85,66,44,2760,10501,5.13395,166,16.8707,0,0,5433,12335615893
464.461,2.15303,44.6452,0,85,66,44,2760,10501,5.13395,166,16.8707,0,0,5433,12337769052
338.149,2.95727,44.6452,0,85,66,44,2760,10501,5.13395,166,16.8707,0,0,5433,12340726651
354.285,2.82259,44.6452,0,85,66,44,2760,10501,5.13395,166,16.8707,0,0,5433,12343549573
386.04,2.5904,44.6452,0,85,66,44,2760,10501,5.13395,166,16.8707,0,0,5433,12346140305
379.882,2.6324,44.6452,0,85,66,44,2760,10501,5.13395,166,16.8707,0,0,5433,12348773028
381.874,2.61866,44.6452,0,85,66,44,2760,10501,5.13395,166,16.8707,0,0,5433,12351392136
293.43,3.40797,44.6452,0,85,66,44,2760,10501,5.13395,166,16.8707,0,0,5433,12354800424
229.688,4.35372,44.6452,0,85,66,44,2760,10501,5.13395,166,16.8707,0,0,5433,12359154522
1591.42,0.628368,44.6452,0,85,66,44,2760,10501,5.13395,166,16.8707,0,0,5433,12359783092
396.594,2.52147,44.6452,0,85,66,44,2760,10501,5.13395,166,16.8707,0,0,5433,12362304936
423.061,2.36372,44.6452,0,85,66,44,2760,10501,5.13395,166,16.8707,0,0,5433,12364668997
272.892,3.66446,44.6452,0,85,66,44,2760,10501,5.13395,166,16.8707,0,0,5433,12368333899
557.727,1.79299,44.6452,0,85,66,44,2760,10501,5.13395,166,16.8707,0,0,5433,12370127190
365.603,2.73521,44.6452,0,85,66,44,2760,10501,5.13395,166,16.8707,0,0,5433,12372862677
352.054,2.84047,44.6452,0,85,66,44,2760,10501,5.13395,166,16.8707,0,0,5433,12375703445
368.363,2.71472,44.6452,0,85,66,44,2760,10501,5.13395,166,16.8707,0,0,5433,12378418518
228.162,4.38285,44.6452,0,85,66,44,2760,10501,5.13395,166,16.8707,0,0,5433,12382801790
652.42,1.53275,44.6452,0,85,66,44,2760,10501,5.13395,166,16.8707,0,0,5433,12384334784
416.194,2.40272,44.6452,0,85,66,44,2760,10501,5.13395,166,16.8707,0,0,5433,12386737933
449.705,2.22368,44.6452,0,85,66,44,2760,10501,5.13395,166,16.8707,0,0,5433,12388961921
346.848,2.88311,44.6452,0,85,66,44,2760,10501,5.13395,166,16.8707,0,0,5433,12391845345
291.963,3.42509,44.6452,0,85,66,44,2760,10501,5.13395,166,16.8707,0,0,5433,12395271018
704.999,1.41844,44.6452,0,85,66,44,2760,10501,5.13395,166,16.8707,0,0,5433,12396689826
220.719,4.53064,44.6452,0,85,66,44,2760,10501,5.13395,166,16.8707,0,0,5433,12401220824
354.597,2.8201,44.6452,0,85,66,44,2760,10501,5.13395,166,16.8707,0,0,5433,12404041496
707.541,1.41335,44.6452,0,85,66,44,2760,10501,5.13395,166,16.8707,0,0,5433,12405455044
182.705,5.47329,44.6452,0,85,66,44,2760,10501,5.13395,166,16.8707,0,0,5433,12410928680
1286.51,0.777296,44.6452,0,85,66,44,2760,10501,5.13395,166,16.8707,0,0,5433,12411705966
295.421,3.385,44.6452,0,85,66,44,2760,10501,5.13395,166,16.8707,0,0,5433,12415091446
298.469,3.35043,44.6452,0,85,66,44,2760,10501,5.13395,166,16.8707,0,0,5433,12418442357
363.204,2.75327,44.6452,0,85,66,44,2760,10501,5.13395,166,16.8707,0,0,5433,12421195853
826.589,1.20979,44.6452,0,85,66,44,2760,10501,5.13395,166,16.8707,0,0,5433,12422406125
443.27,2.25596,44.6452,0,85,66,44,2760,10501,5.13395,166,16.8707,0,0,5433,12424662278
384.914,2.59798,44.6452,0,85,66,44,2760,10501,5.13395,166,16.8707,0,0,5433,12427260558
378.756,2.64022,44.6452,0,85,66,44,2760,10501,5.13395,166,16.8707,0,0,5433,12429901022
344.425,2.90339,44.6452,0,85,66,44,2760,10501,5.13395,166,16.8707,0,0,5433,12432804773
206.745,4.83686,44.6452,0,85,66,44,2760,10501,5.13395,166,16.8707,0,0,5433,12437642119
611.787,1.63455,44.6452,0,85,66,44,2760,10501,5.13395,166,16.8707,0,0,5433,12439277040
534.945,1.86935,44.6452,0,85,66,44,2760,10501,5.13395,166,16.8707,0,0,5433,12441146795
409.446,2.44232,44.6452,0,85,66,44,2760,10501,5.13395,166,16.8707,0,0,5433,12443589223
363.524,2.75085,44.6452,0,85,66,44,2760,10501,5.13395,166,16.8707,0,0,5433,12446340537
370.43,2.69956,44.6452,0,85,66,44,2760,10501,5.13395,166,16.8707,0,0,5433,12449040369
418.925,2.38706,44.6452,0,85,66,44,2760,10501,5.13395,166,16.8707,0,0,5433,12451427766
337.605,2.96204,44.6452,0,85,66,44,2760,10501,5.13395,166,16.8707,0,0,5433,12454390135
254.793,3.92475,44.6452,0,85,66,44,2760,10501,5.13395,166,16.8707,0,0,5433,12458315402
732.571,1.36505,44.6452,0,85,66,44,2760,10501,5.13395,166,16.8707,0,0,5433,12459680766
207.1,4.82859,44.6452,0,85,66,44,2760,10501,5.13395,166,16.8707,0,0,5433,12464509601
357.068,2.80058,44.6452,0,85,66,44,2760,10501,5.13395,166,16.8707,0,0,5433,12467310725
873.179,1.14524,44.6452,0,85,66,44,2760,10501,5.13395,166,16.8707,0,0,5433,12468456359
416.751,2.39951,44.6452,0,85,66,44,2760,10501,5.13395,166,16.8707,0,0,5433,12470856181
378.874,2.6394,44.6452,0,85,66,44,2760,10501,5.13395,166,16.8707,0,0,5433,12473495885
301.715,3.31438,44.6452,0,85,66,44,2760,10501,5.13395,166,16.8707,0,0,5433,12476810526
437.672,2.28482,44.6452,0,85,66,44,2760,10501,5.13395,166,16.8707,0,0,5433,12479095699
191.325,5.2267,44.6452,0,85,66,44,2760,10501,5.13395,166,16.8707,0,0,5433,12484322808
1411.67,0.70838,44.6452,0,85,66,44,2760,10501,5.13395,166,16.8707,0,0,5433,12485031572
459.229,2.17756,44.6452,0,85,66,44,2760,10501,5.13395,166,16.8707,0,0,5433,12487209607
240.492,4.15814,44.6452,0,85,66,44,2760,10501,5.13395,166,16.8707,0,0,5433,12491368026
455.506,2.19536,44.6452,0,85,66,44,2760,10501,5.13395,166,16.8707,0,0,5433,12493563725
578.884,1.72746,44.6452,0,85,66,44,2760,10501,5.13395,166,16.8707,0,0,5433,12495291475
336.545,2.97137,44.6452,0,85,66,44,2760,10501,5.13395,166,16.8707,0,0,5433,12498263172
390.298,2.56214,44.6452,0,85,66,44,2760,10501,5.13395,166,16.8707,0,0,5433,12500825575
247.986,4.03249,44.6452,0,85,66,44,2760,10501,5.13395,166,16.8707,0,0,5433,12504858519
571.975,1.74833,44.6452,0,85,66,44,2760,10501,5.13395,166,16.8707,0,0,5433,12506607184
391.194,2.55628,44.6452,0,85,66,44,2760,10501,5.13395,166,16.8707,0,0,5433,12509163616
284.228,3.5183,44.6452,0,85,66,44,2760,10501,5.13395,166,16.8707,0,0,5433,12512682398
527.689,1.89505,44.6452,0,85,66,44,2760,10501,5.13395,166,16.8707,0,0,5433,12514577702
193.722,5.16204,44.6452,0,85,66,44,2760,10501,5.13395,166,16.8707,0,0,5433,12519740203
2059.38,0.485584,44.6452,0,85,66,44,2760,10501,5.13395,166,16.8707,0,0,5433,12520226027
192.004,5.20823,44.6452,0,85,66,44,2760,10501,5.13395,166,16.8707,0,0,5433,12525434626
659.906,1.51537,44.6452,0,85,66,44,2760,10501,5.13395,166,16.8707,0,0,5433,12526950523
460.259,2.17269,44.6452,0,85,66,44,2760,10501,5.13395,166,16.8707,0,0,5433,12529123558
488.533,2.04694,44.6452,0,85,66,44,2760,10501,5.13395,166,16.8707,0,0,5433,12531170617
446.797,2.23815,44.6452,0,85,66,44,2760,10501,5.13395,166,16.8707,0,0,5433,12533409067
298.503,3.35005,44.6452,0,85,66,44,2760,10501,5.13395,166,16.8707,0,0,5433,12536759450
444.656,2.24893,44.6452,0,85,66,44,2760,10501,5.13395,166,16.8707,0,0,5433,12539008670
368.244,2.71559,44.6452,0,85,66,44,2760,10501,5.13395,166,16.8707,0,0,5433,12541724636
318.954,3.13525,44.6452,0,85,66,44,2760,10501,5.13395,166,16.8707,0,0,5433,12544860309
443.927,2.25262,44.6452,0,85,66,44,2760,10501,5.13395,166,16.8707,0,0,5433,12547113164
365.046,2.73938,44.6452,0,85,66,44,2760,10501,5.13395,166,16.8707,0,0,5433,12549852910
328.447,3.04463,44.6452,0,85,66,44,2760,10501,5.13395,166,16.8707,0,0,5433,12552897965
348.494,2.86949,44.6452,0,85,66,44,2760,10501,5.13395,166,16.8707,0,0,5433,12555767792
669.084,1.49458,44.6452,0,85,66,44,2760,10501,5.13395,166,16.8707,0,0,5433,12557262564
260.71,3.83569,44.6452,0,85,66,44,2760,10501,5.13395,166,16.8707,0,0,5433,12561098568
464.345,2.15357,44.6452,0,85,66,44,2760,10501,5.13395,166,16.8707,0,0,5433,12563252458
443.739,2.25358,44.6452,0,85,66,44,2760,10501,5.13395,166,16.8707,0,0,5433,12565506351
152.132,6.57325,44.6452,0,85,66,44,2760,10501,5.13395,166,16.8707,0,0,5433,12572079909
462.653,2.16145,44.6452,0,85,66,44,2760,10501,5.13395,166,16.8707,0,0,5433,12574241703
1474.35,0.678263,44.6452,0,85,66,44,2760,10501,5.13395,166,16.8707,0,0,5433,12574920120
404.013,2.47517,44.6452,0,85,66,44,2760,10501,5.13395,166,16.8707,0,0,5433,12577395800
361.745,2.76438,44.6452,0,85,66,44,2760,10501,5.13395,166,16.8707,0,0,5433,12580160383
325.818,3.0692,44.6452,0,85,66,44,2760,10501,5.13395,166,16.8707,0,0,5433,12583229900
522.475,1.91397,44.6452,0,85,66,44,2760,10501,5.13395,166,16.8707,0,0,5433,12585144215
340.73,2.93488,44.6452,0,85,66,44,2760,10501,5.13395,166,16.8707,0,0,5433,12588079410
340.032,2.9409,44.6452,0,85,66,44,2760,10501,5.13395,166,16.8707,0,0,5433,12591020692
404.021,2.47512,44.6452,0,85,66,44,2760,10501,5.13395,166,16.8707,0,0,5433,12593496083
310.364,3.22202,44.6452,0,85,66,44,2760,10501,5.13395,166,16.8707,0,0,5433,12596718441
299.675,3.33695,44.6452,0,85,66,44,2760,10501,5.13395,166,16.8707,0,0,5433,12600055650
491.679,2.03385,44.6452,0,85,66,44,2760,10501,5.13395,166,16.8707,0,0,5433,12602089834
386.666,2.58621,44.6452,0,85,66,44,2760,10501,5.13395,166,16.8707,0,0,5433,12604676315
377.231,2.6509,44.6452,0,85,66,44,2760,10501,5.13395,166,16.8707,0,0,5433,12607327558
391.801,2.55232,44.6452,0,85,66,44,2760,10501,5.13395,166,16.8707,0,0,5433,12609880202
288.467,3.4666,44.6452,0,85,66,44,2760,10501,5.13395,166,16.8707,0,0,5433,12613347117
573.009,1.74517,44.6452,0,85,66,44,2760,10501,5.13395,166,16.8707,0,0,5433,12615092666
325.177,3.07525,44.6452,0,85,66,44,2760,10501,5.13395,166,16.8707,0,0,5433,12618168472
410.162,2.43806,44.6452,0,85,66,44,2760,10501,5.13395,166,16.8707,0,0,5433,12620606583
344.138,2.90581,44.6452,0,85,66,44,2760,10501,5.13395,166,16.8707,0,0,5433,12623512835
295.703,3.38177,44.6452,0,85,66,44,2760,10501,5.13395,166,16.8707,0,0,5433,12626894949
390.75,2.55918,44.6452,0,85,66,44,2760,10501,5.13395,166,16.8707,0,0,5433,12629454496
579.384,1.72597,44.6452,0,85,66,44,2760,10501,5.13395,166,16.8707,0,0,5433,12631180843
316.678,3.15778,44.6452,0,85,66,44,2760,10501,5.13395,166,16.8707,0,0,5433,12634338959
353.697,2.82728,44.6452,0,85,66,44,2760,10501,5.13395,166,16.8707,0,0,5433,12637166497
411.13,2.43232,44.6452,0,85,66,44,2760,10501,5.13395,166,16.8707,0,0,5433,12639599261
384.911,2.598,44.6452,0,85,66,44,2760,10501,5.13395,166,16.8707,0,0,5433,12642197560
341.186,2.93095,44.6452,0,85,66,44,2760,10501,5.13395,166,16.8707,0,0,5433,12645128909
406.665,2.45903,44.6452,0,85,66,44,2760,10501,5.13395,166,16.8707,0,0,5433,12647588184
260.138,3.84411,44.6452,0,85,66,44,2760,10501,5.13395,166,16.8707,0,0,5433,12651432900
263.983,3.78812,44.6452,0,85,66,44,2760,10501,5.13395,166,16.8707,0,0,5433,12655221105
684.169,1.46163,44.6452,0,85,66,44,2760,10501,5.13395,166,16.8707,0,0,5433,12656682914
500.828,1.99669,44.6452,0,85,66,44,2760,10501,5.13395,166,16.8707,0,0,5433,12658680029
420.128,2.38022,44.6452,0,85,66,44,2760,10501,5.13395,166,16.8707,0,0,5433,12661060581
304.086,3.28854,44.6452,0,85,66,44,2760,10501,5.13395,166,16.8707,0,0,5433,12664349432
347.431,2.87827,44.6452,0,85,66,44,2760,10501,5.13395,166,16.8707,0,0,5433,12667228192
482.05,2.07447,44.6452,0,85,66,44,2760,10501,5.13395,166,16.8707,0,0,5433,12669303051
452.452,2.21018,44.6452,0,85,66,44,2760,10501,5.13395,166,16.8707,0,0,5433,12671513491
314.17,3.18299,44.6452,0,85,66,44,2760,10501,5.13395,166,16.8707,0,0,5433,12674696800
439.585,2.27487,44.6452,0,85,66,44,2760,10501,5.13395,166,16.8707,0,0,5433,12676972001
175.434,5.70013,44.6452,0,85,66,44,2760,10501,5.13395,166,16.8707,0,0,5433,12682672530
843.026,1.1862,44.6452,0,85,66,44,2760,10501,5.13395,166,16.8707,0,0,5433,12683859022
427.716,2.338,44.6452,0,85,66,44,2760,10501,5.13395,166,16.8707,0,0,5433,12686197197
550.08,1.81792,44.6452,0,85,66,44,2760,10501,5.13395,166,16.8707,0,0,5433,12688015431
437.478,2.28583,44.6452,0,85,66,44,2760,10501,5.13395,166,16.8707,0,0,5433,12690301681
316.29,3.16165,44.6452,0,85,66,44,2760,10501,5.13395,166,16.8707,0,0,5433,12693463605
377.234,2.65088,44.6452,0,85,66,44,2760,10501,5.13395,166,16.8707,0,0,5433,12696114820
225.418,4.43621,44.6452,0,85,66,44,2760,10501,5.13395,166,16.8707,0,0,5433,12700551431
485.063,2.06159,44.6452,0,85,66,44,2760,10501,5.13395,166,16.8707,0,0,5433,12702613279
486.932,2.05367,44.6452,0,85,66,44,2760,10501,5.13395,166,16.8707,0,0,5433,12704667396
238.716,4.18908,44.6452,0,85,66,44,2760,10501,5.13395,166,16.8707,0,0,5433,12708856816
600.133,1.6663,44.6452,0,85,66,44,2760,10501,5.13395,166,16.8707,0,0,5433,12710523382
572.287,1.74738,44.6452,0,85,66,44,2760,10501,5.13395,166,16.8707,0,0,5433,12712271124
336.311,2.97344,44.6452,0,85,66,44,2760,10501,5.13395,166,16.8707,0,0,5433,12715244887
390.761,2.55911,44.6452,0,85,66,44,2760,10501,5.13395,166,16.8707,0,0,5433,12717804310
417.883,2.39301,44.6452,0,85,66,44,2760,10501,5.13395,166,16.8707,0,0,5433,12720197689
301.911,3.31224,44.6452,0,85,66,44,2760,10501,5.13395,166,16.8707,0,0,5433,12723510262
348.662,2.86811,44.6452,0,85,66,44,2760,10501,5.13395,166,16.8707,0,0,5433,12726378618
301.606,3.31558,44.6452,0,85,66,44,2760,10501,5.13395,166,16.8707,0,0,5433,12729694826
269.544,3.70997,44.6452,0,85,66,44,2760,10501,5.13395,166,16.8707,0,0,5433,12733405047
478.512,2.08981,44.6452,0,85,66,44,2760,10501,5.13395,166,16.8707,0,0,5433,12735495233
445.631,2.24401,44.6452,0,85,66,44,2760,10501,5.13395,166,16.8707,0,0,5433,12737739722
586.411,1.70529,44.6452,0,85,66,44,2760,10501,5.13395,166,16.8707,0,0,5433,12739445337
303.606,3.29375,44.6452,0,85,66,44,2760,10501,5.13395,166,16.8707,0,0,5433,12742739372
467.484,2.13911,44.6452,0,85,66,44,2760,10501,5.13395,166,16.8707,0,0,5433,12744878838
297.968,3.35607,44.6452,0,85,66,44,2760,10501,5.13395,166,16.8707,0,0,5433,12748235374
491.226,2.03572,44.6452,0,85,66,44,2760,10501,5.13395,166,16.8707,0,0,5433,12750271289
415.469,2.40692,44.6452,0,85,66,44,2760,10501,5.13395,166,16.8707,0,0,5433,12752678581
324.592,3.08079,44.6452,0,85,66,44,2760,10501,5.13395,166,16.8707,0,0,5433,12755759676
341.919,2.92467,44.6452,0,85,66,44,2760,10501,5.13395,166,16.8707,0,0,5433,12758684745
214.857,4.65426,44.6452,0,85,66,44,2760,10501,5.13395,166,16.8707,0,0,5433,12763339470
324.252,3.08402,44.6452,0,85,66,44,2760,10501,5.13395,166,16.8707,0,0,5433,12766423660
965.263,1.03599,44.6452,0,85,66,44,2760,10501,5.13395,166,16.8707,0,0,5433,12767460012
523.118,1.91161,44.6452,0,85,66,44,2760,10501,5.13395,166,16.8707,0,0,5433,12769371923
261.202,3.82845,44.6452,0,85,66,44,2760,10501,5.13395,166,16.8707,0,0,5433,12773200812
533.354,1.87493,44.6452,0,85,66,44,2760,10501,5.13395,166,16.8707,0,0,5433,12775075990
331.637,3.01534,44.6452,0,85,66,44,2760,10501,5.13395,166,16.8707,0,0,5433,12778091659
515.214,1.94094,44.6452,0,85,66,44,2760,10501,5.13395,166,16.8707,0,0,5433,12780032898
293.237,3.41021,44.6452,0,85,66,44,2760,10501,5.13395,166,16.8707,0,0,5433,12783443464
480.717,2.08022,44.6452,0,85,66,44,2760,10501,5.13395,166,16.8707,0,0,5433,12785524140
211.315,4.73227,44.6452,0,85,66,44,2760,10501,5.13395,166,16.8707,0,0,5433,12790259175
464.229,2.15411,45.1613,0,86,65,44,2760,10501,5.13004,165,16.8697,0,0,5437,12792411305
669.533,1.49358,45.1613,0,86,65,44,2760,10501,5.13004,165,16.8697,0,0,5437,12793905048
312.716,3.19779,45.1613,0,86,65,44,2760,10501,5.13004,165,16.8697,0,0,5437,12797103184
291.556,3.42988,45.1613,0,86,65,44,2760,10501,5.13004,165,16.8697,0,0,5437,12800533358
463.55,2.15726,45.1613,0,86,65,44,2760,10501,5.13004,165,16.8697,0,0,5437,12802690940
421.436,2.37284,45.1613,0,86,65,44,2760,10501,5.13004,165,16.8697,0,0,5437,12805064106
345.668,2.89295,45.1613,0,86,65,44,2760,10501,5.13004,165,16.8697,0,0,5437,12807957387
347.988,2.87366,45.1613,0,86,65,44,2760,10501,5.13004,165,16.8697,0,0,5437,12810831224
458.963,2.17882,45.1613,0,86,65,44,2760,10501,5.13004,165,16.8697,0,0,5437,12813010451
337.079,2.96667,45.1613,0,86,65,44,2760,10501,5.13004,165,16.8697,0,0,5437,12815977474
540.947,1.84861,45.1613,0,86,65,44,2760,10501,5.13004,165,16.8697,0,0,5437,12817826431
342.546,2.91932,45.1613,0,86,65,44,2760,10501,5.13004,165,16.8697,0,0,5437,12820746183
344.59,2.902,45.1613,0,86,65,44,2760,10501,5.13004,165,16.8697,0,0,5437,12823648396
447.981,2.23224,45.1613,0,86,65,44,2760,10501,5.13004,165,16.8697,0,0,5437,12825881096
358.103,2.79249,45.1613,0,86,65,44,2760,10501,5.13004,165,16.8697,0,0,5437,12828673873
338.158,2.9572,45.1613,0,86,65,44,2760,10501,5.13004,165,16.8697,0,0,5437,12831631367
282.799,3.53608,45.1613,0,86,65,44,2760,10501,5.13004,165,16.8697,0,0,5437,12835167871
370.882,2.69627,45.1613,0,86,65,44,2760,10501,5.13004,165,16.8697,0,0,5437,12837864539
463.581,2.15712,45.1613,0,86,65,44,2760,10501,5.13004,165,16.8697,0,0,5437,12840021881
207.325,4.82335,45.1613,0,86,65,44,2760,10501,5.13004,165,16.8697,0,0,5437,12844845620
1565.34,0.638839,45.1613,0,86,65,44,2760,10501,5.13004,165,16.8697,0,0,5437,12845484642
496.714,2.01323,45.1613,0,86,65,44,2760,10501,5.13004,165,16.8697,0,0,5437,12847498123
356.727,2.80327,45.1613,0,86,65,44,2760,10501,5.13004,165,16.8697,0,0,5437,12850301727
325.326,3.07384,45.1613,0,86,65,44,2760,10501,5.13004,165,16.8697,0,0,5437,12853375821
424.578,2.35528,45.1613,0,86,65,44,2760,10501,5.13004,165,16.8697,0,0,5437,12855731477
379.868,2.63249,45.1613,0,86,65,44,2760,10501,5.13004,165,16.8697,0,0,5437,12858364335
357.233,2.7993,45.1613,0,86,65,44,2760,10501,5.13004,165,16.8697,0,0,5437,12861163949
324.09,3.08557,45.1613,0,86,65,44,2760,10501,5.13004,165,16.8697,0,0,5437,12864249822
466.168,2.14515,45.1613,0,86,65,44,2760,10501,5.13004,165,16.8697,0,0,5437,12866395375
173.714,5.7566,45.1613,0,86,65,44,2760,10501,5.13004,165,16.8697,0,0,5437,12872152348
1802.43,0.554807,45.1613,0,86,65,44,2760,10501,5.13004,165,16.8697,0,0,5437,12872707492
610.208,1.63879,45.1613,0,86,65,44,2760,10501,5.13004,165,16.8697,0,0,5437,12874346518
249.842,4.00253,45.1613,0,86,65,44,2760,10501,5.13004,165,16.8697,0,0,5437,12878349461
548.91,1.82179,45.1613,0,86,65,44,2760,10501,5.13004,165,16.8697,0,0,5437,12880171512
424.894,2.35353,45.1613,0,86,65,44,2760,10501,5.13004,165,16.8697,0,0,5437,12882525380
248.875,4.01808,45.1613,0,86,65,44,2760,10501,5.13004,165,16.8697,0,0,5437,12886543871
777.375,1.28638,45.1613,0,86,65,44,2760,10501,5.13004,165,16.8697,0,0,5437,12887830646
365.903,2.73297,45.1613,0,86,65,44,2760,10501,5.13004,165,16.8697,0,0,5437,12890563815
371.107,2.69464,45.1613,0,86,65,44,2760,10501,5.13004,165,16.8697,0,0,5437,12893258751
384.73,2.59922,45.1613,0,86,65,44,2760,10501,5.13004,165,16.8697,0,0,5437,12895858435
261.197,3.82853,45.1613,0,86,65,44,2760,10501,5.13004,165,16.8697,0,0,5437,12899687276
632.567,1.58086,45.1613,0,86,65,44,2760,10501,5.13004,165,16.8697,0,0,5437,12901268387
363.418,2.75165,45.1613,0,86,65,44,2760,10501,5.13004,165,16.8697,0,0,5437,12904020470
401.591,2.49009,45.1613,0,86,65,44,2760,10501,5.13004,165,16.8697,0,0,5437,12906510967
344.192,2.90536,45.1613,0,86,65,44,2760,10501,5.13004,165,16.8697,0,0,5437,12909416536
401.278,2.49204,45.1613,0,86,65,44,2760,10501,5.13004,165,16.8697,0,0,5437,12911908880
331.556,3.01608,45.1613,0,86,65,44,2760,10501,5.13004,165,16.8697,0,0,5437,12914925405
375.514,2.66301,45.1613,0,86,65,44,2760,10501,5.13004,165,16.8697,0,0,5437,12917588668
387.96,2.57759,45.1613,0,86,65,44,2760,10501,5.13004,165,16.8697,0,0,5437,12920166639
226.178,4.4213,45.1613,0,86,65,44,2760,10501,5.13004,165,16.8697,0,0,5437,12924588413
674.934,1.48163,45.1613,0,86,65,44,2760,10501,5.13004,165,16.8697,0,0,5437,12926070290
437.182,2.28737,45.1613,0,86,65,44,2760,10501,5.13004,165,16.8697,0,0,5437,12928357925
330.502,3.0257,45.1613,0,86,65,44,2760,10501,5.13004,165,16.8697,0,0,5437,12931383950
449.728,2.22357,45.1613,0,86,65,44,2760,10501,5.13004,165,16.8697,0,0,5437,12933607823
246.83,4.05138,45.1613,0,86,65,44,2760,10501,5.13004,165,16.8697,0,0,5437,12937659738
613.907,1.62891,45.1613,0,86,65,44,2760,10501,5.13004,165,16.8697,0,0,5437,12939288908
363.043,2.7545,45.1613,0,86,65,44,2760,10501,5.13004,165,16.8697,0,0,5437,12942043809
450.99,2.21734,45.1613,0,86,65,44,2760,10501,5.13004,165,16.8697,0,0,5437,12944261518
319.161,3.13321,45.1613,0,86,65,44,2760,10501,5.13004,165,16.8697,0,0,5437,12947395085
436.084,2.29313,45.1613,0,86,65,44,2760,10501,5.13004,165,16.8697,0,0,5437,12949688538
286.42,3.49138,45.1613,0,86,65,44,2760,10501,5.13004,165,16.8697,0,0,5437,12953180415
669.537,1.49357,45.1613,0,86,65,44,2760,10501,5.13004,165,16.8697,0,0,5437,12954674167
316.428,3.16028,45.1613,0,86,65,44,2760,10501,5.13004,165,16.8697,0,0,5437,12957834774
361.828,2.76375,45.1613,0,86,65,44,2760,10501,5.13004,165,16.8697,0,0,5437,12960599098
378.797,2.63994,45.1613,0,86,65,44,2760,10501,5.13004,165,16.8697,0,0,5437,12963239206
347.411,2.87843,45.1613,0,86,65,44,2760,10501,5.13004,165,16.8697,0,0,5437,12966117976
313.547,3.18931,45.1613,0,86,65,44,2760,10501,5.13004,165,16.8697,0,0,5437,12969307612
500.983,1.99608,45.1613,0,86,65,44,2760,10501,5.13004,165,16.8697,0,0,5437,12971304189
168.137,5.94755,45.1613,0,86,65,44,2760,10501,5.13004,165,16.8697,0,0,5437,12977251842
1353.95,0.738582,45.1613,0,86,65,44,2760,10501,5.13004,165,16.8697,0,0,5437,12977990963
561.203,1.78189,45.1613,0,86,65,44,2760,10501,5.13004,165,16.8697,0,0,5437,12979772955
297.78,3.35818,45.1613,0,86,65,44,2760,10501,5.13004,165,16.8697,0,0,5437,12983131444
479.297,2.08639,45.1613,0,86,65,44,2760,10501,5.13004,165,16.8697,0,0,5437,12985218091
380.687,2.62683,45.1613,0,86,65,44,2760,10501,5.13004,165,16.8697,0,0,5437,12987845314
357.074,2.80054,45.1613,0,86,65,44,2760,10501,5.13004,165,16.8697,0,0,5437,12990646293
335.4,2.98151,45.1613,0,86,65,44,2760,10501,5.13004,165,16.8697,0,0,5437,12993628018
449.078,2.22679,45.1613,0,86,65,44,2760,10501,5.13004,165,16.8697,0,0,5437,12995855113
342.514,2.91959,45.1613,0,86,65,44,2760,10501,5.13004,165,16.8697,0,0,5437,12998775000
443.234,2.25614,45.1613,0,86,65,44,2760,10501,5.13004,165,16.8697,0,0,5437,13001031508
171.274,5.83858,45.1613,0,86,65,44,2760,10501,5.13004,165,16.8697,0,0,5437,13006870657
2029.36,0.492766,45.1613,0,86,65,44,2760,10501,5.13004,165,16.8697,0,0,5437,13007363202
449.477,2.22481,45.1613,0,86,65,44,2760,10501,5.13004,165,16.8697,0,0,5437,13009588335
400.268,2.49832,45.1613,0,86,65,44,2760,10501,5.13004,165,16.8697,0,0,5437,13012087044
308.051,3.24622,45.1613,0,86,65,44,2760,10501,5.13004,165,16.8697,0,0,5437,13015333548
469.192,2.13132,45.1613,0,86,65,44,2760,10501,5.13004,165,16.8697,0,0,5437,13017465187
339.413,2.94626,45.1613,0,86,65,44,2760,10501,5.13004,165,16.8697,0,0,5437,13020411796
491.126,2.03614,45.1613,0,86,65,44,2760,10501,5.13004,165,16.8697,0,0,5437,13022448192
310.444,3.22119,45.1613,0,86,65,44,2760,10501,5.13004,165,16.8697,0,0,5437,13025669733
244.947,4.08251,45.1613,0,86,65,44,2760,10501,5.13004,165,16.8697,0,0,5437,13029752515
320.753,3.11766,45.1613,0,86,65,44,2760,10501,5.13004,165,16.8697,0,0,5437,13032870591
582.77,1.71594,45.1613,0,86,65,44,2760,10501,5.13004,165,16.8697,0,0,5437,13034586783
506.391,1.97476,45.1613,0,86,65,44,2760,10501,5.13004,165,16.8697,0,0,5437,13036561792
387.274,2.58215,45.1613,0,86,65,44,2760,10501,5.13004,165,16.8697,0,0,5437,13039144321
310.483,3.22079,45.1613,0,86,65,44,2760,10501,5.13004,165,16.8697,0,0,5437,13042365440
353.165,2.83154,45.1613,0,86,65,44,2760,10501,5.13004,165,16.8697,0,0,5437,13045197304
553.202,1.80766,45.1613,0,86,65,44,2760,10501,5.13004,165,16.8697,0,0,5437,13047005327
325.411,3.07304,45.1613,0,86,65,44,2760,10501,5.13004,165,16.8697,0,0,5437,13050078642
434.63,2.30081,45.1613,0,86,65,44,2760,10501,5.13004,165,16.8697,0,0,5437,13052379844
371.379,2.69267,45.1613,0,86,65,44,2760,10501,5.13004,165,16.8697,0,0,5437,13055072829
270.367,3.69867,45.1613,0,86,65,44,2760,10501,5.13004,165,16.8697,0,0,5437,13058771839
255.142,3.91938,45.1613,0,86,65,44,2760,10501,5.13004,165,16.8697,0,0,5437,13062691548
699.263,1.43008,45.1613,0,86,65,44,2760,10501,5.13004,165,16.8697,0,0,5437,13064122057
525.654,1.90239,45.1613,0,86,65,44,2760,10501,5.13004,165,16.8697,0,0,5437,13066024660
389.887,2.56485,45.1613,0,86,65,44,2760,10501,5.13004,165,16.8697,0,0,5437,13068589843
322.465,3.10111,45.1613,0,86,65,44,2760,10501,5.13004,165,16.8697,0,0,5437,13071691341
293.204,3.4106,45.1613,0,86,65,44,2760,10501,5.13004,165,16.8697,0,0,5437,13075102302
524.234,1.90754,45.1613,0,86,65,44,2760,10501,5.13004,165,16.8697,0,0,5437,13077010155
234.926,4.25666,45.1613,0,86,65,44,2760,10501,5.13004,165,16.8697,0,0,5437,13081267135
643.678,1.55357,45.1613,0,86,65,44,2760,10501,5.13004,165,16.8697,0,0,5437,13082820928
329.258,3.03713,45.1613,0,86,65,44,2760,10501,5.13004,165,16.8697,0,0,5437,13085858530
530.121,1.88636,45.1613,0,86,65,44,2760,10501,5.13004,165,16.8697,0,0,5437,13087745142
505.016,1.98013,45.1613,0,86,65,44,2760,10501,5.13004,165,16.8697,0,0,5437,13089725612
217.443,4.59891,45.1613,0,86,65,44,2760,10501,5.13004,165,16.8697,0,0,5437,13094324912
367.84,2.71857,45.1613,0,86,65,44,2760,10501,5.13004,165,16.8697,0,0,5437,13097043994
1109.11,0.901627,45.1613,0,86,65,44,2760,10501,5.13004,165,16.8697,0,0,5437,13097945841
304.894,3.27983,45.1613,0,86,65,44,2760,10501,5.13004,165,16.8697,0,0,5437,13101225981
247.676,4.03754,45.1613,0,86,65,44,2760,10501,5.13004,165,16.8697,0,0,5437,13105263944
607.609,1.6458,45.1613,0,86,65,44,2760,10501,5.13004,165,16.8697,0,0,5437,13106910028
456.395,2.19108,45.1613,0,86,65,44,2760,10501,5.13004,165,16.8697,0,0,5437,13109101467
278.497,3.5907,45.1613,0,86,65,44,2760,10501,5.13004,165,16.8697,0,0,5437,13112692415
393.345,2.5423,45.1613,0,86,65,44,2760,10501,5.13004,165,16.8697,0,0,5437,13115235078
520.573,1.92096,45.1613,0,86,65,44,2760,10501,5.13004,165,16.8697,0,0,5437,13117156268
361.09,2.76939,45.1613,0,86,65,44,2760,10501,5.13004,165,16.8697,0,0,5437,13119926005
234.585,4.26286,45.1613,0,86,65,44,2760,10501,5.13004,165,16.8697,0,0,5437,13124189312
707.575,1.41328,45.1613,0,86,65,44,2760,10501,5.13004,165,16.8697,0,0,5437,13125602995
384.766,2.59898,45.1613,0,86,65,44,2760,10501,5.13004,165,16.8697,0,0,5437,13128202111
404.808,2.4703,45.1613,0,86,65,44,2760,10501,5.13004,165,16.8697,0,0,5437,13130672925
365.612,2.73514,45.1613,0,86,65,44,2760,10501,5.13004,165,16.8697,0,0,5437,13133408325
337.931,2.95919,45.1613,0,86,65,44,2760,10501,5.13004,165,16.8697,0,0,5437,13136367838
247.476,4.04079,45.1613,0,86,65,44,2760,10501,5.13004,165,16.8697,0,0,5437,13140408945
732.184,1.36578,45.1613,0,86,65,44,2760,10501,5.13004,165,16.8697,0,0,5437,13141775030
364.373,2.74444,45.1613,0,86,65,44,2760,10501,5.13004,165,16.8697,0,0,5437,13144519776
361.527,2.76605,45.1613,0,86,65,44,2760,10501,5.13004,165,16.8697,0,0,5437,13147286283
389.43,2.56786,45.1613,0,86,65,44,2760,10501,5.13004,165,16.8697,0,0,5437,13149854350
415.751,2.40528,45.1613,0,86,65,44,2760,10501,5.13004,165,16.8697,0,0,5437,13152259941
400.002,2.49999,45.1613,0,86,65,44,2760,10501,5.13004,165,16.8697,0,0,5437,13154760198
307.795,3.24892,45.1613,0,86,65,44,2760,10501,5.13004,165,16.8697,0,0,5437,13158009442
207.125,4.82801,45.1613,0,86,65,44,2760,10501,5.13004,165,16.8697,0,0,5437,13162837942
761.383,1.3134,45.1613,0,86,65,44,2760,10501,5.13004,165,16.8697,0,0,5437,13164151438
218.085,4.58537,45.1613,0,86,65,44,2760,10501,5.13004,165,16.8697,0,0,5437,13168737410
1835.12,0.544922,45.1613,0,86,65,44,2760,10501,5.13004,165,16.8697,0,0,5437,13169282524
315.284,3.17174,45.1613,0,86,65,44,2760,10501,5.13004,165,16.8697,0,0,5437,13172454766
541.792,1.84573,45.1613,0,86,65,44,2760,10501,5.13004,165,16.8697,0,0,5437,13174300568
324.152,3.08497,45.1613,0,86,65,44,2760,10501,5.13004,165,16.8697,0,0,5437,13177385874
499.337,2.00265,45.1613,0,86,65,44,2760,10501,5.13004,165,16.8697,0,0,5437,13179388807
344.983,2.89869,45.1613,0,86,65,44,2760,10501,5.13004,165,16.8697,0,0,5437,13182287761
428.85,2.33182,45.1613,0,86,65,44,2760,10501,5.13004,165,16.8697,0,0,5437,13184619878
319.384,3.13103,45.1613,0,86,65,44,2760,10501,5.13004,165,16.8697,0,0,5437,13187751233
298.569,3.3493,45.1613,0,86,65,44,2760,10501,5.13004,165,16.8697,0,0,5437,13191101067
233.969,4.27407,45.1613,0,86,65,44,2760,10501,5.13004,165,16.8697,0,0,5437,13195375509
1352.76,0.739227,45.1613,0,86,65,44,2760,10501,5.13004,165,16.8697,0,0,5437,13196114967
522.682,1.91321,45.1613,0,86,65,44,2760,10501,5.13004,165,16.8697,0,0,5437,13198028589
399.391,2.50381,45.1613,0,86,65,44,2760,10501,5.13004,165,16.8697,0,0,5437,13200532770
310.642,3.21914,45.1613,0,86,65,44,2760,10501,5.13004,165,16.8697,0,0,5437,13203752070
399.294,2.50442,45.1613,0,86,65,44,2760,10501,5.13004,165,16.8697,0,0,5437,13206256857
427.083,2.34146,45.1613,0,86,65,44,2760,10501,5.13004,165,16.8697,0,0,5437,13208598743
322.815,3.09775,45.1613,0,86,65,44,2760,10501,5.13004,165,16.8697,0,0,5437,13211696790
383.409,2.60818,45.1613,0,86,65,44,2760,10501,5.13004,165,16.8697,0,0,5437,13214305282
393.23,2.54304,45.1613,0,86,65,44,2760,10501,5.13004,165,16.8697,0,0,5437,13216848704
185.929,5.37838,45.1613,0,86,65,44,2760,10501,5.13004,165,16.8697,0,0,5437,13222227578
886.178,1.12844,45.1613,0,86,65,44,2760,10501,5.13004,165,16.8697,0,0,5437,13223356212
481.361,2.07745,45.1613,0,86,65,44,2760,10501,5.13004,165,16.8697,0,0,5437,13225434089
386.284,2.58877,45.1613,0,86,65,44,2760,10501,5.13004,165,16.8697,0,0,5437,13228023321
369.878,2.70359,45.1613,0,86,65,44,2760,10501,5.13004,165,16.8697,0,0,5437,13230727104
367.261,2.72286,45.1613,0,86,65,44,2760,10501,5.13004,165,16.8697,0,0,5437,13233450283
357.66,2.79595,45.1613,0,86,65,44,2760,10501,5.13004,165,16.8697,0,0,5437,13236246560
306.958,3.25777,45.1613,0,86,65,44,2760,10501,5.13004,165,16.8697,0,0,5437,13239504717
371.032,2.69519,45.1613,0,86,65,44,2760,10501,5.13004,165,16.8697,0,0,5437,13242200414
448.336,2.23047,45.1613,0,86,65,44,2760,10501,5.13004,165,16.8697,0,0,5437,13244431114
209.629,4.77033,45.1613,0,86,65,44,2760,10501,5.13004,165,16.8697,0,0,5437,13249201862
822.347,1.21603,45.1613,0,86,65,44,2760,10501,5.13004,165,16.8697,0,0,5437,13250418181
404.503,2.47217,45.1613,0,86,65,44,2760,10501,5.13004,165,16.8697,0,0,5437,13252890678
407.703,2.45277,45.1613,0,86,65,44,2760,10501,5.13004,165,16.8697,0,0,5437,13255343934
344.641,2.90157,45.1613,0,86,65,44,2760,10501,5.13004,165,16.8697,0,0,5437,13258245743
389.912,2.56468,45.1613,0,86,65,44,2760,10501,5.13004,165,16.8697,0,0,5437,13260810705
329.361,3.03618,45.1613,0,86,65,44,2760,10501,5.13004,165,16.8697,0,0,5437,13263847269
317.843,3.14621,45.1613,0,86,65,44,2760,10501,5.13004,165,16.8697,0,0,5437,13266993980
316.374,3.16082,45.1613,0,86,65,44,2760,10501,5.13004,165,16.8697,0,0,5437,13270155000
584.398,1.71116,45.1613,0,86,65,44,2760,10501,5.13004,165,16.8697,0,0,5437,13271866520
221.322,4.51831,45.1613,0,86,65,44,2760,10501,5.13004,165,16.8697,0,0,5437,13276385191
775.411,1.28964,45.1613,0,86,65,44,2760,10501,5.13004,165,16.8697,0,0,5437,13277675033
363.214,2.7532,45.1613,0,86,65,44,2760,10501,5.13004,165,16.8697,0,0,5437,13280428693
383.002,2.61095,45.1613,0,86,65,44,2760,10501,5.13004,165,16.8697,0,0,5437,13283040088
418.637,2.38871,45.1613,0,86,65,44,2760,10501,5.13004,165,16.8697,0,0,5437,13285429025
351.405,2.84572,45.1613,0,86,65,44,2760,10501,5.13004,165,16.8697,0,0,5437,13288275034
296.558,3.37202,45.1613,0,86,65,44,2760,10501,5.13004,165,16.8697,0,0,5437,13291649023
578.038,1.72999,44.9871,0,86,65,44,2760,10501,5.13473,166,16.8711,0,0,5441,13293377687
322.699,3.09886,44.9871,0,86,65,44,2760,10501,5.13473,166,16.8711,0,0,5441,13296476926
430.998,2.32019,44.9871,0,86,65,44,2760,10501,5.13473,166,16.8711,0,0,5441,13298797254
262.871,3.80415,44.9871,0,86,65,44,2760,10501,5.13473,166,16.8711,0,0,5441,13302601873
542.346,1.84384,44.9871,0,86,65,44,2760,10501,5.13473,166,16.8711,0,0,5441,13304446079
423.292,2.36244,44.9871,0,86,65,44,2760,10501,5.13473,166,16.8711,0,0,5441,13306808736
358.291,2.79103,44.9871,0,86,65,44,2760,10501,5.13473,166,16.8711,0,0,5441,13309600166
375.808,2.66094,44.9871,0,86,65,44,2760,10501,5.13473,166,16.8711,0,0,5441,13312261294
360.018,2.77764,44.9871,0,86,65,44,2760,10501,5.13473,166,16.8711,0,0,5441,13315039244
306.773,3.25974,44.9871,0,86,65,44,2760,10501,5.13473,166,16.8711,0,0,5441,13318299363
348.695,2.86784,44.9871,0,86,65,44,2760,10501,5.13473,166,16.8711,0,0,5441,13321167450
454.902,2.19828,44.9871,0,86,65,44,2760,10501,5.13473,166,16.8711,0,0,5441,13323366024
350.818,2.85048,44.9871,0,86,65,44,2760,10501,5.13473,166,16.8711,0,0,5441,13326216745
282.797,3.5361,44.9871,0,86,65,44,2760,10501,5.13473,166,16.8711,0,0,5441,13329753365
517.251,1.9333,44.9871,0,86,65,44,2760,10501,5.13473,166,16.8711,0,0,5441,13331686939
441.525,2.26487,44.9871,0,86,65,44,2760,10501,5.13473,166,16.8711,0,0,5441,13333952131
303.913,3.29042,44.9871,0,86,65,44,2760,10501,5.13473,166,16.8711,0,0,5441,13337242867
463.544,2.15729,44.9871,0,86,65,44,2760,10501,5.13473,166,16.8711,0,0,5441,13339400526
392.269,2.54927,44.9871,0,86,65,44,2760,10501,5.13473,166,16.8711,0,0,5441,13341950112
351.135,2.8479,44.9871,0,86,65,44,2760,10501,5.13473,166,16.8711,0,0,5441,13344798323
287.9,3.47342,44.9871,0,86,65,44,2760,10501,5.13473,166,16.8711,0,0,5441,13348272267
581.883,1.71856,44.9871,0,86,65,44,2760,10501,5.13473,166,16.8711,0,0,5441,13349990970
345.46,2.89469,44.9871,0,86,65,44,2760,10501,5.13473,166,16.8711,0,0,5441,13352886067
255.716,3.91059,44.9871,0,86,65,44,2760,10501,5.13473,166,16.8711,0,0,5441,13356797007
511.182,1.95625,44.9871,0,86,65,44,2760,10501,5.13473,166,16.8711,0,0,5441,13358753496
371.605,2.69103,44.9871,0,86,65,44,2760,10501,5.13473,166,16.8711,0,0,5441,13361444913
331.632,3.01539,44.9871,0,86,65,44,2760,10501,5.13473,166,16.8711,0,0,5441,13364460573
438.941,2.27821,44.9871,0,86,65,44,2760,10501,5.13473,166,16.8711,0,0,5441,13366739120
337.858,2.95982,44.9871,0,86,65,44,2760,10501,5.13473,166,16.8711,0,0,5441,13369699259
368.624,2.71279,44.9871,0,86,65,44,2760,10501,5.13473,166,16.8711,0,0,5441,13372412485
374.217,2.67224,44.9871,0,86,65,44,2760,10501,5.13473,166,16.8711,0,0,5441,13375085017
436.549,2.29069,44.9871,0,86,65,44,2760,10501,5.13473,166,16.8711,0,0,5441,13377376017
328.756,3.04177,44.9871,0,86,65,44,2760,10501,5.13473,166,16.8711,0,0,5441,13380418206
241.439,4.14183,44.9871,0,86,65,44,2760,10501,5.13473,166,16.8711,0,0,5441,13384560442
425.422,2.35061,44.9871,0,86,65,44,2760,10501,5.13473,166,16.8711,0,0,5441,13386911425
565.46,1.76847,44.9871,0,86,65,44,2760,10501,5.13473,166,16.8711,0,0,5441,13388680091
424.314,2.35674,44.9871,0,86,65,44,2760,10501,5.13473,166,16.8711,0,0,5441,13391037103
280.488,3.56522,44.9871,0,86,65,44,2760,10501,5.13473,166,16.8711,0,0,5441,13394602665
554.669,1.80288,44.9871,0,86,65,44,2760,10501,5.13473,166,16.8711,0,0,5441,13396405784
461.505,2.16682,44.9871,0,86,65,44,2760,10501,5.13473,166,16.8711,0,0,5441,13398573078
308.223,3.24441,44.9871,0,86,65,44,2760,10501,5.13473,166,16.8711,0,0,5441,13401817966
434.483,2.30159,44.9871,0,86,65,44,2760,10501,5.13473,166,16.8711,0,0,5441,13404119688
286.733,3.48757,44.9871,0,86,65,44,2760,10501,5.13473,166,16.8711,0,0,5441,13407607584
223.267,4.47895,44.9871,0,86,65,44,2760,10501,5.13473,166,16.8711,0,0,5441,13412086985
1487.4,0.672312,44.9871,0,86,65,44,2760,10501,5.13473,166,16.8711,0,0,5441,13412759248
417.984,2.39244,44.9871,0,86,65,44,2760,10501,5.13473,166,16.8711,0,0,5441,13415152156
368.74,2.71194,44.9871,0,86,65,44,2760,10501,5.13473,166,16.8711,0,0,5441,13417864382
375.787,2.66108,44.9871,0,86,65,44,2760,10501,5.13473,166,16.8711,0,0,5441,13420525789
338.927,2.95048,44.9871,0,86,65,44,2760,10501,5.13473,166,16.8711,0,0,5441,13423476773
361.337,2.7675,44.9871,0,86,65,44,2760,10501,5.13473,166,16.8711,0,0,5441,13426244501
379.951,2.63192,44.9871,0,86,65,44,2760,10501,5.13473,166,16.8711,0,0,5441,13428876714
299.09,3.34348,44.9871,0,86,65,44,2760,10501,5.13473,166,16.8711,0,0,5441,13432220519
502.556,1.98983,44.9871,0,86,65,44,2760,10501,5.13473,166,16.8711,0,0,5441,13434210654
315.222,3.17237,44.9871,0,86,65,44,2760,10501,5.13473,166,16.8711,0,0,5441,13437383318
519.434,1.92517,44.9871,0,86,65,44,2760,10501,5.13473,166,16.8711,0,0,5441,13439308787
250.816,3.98698,44.9871,0,86,65,44,2760,10501,5.13473,166,16.8711,0,0,5441,13443296114
622.98,1.60519,44.9871,0,86,65,44,2760,10501,5.13473,166,16.8711,0,0,5441,13444901533
351.201,2.84737,44.9871,0,86,65,44,2760,10501,5.13473,166,16.8711,0,0,5441,13447749283
420.395,2.37872,44.9871,0,86,65,44,2760,10501,5.13473,166,16.8711,0,0,5441,13450128306
352.264,2.83878,44.9871,0,86,65,44,2760,10501,5.13473,166,16.8711,0,0,5441,13452967440
297.995,3.35576,44.9871,0,86,65,44,2760,10501,5.13473,166,16.8711,0,0,5441,13456323476
526.911,1.89785,44.9871,0,86,65,44,2760,10501,5.13473,166,16.8711,0,0,5441,13458221771
277.745,3.60043,44.9871,0,86,65,44,2760,10501,5.13473,166,16.8711,0,0,5441,13461822430
305.998,3.26799,44.9871,0,86,65,44,2760,10501,5.13473,166,16.8711,0,0,5441,13465090829
668.259,1.49643,44.9871,0,86,65,44,2760,10501,5.13473,166,16.8711,0,0,5441,13466587399
348.582,2.86877,44.9871,0,86,65,44,2760,10501,5.13473,166,16.8711,0,0,5441,13469456553
382.174,2.61661,44.9871,0,86,65,44,2760,10501,5.13473,166,16.8711,0,0,5441,13472073430
360.722,2.77222,44.9871,0,86,65,44,2760,10501,5.13473,166,16.8711,0,0,5441,13474846187
367.366,2.72208,44.9871,0,86,65,44,2760,10501,5.13473,166,16.8711,0,0,5441,13477568374
353.263,2.83075,44.9871,0,86,65,44,2760,10501,5.13473,166,16.8711,0,0,5441,13480399624
343.123,2.91441,44.9871,0,86,65,44,2760,10501,5.13473,166,16.8711,0,0,5441,13483314212
427.514,2.33911,44.9871,0,86,65,44,2760,10501,5.13473,166,16.8711,0,0,5441,13485653657
322.253,3.10315,44.9871,0,86,65,44,2760,10501,5.13473,166,16.8711,0,0,5441,13488757078
347.556,2.87723,44.9871,0,86,65,44,2760,10501,5.13473,166,16.8711,0,0,5441,13491634695
707.55,1.41333,44.9871,0,86,65,44,2760,10501,5.13473,166,16.8711,0,0,5441,13493048310
323.18,3.09425,44.9871,0,86,65,44,2760,10501,5.13473,166,16.8711,0,0,5441,13496142798
331.527,3.01634,44.9871,0,86,65,44,2760,10501,5.13473,166,16.8711,0,0,5441,13499159487
374.37,2.67116,44.9871,0,86,65,44,2760,10501,5.13473,166,16.8711,0,0,5441,13501830942
373.522,2.67722,44.9871,0,86,65,44,2760,10501,5.13473,166,16.8711,0,0,5441,13504508475
282.645,3.538,44.9871,0,86,65,44,2760,10501,5.13473,166,16.8711,0,0,5441,13508046892
371.49,2.69186,44.9871,0,86,65,44,2760,10501,5.13473,166,16.8711,0,0,5441,13510739223
592.323,1.68827,44.9871,0,86,65,44,2760,10501,5.13473,166,16.8711,0,0,5441,13512427751
326.135,3.06622,44.9871,0,86,65,44,2760,10501,5.13473,166,16.8711,0,0,5441,13515494306
311.011,3.21532,44.9871,0,86,65,44,2760,10501,5.13473,166,16.8711,0,0,5441,13518709934
271.018,3.68979,44.9871,0,86,65,44,2760,10501,5.13473,166,16.8711,0,0,5441,13522400020
981.795,1.01854,44.9871,0,86,65,44,2760,10501,5.13473,166,16.8711,0,0,5441,13523418881
350.197,2.85554,44.9871,0,86,65,44,2760,10501,5.13473,166,16.8711,0,0,5441,13526274689
435.772,2.29478,44.9871,0,86,65,44,2760,10501,5.13473,166,16.8711,0,0,5441,13528569776
378.798,2.63993,44.9871,0,86,65,44,2760,10501,5.13473,166,16.8711,0,0,5441,13531210067
329.471,3.03517,44.9871,0,86,65,44,2760,10501,5.13473,166,16.8711,0,0,5441,13534245650
446.308,2.2406,44.9871,0,86,65,44,2760,10501,5.13473,166,16.8711,0,0,5441,13536486716
343.388,2.91215,44.9871,0,86,65,44,2760,10501,5.13473,166,16.8711,0,0,5441,13539398881
387.448,2.58099,44.9871,0,86,65,44,2760,10501,5.13473,166,16.8711,0,0,5441,13541980237
263.889,3.78946,44.9871,0,86,65,44,2760,10501,5.13473,166,16.8711,0,0,5441,13545770307
575.224,1.73845,44.9871,0,86,65,44,2760,10501,5.13473,166,16.8711,0,0,5441,13547508924
508.752,1.9656,44.9871,0,86,65,44,2760,10501,5.13473,166,16.8711,0,0,5441,13549475028
162.686,6.14682,44.9871,0,86,65,44,2760,10501,5.13473,166,16.8711,0,0,5441,13555622341
1078.84,0.926925,44.9871,0,86,65,44,2760,10501,5.13473,166,16.8711,0,0,5441,13556549411
545.069,1.83463,44.9871,0,86,65,44,2760,10501,5.13473,166,16.8711,0,0,5441,13558384406
346.038,2.88986,44.9871,0,86,65,44,2760,10501,5.13473,166,16.8711,0,0,5441,13561274561
306.726,3.26024,44.9871,0,86,65,44,2760,10501,5.13473,166,16.8711,0,0,5441,13564535276
586.242,1.70578,44.9871,0,86,65,44,2760,10501,5.13473,166,16.8711,0,0,5441,13566241305
299.909,3.33434,44.9871,0,86,65,44,2760,10501,5.13473,166,16.8711,0,0,5441,13569575946
205.044,4.87699,44.9871,0,86,65,44,2760,10501,5.13473,166,16.8711,0,0,5441,13574453466
1230.47,0.8127,44.9871,0,86,65,44,2760,10501,5.13473,166,16.8711,0,0,5441,13575266484
546.154,1.83098,44.9871,0,86,65,44,2760,10501,5.13473,166,16.8711,0,0,5441,13577097805
388.171,2.57618,44.9871,0,86,65,44,2760,10501,5.13473,166,16.8711,0,0,5441,13579674421
377.813,2.64681,44.9871,0,86,65,44,2760,10501,5.13473,166,16.8711,0,0,5441,13582321453
380.892,2.62542,44.9871,0,86,65,44,2760,10501,5.13473,166,16.8711,0,0,5441,13584947330
302.501,3.30577,44.9871,0,86,65,44,2760,10501,5.13473,166,16.8711,0,0,5441,13588253479
408.324,2.44903,44.9871,0,86,65,44,2760,10501,5.13473,166,16.8711,0,0,5441,13590702697
343.346,2.91251,44.9871,0,86,65,44,2760,10501,5.13473,166,16.8711,0,0,5441,13593615449
457.683,2.18492,44.9871,0,86,65,44,2760,10501,5.13473,166,16.8711,0,0,5441,13595800628
240.273,4.16193,44.9871,0,86,65,44,2760,10501,5.13473,166,16.8711,0,0,5441,13599963086
562.119,1.77898,44.9871,0,86,65,44,2760,10501,5.13473,166,16.8711,0,0,5441,13601742242
283.077,3.53261,44.9871,0,86,65,44,2760,10501,5.13473,166,16.8711,0,0,5441,13605275322
523.601,1.90985,44.9871,0,86,65,44,2760,10501,5.13473,166,16.8711,0,0,5441,13607185512
430.061,2.32525,44.9871,0,86,65,44,2760,10501,5.13473,166,16.8711,0,0,5441,13609511109
364.606,2.74269,44.9871,0,86,65,44,2760,10501,5.13473,166,16.8711,0,0,5441,13612254067
337.955,2.95898,44.9871,0,86,65,44,2760,10501,5.13473,166,16.8711,0,0,5441,13615213484
443.648,2.25404,44.9871,0,86,65,44,2760,10501,5.13473,166,16.8711,0,0,5441,13617467916
355.056,2.81646,44.9871,0,86,65,44,2760,10501,5.13473,166,16.8711,0,0,5441,13620284636
343.157,2.91412,44.9871,0,86,65,44,2760,10501,5.13473,166,16.8711,0,0,5441,13623199003
289.21,3.45769,44.9871,0,86,65,44,2760,10501,5.13473,166,16.8711,0,0,5441,13626657225
546.505,1.82981,44.9871,0,86,65,44,2760,10501,5.13473,166,16.8711,0,0,5441,13628487133
393.92,2.53858,44.9871,0,86,65,44,2760,10501,5.13473,166,16.8711,0,0,5441,13631026132
375.234,2.665,44.9871,0,86,65,44,2760,10501,5.13473,166,16.8711,0,0,5441,13633691386
390.026,2.56393,44.9871,0,86,65,44,2760,10501,5.13473,166,16.8711,0,0,5441,13636255664
252.893,3.95425,44.9871,0,86,65,44,2760,10501,5.13473,166,16.8711,0,0,5441,13640210240
513.834,1.94615,44.9871,0,86,65,44,2760,10501,5.13473,166,16.8711,0,0,5441,13642156700
522.097,1.91535,44.9871,0,86,65,44,2760,10501,5.13473,166,16.8711,0,0,5441,13644072341
330.51,3.02563,44.9871,0,86,65,44,2760,10501,5.13473,166,16.8711,0,0,5441,13647098299
418.563,2.38913,44.9871,0,86,65,44,2760,10501,5.13473,166,16.8711,0,0,5441,13649487745
252.996,3.95262,44.9871,0,86,65,44,2760,10501,5.13473,166,16.8711,0,0,5441,13653440782
480.727,2.08018,44.9871,0,86,65,44,2760,10501,5.13473,166,16.8711,0,0,5441,13655521217
441.181,2.26664,44.9871,0,86,65,44,2760,10501,5.13473,166,16.8711,0,0,5441,13657788121
334.869,2.98624,44.9871,0,86,65,44,2760,10501,5.13473,166,16.8711,0,0,5441,13660774712
386.367,2.58821,44.9871,0,86,65,44,2760,10501,5.13473,166,16.8711,0,0,5441,13663363241
341.152,2.93124,44.9871,0,86,65,44,2760,10501,5.13473,166,16.8711,0,0,5441,13666294917
378.564,2.64156,44.9871,0,86,65,44,2760,10501,5.13473,166,16.8711,0,0,5441,13668936737
354.708,2.81922,44.9871,0,86,65,44,2760,10501,5.13473,166,16.8711,0,0,5441,13671756264
350.984,2.84913,44.9871,0,86,65,44,2760,10501,5.13473,166,16.8711,0,0,5441,13674605764
383.181,2.60973,44.9871,0,86,65,44,2760,10501,5.13473,166,16.8711,0,0,5441,13677215939
226.838,4.40843,44.9871,0,86,65,44,2760,10501,5.13473,166,16.8711,0,0,5441,13681624568
2092.61,0.477872,44.9871,0,86,65,44,2760,10501,5.13473,166,16.8711,0,0,5441,13682102575
395.942,2.52562,44.9871,0,86,65,44,2760,10501,5.13473,166,16.8711,0,0,5441,13684628621
329.134,3.03828,44.9871,0,86,65,44,2760,10501,5.13473,166,16.8711,0,0,5441,13687667329
349.194,2.86374,44.9871,0,86,65,44,2760,10501,5.13473,166,16.8711,0,0,5441,13690531426
405.012,2.46906,44.9871,0,86,65,44,2760,10501,5.13473,166,16.8711,0,0,5441,13693000980
348.552,2.86901,44.9871,0,86,65,44,2760,10501,5.13473,166,16.8711,0,0,5441,13695870192
323.059,3.09541,44.9871,0,86,65,44,2760,10501,5.13473,166,16.8711,0,0,5441,13698965941
532.837,1.87675,44.9871,0,86,65,44,2760,10501,5.13473,166,16.8711,0,0,5441,13700842947
254.787,3.92484,44.9871,0,86,65,44,2760,10501,5.13473,166,16.8711,0,0,5441,13704768233
226.001,4.42477,44.9871,0,86,65,44,2760,10501,5.13473,166,16.8711,0,0,5441,13709193459
893.388,1.11934,44.9871,0,86,65,44,2760,10501,5.13473,166,16.8711,0,0,5441,13710312939
342.085,2.92325,44.9871,0,86,65,44,2760,10501,5.13473,166,16.8711,0,0,5441,13713236614
419.539,2.38357,44.9871,0,86,65,44,2760,10501,5.13473,166,16.8711,0,0,5441,13715620435
275.5,3.62977,44.9871,0,86,65,44,2760,10501,5.13473,166,16.8711,0,0,5441,13719250634
605.952,1.6503,44.9871,0,86,65,44,2760,10501,5.13473,166,16.8711,0,0,5441,13720901180
362.135,2.7614,44.9871,0,86,65,44,2760,10501,5.13473,166,16.8711,0,0,5441,13723662956
423.903,2.35903,44.9871,0,86,65,44,2760,10501,5.13473,166,16.8711,0,0,5441,13726022401
346.161,2.88883,44.9871,0,86,65,44,2760,10501,5.13473,166,16.8711,0,0,5441,13728911412
365.26,2.73778,44.9871,0,86,65,44,2760,10501,5.13473,166,16.8711,0,0,5441,13731649523
307.069,3.2566,44.9871,0,86,65,44,2760,10501,5.13473,166,16.8711,0,0,5441,13734906556
283.87,3.52274,44.9871,0,86,65,44,2760,10501,5.13473,166,16.8711,0,0,5441,13738429752
683.257,1.46358,44.9871,0,86,65,44,2760,10501,5.13473,166,16.8711,0,0,5441,13739893522
396.404,2.52268,44.9871,0,86,65,44,2760,10501,5.13473,166,16.8711,0,0,5441,13742416511
335.403,2.98149,44.9871,0,86,65,44,2760,10501,5.13473,166,16.8711,0,0,5441,13745398333
456.592,2.19014,44.9871,0,86,65,44,2760,10501,5.13473,166,16.8711,0,0,5441,13747588974
371.06,2.69498,44.9871,0,86,65,44,2760,10501,5.13473,166,16.8711,0,0,5441,13750284036
384.95,2.59774,44.9871,0,86,65,44,2760,10501,5.13473,166,16.8711,0,0,5441,13752882277
346.044,2.88981,44.9871,0,86,65,44,2760,10501,5.13473,166,16.8711,0,0,5441,13755772461
381.001,2.62467,44.9871,0,86,65,44,2760,10501,5.13473,166,16.8711,0,0,5441,13758397357
280.366,3.56676,44.9871,0,86,65,44,2760,10501,5.13473,166,16.8711,0,0,5441,13761964429
324.336,3.08322,44.9871,0,86,65,44,2760,10501,5.13473,166,16.8711,0,0,5441,13765048004
605.825,1.65064,44.9871,0,86,65,44,2760,10501,5.13473,166,16.8711,0,0,5441,13766698964
279.294,3.58046,44.9871,0,86,65,44,2760,10501,5.13473,166,16.8711,0,0,5441,13770279854
576.161,1.73563,44.9871,0,86,65,44,2760,10501,5.13473,166,16.8711,0,0,5441,13772015758
369.214,2.70846,44.9871,0,86,65,44,2760,10501,5.13473,166,16.8711,0,0,5441,13774724513
405.492,2.46614,44.9871,0,86,65,44,2760,10501,5.13473,166,16.8711,0,0,5441,13777191106
352.851,2.83406,44.9871,0,86,65,44,2760,10501,5.13473,166,16.8711,0,0,5441,13780025480
321.374,3.11164,44.9871,0,86,65,44,2760,10501,5.13473,166,16.8711,0,0,5441,13783137624
481.534,2.07669,44.9871,0,86,65,44,2760,10501,5.13473,166,16.8711,0,0,5441,13785214415
253.055,3.95171,44.9871,0,86,65,44,2760,10501,5.13473,166,16.8711,0,0,5441,13789166596
298.951,3.34503,44.9871,0,86,65,44,2760,10501,5.13473,166,16.8711,0,0,5441,13792513488
493.686,2.02558,45.2903,0,85,65,44,2760,10501,5.1316,166,16.8709,0,0,5445,13794537758
564.192,1.77244,45.2903,0,85,65,44,2760,10501,5.1316,166,16.8709,0,0,5445,13796310500
253.822,3.93977,45.2903,0,85,65,44,2760,10501,5.1316,166,16.8709,0,0,5445,13800250710
870.271,1.14907,45.2903,0,85,65,44,2760,10501,5.1316,166,16.8709,0,0,5445,13801399912
288.668,3.46418,45.2903,0,85,65,44,2760,10501,5.1316,166,16.8709,0,0,5445,13804864500
450.464,2.21993,45.2903,0,85,65,44,2760,10501,5.1316,166,16.8709,0,0,5445,13807084863
367.961,2.71768,45.2903,0,85,65,44,2760,10501,5.1316,166,16.8709,0,0,5445,13809802782
383.622,2.60673,45.2903,0,85,65,44,2760,10501,5.1316,166,16.8709,0,0,5445,13812409860
331.325,3.01819,45.2903,0,85,65,44,2760,10501,5.1316,166,16.8709,0,0,5445,13815428385
456.013,2.19292,45.2903,0,85,65,44,2760,10501,5.1316,166,16.8709,0,0,5445,13817621680
313.918,3.18555,45.2903,0,85,65,44,2760,10501,5.1316,166,16.8709,0,0,5445,13820807537
507.097,1.97201,45.2903,0,85,65,44,2760,10501,5.1316,166,16.8709,0,0,5445,13822779815
335.14,2.98383,45.2903,0,85,65,44,2760,10501,5.1316,166,16.8709,0,0,5445,13825763877
354.128,2.82384,45.2903,0,85,65,44,2760,10501,5.1316,166,16.8709,0,0,5445,13828588213
208.479,4.79665,45.2903,0,85,65,44,2760,10501,5.1316,166,16.8709,0,0,5445,13833385221
653.832,1.52945,45.2903,0,85,65,44,2760,10501,5.1316,166,16.8709,0,0,5445,13834915118
622.249,1.60707,45.2903,0,85,65,44,2760,10501,5.1316,166,16.8709,0,0,5445,13836522432
310.163,3.22411,45.2903,0,85,65,44,2760,10501,5.1316,166,16.8709,0,0,5445,13839746906
377.739,2.64733,45.2903,0,85,65,44,2760,10501,5.1316,166,16.8709,0,0,5445,13842394495
519.17,1.92615,45.2903,0,85,65,44,2760,10501,5.1316,166,16.8709,0,0,5445,13844321089
298.018,3.35551,45.2903,0,85,65,44,2760,10501,5.1316,166,16.8709,0,0,5445,13847676856
460.661,2.17079,45.2903,0,85,65,44,2760,10501,5.1316,166,16.8709,0,0,5445,13849847987
280.365,3.56677,45.2903,0,85,65,44,2760,10501,5.1316,166,16.8709,0,0,5445,13853415059
494.635,2.02169,45.2903,0,85,65,44,2760,10501,5.1316,166,16.8709,0,0,5445,13855437060
319.001,3.13479,45.2903,0,85,65,44,2760,10501,5.1316,166,16.8709,0,0,5445,13858572223
447.072,2.23678,45.2903,0,85,65,44,2760,10501,5.1316,166,16.8709,0,0,5445,13860809347
299.741,3.33622,45.2903,0,85,65,44,2760,10501,5.1316,166,16.8709,0,0,5445,13864146190
500.785,1.99687,45.2903,0,85,65,44,2760,10501,5.1316,166,16.8709,0,0,5445,13866143373
246.855,4.05096,45.2903,0,85,65,44,2760,10501,5.1316,166,16.8709,0,0,5445,13870194817
694.467,1.43995,45.2903,0,85,65,44,2760,10501,5.1316,166,16.8709,0,0,5445,13871634952
389.194,2.56941,45.2903,0,85,65,44,2760,10501,5.1316,166,16.8709,0,0,5445,13874204750
351.777,2.84271,45.2903,0,85,65,44,2760,10501,5.1316,166,16.8709,0,0,5445,13877047692
403.147,2.48049,45.2903,0,85,65,44,2760,10501,5.1316,166,16.8709,0,0,5445,13879528545
319.949,3.1255,45.2903,0,85,65,44,2760,10501,5.1316,166,16.8709,0,0,5445,13882654631
393.692,2.54006,45.2903,0,85,65,44,2760,10501,5.1316,166,16.8709,0,0,5445,13885194938
379.448,2.63541,45.2903,0,85,65,44,2760,10501,5.1316,166,16.8709,0,0,5445,13887830680
336.954,2.96776,45.2903,0,85,65,44,2760,10501,5.1316,166,16.8709,0,0,5445,13890798723
347.213,2.88008,45.2903,0,85,65,44,2760,10501,5.1316,166,16.8709,0,0,5445,13893679243
267.409,3.73959,45.2903,0,85,65,44,2760,10501,5.1316,166,16.8709,0,0,5445,13897419205
801.793,1.24721,45.2903,0,85,65,44,2760,10501,5.1316,166,16.8709,0,0,5445,13898666853
349.615,2.86029,45.2903,0,85,65,44,2760,10501,5.1316,166,16.8709,0,0,5445,13901527421
377.106,2.65177,45.2903,0,85,65,44,2760,10501,5.1316,166,16.8709,0,0,5445,13904179472
210.115,4.75929,45.2903,0,85,65,44,2760,10501,5.1316,166,16.8709,0,0,5445,13908939199
786.773,1.27101,45.2903,0,85,65,44,2760,10501,5.1316,166,16.8709,0,0,5445,13910210694
442.437,2.26021,45.2903,0,85,65,44,2760,10501,5.1316,166,16.8709,0,0,5445,13912471145
306.017,3.26779,45.2903,0,85,65,44,2760,10501,5.1316,166,16.8709,0,0,5445,13915739304
445.772,2.2433,45.2903,0,85,65,44,2760,10501,5.1316,166,16.8709,0,0,5445,13917982927
504.174,1.98344,45.2903,0,85,65,44,2760,10501,5.1316,166,16.8709,0,0,5445,13919966696
239.404,4.17704,45.2903,0,85,65,44,2760,10501,5.1316,166,16.8709,0,0,5445,13924144058
468.233,2.13569,45.2903,0,85,65,44,2760,10501,5.1316,166,16.8709,0,0,5445,13926280043
531.386,1.88187,45.2903,0,85,65,44,2760,10501,5.1316,166,16.8709,0,0,5445,13928162222
346.566,2.88545,45.2903,0,85,65,44,2760,10501,5.1316,166,16.8709,0,0,5445,13931048012
213.051,4.69371,45.2903,0,85,65,44,2760,10501,5.1316,166,16.8709,0,0,5445,13935742247
1472.27,0.679225,45.2903,0,85,65,44,2760,10501,5.1316,166,16.8709,0,0,5445,13936421635
185.003,5.40532,45.2903,0,85,65,44,2760,10501,5.1316,166,16.8709,0,0,5445,13941827510
1326.13,0.754073,45.2903,0,85,65,44,2760,10501,5.1316,166,16.8709,0,0,5445,13942581699
373.678,2.6761,45.2903,0,85,65,44,2760,10501,5.1316,166,16.8709,0,0,5445,13945258318
514.592,1.94329,45.2903,0,85,65,44,2760,10501,5.1316,166,16.8709,0,0,5445,13947201873
274.379,3.64459,45.2903,0,85,65,44,2760,10501,5.1316,166,16.8709,0,0,5445,13950846689
529.083,1.89006,45.2903,0,85,65,44,2760,10501,5.1316,166,16.8709,0,0,5445,13952737195
331.867,3.01326,45.2903,0,85,65,44,2760,10501,5.1316,166,16.8709,0,0,5445,13955750681
285.067,3.50795,45.2903,0,85,65,44,2760,10501,5.1316,166,16.8709,0,0,5445,13959259059
860.478,1.16215,45.2903,0,85,65,44,2760,10501,5.1316,166,16.8709,0,0,5445,13960421434
375.466,2.66336,45.2903,0,85,65,44,2760,10501,5.1316,166,16.8709,0,0,5445,13963085274
325.055,3.0764,45.2903,0,85,65,44,2760,10501,5.1316,166,16.8709,0,0,5445,13966161907
443.223,2.2562,45.2903,0,85,65,44,2760,10501,5.1316,166,16.8709,0,0,5445,13968418415
385.827,2.59184,45.2903,0,85,65,44,2760,10501,5.1316,166,16.8709,0,0,5445,13971010580
365.819,2.73359,45.2903,0,85,65,44,2760,10501,5.1316,166,16.8709,0,0,5445,13973744518
340.976,2.93276,45.2903,0,85,65,44,2760,10501,5.1316,166,16.8709,0,0,5445,13976677761
409.571,2.44158,45.2903,0,85,65,44,2760,10501,5.1316,166,16.8709,0,0,5445,13979119622
365.518,2.73584,45.2903,0,85,65,44,2760,10501,5.1316,166,16.8709,0,0,5445,13981855801
397.109,2.5182,45.2903,0,85,65,44,2760,10501,5.1316,166,16.8709,0,0,5445,13984374270
272.142,3.67455,45.2903,0,85,65,44,2760,10501,5.1316,166,16.8709,0,0,5445,13988049250
511.61,1.95461,45.2903,0,85,65,44,2760,10501,5.1316,166,16.8709,0,0,5445,13990004229
421.672,2.37151,45.2903,0,85,65,44,2760,10501,5.1316,166,16.8709,0,0,5445,13992376136
376.615,2.65523,45.2903,0,85,65,44,2760,10501,5.1316,166,16.8709,0,0,5445,13995031678
354.95,2.8173,45.2903,0,85,65,44,2760,10501,5.1316,166,16.8709,0,0,5445,13997849244
389.303,2.56869,45.2903,0,85,65,44,2760,10501,5.1316,166,16.8709,0,0,5445,14000418330
194.718,5.13564,45.2903,0,85,65,44,2760,10501,5.1316,166,16.8709,0,0,5445,14005554234
549.041,1.82136,45.2903,0,85,65,44,2760,10501,5.1316,166,16.8709,0,0,5445,14007375911
837.661,1.1938,45.2903,0,85,65,44,2760,10501,5.1316,166,16.8709,0,0,5445,14008570182
315.248,3.17211,45.2903,0,85,65,44,2760,10501,5.1316,166,16.8709,0,0,5445,14011742510
335.704,2.97881,45.2903,0,85,65,44,2760,10501,5.1316,166,16.8709,0,0,5445,14014721649
247.53,4.03992,45.2903,0,85,65,44,2760,10501,5.1316,166,16.8709,0,0,5445,14018761881
1067.63,0.936656,45.2903,0,85,65,44,2760,10501,5.1316,166,16.8709,0,0,5445,14019698893
381.199,2.6233,45.2903,0,85,65,44,2760,10501,5.1316,166,16.8709,0,0,5445,14022322338
289.213,3.45766,45.2903,0,85,65,44,2760,10501,5.1316,166,16.8709,0,0,5445,14025780329
527.55,1.89555,45.2903,0,85,65,44,2760,10501,5.1316,166,16.8709,0,0,5445,14027676210
189.896,5.26604,45.2903,0,85,65,44,2760,10501,5.1316,166,16.8709,0,0,5445,14032942782
651.395,1.53517,45.2903,0,85,65,44,2760,10501,5.1316,166,16.8709,0,0,5445,14034478151
695.871,1.43705,45.2903,0,85,65,44,2760,10501,5.1316,166,16.8709,0,0,5445,14035915546
372.123,2.68728,45.2903,0,85,65,44,2760,10501,5.1316,166,16.8709,0,0,5445,14038603117
313.396,3.19085,45.2903,0,85,65,44,2760,10501,5.1316,166,16.8709,0,0,5445,14041794446
429.149,2.33019,45.2903,0,85,65,44,2760,10501,5.1316,166,16.8709,0,0,5445,14044124938
324.939,3.0775,45.2903,0,85,65,44,2760,10501,5.1316,166,16.8709,0,0,5445,14047202849
489.57,2.04261,45.2903,0,85,65,44,2760,10501,5.1316,166,16.8709,0,0,5445,14049245918
336.709,2.96993,45.2903,0,85,65,44,2760,10501,5.1316,166,16.8709,0,0,5445,14052216258
294.235,3.39864,45.2903,0,85,65,44,2760,10501,5.1316,166,16.8709,0,0,5445,14055615238
216.326,4.62266,45.2903,0,85,65,44,2760,10501,5.1316,166,16.8709,0,0,5445,14060238452
327.909,3.04962,45.2903,0,85,65,44,2760,10501,5.1316,166,16.8709,0,0,5445,14063288507
482.757,2.07143,45.2903,0,85,65,44,2760,10501,5.1316,166,16.8709,0,0,5445,14065360221
604.329,1.65473,45.2903,0,85,65,44,2760,10501,5.1316,166,16.8709,0,0,5445,14067015469
382.53,2.61418,45.2903,0,85,65,44,2760,10501,5.1316,166,16.8709,0,0,5445,14069629932
360.126,2.77681,45.2903,0,85,65,44,2760,10501,5.1316,166,16.8709,0,0,5445,14072408218
303.238,3.29774,45.2903,0,85,65,44,2760,10501,5.1316,166,16.8709,0,0,5445,14075705204
546.045,1.83135,45.2903,0,85,65,44,2760,10501,5.1316,166,16.8709,0,0,5445,14077537054
181.132,5.52082,45.2903,0,85,65,44,2760,10501,5.1316,166,16.8709,0,0,5445,14083058173
1119.21,0.893491,45.2903,0,85,65,44,2760,10501,5.1316,166,16.8709,0,0,5445,14083951674
211.859,4.72012,45.2903,0,85,65,44,2760,10501,5.1316,166,16.8709,0,0,5445,14088672381
2010.29,0.49744,45.2903,0,85,65,44,2760,10501,5.1316,166,16.8709,0,0,5445,14089170081
508.891,1.96506,45.2903,0,85,65,44,2760,10501,5.1316,166,16.8709,0,0,5445,14091135455
244.944,4.08257,45.2903,0,85,65,44,2760,10501,5.1316,166,16.8709,0,0,5445,14095218342
501.848,1.99263,45.2903,0,85,65,44,2760,10501,5.1316,166,16.8709,0,0,5445,14097211275
554.781,1.80251,45.2903,0,85,65,44,2760,10501,5.1316,166,16.8709,0,0,5445,14099014057
350.107,2.85627,45.2903,0,85,65,44,2760,10501,5.1316,166,16.8709,0,0,5445,14101870662
282.759,3.53658,45.2903,0,85,65,44,2760,10501,5.1316,166,16.8709,0,0,5445,14105407580
375.577,2.66257,45.2903,0,85,65,44,2760,10501,5.1316,166,16.8709,0,0,5445,14108070477
532.39,1.87832,45.2903,0,85,65,44,2760,10501,5.1316,166,16.8709,0,0,5445,14109949156
198.878,5.02821,45.2903,0,85,65,44,2760,10501,5.1316,166,16.8709,0,0,5445,14114977921
580.603,1.72235,45.2903,0,85,65,44,2760,10501,5.1316,166,16.8709,0,0,5445,14116700518
358.737,2.78755,45.2903,0,85,65,44,2760,10501,5.1316,166,16.8709,0,0,5445,14119488573
330.256,3.02796,45.2903,0,85,65,44,2760,10501,5.1316,166,16.8709,0,0,5445,14122516820
807.432,1.23849,45.2903,0,85,65,44,2760,10501,5.1316,166,16.8709,0,0,5445,14123755650
290.35,3.44412,45.2903,0,85,65,44,2760,10501,5.1316,166,16.8709,0,0,5445,14127200276
487.192,2.05258,45.2903,0,85,65,44,2760,10501,5.1316,166,16.8709,0,0,5445,14129253268
296.032,3.37802,45.2903,0,85,65,44,2760,10501,5.1316,166,16.8709,0,0,5445,14132631843
292.684,3.41665,45.2903,0,85,65,44,2760,10501,5.1316,166,16.8709,0,0,5445,14136048795
676.642,1.47789,45.2903,0,85,65,44,2760,10501,5.1316,166,16.8709,0,0,5445,14137527210
415.23,2.4083,45.2903,0,85,65,44,2760,10501,5.1316,166,16.8709,0,0,5445,14139935772
180.811,5.53065,45.2903,0,85,65,44,2760,10501,5.1316,166,16.8709,0,0,5445,14145467218
431.931,2.31518,45.2903,0,85,65,44,2760,10501,5.1316,166,16.8709,0,0,5445,14147782690
307.47,3.25235,45.2903,0,85,65,44,2760,10501,5.1316,166,16.8709,0,0,5445,14151035617
860.335,1.16234,45.2903,0,85,65,44,2760,10501,5.1316,166,16.8709,0,0,5445,14152198108
352.262,2.8388,45.2903,0,85,65,44,2760,10501,5.1316,166,16.8709,0,0,5445,14155037358
371.755,2.68995,45.2903,0,85,65,44,2760,10501,5.1316,166,16.8709,0,0,5445,14157727641
198.269,5.04366,45.2903,0,85,65,44,2760,10501,5.1316,166,16.8709,0,0,5445,14162773128
135.065,7.40386,45.2903,0,85,65,44,2760,10501,5.1316,166,16.8709,0,0,5445,14170177791
1725.88,0.579414,45.2903,0,85,65,44,2760,10501,5.1316,166,16.8709,0,0,5445,14170756955
270.85,3.69209,45.2903,0,85,65,44,2760,10501,5.1316,166,16.8709,0,0,5445,14174449647
209.453,4.77433,45.2903,0,85,65,44,2760,10501,5.1316,166,16.8709,0,0,5445,14179224288
320.835,3.11686,45.2903,0,85,65,44,2760,10501,5.1316,166,16.8709,0,0,5445,14182341499
659.679,1.51589,45.2903,0,85,65,44,2760,10501,5.1316,166,16.8709,0,0,5445,14183857560
283.268,3.53022,45.2903,0,85,65,44,2760,10501,5.1316,166,16.8709,0,0,5445,14187388371
422.302,2.36797,45.2903,0,85,65,44,2760,10501,5.1316,166,16.8709,0,0,5445,14189756711
287.568,3.47744,45.2903,0,85,65,44,2760,10501,5.1316,166,16.8709,0,0,5445,14193234655
123.229,8.115,45.2903,0,85,65,44,2760,10501,5.1316,166,16.8709,0,0,5445,14201349996
622.003,1.60771,45.2903,0,85,65,44,2760,10501,5.1316,166,16.8709,0,0,5445,14202957877
467.81,2.13762,45.2903,0,85,65,44,2760,10501,5.1316,166,16.8709,0,0,5445,14205095814
359.108,2.78468,45.2903,0,85,65,44,2760,10501,5.1316,166,16.8709,0,0,5445,14207881004
355.599,2.81215,45.2903,0,85,65,44,2760,10501,5.1316,166,16.8709,0,0,5445,14210693695
396.487,2.52215,45.2903,0,85,65,44,2760,10501,5.1316,166,16.8709,0,0,5445,14213216107
327.031,3.05782,45.2903,0,85,65,44,2760,10501,5.1316,166,16.8709,0,0,5445,14216274085
372.025,2.68799,45.2903,0,85,65,44,2760,10501,5.1316,166,16.8709,0,0,5445,14218962426
207.154,4.82732,45.2903,0,85,65,44,2760,10501,5.1316,166,16.8709,0,0,5445,14223790059
350.448,2.85349,45.2903,0,85,65,44,2760,10501,5.1316,166,16.8709,0,0,5445,14226644069
361.468,2.7665,45.2903,0,85,65,44,2760,10501,5.1316,166,16.8709,0,0,5445,14229410951
575.781,1.73677,45.2903,0,85,65,44,2760,10501,5.1316,166,16.8709,0,0,5445,14231148192
415.63,2.40598,45.2903,0,85,65,44,2760,10501,5.1316,166,16.8709,0,0,5445,14233554542
404.788,2.47043,45.2903,0,85,65,44,2760,10501,5.1316,166,16.8709,0,0,5445,14236025116
361.335,2.76752,45.2903,0,85,65,44,2760,10501,5.1316,166,16.8709,0,0,5445,14238792978
347.249,2.87978,45.2903,0,85,65,44,2760,10501,5.1316,166,16.8709,0,0,5445,14241672999
370.803,2.69685,45.2903,0,85,65,44,2760,10501,5.1316,166,16.8709,0,0,5445,14244370263
338.479,2.9544,45.2903,0,85,65,44,2760,10501,5.1316,166,16.8709,0,0,5445,14247324901
196.655,5.08506,45.2903,0,85,65,44,2760,10501,5.1316,166,16.8709,0,0,5445,14252410476
2005.72,0.498574,45.2903,0,85,65,44,2760,10501,5.1316,166,16.8709,0,0,5445,14252909156
359.673,2.7803,45.2903,0,85,65,44,2760,10501,5.1316,166,16.8709,0,0,5445,14255689865
298.654,3.34835,45.2903,0,85,65,44,2760,10501,5.1316,166,16.8709,0,0,5445,14259038776
354.135,2.82378,45.2903,0,85,65,44,2760,10501,5.1316,166,16.8709,0,0,5445,14261862708
413.293,2.41959,45.2903,0,85,65,44,2760,10501,5.1316,166,16.8709,0,0,5445,14264282818
216.248,4.62432,45.2903,0,85,65,44,2760,10501,5.1316,166,16.8709,0,0,5445,14268907686
583.876,1.71269,45.2903,0,85,65,44,2760,10501,5.1316,166,16.8709,0,0,5445,14270620657
398.032,2.51236,45.2903,0,85,65,44,2760,10501,5.1316,166,16.8709,0,0,5445,14273133588
168.096,5.94897,45.2903,0,85,65,44,2760,10501,5.1316,166,16.8709,0,0,5445,14279082875
540.922,1.8487,45.2903,0,85,65,44,2760,10501,5.1316,166,16.8709,0,0,5445,14280931937
417.296,2.39638,45.2903,0,85,65,44,2760,10501,5.1316,166,16.8709,0,0,5445,14283328575
413.829,2.41646,45.2903,0,85,65,44,2760,10501,5.1316,166,16.8709,0,0,5445,14285745176
350.693,2.8515,45.2903,0,85,65,44,2760,10501,5.1316,166,16.8709,0,0,5445,14288597109
442.591,2.25942,45.2903,0,85,65,44,2760,10501,5.1316,166,16.8709,0,0,5445,14290857069
326.035,3.06715,45.2903,0,85,65,44,2760,10501,5.1316,166,16.8709,0,0,5445,14293926740
360.256,2.7758,47.7535,0,85,66,44,2760,10501,5.13121,166,16.8746,0,0,5426,14296700661
199.327,5.01689,47.7535,0,85,66,44,2760,10501,5.13121,166,16.8746,0,0,5426,14301718012
372.202,2.68672,47.7535,0,85,66,44,2760,10501,5.13121,166,16.8746,0,0,5426,14304405074
318.388,3.14082,47.7535,0,85,66,44,2760,10501,5.13121,166,16.8746,0,0,5426,14307546257
1062.33,0.94133,47.7535,0,85,66,44,2760,10501,5.13121,166,16.8746,0,0,5426,14308487904
245.973,4.06548,47.7535,0,85,66,44,2760,10501,5.13121,166,16.8746,0,0,5426,14312554137
422.886,2.3647,47.7535,0,85,66,44,2760,10501,5.13121,166,16.8746,0,0,5426,14314919178
242.111,4.13033,47.7535,0,85,66,44,2760,10501,5.13121,166,16.8746,0,0,5426,14319049981
1229.53,0.813316,47.7535,0,85,66,44,2760,10501,5.13121,166,16.8746,0,0,5426,14319863749
223.345,4.47737,47.7535,0,85,66,44,2760,10501,5.13121,166,16.8746,0,0,5426,14324341573
311.701,3.2082,47.7535,0,85,66,44,2760,10501,5.13121,166,16.8746,0,0,5426,14327549912
955.306,1.04678,47.7535,0,85,66,44,2760,10501,5.13121,166,16.8746,0,0,5426,14328596947
334.688,2.98786,47.7535,0,85,66,44,2760,10501,5.13121,166,16.8746,0,0,5426,14331585134
548.06,1.82462,47.7535,0,85,66,44,2760,10501,5.13121,166,16.8746,0,0,5426,14333410090
168.45,5.93648,47.7535,0,85,66,44,2760,10501,5.13121,166,16.8746,0,0,5426,14339347232
467.661,2.1383,47.7535,0,85,66,44,2760,10501,5.13121,166,16.8746,0,0,5426,14341486093
965.245,1.03601,47.7535,0,85,66,44,2760,10501,5.13121,166,16.8746,0,0,5426,14342522166
257.811,3.87881,47.7535,0,85,66,44,2760,10501,5.13121,166,16.8746,0,0,5426,14346401364
194.949,5.12956,47.7535,0,85,66,44,2760,10501,5.13121,166,16.8746,0,0,5426,14351531460
1589.29,0.629213,47.7535,0,85,66,44,2760,10501,5.13121,166,16.8746,0,0,5426,14352160885
291.843,3.4265,47.7535,0,85,66,44,2760,10501,5.13121,166,16.8746,0,0,5426,14355587770
223.35,4.47728,47.7535,0,85,66,44,2760,10501,5.13121,166,16.8746,0,0,5426,14360065652
1353.06,0.739063,47.7535,0,85,66,44,2760,10501,5.13121,166,16.8746,0,0,5426,14360804946
278.887,3.58568,47.7535,0,85,66,44,2760,10501,5.13121,166,16.8746,0,0,5426,14364391134
292.395,3.42003,47.7535,0,85,66,44,2760,10501,5.13121,166,16.8746,0,0,5426,14367811643
1117.34,0.894982,47.7535,0,85,66,44,2760,10501,5.13121,166,16.8746,0,0,5426,14368706789
287.951,3.47282,47.7535,0,85,66,44,2760,10501,5.13121,166,16.8746,0,0,5426,14372180185
233.841,4.27641,47.7535,0,85,66,44,2760,10501,5.13121,166,16.8746,0,0,5426,14376456829
572.876,1.74558,47.7535,0,85,66,44,2760,10501,5.13121,166,16.8746,0,0,5426,14378202830
503.262,1.98704,47.7535,0,85,66,44,2760,10501,5.13121,166,16.8746,0,0,5426,14380190089
378.525,2.64183,47.7535,0,85,66,44,2760,10501,5.13121,166,16.8746,0,0,5426,14382832236
261.344,3.82637,47.7535,0,85,66,44,2760,10501,5.13121,166,16.8746,0,0,5426,14386659221
262.868,3.80419,47.7535,0,85,66,44,2760,10501,5.13121,166,16.8746,0,0,5426,14390463801
356.398,2.80585,47.7535,0,85,66,44,2760,10501,5.13121,166,16.8746,0,0,5426,14393270049
1093.61,0.914406,47.7535,0,85,66,44,2760,10501,5.13121,166,16.8746,0,0,5426,14394184782
335.82,2.97778,47.7535,0,85,66,44,2760,10501,5.13121,166,16.8746,0,0,5426,14397163094
403.229,2.47998,47.7535,0,85,66,44,2760,10501,5.13121,166,16.8746,0,0,5426,14399643437
205.738,4.86054,47.7535,0,85,66,44,2760,10501,5.13121,166,16.8746,0,0,5426,14404504495
598.727,1.67021,47.7535,0,85,66,44,2760,10501,5.13121,166,16.8746,0,0,5426,14406174917
465.73,2.14717,47.7535,0,85,66,44,2760,10501,5.13121,166,16.8746,0,0,5426,14408322461
375.513,2.66302,47.7535,0,85,66,44,2760,10501,5.13121,166,16.8746,0,0,5426,14410985896
295.372,3.38557,47.7535,0,85,66,44,2760,10501,5.13121,166,16.8746,0,0,5426,14414371789
237.927,4.20298,47.7535,0,85,66,44,2760,10501,5.13121,166,16.8746,0,0,5426,14418575296
1196.1,0.836047,47.7535,0,85,66,44,2760,10501,5.13121,166,16.8746,0,0,5426,14419411536
254.952,3.92231,47.7535,0,85,66,44,2760,10501,5.13121,166,16.8746,0,0,5426,14423334332
201.516,4.96239,47.7535,0,85,66,44,2760,10501,5.13121,166,16.8746,0,0,5426,14428297201
669.429,1.49381,47.7535,0,85,66,44,2760,10501,5.13121,166,16.8746,0,0,5426,14429791280
276.5,3.61663,47.7535,0,85,66,44,2760,10501,5.13121,166,16.8746,0,0,5426,14433408614
1510.17,0.662176,47.7535,0,85,66,44,2760,10501,5.13121,166,16.8746,0,0,5426,14434070847
326.238,3.06525,47.7535,0,85,66,44,2760,10501,5.13121,166,16.8746,0,0,5426,14437136557
333.811,2.99571,47.7535,0,85,66,44,2760,10501,5.13121,166,16.8746,0,0,5426,14440132513
221.219,4.5204,47.7535,0,85,66,44,2760,10501,5.13121,166,16.8746,0,0,5426,14444653243
827.786,1.20804,47.7535,0,85,66,44,2760,10501,5.13121,166,16.8746,0,0,5426,14445861581
431.816,2.3158,47.7535,0,85,66,44,2760,10501,5.13121,166,16.8746,0,0,5426,14448177736
475.037,2.1051,47.7535,0,85,66,44,2760,10501,5.13121,166,16.8746,0,0,5426,14450283144
339.9,2.94204,47.7535,0,85,66,44,2760,10501,5.13121,166,16.8746,0,0,5426,14453225647
368.244,2.71559,47.7535,0,85,66,44,2760,10501,5.13121,166,16.8746,0,0,5426,14455941575
356.5,2.80505,47.7535,0,85,66,44,2760,10501,5.13121,166,16.8746,0,0,5426,14458746881
367.878,2.71829,47.7535,0,85,66,44,2760,10501,5.13121,166,16.8746,0,0,5426,14461465530
351.204,2.84735,47.7535,0,85,66,44,2760,10501,5.13121,166,16.8746,0,0,5426,14464313097
292.391,3.42008,47.7535,0,85,66,44,2760,10501,5.13121,166,16.8746,0,0,5426,14467733645
465.24,2.14943,47.7535,0,85,66,44,2760,10501,5.13121,166,16.8746,0,0,5426,14469883352
427.152,2.34109,47.7535,0,85,66,44,2760,10501,5.13121,166,16.8746,0,0,5426,14472224777
372.095,2.68748,47.7535,0,85,66,44,2760,10501,5.13121,166,16.8746,0,0,5426,14474912647
357.36,2.7983,47.7535,0,85,66,44,2760,10501,5.13121,166,16.8746,0,0,5426,14477711337
410.956,2.43335,47.7535,0,85,66,44,2760,10501,5.13121,166,16.8746,0,0,5426,14480145054
401.429,2.4911,47.7535,0,85,66,44,2760,10501,5.13121,166,16.8746,0,0,5426,14482636532
348.619,2.86846,47.7535,0,85,66,44,2760,10501,5.13121,166,16.8746,0,0,5426,14485505379
277.358,3.60545,47.7535,0,85,66,44,2760,10501,5.13121,166,16.8746,0,0,5426,14489111231
521.652,1.91699,47.7535,0,85,66,44,2760,10501,5.13121,166,16.8746,0,0,5426,14491028719
266.376,3.7541,47.7535,0,85,66,44,2760,10501,5.13121,166,16.8746,0,0,5426,14494783297
559.973,1.7858,47.7535,0,85,66,44,2760,10501,5.13121,166,16.8746,0,0,5426,14496569377
438.375,2.28115,47.7535,0,85,66,44,2760,10501,5.13121,166,16.8746,0,0,5426,14498850867
356.92,2.80175,47.7535,0,85,66,44,2760,10501,5.13121,166,16.8746,0,0,5426,14501652884
314.025,3.18446,47.7535,0,85,66,44,2760,10501,5.13121,166,16.8746,0,0,5426,14504837992
472.965,2.11432,47.7535,0,85,66,44,2760,10501,5.13121,166,16.8746,0,0,5426,14506952457
273.888,3.65112,47.7535,0,85,66,44,2760,10501,5.13121,166,16.8746,0,0,5426,14510604061
493.937,2.02455,47.7535,0,85,66,44,2760,10501,5.13121,166,16.8746,0,0,5426,14512628822
272.062,3.67563,47.7535,0,85,66,44,2760,10501,5.13121,166,16.8746,0,0,5426,14516304830
424.493,2.35575,47.7535,0,85,66,44,2760,10501,5.13121,166,16.8746,0,0,5426,14518660785
309.511,3.23091,47.7535,0,85,66,44,2760,10501,5.13121,166,16.8746,0,0,5426,14521892018
386.908,2.5846,47.7535,0,85,66,44,2760,10501,5.13121,166,16.8746,0,0,5426,14524477077
496.05,2.01592,47.7535,0,85,66,44,2760,10501,5.13121,166,16.8746,0,0,5426,14526493241
410.881,2.43379,47.7535,0,85,66,44,2760,10501,5.13121,166,16.8746,0,0,5426,14528927342
305.205,3.27648,47.7535,0,85,66,44,2760,10501,5.13121,166,16.8746,0,0,5426,14532204068
651.95,1.53386,47.7535,0,85,66,44,2760,10501,5.13121,166,16.8746,0,0,5426,14533738312
241.543,4.14004,47.7535,0,85,66,44,2760,10501,5.13121,166,16.8746,0,0,5426,14537878673
444.924,2.24758,47.7535,0,85,66,44,2760,10501,5.13121,166,16.8746,0,0,5426,14540126566
486.75,2.05444,47.7535,0,85,66,44,2760,10501,5.13121,166,16.8746,0,0,5426,14542181327
359.266,2.78345,47.7535,0,85,66,44,2760,10501,5.13121,166,16.8746,0,0,5426,14544965123
206.502,4.84258,47.7535,0,85,66,44,2760,10501,5.13121,166,16.8746,0,0,5426,14549808209
564.128,1.77265,47.7535,0,85,66,44,2760,10501,5.13121,166,16.8746,0,0,5426,14551581057
565.866,1.7672,47.7535,0,85,66,44,2760,10501,5.13121,166,16.8746,0,0,5426,14553348752
371.403,2.6925,47.7535,0,85,66,44,2760,10501,5.13121,166,16.8746,0,0,5426,14556041554
408.438,2.44835,47.7535,0,85,66,44,2760,10501,5.13121,166,16.8746,0,0,5426,14558490425
334.358,2.9908,47.7535,0,85,66,44,2760,10501,5.13121,166,16.8746,0,0,5426,14561481804
379.461,2.63532,47.7535,0,85,66,44,2760,10501,5.13121,166,16.8746,0,0,5426,14564117297
337.573,2.96232,47.7535,0,85,66,44,2760,10501,5.13121,166,16.8746,0,0,5426,14567079858
485.402,2.06015,47.7535,0,85,66,44,2760,10501,5.13121,166,16.8746,0,0,5426,14569140380
346.077,2.88953,47.7535,0,85,66,44,2760,10501,5.13121,166,16.8746,0,0,5426,14572030352
230.838,4.33204,47.7535,0,85,66,44,2760,10501,5.13121,166,16.8746,0,0,5426,14576362825
402.929,2.48182,47.7535,0,85,66,44,2760,10501,5.13121,166,16.8746,0,0,5426,14578844851
659.487,1.51633,47.7535,0,85,66,44,2760,10501,5.13121,166,16.8746,0,0,5426,14580361460
309.843,3.22744,47.7535,0,85,66,44,2760,10501,5.13121,166,16.8746,0,0,5426,14583589242
395.957,2.52553,47.7535,0,85,66,44,2760,10501,5.13121,166,16.8746,0,0,5426,14586115173
209.193,4.78029,47.7535,0,85,66,44,2760,10501,5.13121,166,16.8746,0,0,5426,14590895959
528.639,1.89165,47.7535,0,85,66,44,2760,10501,5.13121,166,16.8746,0,0,5426,14592788100
485.402,2.06015,47.7535,0,85,66,44,2760,10501,5.13121,166,16.8746,0,0,5426,14594848631
605.99,1.65019,47.7535,0,85,66,44,2760,10501,5.13121,166,16.8746,0,0,5426,14596499109
353.134,2.83179,47.7535,0,85,66,44,2760,10501,5.13121,166,16.8746,0,0,5426,14599331205
201.203,4.97011,47.7535,0,85,66,44,2760,10501,5.13121,166,16.8746,0,0,5426,14604301795
627.01,1.59487,47.7535,0,85,66,44,2760,10501,5.13121,166,16.8746,0,0,5426,14605896849
573.847,1.74263,47.7535,0,85,66,44,2760,10501,5.13121,166,16.8746,0,0,5426,14607639793
344.968,2.89882,47.7535,0,85,66,44,2760,10501,5.13121,166,16.8746,0,0,5426,14610539073
457.844,2.18415,47.7535,0,85,66,44,2760,10501,5.13121,166,16.8746,0,0,5426,14612723416
274.633,3.64122,47.7535,0,85,66,44,2760,10501,5.13121,166,16.8746,0,0,5426,14616364942
452.745,2.20875,47.7535,0,85,66,44,2760,10501,5.13121,166,16.8746,0,0,5426,14618574036
415.826,2.40485,47.7535,0,85,66,44,2760,10501,5.13121,166,16.8746,0,0,5426,14620979232
357.887,2.79418,47.7535,0,85,66,44,2760,10501,5.13121,166,16.8746,0,0,5426,14623773740
374.888,2.66746,47.7535,0,85,66,44,2760,10501,5.13121,166,16.8746,0,0,5426,14626441561
274.682,3.64057,47.7535,0,85,66,44,2760,10501,5.13121,166,16.8746,0,0,5426,14630082405
588.216,1.70006,47.7535,0,85,66,44,2760,10501,5.13121,166,16.8746,0,0,5426,14631782760
401.934,2.48797,47.7535,0,85,66,44,2760,10501,5.13121,166,16.8746,0,0,5426,14634271103
335.05,2.98463,47.7535,0,85,66,44,2760,10501,5.13121,166,16.8746,0,0,5426,14637256156
422.202,2.36853,47.7535,0,85,66,44,2760,10501,5.13121,166,16.8746,0,0,5426,14639624938
280.381,3.56658,47.7535,0,85,66,44,2760,10501,5.13121,166,16.8746,0,0,5426,14643192164
490.298,2.03958,47.7535,0,85,66,44,2760,10501,5.13121,166,16.8746,0,0,5426,14645231771
368.166,2.71617,47.7535,0,85,66,44,2760,10501,5.13121,166,16.8746,0,0,5426,14647948276
385.732,2.59247,47.7535,0,85,66,44,2760,10501,5.13121,166,16.8746,0,0,5426,14650541017
308.992,3.23633,47.7535,0,85,66,44,2760,10501,5.13121,166,16.8746,0,0,5426,14653777799
285.498,3.50266,47.7535,0,85,66,44,2760,10501,5.13121,166,16.8746,0,0,5426,14657280792
478.757,2.08874,47.7535,0,85,66,44,2760,10501,5.13121,166,16.8746,0,0,5426,14659369901
379.547,2.63472,47.7535,0,85,66,44,2760,10501,5.13121,166,16.8746,0,0,5426,14662005057
383.246,2.60929,47.7535,0,85,66,44,2760,10501,5.13121,166,16.8746,0,0,5426,14664614741
445.543,2.24445,47.7535,0,85,66,44,2760,10501,5.13121,166,16.8746,0,0,5426,14666859509
379.12,2.63769,47.7535,0,85,66,44,2760,10501,5.13121,166,16.8746,0,0,5426,14669497483
314.758,3.17705,47.7535,0,85,66,44,2760,10501,5.13121,166,16.8746,0,0,5426,14672674898
213.528,4.68323,47.7535,0,85,66,44,2760,10501,5.13121,166,16.8746,0,0,5426,14677358642
2284.68,0.437698,47.7535,0,85,66,44,2760,10501,5.13121,166,16.8746,0,0,5426,14677796561
375.656,2.66201,47.7535,0,85,66,44,2760,10501,5.13121,166,16.8746,0,0,5426,14680458920
174.044,5.74568,47.7535,0,85,66,44,2760,10501,5.13121,166,16.8746,0,0,5426,14686204902
1927.36,0.518844,47.7535,0,85,66,44,2760,10501,5.13121,166,16.8746,0,0,5426,14686724256
522.919,1.91234,47.7535,0,85,66,44,2760,10501,5.13121,166,16.8746,0,0,5426,14688636811
324.089,3.08558,47.7535,0,85,66,44,2760,10501,5.13121,166,16.8746,0,0,5426,14691722790
468.923,2.13254,47.7535,0,85,66,44,2760,10501,5.13121,166,16.8746,0,0,5426,14693855496
232.492,4.30122,47.7535,0,85,66,44,2760,10501,5.13121,166,16.8746,0,0,5426,14698157247
744.028,1.34404,47.7535,0,85,66,44,2760,10501,5.13121,166,16.8746,0,0,5426,14699501513
365.77,2.73396,47.7535,0,85,66,44,2760,10501,5.13121,166,16.8746,0,0,5426,14702235644
401.086,2.49323,47.7535,0,85,66,44,2760,10501,5.13121,166,16.8746,0,0,5426,14704729247
370.593,2.69838,47.7535,0,85,66,44,2760,10501,5.13121,166,16.8746,0,0,5426,14707427944
183.604,5.4465,47.7535,0,85,66,44,2760,10501,5.13121,166,16.8746,0,0,5426,14712874752
1031.5,0.969465,47.7535,0,85,66,44,2760,10501,5.13121,166,16.8746,0,0,5426,14713844689
727.956,1.37371,47.7535,0,85,66,44,2760,10501,5.13121,166,16.8746,0,0,5426,14715218851
303.169,3.29849,47.7535,0,85,66,44,2760,10501,5.13121,166,16.8746,0,0,5426,14718517654
397.504,2.5157,47.7535,0,85,66,44,2760,10501,5.13121,166,16.8746,0,0,5426,14721033873
334.802,2.98684,47.7535,0,85,66,44,2760,10501,5.13121,166,16.8746,0,0,5426,14724020936
375.019,2.66653,47.7535,0,85,66,44,2760,10501,5.13121,166,16.8746,0,0,5426,14726687939
377.617,2.64819,47.7535,0,85,66,44,2760,10501,5.13121,166,16.8746,0,0,5426,14729336634
350.673,2.85166,47.7535,0,85,66,44,2760,10501,5.13121,166,16.8746,0,0,5426,14732188384
431.419,2.31793,47.7535,0,85,66,44,2760,10501,5.13121,166,16.8746,0,0,5426,14734506808
150.455,6.6465,47.7535,0,85,66,44,2760,10501,5.13121,166,16.8746,0,0,5426,14741153676
923.707,1.08259,47.7535,0,85,66,44,2760,10501,5.13121,166,16.8746,0,0,5426,14742236453
448.212,2.23109,47.7535,0,85,66,44,2760,10501,5.13121,166,16.8746,0,0,5426,14744467798
265.83,3.7618,47.7535,0,85,66,44,2760,10501,5.13121,166,16.8746,0,0,5426,14748230021
678.31,1.47425,47.7535,0,85,66,44,2760,10501,5.13121,166,16.8746,0,0,5426,14749704666
333.901,2.9949,47.7535,0,85,66,44,2760,10501,5.13121,166,16.8746,0,0,5426,14752699921
389.028,2.57051,47.7535,0,85,66,44,2760,10501,5.13121,166,16.8746,0,0,5426,14755270681
311.635,3.20888,47.7535,0,85,66,44,2760,10501,5.13121,166,16.8746,0,0,5426,14758480135
389.97,2.5643,47.7535,0,85,66,44,2760,10501,5.13121,166,16.8746,0,0,5426,14761044683
224.256,4.4592,47.7535,0,85,66,44,2760,10501,5.13121,166,16.8746,0,0,5426,14765504382
309.759,3.22832,47.7535,0,85,66,44,2760,10501,5.13121,166,16.8746,0,0,5426,14768733240
536.349,1.86446,47.7535,0,85,66,44,2760,10501,5.13121,166,16.8746,0,0,5426,14770598149
663.23,1.50777,47.7535,0,85,66,44,2760,10501,5.13121,166,16.8746,0,0,5426,14772106114
336.906,2.96819,47.7535,0,85,66,44,2760,10501,5.13121,166,16.8746,0,0,5426,14775074771
404.108,2.47458,47.7535,0,85,66,44,2760,10501,5.13121,166,16.8746,0,0,5426,14777549499
386.102,2.58999,47.7535,0,85,66,44,2760,10501,5.13121,166,16.8746,0,0,5426,14780139750
358.897,2.78631,47.7535,0,85,66,44,2760,10501,5.13121,166,16.8746,0,0,5426,14782926459
316.628,3.15828,47.7535,0,85,66,44,2760,10501,5.13121,166,16.8746,0,0,5426,14786085094
435.847,2.29438,47.7535,0,85,66,44,2760,10501,5.13121,166,16.8746,0,0,5426,14788379999
260.762,3.83492,47.7535,0,85,66,44,2760,10501,5.13121,166,16.8746,0,0,5426,14792215166
524.379,1.90702,47.7535,0,85,66,44,2760,10501,5.13121,166,16.8746,0,0,5426,14794124558
448.294,2.23068,45.974,0,84,66,44,2760,10501,5.13473,166,16.8733,0,0,5432,14796353488
399.771,2.50143,45.974,0,84,66,44,2760,10501,5.13473,166,16.8733,0,0,5432,14798855352
346.68,2.8845,45.974,0,84,66,44,2760,10501,5.13473,166,16.8733,0,0,5432,14801740045
374.541,2.66994,45.974,0,84,66,44,2760,10501,5.13473,166,16.8733,0,0,5432,14804410414
371.188,2.69405,45.974,0,84,66,44,2760,10501,5.13473,166,16.8733,0,0,5432,14807104937
396.311,2.52327,45.974,0,84,66,44,2760,10501,5.13473,166,16.8733,0,0,5432,14809628455
334.984,2.98522,45.974,0,84,66,44,2760,10501,5.13473,166,16.8733,0,0,5432,14812613873
383.003,2.61094,45.974,0,84,66,44,2760,10501,5.13473,166,16.8733,0,0,5432,14815225201
184.434,5.42198,45.974,0,84,66,44,2760,10501,5.13473,166,16.8733,0,0,5432,14820647740
1418.84,0.704803,45.974,0,84,66,44,2760,10501,5.13473,166,16.8733,0,0,5432,14821352850
514.139,1.945,45.974,0,84,66,44,2760,10501,5.13473,166,16.8733,0,0,5432,14823298002
337.033,2.96707,45.974,0,84,66,44,2760,10501,5.13473,166,16.8733,0,0,5432,14826265352
227.892,4.38804,45.974,0,84,66,44,2760,10501,5.13473,166,16.8733,0,0,5432,14830653875
1574.37,0.635175,45.974,0,84,66,44,2760,10501,5.13473,166,16.8733,0,0,5432,14831289262
367.197,2.72333,45.974,0,84,66,44,2760,10501,5.13473,166,16.8733,0,0,5432,14834013046
319.566,3.12924,45.974,0,84,66,44,2760,10501,5.13473,166,16.8733,0,0,5432,14837142594
441.852,2.2632,45.974,0,84,66,44,2760,10501,5.13473,166,16.8733,0,0,5432,14839406141
424.366,2.35646,45.974,0,84,66,44,2760,10501,5.13473,166,16.8733,0,0,5432,14841762788
187.907,5.32179,45.974,0,84,66,44,2760,10501,5.13473,166,16.8733,0,0,5432,14847085073
675.381,1.48065,45.974,0,84,66,44,2760,10501,5.13473,166,16.8733,0,0,5432,14848565921
562.177,1.7788,45.974,0,84,66,44,2760,10501,5.13473,166,16.8733,0,0,5432,14850345087
382.544,2.61408,45.974,0,84,66,44,2760,10501,5.13473,166,16.8733,0,0,5432,14852959540
360.733,2.77213,45.974,0,84,66,44,2760,10501,5.13473,166,16.8733,0,0,5432,14855731941
310.893,3.21654,45.974,0,84,66,44,2760,10501,5.13473,166,16.8733,0,0,5432,14858948944
423.908,2.359,45.974,0,84,66,44,2760,10501,5.13473,166,16.8733,0,0,5432,14861308139
343.3,2.9129,45.974,0,84,66,44,2760,10501,5.13473,166,16.8733,0,0,5432,14864221324
422.836,2.36498,45.974,0,84,66,44,2760,10501,5.13473,166,16.8733,0,0,5432,14866586653
320.106,3.12396,45.974,0,84,66,44,2760,10501,5.13473,166,16.8733,0,0,5432,14869710932
301.115,3.32099,45.974,0,84,66,44,2760,10501,5.13473,166,16.8733,0,0,5432,14873032226
461.907,2.16494,45.974,0,84,66,44,2760,10501,5.13473,166,16.8733,0,0,5432,14875197520
466.304,2.14453,45.974,0,84,66,44,2760,10501,5.13473,166,16.8733,0,0,5432,14877342352
336.013,2.97607,45.974,0,84,66,44,2760,10501,5.13473,166,16.8733,0,0,5432,14880318741
366.945,2.72521,45.974,0,84,66,44,2760,10501,5.13473,166,16.8733,0,0,5432,14883044237
402.92,2.48188,45.974,0,84,66,44,2760,10501,5.13473,166,16.8733,0,0,5432,14885526647
369.249,2.7082,45.974,0,84,66,44,2760,10501,5.13473,166,16.8733,0,0,5432,14888234950
341.43,2.92886,45.974,0,84,66,44,2760,10501,5.13473,166,16.8733,0,0,5432,14891164222
358.889,2.78637,45.974,0,84,66,44,2760,10501,5.13473,166,16.8733,0,0,5432,14893950883
398.083,2.51204,45.974,0,84,66,44,2760,10501,5.13473,166,16.8733,0,0,5432,14896463218
277.12,3.60855,45.974,0,84,66,44,2760,10501,5.13473,166,16.8733,0,0,5432,14900072176
689.056,1.45126,45.974,0,84,66,44,2760,10501,5.13473,166,16.8733,0,0,5432,14901523975
273.213,3.66015,45.974,0,84,66,44,2760,10501,5.13473,166,16.8733,0,0,5432,14905184444
500.176,1.9993,45.974,0,84,66,44,2760,10501,5.13473,166,16.8733,0,0,5432,14907184089
371.882,2.68902,45.974,0,84,66,44,2760,10501,5.13473,166,16.8733,0,0,5432,14909873477
337.844,2.95995,45.974,0,84,66,44,2760,10501,5.13473,166,16.8733,0,0,5432,14912833693
421.819,2.37069,45.974,0,84,66,44,2760,10501,5.13473,166,16.8733,0,0,5432,14915204734
340.549,2.93643,45.974,0,84,66,44,2760,10501,5.13473,166,16.8733,0,0,5432,14918141506
386.199,2.58934,45.974,0,84,66,44,2760,10501,5.13473,166,16.8733,0,0,5432,14920731064
352.944,2.83331,45.974,0,84,66,44,2760,10501,5.13473,166,16.8733,0,0,5432,14923564708
245.094,4.08007,45.974,0,84,66,44,2760,10501,5.13473,166,16.8733,0,0,5432,14927645153
402.115,2.48685,45.974,0,84,66,44,2760,10501,5.13473,166,16.8733,0,0,5432,14930132458
334.008,2.99394,45.974,0,84,66,44,2760,10501,5.13473,166,16.8733,0,0,5432,14933126799
465.644,2.14756,45.974,0,84,66,44,2760,10501,5.13473,166,16.8733,0,0,5432,14935274545
187.261,5.34014,45.974,0,84,66,44,2760,10501,5.13473,166,16.8733,0,0,5432,14940615436
552.905,1.80863,45.974,0,84,66,44,2760,10501,5.13473,166,16.8733,0,0,5432,14942424295
558.739,1.78974,45.974,0,84,66,44,2760,10501,5.13473,166,16.8733,0,0,5432,14944214500
410.369,2.43683,45.974,0,84,66,44,2760,10501,5.13473,166,16.8733,0,0,5432,14946651774
312.592,3.19906,45.974,0,84,66,44,2760,10501,5.13473,166,16.8733,0,0,5432,14949851411
258.825,3.86362,45.974,0,84,66,44,2760,10501,5.13473,166,16.8733,0,0,5432,14953715378
622.566,1.60626,45.974,0,84,66,44,2760,10501,5.13473,166,16.8733,0,0,5432,14955322057
343.37,2.91231,45.974,0,84,66,44,2760,10501,5.13473,166,16.8733,0,0,5432,14958234742
314.684,3.17779,45.974,0,84,66,44,2760,10501,5.13473,166,16.8733,0,0,5432,14961413041
507.944,1.96872,45.974,0,84,66,44,2760,10501,5.13473,166,16.8733,0,0,5432,14963381934
375.172,2.66545,45.974,0,84,66,44,2760,10501,5.13473,166,16.8733,0,0,5432,14966047745
226.149,4.42187,45.974,0,84,66,44,2760,10501,5.13473,166,16.8733,0,0,5432,14970470212
868.628,1.15124,45.974,0,84,66,44,2760,10501,5.13473,166,16.8733,0,0,5432,14971621568
456.537,2.1904,45.974,0,84,66,44,2760,10501,5.13473,166,16.8733,0,0,5432,14973812392
268.222,3.72825,45.974,0,84,66,44,2760,10501,5.13473,166,16.8733,0,0,5432,14977541200
214.914,4.65302,45.974,0,84,66,44,2760,10501,5.13473,166,16.8733,0,0,5432,14982194482
514.898,1.94213,45.974,0,84,66,44,2760,10501,5.13473,166,16.8733,0,0,5432,14984137028
564.753,1.77068,45.974,0,84,66,44,2760,10501,5.13473,166,16.8733,0,0,5432,14985908040
329.432,3.03553,45.974,0,84,66,44,2760,10501,5.13473,166,16.8733,0,0,5432,14988944094
352.181,2.83945,45.974,0,84,66,44,2760,10501,5.13473,166,16.8733,0,0,5432,14991783882
384.433,2.60123,45.974,0,84,66,44,2760,10501,5.13473,166,16.8733,0,0,5432,14994385720
353.452,2.82924,45.974,0,84,66,44,2760,10501,5.13473,166,16.8733,0,0,5432,14997215190
414.829,2.41063,45.974,0,84,66,44,2760,10501,5.13473,166,16.8733,0,0,5432,14999626262
193.114,5.17828,45.974,0,84,66,44,2760,10501,5.13473,166,16.8733,0,0,5432,15004804898
274.799,3.63903,45.974,0,84,66,44,2760,10501,5.13473,166,16.8733,0,0,5432,15008444280
344.028,2.90674,45.974,0,84,66,44,2760,10501,5.13473,166,16.8733,0,0,5432,15011351291
442.581,2.25947,45.974,0,84,66,44,2760,10501,5.13473,166,16.8733,0,0,5432,15013611089
679.68,1.47128,45.974,0,84,66,44,2760,10501,5.13473,166,16.8733,0,0,5432,15015082667
361.994,2.76248,45.974,0,84,66,44,2760,10501,5.13473,166,16.8733,0,0,5432,15017845462
433.7,2.30574,45.974,0,84,66,44,2760,10501,5.13473,166,16.8733,0,0,5432,15020151626
249.741,4.00415,45.974,0,84,66,44,2760,10501,5.13473,166,16.8733,0,0,5432,15024156252
788.001,1.26903,45.974,0,84,66,44,2760,10501,5.13473,166,16.8733,0,0,5432,15025425641
413.991,2.41551,45.974,0,84,66,44,2760,10501,5.13473,166,16.8733,0,0,5432,15027841482
377.595,2.64834,45.974,0,84,66,44,2760,10501,5.13473,166,16.8733,0,0,5432,15030490253
368.449,2.71408,45.974,0,84,66,44,2760,10501,5.13473,166,16.8733,0,0,5432,15033204797
225.107,4.44232,45.974,0,84,66,44,2760,10501,5.13473,166,16.8733,0,0,5432,15037647572
463.267,2.15858,45.974,0,84,66,44,2760,10501,5.13473,166,16.8733,0,0,5432,15039806317
116.156,8.60915,45.974,0,84,66,44,2760,10501,5.13473,166,16.8733,0,0,5432,15048417425
85.6104,11.6808,45.974,0,84,66,44,2760,10501,5.13473,166,16.8733,0,0,5432,15060099626
185.029,5.40456,45.974,0,84,66,44,2760,10501,5.13473,166,16.8733,0,0,5432,15065504789
159.626,6.26463,45.974,0,84,66,44,2760,10501,5.13473,166,16.8733,0,0,5432,15071770164
157.168,6.36264,45.974,0,84,66,44,2760,10501,5.13473,166,16.8733,0,0,5432,15078133676
312.153,3.20356,45.974,0,84,66,44,2760,10501,5.13473,166,16.8733,0,0,5432,15081337563
173.738,5.75579,45.974,0,84,66,44,2760,10501,5.13473,166,16.8733,0,0,5432,15087093901
108.727,9.19738,45.974,0,84,66,44,2760,10501,5.13473,166,16.8733,0,0,5432,15096291981
89.7451,11.1427,45.974,0,84,66,44,2760,10501,5.13473,166,16.8733,0,0,5432,15107436212
85.9023,11.6411,45.974,0,84,66,44,2760,10501,5.13473,166,16.8733,0,0,5432,15119078046
411.942,2.42753,45.974,0,84,66,44,2760,10501,5.13473,166,16.8733,0,0,5432,15121505888
172.771,5.78799,45.974,0,84,66,44,2760,10501,5.13473,166,16.8733,0,0,5432,15127294766
308.986,3.2364,45.974,0,84,66,44,2760,10501,5.13473,166,16.8733,0,0,5432,15130531577
68.3315,14.6345,45.974,0,84,66,44,2760,10501,5.13473,166,16.8733,0,0,5432,15145167656
137.415,7.27723,45.974,0,84,66,44,2760,10501,5.13473,166,16.8733,0,0,5432,15152445988
130.54,7.66046,45.974,0,84,66,44,2760,10501,5.13473,166,16.8733,0,0,5432,15160107593
192.692,5.18962,45.974,0,84,66,44,2760,10501,5.13473,166,16.8733,0,0,5432,15165298056
1671.84,0.598145,45.974,0,84,66,44,2760,10501,5.13473,166,16.8733,0,0,5432,15165896095
214.336,4.66557,45.974,0,84,66,44,2760,10501,5.13473,166,16.8733,0,0,5432,15170562358
328.949,3.03999,45.974,0,84,66,44,2760,10501,5.13473,166,16.8733,0,0,5432,15173602768
231.164,4.32593,45.974,0,84,66,44,2760,10501,5.13473,166,16.8733,0,0,5432,15177929299
274.508,3.64288,45.974,0,84,66,44,2760,10501,5.13473,166,16.8733,0,0,5432,15181572364
213.333,4.68751,45.974,0,84,66,44,2760,10501,5.13473,166,16.8733,0,0,5432,15186260762
520.328,1.92186,45.974,0,84,66,44,2760,10501,5.13473,166,16.8733,0,0,5432,15188182827
290.13,3.44673,45.974,0,84,66,44,2760,10501,5.13473,166,16.8733,0,0,5432,15191630395
136,7.35294,45.974,0,84,66,44,2760,10501,5.13473,166,16.8733,0,0,5432,15198983941
310.703,3.21851,45.974,0,84,66,44,2760,10501,5.13473,166,16.8733,0,0,5432,15202203184
162.59,6.15046,45.974,0,84,66,44,2760,10501,5.13473,166,16.8733,0,0,5432,15208353968
202.396,4.94081,45.974,0,84,66,44,2760,10501,5.13473,166,16.8733,0,0,5432,15213295385
154.57,6.46954,45.974,0,84,66,44,2760,10501,5.13473,166,16.8733,0,0,5432,15219765545
1459.13,0.68534,45.974,0,84,66,44,2760,10501,5.13473,166,16.8733,0,0,5432,15220450838
309.559,3.2304,45.974,0,84,66,44,2760,10501,5.13473,166,16.8733,0,0,5432,15223682004
336.765,2.96943,45.974,0,84,66,44,2760,10501,5.13473,166,16.8733,0,0,5432,15226651373
413.134,2.42052,45.974,0,84,66,44,2760,10501,5.13473,166,16.8733,0,0,5432,15229072743
242.131,4.13,45.974,0,84,66,44,2760,10501,5.13473,166,16.8733,0,0,5432,15233202854
336.546,2.97136,45.974,0,84,66,44,2760,10501,5.13473,166,16.8733,0,0,5432,15236175002
209.964,4.76273,45.974,0,84,66,44,2760,10501,5.13473,166,16.8733,0,0,5432,15240938249
615.921,1.62358,45.974,0,84,66,44,2760,10501,5.13473,166,16.8733,0,0,5432,15242562179
276.012,3.62304,45.974,0,84,66,44,2760,10501,5.13473,166,16.8733,0,0,5432,15246185484
156.94,6.37187,45.974,0,84,66,44,2760,10501,5.13473,166,16.8733,0,0,5432,15252557968
264.189,3.78517,45.974,0,84,66,44,2760,10501,5.13473,166,16.8733,0,0,5432,15256343422
145.412,6.87701,45.974,0,84,66,44,2760,10501,5.13473,166,16.8733,0,0,5432,15263221375
426.325,2.34563,45.974,0,84,66,44,2760,10501,5.13473,166,16.8733,0,0,5432,15265566973
378.125,2.64463,45.974,0,84,66,44,2760,10501,5.13473,166,16.8733,0,0,5432,15268211966
169.805,5.88909,45.974,0,84,66,44,2760,10501,5.13473,166,16.8733,0,0,5432,15274101549
1588.8,0.629406,45.974,0,84,66,44,2760,10501,5.13473,166,16.8733,0,0,5432,15274731196
423.249,2.36268,45.974,0,84,66,44,2760,10501,5.13473,166,16.8733,0,0,5432,15277094246
192.246,5.20168,45.974,0,84,66,44,2760,10501,5.13473,166,16.8733,0,0,5432,15282296402
184.545,5.41873,45.974,0,84,66,44,2760,10501,5.13473,166,16.8733,0,0,5432,15287715739
754.85,1.32477,45.974,0,84,66,44,2760,10501,5.13473,166,16.8733,0,0,5432,15289040784
407.814,2.4521,45.974,0,84,66,44,2760,10501,5.13473,166,16.8733,0,0,5432,15291493097
306.414,3.26356,45.974,0,84,66,44,2760,10501,5.13473,166,16.8733,0,0,5432,15294758870
489.942,2.04106,57.529,0,83,67,44,2760,10501,5.13199,165,16.8376,0,0,5404,15296798401
259.833,3.84863,57.529,0,83,67,44,2760,10501,5.13199,165,16.8376,0,0,5404,15300647521
355.676,2.81155,57.529,0,83,67,44,2760,10501,5.13199,165,16.8376,0,0,5404,15303459587
684.846,1.46018,57.529,0,83,67,44,2760,10501,5.13199,165,16.8376,0,0,5404,15304919896
159.799,6.25785,57.529,0,83,67,44,2760,10501,5.13199,165,16.8376,0,0,5404,15311178414
195.485,5.11549,57.529,0,83,67,44,2760,10501,5.13199,165,16.8376,0,0,5404,15316294510
316.918,3.15539,57.529,0,83,67,44,2760,10501,5.13199,165,16.8376,0,0,5404,15319449991
436.315,2.29192,57.529,0,83,67,44,2760,10501,5.13199,165,16.8376,0,0,5404,15321742386
848.376,1.17872,57.529,0,83,67,44,2760,10501,5.13199,165,16.8376,0,0,5404,15322921310
504.698,1.98138,57.529,0,83,67,44,2760,10501,5.13199,165,16.8376,0,0,5404,15324903156
336.754,2.96952,57.529,0,83,67,44,2760,10501,5.13199,165,16.8376,0,0,5404,15327872929
276.644,3.61476,57.529,0,83,67,44,2760,10501,5.13199,165,16.8376,0,0,5404,15331488050
375.477,2.66328,57.529,0,83,67,44,2760,10501,5.13199,165,16.8376,0,0,5404,15334151833
350.014,2.85703,57.529,0,83,67,44,2760,10501,5.13199,165,16.8376,0,0,5404,15337009458
402.275,2.48586,57.529,0,83,67,44,2760,10501,5.13199,165,16.8376,0,0,5404,15339495599
151.2,6.61374,57.529,0,83,67,44,2760,10501,5.13199,165,16.8376,0,0,5404,15346109812
409.801,2.44021,57.529,0,83,67,44,2760,10501,5.13199,165,16.8376,0,0,5404,15348550366
536.228,1.86488,57.529,0,83,67,44,2760,10501,5.13199,165,16.8376,0,0,5404,15350415650
254.542,3.92862,57.529,0,83,67,44,2760,10501,5.13199,165,16.8376,0,0,5404,15354344628
1121.41,0.891732,57.529,0,83,67,44,2760,10501,5.13199,165,16.8376,0,0,5404,15355236533
220.287,4.53954,57.529,0,83,67,44,2760,10501,5.13199,165,16.8376,0,0,5404,15359776600
291.235,3.43365,57.529,0,83,67,44,2760,10501,5.13199,165,16.8376,0,0,5404,15363210514
849.277,1.17747,57.529,0,83,67,44,2760,10501,5.13199,165,16.8376,0,0,5404,15364388323
690.672,1.44787,57.529,0,83,67,44,2760,10501,5.13199,165,16.8376,0,0,5404,15365836573
216.067,4.6282,57.529,0,83,67,44,2760,10501,5.13199,165,16.8376,0,0,5404,15370465374
273.423,3.65734,57.529,0,83,67,44,2760,10501,5.13199,165,16.8376,0,0,5404,15374123160
244.271,4.09382,57.529,0,83,67,44,2760,10501,5.13199,165,16.8376,0,0,5404,15378217308
615.524,1.62463,57.529,0,83,67,44,2760,10501,5.13199,165,16.8376,0,0,5404,15379842132
285.921,3.49746,57.529,0,83,67,44,2760,10501,5.13199,165,16.8376,0,0,5404,15383339990
210.77,4.74452,57.529,0,83,67,44,2760,10501,5.13199,165,16.8376,0,0,5404,15388085121
314.149,3.1832,57.529,0,83,67,44,2760,10501,5.13199,165,16.8376,0,0,5404,15391268853
1097.58,0.911098,57.529,0,83,67,44,2760,10501,5.13199,165,16.8376,0,0,5404,15392180375
582.307,1.71731,57.529,0,83,67,44,2760,10501,5.13199,165,16.8376,0,0,5404,15393897769
279.257,3.58093,57.529,0,83,67,44,2760,10501,5.13199,165,16.8376,0,0,5404,15397479255
251.23,3.98041,57.529,0,83,67,44,2760,10501,5.13199,165,16.8376,0,0,5404,15401460091
354.243,2.82292,57.529,0,83,67,44,2760,10501,5.13199,165,16.8376,0,0,5404,15404283446
522.995,1.91207,57.529,0,83,67,44,2760,10501,5.13199,165,16.8376,0,0,5404,15406195953
521.477,1.91763,57.529,0,83,67,44,2760,10501,5.13199,165,16.8376,0,0,5404,15408113931
353.856,2.82601,57.529,0,83,67,44,2760,10501,5.13199,165,16.8376,0,0,5404,15410940238
239.037,4.18345,57.529,0,83,67,44,2760,10501,5.13199,165,16.8376,0,0,5404,15415124340
454.637,2.19955,57.529,0,83,67,44,2760,10501,5.13199,165,16.8376,0,0,5404,15417324491
408.404,2.44855,57.529,0,83,67,44,2760,10501,5.13199,165,16.8376,0,0,5404,15419773324
418.384,2.39015,57.529,0,83,67,44,2760,10501,5.13199,165,16.8376,0,0,5404,15422163808
156.711,6.38119,57.529,0,83,67,44,2760,10501,5.13199,165,16.8376,0,0,5404,15428545571
389.415,2.56795,57.529,0,83,67,44,2760,10501,5.13199,165,16.8376,0,0,5404,15431113975
211.277,4.73313,57.529,0,83,67,44,2760,10501,5.13199,165,16.8376,0,0,5404,15435847586
2417.79,0.4136,57.529,0,83,67,44,2760,10501,5.13199,165,16.8376,0,0,5404,15436261456
339.436,2.94606,57.529,0,83,67,44,2760,10501,5.13199,165,16.8376,0,0,5404,15439208209
93.6534,10.6777,57.529,0,83,67,44,2760,10501,5.13199,165,16.8376,0,0,5404,15449887617
115.325,8.67111,57.529,0,83,67,44,2760,10501,5.13199,165,16.8376,0,0,5404,15458559746
540.357,1.85063,57.529,0,83,67,44,2760,10501,5.13199,165,16.8376,0,0,5404,15460410760
148.409,6.73814,57.529,0,83,67,44,2760,10501,5.13199,165,16.8376,0,0,5404,15467149516
163.948,6.0995,57.529,0,83,67,44,2760,10501,5.13199,165,16.8376,0,0,5404,15473249924
89.2211,11.2081,57.529,0,83,67,44,2760,10501,5.13199,165,16.8376,0,0,5404,15484459542
292.173,3.42264,57.529,0,83,67,44,2760,10501,5.13199,165,16.8376,0,0,5404,15487882609
145.31,6.88184,57.529,0,83,67,44,2760,10501,5.13199,165,16.8376,0,0,5404,15494765389
69.0364,14.4851,57.529,0,83,67,44,2760,10501,5.13199,165,16.8376,0,0,5404,15509251858
294.617,3.39424,57.529,0,83,67,44,2760,10501,5.13199,165,16.8376,0,0,5404,15512646771
212.569,4.70435,57.529,0,83,67,44,2760,10501,5.13199,165,16.8376,0,0,5404,15517351352
242.091,4.13068,57.529,0,83,67,44,2760,10501,5.13199,165,16.8376,0,0,5404,15521482953
382.929,2.61145,57.529,0,83,67,44,2760,10501,5.13199,165,16.8376,0,0,5404,15524094849
315.043,3.17417,57.529,0,83,67,44,2760,10501,5.13199,165,16.8376,0,0,5404,15527269475
112.635,8.87827,57.529,0,83,67,44,2760,10501,5.13199,165,16.8376,0,0,5404,15536148524
505.667,1.97759,57.529,0,83,67,44,2760,10501,5.13199,165,16.8376,0,0,5404,15538126418
99.9317,10.0068,57.529,0,83,67,44,2760,10501,5.13199,165,16.8376,0,0,5404,15548134640
120.752,8.28146,57.529,0,83,67,44,2760,10501,5.13199,165,16.8376,0,0,5404,15556417140
146.117,6.84385,57.529,0,83,67,44,2760,10501,5.13199,165,16.8376,0,0,5404,15563261640
507.696,1.96968,57.529,0,83,67,44,2760,10501,5.13199,165,16.8376,0,0,5404,15565231427
234.587,4.26281,57.529,0,83,67,44,2760,10501,5.13199,165,16.8376,0,0,5404,15569495244
277.849,3.59908,57.529,0,83,67,44,2760,10501,5.13199,165,16.8376,0,0,5404,15573094558
292.715,3.4163,57.529,0,83,67,44,2760,10501,5.13199,165,16.8376,0,0,5404,15576511279
530.008,1.88677,57.529,0,83,67,44,2760,10501,5.13199,165,16.8376,0,0,5404,15578398294
160.247,6.24036,57.529,0,83,67,44,2760,10501,5.13199,165,16.8376,0,0,5404,15584640043
204.603,4.88752,57.529,0,83,67,44,2760,10501,5.13199,165,16.8376,0,0,5404,15589527736
235.566,4.24509,57.529,0,83,67,44,2760,10501,5.13199,165,16.8376,0,0,5404,15593773014
2366.84,0.422505,57.529,0,83,67,44,2760,10501,5.13199,165,16.8376,0,0,5404,15594195711
452.923,2.20788,57.529,0,83,67,44,2760,10501,5.13199,165,16.8376,0,0,5404,15596403833
330.365,3.02696,57.529,0,83,67,44,2760,10501,5.13199,165,16.8376,0,0,5404,15599431359
395.844,2.52625,57.529,0,83,67,44,2760,10501,5.13199,165,16.8376,0,0,5404,15601957973
152.316,6.56529,57.529,0,83,67,44,2760,10501,5.13199,165,16.8376,0,0,5404,15608524742
74.285,13.4617,57.529,0,83,67,44,2760,10501,5.13199,165,16.8376,0,0,5404,15621987282
1699.21,0.58851,57.529,0,83,67,44,2760,10501,5.13199,165,16.8376,0,0,5404,15622576090
204.372,4.89304,57.529,0,83,67,44,2760,10501,5.13199,165,16.8376,0,0,5404,15627469803
583.883,1.71267,57.529,0,83,67,44,2760,10501,5.13199,165,16.8376,0,0,5404,15629182688
786.5,1.27146,57.529,0,83,67,44,2760,10501,5.13199,165,16.8376,0,0,5404,15630454510
244.654,4.0874,57.529,0,83,67,44,2760,10501,5.13199,165,16.8376,0,0,5404,15634542321
366.938,2.72526,57.529,0,83,67,44,2760,10501,5.13199,165,16.8376,0,0,5404,15637267989
655.402,1.52578,57.529,0,83,67,44,2760,10501,5.13199,165,16.8376,0,0,5404,15638794099
439.198,2.27688,57.529,0,83,67,44,2760,10501,5.13199,165,16.8376,0,0,5404,15641071454
145.951,6.8516,57.529,0,83,67,44,2760,10501,5.13199,165,16.8376,0,0,5404,15647924214
324.568,3.08102,57.529,0,83,67,44,2760,10501,5.13199,165,16.8376,0,0,5404,15651005587
916.123,1.09156,57.529,0,83,67,44,2760,10501,5.13199,165,16.8376,0,0,5404,15652097412
160.637,6.22522,57.529,0,83,67,44,2760,10501,5.13199,165,16.8376,0,0,5404,15658323055
497.189,2.01131,57.529,0,83,67,44,2760,10501,5.13199,165,16.8376,0,0,5404,15660334988
404.504,2.47216,57.529,0,83,67,44,2760,10501,5.13199,165,16.8376,0,0,5404,15662807590
332.863,3.00424,57.529,0,83,67,44,2760,10501,5.13199,165,16.8376,0,0,5404,15665812076
258.125,3.87409,57.529,0,83,67,44,2760,10501,5.13199,165,16.8376,0,0,5404,15669686668
229.034,4.36617,57.529,0,83,67,44,2760,10501,5.13199,165,16.8376,0,0,5404,15674053642
549.049,1.82133,57.529,0,83,67,44,2760,10501,5.13199,165,16.8376,0,0,5404,15675875290
402.34,2.48546,57.529,0,83,67,44,2760,10501,5.13199,165,16.8376,0,0,5404,15678361480
352.525,2.83668,57.529,0,83,67,44,2760,10501,5.13199,165,16.8376,0,0,5404,15681198758
129.581,7.71718,57.529,0,83,67,44,2760,10501,5.13199,165,16.8376,0,0,5404,15688916586
707.373,1.41368,57.529,0,83,67,44,2760,10501,5.13199,165,16.8376,0,0,5404,15690330681
308.459,3.24192,57.529,0,83,67,44,2760,10501,5.13199,165,16.8376,0,0,5404,15693573108
357.101,2.80032,57.529,0,83,67,44,2760,10501,5.13199,165,16.8376,0,0,5404,15696373943
250.405,3.99354,57.529,0,83,67,44,2760,10501,5.13199,165,16.8376,0,0,5404,15700367981
315.083,3.17377,57.529,0,83,67,44,2760,10501,5.13199,165,16.8376,0,0,5404,15703545646
260.788,3.83453,57.529,0,83,67,44,2760,10501,5.13199,165,16.8376,0,0,5404,15707380496
498.571,2.00573,57.529,0,83,67,44,2760,10501,5.13199,165,16.8376,0,0,5404,15709386949
327.231,3.05595,57.529,0,83,67,44,2760,10501,5.13199,165,16.8376,0,0,5404,15712443148
325.571,3.07153,57.529,0,83,67,44,2760,10501,5.13199,165,16.8376,0,0,5404,15715515117
271.564,3.68237,57.529,0,83,67,44,2760,10501,5.13199,165,16.8376,0,0,5404,15719198173
485.65,2.0591,57.529,0,83,67,44,2760,10501,5.13199,165,16.8376,0,0,5404,15721257512
1472.43,0.679148,57.529,0,83,67,44,2760,10501,5.13199,165,16.8376,0,0,5404,15721936535
159.932,6.25266,57.529,0,83,67,44,2760,10501,5.13199,165,16.8376,0,0,5404,15728189967
1165.48,0.858019,57.529,0,83,67,44,2760,10501,5.13199,165,16.8376,0,0,5404,15729048073
257.304,3.88646,57.529,0,83,67,44,2760,10501,5.13199,165,16.8376,0,0,5404,15732935213
693.143,1.4427,57.529,0,83,67,44,2760,10501,5.13199,165,16.8376,0,0,5404,15734377877
244.61,4.08815,57.529,0,83,67,44,2760,10501,5.13199,165,16.8376,0,0,5404,15738466640
916.035,1.09166,57.529,0,83,67,44,2760,10501,5.13199,165,16.8376,0,0,5404,15739558523
150.332,6.65193,57.529,0,83,67,44,2760,10501,5.13199,165,16.8376,0,0,5404,15746211257
389.41,2.56799,57.529,0,83,67,44,2760,10501,5.13199,165,16.8376,0,0,5404,15748780055
356.812,2.80259,57.529,0,83,67,44,2760,10501,5.13199,165,16.8376,0,0,5404,15751582947
138.731,7.20818,57.529,0,83,67,44,2760,10501,5.13199,165,16.8376,0,0,5404,15758791710
347.089,2.88111,57.529,0,83,67,44,2760,10501,5.13199,165,16.8376,0,0,5404,15761673403
826.832,1.20943,57.529,0,83,67,44,2760,10501,5.13199,165,16.8376,0,0,5404,15762883136
365.281,2.73762,57.529,0,83,67,44,2760,10501,5.13199,165,16.8376,0,0,5404,15765621170
662.871,1.50859,57.529,0,83,67,44,2760,10501,5.13199,165,16.8376,0,0,5404,15767129962
295.18,3.38777,57.529,0,83,67,44,2760,10501,5.13199,165,16.8376,0,0,5404,15770518182
445.926,2.24253,57.529,0,83,67,44,2760,10501,5.13199,165,16.8376,0,0,5404,15772761036
334.958,2.98545,57.529,0,83,67,44,2760,10501,5.13199,165,16.8376,0,0,5404,15775746916
208.212,4.80279,57.529,0,83,67,44,2760,10501,5.13199,165,16.8376,0,0,5404,15780550087
242.281,4.12744,57.529,0,83,67,44,2760,10501,5.13199,165,16.8376,0,0,5404,15784678024
1013.17,0.987004,57.529,0,83,67,44,2760,10501,5.13199,165,16.8376,0,0,5404,15785665279
617.542,1.61932,57.529,0,83,67,44,2760,10501,5.13199,165,16.8376,0,0,5404,15787284968
307.357,3.25354,57.529,0,83,67,44,2760,10501,5.13199,165,16.8376,0,0,5404,15790538895
183.736,5.44259,57.529,0,83,67,44,2760,10501,5.13199,165,16.8376,0,0,5404,15795986184
1790.73,0.558432,60.2067,0,56,69,43,2760,10501,5.13551,160,16.8887,0,0,5409,15796540684
523.021,1.91197,60.2067,0,56,69,43,2760,10501,5.13551,160,16.8887,0,0,5409,15798453027
208.276,4.80132,60.2067,0,56,69,43,2760,10501,5.13551,160,16.8887,0,0,5409,15803254900
284.166,3.51907,60.2067,0,56,69,43,2760,10501,5.13551,160,16.8887,0,0,5409,15806774596
492.291,2.03132,60.2067,0,56,69,43,2760,10501,5.13551,160,16.8887,0,0,5409,15808806174
508.627,1.96608,60.2067,0,56,69,43,2760,10501,5.13551,160,16.8887,0,0,5409,15810772605
278.497,3.59071,60.2067,0,56,69,43,2760,10501,5.13551,160,16.8887,0,0,5409,15814363601
490.344,2.03939,60.2067,0,56,69,43,2760,10501,5.13551,160,16.8887,0,0,5409,15816403353
305.981,3.26818,60.2067,0,56,69,43,2760,10501,5.13551,160,16.8887,0,0,5409,15819672011
413.061,2.42095,60.2067,0,56,69,43,2760,10501,5.13551,160,16.8887,0,0,5409,15822093439
211.242,4.7339,60.2067,0,56,69,43,2760,10501,5.13551,160,16.8887,0,0,5409,15826827723
292.633,3.41725,60.2067,0,56,69,43,2760,10501,5.13551,160,16.8887,0,0,5409,15830245637
791.046,1.26415,60.2067,0,56,69,43,2760,10501,5.13551,160,16.8887,0,0,5409,15831509987
263.964,3.7884,60.2067,0,56,69,43,2760,10501,5.13551,160,16.8887,0,0,5409,15835298951
363.753,2.74912,60.2067,0,56,69,43,2760,10501,5.13551,160,16.8887,0,0,5409,15838048457
474.928,2.10558,60.2067,0,56,69,43,2760,10501,5.13551,160,16.8887,0,0,5409,15840154355
490.291,2.03961,60.2067,0,56,69,43,2760,10501,5.13551,160,16.8887,0,0,5409,15842194405
375.256,2.66485,60.2067,0,56,69,43,2760,10501,5.13551,160,16.8887,0,0,5409,15844859831
563.581,1.77437,60.2067,0,56,69,43,2760,10501,5.13551,160,16.8887,0,0,5409,15846634574
181.614,5.50619,60.2067,0,56,69,43,2760,10501,5.13551,160,16.8887,0,0,5409,15852141307
254.047,3.93628,60.2067,0,56,69,43,2760,10501,5.13551,160,16.8887,0,0,5409,15856078296
1557.6,0.642012,60.2067,0,56,69,43,2760,10501,5.13551,160,16.8887,0,0,5409,15856720779
519.396,1.92532,60.2067,0,56,69,43,2760,10501,5.13551,160,16.8887,0,0,5409,15858646642
235.662,4.24336,60.2067,0,56,69,43,2760,10501,5.13551,160,16.8887,0,0,5409,15862891593
343.256,2.91328,60.2067,0,56,69,43,2760,10501,5.13551,160,16.8887,0,0,5409,15865805162
845.775,1.18235,60.2067,0,56,69,43,2760,10501,5.13551,160,16.8887,0,0,5409,15866987759
355.094,2.81615,60.2067,0,56,69,43,2760,10501,5.13551,160,16.8887,0,0,5409,15869804364
516.083,1.93767,60.2067,0,56,69,43,2760,10501,5.13551,160,16.8887,0,0,5409,15871742247
197.744,5.05705,60.2067,0,56,69,43,2760,10501,5.13551,160,16.8887,0,0,5409,15876799850
611.273,1.63593,60.2067,0,56,69,43,2760,10501,5.13551,160,16.8887,0,0,5409,15878436145
518.187,1.92981,60.2067,0,56,69,43,2760,10501,5.13551,160,16.8887,0,0,5409,15880366451
127.81,7.82414,60.2067,0,56,69,43,2760,10501,5.13551,160,16.8887,0,0,5409,15888191195
266.258,3.75575,60.2067,0,56,69,43,2760,10501,5.13551,160,16.8887,0,0,5409,15891947158
1276.22,0.783565,60.2067,0,56,69,43,2760,10501,5.13551,160,16.8887,0,0,5409,15892731021
336.622,2.97069,60.2067,0,56,69,43,2760,10501,5.13551,160,16.8887,0,0,5409,15895702092
393.115,2.54379,60.2067,0,56,69,43,2760,10501,5.13551,160,16.8887,0,0,5409,15898246120
393.196,2.54326,60.2067,0,56,69,43,2760,10501,5.13551,160,16.8887,0,0,5409,15900789648
416.171,2.40286,60.2067,0,56,69,43,2760,10501,5.13551,160,16.8887,0,0,5409,15903192931
440.115,2.27214,60.2067,0,56,69,43,2760,10501,5.13551,160,16.8887,0,0,5409,15905465335
372.58,2.68398,60.2067,0,56,69,43,2760,10501,5.13551,160,16.8887,0,0,5409,15908149675
191.101,5.23284,60.2067,0,56,69,43,2760,10501,5.13551,160,16.8887,0,0,5409,15913382842
415.757,2.40525,60.2067,0,56,69,43,2760,10501,5.13551,160,16.8887,0,0,5409,15915788510
502.996,1.98809,60.2067,0,56,69,43,2760,10501,5.13551,160,16.8887,0,0,5409,15917776692
335.613,2.97962,60.2067,0,56,69,43,2760,10501,5.13551,160,16.8887,0,0,5409,15920756946
407.636,2.45317,60.2067,0,56,69,43,2760,10501,5.13551,160,16.8887,0,0,5409,15923210635
540.741,1.84931,60.2067,0,56,69,43,2760,10501,5.13551,160,16.8887,0,0,5409,15925060245
238.116,4.19963,60.2067,0,56,69,43,2760,10501,5.13551,160,16.8887,0,0,5409,15929260358
463.866,2.15579,60.2067,0,56,69,43,2760,10501,5.13551,160,16.8887,0,0,5409,15931416584
545.021,1.83479,60.2067,0,56,69,43,2760,10501,5.13551,160,16.8887,0,0,5409,15933251771
312.235,3.20271,60.2067,0,56,69,43,2760,10501,5.13551,160,16.8887,0,0,5409,15936454706
220.757,4.52986,60.2067,0,56,69,43,2760,10501,5.13551,160,16.8887,0,0,5409,15940984945
312.925,3.19566,60.2067,0,56,69,43,2760,10501,5.13551,160,16.8887,0,0,5409,15944181015
761.901,1.31251,60.2067,0,56,69,43,2760,10501,5.13551,160,16.8887,0,0,5409,15945493770
470.886,2.12366,60.2067,0,56,69,43,2760,10501,5.13551,160,16.8887,0,0,5409,15947617736
143.447,6.97123,60.2067,0,56,69,43,2760,10501,5.13551,160,16.8887,0,0,5409,15954589769
450.104,2.22171,60.2067,0,56,69,43,2760,10501,5.13551,160,16.8887,0,0,5409,15956811690
554.001,1.80505,60.2067,0,56,69,43,2760,10501,5.13551,160,16.8887,0,0,5409,15958617059
447.956,2.23236,60.2067,0,56,69,43,2760,10501,5.13551,160,16.8887,0,0,5409,15960849970
343.883,2.90796,60.2067,0,56,69,43,2760,10501,5.13551,160,16.8887,0,0,5409,15963758434
376.488,2.65613,60.2067,0,56,69,43,2760,10501,5.13551,160,16.8887,0,0,5409,15966414870
272.949,3.66369,60.2067,0,56,69,43,2760,10501,5.13551,160,16.8887,0,0,5409,15970079118
525.511,1.90291,60.2067,0,56,69,43,2760,10501,5.13551,160,16.8887,0,0,5409,15971982346
299.128,3.34305,60.2067,0,56,69,43,2760,10501,5.13551,160,16.8887,0,0,5409,15975325766
481.644,2.07622,60.2067,0,56,69,43,2760,10501,5.13551,160,16.8887,0,0,5409,15977402288
431.154,2.31936,60.2067,0,56,69,43,2760,10501,5.13551,160,16.8887,0,0,5409,15979721818
204.913,4.88013,60.2067,0,56,69,43,2760,10501,5.13551,160,16.8887,0,0,5409,15984602357
362.819,2.7562,60.2067,0,56,69,43,2760,10501,5.13551,160,16.8887,0,0,5409,15987358893
547.846,1.82533,60.2067,0,56,69,43,2760,10501,5.13551,160,16.8887,0,0,5409,15989184473
616.236,1.62276,60.2067,0,56,69,43,2760,10501,5.13551,160,16.8887,0,0,5409,15990807778
384.814,2.59865,60.2067,0,56,69,43,2760,10501,5.13551,160,16.8887,0,0,5409,15993406481
316.138,3.16317,60.2067,0,56,69,43,2760,10501,5.13551,160,16.8887,0,0,5409,15996569972
344.328,2.9042,60.2067,0,56,69,43,2760,10501,5.13551,160,16.8887,0,0,5409,15999474580
371.119,2.69455,60.2067,0,56,69,43,2760,10501,5.13551,160,16.8887,0,0,5409,16002169430
463.465,2.15766,60.2067,0,56,69,43,2760,10501,5.13551,160,16.8887,0,0,5409,16004327551
375.196,2.66527,60.2067,0,56,69,43,2760,10501,5.13551,160,16.8887,0,0,5409,16006992939
434.234,2.30291,60.2067,0,56,69,43,2760,10501,5.13551,160,16.8887,0,0,5409,16009296257
356.462,2.80535,60.2067,0,56,69,43,2760,10501,5.13551,160,16.8887,0,0,5409,16012102044
379.093,2.63788,60.2067,0,56,69,43,2760,10501,5.13551,160,16.8887,0,0,5409,16014740171
329.3,3.03675,60.2067,0,56,69,43,2760,10501,5.13551,160,16.8887,0,0,5409,16017777245
217.043,4.60738,60.2067,0,56,69,43,2760,10501,5.13551,160,16.8887,0,0,5409,16022385063
346.712,2.88424,60.2067,0,56,69,43,2760,10501,5.13551,160,16.8887,0,0,5409,16025269526
699.094,1.43042,60.2067,0,56,69,43,2760,10501,5.13551,160,16.8887,0,0,5409,16026700141
574.557,1.74047,60.2067,0,56,69,43,2760,10501,5.13551,160,16.8887,0,0,5409,16028441181
338.087,2.95782,60.2067,0,56,69,43,2760,10501,5.13551,160,16.8887,0,0,5409,16031399136
421.851,2.3705,60.2067,0,56,69,43,2760,10501,5.13551,160,16.8887,0,0,5409,16033769985
339.644,2.94426,60.2067,0,56,69,43,2760,10501,5.13551,160,16.8887,0,0,5409,16036714575
334.828,2.98661,60.2067,0,56,69,43,2760,10501,5.13551,160,16.8887,0,0,5409,16039701455
252.556,3.95952,60.2067,0,56,69,43,2760,10501,5.13551,160,16.8887,0,0,5409,16043661405
285.793,3.49903,60.2067,0,56,69,43,2760,10501,5.13551,160,16.8887,0,0,5409,16047160706
898.73,1.11268,60.2067,0,56,69,43,2760,10501,5.13551,160,16.8887,0,0,5409,16048273705
263.983,3.78812,60.2067,0,56,69,43,2760,10501,5.13551,160,16.8887,0,0,5409,16052062294
1239.04,0.807076,60.2067,0,56,69,43,2760,10501,5.13551,160,16.8887,0,0,5409,16052869600
381.49,2.6213,60.2067,0,56,69,43,2760,10501,5.13551,160,16.8887,0,0,5409,16055491179
431.023,2.32006,60.2067,0,56,69,43,2760,10501,5.13551,160,16.8887,0,0,5409,16057811574
331.742,3.01439,60.2067,0,56,69,43,2760,10501,5.13551,160,16.8887,0,0,5409,16060826253
432.52,2.31203,60.2067,0,56,69,43,2760,10501,5.13551,160,16.8887,0,0,5409,16063138610
317.015,3.15442,60.2067,0,56,69,43,2760,10501,5.13551,160,16.8887,0,0,5409,16066293312
406.262,2.46147,60.2067,0,56,69,43,2760,10501,5.13551,160,16.8887,0,0,5409,16068755087
344.268,2.90471,60.2067,0,56,69,43,2760,10501,5.13551,160,16.8887,0,0,5409,16071660214
367.099,2.72406,60.2067,0,56,69,43,2760,10501,5.13551,160,16.8887,0,0,5409,16074384460
233.004,4.29177,60.2067,0,56,69,43,2760,10501,5.13551,160,16.8887,0,0,5409,16078676576
628.245,1.59174,60.2067,0,56,69,43,2760,10501,5.13551,160,16.8887,0,0,5409,16080268812
382.202,2.61642,60.2067,0,56,69,43,2760,10501,5.13551,160,16.8887,0,0,5409,16082885516
426.2,2.34632,60.2067,0,56,69,43,2760,10501,5.13551,160,16.8887,0,0,5409,16085232075
323.292,3.09318,60.2067,0,56,69,43,2760,10501,5.13551,160,16.8887,0,0,5409,16088325564
414.836,2.41059,60.2067,0,56,69,43,2760,10501,5.13551,160,16.8887,0,0,5409,16090736463
319.23,3.13254,60.2067,0,56,69,43,2760,10501,5.13551,160,16.8887,0,0,5409,16093869395
379.725,2.63348,60.2067,0,56,69,43,2760,10501,5.13551,160,16.8887,0,0,5409,16096503196
334.511,2.98944,60.2067,0,56,69,43,2760,10501,5.13551,160,16.8887,0,0,5409,16099492979
492.914,2.02875,60.2067,0,56,69,43,2760,10501,5.13551,160,16.8887,0,0,5409,16101521990
266.426,3.75339,60.2067,0,56,69,43,2760,10501,5.13551,160,16.8887,0,0,5409,16105275953
618.254,1.61746,60.2067,0,56,69,43,2760,10501,5.13551,160,16.8887,0,0,5409,16106893786
338.754,2.95199,60.2067,0,56,69,43,2760,10501,5.13551,160,16.8887,0,0,5409,16109845972
401.001,2.49376,60.2067,0,56,69,43,2760,10501,5.13551,160,16.8887,0,0,5409,16112340027
358.428,2.78996,60.2067,0,56,69,43,2760,10501,5.13551,160,16.8887,0,0,5409,16115130371
397.042,2.51862,60.2067,0,56,69,43,2760,10501,5.13551,160,16.8887,0,0,5409,16117649254
312.449,3.20052,60.2067,0,56,69,43,2760,10501,5.13551,160,16.8887,0,0,5409,16120850131
466.402,2.14407,60.2067,0,56,69,43,2760,10501,5.13551,160,16.8887,0,0,5409,16122994492
341.447,2.92871,60.2067,0,56,69,43,2760,10501,5.13551,160,16.8887,0,0,5409,16125923533
234.459,4.26514,60.2067,0,56,69,43,2760,10501,5.13551,160,16.8887,0,0,5409,16130189196
470.99,2.12319,60.2067,0,56,69,43,2760,10501,5.13551,160,16.8887,0,0,5409,16132312527
256.985,3.89128,60.2067,0,56,69,43,2760,10501,5.13551,160,16.8887,0,0,5409,16136204332
585.84,1.70695,60.2067,0,56,69,43,2760,10501,5.13551,160,16.8887,0,0,5409,16137911543
389.991,2.56416,60.2067,0,56,69,43,2760,10501,5.13551,160,16.8887,0,0,5409,16140475927
221.899,4.50656,60.2067,0,56,69,43,2760,10501,5.13551,160,16.8887,0,0,5409,16144982800
513.421,1.94772,60.2067,0,56,69,43,2760,10501,5.13551,160,16.8887,0,0,5409,16146930972
731.525,1.36701,60.2067,0,56,69,43,2760,10501,5.13551,160,16.8887,0,0,5409,16148298239
350.777,2.85082,60.2067,0,56,69,43,2760,10501,5.13551,160,16.8887,0,0,5409,16151149422
396.032,2.52505,60.2067,0,56,69,43,2760,10501,5.13551,160,16.8887,0,0,5409,16153674882
356.262,2.80692,60.2067,0,56,69,43,2760,10501,5.13551,160,16.8887,0,0,5409,16156482217
330.489,3.02582,60.2067,0,56,69,43,2760,10501,5.13551,160,16.8887,0,0,5409,16159508203
301.513,3.3166,60.2067,0,56,69,43,2760,10501,5.13551,160,16.8887,0,0,5409,16162825152
573.078,1.74496,60.2067,0,56,69,43,2760,10501,5.13551,160,16.8887,0,0,5409,16164570509
363.135,2.75379,60.2067,0,56,69,43,2760,10501,5.13551,160,16.8887,0,0,5409,16167324544
381.658,2.62015,60.2067,0,56,69,43,2760,10501,5.13551,160,16.8887,0,0,5409,16169945142
293.293,3.40956,60.2067,0,56,69,43,2760,10501,5.13551,160,16.8887,0,0,5409,16173354920
239.779,4.17052,60.2067,0,56,69,43,2760,10501,5.13551,160,16.8887,0,0,5409,16177525791
476.076,2.1005,60.2067,0,56,69,43,2760,10501,5.13551,160,16.8887,0,0,5409,16179626708
710.247,1.40796,60.2067,0,56,69,43,2760,10501,5.13551,160,16.8887,0,0,5409,16181034900
353.4,2.82965,60.2067,0,56,69,43,2760,10501,5.13551,160,16.8887,0,0,5409,16183865024
308.424,3.24229,60.2067,0,56,69,43,2760,10501,5.13551,160,16.8887,0,0,5409,16187107547
468.427,2.1348,60.2067,0,56,69,43,2760,10501,5.13551,160,16.8887,0,0,5409,16189242628
454.528,2.20008,60.2067,0,56,69,43,2760,10501,5.13551,160,16.8887,0,0,5409,16191443145
457.634,2.18515,60.2067,0,56,69,43,2760,10501,5.13551,160,16.8887,0,0,5409,16193628661
278.197,3.59457,60.2067,0,56,69,43,2760,10501,5.13551,160,16.8887,0,0,5409,16197223446
476.137,2.10023,60.2067,0,56,69,43,2760,10501,5.13551,160,16.8887,0,0,5409,16199324016
318.426,3.14045,60.2067,0,56,69,43,2760,10501,5.13551,160,16.8887,0,0,5409,16202464834
423.718,2.36006,60.2067,0,56,69,43,2760,10501,5.13551,160,16.8887,0,0,5409,16204825154
303.001,3.30032,60.2067,0,56,69,43,2760,10501,5.13551,160,16.8887,0,0,5409,16208125832
448.021,2.23204,60.2067,0,56,69,43,2760,10501,5.13551,160,16.8887,0,0,5409,16210358177
326.639,3.06149,60.2067,0,56,69,43,2760,10501,5.13551,160,16.8887,0,0,5409,16213420184
353.517,2.82872,60.2067,0,56,69,43,2760,10501,5.13551,160,16.8887,0,0,5409,16216249337
445.534,2.2445,60.2067,0,56,69,43,2760,10501,5.13551,160,16.8887,0,0,5409,16218494182
441.874,2.26309,60.2067,0,56,69,43,2760,10501,5.13551,160,16.8887,0,0,5409,16220757739
387.102,2.5833,60.2067,0,56,69,43,2760,10501,5.13551,160,16.8887,0,0,5409,16223341393
329.309,3.03666,60.2067,0,56,69,43,2760,10501,5.13551,160,16.8887,0,0,5409,16226378457
382.258,2.61603,60.2067,0,56,69,43,2760,10501,5.13551,160,16.8887,0,0,5409,16228994853
317.975,3.1449,60.2067,0,56,69,43,2760,10501,5.13551,160,16.8887,0,0,5409,16232140026
238.115,4.19965,60.2067,0,56,69,43,2760,10501,5.13551,160,16.8887,0,0,5409,16236340091
684.039,1.46191,60.2067,0,56,69,43,2760,10501,5.13551,160,16.8887,0,0,5409,16237802399
220.74,4.53022,60.2067,0,56,69,43,2760,10501,5.13551,160,16.8887,0,0,5409,16242332946
1109.67,0.901165,60.2067,0,56,69,43,2760,10501,5.13551,160,16.8887,0,0,5409,16243234342
316.464,3.15991,60.2067,0,56,69,43,2760,10501,5.13551,160,16.8887,0,0,5409,16246394487
635.92,1.57253,60.2067,0,56,69,43,2760,10501,5.13551,160,16.8887,0,0,5409,16247967377
300.439,3.32846,60.2067,0,56,69,43,2760,10501,5.13551,160,16.8887,0,0,5409,16251296133
433.342,2.30765,60.2067,0,56,69,43,2760,10501,5.13551,160,16.8887,0,0,5409,16253604115
221.755,4.50949,60.2067,0,56,69,43,2760,10501,5.13551,160,16.8887,0,0,5409,16258114190
1083.66,0.922801,60.2067,0,56,69,43,2760,10501,5.13551,160,16.8887,0,0,5409,16259037163
379.796,2.63299,60.2067,0,56,69,43,2760,10501,5.13551,160,16.8887,0,0,5409,16261670444
387.88,2.57812,60.2067,0,56,69,43,2760,10501,5.13551,160,16.8887,0,0,5409,16264248877
247.326,4.04325,60.2067,0,56,69,43,2760,10501,5.13551,160,16.8887,0,0,5409,16268292677
631.541,1.58343,60.2067,0,56,69,43,2760,10501,5.13551,160,16.8887,0,0,5409,16269876461
423.29,2.36245,60.2067,0,56,69,43,2760,10501,5.13551,160,16.8887,0,0,5409,16272239175
393.849,2.53905,60.2067,0,56,69,43,2760,10501,5.13551,160,16.8887,0,0,5409,16274778694
332.375,3.00865,60.2067,0,56,69,43,2760,10501,5.13551,160,16.8887,0,0,5409,16277787910
317.262,3.15197,60.2067,0,56,69,43,2760,10501,5.13551,160,16.8887,0,0,5409,16280940180
334.324,2.99111,60.2067,0,56,69,43,2760,10501,5.13551,160,16.8887,0,0,5409,16283931819
479.423,2.08584,60.2067,0,56,69,43,2760,10501,5.13551,160,16.8887,0,0,5409,16286017890
358.741,2.78753,60.2067,0,56,69,43,2760,10501,5.13551,160,16.8887,0,0,5409,16288805811
448.247,2.23091,60.2067,0,56,69,43,2760,10501,5.13551,160,16.8887,0,0,5409,16291037126
199.838,5.00404,60.2067,0,56,69,43,2760,10501,5.13551,160,16.8887,0,0,5409,16296043929
576.781,1.73376,48.9822,0,34,68,43,2760,10501,5.13473,150,16.934,0,0,5433,16297775738
565.361,1.76878,48.9822,0,34,68,43,2760,10501,5.13473,150,16.934,0,0,5433,16299544730
436.196,2.29255,48.9822,0,34,68,43,2760,10501,5.13473,150,16.934,0,0,5433,16301837605
291.195,3.43412,48.9822,0,34,68,43,2760,10501,5.13473,150,16.934,0,0,5433,16305272144
490.705,2.03789,48.9822,0,34,68,43,2760,10501,5.13473,150,16.934,0,0,5433,16307310299
348.704,2.86776,48.9822,0,34,68,43,2760,10501,5.13473,150,16.934,0,0,5433,16310178367
400.828,2.49483,48.9822,0,34,68,43,2760,10501,5.13473,150,16.934,0,0,5433,16312673596
364.331,2.74476,48.9822,0,34,68,43,2760,10501,5.13473,150,16.934,0,0,5433,16315418640
401.857,2.48845,48.9822,0,34,68,43,2760,10501,5.13473,150,16.934,0,0,5433,16317907551
196.427,5.09094,48.9822,0,34,68,43,2760,10501,5.13473,150,16.934,0,0,5433,16322998944
323.458,3.09159,48.9822,0,34,68,43,2760,10501,5.13473,150,16.934,0,0,5433,16326090798
532.245,1.87883,48.9822,0,34,68,43,2760,10501,5.13473,150,16.934,0,0,5433,16327969996
728.154,1.37334,48.9822,0,34,68,43,2760,10501,5.13473,150,16.934,0,0,5433,16329343609
356.767,2.80295,48.9822,0,34,68,43,2760,10501,5.13473,150,16.934,0,0,5433,16332146886
438.136,2.28239,48.9822,0,34,68,43,2760,10501,5.13473,150,16.934,0,0,5433,16334429646
372.33,2.68579,48.9822,0,34,68,43,2760,10501,5.13473,150,16.934,0,0,5433,16337115727
252.781,3.95599,48.9822,0,34,68,43,2760,10501,5.13473,150,16.934,0,0,5433,16341072187
705.516,1.4174,48.9822,0,34,68,43,2760,10501,5.13473,150,16.934,0,0,5433,16342489822
366.828,2.72607,48.9822,0,34,68,43,2760,10501,5.13473,150,16.934,0,0,5433,16345216163
186.695,5.35634,48.9822,0,34,68,43,2760,10501,5.13473,150,16.934,0,0,5433,16350572930
1197.51,0.835066,48.9822,0,34,68,43,2760,10501,5.13473,150,16.934,0,0,5433,16351408103
503.518,1.98603,48.9822,0,34,68,43,2760,10501,5.13473,150,16.934,0,0,5433,16353394516
211.768,4.72215,48.9822,0,34,68,43,2760,10501,5.13473,150,16.934,0,0,5433,16358117214
1161.34,0.861077,48.9822,0,34,68,43,2760,10501,5.13473,150,16.934,0,0,5433,16358978444
388.378,2.57481,48.9822,0,34,68,43,2760,10501,5.13473,150,16.934,0,0,5433,16361553570
358.553,2.78899,48.9822,0,34,68,43,2760,10501,5.13473,150,16.934,0,0,5433,16364342962
346.378,2.88702,48.9822,0,34,68,43,2760,10501,5.13473,150,16.934,0,0,5433,16367230338
241.112,4.14746,48.9822,0,34,68,43,2760,10501,5.13473,150,16.934,0,0,5433,16371378218
648.604,1.54177,48.9822,0,34,68,43,2760,10501,5.13473,150,16.934,0,0,5433,16372920203
251.839,3.9708,48.9822,0,34,68,43,2760,10501,5.13473,150,16.934,0,0,5433,16376891394
728.593,1.37251,48.9822,0,34,68,43,2760,10501,5.13473,150,16.934,0,0,5433,16378264142
379.497,2.63507,48.9822,0,34,68,43,2760,10501,5.13473,150,16.934,0,0,5433,16380899510
363.553,2.75063,48.9822,0,34,68,43,2760,10501,5.13473,150,16.934,0,0,5433,16383650622
392.394,2.54846,48.9822,0,34,68,43,2760,10501,5.13473,150,16.934,0,0,5433,16386199285
323.827,3.08806,48.9822,0,34,68,43,2760,10501,5.13473,150,16.934,0,0,5433,16389287831
391.423,2.55478,48.9822,0,34,68,43,2760,10501,5.13473,150,16.934,0,0,5433,16391842812
390.064,2.56368,48.9822,0,34,68,43,2760,10501,5.13473,150,16.934,0,0,5433,16394406821
345.77,2.8921,48.9822,0,34,68,43,2760,10501,5.13473,150,16.934,0,0,5433,16397299188
392.612,2.54705,48.9822,0,34,68,43,2760,10501,5.13473,150,16.934,0,0,5433,16399846495
244.711,4.08644,48.9822,0,34,68,43,2760,10501,5.13473,150,16.934,0,0,5433,16403933652
492.541,2.03029,48.9822,0,34,68,43,2760,10501,5.13473,150,16.934,0,0,5433,16405964047
531.617,1.88105,48.9822,0,34,68,43,2760,10501,5.13473,150,16.934,0,0,5433,16407845524
362.837,2.75606,48.9822,0,34,68,43,2760,10501,5.13473,150,16.934,0,0,5433,16410601867
313.745,3.1873,48.9822,0,34,68,43,2760,10501,5.13473,150,16.934,0,0,5433,16413789522
420.249,2.37954,48.9822,0,34,68,43,2760,10501,5.13473,150,16.934,0,0,5433,16416169468
317.904,3.14561,48.9822,0,34,68,43,2760,10501,5.13473,150,16.934,0,0,5433,16419315526
489.711,2.04202,48.9822,0,34,68,43,2760,10501,5.13473,150,16.934,0,0,5433,16421358114
413.485,2.41847,48.9822,0,34,68,43,2760,10501,5.13473,150,16.934,0,0,5433,16423776945
355.977,2.80917,48.9822,0,34,68,43,2760,10501,5.13473,150,16.934,0,0,5433,16426586463
203.364,4.91729,48.9822,0,34,68,43,2760,10501,5.13473,150,16.934,0,0,5433,16431504187
567.273,1.76282,48.9822,0,34,68,43,2760,10501,5.13473,150,16.934,0,0,5433,16433267361
528.032,1.89382,48.9822,0,34,68,43,2760,10501,5.13473,150,16.934,0,0,5433,16435161560
324.942,3.07747,48.9822,0,34,68,43,2760,10501,5.13473,150,16.934,0,0,5433,16438239356
523.957,1.90855,48.9822,0,34,68,43,2760,10501,5.13473,150,16.934,0,0,5433,16440148286
423.578,2.36084,48.9822,0,34,68,43,2760,10501,5.13473,150,16.934,0,0,5433,16442509404
332.484,3.00766,48.9822,0,34,68,43,2760,10501,5.13473,150,16.934,0,0,5433,16445517505
408.944,2.44532,48.9822,0,34,68,43,2760,10501,5.13473,150,16.934,0,0,5433,16447963107
306.697,3.26054,48.9822,0,34,68,43,2760,10501,5.13473,150,16.934,0,0,5433,16451223938
457.122,2.1876,48.9822,0,34,68,43,2760,10501,5.13473,150,16.934,0,0,5433,16453411857
345.287,2.89615,48.9822,0,34,68,43,2760,10501,5.13473,150,16.934,0,0,5433,16456308494
349.144,2.86415,48.9822,0,34,68,43,2760,10501,5.13473,150,16.934,0,0,5433,16459172927
212.823,4.69874,48.9822,0,34,68,43,2760,10501,5.13473,150,16.934,0,0,5433,16463872008
1521.84,0.657099,48.9822,0,34,68,43,2760,10501,5.13473,150,16.934,0,0,5433,16464529405
394.585,2.53431,48.9822,0,34,68,43,2760,10501,5.13473,150,16.934,0,0,5433,16467064173
389.105,2.57,48.9822,0,34,68,43,2760,10501,5.13473,150,16.934,0,0,5433,16469634395
342.259,2.92176,48.9822,0,34,68,43,2760,10501,5.13473,150,16.934,0,0,5433,16472556474
474.833,2.106,48.9822,0,34,68,43,2760,10501,5.13473,150,16.934,0,0,5433,16474662958
322.313,3.10258,48.9822,0,34,68,43,2760,10501,5.13473,150,16.934,0,0,5433,16477765890
296.798,3.3693,48.9822,0,34,68,43,2760,10501,5.13473,150,16.934,0,0,5433,16481135494
503.272,1.987,48.9822,0,34,68,43,2760,10501,5.13473,150,16.934,0,0,5433,16483122714
370.996,2.69545,48.9822,0,34,68,43,2760,10501,5.13473,150,16.934,0,0,5433,16485818584
372.183,2.68685,48.9822,0,34,68,43,2760,10501,5.13473,150,16.934,0,0,5433,16488505723
346.596,2.8852,48.9822,0,34,68,43,2760,10501,5.13473,150,16.934,0,0,5433,16491391214
413.775,2.41677,48.9822,0,34,68,43,2760,10501,5.13473,150,16.934,0,0,5433,16493808392
293.522,3.4069,48.9822,0,34,68,43,2760,10501,5.13473,150,16.934,0,0,5433,16497215632
523.324,1.91086,48.9822,0,34,68,43,2760,10501,5.13473,150,16.934,0,0,5433,16499126956
198.964,5.02602,48.9822,0,34,68,43,2760,10501,5.13473,150,16.934,0,0,5433,16504153452
650.015,1.53843,48.9822,0,34,68,43,2760,10501,5.13473,150,16.934,0,0,5433,16505692129
492.851,2.02901,48.9822,0,34,68,43,2760,10501,5.13473,150,16.934,0,0,5433,16507721380
279.247,3.58105,48.9822,0,34,68,43,2760,10501,5.13473,150,16.934,0,0,5433,16511302789
485.734,2.05874,48.9822,0,34,68,43,2760,10501,5.13473,150,16.934,0,0,5433,16513361839
444.374,2.25036,48.9822,0,34,68,43,2760,10501,5.13473,150,16.934,0,0,5433,16515612550
365.586,2.73533,48.9822,0,34,68,43,2760,10501,5.13473,150,16.934,0,0,5433,16518348267
337.389,2.96394,48.9822,0,34,68,43,2760,10501,5.13473,150,16.934,0,0,5433,16521312578
321.259,3.11275,48.9822,0,34,68,43,2760,10501,5.13473,150,16.934,0,0,5433,16524425683
482.925,2.07071,48.9822,0,34,68,43,2760,10501,5.13473,150,16.934,0,0,5433,16526496657
368.705,2.7122,48.9822,0,34,68,43,2760,10501,5.13473,150,16.934,0,0,5433,16529209296
349.073,2.86473,48.9822,0,34,68,43,2760,10501,5.13473,150,16.934,0,0,5433,16532074210
377.538,2.64874,48.9822,0,34,68,43,2760,10501,5.13473,150,16.934,0,0,5433,16534723232
251.22,3.98058,48.9822,0,34,68,43,2760,10501,5.13473,150,16.934,0,0,5433,16538704184
479.191,2.08685,48.9822,0,34,68,43,2760,10501,5.13473,150,16.934,0,0,5433,16540791446
350.299,2.8547,48.9822,0,34,68,43,2760,10501,5.13473,150,16.934,0,0,5433,16543646408
576.196,1.73552,48.9822,0,34,68,43,2760,10501,5.13473,150,16.934,0,0,5433,16545382370
431.193,2.31914,48.9822,0,34,68,43,2760,10501,5.13473,150,16.934,0,0,5433,16547701900
348.983,2.86547,48.9822,0,34,68,43,2760,10501,5.13473,150,16.934,0,0,5433,16550567660
351.635,2.84385,48.9822,0,34,68,43,2760,10501,5.13473,150,16.934,0,0,5433,16553411747
341.817,2.92554,48.9822,0,34,68,43,2760,10501,5.13473,150,16.934,0,0,5433,16556337586
441.631,2.26433,48.9822,0,34,68,43,2760,10501,5.13473,150,16.934,0,0,5433,16558602345
355.907,2.80972,48.9822,0,34,68,43,2760,10501,5.13473,150,16.934,0,0,5433,16561412333
203.363,4.91731,48.9822,0,34,68,43,2760,10501,5.13473,150,16.934,0,0,5433,16566330134
874.104,1.14403,48.9822,0,34,68,43,2760,10501,5.13473,150,16.934,0,0,5433,16567474413
387.37,2.58151,48.9822,0,34,68,43,2760,10501,5.13473,150,16.934,0,0,5433,16570056077
422.955,2.36432,48.9822,0,34,68,43,2760,10501,5.13473,150,16.934,0,0,5433,16572420791
367.232,2.72307,48.9822,0,34,68,43,2760,10501,5.13473,150,16.934,0,0,5433,16575144190
440.182,2.27179,48.9822,0,34,68,43,2760,10501,5.13473,150,16.934,0,0,5433,16577416421
422.263,2.3682,48.9822,0,34,68,43,2760,10501,5.13473,150,16.934,0,0,5433,16579784895
243.894,4.10014,48.9822,0,34,68,43,2760,10501,5.13473,150,16.934,0,0,5433,16583885398
432.508,2.3121,48.9822,0,34,68,43,2760,10501,5.13473,150,16.934,0,0,5433,16586197813
489.778,2.04174,48.9822,0,34,68,43,2760,10501,5.13473,150,16.934,0,0,5433,16588240103
314.21,3.18259,48.9822,0,34,68,43,2760,10501,5.13473,150,16.934,0,0,5433,16591422970
400.518,2.49677,48.9822,0,34,68,43,2760,10501,5.13473,150,16.934,0,0,5433,16593920083
194.464,5.14233,48.9822,0,34,68,43,2760,10501,5.13473,150,16.934,0,0,5433,16599062833
1510.35,0.6621,48.9822,0,34,68,43,2760,10501,5.13473,150,16.934,0,0,5433,16599725096
492.851,2.02901,48.9822,0,34,68,43,2760,10501,5.13473,150,16.934,0,0,5433,16601754491
324.322,3.08335,48.9822,0,34,68,43,2760,10501,5.13473,150,16.934,0,0,5433,16604838220
381.1,2.62398,48.9822,0,34,68,43,2760,10501,5.13473,150,16.934,0,0,5433,16607462683
269.034,3.717,48.9822,0,34,68,43,2760,10501,5.13473,150,16.934,0,0,5433,16611179991
507.384,1.97089,48.9822,0,34,68,43,2760,10501,5.13473,150,16.934,0,0,5433,16613151250
497.163,2.01141,48.9822,0,34,68,43,2760,10501,5.13473,150,16.934,0,0,5433,16615162885
335.436,2.9812,48.9822,0,34,68,43,2760,10501,5.13473,150,16.934,0,0,5433,16618144447
374.11,2.67301,48.9822,0,34,68,43,2760,10501,5.13473,150,16.934,0,0,5433,16620817749
275.354,3.63169,48.9822,0,34,68,43,2760,10501,5.13473,150,16.934,0,0,5433,16624449890
812.707,1.23046,48.9822,0,34,68,43,2760,10501,5.13473,150,16.934,0,0,5433,16625680470
247.772,4.03596,48.9822,0,34,68,43,2760,10501,5.13473,150,16.934,0,0,5433,16629716770
360.446,2.77434,48.9822,0,34,68,43,2760,10501,5.13473,150,16.934,0,0,5433,16632491450
553.338,1.80721,48.9822,0,34,68,43,2760,10501,5.13473,150,16.934,0,0,5433,16634299068
384.877,2.59823,48.9822,0,34,68,43,2760,10501,5.13473,150,16.934,0,0,5433,16636897550
375.782,2.66112,48.9822,0,34,68,43,2760,10501,5.13473,150,16.934,0,0,5433,16639559092
353.123,2.83187,48.9822,0,34,68,43,2760,10501,5.13473,150,16.934,0,0,5433,16642391207
166.097,6.02059,48.9822,0,34,68,43,2760,10501,5.13473,150,16.934,0,0,5433,16648412284
1842.21,0.542826,48.9822,0,34,68,43,2760,10501,5.13473,150,16.934,0,0,5433,16648955303
383.571,2.60708,48.9822,0,34,68,43,2760,10501,5.13473,150,16.934,0,0,5433,16651562708
380.773,2.62623,48.9822,0,34,68,43,2760,10501,5.13473,150,16.934,0,0,5433,16654189268
290.11,3.44697,48.9822,0,34,68,43,2760,10501,5.13473,150,16.934,0,0,5433,16657636759
515.753,1.93891,48.9822,0,34,68,43,2760,10501,5.13473,150,16.934,0,0,5433,16659575834
337.574,2.96231,48.9822,0,34,68,43,2760,10501,5.13473,150,16.934,0,0,5433,16662538510
217.182,4.60444,48.9822,0,34,68,43,2760,10501,5.13473,150,16.934,0,0,5433,16667143377
1704.27,0.58676,48.9822,0,34,68,43,2760,10501,5.13473,150,16.934,0,0,5433,16667730253
397.091,2.51832,48.9822,0,34,68,43,2760,10501,5.13473,150,16.934,0,0,5433,16670249290
256.337,3.90112,48.9822,0,34,68,43,2760,10501,5.13473,150,16.934,0,0,5433,16674150729
405.489,2.46616,48.9822,0,34,68,43,2760,10501,5.13473,150,16.934,0,0,5433,16676617321
467.983,2.13683,48.9822,0,34,68,43,2760,10501,5.13473,150,16.934,0,0,5433,16678754528
316.244,3.16212,48.9822,0,34,68,43,2760,10501,5.13473,150,16.934,0,0,5433,16681917077
542.253,1.84416,48.9822,0,34,68,43,2760,10501,5.13473,150,16.934,0,0,5433,16683761581
331.992,3.01212,48.9822,0,34,68,43,2760,10501,5.13473,150,16.934,0,0,5433,16686773991
261.128,3.82954,48.9822,0,34,68,43,2760,10501,5.13473,150,16.934,0,0,5433,16690603995
283.793,3.52369,48.9822,0,34,68,43,2760,10501,5.13473,150,16.934,0,0,5433,16694127931
442.044,2.26222,48.9822,0,34,68,43,2760,10501,5.13473,150,16.934,0,0,5433,16696390324
301.526,3.31647,48.9822,0,34,68,43,2760,10501,5.13473,150,16.934,0,0,5433,16699707080
377.239,2.65084,48.9822,0,34,68,43,2760,10501,5.13473,150,16.934,0,0,5433,16702358237
1009.84,0.990254,48.9822,0,34,68,43,2760,10501,5.13473,150,16.934,0,0,5433,16703348799
540.632,1.84969,48.9822,0,34,68,43,2760,10501,5.13473,150,16.934,0,0,5433,16705198775
314.215,3.18253,48.9822,0,34,68,43,2760,10501,5.13473,150,16.934,0,0,5433,16708381709
376.549,2.65569,48.9822,0,34,68,43,2760,10501,5.13473,150,16.934,0,0,5433,16711037654
326.594,3.0619,48.9822,0,34,68,43,2760,10501,5.13473,150,16.934,0,0,5433,16714099883
422.419,2.36732,48.9822,0,34,68,43,2760,10501,5.13473,150,16.934,0,0,5433,16716467539
374.116,2.67297,48.9822,0,34,68,43,2760,10501,5.13473,150,16.934,0,0,5433,16719140754
352.97,2.83311,48.9822,0,34,68,43,2760,10501,5.13473,150,16.934,0,0,5433,16721974225
361.395,2.76705,48.9822,0,34,68,43,2760,10501,5.13473,150,16.934,0,0,5433,16724741684
387.995,2.57736,48.9822,0,34,68,43,2760,10501,5.13473,150,16.934,0,0,5433,16727319347
286.254,3.4934,48.9822,0,34,68,43,2760,10501,5.13473,150,16.934,0,0,5433,16730813263
430.21,2.32444,48.9822,0,34,68,43,2760,10501,5.13473,150,16.934,0,0,5433,16733138111
377.723,2.64744,48.9822,0,34,68,43,2760,10501,5.13473,150,16.934,0,0,5433,16735785825
374.982,2.66679,48.9822,0,34,68,43,2760,10501,5.13473,150,16.934,0,0,5433,16738452992
407.111,2.45633,48.9822,0,34,68,43,2760,10501,5.13473,150,16.934,0,0,5433,16740909671
316.123,3.16333,48.9822,0,34,68,43,2760,10501,5.13473,150,16.934,0,0,5433,16744073306
350.099,2.85634,48.9822,0,34,68,43,2760,10501,5.13473,150,16.934,0,0,5433,16746930085
464.843,2.15126,48.9822,0,34,68,43,2760,10501,5.13473,150,16.934,0,0,5433,16749081648
316.537,3.15918,48.9822,0,34,68,43,2760,10501,5.13473,150,16.934,0,0,5433,16752241139
203.399,4.91643,48.9822,0,34,68,43,2760,10501,5.13473,150,16.934,0,0,5433,16757158064
657,1.52207,48.9822,0,34,68,43,2760,10501,5.13473,150,16.934,0,0,5433,16758680327
377.735,2.64736,48.9822,0,34,68,43,2760,10501,5.13473,150,16.934,0,0,5433,16761328263
476.873,2.09699,48.9822,0,34,68,43,2760,10501,5.13473,150,16.934,0,0,5433,16763425401
465.942,2.14619,48.9822,0,34,68,43,2760,10501,5.13473,150,16.934,0,0,5433,16765571915
366.229,2.73053,48.9822,0,34,68,43,2760,10501,5.13473,150,16.934,0,0,5433,16768302767
327.422,3.05416,48.9822,0,34,68,43,2760,10501,5.13473,150,16.934,0,0,5433,16771357351
315.901,3.16555,48.9822,0,34,68,43,2760,10501,5.13473,150,16.934,0,0,5433,16774523101
530.167,1.8862,48.9822,0,34,68,43,2760,10501,5.13473,150,16.934,0,0,5433,16776409665
265.631,3.76463,48.9822,0,34,68,43,2760,10501,5.13473,150,16.934,0,0,5433,16780174715
308.295,3.24365,48.9822,0,34,68,43,2760,10501,5.13473,150,16.934,0,0,5433,16783418757
358.296,2.79099,48.9822,0,34,68,43,2760,10501,5.13473,150,16.934,0,0,5433,16786209947
414.289,2.41377,48.9822,0,34,68,43,2760,10501,5.13473,150,16.934,0,0,5433,16788624173
600.279,1.66589,48.9822,0,34,68,43,2760,10501,5.13473,150,16.934,0,0,5433,16790290431
319.752,3.12742,48.9822,0,34,68,43,2760,10501,5.13473,150,16.934,0,0,5433,16793418046
424.619,2.35505,48.9822,0,34,68,43,2760,10501,5.13473,150,16.934,0,0,5433,16795773520
357.222,2.79938,48.9822,0,34,68,43,2760,10501,5.13473,150,16.934,0,0,5433,16798575229
346.544,2.88563,44.5596,0,72,68,43,2760,10501,5.13512,147,16.9486,0,0,5441,16801459105
273.772,3.65267,44.5596,0,72,68,43,2760,10501,5.13512,147,16.9486,0,0,5441,16805112084
529.972,1.88689,44.5596,0,72,68,43,2760,10501,5.13512,147,16.9486,0,0,5441,16806999465
320.01,3.1249,44.5596,0,72,68,43,2760,10501,5.13512,147,16.9486,0,0,5441,16810124638
420.489,2.37819,44.5596,0,72,68,43,2760,10501,5.13512,147,16.9486,0,0,5441,16812503324
373.487,2.67747,44.5596,0,72,68,43,2760,10501,5.13512,147,16.9486,0,0,5441,16815181125
380.256,2.62981,44.5596,0,72,68,43,2760,10501,5.13512,147,16.9486,0,0,5441,16817811214
333.166,3.0015,44.5596,0,72,68,43,2760,10501,5.13512,147,16.9486,0,0,5441,16820813056
406.99,2.45706,44.5596,0,72,68,43,2760,10501,5.13512,147,16.9486,0,0,5441,16823270437
430.729,2.32165,44.5596,0,72,68,43,2760,10501,5.13512,147,16.9486,0,0,5441,16825592544
306.589,3.2617,44.5596,0,72,68,43,2760,10501,5.13512,147,16.9486,0,0,5441,16828854509
414.391,2.41318,44.5596,0,72,68,43,2760,10501,5.13512,147,16.9486,0,0,5441,16831268043
345.422,2.89501,44.5596,0,72,68,43,2760,10501,5.13512,147,16.9486,0,0,5441,16834163477
283.984,3.52132,44.5596,0,72,68,43,2760,10501,5.13512,147,16.9486,0,0,5441,16837685191
507.426,1.97073,44.5596,0,72,68,43,2760,10501,5.13512,147,16.9486,0,0,5441,16839656277
367.267,2.72281,44.5596,0,72,68,43,2760,10501,5.13512,147,16.9486,0,0,5441,16842379600
224.6,4.45236,44.5596,0,72,68,43,2760,10501,5.13512,147,16.9486,0,0,5441,16846832404
732.457,1.36527,44.5596,0,72,68,43,2760,10501,5.13512,147,16.9486,0,0,5441,16848197873
475.091,2.10486,44.5596,0,72,68,43,2760,10501,5.13512,147,16.9486,0,0,5441,16850303059
438.632,2.27982,44.5596,0,72,68,43,2760,10501,5.13512,147,16.9486,0,0,5441,16852583203
266.693,3.74964,44.5596,0,72,68,43,2760,10501,5.13512,147,16.9486,0,0,5441,16856333176
263.25,3.79867,44.5596,0,72,68,43,2760,10501,5.13512,147,16.9486,0,0,5441,16860132438
639.62,1.56343,44.5596,0,72,68,43,2760,10501,5.13512,147,16.9486,0,0,5441,16861696020
336.874,2.96847,44.5596,0,72,68,43,2760,10501,5.13512,147,16.9486,0,0,5441,16864664985
493.665,2.02567,44.5596,0,72,68,43,2760,10501,5.13512,147,16.9486,0,0,5441,16866690871
447.691,2.23368,44.5596,0,72,68,43,2760,10501,5.13512,147,16.9486,0,0,5441,16868924860
354.85,2.81809,44.5596,0,72,68,43,2760,10501,5.13512,147,16.9486,0,0,5441,16871743407
286.816,3.48655,44.5596,0,72,68,43,2760,10501,5.13512,147,16.9486,0,0,5441,16875230255
521.44,1.91777,44.5596,0,72,68,43,2760,10501,5.13512,147,16.9486,0,0,5441,16877148541
369.748,2.70454,44.5596,0,72,68,43,2760,10501,5.13512,147,16.9486,0,0,5441,16879853391
358.208,2.79167,44.5596,0,72,68,43,2760,10501,5.13512,147,16.9486,0,0,5441,16882645437
326.618,3.06168,44.5596,0,72,68,43,2760,10501,5.13512,147,16.9486,0,0,5441,16885707444
274.13,3.6479,44.5596,0,72,68,43,2760,10501,5.13512,147,16.9486,0,0,5441,16889355846
583.968,1.71242,44.5596,0,72,68,43,2760,10501,5.13512,147,16.9486,0,0,5441,16891068433
297.106,3.36581,44.5596,0,72,68,43,2760,10501,5.13512,147,16.9486,0,0,5441,16894434623
495.276,2.01908,44.5596,0,72,68,43,2760,10501,5.13512,147,16.9486,0,0,5441,16896453970
396.756,2.52044,44.5596,0,72,68,43,2760,10501,5.13512,147,16.9486,0,0,5441,16898974699
370.669,2.69782,44.5596,0,72,68,43,2760,10501,5.13512,147,16.9486,0,0,5441,16901672982
327,3.0581,44.5596,0,72,68,43,2760,10501,5.13512,147,16.9486,0,0,5441,16904731230
367.464,2.72135,44.5596,0,72,68,43,2760,10501,5.13512,147,16.9486,0,0,5441,16907453023
341.81,2.9256,44.5596,0,72,68,43,2760,10501,5.13512,147,16.9486,0,0,5441,16910378814
357.215,2.79943,44.5596,0,72,68,43,2760,10501,5.13512,147,16.9486,0,0,5441,16913178572
563.828,1.77359,44.5596,0,72,68,43,2760,10501,5.13512,147,16.9486,0,0,5441,16914952670
202.362,4.94164,44.5596,0,72,68,43,2760,10501,5.13512,147,16.9486,0,0,5441,16919894568
1069.72,0.93482,44.5596,0,72,68,43,2760,10501,5.13512,147,16.9486,0,0,5441,16920829849
368.009,2.71732,44.5596,0,72,68,43,2760,10501,5.13512,147,16.9486,0,0,5441,16923547489
270.939,3.69087,44.5596,0,72,68,43,2760,10501,5.13512,147,16.9486,0,0,5441,16927238680
548.192,1.82418,44.5596,0,72,68,43,2760,10501,5.13512,147,16.9486,0,0,5441,16929063146
326.921,3.05884,44.5596,0,72,68,43,2760,10501,5.13512,147,16.9486,0,0,5441,16932122316
469.826,2.12845,44.5596,0,72,68,43,2760,10501,5.13512,147,16.9486,0,0,5441,16934251273
370.506,2.69901,44.5596,0,72,68,43,2760,10501,5.13512,147,16.9486,0,0,5441,16936950392
345.534,2.89407,44.5596,0,72,68,43,2760,10501,5.13512,147,16.9486,0,0,5441,16939844740
409.606,2.44137,44.5596,0,72,68,43,2760,10501,5.13512,147,16.9486,0,0,5441,16942286457
246.797,4.05191,44.5596,0,72,68,43,2760,10501,5.13512,147,16.9486,0,0,5441,16946338891
620.116,1.6126,44.5596,0,72,68,43,2760,10501,5.13512,147,16.9486,0,0,5441,16947951792
348.206,2.87187,44.5596,0,72,68,43,2760,10501,5.13512,147,16.9486,0,0,5441,16950824033
415.327,2.40774,44.5596,0,72,68,43,2760,10501,5.13512,147,16.9486,0,0,5441,16953232047
369.429,2.70688,44.5596,0,72,68,43,2760,10501,5.13512,147,16.9486,0,0,5441,16955939196
296.082,3.37744,44.5596,0,72,68,43,2760,10501,5.13512,147,16.9486,0,0,5441,16959316973
536.145,1.86517,44.5596,0,72,68,43,2760,10501,5.13512,147,16.9486,0,0,5441,16961182622
366.47,2.72874,44.5596,0,72,68,43,2760,10501,5.13512,147,16.9486,0,0,5441,16963911637
396.95,2.51921,44.5596,0,72,68,43,2760,10501,5.13512,147,16.9486,0,0,5441,16966431097
264.068,3.7869,44.5596,0,72,68,43,2760,10501,5.13512,147,16.9486,0,0,5441,16970218408
332.276,3.00954,44.5596,0,72,68,43,2760,10501,5.13512,147,16.9486,0,0,5441,16973228326
580.859,1.72159,44.5596,0,72,68,43,2760,10501,5.13512,147,16.9486,0,0,5441,16974950048
360.036,2.7775,44.5596,0,72,68,43,2760,10501,5.13512,147,16.9486,0,0,5441,16977728007
357.43,2.79775,44.5596,0,72,68,43,2760,10501,5.13512,147,16.9486,0,0,5441,16980526101
388.189,2.57607,44.5596,0,72,68,43,2760,10501,5.13512,147,16.9486,0,0,5441,16983102544
368.342,2.71487,44.5596,0,72,68,43,2760,10501,5.13512,147,16.9486,0,0,5441,16985817808
361.567,2.76574,44.5596,0,72,68,43,2760,10501,5.13512,147,16.9486,0,0,5441,16988584046
380.283,2.62962,44.5596,0,72,68,43,2760,10501,5.13512,147,16.9486,0,0,5441,16991214067
330.184,3.02861,44.5596,0,72,68,43,2760,10501,5.13512,147,16.9486,0,0,5441,16994242852
340.23,2.93919,44.5596,0,72,68,43,2760,10501,5.13512,147,16.9486,0,0,5441,16997182364
365.209,2.73816,44.5596,0,72,68,43,2760,10501,5.13512,147,16.9486,0,0,5441,16999920880
428.022,2.33633,44.5596,0,72,68,43,2760,10501,5.13512,147,16.9486,0,0,5441,17002257555
336.528,2.97152,44.5596,0,72,68,43,2760,10501,5.13512,147,16.9486,0,0,5441,17005229357
405.061,2.46877,44.5596,0,72,68,43,2760,10501,5.13512,147,16.9486,0,0,5441,17007698430
365.199,2.73824,44.5596,0,72,68,43,2760,10501,5.13512,147,16.9486,0,0,5441,17010436994
462.939,2.16011,44.5596,0,72,68,43,2760,10501,5.13512,147,16.9486,0,0,5441,17012597297
314.529,3.17936,44.5596,0,72,68,43,2760,10501,5.13512,147,16.9486,0,0,5441,17015777135
386.61,2.58659,44.5596,0,72,68,43,2760,10501,5.13512,147,16.9486,0,0,5441,17018363905
328.382,3.04524,44.5596,0,72,68,43,2760,10501,5.13512,147,16.9486,0,0,5441,17021409652
338.312,2.95585,44.5596,0,72,68,43,2760,10501,5.13512,147,16.9486,0,0,5441,17024365771
441.335,2.26586,44.5596,0,72,68,43,2760,10501,5.13512,147,16.9486,0,0,5441,17026632039
373.258,2.67911,44.5596,0,72,68,43,2760,10501,5.13512,147,16.9486,0,0,5441,17029311707
310.166,3.22408,44.5596,0,72,68,43,2760,10501,5.13512,147,16.9486,0,0,5441,17032536133
476.487,2.0987,44.5596,0,72,68,43,2760,10501,5.13512,147,16.9486,0,0,5441,17034635030
377.262,2.65068,44.5596,0,72,68,43,2760,10501,5.13512,147,16.9486,0,0,5441,17037286014
356.442,2.80551,44.5596,0,72,68,43,2760,10501,5.13512,147,16.9486,0,0,5441,17040091868
358.386,2.79029,44.5596,0,72,68,43,2760,10501,5.13512,147,16.9486,0,0,5441,17042882424
289.539,3.45376,44.5596,0,72,68,43,2760,10501,5.13512,147,16.9486,0,0,5441,17046336790
354.076,2.82425,44.5596,0,72,68,43,2760,10501,5.13512,147,16.9486,0,0,5441,17049161231
441.308,2.26599,44.5596,0,72,68,43,2760,10501,5.13512,147,16.9486,0,0,5441,17051427558
363.789,2.74884,44.5596,0,72,68,43,2760,10501,5.13512,147,16.9486,0,0,5441,17054176718
260.695,3.8359,44.5596,0,72,68,43,2760,10501,5.13512,147,16.9486,0,0,5441,17058013107
628.982,1.58987,44.5596,0,72,68,43,2760,10501,5.13512,147,16.9486,0,0,5441,17059603247
462.012,2.16445,44.5596,0,72,68,43,2760,10501,5.13512,147,16.9486,0,0,5441,17061768098
367.368,2.72206,44.5596,0,72,68,43,2760,10501,5.13512,147,16.9486,0,0,5441,17064490498
355.702,2.81134,44.5596,0,72,68,43,2760,10501,5.13512,147,16.9486,0,0,5441,17067302314
315.271,3.17188,44.5596,0,72,68,43,2760,10501,5.13512,147,16.9486,0,0,5441,17070474353
375.954,2.6599,44.5596,0,72,68,43,2760,10501,5.13512,147,16.9486,0,0,5441,17073134645
388.483,2.57412,44.5596,0,72,68,43,2760,10501,5.13512,147,16.9486,0,0,5441,17075709030
337.009,2.96728,44.5596,0,72,68,43,2760,10501,5.13512,147,16.9486,0,0,5441,17078676803
218.054,4.58602,44.5596,0,72,68,43,2760,10501,5.13512,147,16.9486,0,0,5441,17083263217
667.465,1.4982,44.5596,0,72,68,43,2760,10501,5.13512,147,16.9486,0,0,5441,17084761893
542.304,1.84398,44.5596,0,72,68,43,2760,10501,5.13512,147,16.9486,0,0,5441,17086606234
311.531,3.20995,44.5596,0,72,68,43,2760,10501,5.13512,147,16.9486,0,0,5441,17089816438
345.431,2.89493,44.5596,0,72,68,43,2760,10501,5.13512,147,16.9486,0,0,5441,17092711910
423.435,2.36164,44.5596,0,72,68,43,2760,10501,5.13512,147,16.9486,0,0,5441,17095073740
382.165,2.61667,44.5596,0,72,68,43,2760,10501,5.13512,147,16.9486,0,0,5441,17097690771
352.792,2.83453,44.5596,0,72,68,43,2760,10501,5.13512,147,16.9486,0,0,5441,17100525606
185.33,5.39579,44.5596,0,72,68,43,2760,10501,5.13512,147,16.9486,0,0,5441,17105921856
271.505,3.68317,44.5596,0,72,68,43,2760,10501,5.13512,147,16.9486,0,0,5441,17109605143
573.372,1.74407,44.5596,0,72,68,43,2760,10501,5.13512,147,16.9486,0,0,5441,17111349490
469.546,2.12972,44.5596,0,72,68,43,2760,10501,5.13512,147,16.9486,0,0,5441,17113479437
476.641,2.09801,44.5596,0,72,68,43,2760,10501,5.13512,147,16.9486,0,0,5441,17115577787
436.822,2.28926,44.5596,0,72,68,43,2760,10501,5.13512,147,16.9486,0,0,5441,17117867393
280.637,3.56332,44.5596,0,72,68,43,2760,10501,5.13512,147,16.9486,0,0,5441,17121430907
350.409,2.85381,44.5596,0,72,68,43,2760,10501,5.13512,147,16.9486,0,0,5441,17124285099
489.494,2.04292,44.5596,0,72,68,43,2760,10501,5.13512,147,16.9486,0,0,5441,17126328370
364.782,2.74136,44.5596,0,72,68,43,2760,10501,5.13512,147,16.9486,0,0,5441,17129070001
317.8,3.14664,44.5596,0,72,68,43,2760,10501,5.13512,147,16.9486,0,0,5441,17132217049
299.244,3.34176,44.5596,0,72,68,43,2760,10501,5.13512,147,16.9486,0,0,5441,17135559220
376.593,2.65539,44.5596,0,72,68,43,2760,10501,5.13512,147,16.9486,0,0,5441,17138214925
640.4,1.56152,44.5596,0,72,68,43,2760,10501,5.13512,147,16.9486,0,0,5441,17139776737
275.076,3.63536,44.5596,0,72,68,43,2760,10501,5.13512,147,16.9486,0,0,5441,17143412427
455.46,2.19558,44.5596,0,72,68,43,2760,10501,5.13512,147,16.9486,0,0,5441,17145608251
344.242,2.90493,44.5596,0,72,68,43,2760,10501,5.13512,147,16.9486,0,0,5441,17148513541
548.577,1.8229,44.5596,0,72,68,43,2760,10501,5.13512,147,16.9486,0,0,5441,17150336795
270.535,3.69637,44.5596,0,72,68,43,2760,10501,5.13512,147,16.9486,0,0,5441,17154033525
412.182,2.42611,44.5596,0,72,68,43,2760,10501,5.13512,147,16.9486,0,0,5441,17156459905
341.813,2.92558,44.5596,0,72,68,43,2760,10501,5.13512,147,16.9486,0,0,5441,17159385811
313.621,3.18856,44.5596,0,72,68,43,2760,10501,5.13512,147,16.9486,0,0,5441,17162574649
484.031,2.06598,44.5596,0,72,68,43,2760,10501,5.13512,147,16.9486,0,0,5441,17164641219
387.151,2.58297,44.5596,0,72,68,43,2760,10501,5.13512,147,16.9486,0,0,5441,17167224325
362.896,2.75561,44.5596,0,72,68,43,2760,10501,5.13512,147,16.9486,0,0,5441,17169980370
407.058,2.45665,44.5596,0,72,68,43,2760,10501,5.13512,147,16.9486,0,0,5441,17172437241
358.048,2.79292,44.5596,0,72,68,43,2760,10501,5.13512,147,16.9486,0,0,5441,17175230518
355.742,2.81103,44.5596,0,72,68,43,2760,10501,5.13512,147,16.9486,0,0,5441,17178041796
309.104,3.23516,44.5596,0,72,68,43,2760,10501,5.13512,147,16.9486,0,0,5441,17181277299
384.536,2.60054,44.5596,0,72,68,43,2760,10501,5.13512,147,16.9486,0,0,5441,17183878396
470.898,2.1236,44.5596,0,72,68,43,2760,10501,5.13512,147,16.9486,0,0,5441,17186002073
291.919,3.42561,44.5596,0,72,68,43,2760,10501,5.13512,147,16.9486,0,0,5441,17189427968
495.412,2.01852,44.5596,0,72,68,43,2760,10501,5.13512,147,16.9486,0,0,5441,17191446795
336.424,2.97244,44.5596,0,72,68,43,2760,10501,5.13512,147,16.9486,0,0,5441,17194419684
364.45,2.74386,44.5596,0,72,68,43,2760,10501,5.13512,147,16.9486,0,0,5441,17197163805
369.168,2.70879,44.5596,0,72,68,43,2760,10501,5.13512,147,16.9486,0,0,5441,17199873002
371.427,2.69232,44.5596,0,72,68,43,2760,10501,5.13512,147,16.9486,0,0,5441,17202565622
356.85,2.8023,44.5596,0,72,68,43,2760,10501,5.13512,147,16.9486,0,0,5441,17205368197
434.955,2.29909,44.5596,0,72,68,43,2760,10501,5.13512,147,16.9486,0,0,5441,17207667630
353.584,2.82818,44.5596,0,72,68,43,2760,10501,5.13512,147,16.9486,0,0,5441,17210496082
366.073,2.7317,44.5596,0,72,68,43,2760,10501,5.13512,147,16.9486,0,0,5441,17213228135
244.709,4.08649,44.5596,0,72,68,43,2760,10501,5.13512,147,16.9486,0,0,5441,17217314879
191.685,5.21689,44.5596,0,72,68,43,2760,10501,5.13512,147,16.9486,0,0,5441,17222532199
1466.85,0.681735,44.5596,0,72,68,43,2760,10501,5.13512,147,16.9486,0,0,5441,17223214097
484.369,2.06454,44.5596,0,72,68,43,2760,10501,5.13512,147,16.9486,0,0,5441,17225279080
330.851,3.02251,44.5596,0,72,68,43,2760,10501,5.13512,147,16.9486,0,0,5441,17228301787
402.119,2.48682,44.5596,0,72,68,43,2760,10501,5.13512,147,16.9486,0,0,5441,17230788919
439.932,2.27308,44.5596,0,72,68,43,2760,10501,5.13512,147,16.9486,0,0,5441,17233062390
346.501,2.88599,44.5596,0,72,68,43,2760,10501,5.13512,147,16.9486,0,0,5441,17235948603
400.967,2.49397,44.5596,0,72,68,43,2760,10501,5.13512,147,16.9486,0,0,5441,17238443033
368.295,2.71522,44.5596,0,72,68,43,2760,10501,5.13512,147,16.9486,0,0,5441,17241158586
301.472,3.31705,44.5596,0,72,68,43,2760,10501,5.13512,147,16.9486,0,0,5441,17244475957
254.94,3.9225,44.5596,0,72,68,43,2760,10501,5.13512,147,16.9486,0,0,5441,17248398868
554.421,1.80368,44.5596,0,72,68,43,2760,10501,5.13512,147,16.9486,0,0,5441,17250202958
504.355,1.98273,44.5596,0,72,68,43,2760,10501,5.13512,147,16.9486,0,0,5441,17252185794
330.895,3.02211,44.5596,0,72,68,43,2760,10501,5.13512,147,16.9486,0,0,5441,17255208338
352.146,2.83973,44.5596,0,72,68,43,2760,10501,5.13512,147,16.9486,0,0,5441,17258048463
424.121,2.35782,44.5596,0,72,68,43,2760,10501,5.13512,147,16.9486,0,0,5441,17260406802
263.703,3.79215,44.5596,0,72,68,43,2760,10501,5.13512,147,16.9486,0,0,5441,17264199266
461.149,2.1685,44.5596,0,72,68,43,2760,10501,5.13512,147,16.9486,0,0,5441,17266368176
474.729,2.10647,44.5596,0,72,68,43,2760,10501,5.13512,147,16.9486,0,0,5441,17268475006
283.525,3.52702,44.5596,0,72,68,43,2760,10501,5.13512,147,16.9486,0,0,5441,17272002472
276.968,3.61052,44.5596,0,72,68,43,2760,10501,5.13512,147,16.9486,0,0,5441,17275613362
410.649,2.43517,44.5596,0,72,68,43,2760,10501,5.13512,147,16.9486,0,0,5441,17278048973
274.845,3.63841,44.5596,0,72,68,43,2760,10501,5.13512,147,16.9486,0,0,5441,17281687625
1270.11,0.787334,44.5596,0,72,68,43,2760,10501,5.13512,147,16.9486,0,0,5441,17282475401
406.468,2.46022,44.5596,0,72,68,43,2760,10501,5.13512,147,16.9486,0,0,5441,17284935802
368.539,2.71342,44.5596,0,72,68,43,2760,10501,5.13512,147,16.9486,0,0,5441,17287649624
196.205,5.09671,44.5596,0,72,68,43,2760,10501,5.13512,147,16.9486,0,0,5441,17292746699
726.897,1.37571,44.5596,0,72,68,43,2760,10501,5.13512,147,16.9486,0,0,5441,17294122592
469.737,2.12885,44.5596,0,72,68,43,2760,10501,5.13512,147,16.9486,0,0,5441,17296252029
355.728,2.81113,44.5596,0,72,68,43,2760,10501,5.13512,147,16.9486,0,0,5441,17299065374
437.782,2.28424,45.8974,0,85,68,44,2760,10501,5.13785,159,16.9531,0,0,5432,17301347903
261.336,3.82648,45.8974,0,85,68,44,2760,10501,5.13785,159,16.9531,0,0,5432,17305174724
588.948,1.69794,45.8974,0,85,68,44,2760,10501,5.13785,159,16.9531,0,0,5432,17306872897
299.249,3.3417,45.8974,0,85,68,44,2760,10501,5.13785,159,16.9531,0,0,5432,17310215009
460.3,2.1725,45.8974,0,85,68,44,2760,10501,5.13785,159,16.9531,0,0,5432,17312387881
356.239,2.8071,45.8974,0,85,68,44,2760,10501,5.13785,159,16.9531,0,0,5432,17315195206
361.726,2.76453,45.8974,0,85,68,44,2760,10501,5.13785,159,16.9531,0,0,5432,17317960107
352.924,2.83347,45.8974,0,85,68,44,2760,10501,5.13785,159,16.9531,0,0,5432,17320793885
223.74,4.46948,45.8974,0,85,68,44,2760,10501,5.13785,159,16.9531,0,0,5432,17325263699
638.36,1.56651,45.8974,0,85,68,44,2760,10501,5.13785,159,16.9531,0,0,5432,17326830502
531.508,1.88144,45.8974,0,85,68,44,2760,10501,5.13785,159,16.9531,0,0,5432,17328712325
333.675,2.99693,45.8974,0,85,68,44,2760,10501,5.13785,159,16.9531,0,0,5432,17331709541
407.306,2.45516,45.8974,0,85,68,44,2760,10501,5.13785,159,16.9531,0,0,5432,17334165095
302.736,3.30321,45.8974,0,85,68,44,2760,10501,5.13785,159,16.9531,0,0,5432,17337468562
571.438,1.74997,45.8974,0,85,68,44,2760,10501,5.13785,159,16.9531,0,0,5432,17339218746
246.648,4.05437,45.8974,0,85,68,44,2760,10501,5.13785,159,16.9531,0,0,5432,17343273460
508.961,1.96479,45.8974,0,85,68,44,2760,10501,5.13785,159,16.9531,0,0,5432,17345238680
390.945,2.5579,45.8974,0,85,68,44,2760,10501,5.13785,159,16.9531,0,0,5432,17347796805
246.618,4.05486,45.8974,0,85,68,44,2760,10501,5.13785,159,16.9531,0,0,5432,17351852105
572.249,1.74749,45.8974,0,85,68,44,2760,10501,5.13785,159,16.9531,0,0,5432,17353599837
256.335,3.90114,45.8974,0,85,68,44,2760,10501,5.13785,159,16.9531,0,0,5432,17357501314
913.677,1.09448,45.8974,0,85,68,44,2760,10501,5.13785,159,16.9531,0,0,5432,17358596168
360.387,2.7748,45.8974,0,85,68,44,2760,10501,5.13785,159,16.9531,0,0,5432,17361371454
413.582,2.4179,45.8974,0,85,68,44,2760,10501,5.13785,159,16.9531,0,0,5432,17363789767
312.722,3.19772,45.8974,0,85,68,44,2760,10501,5.13785,159,16.9531,0,0,5432,17366988028
351.854,2.84209,45.8974,0,85,68,44,2760,10501,5.13785,159,16.9531,0,0,5432,17369830451
410.29,2.4373,45.8974,0,85,68,44,2760,10501,5.13785,159,16.9531,0,0,5432,17372268062
377.191,2.65118,45.8974,0,85,68,44,2760,10501,5.13785,159,16.9531,0,0,5432,17374919642
238.098,4.19995,45.8974,0,85,68,44,2760,10501,5.13785,159,16.9531,0,0,5432,17379120033
432.055,2.31452,45.8974,0,85,68,44,2760,10501,5.13785,159,16.9531,0,0,5432,17381434890
362.664,2.75737,45.8974,0,85,68,44,2760,10501,5.13785,159,16.9531,0,0,5432,17384192685
366.639,2.72748,45.8974,0,85,68,44,2760,10501,5.13785,159,16.9531,0,0,5432,17386920623
609.396,1.64097,45.8974,0,85,68,44,2760,10501,5.13785,159,16.9531,0,0,5432,17388561967
359.087,2.78484,45.8974,0,85,68,44,2760,10501,5.13785,159,16.9531,0,0,5432,17391347022
364.497,2.74351,45.8974,0,85,68,44,2760,10501,5.13785,159,16.9531,0,0,5432,17394090980
343.045,2.91507,45.8974,0,85,68,44,2760,10501,5.13785,159,16.9531,0,0,5432,17397006290
317.982,3.14484,45.8974,0,85,68,44,2760,10501,5.13785,159,16.9531,0,0,5432,17400151415
332.906,3.00385,45.8974,0,85,68,44,2760,10501,5.13785,159,16.9531,0,0,5432,17403155583
301.402,3.31782,45.8974,0,85,68,44,2760,10501,5.13785,159,16.9531,0,0,5432,17406473897
542.295,1.84401,45.8974,0,85,68,44,2760,10501,5.13785,159,16.9531,0,0,5432,17408317998
486.889,2.05386,45.8974,0,85,68,44,2760,10501,5.13785,159,16.9531,0,0,5432,17410372298
350.657,2.85179,45.8974,0,85,68,44,2760,10501,5.13785,159,16.9531,0,0,5432,17413224442
343.586,2.91048,45.8974,0,85,68,44,2760,10501,5.13785,159,16.9531,0,0,5432,17416135300
402.357,2.48535,45.8974,0,85,68,44,2760,10501,5.13785,159,16.9531,0,0,5432,17418620970
371.813,2.68952,45.8974,0,85,68,44,2760,10501,5.13785,159,16.9531,0,0,5432,17421311051
305.778,3.27035,45.8974,0,85,68,44,2760,10501,5.13785,159,16.9531,0,0,5432,17424581671
453.941,2.20293,45.8974,0,85,68,44,2760,10501,5.13785,159,16.9531,0,0,5432,17426784870
216.082,4.62788,45.8974,0,85,68,44,2760,10501,5.13785,159,16.9531,0,0,5432,17431413132
565.41,1.76863,45.8974,0,85,68,44,2760,10501,5.13785,159,16.9531,0,0,5432,17433182047
558.715,1.78982,45.8974,0,85,68,44,2760,10501,5.13785,159,16.9531,0,0,5432,17434972136
396.918,2.51941,45.8974,0,85,68,44,2760,10501,5.13785,159,16.9531,0,0,5432,17437491894
376.485,2.65615,45.8974,0,85,68,44,2760,10501,5.13785,159,16.9531,0,0,5432,17440148388
374.602,2.6695,45.8974,0,85,68,44,2760,10501,5.13785,159,16.9531,0,0,5432,17442818180
178.471,5.60314,45.8974,0,85,68,44,2760,10501,5.13785,159,16.9531,0,0,5432,17448421820
566.479,1.76529,45.8974,0,85,68,44,2760,10501,5.13785,159,16.9531,0,0,5432,17450187351
561.378,1.78133,45.8974,0,85,68,44,2760,10501,5.13785,159,16.9531,0,0,5432,17451968901
315.064,3.17395,45.8974,0,85,68,44,2760,10501,5.13785,159,16.9531,0,0,5432,17455143307
456.778,2.18925,45.8974,0,85,68,44,2760,10501,5.13785,159,16.9531,0,0,5432,17457332832
319.21,3.13273,45.8974,0,85,68,44,2760,10501,5.13785,159,16.9531,0,0,5432,17460465928
523.121,1.9116,45.8974,0,85,68,44,2760,10501,5.13785,159,16.9531,0,0,5432,17462377964
372.745,2.6828,45.8974,0,85,68,44,2760,10501,5.13785,159,16.9531,0,0,5432,17465060997
257.999,3.87598,45.8974,0,85,68,44,2760,10501,5.13785,159,16.9531,0,0,5432,17468937233
416.077,2.4034,45.8974,0,85,68,44,2760,10501,5.13785,159,16.9531,0,0,5432,17471340977
623.907,1.6028,45.8974,0,85,68,44,2760,10501,5.13785,159,16.9531,0,0,5432,17472944320
347.441,2.87818,45.8974,0,85,68,44,2760,10501,5.13785,159,16.9531,0,0,5432,17475822676
303.413,3.29583,45.8974,0,85,68,44,2760,10501,5.13785,159,16.9531,0,0,5432,17479118970
326.941,3.05866,45.8974,0,85,68,44,2760,10501,5.13785,159,16.9531,0,0,5432,17482177910
493.665,2.02567,45.8974,0,85,68,44,2760,10501,5.13785,159,16.9531,0,0,5432,17484203949
318.637,3.13837,45.8974,0,85,68,44,2760,10501,5.13785,159,16.9531,0,0,5432,17487342719
516.091,1.93764,45.8974,0,85,68,44,2760,10501,5.13785,159,16.9531,0,0,5432,17489280601
319.316,3.13169,45.8974,0,85,68,44,2760,10501,5.13785,159,16.9531,0,0,5432,17492412620
522.593,1.91354,45.8974,0,85,68,44,2760,10501,5.13785,159,16.9531,0,0,5432,17494326473
381,2.62468,45.8974,0,85,68,44,2760,10501,5.13785,159,16.9531,0,0,5432,17496951562
281.817,3.5484,45.8974,0,85,68,44,2760,10501,5.13785,159,16.9531,0,0,5432,17500500412
333.247,3.00077,45.8974,0,85,68,44,2760,10501,5.13785,159,16.9531,0,0,5432,17503501398
541.959,1.84516,45.8974,0,85,68,44,2760,10501,5.13785,159,16.9531,0,0,5432,17505346998
302.743,3.30313,45.8974,0,85,68,44,2760,10501,5.13785,159,16.9531,0,0,5432,17508650465
523.464,1.91035,45.8974,0,85,68,44,2760,10501,5.13785,159,16.9531,0,0,5432,17510561145
255.157,3.91915,45.8974,0,85,68,44,2760,10501,5.13785,159,16.9531,0,0,5432,17514480643
611.964,1.63408,45.8974,0,85,68,44,2760,10501,5.13785,159,16.9531,0,0,5432,17516114986
363.889,2.74809,45.8974,0,85,68,44,2760,10501,5.13785,159,16.9531,0,0,5432,17518863415
399.562,2.50274,45.8974,0,85,68,44,2760,10501,5.13785,159,16.9531,0,0,5432,17521366452
320.513,3.12,45.8974,0,85,68,44,2760,10501,5.13785,159,16.9531,0,0,5432,17524486855
370.256,2.70083,45.8974,0,85,68,44,2760,10501,5.13785,159,16.9531,0,0,5432,17527188023
349.743,2.85924,45.8974,0,85,68,44,2760,10501,5.13785,159,16.9531,0,0,5432,17530047927
410.726,2.43472,45.8974,0,85,68,44,2760,10501,5.13785,159,16.9531,0,0,5432,17532482913
397.15,2.51794,45.8974,0,85,68,44,2760,10501,5.13785,159,16.9531,0,0,5432,17535001421
307.788,3.24899,45.8974,0,85,68,44,2760,10501,5.13785,159,16.9531,0,0,5432,17538250626
299.329,3.34081,45.8974,0,85,68,44,2760,10501,5.13785,159,16.9531,0,0,5432,17541591749
391.969,2.55122,45.8974,0,85,68,44,2760,10501,5.13785,159,16.9531,0,0,5432,17544143248
465.051,2.1503,45.8974,0,85,68,44,2760,10501,5.13785,159,16.9531,0,0,5432,17546293869
452.125,2.21178,45.8974,0,85,68,44,2760,10501,5.13785,159,16.9531,0,0,5432,17548506087
296.162,3.37653,45.8974,0,85,68,44,2760,10501,5.13785,159,16.9531,0,0,5432,17551882922
506.073,1.976,45.8974,0,85,68,44,2760,10501,5.13785,159,16.9531,0,0,5432,17553859393
289.906,3.4494,45.8974,0,85,68,44,2760,10501,5.13785,159,16.9531,0,0,5432,17557309182
393.608,2.5406,45.8974,0,85,68,44,2760,10501,5.13785,159,16.9531,0,0,5432,17559850239
353.008,2.8328,45.8974,0,85,68,44,2760,10501,5.13785,159,16.9531,0,0,5432,17562683334
471.661,2.12017,45.8974,0,85,68,44,2760,10501,5.13785,159,16.9531,0,0,5432,17564803973
196.705,5.08375,45.8974,0,85,68,44,2760,10501,5.13785,159,16.9531,0,0,5432,17569887952
650.015,1.53843,45.8974,0,85,68,44,2760,10501,5.13785,159,16.9531,0,0,5432,17571426696
459.284,2.1773,45.8974,0,85,68,44,2760,10501,5.13785,159,16.9531,0,0,5432,17573604308
575.205,1.73851,45.8974,0,85,68,44,2760,10501,5.13785,159,16.9531,0,0,5432,17575343251
303.329,3.29675,45.8974,0,85,68,44,2760,10501,5.13785,159,16.9531,0,0,5432,17578640372
354.855,2.81806,45.8974,0,85,68,44,2760,10501,5.13785,159,16.9531,0,0,5432,17581458755
311.852,3.20665,45.8974,0,85,68,44,2760,10501,5.13785,159,16.9531,0,0,5432,17584665921
548.696,1.8225,45.8974,0,85,68,44,2760,10501,5.13785,159,16.9531,0,0,5432,17586488915
204.496,4.89007,45.8974,0,85,68,44,2760,10501,5.13785,159,16.9531,0,0,5432,17591379099
578.266,1.72931,45.8974,0,85,68,44,2760,10501,5.13785,159,16.9531,0,0,5432,17593108946
449.598,2.22421,45.8974,0,85,68,44,2760,10501,5.13785,159,16.9531,0,0,5432,17595333348
518.215,1.9297,45.8974,0,85,68,44,2760,10501,5.13785,159,16.9531,0,0,5432,17597263490
364.235,2.74548,45.8974,0,85,68,44,2760,10501,5.13785,159,16.9531,0,0,5432,17600009361
210.587,4.74863,45.8974,0,85,68,44,2760,10501,5.13785,159,16.9531,0,0,5432,17604758368
1035.64,0.965591,45.8974,0,85,68,44,2760,10501,5.13785,159,16.9531,0,0,5432,17605724227
443.771,2.25341,45.8974,0,85,68,44,2760,10501,5.13785,159,16.9531,0,0,5432,17607978024
306.274,3.26505,45.8974,0,85,68,44,2760,10501,5.13785,159,16.9531,0,0,5432,17611243307
423.671,2.36032,45.8974,0,85,68,44,2760,10501,5.13785,159,16.9531,0,0,5432,17613603964
378.588,2.6414,45.8974,0,85,68,44,2760,10501,5.13785,159,16.9531,0,0,5432,17616245697
354.287,2.82257,45.8974,0,85,68,44,2760,10501,5.13785,159,16.9531,0,0,5432,17619068590
196.638,5.0855,45.8974,0,85,68,44,2760,10501,5.13785,159,16.9531,0,0,5432,17624154694
1377.58,0.72591,45.8974,0,85,68,44,2760,10501,5.13785,159,16.9531,0,0,5432,17624880680
466.62,2.14307,45.8974,0,85,68,44,2760,10501,5.13785,159,16.9531,0,0,5432,17627027743
318.272,3.14196,45.8974,0,85,68,44,2760,10501,5.13785,159,16.9531,0,0,5432,17630166320
333.062,3.00245,45.8974,0,85,68,44,2760,10501,5.13785,159,16.9531,0,0,5432,17633169171
501.415,1.99436,45.8974,0,85,68,44,2760,10501,5.13785,159,16.9531,0,0,5432,17635163854
323.517,3.09103,45.8974,0,85,68,44,2760,10501,5.13785,159,16.9531,0,0,5432,17638255227
532.474,1.87803,45.8974,0,85,68,44,2760,10501,5.13785,159,16.9531,0,0,5432,17640133521
363.144,2.75373,45.8974,0,85,68,44,2760,10501,5.13785,159,16.9531,0,0,5432,17642887595
354.121,2.82389,45.8974,0,85,68,44,2760,10501,5.13785,159,16.9531,0,0,5432,17645711863
261.97,3.81722,45.8974,0,85,68,44,2760,10501,5.13785,159,16.9531,0,0,5432,17649529424
283.362,3.52905,45.8974,0,85,68,44,2760,10501,5.13785,159,16.9531,0,0,5432,17653058928
604.065,1.65545,45.8974,0,85,68,44,2760,10501,5.13785,159,16.9531,0,0,5432,17654714638
391.51,2.55421,45.8974,0,85,68,44,2760,10501,5.13785,159,16.9531,0,0,5432,17657269185
208.253,4.80186,45.8974,0,85,68,44,2760,10501,5.13785,159,16.9531,0,0,5432,17662071395
317.661,3.14801,45.8974,0,85,68,44,2760,10501,5.13785,159,16.9531,0,0,5432,17665219530
341.832,2.92542,45.8974,0,85,68,44,2760,10501,5.13785,159,16.9531,0,0,5432,17668145600
1728.12,0.578664,45.8974,0,85,68,44,2760,10501,5.13785,159,16.9531,0,0,5432,17668724408
427.506,2.33915,45.8974,0,85,68,44,2760,10501,5.13785,159,16.9531,0,0,5432,17671064083
384.696,2.59945,45.8974,0,85,68,44,2760,10501,5.13785,159,16.9531,0,0,5432,17673663824
326.876,3.05927,45.8974,0,85,68,44,2760,10501,5.13785,159,16.9531,0,0,5432,17676723341
393.054,2.54418,45.8974,0,85,68,44,2760,10501,5.13785,159,16.9531,0,0,5432,17679267850
337.045,2.96697,45.8974,0,85,68,44,2760,10501,5.13785,159,16.9531,0,0,5432,17682235036
269.191,3.71484,45.8974,0,85,68,44,2760,10501,5.13785,159,16.9531,0,0,5432,17685950459
518.104,1.93011,45.8974,0,85,68,44,2760,10501,5.13785,159,16.9531,0,0,5432,17687880822
409.769,2.4404,45.8974,0,85,68,44,2760,10501,5.13785,159,16.9531,0,0,5432,17690321559
458.642,2.18035,45.8974,0,85,68,44,2760,10501,5.13785,159,16.9531,0,0,5432,17692502430
264.535,3.78022,45.8974,0,85,68,44,2760,10501,5.13785,159,16.9531,0,0,5432,17696282961
635.901,1.57257,45.8974,0,85,68,44,2760,10501,5.13785,159,16.9531,0,0,5432,17697855687
189.246,5.28414,45.8974,0,85,68,44,2760,10501,5.13785,159,16.9531,0,0,5432,17703140164
399.349,2.50408,45.8974,0,85,68,44,2760,10501,5.13785,159,16.9531,0,0,5432,17705644661
933.709,1.071,45.8974,0,85,68,44,2760,10501,5.13785,159,16.9531,0,0,5432,17706715986
289.353,3.45598,45.8974,0,85,68,44,2760,10501,5.13785,159,16.9531,0,0,5432,17710172468
551.729,1.81248,45.8974,0,85,68,44,2760,10501,5.13785,159,16.9531,0,0,5432,17711985077
194.388,5.14436,45.8974,0,85,68,44,2760,10501,5.13785,159,16.9531,0,0,5432,17717129914
1487.45,0.672292,45.8974,0,85,68,44,2760,10501,5.13785,159,16.9531,0,0,5432,17717802340
518.21,1.92972,45.8974,0,85,68,44,2760,10501,5.13785,159,16.9531,0,0,5432,17719732636
338.281,2.95612,45.8974,0,85,68,44,2760,10501,5.13785,159,16.9531,0,0,5432,17722688880
343.418,2.91191,45.8974,0,85,68,44,2760,10501,5.13785,159,16.9531,0,0,5432,17725601132
356.897,2.80193,45.8974,0,85,68,44,2760,10501,5.13785,159,16.9531,0,0,5432,17728403457
386.384,2.5881,45.8974,0,85,68,44,2760,10501,5.13785,159,16.9531,0,0,5432,17730991766
295.711,3.38168,45.8974,0,85,68,44,2760,10501,5.13785,159,16.9531,0,0,5432,17734373841
518.554,1.92844,45.8974,0,85,68,44,2760,10501,5.13785,159,16.9531,0,0,5432,17736302522
357.295,2.79881,45.8974,0,85,68,44,2760,10501,5.13785,159,16.9531,0,0,5432,17739101693
383.212,2.60952,45.8974,0,85,68,44,2760,10501,5.13785,159,16.9531,0,0,5432,17741711492
361.027,2.76987,45.8974,0,85,68,44,2760,10501,5.13785,159,16.9531,0,0,5432,17744481739
319.284,3.13201,45.8974,0,85,68,44,2760,10501,5.13785,159,16.9531,0,0,5432,17747614191
469.195,2.13131,45.8974,0,85,68,44,2760,10501,5.13785,159,16.9531,0,0,5432,17749745705
368.151,2.71627,45.8974,0,85,68,44,2760,10501,5.13785,159,16.9531,0,0,5432,17752462480
196.212,5.09654,45.8974,0,85,68,44,2760,10501,5.13785,159,16.9531,0,0,5432,17757559382
676.079,1.47912,45.8974,0,85,68,44,2760,10501,5.13785,159,16.9531,0,0,5432,17759038817
577.778,1.73077,45.8974,0,85,68,44,2760,10501,5.13785,159,16.9531,0,0,5432,17760769779
370.481,2.6992,45.8974,0,85,68,44,2760,10501,5.13785,159,16.9531,0,0,5432,17763469350
317.878,3.14586,45.8974,0,85,68,44,2760,10501,5.13785,159,16.9531,0,0,5432,17766615553
402.098,2.48696,45.8974,0,85,68,44,2760,10501,5.13785,159,16.9531,0,0,5432,17769102848
312.478,3.20022,45.8974,0,85,68,44,2760,10501,5.13785,159,16.9531,0,0,5432,17772303408
313.577,3.18901,45.8974,0,85,68,44,2760,10501,5.13785,159,16.9531,0,0,5432,17775492688
607.978,1.6448,45.8974,0,85,68,44,2760,10501,5.13785,159,16.9531,0,0,5432,17777137753
377.201,2.65111,45.8974,0,85,68,44,2760,10501,5.13785,159,16.9531,0,0,5432,17779789391
199.919,5.00201,45.8974,0,85,68,44,2760,10501,5.13785,159,16.9531,0,0,5432,17784791761
897.729,1.11392,45.8974,0,85,68,44,2760,10501,5.13785,159,16.9531,0,0,5432,17785905818
406.43,2.46045,45.8974,0,85,68,44,2760,10501,5.13785,159,16.9531,0,0,5432,17788366728
333.184,3.00134,45.8974,0,85,68,44,2760,10501,5.13785,159,16.9531,0,0,5432,17791368310
393.656,2.54029,45.8974,0,85,68,44,2760,10501,5.13785,159,16.9531,0,0,5432,17793908934
444.555,2.24944,45.8974,0,85,68,44,2760,10501,5.13785,159,16.9531,0,0,5432,17796158654
298.979,3.34472,45.8974,0,85,68,44,2760,10501,5.13785,159,16.9531,0,0,5432,17799506180
456.64,2.18991,45.4897,0,85,68,44,2760,10501,5.13629,165,16.9543,0,0,5438,17801694052
391.705,2.55294,45.4897,0,85,68,44,2760,10501,5.13629,165,16.9543,0,0,5438,17804247215
354.948,2.81732,45.4897,0,85,68,44,2760,10501,5.13629,165,16.9543,0,0,5438,17807065021
257.938,3.8769,45.4897,0,85,68,44,2760,10501,5.13629,165,16.9543,0,0,5438,17810942306
623.297,1.60437,45.4897,0,85,68,44,2760,10501,5.13629,165,16.9543,0,0,5438,17812546850
340.219,2.93928,45.4897,0,85,68,44,2760,10501,5.13629,165,16.9543,0,0,5438,17815486459
400.305,2.49809,45.4897,0,85,68,44,2760,10501,5.13629,165,16.9543,0,0,5438,17817985101
406.417,2.46053,45.4897,0,85,68,44,2760,10501,5.13629,165,16.9543,0,0,5438,17820445838
261.704,3.82111,45.4897,0,85,68,44,2760,10501,5.13629,165,16.9543,0,0,5438,17824267274
509.163,1.96401,45.4897,0,85,68,44,2760,10501,5.13629,165,16.9543,0,0,5438,17826231581
363.256,2.75288,45.4897,0,85,68,44,2760,10501,5.13629,165,16.9543,0,0,5438,17828984952
442.685,2.25894,45.4897,0,85,68,44,2760,10501,5.13629,165,16.9543,0,0,5438,17831244240
328.496,3.04418,45.4897,0,85,68,44,2760,10501,5.13629,165,16.9543,0,0,5438,17834288679
230.184,4.34436,45.4897,0,85,68,44,2760,10501,5.13629,165,16.9543,0,0,5438,17838633431
978.892,1.02156,45.4897,0,85,68,44,2760,10501,5.13629,165,16.9543,0,0,5438,17839655197
426.71,2.34351,45.4897,0,85,68,44,2760,10501,5.13629,165,16.9543,0,0,5438,17841998949
330.654,3.02431,45.4897,0,85,68,44,2760,10501,5.13629,165,16.9543,0,0,5438,17845023829
383.707,2.60615,45.4897,0,85,68,44,2760,10501,5.13629,165,16.9543,0,0,5438,17847630206
325.69,3.0704,45.4897,0,85,68,44,2760,10501,5.13629,165,16.9543,0,0,5438,17850700944
302.085,3.31032,45.4897,0,85,68,44,2760,10501,5.13629,165,16.9543,0,0,5438,17854011863
403.741,2.47683,45.4897,0,85,68,44,2760,10501,5.13629,165,16.9543,0,0,5438,17856489014
385.125,2.59656,45.4897,0,85,68,44,2760,10501,5.13629,165,16.9543,0,0,5438,17859085957
409.554,2.44168,45.4897,0,85,68,44,2760,10501,5.13629,165,16.9543,0,0,5438,17861528068
313.905,3.18567,45.4897,0,85,68,44,2760,10501,5.13629,165,16.9543,0,0,5438,17864714012
451.982,2.21248,45.4897,0,85,68,44,2760,10501,5.13629,165,16.9543,0,0,5438,17866926789
315.045,3.17414,45.4897,0,85,68,44,2760,10501,5.13629,165,16.9543,0,0,5438,17870101251
444.038,2.25206,45.4897,0,85,68,44,2760,10501,5.13629,165,16.9543,0,0,5438,17872353549
401.723,2.48928,45.4897,0,85,68,44,2760,10501,5.13629,165,16.9543,0,0,5438,17874843286
365.473,2.73618,45.4897,0,85,68,44,2760,10501,5.13629,165,16.9543,0,0,5438,17877579782
371.736,2.69008,45.4897,0,85,68,44,2760,10501,5.13629,165,16.9543,0,0,5438,17880270133
281.784,3.54882,45.4897,0,85,68,44,2760,10501,5.13629,165,16.9543,0,0,5438,17883819358
497.789,2.00888,45.4897,0,85,68,44,2760,10501,5.13629,165,16.9543,0,0,5438,17885828464
335.557,2.98012,45.4897,0,85,68,44,2760,10501,5.13629,165,16.9543,0,0,5438,17888808920
228.89,4.36892,45.4897,0,85,68,44,2760,10501,5.13629,165,16.9543,0,0,5438,17893178241
625.942,1.59759,45.4897,0,85,68,44,2760,10501,5.13629,165,16.9543,0,0,5438,17894776141
404.927,2.46958,45.4897,0,85,68,44,2760,10501,5.13629,165,16.9543,0,0,5438,17897246089
396.032,2.52505,45.4897,0,85,68,44,2760,10501,5.13629,165,16.9543,0,0,5438,17899771482
473.941,2.10997,45.4897,0,85,68,44,2760,10501,5.13629,165,16.9543,0,0,5438,17901881707
272.415,3.67086,45.4897,0,85,68,44,2760,10501,5.13629,165,16.9543,0,0,5438,17905552946
483.489,2.0683,45.4897,0,85,68,44,2760,10501,5.13629,165,16.9543,0,0,5438,17907621554
356.834,2.80242,45.4897,0,85,68,44,2760,10501,5.13629,165,16.9543,0,0,5438,17910424303
332.895,3.00395,45.4897,0,85,68,44,2760,10501,5.13629,165,16.9543,0,0,5438,17913428558
409.029,2.44481,45.4897,0,85,68,44,2760,10501,5.13629,165,16.9543,0,0,5438,17915873813
242.286,4.12735,45.4897,0,85,68,44,2760,10501,5.13629,165,16.9543,0,0,5438,17920001616
710.917,1.40663,45.4897,0,85,68,44,2760,10501,5.13629,165,16.9543,0,0,5438,17921408557
292.395,3.42003,45.4897,0,85,68,44,2760,10501,5.13629,165,16.9543,0,0,5438,17924828798
485.423,2.06006,45.4897,0,85,68,44,2760,10501,5.13629,165,16.9543,0,0,5438,17926889271
429.296,2.3294,45.4897,0,85,68,44,2760,10501,5.13629,165,16.9543,0,0,5438,17929218936
317.041,3.15416,45.4897,0,85,68,44,2760,10501,5.13629,165,16.9543,0,0,5438,17932373436
515.653,1.93929,45.4897,0,85,68,44,2760,10501,5.13629,165,16.9543,0,0,5438,17934313165
341.48,2.92843,45.4897,0,85,68,44,2760,10501,5.13629,165,16.9543,0,0,5438,17937241860
379.684,2.63377,45.4897,0,85,68,44,2760,10501,5.13629,165,16.9543,0,0,5438,17939875939
354.954,2.81727,45.4897,0,85,68,44,2760,10501,5.13629,165,16.9543,0,0,5438,17942693525
206.091,4.85223,45.4897,0,85,68,44,2760,10501,5.13629,165,16.9543,0,0,5438,17947546342
534.785,1.86991,45.4897,0,85,68,44,2760,10501,5.13629,165,16.9543,0,0,5438,17949416472
400.515,2.49679,45.4897,0,85,68,44,2760,10501,5.13629,165,16.9543,0,0,5438,17951913614
436.081,2.29315,45.4897,0,85,68,44,2760,10501,5.13629,165,16.9543,0,0,5438,17954207153
462.863,2.16047,45.4897,0,85,68,44,2760,10501,5.13629,165,16.9543,0,0,5438,17956367697
382.617,2.61358,45.4897,0,85,68,44,2760,10501,5.13629,165,16.9543,0,0,5438,17958981622
278.702,3.58806,45.4897,0,85,68,44,2760,10501,5.13629,165,16.9543,0,0,5438,17962570185
257.583,3.88225,45.4897,0,85,68,44,2760,10501,5.13629,165,16.9543,0,0,5438,17966452816
674.636,1.48228,45.4897,0,85,68,44,2760,10501,5.13629,165,16.9543,0,0,5438,17967935221
440.012,2.27266,45.4897,0,85,68,44,2760,10501,5.13629,165,16.9543,0,0,5438,17970208385
271.356,3.6852,45.4897,0,85,68,44,2760,10501,5.13629,165,16.9543,0,0,5438,17973893845
218.39,4.57897,45.4897,0,85,68,44,2760,10501,5.13629,165,16.9543,0,0,5438,17978473346
2408.55,0.415187,45.4897,0,85,68,44,2760,10501,5.13629,165,16.9543,0,0,5438,17978888802
438.234,2.28188,45.4897,0,85,68,44,2760,10501,5.13629,165,16.9543,0,0,5438,17981170946
341.425,2.9289,45.4897,0,85,68,44,2760,10501,5.13629,165,16.9543,0,0,5438,17984100055
391.895,2.5517,45.4897,0,85,68,44,2760,10501,5.13629,165,16.9543,0,0,5438,17986652275
213.071,4.69326,45.4897,0,85,68,44,2760,10501,5.13629,165,16.9543,0,0,5438,17991345943
1235.46,0.809412,45.4897,0,85,68,44,2760,10501,5.13629,165,16.9543,0,0,5438,17992155461
326.103,3.06652,45.4897,0,85,68,44,2760,10501,5.13629,165,16.9543,0,0,5438,17995222631
494.501,2.02224,45.4897,0,85,68,44,2760,10501,5.13629,165,16.9543,0,0,5438,17997245142
213.053,4.69366,45.4897,0,85,68,44,2760,10501,5.13629,165,16.9543,0,0,5438,18001939088
741.159,1.34924,45.4897,0,85,68,44,2760,10501,5.13629,165,16.9543,0,0,5438,18003288817
429.296,2.3294,45.4897,0,85,68,44,2760,10501,5.13629,165,16.9543,0,0,5438,18005618549
382.762,2.61259,45.4897,0,85,68,44,2760,10501,5.13629,165,16.9543,0,0,5438,18008231493
339.358,2.94674,45.4897,0,85,68,44,2760,10501,5.13629,165,16.9543,0,0,5438,18011178640
410.61,2.4354,45.4897,0,85,68,44,2760,10501,5.13629,165,16.9543,0,0,5438,18013614405
401,2.49377,45.4897,0,85,68,44,2760,10501,5.13629,165,16.9543,0,0,5438,18016108518
341.362,2.92944,45.4897,0,85,68,44,2760,10501,5.13629,165,16.9543,0,0,5438,18019038318
321.12,3.1141,45.4897,0,85,68,44,2760,10501,5.13629,165,16.9543,0,0,5438,18022152827
181.864,5.49861,45.4897,0,85,68,44,2760,10501,5.13629,165,16.9543,0,0,5438,18027651801
735.093,1.36037,45.4897,0,85,68,44,2760,10501,5.13629,165,16.9543,0,0,5438,18029012587
717.985,1.39279,45.4897,0,85,68,44,2760,10501,5.13629,165,16.9543,0,0,5438,18030405577
453.547,2.20484,45.4897,0,85,68,44,2760,10501,5.13629,165,16.9543,0,0,5438,18032610641
374.005,2.67376,45.4897,0,85,68,44,2760,10501,5.13629,165,16.9543,0,0,5438,18035284847
350.723,2.85125,45.4897,0,85,68,44,2760,10501,5.13629,165,16.9543,0,0,5438,18038136414
375.313,2.66445,45.4897,0,85,68,44,2760,10501,5.13629,165,16.9543,0,0,5438,18040801206
385.711,2.59262,45.4897,0,85,68,44,2760,10501,5.13629,165,16.9543,0,0,5438,18043394149
337.569,2.96236,45.4897,0,85,68,44,2760,10501,5.13629,165,16.9543,0,0,5438,18046356816
418.777,2.38791,45.4897,0,85,68,44,2760,10501,5.13629,165,16.9543,0,0,5438,18048745156
268.775,3.72059,45.4897,0,85,68,44,2760,10501,5.13629,165,16.9543,0,0,5438,18052466012
229.657,4.35432,45.4897,0,85,68,44,2760,10501,5.13629,165,16.9543,0,0,5438,18056820601
2491.11,0.401427,45.4897,0,85,68,44,2760,10501,5.13629,165,16.9543,0,0,5438,18057222403
386.325,2.58849,45.4897,0,85,68,44,2760,10501,5.13629,165,16.9543,0,0,5438,18059811385
291.178,3.43433,45.4897,0,85,68,44,2760,10501,5.13629,165,16.9543,0,0,5438,18063245847
493.431,2.02663,45.4897,0,85,68,44,2760,10501,5.13629,165,16.9543,0,0,5438,18065272809
421.221,2.37405,45.4897,0,85,68,44,2760,10501,5.13629,165,16.9543,0,0,5438,18067647255
250.345,3.99449,45.4897,0,85,68,44,2760,10501,5.13629,165,16.9543,0,0,5438,18071642235
539.404,1.8539,45.4897,0,85,68,44,2760,10501,5.13629,165,16.9543,0,0,5438,18073496356
343.539,2.91088,45.4897,0,85,68,44,2760,10501,5.13629,165,16.9543,0,0,5438,18076407598
244.625,4.08789,45.4897,0,85,68,44,2760,10501,5.13629,165,16.9543,0,0,5438,18080495745
743.438,1.3451,45.4897,0,85,68,44,2760,10501,5.13629,165,16.9543,0,0,5438,18081841223
403.222,2.48003,45.4897,0,85,68,44,2760,10501,5.13629,165,16.9543,0,0,5438,18084321538
357.305,2.79873,45.4897,0,85,68,44,2760,10501,5.13629,165,16.9543,0,0,5438,18087120603
387.629,2.57979,45.4897,0,85,68,44,2760,10501,5.13629,165,16.9543,0,0,5438,18089700796
335.566,2.98004,45.4897,0,85,68,44,2760,10501,5.13629,165,16.9543,0,0,5438,18092681079
395.8,2.52653,45.4897,0,85,68,44,2760,10501,5.13629,165,16.9543,0,0,5438,18095207953
414.614,2.41188,45.4897,0,85,68,44,2760,10501,5.13629,165,16.9543,0,0,5438,18097620236
338.019,2.95842,45.4897,0,85,68,44,2760,10501,5.13629,165,16.9543,0,0,5438,18100578961
345.134,2.89742,45.4897,0,85,68,44,2760,10501,5.13629,165,16.9543,0,0,5438,18103476625
372.472,2.68476,45.4897,0,85,68,44,2760,10501,5.13629,165,16.9543,0,0,5438,18106161687
340.102,2.94029,45.4897,0,85,68,44,2760,10501,5.13629,165,16.9543,0,0,5438,18109102334
388.204,2.57596,45.4897,0,85,68,44,2760,10501,5.13629,165,16.9543,0,0,5438,18111678738
375.456,2.66343,45.4897,0,85,68,44,2760,10501,5.13629,165,16.9543,0,0,5438,18114342405
467.243,2.14022,45.4897,0,85,68,44,2760,10501,5.13629,165,16.9543,0,0,5438,18116484997
332.663,3.00604,45.4897,0,85,68,44,2760,10501,5.13629,165,16.9543,0,0,5438,18119490415
385.127,2.59655,45.4897,0,85,68,44,2760,10501,5.13629,165,16.9543,0,0,5438,18122087281
340.219,2.93928,45.4897,0,85,68,44,2760,10501,5.13629,165,16.9543,0,0,5438,18125026900
346.167,2.88878,45.4897,0,85,68,44,2760,10501,5.13629,165,16.9543,0,0,5438,18127915930
351.677,2.84352,45.4897,0,85,68,44,2760,10501,5.13629,165,16.9543,0,0,5438,18130759872
325.157,3.07544,45.4897,0,85,68,44,2760,10501,5.13629,165,16.9543,0,0,5438,18133835629
432.538,2.31193,45.4897,0,85,68,44,2760,10501,5.13629,165,16.9543,0,0,5438,18136147880
476.705,2.09773,45.4897,0,85,68,44,2760,10501,5.13629,165,16.9543,0,0,5438,18138245913
348.482,2.86959,45.4897,0,85,68,44,2760,10501,5.13629,165,16.9543,0,0,5438,18141115778
419.869,2.3817,45.4897,0,85,68,44,2760,10501,5.13629,165,16.9543,0,0,5438,18143497820
366.815,2.72617,45.4897,0,85,68,44,2760,10501,5.13629,165,16.9543,0,0,5438,18146224393
362.849,2.75597,45.4897,0,85,68,44,2760,10501,5.13629,165,16.9543,0,0,5438,18148980774
308.418,3.24235,45.4897,0,85,68,44,2760,10501,5.13629,165,16.9543,0,0,5438,18152223412
341.856,2.9252,45.4897,0,85,68,44,2760,10501,5.13629,165,16.9543,0,0,5438,18155149069
466.656,2.14291,45.4897,0,85,68,44,2760,10501,5.13629,165,16.9543,0,0,5438,18157292189
326.52,3.0626,45.4897,0,85,68,44,2760,10501,5.13629,165,16.9543,0,0,5438,18160355090
324.138,3.0851,45.4897,0,85,68,44,2760,10501,5.13629,165,16.9543,0,0,5438,18163440579
553.223,1.80759,45.4897,0,85,68,44,2760,10501,5.13629,165,16.9543,0,0,5438,18165248601
405.211,2.46785,45.4897,0,85,68,44,2760,10501,5.13629,165,16.9543,0,0,5438,18167716646
307.769,3.24919,45.4897,0,85,68,44,2760,10501,5.13629,165,16.9543,0,0,5438,18170966169
304.448,3.28463,45.4897,0,85,68,44,2760,10501,5.13629,165,16.9543,0,0,5438,18174251309
319.844,3.12653,45.4897,0,85,68,44,2760,10501,5.13629,165,16.9543,0,0,5438,18177378058
682.11,1.46604,45.4897,0,85,68,44,2760,10501,5.13629,165,16.9543,0,0,5438,18178844309
339.423,2.94618,45.4897,0,85,68,44,2760,10501,5.13629,165,16.9543,0,0,5438,18181790832
408.417,2.44848,45.4897,0,85,68,44,2760,10501,5.13629,165,16.9543,0,0,5438,18184239809
342.713,2.9179,45.4897,0,85,68,44,2760,10501,5.13629,165,16.9543,0,0,5438,18187157993
199.704,5.0074,45.4897,0,85,68,44,2760,10501,5.13629,165,16.9543,0,0,5438,18192165864
886.125,1.12851,45.4897,0,85,68,44,2760,10501,5.13629,165,16.9543,0,0,5438,18193294604
506.199,1.97551,45.4897,0,85,68,44,2760,10501,5.13629,165,16.9543,0,0,5438,18195270555
397.349,2.51668,45.4897,0,85,68,44,2760,10501,5.13629,165,16.9543,0,0,5438,18197787621
313.111,3.19375,45.4897,0,85,68,44,2760,10501,5.13629,165,16.9543,0,0,5438,18200981613
337.834,2.96003,45.4897,0,85,68,44,2760,10501,5.13629,165,16.9543,0,0,5438,18203941982
437.054,2.28805,45.4897,0,85,68,44,2760,10501,5.13629,165,16.9543,0,0,5438,18206230348
337.488,2.96307,45.4897,0,85,68,44,2760,10501,5.13629,165,16.9543,0,0,5438,18209193717
461.037,2.16902,45.4897,0,85,68,44,2760,10501,5.13629,165,16.9543,0,0,5438,18211363059
384.246,2.6025,45.4897,0,85,68,44,2760,10501,5.13629,165,16.9543,0,0,5438,18213965906
260.567,3.83778,45.4897,0,85,68,44,2760,10501,5.13629,165,16.9543,0,0,5438,18217804007
397.035,2.51867,45.4897,0,85,68,44,2760,10501,5.13629,165,16.9543,0,0,5438,18220322967
379.347,2.63611,45.4897,0,85,68,44,2760,10501,5.13629,165,16.9543,0,0,5438,18222959431
223.238,4.47952,45.4897,0,85,68,44,2760,10501,5.13629,165,16.9543,0,0,5438,18227439245
1382.22,0.723476,45.4897,0,85,68,44,2760,10501,5.13629,165,16.9543,0,0,5438,18228163164
392.665,2.5467,45.4897,0,85,68,44,2760,10501,5.13629,165,16.9543,0,0,5438,18230710105
506.179,1.97559,45.4897,0,85,68,44,2760,10501,5.13629,165,16.9543,0,0,5438,18232686143
310.601,3.21956,45.4897,0,85,68,44,2760,10501,5.13629,165,16.9543,0,0,5438,18235905973
166.796,5.99535,45.4897,0,85,68,44,2760,10501,5.13629,165,16.9543,0,0,5438,18241901800
1428.84,0.699869,45.4897,0,85,68,44,2760,10501,5.13629,165,16.9543,0,0,5438,18242601852
242.193,4.12894,45.4897,0,85,68,44,2760,10501,5.13629,165,16.9543,0,0,5438,18246731213
2029.68,0.492689,45.4897,0,85,68,44,2760,10501,5.13629,165,16.9543,0,0,5438,18247224239
358.175,2.79193,45.4897,0,85,68,44,2760,10501,5.13629,165,16.9543,0,0,5438,18250016506
407.412,2.45451,45.4897,0,85,68,44,2760,10501,5.13629,165,16.9543,0,0,5438,18252471319
357.363,2.79828,45.4897,0,85,68,44,2760,10501,5.13629,165,16.9543,0,0,5438,18255269894
356.504,2.80502,45.4897,0,85,68,44,2760,10501,5.13629,165,16.9543,0,0,5438,18258075412
386.331,2.58845,45.4897,0,85,68,44,2760,10501,5.13629,165,16.9543,0,0,5438,18260664047
338.803,2.95157,45.4897,0,85,68,44,2760,10501,5.13629,165,16.9543,0,0,5438,18263616089
391.882,2.55179,45.4897,0,85,68,44,2760,10501,5.13629,165,16.9543,0,0,5438,18266168137
329.248,3.03723,45.4897,0,85,68,44,2760,10501,5.13629,165,16.9543,0,0,5438,18269205643
374.672,2.669,45.4897,0,85,68,44,2760,10501,5.13629,165,16.9543,0,0,5438,18271875002
374.021,2.67365,45.4897,0,85,68,44,2760,10501,5.13629,165,16.9543,0,0,5438,18274548929
481.632,2.07627,45.4897,0,85,68,44,2760,10501,5.13629,165,16.9543,0,0,5438,18276625489
344.029,2.90673,45.4897,0,85,68,44,2760,10501,5.13629,165,16.9543,0,0,5438,18279532654
306.294,3.26484,45.4897,0,85,68,44,2760,10501,5.13629,165,16.9543,0,0,5438,18282797774
418.966,2.38683,45.4897,0,85,68,44,2760,10501,5.13629,165,16.9543,0,0,5438,18285184980
352.438,2.83737,45.4897,0,85,68,44,2760,10501,5.13629,165,16.9543,0,0,5438,18288022739
337.802,2.96031,45.4897,0,85,68,44,2760,10501,5.13629,165,16.9543,0,0,5438,18290983454
444.365,2.2504,45.4897,0,85,68,44,2760,10501,5.13629,165,16.9543,0,0,5438,18293234097
210.011,4.76165,45.4897,0,85,68,44,2760,10501,5.13629,165,16.9543,0,0,5438,18297996007
662.457,1.50953,45.4897,0,85,68,44,2760,10501,5.13629,165,16.9543,0,0,5438,18299508356
543.378,1.84034,46.7681,0,85,67,44,2760,10501,5.13629,166,16.9531,0,0,5433,18301346457
310.697,3.21857,46.7681,0,85,67,44,2760,10501,5.13629,166,16.9531,0,0,5433,18304565440
539.091,1.85498,46.7681,0,85,67,44,2760,10501,5.13629,166,16.9531,0,0,5433,18306420753
318.017,3.14449,46.7681,0,85,67,44,2760,10501,5.13629,166,16.9531,0,0,5433,18309565599
453.26,2.20624,46.7681,0,85,67,44,2760,10501,5.13629,166,16.9531,0,0,5433,18311772135
318.307,3.14162,46.7681,0,85,67,44,2760,10501,5.13629,166,16.9531,0,0,5433,18314914385
394.314,2.53605,46.7681,0,85,67,44,2760,10501,5.13629,166,16.9531,0,0,5433,18317450432
390.907,2.55815,46.7681,0,85,67,44,2760,10501,5.13629,166,16.9531,0,0,5433,18320008922
366.105,2.73146,46.7681,0,85,67,44,2760,10501,5.13629,166,16.9531,0,0,5433,18322740832
256.844,3.89341,46.7681,0,85,67,44,2760,10501,5.13629,166,16.9531,0,0,5433,18326634405
449.458,2.2249,46.7681,0,85,67,44,2760,10501,5.13629,166,16.9531,0,0,5433,18328859682
276.345,3.61867,46.7681,0,85,67,44,2760,10501,5.13629,166,16.9531,0,0,5433,18332478679
703.911,1.42063,46.7681,0,85,67,44,2760,10501,5.13629,166,16.9531,0,0,5433,18333899640
251.493,3.97626,46.7681,0,85,67,44,2760,10501,5.13629,166,16.9531,0,0,5433,18337876197
599.804,1.66721,46.7681,0,85,67,44,2760,10501,5.13629,166,16.9531,0,0,5433,18339543725
267.93,3.73232,46.7681,0,85,67,44,2760,10501,5.13629,166,16.9531,0,0,5433,18343276408
572.889,1.74554,46.7681,0,85,67,44,2760,10501,5.13629,166,16.9531,0,0,5433,18345022217
422.515,2.36678,46.7681,0,85,67,44,2760,10501,5.13629,166,16.9531,0,0,5433,18347389306
152.06,6.57637,46.7681,0,85,67,44,2760,10501,5.13629,166,16.9531,0,0,5433,18353966067
474.679,2.10669,46.7681,0,85,67,44,2760,10501,5.13629,166,16.9531,0,0,5433,18356073128
485.931,2.05791,46.7681,0,85,67,44,2760,10501,5.13629,166,16.9531,0,0,5433,18358131438
656.328,1.52363,46.7681,0,85,67,44,2760,10501,5.13629,166,16.9531,0,0,5433,18359655470
263.773,3.79114,46.7681,0,85,67,44,2760,10501,5.13629,166,16.9531,0,0,5433,18363446799
507.81,1.96924,46.7681,0,85,67,44,2760,10501,5.13629,166,16.9531,0,0,5433,18365416356
365.611,2.73515,46.7681,0,85,67,44,2760,10501,5.13629,166,16.9531,0,0,5433,18368152016
347.239,2.87986,46.7681,0,85,67,44,2760,10501,5.13629,166,16.9531,0,0,5433,18371034901
269.493,3.71067,46.7681,0,85,67,44,2760,10501,5.13629,166,16.9531,0,0,5433,18374743026
591.205,1.69146,46.7681,0,85,67,44,2760,10501,5.13629,166,16.9531,0,0,5433,18376434843
252.31,3.96338,46.7681,0,85,67,44,2760,10501,5.13629,166,16.9531,0,0,5433,18380398563
357.099,2.80034,46.7681,0,85,67,44,2760,10501,5.13629,166,16.9531,0,0,5433,18383199311
639.499,1.56372,46.7681,0,85,67,44,2760,10501,5.13629,166,16.9531,0,0,5433,18384763306
425.943,2.34773,46.7681,0,85,67,44,2760,10501,5.13629,166,16.9531,0,0,5433,18387111357
228.359,4.37906,46.7681,0,85,67,44,2760,10501,5.13629,166,16.9531,0,0,5433,18391490937
535.047,1.869,46.7681,0,85,67,44,2760,10501,5.13629,166,16.9531,0,0,5433,18393360221
539.765,1.85266,46.7681,0,85,67,44,2760,10501,5.13629,166,16.9531,0,0,5433,18395213274
276.029,3.62281,46.7681,0,85,67,44,2760,10501,5.13629,166,16.9531,0,0,5433,18398836396
543.645,1.83944,46.7681,0,85,67,44,2760,10501,5.13629,166,16.9531,0,0,5433,18400676121
341.528,2.92802,46.7681,0,85,67,44,2760,10501,5.13629,166,16.9531,0,0,5433,18403604441
290.481,3.44257,46.7681,0,85,67,44,2760,10501,5.13629,166,16.9531,0,0,5433,18407047336
553.029,1.80823,46.7681,0,85,67,44,2760,10501,5.13629,166,16.9531,0,0,5433,18408855926
380.126,2.6307,46.7681,0,85,67,44,2760,10501,5.13629,166,16.9531,0,0,5433,18411487034
386.394,2.58803,46.7681,0,85,67,44,2760,10501,5.13629,166,16.9531,0,0,5433,18414075621
224.572,4.45292,46.7681,0,85,67,44,2760,10501,5.13629,166,16.9531,0,0,5433,18418528896
679.028,1.47269,46.7681,0,85,67,44,2760,10501,5.13629,166,16.9531,0,0,5433,18420001965
443.134,2.25665,46.7681,0,85,67,44,2760,10501,5.13629,166,16.9531,0,0,5433,18422259099
343.852,2.90823,46.7681,0,85,67,44,2760,10501,5.13629,166,16.9531,0,0,5433,18425167764
304,3.28948,46.7681,0,85,67,44,2760,10501,5.13629,166,16.9531,0,0,5433,18428457644
548.155,1.8243,46.7681,0,85,67,44,2760,10501,5.13629,166,16.9531,0,0,5433,18430282388
217.596,4.59566,46.7681,0,85,67,44,2760,10501,5.13629,166,16.9531,0,0,5433,18434878322
1539.73,0.649464,46.7681,0,85,67,44,2760,10501,5.13629,166,16.9531,0,0,5433,18435528036
310.465,3.22097,46.7681,0,85,67,44,2760,10501,5.13629,166,16.9531,0,0,5433,18438749299
331.607,3.01562,46.7681,0,85,67,44,2760,10501,5.13629,166,16.9531,0,0,5433,18441765237
439.202,2.27685,46.7681,0,85,67,44,2760,10501,5.13629,166,16.9531,0,0,5433,18444042467
385.817,2.5919,46.7681,0,85,67,44,2760,10501,5.13629,166,16.9531,0,0,5433,18446634814
312.848,3.19644,46.7681,0,85,67,44,2760,10501,5.13629,166,16.9531,0,0,5433,18449831499
305.245,3.27605,46.7681,0,85,67,44,2760,10501,5.13629,166,16.9531,0,0,5433,18453107994
480.997,2.07901,46.7681,0,85,67,44,2760,10501,5.13629,166,16.9531,0,0,5433,18455187343
315.538,3.16919,46.7681,0,85,67,44,2760,10501,5.13629,166,16.9531,0,0,5433,18458356979
481.144,2.07838,46.7681,0,85,67,44,2760,10501,5.13629,166,16.9531,0,0,5433,18460435491
400.825,2.49485,46.7681,0,85,67,44,2760,10501,5.13629,166,16.9531,0,0,5433,18462930690
302.321,3.30774,46.7681,0,85,67,44,2760,10501,5.13629,166,16.9531,0,0,5433,18466238821
413.231,2.41996,46.7681,0,85,67,44,2760,10501,5.13629,166,16.9531,0,0,5433,18468659133
363.525,2.75084,46.7681,0,85,67,44,2760,10501,5.13629,166,16.9531,0,0,5433,18471410380
437.146,2.28757,46.7681,0,85,67,44,2760,10501,5.13629,166,16.9531,0,0,5433,18473698217
311.87,3.20646,46.7681,0,85,67,44,2760,10501,5.13629,166,16.9531,0,0,5433,18476904786
366.065,2.73176,46.7681,0,85,67,44,2760,10501,5.13629,166,16.9531,0,0,5433,18479637080
405.492,2.46614,46.7681,0,85,67,44,2760,10501,5.13629,166,16.9531,0,0,5433,18482103529
359.413,2.78232,46.7681,0,85,67,44,2760,10501,5.13629,166,16.9531,0,0,5433,18484886123
224.046,4.46336,46.7681,0,85,67,44,2760,10501,5.13629,166,16.9531,0,0,5433,18489349821
731.211,1.36759,46.7681,0,85,67,44,2760,10501,5.13629,166,16.9531,0,0,5433,18490717858
449.783,2.2233,46.7681,0,85,67,44,2760,10501,5.13629,166,16.9531,0,0,5433,18492941548
394.481,2.53498,46.7681,0,85,67,44,2760,10501,5.13629,166,16.9531,0,0,5433,18495476768
265.284,3.76954,46.7681,0,85,67,44,2760,10501,5.13629,166,16.9531,0,0,5433,18499246664
506.66,1.97371,46.7681,0,85,67,44,2760,10501,5.13629,166,16.9531,0,0,5433,18501220827
335.53,2.98036,46.7681,0,85,67,44,2760,10501,5.13629,166,16.9531,0,0,5433,18504201495
480.662,2.08047,46.7681,0,85,67,44,2760,10501,5.13629,166,16.9531,0,0,5433,18506282209
323.413,3.09202,46.7681,0,85,67,44,2760,10501,5.13629,166,16.9531,0,0,5433,18509374534
365.448,2.73637,46.7681,0,85,67,44,2760,10501,5.13629,166,16.9531,0,0,5433,18512111290
313.603,3.18874,46.7681,0,85,67,44,2760,10501,5.13629,166,16.9531,0,0,5433,18515300503
251.845,3.97069,46.7681,0,85,67,44,2760,10501,5.13629,166,16.9531,0,0,5433,18519271397
980.97,1.0194,46.7681,0,85,67,44,2760,10501,5.13629,166,16.9531,0,0,5433,18520291123
440.577,2.26975,46.7681,0,85,67,44,2760,10501,5.13629,166,16.9531,0,0,5433,18522561113
220.151,4.54234,46.7681,0,85,67,44,2760,10501,5.13629,166,16.9531,0,0,5433,18527103978
1787.19,0.559539,46.7681,0,85,67,44,2760,10501,5.13629,166,16.9531,0,0,5433,18527663679
371.234,2.69372,46.7681,0,85,67,44,2760,10501,5.13629,166,16.9531,0,0,5433,18530357943
342.033,2.9237,46.7681,0,85,67,44,2760,10501,5.13629,166,16.9531,0,0,5433,18533281705
335.563,2.98006,46.7681,0,85,67,44,2760,10501,5.13629,166,16.9531,0,0,5433,18536262123
222.365,4.4971,46.7681,0,85,67,44,2760,10501,5.13629,166,16.9531,0,0,5433,18540759573
504.272,1.98306,46.7681,0,85,67,44,2760,10501,5.13629,166,16.9531,0,0,5433,18542742938
329.351,3.03628,46.7681,0,85,67,44,2760,10501,5.13629,166,16.9531,0,0,5433,18545779521
545.409,1.83349,46.7681,0,85,67,44,2760,10501,5.13629,166,16.9531,0,0,5433,18547613361
445.393,2.24521,46.7681,0,85,67,44,2760,10501,5.13629,166,16.9531,0,0,5433,18549859024
317.345,3.15114,46.7681,0,85,67,44,2760,10501,5.13629,166,16.9531,0,0,5433,18553010505
304.901,3.27976,46.7681,0,85,67,44,2760,10501,5.13629,166,16.9531,0,0,5433,18556290692
433.528,2.30665,46.7681,0,85,67,44,2760,10501,5.13629,166,16.9531,0,0,5433,18558597674
378.685,2.64071,46.7681,0,85,67,44,2760,10501,5.13629,166,16.9531,0,0,5433,18561238571
367.397,2.72185,46.7681,0,85,67,44,2760,10501,5.13629,166,16.9531,0,0,5433,18563960739
362.763,2.75662,46.7681,0,85,67,44,2760,10501,5.13629,166,16.9531,0,0,5433,18566717630
303.051,3.29977,46.7681,0,85,67,44,2760,10501,5.13629,166,16.9531,0,0,5433,18570017732
314.503,3.17962,46.7681,0,85,67,44,2760,10501,5.13629,166,16.9531,0,0,5433,18573197791
498.524,2.00592,46.7681,0,85,67,44,2760,10501,5.13629,166,16.9531,0,0,5433,18575204041
336.795,2.96917,46.7681,0,85,67,44,2760,10501,5.13629,166,16.9531,0,0,5433,18578173612
627.025,1.59483,46.7681,0,85,67,44,2760,10501,5.13629,166,16.9531,0,0,5433,18579768714
317.406,3.15054,46.7681,0,85,67,44,2760,10501,5.13629,166,16.9531,0,0,5433,18582919580
396.186,2.52407,46.7681,0,85,67,44,2760,10501,5.13629,166,16.9531,0,0,5433,18585443973
250.388,3.99381,46.7681,0,85,67,44,2760,10501,5.13629,166,16.9531,0,0,5433,18589438194
514.949,1.94194,46.7681,0,85,67,44,2760,10501,5.13629,166,16.9531,0,0,5433,18591380490
676.849,1.47743,46.7681,0,85,67,44,2760,10501,5.13629,166,16.9531,0,0,5433,18592858165
178.784,5.59334,46.7681,0,85,67,44,2760,10501,5.13629,166,16.9531,0,0,5433,18598451988
2464.72,0.405725,46.7681,0,85,67,44,2760,10501,5.13629,166,16.9531,0,0,5433,18598857559
478.924,2.08801,46.7681,0,85,67,44,2760,10501,5.13629,166,16.9531,0,0,5433,18600946159
329.344,3.03634,46.7681,0,85,67,44,2760,10501,5.13629,166,16.9531,0,0,5433,18603982703
217.473,4.59827,46.7681,0,85,67,44,2760,10501,5.13629,166,16.9531,0,0,5433,18608581493
1305.29,0.766112,46.7681,0,85,67,44,2760,10501,5.13629,166,16.9531,0,0,5433,18609347855
346.445,2.88646,46.7681,0,85,67,44,2760,10501,5.13629,166,16.9531,0,0,5433,18612234674
371.59,2.69114,46.7681,0,85,67,44,2760,10501,5.13629,166,16.9531,0,0,5433,18614926110
271.866,3.67829,46.7681,0,85,67,44,2760,10501,5.13629,166,16.9531,0,0,5433,18618604879
619.348,1.6146,46.7681,0,85,67,44,2760,10501,5.13629,166,16.9531,0,0,5433,18620219702
276.762,3.61321,46.7681,0,85,67,44,2760,10501,5.13629,166,16.9531,0,0,5433,18623833449
579.051,1.72696,46.7681,0,85,67,44,2760,10501,5.13629,166,16.9531,0,0,5433,18625560498
384.438,2.6012,46.7681,0,85,67,44,2760,10501,5.13629,166,16.9531,0,0,5433,18628162018
413.714,2.41713,46.7681,0,85,67,44,2760,10501,5.13629,166,16.9531,0,0,5433,18630579542
277.934,3.59798,46.7681,0,85,67,44,2760,10501,5.13629,166,16.9531,0,0,5433,18634177884
478.321,2.09065,46.7681,0,85,67,44,2760,10501,5.13629,166,16.9531,0,0,5433,18636268762
376.559,2.65563,46.7681,0,85,67,44,2760,10501,5.13629,166,16.9531,0,0,5433,18638924736
343.895,2.90787,46.7681,0,85,67,44,2760,10501,5.13629,166,16.9531,0,0,5433,18641833085
376.698,2.65465,46.7681,0,85,67,44,2760,10501,5.13629,166,16.9531,0,0,5433,18644487876
336.481,2.97194,46.7681,0,85,67,44,2760,10501,5.13629,166,16.9531,0,0,5433,18647460168
282.141,3.54433,46.7681,0,85,67,44,2760,10501,5.13629,166,16.9531,0,0,5433,18651004922
563.765,1.77379,46.7681,0,85,67,44,2760,10501,5.13629,166,16.9531,0,0,5433,18652778934
397.858,2.51346,46.7681,0,85,67,44,2760,10501,5.13629,166,16.9531,0,0,5433,18655292807
246.61,4.05498,46.7681,0,85,67,44,2760,10501,5.13629,166,16.9531,0,0,5433,18659348165
720.761,1.38742,46.7681,0,85,67,44,2760,10501,5.13629,166,16.9531,0,0,5433,18660735885
287.758,3.47515,46.7681,0,85,67,44,2760,10501,5.13629,166,16.9531,0,0,5433,18664211291
333.275,3.00052,46.7681,0,85,67,44,2760,10501,5.13629,166,16.9531,0,0,5433,18667212267
555.896,1.7989,46.7681,0,85,67,44,2760,10501,5.13629,166,16.9531,0,0,5433,18669011423
328.132,3.04755,46.7681,0,85,67,44,2760,10501,5.13629,166,16.9531,0,0,5433,18672059267
352.927,2.83345,46.7681,0,85,67,44,2760,10501,5.13629,166,16.9531,0,0,5433,18674893131
218.093,4.58519,46.7681,0,85,67,44,2760,10501,5.13629,166,16.9531,0,0,5433,18679478690
602.448,1.65989,46.7681,0,85,67,44,2760,10501,5.13629,166,16.9531,0,0,5433,18681138909
458.785,2.17967,46.7681,0,85,67,44,2760,10501,5.13629,166,16.9531,0,0,5433,18683318781
493.742,2.02535,46.7681,0,85,67,44,2760,10501,5.13629,166,16.9531,0,0,5433,18685344416
264.094,3.78653,46.7681,0,85,67,44,2760,10501,5.13629,166,16.9531,0,0,5433,18689131226
582.297,1.71734,46.7681,0,85,67,44,2760,10501,5.13629,166,16.9531,0,0,5433,18690849150
370.446,2.69945,46.7681,0,85,67,44,2760,10501,5.13629,166,16.9531,0,0,5433,18693548798
427.226,2.34068,46.7681,0,85,67,44,2760,10501,5.13629,166,16.9531,0,0,5433,18695889772
308.101,3.24569,46.7681,0,85,67,44,2760,10501,5.13629,166,16.9531,0,0,5433,18699135746
248.594,4.02262,46.7681,0,85,67,44,2760,10501,5.13629,166,16.9531,0,0,5433,18703158680
283.448,3.52798,46.7681,0,85,67,44,2760,10501,5.13629,166,16.9531,0,0,5433,18706687164
778.994,1.28371,46.7681,0,85,67,44,2760,10501,5.13629,166,16.9531,0,0,5433,18707971236
585.299,1.70853,46.7681,0,85,67,44,2760,10501,5.13629,166,16.9531,0,0,5433,18709679900
305.903,3.26901,46.7681,0,85,67,44,2760,10501,5.13629,166,16.9531,0,0,5433,18712949183
306.182,3.26603,46.7681,0,85,67,44,2760,10501,5.13629,166,16.9531,0,0,5433,18716215543
580.629,1.72227,46.7681,0,85,67,44,2760,10501,5.13629,166,16.9531,0,0,5433,18717938274
328.421,3.04487,46.7681,0,85,67,44,2760,10501,5.13629,166,16.9531,0,0,5433,18720983531
411.341,2.43107,46.7681,0,85,67,44,2760,10501,5.13629,166,16.9531,0,0,5433,18723414978
326.557,3.06226,46.7681,0,85,67,44,2760,10501,5.13629,166,16.9531,0,0,5433,18726477552
353.505,2.82882,46.7681,0,85,67,44,2760,10501,5.13629,166,16.9531,0,0,5433,18729306657
278.702,3.58806,46.7681,0,85,67,44,2760,10501,5.13629,166,16.9531,0,0,5433,18732895047
543.304,1.84059,46.7681,0,85,67,44,2760,10501,5.13629,166,16.9531,0,0,5433,18734735917
397.394,2.51639,46.7681,0,85,67,44,2760,10501,5.13629,166,16.9531,0,0,5433,18737252665
362.249,2.76054,46.7681,0,85,67,44,2760,10501,5.13629,166,16.9531,0,0,5433,18740013518
282.786,3.53624,46.7681,0,85,67,44,2760,10501,5.13629,166,16.9531,0,0,5433,18743550070
568.474,1.7591,46.7681,0,85,67,44,2760,10501,5.13629,166,16.9531,0,0,5433,18745309418
345.615,2.89339,46.7681,0,85,67,44,2760,10501,5.13629,166,16.9531,0,0,5433,18748203169
380.927,2.62517,46.7681,0,85,67,44,2760,10501,5.13629,166,16.9531,0,0,5433,18750828623
443.121,2.25672,46.7681,0,85,67,44,2760,10501,5.13629,166,16.9531,0,0,5433,18753085795
365.908,2.73293,46.7681,0,85,67,44,2760,10501,5.13629,166,16.9531,0,0,5433,18755818974
158.969,6.29052,46.7681,0,85,67,44,2760,10501,5.13629,166,16.9531,0,0,5433,18762109984
1856.65,0.538605,46.7681,0,85,67,44,2760,10501,5.13629,166,16.9531,0,0,5433,18762648800
596.054,1.6777,46.7681,0,85,67,44,2760,10501,5.13629,166,16.9531,0,0,5433,18764326866
318.844,3.13633,46.7681,0,85,67,44,2760,10501,5.13629,166,16.9531,0,0,5433,18767463635
387.62,2.57985,46.7681,0,85,67,44,2760,10501,5.13629,166,16.9531,0,0,5433,18770043790
355.059,2.81643,46.7681,0,85,67,44,2760,10501,5.13629,166,16.9531,0,0,5433,18772860481
406.011,2.46299,46.7681,0,85,67,44,2760,10501,5.13629,166,16.9531,0,0,5433,18775323756
332.242,3.00985,46.7681,0,85,67,44,2760,10501,5.13629,166,16.9531,0,0,5433,18778333877
415.921,2.4043,46.7681,0,85,67,44,2760,10501,5.13629,166,16.9531,0,0,5433,18780738496
334.71,2.98766,46.7681,0,85,67,44,2760,10501,5.13629,166,16.9531,0,0,5433,18783726530
319.019,3.13461,46.7681,0,85,67,44,2760,10501,5.13629,166,16.9531,0,0,5433,18786861385
233.592,4.28097,46.7681,0,85,67,44,2760,10501,5.13629,166,16.9531,0,0,5433,18791142693
411.364,2.43094,46.7681,0,85,67,44,2760,10501,5.13629,166,16.9531,0,0,5433,18793599747
944.084,1.05923,46.7681,0,85,67,44,2760,10501,5.13629,166,16.9531,0,0,5433,18794658965
366.374,2.72945,46.7681,0,85,67,44,2760,10501,5.13629,166,16.9531,0,0,5433,18797388730
428.154,2.33561,46.7681,0,85,67,44,2760,10501,5.13629,166,16.9531,0,0,5433,18799726463
387.095,2.58335,46.7089,0,85,67,44,2760,10501,5.13629,166,16.9526,0,0,5427,18802308396
343.197,2.91378,46.7089,0,85,67,44,2760,10501,5.13629,166,16.9526,0,0,5427,18805222533
383.842,2.60524,46.7089,0,85,67,44,2760,10501,5.13629,166,16.9526,0,0,5427,18807828207
274.451,3.64364,46.7089,0,85,67,44,2760,10501,5.13629,166,16.9526,0,0,5427,18811472186
445.353,2.24541,46.7089,0,85,67,44,2760,10501,5.13629,166,16.9526,0,0,5427,18813717915
455.103,2.1973,46.7089,0,85,67,44,2760,10501,5.13629,166,16.9526,0,0,5427,18815915566
391.838,2.55208,46.7089,0,85,67,44,2760,10501,5.13629,166,16.9526,0,0,5427,18818468085
194.415,5.14363,46.7089,0,85,67,44,2760,10501,5.13629,166,16.9526,0,0,5427,18823612172
640.684,1.56083,46.7089,0,85,67,44,2760,10501,5.13629,166,16.9526,0,0,5427,18825173186
572.614,1.74638,46.7089,0,85,67,44,2760,10501,5.13629,166,16.9526,0,0,5427,18826919879
340.544,2.93647,46.7089,0,85,67,44,2760,10501,5.13629,166,16.9526,0,0,5427,18829856690
332.027,3.0118,46.7089,0,85,67,44,2760,10501,5.13629,166,16.9526,0,0,5427,18832869195
511.009,1.95691,46.7089,0,85,67,44,2760,10501,5.13629,166,16.9526,0,0,5427,18834826165
362.091,2.76174,46.7089,0,85,67,44,2760,10501,5.13629,166,16.9526,0,0,5427,18837588248
219.367,4.55858,46.7089,0,85,67,44,2760,10501,5.13629,166,16.9526,0,0,5427,18842147287
522.716,1.91308,46.7089,0,85,67,44,2760,10501,5.13629,166,16.9526,0,0,5427,18844060851
531.207,1.88251,46.7089,0,85,67,44,2760,10501,5.13629,166,16.9526,0,0,5427,18845943559
357.487,2.79731,46.7089,0,85,67,44,2760,10501,5.13629,166,16.9526,0,0,5427,18848741124
335.865,2.97739,46.7089,0,85,67,44,2760,10501,5.13629,166,16.9526,0,0,5427,18851718850
273.856,3.65156,46.7089,0,85,67,44,2760,10501,5.13629,166,16.9526,0,0,5427,18855370713
597.262,1.67431,46.7089,0,85,67,44,2760,10501,5.13629,166,16.9526,0,0,5427,18857045491
384.101,2.60348,46.7089,0,85,67,44,2760,10501,5.13629,166,16.9526,0,0,5427,18859649155
359.347,2.78282,46.7089,0,85,67,44,2760,10501,5.13629,166,16.9526,0,0,5427,18862432316
355.881,2.80993,46.7089,0,85,67,44,2760,10501,5.13629,166,16.9526,0,0,5427,18865242584
290.965,3.43684,46.7089,0,85,67,44,2760,10501,5.13629,166,16.9526,0,0,5427,18868679921
511.177,1.95627,46.7089,0,85,67,44,2760,10501,5.13629,166,16.9526,0,0,5427,18870636324
303.406,3.29591,46.7089,0,85,67,44,2760,10501,5.13629,166,16.9526,0,0,5427,18873932733
519.284,1.92573,46.7089,0,85,67,44,2760,10501,5.13629,166,16.9526,0,0,5427,18875858653
339.548,2.94509,46.7089,0,85,67,44,2760,10501,5.13629,166,16.9526,0,0,5427,18878804060
385.809,2.59195,46.7089,0,85,67,44,2760,10501,5.13629,166,16.9526,0,0,5427,18881396321
359.047,2.78515,46.7089,0,85,67,44,2760,10501,5.13629,166,16.9526,0,0,5427,18884181780
324.133,3.08515,46.7089,0,85,67,44,2760,10501,5.13629,166,16.9526,0,0,5427,18887267240
459.085,2.17825,46.7089,0,85,67,44,2760,10501,5.13629,166,16.9526,0,0,5427,18889445832
353.685,2.82737,46.7089,0,85,67,44,2760,10501,5.13629,166,16.9526,0,0,5427,18892273495
313.147,3.19339,46.7089,0,85,67,44,2760,10501,5.13629,166,16.9526,0,0,5427,18895467266
553.096,1.808,46.7089,0,85,67,44,2760,10501,5.13629,166,16.9526,0,0,5427,18897275529
388.368,2.57488,46.7089,0,85,67,44,2760,10501,5.13629,166,16.9526,0,0,5427,18899850808
254.866,3.92362,46.7089,0,85,67,44,2760,10501,5.13629,166,16.9526,0,0,5427,18903774988
523.127,1.91158,46.7089,0,85,67,44,2760,10501,5.13629,166,16.9526,0,0,5427,18905686687
355.145,2.81575,46.7089,0,85,67,44,2760,10501,5.13629,166,16.9526,0,0,5427,18908502850
381.452,2.62156,46.7089,0,85,67,44,2760,10501,5.13629,166,16.9526,0,0,5427,18911124919
357.627,2.79621,46.7089,0,85,67,44,2760,10501,5.13629,166,16.9526,0,0,5427,18913921427
366.932,2.7253,46.7089,0,85,67,44,2760,10501,5.13629,166,16.9526,0,0,5427,18916647124
224.788,4.44863,46.7089,0,85,67,44,2760,10501,5.13629,166,16.9526,0,0,5427,18921096226
654.584,1.52769,46.7089,0,85,67,44,2760,10501,5.13629,166,16.9526,0,0,5427,18922624085
481.597,2.07643,46.7089,0,85,67,44,2760,10501,5.13629,166,16.9526,0,0,5427,18924700771
349.507,2.86117,46.7089,0,85,67,44,2760,10501,5.13629,166,16.9526,0,0,5427,18927562280
415.356,2.40757,46.7089,0,85,67,44,2760,10501,5.13629,166,16.9526,0,0,5427,18929970304
352.114,2.83999,46.7089,0,85,67,44,2760,10501,5.13629,166,16.9526,0,0,5427,18932810486
332.367,3.00873,46.7089,0,85,67,44,2760,10501,5.13629,166,16.9526,0,0,5427,18935819664
225.068,4.44309,46.7089,0,85,67,44,2760,10501,5.13629,166,16.9526,0,0,5427,18940263228
318.739,3.13737,46.7089,0,85,67,44,2760,10501,5.13629,166,16.9526,0,0,5427,18943400901
1077.29,0.928252,46.7089,0,85,67,44,2760,10501,5.13629,166,16.9526,0,0,5427,18944329355
512.525,1.95112,46.7089,0,85,67,44,2760,10501,5.13629,166,16.9526,0,0,5427,18946280930
271.2,3.68732,46.7089,0,85,67,44,2760,10501,5.13629,166,16.9526,0,0,5427,18949968651
469.971,2.12779,46.7089,0,85,67,44,2760,10501,5.13629,166,16.9526,0,0,5427,18952096665
390.373,2.56165,46.7089,0,85,67,44,2760,10501,5.13629,166,16.9526,0,0,5427,18954658617
385.365,2.59494,46.7089,0,85,67,44,2760,10501,5.13629,166,16.9526,0,0,5427,18957254089
346.295,2.88771,46.7089,0,85,67,44,2760,10501,5.13629,166,16.9526,0,0,5427,18960141946
278.523,3.59037,46.7089,0,85,67,44,2760,10501,5.13629,166,16.9526,0,0,5427,18963732749
533.053,1.87599,46.7089,0,85,67,44,2760,10501,5.13629,166,16.9526,0,0,5427,18965609053
374.98,2.66681,46.7089,0,85,67,44,2760,10501,5.13629,166,16.9526,0,0,5427,18968276239
359.998,2.7778,46.7089,0,85,67,44,2760,10501,5.13629,166,16.9526,0,0,5427,18971054256
342.625,2.91865,46.7089,0,85,67,44,2760,10501,5.13629,166,16.9526,0,0,5427,18973973508
231.252,4.32429,46.7089,0,85,67,44,2760,10501,5.13629,166,16.9526,0,0,5427,18978298269
858.738,1.1645,46.7089,0,85,67,44,2760,10501,5.13629,166,16.9526,0,0,5427,18979462924
400.699,2.49564,46.7089,0,85,67,44,2760,10501,5.13629,166,16.9526,0,0,5427,18981958825
221.401,4.51669,46.7089,0,85,67,44,2760,10501,5.13629,166,16.9526,0,0,5427,18986476064
1375.96,0.726765,46.7089,0,85,67,44,2760,10501,5.13629,166,16.9526,0,0,5427,18987203059
359.971,2.778,46.7089,0,85,67,44,2760,10501,5.13629,166,16.9526,0,0,5427,18989981317
380.828,2.62586,46.7089,0,85,67,44,2760,10501,5.13629,166,16.9526,0,0,5427,18992607578
360.092,2.77707,46.7089,0,85,67,44,2760,10501,5.13629,166,16.9526,0,0,5427,18995384931
366.845,2.72595,46.7089,0,85,67,44,2760,10501,5.13629,166,16.9526,0,0,5427,18998111215
321.722,3.10827,46.7089,0,85,67,44,2760,10501,5.13629,166,16.9526,0,0,5427,19001219791
372.566,2.68409,46.7089,0,85,67,44,2760,10501,5.13629,166,16.9526,0,0,5427,19003904247
357.995,2.79333,46.7089,0,85,67,44,2760,10501,5.13629,166,16.9526,0,0,5427,19006697918
447.195,2.23616,46.7089,0,85,67,44,2760,10501,5.13629,166,16.9526,0,0,5427,19008934359
352.861,2.83398,46.7089,0,85,67,44,2760,10501,5.13629,166,16.9526,0,0,5427,19011768560
364.086,2.7466,46.7089,0,85,67,44,2760,10501,5.13629,166,16.9526,0,0,5427,19014515547
423.292,2.36244,46.7089,0,85,67,44,2760,10501,5.13629,166,16.9526,0,0,5427,19016878406
352.747,2.83489,46.7089,0,85,67,44,2760,10501,5.13629,166,16.9526,0,0,5427,19019713540
185.592,5.38816,46.7089,0,85,67,44,2760,10501,5.13629,166,16.9526,0,0,5427,19025102058
387.617,2.57987,46.7089,0,85,67,44,2760,10501,5.13629,166,16.9526,0,0,5427,19027682212
335.627,2.97949,46.7089,0,85,67,44,2760,10501,5.13629,166,16.9526,0,0,5427,19030662178
375.233,2.66501,46.7089,0,85,67,44,2760,10501,5.13629,166,16.9526,0,0,5427,19033327460
812.085,1.2314,46.7089,0,85,67,44,2760,10501,5.13629,166,16.9526,0,0,5427,19034559146
559.591,1.78702,46.7089,0,85,67,44,2760,10501,5.13629,166,16.9526,0,0,5427,19036346379
310.51,3.2205,46.7089,0,85,67,44,2760,10501,5.13629,166,16.9526,0,0,5427,19039567209
377.046,2.65219,46.7089,0,85,67,44,2760,10501,5.13629,166,16.9526,0,0,5427,19042219875
412.045,2.42692,46.7089,0,85,67,44,2760,10501,5.13629,166,16.9526,0,0,5427,19044647034
315.928,3.16528,46.7089,0,85,67,44,2760,10501,5.13629,166,16.9526,0,0,5427,19047812660
402.052,2.48724,46.7089,0,85,67,44,2760,10501,5.13629,166,16.9526,0,0,5427,19050300215
341.551,2.92782,46.7089,0,85,67,44,2760,10501,5.13629,166,16.9526,0,0,5427,19053228582
311.999,3.20514,46.7089,0,85,67,44,2760,10501,5.13629,166,16.9526,0,0,5427,19056433873
341.883,2.92497,46.7089,0,85,67,44,2760,10501,5.13629,166,16.9526,0,0,5427,19059359174
560.015,1.78567,46.7089,0,85,67,44,2760,10501,5.13629,166,16.9526,0,0,5427,19061145109
339.987,2.94129,46.7089,0,85,67,44,2760,10501,5.13629,166,16.9526,0,0,5427,19064086881
311.304,3.21229,46.7089,0,85,67,44,2760,10501,5.13629,166,16.9526,0,0,5427,19067299432
577.726,1.73092,46.7089,0,85,67,44,2760,10501,5.13629,166,16.9526,0,0,5427,19069030769
341.147,2.93129,46.7089,0,85,67,44,2760,10501,5.13629,166,16.9526,0,0,5427,19071962425
335.358,2.98189,46.7089,0,85,67,44,2760,10501,5.13629,166,16.9526,0,0,5427,19074944584
338.567,2.95363,46.7089,0,85,67,44,2760,10501,5.13629,166,16.9526,0,0,5427,19077898452
374.61,2.66945,46.7089,0,85,67,44,2760,10501,5.13629,166,16.9526,0,0,5427,19080568273
386.076,2.59016,46.7089,0,85,67,44,2760,10501,5.13629,166,16.9526,0,0,5427,19083158803
360.08,2.77716,46.7089,0,85,67,44,2760,10501,5.13629,166,16.9526,0,0,5427,19085936271
359.297,2.78321,46.7089,0,85,67,44,2760,10501,5.13629,166,16.9526,0,0,5427,19088719817
372.207,2.68668,46.7089,0,85,67,44,2760,10501,5.13629,166,16.9526,0,0,5427,19091406792
351.634,2.84386,46.7089,0,85,67,44,2760,10501,5.13629,166,16.9526,0,0,5427,19094251167
343.581,2.91052,46.7089,0,85,67,44,2760,10501,5.13629,166,16.9526,0,0,5427,19097161871
444.194,2.25127,46.7089,0,85,67,44,2760,10501,5.13629,166,16.9526,0,0,5427,19099413466
366.96,2.72509,46.7089,0,85,67,44,2760,10501,5.13629,166,16.9526,0,0,5427,19102138865
309.319,3.23291,46.7089,0,85,67,44,2760,10501,5.13629,166,16.9526,0,0,5427,19105372090
174.301,5.7372,46.7089,0,85,67,44,2760,10501,5.13629,166,16.9526,0,0,5427,19111109620
1425.43,0.701543,46.7089,0,85,67,44,2760,10501,5.13629,166,16.9526,0,0,5427,19111811710
646.668,1.54639,46.7089,0,85,67,44,2760,10501,5.13629,166,16.9526,0,0,5427,19113358176
377.531,2.64879,46.7089,0,85,67,44,2760,10501,5.13629,166,16.9526,0,0,5427,19116007333
345.421,2.89502,46.7089,0,85,67,44,2760,10501,5.13629,166,16.9526,0,0,5427,19118902757
352.925,2.83346,46.7089,0,85,67,44,2760,10501,5.13629,166,16.9526,0,0,5427,19121736564
281.106,3.55738,46.7089,0,85,67,44,2760,10501,5.13629,166,16.9526,0,0,5427,19125294463
658.043,1.51966,46.7089,0,85,67,44,2760,10501,5.13629,166,16.9526,0,0,5427,19126814312
301.568,3.316,46.7089,0,85,67,44,2760,10501,5.13629,166,16.9526,0,0,5427,19130130645
392.451,2.54809,46.7089,0,85,67,44,2760,10501,5.13629,166,16.9526,0,0,5427,19132679164
184.939,5.40718,46.7089,0,85,67,44,2760,10501,5.13629,166,16.9526,0,0,5427,19138086788
565.02,1.76985,46.7089,0,85,67,44,2760,10501,5.13629,166,16.9526,0,0,5427,19139856877
503.293,1.98691,46.7089,0,85,67,44,2760,10501,5.13629,166,16.9526,0,0,5427,19141844213
281.275,3.55523,46.7089,0,85,67,44,2760,10501,5.13629,166,16.9526,0,0,5427,19145399756
378.919,2.63909,46.7089,0,85,67,44,2760,10501,5.13629,166,16.9526,0,0,5427,19148039095
539.255,1.85441,46.7089,0,85,67,44,2760,10501,5.13629,166,16.9526,0,0,5427,19149893821
190.302,5.25479,46.7089,0,85,67,44,2760,10501,5.13629,166,16.9526,0,0,5427,19155149027
1037.31,0.964033,46.7089,0,85,67,44,2760,10501,5.13629,166,16.9526,0,0,5427,19156113415
567.128,1.76327,46.7089,0,85,67,44,2760,10501,5.13629,166,16.9526,0,0,5427,19157877147
313.192,3.19293,46.7089,0,85,67,44,2760,10501,5.13629,166,16.9526,0,0,5427,19161070418
186.991,5.34785,46.7089,0,85,67,44,2760,10501,5.13629,166,16.9526,0,0,5427,19166418849
425.932,2.34779,46.7089,0,85,67,44,2760,10501,5.13629,166,16.9526,0,0,5427,19168766937
684.62,1.46066,46.7089,0,85,67,44,2760,10501,5.13629,166,16.9526,0,0,5427,19170227948
442.147,2.26169,46.7089,0,85,67,44,2760,10501,5.13629,166,16.9526,0,0,5427,19172489976
339.989,2.94127,46.7089,0,85,67,44,2760,10501,5.13629,166,16.9526,0,0,5427,19175431460
429.384,2.32892,46.7089,0,85,67,44,2760,10501,5.13629,166,16.9526,0,0,5427,19177760635
326.541,3.0624,46.7089,0,85,67,44,2760,10501,5.13629,166,16.9526,0,0,5427,19180823488
297.352,3.36302,46.7089,0,85,67,44,2760,10501,5.13629,166,16.9526,0,0,5427,19184186717
512.737,1.95032,46.7089,0,85,67,44,2760,10501,5.13629,166,16.9526,0,0,5427,19186137465
354.478,2.82105,46.7089,0,85,67,44,2760,10501,5.13629,166,16.9526,0,0,5427,19188958906
231.722,4.31551,46.7089,0,85,67,44,2760,10501,5.13629,166,16.9526,0,0,5427,19193274763
677.453,1.47612,46.7089,0,85,67,44,2760,10501,5.13629,166,16.9526,0,0,5427,19194751236
361.801,2.76395,46.7089,0,85,67,44,2760,10501,5.13629,166,16.9526,0,0,5427,19197515550
451.597,2.21436,46.7089,0,85,67,44,2760,10501,5.13629,166,16.9526,0,0,5427,19199730366
355.626,2.81194,46.7089,0,85,67,44,2760,10501,5.13629,166,16.9526,0,0,5427,19202543374
359.311,2.7831,46.7089,0,85,67,44,2760,10501,5.13629,166,16.9526,0,0,5427,19205326266
203.936,4.90349,46.7089,0,85,67,44,2760,10501,5.13629,166,16.9526,0,0,5427,19210230306
999.063,1.00094,46.7089,0,85,67,44,2760,10501,5.13629,166,16.9526,0,0,5427,19211231426
561.4,1.78126,46.7089,0,85,67,44,2760,10501,5.13629,166,16.9526,0,0,5427,19213012919
369.43,2.70687,46.7089,0,85,67,44,2760,10501,5.13629,166,16.9526,0,0,5427,19215720202
200.335,4.99164,46.7089,0,85,67,44,2760,10501,5.13629,166,16.9526,0,0,5427,19220712149
602.194,1.66059,46.7089,0,85,67,44,2760,10501,5.13629,166,16.9526,0,0,5427,19222373013
506.761,1.97332,46.7089,0,85,67,44,2760,10501,5.13629,166,16.9526,0,0,5427,19224346657
227.54,4.39483,46.7089,0,85,67,44,2760,10501,5.13629,166,16.9526,0,0,5427,19228741882
1176.98,0.849635,46.7089,0,85,67,44,2760,10501,5.13629,166,16.9526,0,0,5427,19229591603
386.277,2.58882,46.7089,0,85,67,44,2760,10501,5.13629,166,16.9526,0,0,5427,19232180911
352.409,2.83762,46.7089,0,85,67,44,2760,10501,5.13629,166,16.9526,0,0,5427,19235018824
387.567,2.5802,46.7089,0,85,67,44,2760,10501,5.13629,166,16.9526,0,0,5427,19237599497
284.536,3.51449,46.7089,0,85,67,44,2760,10501,5.13629,166,16.9526,0,0,5427,19241114212
453.229,2.20639,46.7089,0,85,67,44,2760,10501,5.13629,166,16.9526,0,0,5427,19243320883
200.68,4.98305,46.7089,0,85,67,44,2760,10501,5.13629,166,16.9526,0,0,5427,19248304195
435.699,2.29516,46.7089,0,85,67,44,2760,10501,5.13629,166,16.9526,0,0,5427,19250599887
578.308,1.72918,46.7089,0,85,67,44,2760,10501,5.13629,166,16.9526,0,0,5427,19252329369
506.218,1.97543,46.7089,0,85,67,44,2760,10501,5.13629,166,16.9526,0,0,5427,19254305137
252.829,3.95525,46.7089,0,85,67,44,2760,10501,5.13629,166,16.9526,0,0,5427,19258260867
779.297,1.28321,46.7089,0,85,67,44,2760,10501,5.13629,166,16.9526,0,0,5427,19259544256
310.107,3.22469,46.7089,0,85,67,44,2760,10501,5.13629,166,16.9526,0,0,5427,19262769346
402.653,2.48353,46.7089,0,85,67,44,2760,10501,5.13629,166,16.9526,0,0,5427,19265253141
370.582,2.69846,46.7089,0,85,67,44,2760,10501,5.13629,166,16.9526,0,0,5427,19267951972
381.938,2.61822,46.7089,0,85,67,44,2760,10501,5.13629,166,16.9526,0,0,5427,19270570676
185.637,5.38685,46.7089,0,85,67,44,2760,10501,5.13629,166,16.9526,0,0,5427,19275957771
1402.97,0.712774,46.7089,0,85,67,44,2760,10501,5.13629,166,16.9526,0,0,5427,19276670872
433.76,2.30542,46.7089,0,85,67,44,2760,10501,5.13629,166,16.9526,0,0,5427,19278976623
492.361,2.03103,46.7089,0,85,67,44,2760,10501,5.13629,166,16.9526,0,0,5427,19281008095
334.539,2.98919,46.7089,0,85,67,44,2760,10501,5.13629,166,16.9526,0,0,5427,19283997426
287.091,3.48321,46.7089,0,85,67,44,2760,10501,5.13629,166,16.9526,0,0,5427,19287481149
492.322,2.03119,46.7089,0,85,67,44,2760,10501,5.13629,166,16.9526,0,0,5427,19289512651
405.381,2.46681,46.7089,0,85,67,44,2760,10501,5.13629,166,16.9526,0,0,5427,19291979676
343.008,2.91539,46.7089,0,85,67,44,2760,10501,5.13629,166,16.9526,0,0,5427,19294895515
282.393,3.54117,46.7089,0,85,67,44,2760,10501,5.13629,166,16.9526,0,0,5427,19298437153
294.573,3.39474,46.7089,0,85,67,44,2760,10501,5.13629,166,16.9526,0,0,5427,19301833739
572.949,1.74536,45.3964,0,86,67,44,2760,10501,5.13629,166,16.9236,0,0,5428,19303577855
475.113,2.10476,45.3964,0,86,67,44,2760,10501,5.13629,166,16.9236,0,0,5428,19305682821
327.698,3.05159,45.3964,0,86,67,44,2760,10501,5.13629,166,16.9236,0,0,5428,19308734750
375.736,2.66144,45.3964,0,86,67,44,2760,10501,5.13629,166,16.9236,0,0,5428,19311396590
363.496,2.75106,45.3964,0,86,67,44,2760,10501,5.13629,166,16.9236,0,0,5428,19314147952
411.794,2.4284,45.3964,0,86,67,44,2760,10501,5.13629,166,16.9236,0,0,5428,19316576678
263.441,3.79592,45.3964,0,86,67,44,2760,10501,5.13629,166,16.9236,0,0,5428,19320373056
557.933,1.79233,45.3964,0,86,67,44,2760,10501,5.13629,166,16.9236,0,0,5428,19322165539
315.866,3.16589,45.3964,0,86,67,44,2760,10501,5.13629,166,16.9236,0,0,5428,19325346897
454.797,2.19879,45.3964,0,86,67,44,2760,10501,5.13629,166,16.9236,0,0,5428,19327546038
329.896,3.03126,45.3964,0,86,67,44,2760,10501,5.13629,166,16.9236,0,0,5428,19330577602
506.139,1.97574,45.3964,0,86,67,44,2760,10501,5.13629,166,16.9236,0,0,5428,19332553659
293.11,3.41169,45.3964,0,86,67,44,2760,10501,5.13629,166,16.9236,0,0,5428,19335965649
477.307,2.09509,45.3964,0,86,67,44,2760,10501,5.13629,166,16.9236,0,0,5428,19338061075
353.667,2.82752,45.3964,0,86,67,44,2760,10501,5.13629,166,16.9236,0,0,5428,19340888968
349.979,2.85732,45.3964,0,86,67,44,2760,10501,5.13629,166,16.9236,0,0,5428,19343746815
208.335,4.79995,45.3964,0,86,67,44,2760,10501,5.13629,166,16.9236,0,0,5428,19348547217
752.518,1.32887,45.3964,0,86,67,44,2760,10501,5.13629,166,16.9236,0,0,5428,19349876310
462.605,2.16167,45.3964,0,86,67,44,2760,10501,5.13629,166,16.9236,0,0,5428,19352038306
393.08,2.54401,45.3964,0,86,67,44,2760,10501,5.13629,166,16.9236,0,0,5428,19354582709
457.963,2.18358,45.3964,0,86,67,44,2760,10501,5.13629,166,16.9236,0,0,5428,19356766590
334.105,2.99307,45.3964,0,86,67,44,2760,10501,5.13629,166,16.9236,0,0,5428,19359759960
364.766,2.74149,45.3964,0,86,67,44,2760,10501,5.13629,166,16.9236,0,0,5428,19362501783
314.027,3.18444,45.3964,0,86,67,44,2760,10501,5.13629,166,16.9236,0,0,5428,19365686544
378.422,2.64255,45.3964,0,86,67,44,2760,10501,5.13629,166,16.9236,0,0,5428,19368329393
340.905,2.93337,45.3964,0,86,67,44,2760,10501,5.13629,166,16.9236,0,0,5428,19371263079
493.67,2.02565,45.3964,0,86,67,44,2760,10501,5.13629,166,16.9236,0,0,5428,19373289060
187.988,5.31949,45.3964,0,86,67,44,2760,10501,5.13629,166,16.9236,0,0,5428,19378608836
1327.6,0.753237,45.3964,0,86,67,44,2760,10501,5.13629,166,16.9236,0,0,5428,19379362419
305.5,3.27332,45.3964,0,86,67,44,2760,10501,5.13629,166,16.9236,0,0,5428,19382636106
385.924,2.59118,45.3964,0,86,67,44,2760,10501,5.13629,166,16.9236,0,0,5428,19385227578
563.163,1.77568,45.3964,0,86,67,44,2760,10501,5.13629,166,16.9236,0,0,5428,19387003551
386.985,2.58408,45.3964,0,86,67,44,2760,10501,5.13629,166,16.9236,0,0,5428,19389587985
348.305,2.87105,45.3964,0,86,67,44,2760,10501,5.13629,166,16.9236,0,0,5428,19392459341
352.017,2.84077,45.3964,0,86,67,44,2760,10501,5.13629,166,16.9236,0,0,5428,19395300571
390.465,2.56105,45.3964,0,86,67,44,2760,10501,5.13629,166,16.9236,0,0,5428,19397861869
450.059,2.22193,45.3964,0,86,67,44,2760,10501,5.13629,166,16.9236,0,0,5428,19400084281
336.205,2.97438,45.3964,0,86,67,44,2760,10501,5.13629,166,16.9236,0,0,5428,19403058900
355.991,2.80906,45.3964,0,86,67,44,2760,10501,5.13629,166,16.9236,0,0,5428,19405868187
209.324,4.77728,45.3964,0,86,67,44,2760,10501,5.13629,166,16.9236,0,0,5428,19410645973
636.882,1.57015,45.3964,0,86,67,44,2760,10501,5.13629,166,16.9236,0,0,5428,19412216295
333.997,2.99404,45.3964,0,86,67,44,2760,10501,5.13629,166,16.9236,0,0,5428,19415210733
314.613,3.17851,45.3964,0,86,67,44,2760,10501,5.13629,166,16.9236,0,0,5428,19418389599
481.671,2.07611,45.3964,0,86,67,44,2760,10501,5.13629,166,16.9236,0,0,5428,19420466112
512.028,1.95302,45.3964,0,86,67,44,2760,10501,5.13629,166,16.9236,0,0,5428,19422419485
324.346,3.08312,45.3964,0,86,67,44,2760,10501,5.13629,166,16.9236,0,0,5428,19425503012
423.173,2.3631,45.3964,0,86,67,44,2760,10501,5.13629,166,16.9236,0,0,5428,19427866573
410.549,2.43577,45.3964,0,86,67,44,2760,10501,5.13629,166,16.9236,0,0,5428,19430302645
347.727,2.87582,45.3964,0,86,67,44,2760,10501,5.13629,166,16.9236,0,0,5428,19433178886
365.432,2.73649,45.3964,0,86,67,44,2760,10501,5.13629,166,16.9236,0,0,5428,19435915728
357.057,2.80067,45.3964,0,86,67,44,2760,10501,5.13629,166,16.9236,0,0,5428,19438716707
341.941,2.92448,45.3964,0,86,67,44,2760,10501,5.13629,166,16.9236,0,0,5428,19441641681
392.173,2.54989,45.3964,0,86,67,44,2760,10501,5.13629,166,16.9236,0,0,5428,19444191738
412.194,2.42604,45.3964,0,86,67,44,2760,10501,5.13629,166,16.9236,0,0,5428,19446618089
351.353,2.84614,45.3964,0,86,67,44,2760,10501,5.13629,166,16.9236,0,0,5428,19449464550
407.716,2.45269,45.3964,0,86,67,44,2760,10501,5.13629,166,16.9236,0,0,5428,19451917556
346.352,2.88723,45.3964,0,86,67,44,2760,10501,5.13629,166,16.9236,0,0,5428,19454805086
349.64,2.86009,45.3964,0,86,67,44,2760,10501,5.13629,166,16.9236,0,0,5428,19457665548
328.805,3.04131,45.3964,0,86,67,44,2760,10501,5.13629,166,16.9236,0,0,5428,19460707189
211.363,4.7312,45.3964,0,86,67,44,2760,10501,5.13629,166,16.9236,0,0,5428,19465438944
651.15,1.53574,45.3964,0,86,67,44,2760,10501,5.13629,166,16.9236,0,0,5428,19466974794
589.085,1.69755,45.3964,0,86,67,44,2760,10501,5.13629,166,16.9236,0,0,5428,19468672592
357.991,2.79336,45.3964,0,86,67,44,2760,10501,5.13629,166,16.9236,0,0,5428,19471466369
313.319,3.19164,45.3964,0,86,67,44,2760,10501,5.13629,166,16.9236,0,0,5428,19474658409
392.561,2.54737,45.3964,0,86,67,44,2760,10501,5.13629,166,16.9236,0,0,5428,19477206110
417.831,2.39331,45.3964,0,86,67,44,2760,10501,5.13629,166,16.9236,0,0,5428,19479599835
395.029,2.53146,45.3964,0,86,67,44,2760,10501,5.13629,166,16.9236,0,0,5428,19482131949
380.371,2.62901,45.3964,0,86,67,44,2760,10501,5.13629,166,16.9236,0,0,5428,19484761124
352.822,2.83429,45.3964,0,86,67,44,2760,10501,5.13629,166,16.9236,0,0,5428,19487595806
199.481,5.01301,45.3964,0,86,67,44,2760,10501,5.13629,166,16.9236,0,0,5428,19492609139
1367.15,0.731448,45.3964,0,86,67,44,2760,10501,5.13629,166,16.9236,0,0,5428,19493340837
402.242,2.48606,45.3964,0,86,67,44,2760,10501,5.13629,166,16.9236,0,0,5428,19495827190
409.766,2.44042,45.3964,0,86,67,44,2760,10501,5.13629,166,16.9236,0,0,5428,19498267887
329.224,3.03745,45.3964,0,86,67,44,2760,10501,5.13629,166,16.9236,0,0,5428,19501305663
416.154,2.40296,45.3964,0,86,67,44,2760,10501,5.13629,166,16.9236,0,0,5428,19503708878
248.825,4.0189,45.3964,0,86,67,44,2760,10501,5.13629,166,16.9236,0,0,5428,19507728216
288.302,3.46859,45.3964,0,86,67,44,2760,10501,5.13629,166,16.9236,0,0,5428,19511197256
1826.87,0.547384,45.3964,0,86,67,44,2760,10501,5.13629,166,16.9236,0,0,5428,19511744861
400.589,2.49632,45.3964,0,86,67,44,2760,10501,5.13629,166,16.9236,0,0,5428,19514241647
156.027,6.40914,45.3964,0,86,67,44,2760,10501,5.13629,166,16.9236,0,0,5428,19520651055
655.365,1.52587,45.3964,0,86,67,44,2760,10501,5.13629,166,16.9236,0,0,5428,19522177241
625.344,1.59912,45.3964,0,86,67,44,2760,10501,5.13629,166,16.9236,0,0,5428,19523776612
385.632,2.59314,45.3964,0,86,67,44,2760,10501,5.13629,166,16.9236,0,0,5428,19526370123
320.319,3.12188,45.3964,0,86,67,44,2760,10501,5.13629,166,16.9236,0,0,5428,19529492439
537.663,1.8599,45.3964,0,86,67,44,2760,10501,5.13629,166,16.9236,0,0,5428,19531352752
346.302,2.88766,45.3964,0,86,67,44,2760,10501,5.13629,166,16.9236,0,0,5428,19534240792
333.571,2.99786,45.3964,0,86,67,44,2760,10501,5.13629,166,16.9236,0,0,5428,19537238902
356.78,2.80284,45.3964,0,86,67,44,2760,10501,5.13629,166,16.9236,0,0,5428,19540042083
384.358,2.60174,45.3964,0,86,67,44,2760,10501,5.13629,166,16.9236,0,0,5428,19542644152
278.777,3.58709,45.3964,0,86,67,44,2760,10501,5.13629,166,16.9236,0,0,5428,19546231648
463.812,2.15604,45.3964,0,86,67,44,2760,10501,5.13629,166,16.9236,0,0,5428,19548387922
521.819,1.91637,45.3964,0,86,67,44,2760,10501,5.13629,166,16.9236,0,0,5428,19550304574
334,2.99401,45.3964,0,86,67,44,2760,10501,5.13629,166,16.9236,0,0,5428,19553298847
368.399,2.71445,45.3964,0,86,67,44,2760,10501,5.13629,166,16.9236,0,0,5428,19556013641
253.518,3.94449,45.3964,0,86,67,44,2760,10501,5.13629,166,16.9236,0,0,5428,19559958610
355.253,2.81489,45.3964,0,86,67,44,2760,10501,5.13629,166,16.9236,0,0,5428,19562773830
553.29,1.80737,45.3964,0,86,67,44,2760,10501,5.13629,166,16.9236,0,0,5428,19564581564
308.171,3.24496,45.3964,0,86,67,44,2760,10501,5.13629,166,16.9236,0,0,5428,19567826818
365.793,2.73378,45.3964,0,86,67,44,2760,10501,5.13629,166,16.9236,0,0,5428,19570560881
507.122,1.97191,45.3964,0,86,67,44,2760,10501,5.13629,166,16.9236,0,0,5428,19572533140
404.734,2.47076,45.3964,0,86,67,44,2760,10501,5.13629,166,16.9236,0,0,5428,19575004233
355.098,2.81612,45.3964,0,86,67,44,2760,10501,5.13629,166,16.9236,0,0,5428,19577820635
411.937,2.42755,45.3964,0,86,67,44,2760,10501,5.13629,166,16.9236,0,0,5428,19580248486
247.712,4.03695,45.3964,0,86,67,44,2760,10501,5.13629,166,16.9236,0,0,5428,19584285911
537.283,1.86122,45.3964,0,86,67,44,2760,10501,5.13629,166,16.9236,0,0,5428,19586150214
332.245,3.00982,45.3964,0,86,67,44,2760,10501,5.13629,166,16.9236,0,0,5428,19589160479
554.539,1.8033,45.3964,0,86,67,44,2760,10501,5.13629,166,16.9236,0,0,5428,19590963915
330.852,3.0225,45.3964,0,86,67,44,2760,10501,5.13629,166,16.9236,0,0,5428,19593986738
412.004,2.42716,45.3964,0,86,67,44,2760,10501,5.13629,166,16.9236,0,0,5428,19596414262
315.194,3.17265,45.3964,0,86,67,44,2760,10501,5.13629,166,16.9236,0,0,5428,19599587167
411.307,2.43127,45.3964,0,86,67,44,2760,10501,5.13629,166,16.9236,0,0,5428,19602018787
316.304,3.16152,45.3964,0,86,67,44,2760,10501,5.13629,166,16.9236,0,0,5428,19605180605
232.327,4.30428,45.3964,0,86,67,44,2760,10501,5.13629,166,16.9236,0,0,5428,19609485241
530.532,1.8849,45.3964,0,86,67,44,2760,10501,5.13629,166,16.9236,0,0,5428,19611370564
676.862,1.47741,45.3964,0,86,67,44,2760,10501,5.13629,166,16.9236,0,0,5428,19612848220
373.65,2.6763,45.3964,0,86,67,44,2760,10501,5.13629,166,16.9236,0,0,5428,19615524858
347.135,2.88072,45.3964,0,86,67,44,2760,10501,5.13629,166,16.9236,0,0,5428,19618406061
399.443,2.50349,45.3964,0,86,67,44,2760,10501,5.13629,166,16.9236,0,0,5428,19620909684
282.902,3.53479,45.3964,0,86,67,44,2760,10501,5.13629,166,16.9236,0,0,5428,19624444803
249.215,4.01261,45.3964,0,86,67,44,2760,10501,5.13629,166,16.9236,0,0,5428,19628457899
562.268,1.77851,45.3964,0,86,67,44,2760,10501,5.13629,166,16.9236,0,0,5428,19630236584
461.993,2.16453,45.3964,0,86,67,44,2760,10501,5.13629,166,16.9236,0,0,5428,19632401552
329.693,3.03312,45.3964,0,86,67,44,2760,10501,5.13629,166,16.9236,0,0,5428,19635435048
538.46,1.85715,45.3964,0,86,67,44,2760,10501,5.13629,166,16.9236,0,0,5428,19637292688
342.539,2.91938,45.3964,0,86,67,44,2760,10501,5.13629,166,16.9236,0,0,5428,19640212180
432.105,2.31425,45.3964,0,86,67,44,2760,10501,5.13629,166,16.9236,0,0,5428,19642526893
337.899,2.95947,45.3964,0,86,67,44,2760,10501,5.13629,166,16.9236,0,0,5428,19645486637
385.251,2.59571,45.3964,0,86,67,44,2760,10501,5.13629,166,16.9236,0,0,5428,19648082897
373.046,2.68064,45.3964,0,86,67,44,2760,10501,5.13629,166,16.9236,0,0,5428,19650763824
335.919,2.97691,45.3964,0,86,67,44,2760,10501,5.13629,166,16.9236,0,0,5428,19653741040
334.308,2.99126,45.3964,0,86,67,44,2760,10501,5.13629,166,16.9236,0,0,5428,19656732593
384.503,2.60076,45.3964,0,86,67,44,2760,10501,5.13629,166,16.9236,0,0,5428,19659333680
427.818,2.33744,45.3964,0,86,67,44,2760,10501,5.13629,166,16.9236,0,0,5428,19661671442
356.211,2.80732,45.3964,0,86,67,44,2760,10501,5.13629,166,16.9236,0,0,5428,19664479094
392.142,2.5501,45.3964,0,86,67,44,2760,10501,5.13629,166,16.9236,0,0,5428,19667029661
366.274,2.7302,45.3964,0,86,67,44,2760,10501,5.13629,166,16.9236,0,0,5428,19669760176
393.856,2.539,45.3964,0,86,67,44,2760,10501,5.13629,166,16.9236,0,0,5428,19672299473
246.301,4.06007,45.3964,0,86,67,44,2760,10501,5.13629,166,16.9236,0,0,5428,19676359985
291.222,3.43381,45.3964,0,86,67,44,2760,10501,5.13629,166,16.9236,0,0,5428,19679793985
835.139,1.19741,45.3964,0,86,67,44,2760,10501,5.13629,166,16.9236,0,0,5428,19680991381
414.205,2.41426,45.3964,0,86,67,44,2760,10501,5.13629,166,16.9236,0,0,5428,19683406155
385.626,2.59318,45.3964,0,86,67,44,2760,10501,5.13629,166,16.9236,0,0,5428,19685999665
337.859,2.95981,45.3964,0,86,67,44,2760,10501,5.13629,166,16.9236,0,0,5428,19688959794
423.046,2.36381,45.3964,0,86,67,44,2760,10501,5.13629,166,16.9236,0,0,5428,19691323922
370.551,2.69869,45.3964,0,86,67,44,2760,10501,5.13629,166,16.9236,0,0,5428,19694023109
314.79,3.17672,45.3964,0,86,67,44,2760,10501,5.13629,166,16.9236,0,0,5428,19697199966
376.032,2.65935,45.3964,0,86,67,44,2760,10501,5.13629,166,16.9236,0,0,5428,19699859604
426.136,2.34667,45.3964,0,86,67,44,2760,10501,5.13629,166,16.9236,0,0,5428,19702206683
345.67,2.89293,45.3964,0,86,67,44,2760,10501,5.13629,166,16.9236,0,0,5428,19705099905
296.004,3.37833,45.3964,0,86,67,44,2760,10501,5.13629,166,16.9236,0,0,5428,19708478577
325.243,3.07462,45.3964,0,86,67,44,2760,10501,5.13629,166,16.9236,0,0,5428,19711553671
625.675,1.59827,45.3964,0,86,67,44,2760,10501,5.13629,166,16.9236,0,0,5428,19713152119
286.006,3.49643,45.3964,0,86,67,44,2760,10501,5.13629,166,16.9236,0,0,5428,19716649006
243.881,4.10036,45.3964,0,86,67,44,2760,10501,5.13629,166,16.9236,0,0,5428,19720749663
1604.24,0.623348,45.3964,0,86,67,44,2760,10501,5.13629,166,16.9236,0,0,5428,19721373338
430.677,2.32192,45.3964,0,86,67,44,2760,10501,5.13629,166,16.9236,0,0,5428,19723695542
352.966,2.83313,45.3964,0,86,67,44,2760,10501,5.13629,166,16.9236,0,0,5428,19726528897
353.492,2.82892,45.3964,0,86,67,44,2760,10501,5.13629,166,16.9236,0,0,5428,19729358155
394.128,2.53725,45.3964,0,86,67,44,2760,10501,5.13629,166,16.9236,0,0,5428,19731895702
280.682,3.56275,45.3964,0,86,67,44,2760,10501,5.13629,166,16.9236,0,0,5428,19735458765
481.334,2.07756,45.3964,0,86,67,44,2760,10501,5.13629,166,16.9236,0,0,5428,19737536671
268.424,3.72545,45.3964,0,86,67,44,2760,10501,5.13629,166,16.9236,0,0,5428,19741262441
526.216,1.90036,45.3964,0,86,67,44,2760,10501,5.13629,166,16.9236,0,0,5428,19743163140
318.883,3.13594,45.3964,0,86,67,44,2760,10501,5.13629,166,16.9236,0,0,5428,19746299534
532.753,1.87704,45.3964,0,86,67,44,2760,10501,5.13629,166,16.9236,0,0,5428,19748176934
398.65,2.50847,45.3964,0,86,67,44,2760,10501,5.13629,166,16.9236,0,0,5428,19750685711
345.717,2.89254,45.3964,0,86,67,44,2760,10501,5.13629,166,16.9236,0,0,5428,19753578693
406.243,2.46158,45.3964,0,86,67,44,2760,10501,5.13629,166,16.9236,0,0,5428,19756040497
371.168,2.6942,45.3964,0,86,67,44,2760,10501,5.13629,166,16.9236,0,0,5428,19758735924
204.315,4.89441,45.3964,0,86,67,44,2760,10501,5.13629,166,16.9236,0,0,5428,19763630743
388.968,2.5709,45.3964,0,86,67,44,2760,10501,5.13629,166,16.9236,0,0,5428,19766202012
510.542,1.9587,45.3964,0,86,67,44,2760,10501,5.13629,166,16.9236,0,0,5428,19768160963
435.834,2.29445,45.3964,0,86,67,44,2760,10501,5.13629,166,16.9236,0,0,5428,19770455704
352.871,2.83389,45.3964,0,86,67,44,2760,10501,5.13629,166,16.9236,0,0,5428,19773289924
328.382,3.04524,45.3964,0,86,67,44,2760,10501,5.13629,166,16.9236,0,0,5428,19776335460
228.18,4.38251,45.3964,0,86,67,44,2760,10501,5.13629,166,16.9236,0,0,5428,19780718434
2257.21,0.443025,45.3964,0,86,67,44,2760,10501,5.13629,166,16.9236,0,0,5428,19781161718
392.57,2.54732,45.3964,0,86,67,44,2760,10501,5.13629,166,16.9236,0,0,5428,19783709593
180.855,5.5293,45.3964,0,86,67,44,2760,10501,5.13629,166,16.9236,0,0,5428,19789239193
676.272,1.47869,45.3964,0,86,67,44,2760,10501,5.13629,166,16.9236,0,0,5428,19790718194
710.786,1.40689,45.3964,0,86,67,44,2760,10501,5.13629,166,16.9236,0,0,5428,19792125232
294.241,3.39858,45.3964,0,86,67,44,2760,10501,5.13629,166,16.9236,0,0,5428,19795524135
478.55,2.08965,45.3964,0,86,67,44,2760,10501,5.13629,166,16.9236,0,0,5428,19797614119
275.268,3.63282,45.3964,0,86,67,44,2760,10501,5.13629,166,16.9236,0,0,5428,19801247338
336.733,2.96972,45.3964,0,86,67,44,2760,10501,5.13629,166,16.9236,0,0,5428,19804220178
586.798,1.70416,47.4874,0,85,67,44,2760,10501,5.13629,166,16.9245,0,0,5451,19805922082
286.882,3.48575,47.4874,0,85,67,44,2760,10501,5.13629,166,16.9245,0,0,5451,19809408132
426.841,2.34279,47.4874,0,85,67,44,2760,10501,5.13629,166,16.9245,0,0,5451,19811751345
437.884,2.28371,47.4874,0,85,67,44,2760,10501,5.13629,166,16.9245,0,0,5451,19814035307
289.8,3.45065,47.4874,0,85,67,44,2760,10501,5.13629,166,16.9245,0,0,5451,19817486279
515.705,1.93909,47.4874,0,85,67,44,2760,10501,5.13629,166,16.9245,0,0,5451,19819425662
355.208,2.81525,47.4874,0,85,67,44,2760,10501,5.13629,166,16.9245,0,0,5451,19822241266
380.541,2.62784,47.4874,0,85,67,44,2760,10501,5.13629,166,16.9245,0,0,5451,19824869624
347.007,2.88179,47.4874,0,85,67,44,2760,10501,5.13629,166,16.9245,0,0,5451,19827751529
339.594,2.94469,47.4874,0,85,67,44,2760,10501,5.13629,166,16.9245,0,0,5451,19830696542
384.802,2.59874,47.4874,0,85,67,44,2760,10501,5.13629,166,16.9245,0,0,5451,19833295591
462.536,2.16199,47.4874,0,85,67,44,2760,10501,5.13629,166,16.9245,0,0,5451,19835458000
266.363,3.75428,47.4874,0,85,67,44,2760,10501,5.13629,166,16.9245,0,0,5451,19839212434
624.93,1.60018,47.4874,0,85,67,44,2760,10501,5.13629,166,16.9245,0,0,5451,19840812911
230.804,4.33268,47.4874,0,85,67,44,2760,10501,5.13629,166,16.9245,0,0,5451,19845146057
794.327,1.25893,47.4874,0,85,67,44,2760,10501,5.13629,166,16.9245,0,0,5451,19846405292
244.79,4.08514,47.4874,0,85,67,44,2760,10501,5.13629,166,16.9245,0,0,5451,19850490882
967.481,1.03361,47.4874,0,85,67,44,2760,10501,5.13629,166,16.9245,0,0,5451,19851524705
347.106,2.88096,47.4874,0,85,67,44,2760,10501,5.13629,166,16.9245,0,0,5451,19854405946
364.844,2.7409,47.4874,0,85,67,44,2760,10501,5.13629,166,16.9245,0,0,5451,19857147154
380.608,2.62738,47.4874,0,85,67,44,2760,10501,5.13629,166,16.9245,0,0,5451,19859774848
342.576,2.91906,47.4874,0,85,67,44,2760,10501,5.13629,166,16.9245,0,0,5451,19862694235
375.237,2.66498,47.4874,0,85,67,44,2760,10501,5.13629,166,16.9245,0,0,5451,19865359738
397.083,2.51836,47.4874,0,85,67,44,2760,10501,5.13629,166,16.9245,0,0,5451,19867878371
220.514,4.53485,47.4874,0,85,67,44,2760,10501,5.13629,166,16.9245,0,0,5451,19872413457
520.727,1.92039,47.4874,0,85,67,44,2760,10501,5.13629,166,16.9245,0,0,5451,19874334358
642.434,1.55658,47.4874,0,85,67,44,2760,10501,5.13629,166,16.9245,0,0,5451,19875891257
307.341,3.25372,47.4874,0,85,67,44,2760,10501,5.13629,166,16.9245,0,0,5451,19879145222
368.34,2.71488,47.4874,0,85,67,44,2760,10501,5.13629,166,16.9245,0,0,5451,19881860429
354.602,2.82007,47.4874,0,85,67,44,2760,10501,5.13629,166,16.9245,0,0,5451,19884680793
418.345,2.39037,47.4874,0,85,67,44,2760,10501,5.13629,166,16.9245,0,0,5451,19887071605
355.305,2.81448,47.4874,0,85,67,44,2760,10501,5.13629,166,16.9245,0,0,5451,19889886498
321.679,3.10869,47.4874,0,85,67,44,2760,10501,5.13629,166,16.9245,0,0,5451,19892995410
479.22,2.08672,47.4874,0,85,67,44,2760,10501,5.13629,166,16.9245,0,0,5451,19895082480
271.141,3.68811,47.4874,0,85,67,44,2760,10501,5.13629,166,16.9245,0,0,5451,19898770922
488.086,2.04882,47.4874,0,85,67,44,2760,10501,5.13629,166,16.9245,0,0,5451,19900820058
420.853,2.37613,47.4874,0,85,67,44,2760,10501,5.13629,166,16.9245,0,0,5451,19903196427
304.26,3.28666,47.4874,0,85,67,44,2760,10501,5.13629,166,16.9245,0,0,5451,19906483509
369.399,2.7071,47.4874,0,85,67,44,2760,10501,5.13629,166,16.9245,0,0,5451,19909190840
438.643,2.27976,47.4874,0,85,67,44,2760,10501,5.13629,166,16.9245,0,0,5451,19911470927
435.148,2.29807,47.4874,0,85,67,44,2760,10501,5.13629,166,16.9245,0,0,5451,19913769322
347.652,2.87644,47.4874,0,85,67,44,2760,10501,5.13629,166,16.9245,0,0,5451,19916646092
380.839,2.62578,47.4874,0,85,67,44,2760,10501,5.13629,166,16.9245,0,0,5451,19919272257
351.13,2.84795,47.4874,0,85,67,44,2760,10501,5.13629,166,16.9245,0,0,5451,19922120517
249.096,4.01452,47.4874,0,85,67,44,2760,10501,5.13629,166,16.9245,0,0,5451,19926135536
244.514,4.08974,47.4874,0,85,67,44,2760,10501,5.13629,166,16.9245,0,0,5451,19930225549
467.804,2.13765,47.4874,0,85,67,44,2760,10501,5.13629,166,16.9245,0,0,5451,19932363612
333.022,3.0028,47.4874,0,85,67,44,2760,10501,5.13629,166,16.9245,0,0,5451,19935366626
1041.89,0.959792,47.4874,0,85,67,44,2760,10501,5.13629,166,16.9245,0,0,5451,19936326284
461.792,2.16548,47.4874,0,85,67,44,2760,10501,5.13629,166,16.9245,0,0,5451,19938492357
315.865,3.1659,47.4874,0,85,67,44,2760,10501,5.13629,166,16.9245,0,0,5451,19941658540
432.882,2.3101,47.4874,0,85,67,44,2760,10501,5.13629,166,16.9245,0,0,5451,19943968955
378.047,2.64517,47.4874,0,85,67,44,2760,10501,5.13629,166,16.9245,0,0,5451,19946614582
272.434,3.67061,47.4874,0,85,67,44,2760,10501,5.13629,166,16.9245,0,0,5451,19950285341
351.304,2.84654,47.4874,0,85,67,44,2760,10501,5.13629,166,16.9245,0,0,5451,19953132417
536.43,1.86418,47.4874,0,85,67,44,2760,10501,5.13629,166,16.9245,0,0,5451,19954996932
371.428,2.69231,47.4874,0,85,67,44,2760,10501,5.13629,166,16.9245,0,0,5451,19957689513
390.081,2.56357,47.4874,0,85,67,44,2760,10501,5.13629,166,16.9245,0,0,5451,19960253446
329.557,3.03438,47.4874,0,85,67,44,2760,10501,5.13629,166,16.9245,0,0,5451,19963288144
219.664,4.5524,47.4874,0,85,67,44,2760,10501,5.13629,166,16.9245,0,0,5451,19967841086
1547.7,0.646118,47.4874,0,85,67,44,2760,10501,5.13629,166,16.9245,0,0,5451,19968487416
399.619,2.50238,47.4874,0,85,67,44,2760,10501,5.13629,166,16.9245,0,0,5451,19970990279
313.003,3.19486,47.4874,0,85,67,44,2760,10501,5.13629,166,16.9245,0,0,5451,19974185338
455.314,2.19629,47.4874,0,85,67,44,2760,10501,5.13629,166,16.9245,0,0,5451,19976382047
256.973,3.89146,47.4874,0,85,67,44,2760,10501,5.13629,166,16.9245,0,0,5451,19980273832
651.873,1.53404,47.4874,0,85,67,44,2760,10501,5.13629,166,16.9245,0,0,5451,19981808201
363.544,2.7507,47.4874,0,85,67,44,2760,10501,5.13629,166,16.9245,0,0,5451,19984559400
382.636,2.61345,47.4874,0,85,67,44,2760,10501,5.13629,166,16.9245,0,0,5451,19987173016
369.327,2.70763,47.4874,0,85,67,44,2760,10501,5.13629,166,16.9245,0,0,5451,19989880954
310.049,3.22529,47.4874,0,85,67,44,2760,10501,5.13629,166,16.9245,0,0,5451,19993106659
432.846,2.31029,47.4874,0,85,67,44,2760,10501,5.13629,166,16.9245,0,0,5451,19995417323
347.038,2.88153,47.4874,0,85,67,44,2760,10501,5.13629,166,16.9245,0,0,5451,19998299084
331.663,3.01511,47.4874,0,85,67,44,2760,10501,5.13629,166,16.9245,0,0,5451,20001314512
233.775,4.27763,47.4874,0,85,67,44,2760,10501,5.13629,166,16.9245,0,0,5451,20005592560
320.803,3.11718,47.4874,0,85,67,44,2760,10501,5.13629,166,16.9245,0,0,5451,20008709915
1127.74,0.886731,47.4874,0,85,67,44,2760,10501,5.13629,166,16.9245,0,0,5451,20009596945
505.866,1.97681,47.4874,0,85,67,44,2760,10501,5.13629,166,16.9245,0,0,5451,20011574069
264.779,3.77673,47.4874,0,85,67,44,2760,10501,5.13629,166,16.9245,0,0,5451,20015351139
298.462,3.35051,47.4874,0,85,67,44,2760,10501,5.13629,166,16.9245,0,0,5451,20018702098
635.439,1.57372,47.4874,0,85,67,44,2760,10501,5.13629,166,16.9245,0,0,5451,20020276007
432.956,2.3097,47.4874,0,85,67,44,2760,10501,5.13629,166,16.9245,0,0,5451,20022586075
377.97,2.64571,47.4874,0,85,67,44,2760,10501,5.13629,166,16.9245,0,0,5451,20025232097
350.641,2.85192,47.4874,0,85,67,44,2760,10501,5.13629,166,16.9245,0,0,5451,20028084462
400.72,2.49551,47.4874,0,85,67,44,2760,10501,5.13629,166,16.9245,0,0,5451,20030580229
206.469,4.84335,47.4874,0,85,67,44,2760,10501,5.13629,166,16.9245,0,0,5451,20035423979
1041.53,0.960129,47.4874,0,85,67,44,2760,10501,5.13629,166,16.9245,0,0,5451,20036384415
257.862,3.87804,47.4874,0,85,67,44,2760,10501,5.13629,166,16.9245,0,0,5451,20040262757
327.023,3.05789,47.4874,0,85,67,44,2760,10501,5.13629,166,16.9245,0,0,5451,20043321053
798.027,1.25309,47.4874,0,85,67,44,2760,10501,5.13629,166,16.9245,0,0,5451,20044574210
368.399,2.71445,47.4874,0,85,67,44,2760,10501,5.13629,166,16.9245,0,0,5451,20047289215
461.257,2.16799,47.4874,0,85,67,44,2760,10501,5.13629,166,16.9245,0,0,5451,20049457394
396.105,2.52459,47.4874,0,85,67,44,2760,10501,5.13629,166,16.9245,0,0,5451,20051982287
293.329,3.40914,47.4874,0,85,67,44,2760,10501,5.13629,166,16.9245,0,0,5451,20055391873
457.953,2.18363,47.4874,0,85,67,44,2760,10501,5.13629,166,16.9245,0,0,5451,20057575793
172.163,5.80844,47.4874,0,85,67,44,2760,10501,5.13629,166,16.9245,0,0,5451,20063384777
556.033,1.79845,47.4874,0,85,67,44,2760,10501,5.13629,166,16.9245,0,0,5451,20065183405
481.807,2.07552,47.4874,0,85,67,44,2760,10501,5.13629,166,16.9245,0,0,5451,20067259283
406.491,2.46008,47.4874,0,85,67,44,2760,10501,5.13629,166,16.9245,0,0,5451,20069719625
350.85,2.85022,47.4874,0,85,67,44,2760,10501,5.13629,166,16.9245,0,0,5451,20072570202
404.895,2.46977,47.4874,0,85,67,44,2760,10501,5.13629,166,16.9245,0,0,5451,20075040285
364.859,2.74078,47.4874,0,85,67,44,2760,10501,5.13629,166,16.9245,0,0,5451,20077781541
326.381,3.0639,47.4874,0,85,67,44,2760,10501,5.13629,166,16.9245,0,0,5451,20080845635
508.163,1.96787,47.4874,0,85,67,44,2760,10501,5.13629,166,16.9245,0,0,5451,20082813961
318.54,3.13933,47.4874,0,85,67,44,2760,10501,5.13629,166,16.9245,0,0,5451,20085953509
293.852,3.40308,47.4874,0,85,67,44,2760,10501,5.13629,166,16.9245,0,0,5451,20089356921
417.196,2.39696,47.4874,0,85,67,44,2760,10501,5.13629,166,16.9245,0,0,5451,20091754175
288.992,3.4603,47.4874,0,85,67,44,2760,10501,5.13629,166,16.9245,0,0,5451,20095215003
565.98,1.76685,47.4874,0,85,67,44,2760,10501,5.13629,166,16.9245,0,0,5451,20096982005
376.379,2.6569,47.4874,0,85,67,44,2760,10501,5.13629,166,16.9245,0,0,5451,20099639354
373.469,2.6776,47.4874,0,85,67,44,2760,10501,5.13629,166,16.9245,0,0,5451,20102317377
402.769,2.48281,47.4874,0,85,67,44,2760,10501,5.13629,166,16.9245,0,0,5451,20104800336
279.298,3.58041,47.4874,0,85,67,44,2760,10501,5.13629,166,16.9245,0,0,5451,20108381043
501.717,1.99315,47.4874,0,85,67,44,2760,10501,5.13629,166,16.9245,0,0,5451,20110374514
374.668,2.66903,47.4874,0,85,67,44,2760,10501,5.13629,166,16.9245,0,0,5451,20113043979
301.081,3.32136,47.4874,0,85,67,44,2760,10501,5.13629,166,16.9245,0,0,5451,20116365582
408.188,2.44985,47.4874,0,85,67,44,2760,10501,5.13629,166,16.9245,0,0,5451,20118815818
468.791,2.13315,47.4874,0,85,67,44,2760,10501,5.13629,166,16.9245,0,0,5451,20120949649
342.7,2.918,47.4874,0,85,67,44,2760,10501,5.13629,166,16.9245,0,0,5451,20123867681
401.892,2.48823,47.4874,0,85,67,44,2760,10501,5.13629,166,16.9245,0,0,5451,20126356264
343.438,2.91173,47.4874,0,85,67,44,2760,10501,5.13629,166,16.9245,0,0,5451,20129268305
275.963,3.62368,47.4874,0,85,67,44,2760,10501,5.13629,166,16.9245,0,0,5451,20132892494
502.882,1.98854,47.4874,0,85,67,44,2760,10501,5.13629,166,16.9245,0,0,5451,20134881225
387.344,2.58168,47.4874,0,85,67,44,2760,10501,5.13629,166,16.9245,0,0,5451,20137463235
391.585,2.55372,47.4874,0,85,67,44,2760,10501,5.13629,166,16.9245,0,0,5451,20140017292
245.736,4.06941,47.4874,0,85,67,44,2760,10501,5.13629,166,16.9245,0,0,5451,20144087170
414.51,2.41248,47.4874,0,85,67,44,2760,10501,5.13629,166,16.9245,0,0,5451,20146500039
246.69,4.05367,47.4874,0,85,67,44,2760,10501,5.13629,166,16.9245,0,0,5451,20150554022
1578.72,0.633425,47.4874,0,85,67,44,2760,10501,5.13629,166,16.9245,0,0,5451,20151187717
399.581,2.50262,47.4874,0,85,67,44,2760,10501,5.13629,166,16.9245,0,0,5451,20153690830
212.414,4.70779,47.4874,0,85,67,44,2760,10501,5.13629,166,16.9245,0,0,5451,20158398969
335.813,2.97785,47.4874,0,85,67,44,2760,10501,5.13629,166,16.9245,0,0,5451,20161377050
673.548,1.48468,47.4874,0,85,67,44,2760,10501,5.13629,166,16.9245,0,0,5451,20162862014
745.153,1.34201,47.4874,0,85,67,44,2760,10501,5.13629,166,16.9245,0,0,5451,20164204357
151.286,6.60998,47.4874,0,85,67,44,2760,10501,5.13629,166,16.9245,0,0,5451,20170814811
600.369,1.66564,47.4874,0,85,67,44,2760,10501,5.13629,166,16.9245,0,0,5451,20172480809
565.42,1.7686,47.4874,0,85,67,44,2760,10501,5.13629,166,16.9245,0,0,5451,20174249705
335.731,2.97857,47.4874,0,85,67,44,2760,10501,5.13629,166,16.9245,0,0,5451,20177228690
608.8,1.64258,47.4874,0,85,67,44,2760,10501,5.13629,166,16.9245,0,0,5451,20178871467
348.486,2.86956,47.4874,0,85,67,44,2760,10501,5.13629,166,16.9245,0,0,5451,20181741352
355.609,2.81208,47.4874,0,85,67,44,2760,10501,5.13629,166,16.9245,0,0,5451,20184553937
424.129,2.35777,47.4874,0,85,67,44,2760,10501,5.13629,166,16.9245,0,0,5451,20186911930
388.374,2.57484,47.4874,0,85,67,44,2760,10501,5.13629,166,16.9245,0,0,5451,20189487046
318.805,3.13671,47.4874,0,85,67,44,2760,10501,5.13629,166,16.9245,0,0,5451,20192624305
250.8,3.98724,47.4874,0,85,67,44,2760,10501,5.13629,166,16.9245,0,0,5451,20196611901
603.287,1.65759,47.4874,0,85,67,44,2760,10501,5.13629,166,16.9245,0,0,5451,20198269649
474.114,2.1092,47.4874,0,85,67,44,2760,10501,5.13629,166,16.9245,0,0,5451,20200379259
341.203,2.93081,47.4874,0,85,67,44,2760,10501,5.13629,166,16.9245,0,0,5451,20203310300
376.051,2.65921,47.4874,0,85,67,44,2760,10501,5.13629,166,16.9245,0,0,5451,20205969793
348.795,2.86701,47.4874,0,85,67,44,2760,10501,5.13629,166,16.9245,0,0,5451,20208837236
193.44,5.16957,47.4874,0,85,67,44,2760,10501,5.13629,166,16.9245,0,0,5451,20214007064
803.714,1.24422,47.4874,0,85,67,44,2760,10501,5.13629,166,16.9245,0,0,5451,20215251693
595.344,1.6797,47.4874,0,85,67,44,2760,10501,5.13629,166,16.9245,0,0,5451,20216931778
296.937,3.36772,47.4874,0,85,67,44,2760,10501,5.13629,166,16.9245,0,0,5451,20220299699
498.906,2.00438,47.4874,0,85,67,44,2760,10501,5.13629,166,16.9245,0,0,5451,20222304402
254.357,3.93148,47.4874,0,85,67,44,2760,10501,5.13629,166,16.9245,0,0,5451,20226236294
285.826,3.49863,47.4874,0,85,67,44,2760,10501,5.13629,166,16.9245,0,0,5451,20229735200
535.523,1.86733,47.4874,0,85,67,44,2760,10501,5.13629,166,16.9245,0,0,5451,20231604359
266.692,3.74964,47.4874,0,85,67,44,2760,10501,5.13629,166,16.9245,0,0,5451,20235352822
255.911,3.9076,47.4874,0,85,67,44,2760,10501,5.13629,166,16.9245,0,0,5451,20239260761
1268.82,0.788132,47.4874,0,85,67,44,2760,10501,5.13629,166,16.9245,0,0,5451,20240049115
275.566,3.6289,47.4874,0,85,67,44,2760,10501,5.13629,166,16.9245,0,0,5451,20243678439
1068.31,0.936061,47.4874,0,85,67,44,2760,10501,5.13629,166,16.9245,0,0,5451,20244614778
354.461,2.82118,47.4874,0,85,67,44,2760,10501,5.13629,166,16.9245,0,0,5451,20247436402
391.2,2.55624,47.4874,0,85,67,44,2760,10501,5.13629,166,16.9245,0,0,5451,20249992979
330.786,3.0231,47.4874,0,85,67,44,2760,10501,5.13629,166,16.9245,0,0,5451,20253016398
412.303,2.4254,47.4874,0,85,67,44,2760,10501,5.13629,166,16.9245,0,0,5451,20255442143
345.712,2.89258,47.4874,0,85,67,44,2760,10501,5.13629,166,16.9245,0,0,5451,20258335029
348.153,2.8723,47.4874,0,85,67,44,2760,10501,5.13629,166,16.9245,0,0,5451,20261207645
393.922,2.53858,47.4874,0,85,67,44,2760,10501,5.13629,166,16.9245,0,0,5451,20263746577
394.489,2.53492,47.4874,0,85,67,44,2760,10501,5.13629,166,16.9245,0,0,5451,20266281864
331.248,3.01889,47.4874,0,85,67,44,2760,10501,5.13629,166,16.9245,0,0,5451,20269301072
415.405,2.40729,47.4874,0,85,67,44,2760,10501,5.13629,166,16.9245,0,0,5451,20271708653
392.374,2.54859,47.4874,0,85,67,44,2760,10501,5.13629,166,16.9245,0,0,5451,20274257623
191.495,5.22208,47.4874,0,85,67,44,2760,10501,5.13629,166,16.9245,0,0,5451,20279480088
648.329,1.54243,47.4874,0,85,67,44,2760,10501,5.13629,166,16.9245,0,0,5451,20281022823
407.092,2.45645,47.4874,0,85,67,44,2760,10501,5.13629,166,16.9245,0,0,5451,20283479665
443.997,2.25227,47.4874,0,85,67,44,2760,10501,5.13629,166,16.9245,0,0,5451,20285732443
333.871,2.99517,47.4874,0,85,67,44,2760,10501,5.13629,166,16.9245,0,0,5451,20288727938
414.565,2.41217,47.4874,0,85,67,44,2760,10501,5.13629,166,16.9245,0,0,5451,20291140471
314.988,3.17472,47.4874,0,85,67,44,2760,10501,5.13629,166,16.9245,0,0,5451,20294315424
429.509,2.32824,47.4874,0,85,67,44,2760,10501,5.13629,166,16.9245,0,0,5451,20296644003
350.735,2.85115,47.4874,0,85,67,44,2760,10501,5.13629,166,16.9245,0,0,5451,20299495493
369.08,2.70944,47.4874,0,85,67,44,2760,10501,5.13629,166,16.9245,0,0,5451,20302205209
234.719,4.26041,47.4874,0,85,67,44,2760,10501,5.13629,166,16.9245,0,0,5451,20306468593
579.371,1.72601,46.0459,0,84,67,44,2760,10501,5.13629,166,16.923,0,0,5435,20308192277
498.803,2.0048,46.0459,0,84,67,44,2760,10501,5.13629,166,16.923,0,0,5435,20310197373
426.29,2.34582,46.0459,0,84,67,44,2760,10501,5.13629,166,16.923,0,0,5435,20312543500
353.218,2.83112,46.0459,0,84,67,44,2760,10501,5.13629,166,16.923,0,0,5435,20315374971
390.383,2.56159,46.0459,0,84,67,44,2760,10501,5.13629,166,16.923,0,0,5435,20317936884
365.034,2.73947,46.0459,0,84,67,44,2760,10501,5.13629,166,16.923,0,0,5435,20320676707
414.481,2.41266,46.0459,0,84,67,44,2760,10501,5.13629,166,16.923,0,0,5435,20323089702
354.851,2.81808,46.0459,0,84,67,44,2760,10501,5.13629,166,16.923,0,0,5435,20325908124
413.53,2.41821,46.0459,0,84,67,44,2760,10501,5.13629,166,16.923,0,0,5435,20328326715
236.493,4.22846,46.0459,0,84,67,44,2760,10501,5.13629,166,16.923,0,0,5435,20332555415
438.354,2.28126,46.0459,0,84,67,44,2760,10501,5.13629,166,16.923,0,0,5435,20334837049
546.464,1.82995,46.0459,0,84,67,44,2760,10501,5.13629,166,16.923,0,0,5435,20336667255
421.783,2.37089,46.0459,0,84,67,44,2760,10501,5.13629,166,16.923,0,0,5435,20339038576
361.75,2.76434,46.0459,0,84,67,44,2760,10501,5.13629,166,16.923,0,0,5435,20341803169
382.84,2.61206,46.0459,0,84,67,44,2760,10501,5.13629,166,16.923,0,0,5435,20344415670
390.951,2.55786,46.0459,0,84,67,44,2760,10501,5.13629,166,16.923,0,0,5435,20346973737
352.954,2.83323,46.0459,0,84,67,44,2760,10501,5.13629,166,16.923,0,0,5435,20349807371
286.123,3.495,46.0459,0,84,67,44,2760,10501,5.13629,166,16.923,0,0,5435,20353302643
443.713,2.25371,46.0459,0,84,67,44,2760,10501,5.13629,166,16.923,0,0,5435,20355556796
281.955,3.54667,46.0459,0,84,67,44,2760,10501,5.13629,166,16.923,0,0,5435,20359103877
463.879,2.15574,46.0459,0,84,67,44,2760,10501,5.13629,166,16.923,0,0,5435,20361259844
358.906,2.78625,46.0459,0,84,67,44,2760,10501,5.13629,166,16.923,0,0,5435,20364046601
507.332,1.97109,46.0459,0,84,67,44,2760,10501,5.13629,166,16.923,0,0,5435,20366017850
360.989,2.77017,46.0459,0,84,67,44,2760,10501,5.13629,166,16.923,0,0,5435,20368788328
288.231,3.46944,46.0459,0,84,67,44,2760,10501,5.13629,166,16.923,0,0,5435,20372258080
551.521,1.81317,46.0459,0,84,67,44,2760,10501,5.13629,166,16.923,0,0,5435,20374071574
358.312,2.79086,46.0459,0,84,67,44,2760,10501,5.13629,166,16.923,0,0,5435,20376862735
359.471,2.78186,46.0459,0,84,67,44,2760,10501,5.13629,166,16.923,0,0,5435,20379645011
383.905,2.60481,46.0459,0,84,67,44,2760,10501,5.13629,166,16.923,0,0,5435,20382250128
148.507,6.7337,46.0459,0,84,67,44,2760,10501,5.13629,166,16.923,0,0,5435,20388984191
624.716,1.60073,46.0459,0,84,67,44,2760,10501,5.13629,166,16.923,0,0,5435,20390585178
400.134,2.49916,46.0459,0,84,67,44,2760,10501,5.13629,166,16.923,0,0,5435,20393084628
402.53,2.48429,46.0459,0,84,67,44,2760,10501,5.13629,166,16.923,0,0,5435,20395569336
382.771,2.61253,46.0459,0,84,67,44,2760,10501,5.13629,166,16.923,0,0,5435,20398182232
300.908,3.32328,46.0459,0,84,67,44,2760,10501,5.13629,166,16.923,0,0,5435,20401505710
413.806,2.41659,46.0459,0,84,67,44,2760,10501,5.13629,166,16.923,0,0,5435,20403922579
327.605,3.05246,46.0459,0,84,67,44,2760,10501,5.13629,166,16.923,0,0,5435,20406975413
437.462,2.28591,46.0459,0,84,67,44,2760,10501,5.13629,166,16.923,0,0,5435,20409261827
353.501,2.82885,46.0459,0,84,67,44,2760,10501,5.13629,166,16.923,0,0,5435,20412090903
276.614,3.61515,46.0459,0,84,67,44,2760,10501,5.13629,166,16.923,0,0,5435,20415706496
335.941,2.97672,46.0459,0,84,67,44,2760,10501,5.13629,166,16.923,0,0,5435,20418683471
614.615,1.62704,46.0459,0,84,67,44,2760,10501,5.13629,166,16.923,0,0,5435,20420310824
250.41,3.99345,46.0459,0,84,67,44,2760,10501,5.13629,166,16.923,0,0,5435,20424304651
598.62,1.67051,46.0459,0,84,67,44,2760,10501,5.13629,166,16.923,0,0,5435,20425975400
374.313,2.67156,46.0459,0,84,67,44,2760,10501,5.13629,166,16.923,0,0,5435,20428647393
388.264,2.57557,46.0459,0,84,67,44,2760,10501,5.13629,166,16.923,0,0,5435,20431223240
301.927,3.31206,46.0459,0,84,67,44,2760,10501,5.13629,166,16.923,0,0,5435,20434535601
533.95,1.87283,46.0459,0,84,67,44,2760,10501,5.13629,166,16.923,0,0,5435,20436408790
345.27,2.89628,46.0459,0,84,67,44,2760,10501,5.13629,166,16.923,0,0,5435,20439305454
309.887,3.22698,46.0459,0,84,67,44,2760,10501,5.13629,166,16.923,0,0,5435,20442532890
504.609,1.98173,46.0459,0,84,67,44,2760,10501,5.13629,166,16.923,0,0,5435,20444514736
347.068,2.88128,46.0459,0,84,67,44,2760,10501,5.13629,166,16.923,0,0,5435,20447396429
300.75,3.32502,46.0459,0,84,67,44,2760,10501,5.13629,166,16.923,0,0,5435,20450721753
437.972,2.28325,46.0459,0,84,67,44,2760,10501,5.13629,166,16.923,0,0,5435,20453005320
367.123,2.72388,46.0459,0,84,67,44,2760,10501,5.13629,166,16.923,0,0,5435,20455729527
233.175,4.28862,46.0459,0,84,67,44,2760,10501,5.13629,166,16.923,0,0,5435,20460018489
731.458,1.36713,46.0459,0,84,67,44,2760,10501,5.13629,166,16.923,0,0,5435,20461385929
258.711,3.86531,46.0459,0,84,67,44,2760,10501,5.13629,166,16.923,0,0,5435,20465251550
810.188,1.23428,46.0459,0,84,67,44,2760,10501,5.13629,166,16.923,0,0,5435,20466486197
287.482,3.47847,46.0459,0,84,67,44,2760,10501,5.13629,166,16.923,0,0,5435,20469965103
578.852,1.72756,46.0459,0,84,67,44,2760,10501,5.13629,166,16.923,0,0,5435,20471692940
225.649,4.43166,46.0459,0,84,67,44,2760,10501,5.13629,166,16.923,0,0,5435,20476125061
1296.73,0.77117,46.0459,0,84,67,44,2760,10501,5.13629,166,16.923,0,0,5435,20476896462
392.154,2.55002,46.0459,0,84,67,44,2760,10501,5.13629,166,16.923,0,0,5435,20479446865
367.281,2.72271,46.0459,0,84,67,44,2760,10501,5.13629,166,16.923,0,0,5435,20482169966
212.029,4.71633,46.0459,0,84,67,44,2760,10501,5.13629,166,16.923,0,0,5435,20486886818
409.321,2.44307,46.0459,0,84,67,44,2760,10501,5.13629,166,16.923,0,0,5435,20489330044
391.422,2.55479,46.0459,0,84,67,44,2760,10501,5.13629,166,16.923,0,0,5435,20491885130
535.689,1.86676,46.0459,0,84,67,44,2760,10501,5.13629,166,16.923,0,0,5435,20493752107
226.62,4.41268,46.0459,0,84,67,44,2760,10501,5.13629,166,16.923,0,0,5435,20498165573
831.154,1.20315,46.0459,0,84,67,44,2760,10501,5.13629,166,16.923,0,0,5435,20499368815
505.652,1.97764,46.0459,0,84,67,44,2760,10501,5.13629,166,16.923,0,0,5435,20501346747
367.335,2.72231,46.0459,0,84,67,44,2760,10501,5.13629,166,16.923,0,0,5435,20504069339
397.476,2.51587,46.0459,0,84,67,44,2760,10501,5.13629,166,16.923,0,0,5435,20506585539
325.735,3.06998,46.0459,0,84,67,44,2760,10501,5.13629,166,16.923,0,0,5435,20509655777
488.198,2.04835,46.0459,0,84,67,44,2760,10501,5.13629,166,16.923,0,0,5435,20511704558
360.596,2.77319,46.0459,0,84,67,44,2760,10501,5.13629,166,16.923,0,0,5435,20514477920
342.325,2.9212,46.0459,0,84,67,44,2760,10501,5.13629,166,16.923,0,0,5435,20517399538
458.882,2.17921,46.0459,0,84,67,44,2760,10501,5.13629,166,16.923,0,0,5435,20519579035
177.888,5.62153,46.0459,0,84,67,44,2760,10501,5.13629,166,16.923,0,0,5435,20525200887
1485.2,0.673312,46.0459,0,84,67,44,2760,10501,5.13629,166,16.923,0,0,5435,20525874564
481.568,2.07655,46.0459,0,84,67,44,2760,10501,5.13629,166,16.923,0,0,5435,20527951403
357.6,2.79642,46.0459,0,84,67,44,2760,10501,5.13629,166,16.923,0,0,5435,20530748296
379.835,2.63272,46.0459,0,84,67,44,2760,10501,5.13629,166,16.923,0,0,5435,20533381192
386.794,2.58536,46.0459,0,84,67,44,2760,10501,5.13629,166,16.923,0,0,5435,20535966904
350.293,2.85475,46.0459,0,84,67,44,2760,10501,5.13629,166,16.923,0,0,5435,20538821923
337.929,2.9592,46.0459,0,84,67,44,2760,10501,5.13629,166,16.923,0,0,5435,20541781610
433.039,2.30926,46.0459,0,84,67,44,2760,10501,5.13629,166,16.923,0,0,5435,20544091063
421.817,2.3707,46.0459,0,84,67,44,2760,10501,5.13629,166,16.923,0,0,5435,20546462181
221.048,4.5239,46.0459,0,84,67,44,2760,10501,5.13629,166,16.923,0,0,5435,20550986353
648.414,1.54223,46.0459,0,84,67,44,2760,10501,5.13629,166,16.923,0,0,5435,20552528876
318.822,3.13655,46.0459,0,84,67,44,2760,10501,5.13629,166,16.923,0,0,5435,20555665751
611.388,1.63562,46.0459,0,84,67,44,2760,10501,5.13629,166,16.923,0,0,5435,20557301902
341.474,2.92848,46.0459,0,84,67,44,2760,10501,5.13629,166,16.923,0,0,5435,20560230510
323.482,3.09136,46.0459,0,84,67,44,2760,10501,5.13629,166,16.923,0,0,5435,20563322182
452.992,2.20755,46.0459,0,84,67,44,2760,10501,5.13629,166,16.923,0,0,5435,20565530054
361.499,2.76626,46.0459,0,84,67,44,2760,10501,5.13629,166,16.923,0,0,5435,20568296628
366.88,2.72569,46.0459,0,84,67,44,2760,10501,5.13629,166,16.923,0,0,5435,20571022614
357.915,2.79396,46.0459,0,84,67,44,2760,10501,5.13629,166,16.923,0,0,5435,20573816958
225.385,4.43686,46.0459,0,84,67,44,2760,10501,5.13629,166,16.923,0,0,5435,20578254089
658.097,1.51953,46.0459,0,84,67,44,2760,10501,5.13629,166,16.923,0,0,5435,20579773928
524.324,1.90722,46.0459,0,84,67,44,2760,10501,5.13629,166,16.923,0,0,5435,20581681493
376.373,2.65694,46.0459,0,84,67,44,2760,10501,5.13629,166,16.923,0,0,5435,20584338765
376.07,2.65908,46.0459,0,84,67,44,2760,10501,5.13629,166,16.923,0,0,5435,20586998162
301.304,3.31891,46.0459,0,84,67,44,2760,10501,5.13629,166,16.923,0,0,5435,20590317399
338.315,2.95582,46.0459,0,84,67,44,2760,10501,5.13629,166,16.923,0,0,5435,20593273566
461.17,2.1684,46.0459,0,84,67,44,2760,10501,5.13629,166,16.923,0,0,5435,20595442255
490.878,2.03716,46.0459,0,84,67,44,2760,10501,5.13629,166,16.923,0,0,5435,20597479871
328.79,3.04146,46.0459,0,84,67,44,2760,10501,5.13629,166,16.923,0,0,5435,20600521503
214.384,4.66453,46.0459,0,84,67,44,2760,10501,5.13629,166,16.923,0,0,5435,20605186352
826.208,1.21035,46.0459,0,84,67,44,2760,10501,5.13629,166,16.923,0,0,5435,20606397008
505.119,1.97973,46.0459,0,84,67,44,2760,10501,5.13629,166,16.923,0,0,5435,20608377229
340.053,2.94071,46.0459,0,84,67,44,2760,10501,5.13629,166,16.923,0,0,5435,20611318155
419.498,2.3838,46.0459,0,84,67,44,2760,10501,5.13629,166,16.923,0,0,5435,20613702264
419.437,2.38415,46.0459,0,84,67,44,2760,10501,5.13629,166,16.923,0,0,5435,20616086748
322.681,3.09904,46.0459,0,84,67,44,2760,10501,5.13629,166,16.923,0,0,5435,20619186074
195.791,5.1075,46.0459,0,84,67,44,2760,10501,5.13629,166,16.923,0,0,5435,20624293890
1621.95,0.61654,46.0459,0,84,67,44,2760,10501,5.13629,166,16.923,0,0,5435,20624910498
415.35,2.40761,46.0459,0,84,67,44,2760,10501,5.13629,166,16.923,0,0,5435,20627318694
179.514,5.57059,46.0459,0,84,67,44,2760,10501,5.13629,166,16.923,0,0,5435,20632889632
712.627,1.40326,46.0459,0,84,67,44,2760,10501,5.13629,166,16.923,0,0,5435,20634293131
439.093,2.27742,46.0459,0,84,67,44,2760,10501,5.13629,166,16.923,0,0,5435,20636570890
383.836,2.60528,46.0459,0,84,67,44,2760,10501,5.13629,166,16.923,0,0,5435,20639176517
266.827,3.74775,46.0459,0,84,67,44,2760,10501,5.13629,166,16.923,0,0,5435,20642924855
476.851,2.09709,46.0459,0,84,67,44,2760,10501,5.13629,166,16.923,0,0,5435,20645022089
399.802,2.50124,46.0459,0,84,67,44,2760,10501,5.13629,166,16.923,0,0,5435,20647523654
501.565,1.99376,46.0459,0,84,67,44,2760,10501,5.13629,166,16.923,0,0,5435,20649517798
325.708,3.07024,46.0459,0,84,67,44,2760,10501,5.13629,166,16.923,0,0,5435,20652588305
359.459,2.78196,46.0459,0,84,67,44,2760,10501,5.13629,166,16.923,0,0,5435,20655370784
215.437,4.64172,46.0459,0,84,67,44,2760,10501,5.13629,166,16.923,0,0,5435,20660012844
618.854,1.61589,46.0459,0,84,67,44,2760,10501,5.13629,166,16.923,0,0,5435,20661629100
447.832,2.23298,46.0459,0,84,67,44,2760,10501,5.13629,166,16.923,0,0,5435,20663862301
211.594,4.72602,46.0459,0,84,67,44,2760,10501,5.13629,166,16.923,0,0,5435,20668588883
566.609,1.76489,46.0459,0,84,67,44,2760,10501,5.13629,166,16.923,0,0,5435,20670354010
526.839,1.89811,46.0459,0,84,67,44,2760,10501,5.13629,166,16.923,0,0,5435,20672252333
396.671,2.52098,46.0459,0,84,67,44,2760,10501,5.13629,166,16.923,0,0,5435,20674773678
398.152,2.5116,46.0459,0,84,67,44,2760,10501,5.13629,166,16.923,0,0,5435,20677285570
354.442,2.82134,46.0459,0,84,67,44,2760,10501,5.13629,166,16.923,0,0,5435,20680107252
355.708,2.8113,46.0459,0,84,67,44,2760,10501,5.13629,166,16.923,0,0,5435,20682918962
271.123,3.68836,46.0459,0,84,67,44,2760,10501,5.13629,166,16.923,0,0,5435,20686607625
601.713,1.66192,46.0459,0,84,67,44,2760,10501,5.13629,166,16.923,0,0,5435,20688269883
403.876,2.47601,46.0459,0,84,67,44,2760,10501,5.13629,166,16.923,0,0,5435,20690746149
341.375,2.92933,46.0459,0,84,67,44,2760,10501,5.13629,166,16.923,0,0,5435,20693675853
386.214,2.58924,46.0459,0,84,67,44,2760,10501,5.13629,166,16.923,0,0,5435,20696265517
360.408,2.77463,46.0459,0,84,67,44,2760,10501,5.13629,166,16.923,0,0,5435,20699040371
422.635,2.36611,46.0459,0,84,67,44,2760,10501,5.13629,166,16.923,0,0,5435,20701406921
339.163,2.94844,46.0459,0,84,67,44,2760,10501,5.13629,166,16.923,0,0,5435,20704355665
373.791,2.67529,46.0459,0,84,67,44,2760,10501,5.13629,166,16.923,0,0,5435,20707031284
257.082,3.8898,46.0459,0,84,67,44,2760,10501,5.13629,166,16.923,0,0,5435,20710921357
369.116,2.70918,46.0459,0,84,67,44,2760,10501,5.13629,166,16.923,0,0,5435,20713630881
616.751,1.6214,46.0459,0,84,67,44,2760,10501,5.13629,166,16.923,0,0,5435,20715252686
375.445,2.6635,46.0459,0,84,67,44,2760,10501,5.13629,166,16.923,0,0,5435,20717916449
279.811,3.57384,46.0459,0,84,67,44,2760,10501,5.13629,166,16.923,0,0,5435,20721490771
335.586,2.97986,46.0459,0,84,67,44,2760,10501,5.13629,166,16.923,0,0,5435,20724470958
459.582,2.17589,46.0459,0,84,67,44,2760,10501,5.13629,166,16.923,0,0,5435,20726647051
388.848,2.5717,46.0459,0,84,67,44,2760,10501,5.13629,166,16.923,0,0,5435,20729219070
458.084,2.18301,46.0459,0,84,67,44,2760,10501,5.13629,166,16.923,0,0,5435,20731402413
343.899,2.90783,46.0459,0,84,67,44,2760,10501,5.13629,166,16.923,0,0,5435,20734310559
416.764,2.39944,46.0459,0,84,67,44,2760,10501,5.13629,166,16.923,0,0,5435,20736710303
289.343,3.45611,46.0459,0,84,67,44,2760,10501,5.13629,166,16.923,0,0,5435,20740166805
554.391,1.80378,46.0459,0,84,67,44,2760,10501,5.13629,166,16.923,0,0,5435,20741970990
462.435,2.16247,46.0459,0,84,67,44,2760,10501,5.13629,166,16.923,0,0,5435,20744133890
337.072,2.96673,46.0459,0,84,67,44,2760,10501,5.13629,166,16.923,0,0,5435,20747100894
355.506,2.81289,46.0459,0,84,67,44,2760,10501,5.13629,166,16.923,0,0,5435,20749914046
191.781,5.21427,46.0459,0,84,67,44,2760,10501,5.13629,166,16.923,0,0,5435,20755128847
1543.96,0.647685,46.0459,0,84,67,44,2760,10501,5.13629,166,16.923,0,0,5435,20755776696
563.624,1.77423,46.0459,0,84,67,44,2760,10501,5.13629,166,16.923,0,0,5435,20757551333
365.698,2.7345,46.0459,0,84,67,44,2760,10501,5.13629,166,16.923,0,0,5435,20760286079
322.699,3.09886,46.0459,0,84,67,44,2760,10501,5.13629,166,16.923,0,0,5435,20763385481
268.741,3.72106,46.0459,0,84,67,44,2760,10501,5.13629,166,16.923,0,0,5435,20767106760
521.521,1.91747,46.0459,0,84,67,44,2760,10501,5.13629,166,16.923,0,0,5435,20769024537
386.298,2.58867,46.0459,0,84,67,44,2760,10501,5.13629,166,16.923,0,0,5435,20771613528
333.499,2.99851,46.0459,0,84,67,44,2760,10501,5.13629,166,16.923,0,0,5435,20774612398
321.5,3.11042,46.0459,0,84,67,44,2760,10501,5.13629,166,16.923,0,0,5435,20777723224
435.87,2.29426,46.0459,0,84,67,44,2760,10501,5.13629,166,16.923,0,0,5435,20780017724
423.832,2.35943,46.0459,0,84,67,44,2760,10501,5.13629,166,16.923,0,0,5435,20782377477
339.624,2.94443,46.0459,0,84,67,44,2760,10501,5.13629,166,16.923,0,0,5435,20785322249
332.156,3.01063,46.0459,0,84,67,44,2760,10501,5.13629,166,16.923,0,0,5435,20788333168
514.091,1.94518,46.0459,0,84,67,44,2760,10501,5.13629,166,16.923,0,0,5435,20790278676
244.07,4.09719,46.0459,0,84,67,44,2760,10501,5.13629,166,16.923,0,0,5435,20794376218
543.448,1.8401,46.0459,0,84,67,44,2760,10501,5.13629,166,16.923,0,0,5435,20796216530
408.843,2.44593,46.0459,0,84,67,44,2760,10501,5.13629,166,16.923,0,0,5435,20798662766
305.433,3.27404,46.0459,0,84,67,44,2760,10501,5.13629,166,16.923,0,0,5435,20801937175
482.717,2.07161,46.0459,0,84,67,44,2760,10501,5.13629,166,16.923,0,0,5435,20804009206
387.116,2.5832,46.0459,0,84,67,44,2760,10501,5.13629,166,16.923,0,0,5435,20806594341
271.554,3.68251,45.5128,0,84,66,44,2760,10501,5.13707,166,16.9225,0,0,5438,20810275456
521.461,1.91769,45.5128,0,84,66,44,2760,10501,5.13707,166,16.9225,0,0,5438,20812193511
245.919,4.06638,45.5128,0,84,66,44,2760,10501,5.13707,166,16.9225,0,0,5438,20816260148
655.856,1.52472,45.5128,0,84,66,44,2760,10501,5.13707,166,16.9225,0,0,5438,20817785199
307.991,3.24685,45.5128,0,84,66,44,2760,10501,5.13707,166,16.9225,0,0,5438,20821032366
456.728,2.18949,45.5128,0,84,66,44,2760,10501,5.13707,166,16.9225,0,0,5438,20823222142
482.423,2.07287,45.5128,0,84,66,44,2760,10501,5.13707,166,16.9225,0,0,5438,20825295327
319.623,3.12868,45.5128,0,84,66,44,2760,10501,5.13707,166,16.9225,0,0,5438,20828424394
417.191,2.39699,45.5128,0,84,66,44,2760,10501,5.13707,166,16.9225,0,0,5438,20830821600
362.773,2.75655,45.5128,0,84,66,44,2760,10501,5.13707,166,16.9225,0,0,5438,20833578539
383.997,2.60418,45.5128,0,84,66,44,2760,10501,5.13707,166,16.9225,0,0,5438,20836183002
323.756,3.08875,45.5128,0,84,66,44,2760,10501,5.13707,166,16.9225,0,0,5438,20839272087
464.916,2.15093,45.5128,0,84,66,44,2760,10501,5.13707,166,16.9225,0,0,5438,20841423246
334.16,2.99258,45.5128,0,84,66,44,2760,10501,5.13707,166,16.9225,0,0,5438,20844416145
152.239,6.56862,45.5128,0,84,66,44,2760,10501,5.13707,166,16.9225,0,0,5438,20850985164
831.407,1.20278,45.5128,0,84,66,44,2760,10501,5.13707,166,16.9225,0,0,5438,20852188378
403.762,2.47671,45.5128,0,84,66,44,2760,10501,5.13707,166,16.9225,0,0,5438,20854665480
344.861,2.89972,45.5128,0,84,66,44,2760,10501,5.13707,166,16.9225,0,0,5438,20857565626
309.714,3.22878,45.5128,0,84,66,44,2760,10501,5.13707,166,16.9225,0,0,5438,20860794956
363.912,2.74792,45.5128,0,84,66,44,2760,10501,5.13707,166,16.9225,0,0,5438,20863543251
552.122,1.8112,45.5128,0,84,66,44,2760,10501,5.13707,166,16.9225,0,0,5438,20865354725
401.278,2.49204,45.5128,0,84,66,44,2760,10501,5.13707,166,16.9225,0,0,5438,20867847069
291.476,3.43082,45.5128,0,84,66,44,2760,10501,5.13707,166,16.9225,0,0,5438,20871278213
495.247,2.01919,45.5128,0,84,66,44,2760,10501,5.13707,166,16.9225,0,0,5438,20873297772
252.611,3.95865,45.5128,0,84,66,44,2760,10501,5.13707,166,16.9225,0,0,5438,20877256828
439.758,2.27398,45.5128,0,84,66,44,2760,10501,5.13707,166,16.9225,0,0,5438,20879531030
534.258,1.87176,45.5128,0,84,66,44,2760,10501,5.13707,166,16.9225,0,0,5438,20881403131
281.753,3.54921,45.5128,0,84,66,44,2760,10501,5.13707,166,16.9225,0,0,5438,20884952655
604.838,1.65333,45.5128,0,84,66,44,2760,10501,5.13707,166,16.9225,0,0,5438,20886606384
318.688,3.13787,45.5128,0,84,66,44,2760,10501,5.13707,166,16.9225,0,0,5438,20889744528
280.057,3.57071,45.5128,0,84,66,44,2760,10501,5.13707,166,16.9225,0,0,5438,20893315590
699.559,1.42947,45.5128,0,84,66,44,2760,10501,5.13707,166,16.9225,0,0,5438,20894745369
348.059,2.87308,45.5128,0,84,66,44,2760,10501,5.13707,166,16.9225,0,0,5438,20897618735
233.894,4.27543,45.5128,0,84,66,44,2760,10501,5.13707,166,16.9225,0,0,5438,20901894726
360.333,2.77521,45.5128,0,84,66,44,2760,10501,5.13707,166,16.9225,0,0,5438,20904670050
1069.94,0.934628,45.5128,0,84,66,44,2760,10501,5.13707,166,16.9225,0,0,5438,20905605216
196.973,5.07683,45.5128,0,84,66,44,2760,10501,5.13707,166,16.9225,0,0,5438,20910682416
1290.73,0.774757,45.5128,0,84,66,44,2760,10501,5.13707,166,16.9225,0,0,5438,20911457384
502.42,1.99037,45.5128,0,84,66,44,2760,10501,5.13707,166,16.9225,0,0,5438,20913448105
303.245,3.29766,45.5128,0,84,66,44,2760,10501,5.13707,166,16.9225,0,0,5438,20916746063
466.446,2.14387,45.5128,0,84,66,44,2760,10501,5.13707,166,16.9225,0,0,5438,20918890270
303.818,3.29145,45.5128,0,84,66,44,2760,10501,5.13707,166,16.9225,0,0,5438,20922182130
419.689,2.38271,45.5128,0,84,66,44,2760,10501,5.13707,166,16.9225,0,0,5438,20924565086
330.773,3.02322,45.5128,0,84,66,44,2760,10501,5.13707,166,16.9225,0,0,5438,20927588620
443.327,2.25567,45.5128,0,84,66,44,2760,10501,5.13707,166,16.9225,0,0,5438,20929844668
405.634,2.46528,45.5128,0,84,66,44,2760,10501,5.13707,166,16.9225,0,0,5438,20932310260
390.014,2.56401,45.5128,0,84,66,44,2760,10501,5.13707,166,16.9225,0,0,5438,20934874568
374.345,2.67133,45.5128,0,84,66,44,2760,10501,5.13707,166,16.9225,0,0,5438,20937547783
356.421,2.80567,45.5128,0,84,66,44,2760,10501,5.13707,166,16.9225,0,0,5438,20940353387
388.567,2.57356,45.5128,0,84,66,44,2760,10501,5.13707,166,16.9225,0,0,5438,20942927243
366.646,2.72743,45.5128,0,84,66,44,2760,10501,5.13707,166,16.9225,0,0,5438,20945655037
280.989,3.55886,45.5128,0,84,66,44,2760,10501,5.13707,166,16.9225,0,0,5438,20949214138
524.482,1.90664,45.5128,0,84,66,44,2760,10501,5.13707,166,16.9225,0,0,5438,20951121115
197.74,5.05715,45.5128,0,84,66,44,2760,10501,5.13707,166,16.9225,0,0,5438,20956178872
683.073,1.46397,45.5128,0,84,66,44,2760,10501,5.13707,166,16.9225,0,0,5438,20957642960
602.278,1.66036,45.5128,0,84,66,44,2760,10501,5.13707,166,16.9225,0,0,5438,20959303660
361.107,2.76927,45.5128,0,84,66,44,2760,10501,5.13707,166,16.9225,0,0,5438,20962073273
365.814,2.73363,45.5128,0,84,66,44,2760,10501,5.13707,166,16.9225,0,0,5438,20964807221
365.659,2.73479,45.5128,0,84,66,44,2760,10501,5.13707,166,16.9225,0,0,5438,20967542448
372.844,2.68209,45.5128,0,84,66,44,2760,10501,5.13707,166,16.9225,0,0,5438,20970224653
393.536,2.54107,45.5128,0,84,66,44,2760,10501,5.13707,166,16.9225,0,0,5438,20972766075
336.245,2.97402,45.5128,0,84,66,44,2760,10501,5.13707,166,16.9225,0,0,5438,20975740445
353.051,2.83245,45.5128,0,84,66,44,2760,10501,5.13707,166,16.9225,0,0,5438,20978573213
196.664,5.08482,45.5128,0,84,66,44,2760,10501,5.13707,166,16.9225,0,0,5438,20983658366
389.923,2.56461,45.5128,0,84,66,44,2760,10501,5.13707,166,16.9225,0,0,5438,20986223433
581.285,1.72033,45.5128,0,84,66,44,2760,10501,5.13707,166,16.9225,0,0,5438,20987943904
249.456,4.00873,45.5128,0,84,66,44,2760,10501,5.13707,166,16.9225,0,0,5438,20991953155
1682.76,0.594261,45.5128,0,84,66,44,2760,10501,5.13707,166,16.9225,0,0,5438,20992547636
331.925,3.01273,45.5128,0,84,66,44,2760,10501,5.13707,166,16.9225,0,0,5438,20995560680
453.482,2.20516,45.5128,0,84,66,44,2760,10501,5.13707,166,16.9225,0,0,5438,20997766197
319.734,3.1276,45.5128,0,84,66,44,2760,10501,5.13707,166,16.9225,0,0,5438,21000894302
345.397,2.89522,45.5128,0,84,66,44,2760,10501,5.13707,166,16.9225,0,0,5438,21003789861
393.085,2.54398,45.5128,0,84,66,44,2760,10501,5.13707,166,16.9225,0,0,5438,21006334187
298.994,3.34455,45.5128,0,84,66,44,2760,10501,5.13707,166,16.9225,0,0,5438,21009679002
224.664,4.45108,45.5128,0,84,66,44,2760,10501,5.13707,166,16.9225,0,0,5438,21014130460
590.604,1.69318,45.5128,0,84,66,44,2760,10501,5.13707,166,16.9225,0,0,5438,21015823988
581.477,1.71976,45.5128,0,84,66,44,2760,10501,5.13707,166,16.9225,0,0,5438,21017544113
345.626,2.8933,45.5128,0,84,66,44,2760,10501,5.13707,166,16.9225,0,0,5438,21020437893
391.264,2.55582,45.5128,0,84,66,44,2760,10501,5.13707,166,16.9225,0,0,5438,21022994028
377.251,2.65075,45.5128,0,84,66,44,2760,10501,5.13707,166,16.9225,0,0,5438,21025645357
302.844,3.30203,45.5128,0,84,66,44,2760,10501,5.13707,166,16.9225,0,0,5438,21028947767
299.862,3.33487,45.5128,0,84,66,44,2760,10501,5.13707,166,16.9225,0,0,5438,21032282831
335.144,2.98379,45.5128,0,84,66,44,2760,10501,5.13707,166,16.9225,0,0,5438,21035267076
733.067,1.36413,45.5128,0,84,66,44,2760,10501,5.13707,166,16.9225,0,0,5438,21036631439
395.71,2.5271,45.5128,0,84,66,44,2760,10501,5.13707,166,16.9225,0,0,5438,21039158995
380.954,2.62499,45.5128,0,84,66,44,2760,10501,5.13707,166,16.9225,0,0,5438,21041784170
286.061,3.49576,45.5128,0,84,66,44,2760,10501,5.13707,166,16.9225,0,0,5438,21045280231
570.776,1.752,45.5128,0,84,66,44,2760,10501,5.13707,166,16.9225,0,0,5438,21047032588
265.14,3.77159,45.5128,0,84,66,44,2760,10501,5.13707,166,16.9225,0,0,5438,21050804580
546.728,1.82906,45.5128,0,84,66,44,2760,10501,5.13707,166,16.9225,0,0,5438,21052634007
202.758,4.93198,45.5128,0,84,66,44,2760,10501,5.13707,166,16.9225,0,0,5438,21057566433
621.03,1.61023,45.5128,0,84,66,44,2760,10501,5.13707,166,16.9225,0,0,5438,21059177016
456.776,2.18926,45.5128,0,84,66,44,2760,10501,5.13707,166,16.9225,0,0,5438,21061366523
412.827,2.42232,45.5128,0,84,66,44,2760,10501,5.13707,166,16.9225,0,0,5438,21063789200
435.332,2.2971,45.5128,0,84,66,44,2760,10501,5.13707,166,16.9225,0,0,5438,21066086691
400.093,2.49942,45.5128,0,84,66,44,2760,10501,5.13707,166,16.9225,0,0,5438,21068586487
329.674,3.0333,45.5128,0,84,66,44,2760,10501,5.13707,166,16.9225,0,0,5438,21071620147
348.694,2.86785,45.5128,0,84,66,44,2760,10501,5.13707,166,16.9225,0,0,5438,21074488378
461.636,2.16621,45.5128,0,84,66,44,2760,10501,5.13707,166,16.9225,0,0,5438,21076655163
343.551,2.91077,45.5128,0,84,66,44,2760,10501,5.13707,166,16.9225,0,0,5438,21079566251
375.589,2.66248,45.5128,0,84,66,44,2760,10501,5.13707,166,16.9225,0,0,5438,21082229130
347.048,2.88144,45.5128,0,84,66,44,2760,10501,5.13707,166,16.9225,0,0,5438,21085111082
414.661,2.41161,45.5128,0,84,66,44,2760,10501,5.13707,166,16.9225,0,0,5438,21087522962
302.409,3.30678,45.5128,0,84,66,44,2760,10501,5.13707,166,16.9225,0,0,5438,21090830102
428.274,2.33495,45.5128,0,84,66,44,2760,10501,5.13707,166,16.9225,0,0,5438,21093165421
224.858,4.44726,45.5128,0,84,66,44,2760,10501,5.13707,166,16.9225,0,0,5438,21097613263
1285.38,0.777978,45.5128,0,84,66,44,2760,10501,5.13707,166,16.9225,0,0,5438,21098391626
383.485,2.60767,45.5128,0,84,66,44,2760,10501,5.13707,166,16.9225,0,0,5438,21100999560
414.801,2.41079,45.5128,0,84,66,44,2760,10501,5.13707,166,16.9225,0,0,5438,21103410641
343.275,2.91312,45.5128,0,84,66,44,2760,10501,5.13707,166,16.9225,0,0,5438,21106324201
350.059,2.85666,45.5128,0,84,66,44,2760,10501,5.13707,166,16.9225,0,0,5438,21109181172
380.737,2.62648,45.5128,0,84,66,44,2760,10501,5.13707,166,16.9225,0,0,5438,21111808213
390.231,2.56259,45.5128,0,84,66,44,2760,10501,5.13707,166,16.9225,0,0,5438,21114370847
313.424,3.19057,45.5128,0,84,66,44,2760,10501,5.13707,166,16.9225,0,0,5438,21117561801
570.022,1.75432,45.5128,0,84,66,44,2760,10501,5.13707,166,16.9225,0,0,5438,21119316399
331.935,3.01264,45.5128,0,84,66,44,2760,10501,5.13707,166,16.9225,0,0,5438,21122329500
344.938,2.89907,45.5128,0,84,66,44,2760,10501,5.13707,166,16.9225,0,0,5438,21125228954
383.826,2.60535,45.5128,0,84,66,44,2760,10501,5.13707,166,16.9225,0,0,5438,21127834532
397.602,2.51507,45.5128,0,84,66,44,2760,10501,5.13707,166,16.9225,0,0,5438,21130349915
257.405,3.88493,45.5128,0,84,66,44,2760,10501,5.13707,166,16.9225,0,0,5438,21134235440
759.631,1.31643,45.5128,0,84,66,44,2760,10501,5.13707,166,16.9225,0,0,5438,21135552032
358.67,2.78807,45.5128,0,84,66,44,2760,10501,5.13707,166,16.9225,0,0,5438,21138340549
339.578,2.94483,45.5128,0,84,66,44,2760,10501,5.13707,166,16.9225,0,0,5438,21141285591
204.583,4.88798,45.5128,0,84,66,44,2760,10501,5.13707,166,16.9225,0,0,5438,21146174073
1349.19,0.741188,45.5128,0,84,66,44,2760,10501,5.13707,166,16.9225,0,0,5438,21146915386
439.237,2.27667,45.5128,0,84,66,44,2760,10501,5.13707,166,16.9225,0,0,5438,21149192453
211.479,4.7286,45.5128,0,84,66,44,2760,10501,5.13707,166,16.9225,0,0,5438,21153921613
725.361,1.37862,45.5128,0,84,66,44,2760,10501,5.13707,166,16.9225,0,0,5438,21155300352
484.236,2.06511,45.5128,0,84,66,44,2760,10501,5.13707,166,16.9225,0,0,5438,21157365777
366.629,2.72755,45.5128,0,84,66,44,2760,10501,5.13707,166,16.9225,0,0,5438,21160093859
305.861,3.26946,45.5128,0,84,66,44,2760,10501,5.13707,166,16.9225,0,0,5438,21163363479
440.094,2.27224,45.5128,0,84,66,44,2760,10501,5.13707,166,16.9225,0,0,5438,21165636065
389.469,2.5676,45.5128,0,84,66,44,2760,10501,5.13707,166,16.9225,0,0,5438,21168203940
182.777,5.47114,45.5128,0,84,66,44,2760,10501,5.13707,166,16.9225,0,0,5438,21173675577
1621.17,0.616838,45.5128,0,84,66,44,2760,10501,5.13707,166,16.9225,0,0,5438,21174292694
307.539,3.25162,45.5128,0,84,66,44,2760,10501,5.13707,166,16.9225,0,0,5438,21177544505
703.759,1.42094,45.5128,0,84,66,44,2760,10501,5.13707,166,16.9225,0,0,5438,21178965918
324.726,3.07952,45.5128,0,84,66,44,2760,10501,5.13707,166,16.9225,0,0,5438,21182045657
409.696,2.44083,45.5128,0,84,66,44,2760,10501,5.13707,166,16.9225,0,0,5438,21184486777
325.563,3.0716,45.5128,0,84,66,44,2760,10501,5.13707,166,16.9225,0,0,5438,21187558737
383.81,2.60545,45.5128,0,84,66,44,2760,10501,5.13707,166,16.9225,0,0,5438,21190164546
394.714,2.53348,45.5128,0,84,66,44,2760,10501,5.13707,166,16.9225,0,0,5438,21192698314
359.171,2.78419,45.5128,0,84,66,44,2760,10501,5.13707,166,16.9225,0,0,5438,21195482792
209.75,4.76758,45.5128,0,84,66,44,2760,10501,5.13707,166,16.9225,0,0,5438,21200250741
821.691,1.217,45.5128,0,84,66,44,2760,10501,5.13707,166,16.9225,0,0,5438,21201467984
364.808,2.74117,45.5128,0,84,66,44,2760,10501,5.13707,166,16.9225,0,0,5438,21204209490
495.79,2.01698,45.5128,0,84,66,44,2760,10501,5.13707,166,16.9225,0,0,5438,21206226933
358.171,2.79196,45.5128,0,84,66,44,2760,10501,5.13707,166,16.9225,0,0,5438,21209019162
392.361,2.54867,45.5128,0,84,66,44,2760,10501,5.13707,166,16.9225,0,0,5438,21211568123
356.436,2.80556,45.5128,0,84,66,44,2760,10501,5.13707,166,16.9225,0,0,5438,21214373948
335.651,2.97928,45.5128,0,84,66,44,2760,10501,5.13707,166,16.9225,0,0,5438,21217353635
344.999,2.89856,45.5128,0,84,66,44,2760,10501,5.13707,166,16.9225,0,0,5438,21220252444
462.947,2.16007,45.5128,0,84,66,44,2760,10501,5.13707,166,16.9225,0,0,5438,21222413171
263.71,3.79205,45.5128,0,84,66,44,2760,10501,5.13707,166,16.9225,0,0,5438,21226205231
397.643,2.51482,45.5128,0,84,66,44,2760,10501,5.13707,166,16.9225,0,0,5438,21228720345
513.408,1.94777,45.5128,0,84,66,44,2760,10501,5.13707,166,16.9225,0,0,5438,21230668439
373.873,2.67471,45.5128,0,84,66,44,2760,10501,5.13707,166,16.9225,0,0,5438,21233343482
359.189,2.78405,45.5128,0,84,66,44,2760,10501,5.13707,166,16.9225,0,0,5438,21236127902
371.208,2.69391,45.5128,0,84,66,44,2760,10501,5.13707,166,16.9225,0,0,5438,21238822080
381.19,2.62337,45.5128,0,84,66,44,2760,10501,5.13707,166,16.9225,0,0,5438,21241445803
348.704,2.86776,45.5128,0,84,66,44,2760,10501,5.13707,166,16.9225,0,0,5438,21244314015
386.226,2.58915,45.5128,0,84,66,44,2760,10501,5.13707,166,16.9225,0,0,5438,21246903362
398.88,2.50702,45.5128,0,84,66,44,2760,10501,5.13707,166,16.9225,0,0,5438,21249410696
196.02,5.10153,45.5128,0,84,66,44,2760,10501,5.13707,166,16.9225,0,0,5438,21254512733
648.168,1.54281,45.5128,0,84,66,44,2760,10501,5.13707,166,16.9225,0,0,5438,21256055641
449.808,2.22317,45.5128,0,84,66,44,2760,10501,5.13707,166,16.9225,0,0,5438,21258279091
524.922,1.90505,45.5128,0,84,66,44,2760,10501,5.13707,166,16.9225,0,0,5438,21260184482
341.507,2.92819,45.5128,0,84,66,44,2760,10501,5.13707,166,16.9225,0,0,5438,21263113042
341.851,2.92525,45.5128,0,84,66,44,2760,10501,5.13707,166,16.9225,0,0,5438,21266038670
478.048,2.09184,45.5128,0,84,66,44,2760,10501,5.13707,166,16.9225,0,0,5438,21268130894
336.614,2.97076,45.5128,0,84,66,44,2760,10501,5.13707,166,16.9225,0,0,5438,21271102014
302.513,3.30564,45.5128,0,84,66,44,2760,10501,5.13707,166,16.9225,0,0,5438,21274408144
270.027,3.70333,45.5128,0,84,66,44,2760,10501,5.13707,166,16.9225,0,0,5438,21278112019
395.335,2.5295,45.5128,0,84,66,44,2760,10501,5.13707,166,16.9225,0,0,5438,21280641748
440.721,2.26901,45.5128,0,84,66,44,2760,10501,5.13707,166,16.9225,0,0,5438,21282911104
586.623,1.70467,45.5128,0,84,66,44,2760,10501,5.13707,166,16.9225,0,0,5438,21284616007
369.892,2.7035,45.5128,0,84,66,44,2760,10501,5.13707,166,16.9225,0,0,5438,21287319820
297.143,3.36538,45.5128,0,84,66,44,2760,10501,5.13707,166,16.9225,0,0,5438,21290685539
461.376,2.16743,45.5128,0,84,66,44,2760,10501,5.13707,166,16.9225,0,0,5438,21292853314
373.052,2.68059,45.5128,0,84,66,44,2760,10501,5.13707,166,16.9225,0,0,5438,21295534241
372.198,2.68674,45.5128,0,84,66,44,2760,10501,5.13707,166,16.9225,0,0,5438,21298221302
310.397,3.22168,45.5128,0,84,66,44,2760,10501,5.13707,166,16.9225,0,0,5438,21301443469
530.451,1.88519,45.5128,0,84,66,44,2760,10501,5.13707,166,16.9225,0,0,5438,21303329003
341.578,2.92759,45.5128,0,84,66,44,2760,10501,5.13707,166,16.9225,0,0,5438,21306256842
294.538,3.39515,45.5128,0,84,66,44,2760,10501,5.13707,166,16.9225,0,0,5438,21309654688
486.301,2.05634,45.3621,0,85,66,44,2760,10501,5.13629,166,16.9193,0,0,5421,21311709055
551.829,1.81216,45.3621,0,85,66,44,2760,10501,5.13629,166,16.9193,0,0,5421,21313521453
194.266,5.14758,45.3621,0,85,66,44,2760,10501,5.13629,166,16.9193,0,0,5421,21318669424
845.177,1.18318,45.3621,0,85,66,44,2760,10501,5.13629,166,16.9193,0,0,5421,21319852964
458.001,2.1834,45.3621,0,85,66,44,2760,10501,5.13629,166,16.9193,0,0,5421,21322036586
311.279,3.21255,45.3621,0,85,66,44,2760,10501,5.13629,166,16.9193,0,0,5421,21325249502
403.183,2.48027,45.3621,0,85,66,44,2760,10501,5.13629,166,16.9193,0,0,5421,21327730085
431.147,2.3194,45.3621,0,85,66,44,2760,10501,5.13629,166,16.9193,0,0,5421,21330049721
277.595,3.60237,45.3621,0,85,66,44,2760,10501,5.13629,166,16.9193,0,0,5421,21333652650
484.171,2.06539,45.3621,0,85,66,44,2760,10501,5.13629,166,16.9193,0,0,5421,21335718181
406.246,2.46156,45.3621,0,85,66,44,2760,10501,5.13629,166,16.9193,0,0,5421,21338180072
321.838,3.10715,45.3621,0,85,66,44,2760,10501,5.13629,166,16.9193,0,0,5421,21341287561
497.698,2.00925,45.3621,0,85,66,44,2760,10501,5.13629,166,16.9193,0,0,5421,21343297110
393.859,2.53898,45.3621,0,85,66,44,2760,10501,5.13629,166,16.9193,0,0,5421,21345836330
336.148,2.97488,45.3621,0,85,66,44,2760,10501,5.13629,166,16.9193,0,0,5421,21348811805
315.631,3.16826,45.3621,0,85,66,44,2760,10501,5.13629,166,16.9193,0,0,5421,21351980297
437.12,2.2877,45.3621,0,85,66,44,2760,10501,5.13629,166,16.9193,0,0,5421,21354268287
385.841,2.59174,45.3621,0,85,66,44,2760,10501,5.13629,166,16.9193,0,0,5421,21356860471
302.034,3.31089,45.3621,0,85,66,44,2760,10501,5.13629,166,16.9193,0,0,5421,21360171736
413.207,2.42009,45.3621,0,85,66,44,2760,10501,5.13629,166,16.9193,0,0,5421,21362592135
366.723,2.72685,45.3621,0,85,66,44,2760,10501,5.13629,166,16.9193,0,0,5421,21365319304
449.615,2.22412,45.3621,0,85,66,44,2760,10501,5.13629,166,16.9193,0,0,5421,21367543706
322.258,3.1031,45.3621,0,85,66,44,2760,10501,5.13629,166,16.9193,0,0,5421,21370647147
443.754,2.2535,45.3621,0,85,66,44,2760,10501,5.13629,166,16.9193,0,0,5421,21372900992
351.876,2.84191,45.3621,0,85,66,44,2760,10501,5.13629,166,16.9193,0,0,5421,21375743232
433.454,2.30705,45.3621,0,85,66,44,2760,10501,5.13629,166,16.9193,0,0,5421,21378050598
349.056,2.86487,45.3621,0,85,66,44,2760,10501,5.13629,166,16.9193,0,0,5421,21380915666
343.896,2.90786,45.3621,0,85,66,44,2760,10501,5.13629,166,16.9193,0,0,5421,21383823860
372.406,2.68524,45.3621,0,85,66,44,2760,10501,5.13629,166,16.9193,0,0,5421,21386509499
369.846,2.70383,45.3621,0,85,66,44,2760,10501,5.13629,166,16.9193,0,0,5421,21389213571
410.414,2.43656,45.3621,0,85,66,44,2760,10501,5.13629,166,16.9193,0,0,5421,21391650499
244,4.09836,45.3621,0,85,66,44,2760,10501,5.13629,166,16.9193,0,0,5421,21395749291
744.79,1.34266,45.3621,0,85,66,44,2760,10501,5.13629,166,16.9193,0,0,5421,21397092067
371.077,2.69486,45.3621,0,85,66,44,2760,10501,5.13629,166,16.9193,0,0,5421,21399787379
289.884,3.44966,45.3621,0,85,66,44,2760,10501,5.13629,166,16.9193,0,0,5421,21403237322
485.686,2.05894,45.3621,0,85,66,44,2760,10501,5.13629,166,16.9193,0,0,5421,21405296632
407.548,2.4537,45.3621,0,85,66,44,2760,10501,5.13629,166,16.9193,0,0,5421,21407750590
348.424,2.87007,45.3621,0,85,66,44,2760,10501,5.13629,166,16.9193,0,0,5421,21410621013
384.339,2.60187,45.3621,0,85,66,44,2760,10501,5.13629,166,16.9193,0,0,5421,21413223274
195.265,5.12124,45.3621,0,85,66,44,2760,10501,5.13629,166,16.9193,0,0,5421,21418344802
868.94,1.15083,45.3621,0,85,66,44,2760,10501,5.13629,166,16.9193,0,0,5421,21419495995
460.928,2.16953,45.3621,0,85,66,44,2760,10501,5.13629,166,16.9193,0,0,5421,21421665857
361.511,2.76617,45.3621,0,85,66,44,2760,10501,5.13629,166,16.9193,0,0,5421,21424432306
443.164,2.2565,45.3621,0,85,66,44,2760,10501,5.13629,166,16.9193,0,0,5421,21426689218
337.274,2.96495,45.3621,0,85,66,44,2760,10501,5.13629,166,16.9193,0,0,5421,21429654376
399.644,2.50223,45.3621,0,85,66,44,2760,10501,5.13629,166,16.9193,0,0,5421,21432157085
324.478,3.08187,45.3621,0,85,66,44,2760,10501,5.13629,166,16.9193,0,0,5421,21435239199
470.056,2.12741,45.3621,0,85,66,44,2760,10501,5.13629,166,16.9193,0,0,5421,21437367059
421.001,2.37529,45.3621,0,85,66,44,2760,10501,5.13629,166,16.9193,0,0,5421,21439742571
220.874,4.52747,45.3621,0,85,66,44,2760,10501,5.13629,166,16.9193,0,0,5421,21444270387
511.915,1.95345,45.3621,0,85,66,44,2760,10501,5.13629,166,16.9193,0,0,5421,21446224213
518.691,1.92793,45.3621,0,85,66,44,2760,10501,5.13629,166,16.9193,0,0,5421,21448152489
333.533,2.99821,45.3621,0,85,66,44,2760,10501,5.13629,166,16.9193,0,0,5421,21451150994
395.102,2.53099,45.3621,0,85,66,44,2760,10501,5.13629,166,16.9193,0,0,5421,21453682233
353.566,2.82833,45.3621,0,85,66,44,2760,10501,5.13629,166,16.9193,0,0,5421,21456510867
412.544,2.42399,45.3621,0,85,66,44,2760,10501,5.13629,166,16.9193,0,0,5421,21458935228
356.032,2.80874,45.3621,0,85,66,44,2760,10501,5.13629,166,16.9193,0,0,5421,21461744265
399.124,2.50549,45.3621,0,85,66,44,2760,10501,5.13629,166,16.9193,0,0,5421,21464250157
408.88,2.44571,45.3621,0,85,66,44,2760,10501,5.13629,166,16.9193,0,0,5421,21466696114
207.079,4.82908,45.3621,0,85,66,44,2760,10501,5.13629,166,16.9193,0,0,5421,21471525498
736.029,1.35864,45.3621,0,85,66,44,2760,10501,5.13629,166,16.9193,0,0,5421,21472884457
287.415,3.47929,45.3621,0,85,66,44,2760,10501,5.13629,166,16.9193,0,0,5421,21476364296
359.655,2.78044,45.3621,0,85,66,44,2760,10501,5.13629,166,16.9193,0,0,5421,21479144909
641.388,1.55912,45.3621,0,85,66,44,2760,10501,5.13629,166,16.9193,0,0,5421,21480704308
249.405,4.00955,45.3621,0,85,66,44,2760,10501,5.13629,166,16.9193,0,0,5421,21484714356
581.126,1.7208,45.3621,0,85,66,44,2760,10501,5.13629,166,16.9193,0,0,5421,21486435385
356.276,2.80682,45.3621,0,85,66,44,2760,10501,5.13629,166,16.9193,0,0,5421,21489242499
397.003,2.51887,45.3621,0,85,66,44,2760,10501,5.13629,166,16.9193,0,0,5421,21491761671
404.374,2.47296,45.3621,0,85,66,44,2760,10501,5.13629,166,16.9193,0,0,5421,21494235033
259.283,3.85679,45.3621,0,85,66,44,2760,10501,5.13629,166,16.9193,0,0,5421,21498092220
496.129,2.01561,45.3621,0,85,66,44,2760,10501,5.13629,166,16.9193,0,0,5421,21500108048
446.49,2.23969,45.3621,0,85,66,44,2760,10501,5.13629,166,16.9193,0,0,5421,21502348104
385.118,2.59661,45.3621,0,85,66,44,2760,10501,5.13629,166,16.9193,0,0,5421,21504945057
381.17,2.6235,45.3621,0,85,66,44,2760,10501,5.13629,166,16.9193,0,0,5421,21507568857
386.929,2.58445,45.3621,0,85,66,44,2760,10501,5.13629,166,16.9193,0,0,5421,21510153723
339.94,2.94169,45.3621,0,85,66,44,2760,10501,5.13629,166,16.9193,0,0,5421,21513095784
314.566,3.17898,45.3621,0,85,66,44,2760,10501,5.13629,166,16.9193,0,0,5421,21516275093
545.164,1.83431,45.3621,0,85,66,44,2760,10501,5.13629,166,16.9193,0,0,5421,21518109655
213.817,4.67689,45.3621,0,85,66,44,2760,10501,5.13629,166,16.9193,0,0,5421,21522787005
306.444,3.26324,45.3621,0,85,66,44,2760,10501,5.13629,166,16.9193,0,0,5421,21526050441
1378.7,0.725323,45.3621,0,85,66,44,2760,10501,5.13629,166,16.9193,0,0,5421,21526776120
420.361,2.37891,45.3621,0,85,66,44,2760,10501,5.13629,166,16.9193,0,0,5421,21529155354
370.992,2.69548,45.3621,0,85,66,44,2760,10501,5.13629,166,16.9193,0,0,5421,21531851156
345.187,2.89698,45.3621,0,85,66,44,2760,10501,5.13629,166,16.9193,0,0,5421,21534748504
287.792,3.47473,45.3621,0,85,66,44,2760,10501,5.13629,166,16.9193,0,0,5421,21538223688
698.272,1.43211,45.3621,0,85,66,44,2760,10501,5.13629,166,16.9193,0,0,5421,21539656140
284.345,3.51685,45.3621,0,85,66,44,2760,10501,5.13629,166,16.9193,0,0,5421,21543173393
337.093,2.96654,45.3621,0,85,66,44,2760,10501,5.13629,166,16.9193,0,0,5421,21546140320
551.682,1.81264,45.3621,0,85,66,44,2760,10501,5.13629,166,16.9193,0,0,5421,21547953266
236.719,4.22441,45.3621,0,85,66,44,2760,10501,5.13629,166,16.9193,0,0,5421,21552178274
591.834,1.68966,45.3621,0,85,66,44,2760,10501,5.13629,166,16.9193,0,0,5421,21553868437
604.508,1.65424,45.3621,0,85,66,44,2760,10501,5.13629,166,16.9193,0,0,5421,21555522713
265.876,3.76115,45.3621,0,85,66,44,2760,10501,5.13629,166,16.9193,0,0,5421,21559284157
507.095,1.97202,45.3621,0,85,66,44,2760,10501,5.13629,166,16.9193,0,0,5421,21561256647
376.493,2.65609,45.3621,0,85,66,44,2760,10501,5.13629,166,16.9193,0,0,5421,21563912987
376.399,2.65675,45.3621,0,85,66,44,2760,10501,5.13629,166,16.9193,0,0,5421,21566570153
261.406,3.82547,45.3621,0,85,66,44,2760,10501,5.13629,166,16.9193,0,0,5421,21570395859
788.527,1.26819,45.3621,0,85,66,44,2760,10501,5.13629,166,16.9193,0,0,5421,21571664354
303.271,3.29738,45.3621,0,85,66,44,2760,10501,5.13629,166,16.9193,0,0,5421,21574962061
178.596,5.59922,45.3621,0,85,66,44,2760,10501,5.13629,166,16.9193,0,0,5421,21580561615
263.676,3.79253,45.3621,0,85,66,44,2760,10501,5.13629,166,16.9193,0,0,5421,21584354550
542.672,1.84274,45.3621,0,85,66,44,2760,10501,5.13629,166,16.9193,0,0,5421,21586197564
452.216,2.21133,45.3621,0,85,66,44,2760,10501,5.13629,166,16.9193,0,0,5421,21588409245
639.345,1.5641,45.3621,0,85,66,44,2760,10501,5.13629,166,16.9193,0,0,5421,21589973663
287.275,3.48098,45.3621,0,85,66,44,2760,10501,5.13629,166,16.9193,0,0,5421,21593454982
472.514,2.11634,45.3621,0,85,66,44,2760,10501,5.13629,166,16.9193,0,0,5421,21595571611
331.712,3.01466,45.3621,0,85,66,44,2760,10501,5.13629,166,16.9193,0,0,5421,21598586645
224.371,4.45691,45.3621,0,85,66,44,2760,10501,5.13629,166,16.9193,0,0,5421,21603044324
1668.62,0.599299,45.3621,0,85,66,44,2760,10501,5.13629,166,16.9193,0,0,5421,21603643652
172.916,5.78316,45.3621,0,85,66,44,2760,10501,5.13629,166,16.9193,0,0,5421,21609427443
1424.86,0.701822,45.3621,0,85,66,44,2760,10501,5.13629,166,16.9193,0,0,5421,21610129515
253.155,3.95015,45.3621,0,85,66,44,2760,10501,5.13629,166,16.9193,0,0,5421,21614080004
730.189,1.36951,45.3621,0,85,66,44,2760,10501,5.13629,166,16.9193,0,0,5421,21615449810
303.961,3.2899,45.3621,0,85,66,44,2760,10501,5.13629,166,16.9193,0,0,5421,21618740219
597.17,1.67457,45.3621,0,85,66,44,2760,10501,5.13629,166,16.9193,0,0,5421,21620415035
428.684,2.33272,45.3621,0,85,66,44,2760,10501,5.13629,166,16.9193,0,0,5421,21622748027
288.218,3.4696,45.3621,0,85,66,44,2760,10501,5.13629,166,16.9193,0,0,5421,21626218163
611.525,1.63526,45.3621,0,85,66,44,2760,10501,5.13629,166,16.9193,0,0,5421,21627853699
357.767,2.79511,45.3621,0,85,66,44,2760,10501,5.13629,166,16.9193,0,0,5421,21630649062
255.95,3.90701,45.3621,0,85,66,44,2760,10501,5.13629,166,16.9193,0,0,5421,21634556550
504.181,1.98341,45.3621,0,85,66,44,2760,10501,5.13629,166,16.9193,0,0,5421,21636540146
358.637,2.78834,45.3621,0,85,66,44,2760,10501,5.13629,166,16.9193,0,0,5421,21639328941
384.506,2.60074,45.3621,0,85,66,44,2760,10501,5.13629,166,16.9193,0,0,5421,21641930116
337.774,2.96056,45.3621,0,85,66,44,2760,10501,5.13629,166,16.9193,0,0,5421,21644890821
438.796,2.27896,45.3621,0,85,66,44,2760,10501,5.13629,166,16.9193,0,0,5421,21647170090
396.522,2.52193,45.3621,0,85,66,44,2760,10501,5.13629,166,16.9193,0,0,5421,21649692368
311.309,3.21224,45.3621,0,85,66,44,2760,10501,5.13629,166,16.9193,0,0,5421,21652904909
384.675,2.5996,45.3621,0,85,66,44,2760,10501,5.13629,166,16.9193,0,0,5421,21655504833
480.48,2.08125,45.3621,0,85,66,44,2760,10501,5.13629,166,16.9193,0,0,5421,21657586489
190.805,5.24096,45.3621,0,85,66,44,2760,10501,5.13629,166,16.9193,0,0,5421,21662827704
1387.64,0.720649,45.3621,0,85,66,44,2760,10501,5.13629,166,16.9193,0,0,5421,21663548671
496.816,2.01282,45.3621,0,85,66,44,2760,10501,5.13629,166,16.9193,0,0,5421,21665561883
321.098,3.11432,45.3621,0,85,66,44,2760,10501,5.13629,166,16.9193,0,0,5421,21668676498
394.916,2.53218,45.3621,0,85,66,44,2760,10501,5.13629,166,16.9193,0,0,5421,21671208987
324.854,3.07831,45.3621,0,85,66,44,2760,10501,5.13629,166,16.9193,0,0,5421,21674287706
398.688,2.50823,45.3621,0,85,66,44,2760,10501,5.13629,166,16.9193,0,0,5421,21676796194
374.845,2.66777,45.3621,0,85,66,44,2760,10501,5.13629,166,16.9193,0,0,5421,21679464304
294.158,3.39953,45.3621,0,85,66,44,2760,10501,5.13629,166,16.9193,0,0,5421,21682864139
448.675,2.22879,45.3621,0,85,66,44,2760,10501,5.13629,166,16.9193,0,0,5421,21685093407
275.423,3.63078,45.3621,0,85,66,44,2760,10501,5.13629,166,16.9193,0,0,5421,21688724519
587.136,1.70318,45.3621,0,85,66,44,2760,10501,5.13629,166,16.9193,0,0,5421,21690427827
354.726,2.81908,45.3621,0,85,66,44,2760,10501,5.13629,166,16.9193,0,0,5421,21693247239
417.524,2.39507,45.3621,0,85,66,44,2760,10501,5.13629,166,16.9193,0,0,5421,21695642628
353.683,2.82739,45.3621,0,85,66,44,2760,10501,5.13629,166,16.9193,0,0,5421,21698470627
350.179,2.85568,45.3621,0,85,66,44,2760,10501,5.13629,166,16.9193,0,0,5421,21701326367
452.735,2.2088,45.3621,0,85,66,44,2760,10501,5.13629,166,16.9193,0,0,5421,21703535480
269.841,3.70588,45.3621,0,85,66,44,2760,10501,5.13629,166,16.9193,0,0,5421,21707241720
592.526,1.68769,45.3621,0,85,66,44,2760,10501,5.13629,166,16.9193,0,0,5421,21708929681
387.011,2.5839,45.3621,0,85,66,44,2760,10501,5.13629,166,16.9193,0,0,5421,21711513912
250.905,3.98557,45.3621,0,85,66,44,2760,10501,5.13629,166,16.9193,0,0,5421,21715499826
475.547,2.10284,45.3621,0,85,66,44,2760,10501,5.13629,166,16.9193,0,0,5421,21717602983
482.504,2.07252,45.3621,0,85,66,44,2760,10501,5.13629,166,16.9193,0,0,5421,21719675937
386.148,2.58968,45.3621,0,85,66,44,2760,10501,5.13629,166,16.9193,0,0,5421,21722265871
349.473,2.86145,45.3621,0,85,66,44,2760,10501,5.13629,166,16.9193,0,0,5421,21725127650
364.3,2.74499,45.3621,0,85,66,44,2760,10501,5.13629,166,16.9193,0,0,5421,21727872925
380.801,2.62604,45.3621,0,85,66,44,2760,10501,5.13629,166,16.9193,0,0,5421,21730499302
391.884,2.55178,45.3621,0,85,66,44,2760,10501,5.13629,166,16.9193,0,0,5421,21733051494
405.992,2.4631,45.3621,0,85,66,44,2760,10501,5.13629,166,16.9193,0,0,5421,21735514942
263.788,3.79092,45.3621,0,85,66,44,2760,10501,5.13629,166,16.9193,0,0,5421,21739306041
274.914,3.6375,45.3621,0,85,66,44,2760,10501,5.13629,166,16.9193,0,0,5421,21742943914
647.836,1.5436,45.3621,0,85,66,44,2760,10501,5.13629,166,16.9193,0,0,5421,21744487841
518.427,1.92891,45.3621,0,85,66,44,2760,10501,5.13629,166,16.9193,0,0,5421,21746417079
361.83,2.76373,45.3621,0,85,66,44,2760,10501,5.13629,166,16.9193,0,0,5421,21749181134
423.83,2.35944,45.3621,0,85,66,44,2760,10501,5.13629,166,16.9193,0,0,5421,21751541040
343.673,2.90974,45.3621,0,85,66,44,2760,10501,5.13629,166,16.9193,0,0,5421,21754451042
342.999,2.91546,45.3621,0,85,66,44,2760,10501,5.13629,166,16.9193,0,0,5421,21757366861
399.817,2.50114,45.3621,0,85,66,44,2760,10501,5.13629,166,16.9193,0,0,5421,21759868244
335.798,2.97798,45.3621,0,85,66,44,2760,10501,5.13629,166,16.9193,0,0,5421,21762846633
379.72,2.63352,45.3621,0,85,66,44,2760,10501,5.13629,166,16.9193,0,0,5421,21765480644
202.806,4.93081,45.3621,0,85,66,44,2760,10501,5.13629,166,16.9193,0,0,5421,21770411791
669.679,1.49325,45.3621,0,85,66,44,2760,10501,5.13629,166,16.9193,0,0,5421,21771905342
526.642,1.89882,45.3621,0,85,66,44,2760,10501,5.13629,166,16.9193,0,0,5421,21773804386
394.314,2.53605,45.3621,0,85,66,44,2760,10501,5.13629,166,16.9193,0,0,5421,21776340741
392.834,2.5456,45.3621,0,85,66,44,2760,10501,5.13629,166,16.9193,0,0,5421,21778886692
378.57,2.64152,45.3621,0,85,66,44,2760,10501,5.13629,166,16.9193,0,0,5421,21781528637
374.014,2.6737,45.3621,0,85,66,44,2760,10501,5.13629,166,16.9193,0,0,5421,21784202593
295.83,3.38032,45.3621,0,85,66,44,2760,10501,5.13629,166,16.9193,0,0,5421,21787583245
470.402,2.12584,45.3621,0,85,66,44,2760,10501,5.13629,166,16.9193,0,0,5421,21789709394
333.445,2.999,45.3621,0,85,66,44,2760,10501,5.13629,166,16.9193,0,0,5421,21792708697
549.644,1.81936,45.3621,0,85,66,44,2760,10501,5.13629,166,16.9193,0,0,5421,21794528575
337.377,2.96404,45.3621,0,85,66,44,2760,10501,5.13629,166,16.9193,0,0,5421,21797493214
340.822,2.93408,45.3621,0,85,66,44,2760,10501,5.13629,166,16.9193,0,0,5421,21800427139
381.219,2.62316,45.3621,0,85,66,44,2760,10501,5.13629,166,16.9193,0,0,5421,21803050757
231.027,4.3285,45.3621,0,85,66,44,2760,10501,5.13629,166,16.9193,0,0,5421,21807379710
348.607,2.86856,45.3621,0,85,66,44,2760,10501,5.13629,166,16.9193,0,0,5421,21810251105
1304.67,0.766478,45.7584,0,85,66,44,2760,10501,5.13629,166,16.933,0,0,5434,21811015275
410.863,2.4339,45.7584,0,85,66,44,2760,10501,5.13629,166,16.933,0,0,5434,21813449501
386.637,2.5864,45.7584,0,85,66,44,2760,10501,5.13629,166,16.933,0,0,5434,21816036213
319.707,3.12787,45.7584,0,85,66,44,2760,10501,5.13629,166,16.933,0,0,5434,21819164415
218.049,4.58612,45.7584,0,85,66,44,2760,10501,5.13629,166,16.933,0,0,5434,21823751079
536.098,1.86533,45.7584,0,85,66,44,2760,10501,5.13629,166,16.933,0,0,5434,21825616613
473.542,2.11174,45.7584,0,85,66,44,2760,10501,5.13629,166,16.933,0,0,5434,21827728675
287.541,3.47776,45.7584,0,85,66,44,2760,10501,5.13629,166,16.933,0,0,5434,21831206802
468.191,2.13588,45.7584,0,85,66,44,2760,10501,5.13629,166,16.933,0,0,5434,21833343076
381.272,2.6228,45.7584,0,85,66,44,2760,10501,5.13629,166,16.933,0,0,5434,21835966260
350.461,2.85338,45.7584,0,85,66,44,2760,10501,5.13629,166,16.933,0,0,5434,21838820010
348.121,2.87257,45.7584,0,85,66,44,2760,10501,5.13629,166,16.933,0,0,5434,21841692972
288.26,3.46909,45.7584,0,85,66,44,2760,10501,5.13629,166,16.933,0,0,5434,21845162435
558.929,1.78914,45.7584,0,85,66,44,2760,10501,5.13629,166,16.933,0,0,5434,21846952092
257.636,3.88145,45.7584,0,85,66,44,2760,10501,5.13629,166,16.933,0,0,5434,21850833876
574.607,1.74032,45.7584,0,85,66,44,2760,10501,5.13629,166,16.933,0,0,5434,21852574551
463.405,2.15794,45.7584,0,85,66,44,2760,10501,5.13629,166,16.933,0,0,5434,21854732758
353.835,2.82617,45.7584,0,85,66,44,2760,10501,5.13629,166,16.933,0,0,5434,21857559305
274.842,3.63845,45.7584,0,85,66,44,2760,10501,5.13629,166,16.933,0,0,5434,21861198197
359.803,2.7793,45.7584,0,85,66,44,2760,10501,5.13629,166,16.933,0,0,5434,21863977887
627.165,1.59448,45.7584,0,85,66,44,2760,10501,5.13629,166,16.933,0,0,5434,21865572681
345.558,2.89387,45.7584,0,85,66,44,2760,10501,5.13629,166,16.933,0,0,5434,21868466865
372.46,2.68485,45.7584,0,85,66,44,2760,10501,5.13629,166,16.933,0,0,5434,21871152292
379.131,2.63761,45.7584,0,85,66,44,2760,10501,5.13629,166,16.933,0,0,5434,21873790217
171.89,5.81769,45.7584,0,85,66,44,2760,10501,5.13629,166,16.933,0,0,5434,21879608115
1093.35,0.914617,45.7584,0,85,66,44,2760,10501,5.13629,166,16.933,0,0,5434,21880522896
534.39,1.87129,45.7584,0,85,66,44,2760,10501,5.13629,166,16.933,0,0,5434,21882394536
306.726,3.26024,45.7584,0,85,66,44,2760,10501,5.13629,166,16.933,0,0,5434,21885655252
531.94,1.87991,45.7584,0,85,66,44,2760,10501,5.13629,166,16.933,0,0,5434,21887535604
308.722,3.23916,45.7584,0,85,66,44,2760,10501,5.13629,166,16.933,0,0,5434,21890775117
409.83,2.44003,45.7584,0,85,66,44,2760,10501,5.13629,166,16.933,0,0,5434,21893215507
350.671,2.85167,45.7584,0,85,66,44,2760,10501,5.13629,166,16.933,0,0,5434,21896067593
317.812,3.14651,45.7584,0,85,66,44,2760,10501,5.13629,166,16.933,0,0,5434,21899214440
499.407,2.00237,45.7584,0,85,66,44,2760,10501,5.13629,166,16.933,0,0,5434,21901217180
246.193,4.06185,45.7584,0,85,66,44,2760,10501,5.13629,166,16.933,0,0,5434,21905279480
487.267,2.05226,45.7584,0,85,66,44,2760,10501,5.13629,166,16.933,0,0,5434,21907332155
468.51,2.13443,45.7584,0,85,66,44,2760,10501,5.13629,166,16.933,0,0,5434,21909466737
402.94,2.48176,45.7584,0,85,66,44,2760,10501,5.13629,166,16.933,0,0,5434,21911948830
443.365,2.25548,45.7584,0,85,66,44,2760,10501,5.13629,166,16.933,0,0,5434,21914204656
356.952,2.8015,45.7584,0,85,66,44,2760,10501,5.13629,166,16.933,0,0,5434,21917006578
292.551,3.41821,45.7584,0,85,66,44,2760,10501,5.13629,166,16.933,0,0,5434,21920424933
499.081,2.00368,45.7584,0,85,66,44,2760,10501,5.13629,166,16.933,0,0,5434,21922429020
291.472,3.43086,45.7584,0,85,66,44,2760,10501,5.13629,166,16.933,0,0,5434,21925860164
581.389,1.72002,45.7584,0,85,66,44,2760,10501,5.13629,166,16.933,0,0,5434,21927580482
228.887,4.36897,45.7584,0,85,66,44,2760,10501,5.13629,166,16.933,0,0,5434,21931949850
648.006,1.5432,45.7584,0,85,66,44,2760,10501,5.13629,166,16.933,0,0,5434,21933493489
480.544,2.08097,45.7584,0,85,66,44,2760,10501,5.13629,166,16.933,0,0,5434,21935574655
352.534,2.83661,45.7584,0,85,66,44,2760,10501,5.13629,166,16.933,0,0,5434,21938411568
415.753,2.40527,45.7584,0,85,66,44,2760,10501,5.13629,166,16.933,0,0,5434,21940817245
321.617,3.10929,45.7584,0,85,66,44,2760,10501,5.13629,166,16.933,0,0,5434,21943926792
426.805,2.34299,45.7584,0,85,66,44,2760,10501,5.13629,166,16.933,0,0,5434,21946270198
393.367,2.54215,45.7584,0,85,66,44,2760,10501,5.13629,166,16.933,0,0,5434,21948812659
350.714,2.85133,45.7584,0,85,66,44,2760,10501,5.13629,166,16.933,0,0,5434,21951664332
385.611,2.59329,45.7584,0,85,66,44,2760,10501,5.13629,166,16.933,0,0,5434,21954258044
170.418,5.86792,45.7584,0,85,66,44,2760,10501,5.13629,166,16.933,0,0,5434,21960126194
459.716,2.17526,45.7584,0,85,66,44,2760,10501,5.13629,166,16.933,0,0,5434,21962301864
480.342,2.08185,45.7584,0,85,66,44,2760,10501,5.13629,166,16.933,0,0,5434,21964384001
350.253,2.85508,45.7584,0,85,66,44,2760,10501,5.13629,166,16.933,0,0,5434,21967239366
349.154,2.86407,45.7584,0,85,66,44,2760,10501,5.13629,166,16.933,0,0,5434,21970103751
389.602,2.56672,45.7584,0,85,66,44,2760,10501,5.13629,166,16.933,0,0,5434,21972670848
380.425,2.62864,45.7584,0,85,66,44,2760,10501,5.13629,166,16.933,0,0,5434,21975299773
317.236,3.15223,45.7584,0,85,66,44,2760,10501,5.13629,166,16.933,0,0,5434,21978452389
598.675,1.67035,45.7584,0,85,66,44,2760,10501,5.13629,166,16.933,0,0,5434,21980123214
311.866,3.2065,45.7584,0,85,66,44,2760,10501,5.13629,166,16.933,0,0,5434,21983329966
261.328,3.82661,45.7584,0,85,66,44,2760,10501,5.13629,166,16.933,0,0,5434,21987156903
527.387,1.89614,45.7584,0,85,66,44,2760,10501,5.13629,166,16.933,0,0,5434,21989053534
217.225,4.60352,45.7584,0,85,66,44,2760,10501,5.13629,166,16.933,0,0,5434,21993657516
1669.55,0.598963,45.7584,0,85,66,44,2760,10501,5.13629,166,16.933,0,0,5434,21994256758
406.23,2.46166,45.7584,0,85,66,44,2760,10501,5.13629,166,16.933,0,0,5434,21996718668
379.228,2.63693,45.7584,0,85,66,44,2760,10501,5.13629,166,16.933,0,0,5434,21999356026
310.726,3.21827,45.7584,0,85,66,44,2760,10501,5.13629,166,16.933,0,0,5434,22002574557
502.617,1.98959,45.7584,0,85,66,44,2760,10501,5.13629,166,16.933,0,0,5434,22004564413
371.731,2.69012,45.7584,0,85,66,44,2760,10501,5.13629,166,16.933,0,0,5434,22007254859
350.186,2.85563,45.7584,0,85,66,44,2760,10501,5.13629,166,16.933,0,0,5434,22010110927
190.35,5.25349,45.7584,0,85,66,44,2760,10501,5.13629,166,16.933,0,0,5434,22015364729
430.259,2.32418,45.7584,0,85,66,44,2760,10501,5.13629,166,16.933,0,0,5434,22017689365
1348.91,0.741342,45.7584,0,85,66,44,2760,10501,5.13629,166,16.933,0,0,5434,22018431043
431.798,2.3159,45.7584,0,85,66,44,2760,10501,5.13629,166,16.933,0,0,5434,22020747323
356.171,2.80764,45.7584,0,85,66,44,2760,10501,5.13629,166,16.933,0,0,5434,22023555197
404.482,2.4723,45.7584,0,85,66,44,2760,10501,5.13629,166,16.933,0,0,5434,22026027828
341.456,2.92864,45.7584,0,85,66,44,2760,10501,5.13629,166,16.933,0,0,5434,22028956764
451.196,2.21633,45.7584,0,85,66,44,2760,10501,5.13629,166,16.933,0,0,5434,22031173444
311.979,3.20534,45.7584,0,85,66,44,2760,10501,5.13629,166,16.933,0,0,5434,22034379177
347.091,2.88109,45.7584,0,85,66,44,2760,10501,5.13629,166,16.933,0,0,5434,22037260668
203.251,4.92003,45.7584,0,85,66,44,2760,10501,5.13629,166,16.933,0,0,5434,22042181200
843.566,1.18544,45.7584,0,85,66,44,2760,10501,5.13629,166,16.933,0,0,5434,22043366990
441.865,2.26313,45.7584,0,85,66,44,2760,10501,5.13629,166,16.933,0,0,5434,22045630316
277.787,3.59988,45.7584,0,85,66,44,2760,10501,5.13629,166,16.933,0,0,5434,22049230639
495.778,2.01703,45.7584,0,85,66,44,2760,10501,5.13629,166,16.933,0,0,5434,22051247909
422.771,2.36535,45.7584,0,85,66,44,2760,10501,5.13629,166,16.933,0,0,5434,22053613787
432.682,2.31117,45.7584,0,85,66,44,2760,10501,5.13629,166,16.933,0,0,5434,22055925220
320.16,3.12344,45.7584,0,85,66,44,2760,10501,5.13629,166,16.933,0,0,5434,22059049085
374.484,2.67034,45.7584,0,85,66,44,2760,10501,5.13629,166,16.933,0,0,5434,22061719752
348.28,2.87125,45.7584,0,85,66,44,2760,10501,5.13629,166,16.933,0,0,5434,22064591368
269.056,3.7167,45.7584,0,85,66,44,2760,10501,5.13629,166,16.933,0,0,5434,22068308503
484.135,2.06554,45.7584,0,85,66,44,2760,10501,5.13629,166,16.933,0,0,5434,22070374284
511.552,1.95484,45.7584,0,85,66,44,2760,10501,5.13629,166,16.933,0,0,5434,22072329398
356.641,2.80394,45.7584,0,85,66,44,2760,10501,5.13629,166,16.933,0,0,5434,22075133608
412.24,2.42577,45.7584,0,85,66,44,2760,10501,5.13629,166,16.933,0,0,5434,22077559680
410.529,2.43588,45.7584,0,85,66,44,2760,10501,5.13629,166,16.933,0,0,5434,22079995887
314.208,3.18261,45.7584,0,85,66,44,2760,10501,5.13629,166,16.933,0,0,5434,22083178773
198.662,5.03368,45.7584,0,85,66,44,2760,10501,5.13629,166,16.933,0,0,5434,22088213020
397.346,2.5167,45.7584,0,85,66,44,2760,10501,5.13629,166,16.933,0,0,5434,22090730268
556.992,1.79536,45.7584,0,85,66,44,2760,10501,5.13629,166,16.933,0,0,5434,22092525992
346.906,2.88263,45.7584,0,85,66,44,2760,10501,5.13629,166,16.933,0,0,5434,22095408839
628.757,1.59044,45.7584,0,85,66,44,2760,10501,5.13629,166,16.933,0,0,5434,22096999624
448.593,2.22919,45.7584,0,85,66,44,2760,10501,5.13629,166,16.933,0,0,5434,22099229084
276.49,3.61677,45.7584,0,85,66,44,2760,10501,5.13629,166,16.933,0,0,5434,22102846388
237.49,4.2107,45.7584,0,85,66,44,2760,10501,5.13629,166,16.933,0,0,5434,22107057232
1812.73,0.551654,45.7584,0,85,66,44,2760,10501,5.13629,166,16.933,0,0,5434,22107609260
523.529,1.91011,45.7584,0,85,66,44,2760,10501,5.13629,166,16.933,0,0,5434,22109519632
307.394,3.25316,45.7584,0,85,66,44,2760,10501,5.13629,166,16.933,0,0,5434,22112773309
396.366,2.52292,45.7584,0,85,66,44,2760,10501,5.13629,166,16.933,0,0,5434,22115296490
383.461,2.60783,45.7584,0,85,66,44,2760,10501,5.13629,166,16.933,0,0,5434,22117904809
184.262,5.42705,45.7584,0,85,66,44,2760,10501,5.13629,166,16.933,0,0,5434,22123332165
607.141,1.64707,45.7584,0,85,66,44,2760,10501,5.13629,166,16.933,0,0,5434,22124979547
524.901,1.90512,45.7584,0,85,66,44,2760,10501,5.13629,166,16.933,0,0,5434,22126885208
294.032,3.40099,45.7584,0,85,66,44,2760,10501,5.13629,166,16.933,0,0,5434,22130286274
466.771,2.14238,45.7584,0,85,66,44,2760,10501,5.13629,166,16.933,0,0,5434,22132428991
224.951,4.44541,45.7584,0,85,66,44,2760,10501,5.13629,166,16.933,0,0,5434,22136874891
1413.84,0.707293,45.7584,0,85,66,44,2760,10501,5.13629,166,16.933,0,0,5434,22137582386
423.977,2.35862,45.7584,0,85,66,44,2760,10501,5.13629,166,16.933,0,0,5434,22139941359
312.352,3.20151,45.7584,0,85,66,44,2760,10501,5.13629,166,16.933,0,0,5434,22143143246
388.898,2.57137,45.7584,0,85,66,44,2760,10501,5.13629,166,16.933,0,0,5434,22145715131
168.605,5.93102,45.7584,0,85,66,44,2760,10501,5.13629,166,16.933,0,0,5434,22151646744
1263.63,0.791372,45.7584,0,85,66,44,2760,10501,5.13629,166,16.933,0,0,5434,22152438050
590.805,1.69261,45.7584,0,85,66,44,2760,10501,5.13629,166,16.933,0,0,5434,22154131059
319.196,3.13287,45.7584,0,85,66,44,2760,10501,5.13629,166,16.933,0,0,5434,22157264174
336.647,2.97047,45.7584,0,85,66,44,2760,10501,5.13629,166,16.933,0,0,5434,22160234985
529.131,1.88989,45.7584,0,85,66,44,2760,10501,5.13629,166,16.933,0,0,5434,22162125184
212.609,4.70348,45.7584,0,85,66,44,2760,10501,5.13629,166,16.933,0,0,5434,22166829006
355.514,2.81283,45.7584,0,85,66,44,2760,10501,5.13629,166,16.933,0,0,5434,22169642120
981.256,1.0191,45.7584,0,85,66,44,2760,10501,5.13629,166,16.933,0,0,5434,22170661673
395.656,2.52745,45.7584,0,85,66,44,2760,10501,5.13629,166,16.933,0,0,5434,22173190105
388.669,2.57289,45.7584,0,85,66,44,2760,10501,5.13629,166,16.933,0,0,5434,22175762999
261.462,3.82465,45.7584,0,85,66,44,2760,10501,5.13629,166,16.933,0,0,5434,22179588118
548.968,1.8216,45.7584,0,85,66,44,2760,10501,5.13629,166,16.933,0,0,5434,22181409930
429.142,2.33023,45.7584,0,85,66,44,2760,10501,5.13629,166,16.933,0,0,5434,22183740499
261.361,3.82612,45.7584,0,85,66,44,2760,10501,5.13629,166,16.933,0,0,5434,22187566935
580.62,1.7223,45.7584,0,85,66,44,2760,10501,5.13629,166,16.933,0,0,5434,22189289541
445.962,2.24235,45.7584,0,85,66,44,2760,10501,5.13629,166,16.933,0,0,5434,22191532329
355.292,2.81458,45.7584,0,85,66,44,2760,10501,5.13629,166,16.933,0,0,5434,22194347125
198.604,5.03515,45.7584,0,85,66,44,2760,10501,5.13629,166,16.933,0,0,5434,22199382785
1524.03,0.656156,45.7584,0,85,66,44,2760,10501,5.13629,166,16.933,0,0,5434,22200039221
416.204,2.40267,45.7584,0,85,66,44,2760,10501,5.13629,166,16.933,0,0,5434,22202442302
345.123,2.89752,45.7584,0,85,66,44,2760,10501,5.13629,166,16.933,0,0,5434,22205340111
381.976,2.61796,45.7584,0,85,66,44,2760,10501,5.13629,166,16.933,0,0,5434,22207958430
338.465,2.95451,45.7584,0,85,66,44,2760,10501,5.13629,166,16.933,0,0,5434,22210913261
380.824,2.62589,45.7584,0,85,66,44,2760,10501,5.13629,166,16.933,0,0,5434,22213539445
358.854,2.78665,45.7584,0,85,66,44,2760,10501,5.13629,166,16.933,0,0,5434,22216326539
402.719,2.48312,45.7584,0,85,66,44,2760,10501,5.13629,166,16.933,0,0,5434,22218809882
433.915,2.3046,45.7584,0,85,66,44,2760,10501,5.13629,166,16.933,0,0,5434,22221115008
389.776,2.56558,45.7584,0,85,66,44,2760,10501,5.13629,166,16.933,0,0,5434,22223680720
211.729,4.72302,45.7584,0,85,66,44,2760,10501,5.13629,166,16.933,0,0,5434,22228404273
268.155,3.72919,45.7584,0,85,66,44,2760,10501,5.13629,166,16.933,0,0,5434,22232133822
618.1,1.61786,45.7584,0,85,66,44,2760,10501,5.13629,166,16.933,0,0,5434,22233752011
480.922,2.07934,45.7584,0,85,66,44,2760,10501,5.13629,166,16.933,0,0,5434,22235831571
392.697,2.54649,45.7584,0,85,66,44,2760,10501,5.13629,166,16.933,0,0,5434,22238378398
426.262,2.34597,45.7584,0,85,66,44,2760,10501,5.13629,166,16.933,0,0,5434,22240724717
397.015,2.5188,45.7584,0,85,66,44,2760,10501,5.13629,166,16.933,0,0,5434,22243243898
363.595,2.75031,45.7584,0,85,66,44,2760,10501,5.13629,166,16.933,0,0,5434,22245994443
223.992,4.46445,45.7584,0,85,66,44,2760,10501,5.13629,166,16.933,0,0,5434,22250459487
884.73,1.13029,45.7584,0,85,66,44,2760,10501,5.13629,166,16.933,0,0,5434,22251589920
434.824,2.29978,45.7584,0,85,66,44,2760,10501,5.13629,166,16.933,0,0,5434,22253890007
239.139,4.18167,45.7584,0,85,66,44,2760,10501,5.13629,166,16.933,0,0,5434,22258071859
452.722,2.20886,45.7584,0,85,66,44,2760,10501,5.13629,166,16.933,0,0,5434,22260281309
289.609,3.45293,45.7584,0,85,66,44,2760,10501,5.13629,166,16.933,0,0,5434,22263734425
872.161,1.14658,45.7584,0,85,66,44,2760,10501,5.13629,166,16.933,0,0,5434,22264881262
294.175,3.39933,45.7584,0,85,66,44,2760,10501,5.13629,166,16.933,0,0,5434,22268281021
572.529,1.74663,45.7584,0,85,66,44,2760,10501,5.13629,166,16.933,0,0,5434,22270027964
397.701,2.51445,45.7584,0,85,66,44,2760,10501,5.13629,166,16.933,0,0,5434,22272542722
261.93,3.81781,45.7584,0,85,66,44,2760,10501,5.13629,166,16.933,0,0,5434,22276360870
500.457,1.99817,45.7584,0,85,66,44,2760,10501,5.13629,166,16.933,0,0,5434,22278359370
409.09,2.44445,45.7584,0,85,66,44,2760,10501,5.13629,166,16.933,0,0,5434,22280804135
175.01,5.71397,45.7584,0,85,66,44,2760,10501,5.13629,166,16.933,0,0,5434,22286518462
370.967,2.69566,45.7584,0,85,66,44,2760,10501,5.13629,166,16.933,0,0,5434,22289214640
625.445,1.59886,45.7584,0,85,66,44,2760,10501,5.13629,166,16.933,0,0,5434,22290813809
574.338,1.74114,45.7584,0,85,66,44,2760,10501,5.13629,166,16.933,0,0,5434,22292555175
321.761,3.10789,45.7584,0,85,66,44,2760,10501,5.13629,166,16.933,0,0,5434,22295663395
421.282,2.3737,45.7584,0,85,66,44,2760,10501,5.13629,166,16.933,0,0,5434,22298037562
314.757,3.17706,45.7584,0,85,66,44,2760,10501,5.13629,166,16.933,0,0,5434,22301214794
509.44,1.96294,45.7584,0,85,66,44,2760,10501,5.13629,166,16.933,0,0,5434,22303178072
329.053,3.03903,45.7584,0,85,66,44,2760,10501,5.13629,166,16.933,0,0,5434,22306217530
362.497,2.75864,45.7584,0,85,66,44,2760,10501,5.13629,166,16.933,0,0,5434,22308976527
172.367,5.80157,45.7584,0,85,66,44,2760,10501,5.13629,166,16.933,0,0,5434,22314780770
1496.31,0.668311,44.3734,0,86,66,44,2760,10501,5.13434,166,16.9305,0,0,5443,22315447187
579.755,1.72487,44.3734,0,86,66,44,2760,10501,5.13434,166,16.9305,0,0,5443,22317172245
350.835,2.85035,44.3734,0,86,66,44,2760,10501,5.13434,166,16.9305,0,0,5443,22320023005
375.974,2.65976,44.3734,0,86,66,44,2760,10501,5.13434,166,16.9305,0,0,5443,22322683027
335.104,2.98415,44.3734,0,86,66,44,2760,10501,5.13434,166,16.9305,0,0,5443,22325667503
346.73,2.88409,44.3734,0,86,66,44,2760,10501,5.13434,166,16.9305,0,0,5443,22328551917
454.081,2.20225,44.3734,0,86,66,44,2760,10501,5.13434,166,16.9305,0,0,5443,22330754828
363.839,2.74847,44.3734,0,86,66,44,2760,10501,5.13434,166,16.9305,0,0,5443,22333503295
440.001,2.27272,44.3734,0,86,66,44,2760,10501,5.13434,166,16.9305,0,0,5443,22335776353
313.273,3.19211,44.3734,0,86,66,44,2760,10501,5.13434,166,16.9305,0,0,5443,22338968874
275.954,3.6238,44.3734,0,86,66,44,2760,10501,5.13434,166,16.9305,0,0,5443,22342592948
493.567,2.02607,44.3734,0,86,66,44,2760,10501,5.13434,166,16.9305,0,0,5443,22344619439
375.298,2.66455,44.3734,0,86,66,44,2760,10501,5.13434,166,16.9305,0,0,5443,22347284221
399.644,2.50223,44.3734,0,86,66,44,2760,10501,5.13434,166,16.9305,0,0,5443,22349786863
295.619,3.38273,44.3734,0,86,66,44,2760,10501,5.13434,166,16.9305,0,0,5443,22353169977
283.651,3.52545,44.3734,0,86,66,44,2760,10501,5.13434,166,16.9305,0,0,5443,22356696000
476.445,2.09888,44.3734,0,86,66,44,2760,10501,5.13434,166,16.9305,0,0,5443,22358795177
294.86,3.39144,44.3734,0,86,66,44,2760,10501,5.13434,166,16.9305,0,0,5443,22362187127
328.437,3.04473,44.3734,0,86,66,44,2760,10501,5.13434,166,16.9305,0,0,5443,22365232115
391.045,2.55725,44.3734,0,86,66,44,2760,10501,5.13434,166,16.9305,0,0,5443,22367789768
520.62,1.92079,44.3734,0,86,66,44,2760,10501,5.13434,166,16.9305,0,0,5443,22369710948
213.114,4.69232,44.3734,0,86,66,44,2760,10501,5.13434,166,16.9305,0,0,5443,22374403837
502.117,1.99157,44.3734,0,86,66,44,2760,10501,5.13434,166,16.9305,0,0,5443,22376395837
494.764,2.02116,44.3734,0,86,66,44,2760,10501,5.13434,166,16.9305,0,0,5443,22378417232
624.75,1.60064,44.3734,0,86,66,44,2760,10501,5.13434,166,16.9305,0,0,5443,22380018113
324.707,3.0797,44.3734,0,86,66,44,2760,10501,5.13434,166,16.9305,0,0,5443,22383098188
307.783,3.24904,44.3734,0,86,66,44,2760,10501,5.13434,166,16.9305,0,0,5443,22386347826
539.642,1.85308,44.3734,0,86,66,44,2760,10501,5.13434,166,16.9305,0,0,5443,22388201168
390.199,2.5628,44.3734,0,86,66,44,2760,10501,5.13434,166,16.9305,0,0,5443,22390764523
155.767,6.41985,44.3734,0,86,66,44,2760,10501,5.13434,166,16.9305,0,0,5443,22397184951
1525.14,0.655676,44.3734,0,86,66,44,2760,10501,5.13434,166,16.9305,0,0,5443,22397840992
545.218,1.83413,44.3734,0,86,66,44,2760,10501,5.13434,166,16.9305,0,0,5443,22399675583
261.245,3.82782,44.3734,0,86,66,44,2760,10501,5.13434,166,16.9305,0,0,5443,22403503683
614.038,1.62856,44.3734,0,86,66,44,2760,10501,5.13434,166,16.9305,0,0,5443,22405132642
314.667,3.17796,44.3734,0,86,66,44,2760,10501,5.13434,166,16.9305,0,0,5443,22408310807
470.655,2.1247,44.3734,0,86,66,44,2760,10501,5.13434,166,16.9305,0,0,5443,22410435753
404.465,2.4724,44.3734,0,86,66,44,2760,10501,5.13434,166,16.9305,0,0,5443,22412908481
405.709,2.46482,44.3734,0,86,66,44,2760,10501,5.13434,166,16.9305,0,0,5443,22415373747
325.598,3.07128,44.3734,0,86,66,44,2760,10501,5.13434,166,16.9305,0,0,5443,22418445283
264.034,3.78739,44.3734,0,86,66,44,2760,10501,5.13434,166,16.9305,0,0,5443,22422232911
466.519,2.14353,44.3734,0,86,66,44,2760,10501,5.13434,166,16.9305,0,0,5443,22424376762
220.338,4.53848,44.3734,0,86,66,44,2760,10501,5.13434,166,16.9305,0,0,5443,22428915838
1526.22,0.655215,44.3734,0,86,66,44,2760,10501,5.13434,166,16.9305,0,0,5443,22429571033
409.446,2.44232,44.3734,0,86,66,44,2760,10501,5.13434,166,16.9305,0,0,5443,22432013692
296.917,3.36795,44.3734,0,86,66,44,2760,10501,5.13434,166,16.9305,0,0,5443,22435382007
316.277,3.16179,44.3734,0,86,66,44,2760,10501,5.13434,166,16.9305,0,0,5443,22438544124
463.643,2.15683,44.3734,0,86,66,44,2760,10501,5.13434,166,16.9305,0,0,5443,22440701446
576.72,1.73394,44.3734,0,86,66,44,2760,10501,5.13434,166,16.9305,0,0,5443,22442435639
306.401,3.2637,44.3734,0,86,66,44,2760,10501,5.13434,166,16.9305,0,0,5443,22445699634
294.774,3.39243,44.3734,0,86,66,44,2760,10501,5.13434,166,16.9305,0,0,5443,22449092489
538.365,1.85748,44.3734,0,86,66,44,2760,10501,5.13434,166,16.9305,0,0,5443,22450950176
463.49,2.15754,44.3734,0,86,66,44,2760,10501,5.13434,166,16.9305,0,0,5443,22453108134
319.243,3.13241,44.3734,0,86,66,44,2760,10501,5.13434,166,16.9305,0,0,5443,22456240874
367.269,2.7228,44.3734,0,86,66,44,2760,10501,5.13434,166,16.9305,0,0,5443,22458964004
230.946,4.33002,44.3734,0,86,66,44,2760,10501,5.13434,166,16.9305,0,0,5443,22463294390
216.279,4.62366,44.3734,0,86,66,44,2760,10501,5.13434,166,16.9305,0,0,5443,22467918700
696.435,1.43588,44.3734,0,86,66,44,2760,10501,5.13434,166,16.9305,0,0,5443,22469354806
1602.88,0.623877,44.3734,0,86,66,44,2760,10501,5.13434,166,16.9305,0,0,5443,22469979029
229.541,4.35651,44.3734,0,86,66,44,2760,10501,5.13434,166,16.9305,0,0,5443,22474336022
336.873,2.96848,44.3734,0,86,66,44,2760,10501,5.13434,166,16.9305,0,0,5443,22477304988
681.056,1.46831,44.3734,0,86,66,44,2760,10501,5.13434,166,16.9305,0,0,5443,22478773595
460.849,2.16991,44.3734,0,86,66,44,2760,10501,5.13434,166,16.9305,0,0,5443,22480943841
341.46,2.9286,44.3734,0,86,66,44,2760,10501,5.13434,166,16.9305,0,0,5443,22483872786
373.735,2.6757,44.3734,0,86,66,44,2760,10501,5.13434,166,16.9305,0,0,5443,22486548789
388.026,2.57714,44.3734,0,86,66,44,2760,10501,5.13434,166,16.9305,0,0,5443,22489126242
345.193,2.89693,44.3734,0,86,66,44,2760,10501,5.13434,166,16.9305,0,0,5443,22492023570
353.968,2.82511,44.3734,0,86,66,44,2760,10501,5.13434,166,16.9305,0,0,5443,22494848915
385.831,2.59181,44.3734,0,86,66,44,2760,10501,5.13434,166,16.9305,0,0,5443,22497441099
262.238,3.81333,44.3734,0,86,66,44,2760,10501,5.13434,166,16.9305,0,0,5443,22501254814
273.221,3.66005,44.3734,0,86,66,44,2760,10501,5.13434,166,16.9305,0,0,5443,22504915322
687.212,1.45516,44.3734,0,86,66,44,2760,10501,5.13434,166,16.9305,0,0,5443,22506370707
573.476,1.74375,44.3734,0,86,66,44,2760,10501,5.13434,166,16.9305,0,0,5443,22508114747
369.567,2.70587,44.3734,0,86,66,44,2760,10501,5.13434,166,16.9305,0,0,5443,22510821069
359.594,2.78091,44.3734,0,86,66,44,2760,10501,5.13434,166,16.9305,0,0,5443,22513602240
341.942,2.92447,44.3734,0,86,66,44,2760,10501,5.13434,166,16.9305,0,0,5443,22516527021
416.973,2.39824,44.3734,0,86,66,44,2760,10501,5.13434,166,16.9305,0,0,5443,22518925534
399.519,2.50301,44.3734,0,86,66,44,2760,10501,5.13434,166,16.9305,0,0,5443,22521428955
335.586,2.97986,44.3734,0,86,66,44,2760,10501,5.13434,166,16.9305,0,0,5443,22524409094
433.008,2.30942,44.3734,0,86,66,44,2760,10501,5.13434,166,16.9305,0,0,5443,22526718797
250.491,3.99216,44.3734,0,86,66,44,2760,10501,5.13434,166,16.9305,0,0,5443,22530711268
562.822,1.77676,44.3734,0,86,66,44,2760,10501,5.13434,166,16.9305,0,0,5443,22532488338
280.453,3.56566,44.3734,0,86,66,44,2760,10501,5.13434,166,16.9305,0,0,5443,22536054525
861.897,1.16023,44.3734,0,86,66,44,2760,10501,5.13434,166,16.9305,0,0,5443,22537214958
337.199,2.96561,44.3734,0,86,66,44,2760,10501,5.13434,166,16.9305,0,0,5443,22540181068
371.821,2.68947,44.3734,0,86,66,44,2760,10501,5.13434,166,16.9305,0,0,5443,22542870909
379.799,2.63297,44.3734,0,86,66,44,2760,10501,5.13434,166,16.9305,0,0,5443,22545504247
256.519,3.89834,44.3734,0,86,66,44,2760,10501,5.13434,166,16.9305,0,0,5443,22549403004
359.778,2.77949,44.3734,0,86,66,44,2760,10501,5.13434,166,16.9305,0,0,5443,22552182828
590.306,1.69404,44.3734,0,86,66,44,2760,10501,5.13434,166,16.9305,0,0,5443,22553877097
168.072,5.94982,44.3734,0,86,66,44,2760,10501,5.13434,166,16.9305,0,0,5443,22559827268
551.369,1.81367,44.3734,0,86,66,44,2760,10501,5.13434,166,16.9305,0,0,5443,22561641368
773.415,1.29297,44.3734,0,86,66,44,2760,10501,5.13434,166,16.9305,0,0,5443,22562934565
397.094,2.5183,44.3734,0,86,66,44,2760,10501,5.13434,166,16.9305,0,0,5443,22565453160
495.703,2.01734,44.3734,0,86,66,44,2760,10501,5.13434,166,16.9305,0,0,5443,22567470882
353.673,2.82747,44.3734,0,86,66,44,2760,10501,5.13434,166,16.9305,0,0,5443,22570298650
346.408,2.88677,44.3734,0,86,66,44,2760,10501,5.13434,166,16.9305,0,0,5443,22573185776
360.878,2.77102,44.3734,0,86,66,44,2760,10501,5.13434,166,16.9305,0,0,5443,22575957168
337.801,2.96032,44.3734,0,86,66,44,2760,10501,5.13434,166,16.9305,0,0,5443,22578917739
437.49,2.28577,44.3734,0,86,66,44,2760,10501,5.13434,166,16.9305,0,0,5443,22581203845
185.985,5.37679,44.3734,0,86,66,44,2760,10501,5.13434,166,16.9305,0,0,5443,22586581083
1495.64,0.668609,44.3734,0,86,66,44,2760,10501,5.13434,166,16.9305,0,0,5443,22587250173
490.691,2.03794,44.3734,0,86,66,44,2760,10501,5.13434,166,16.9305,0,0,5443,22589288280
394.141,2.53716,44.3734,0,86,66,44,2760,10501,5.13434,166,16.9305,0,0,5443,22591825741
430.027,2.32543,44.3734,0,86,66,44,2760,10501,5.13434,166,16.9305,0,0,5443,22594151608
286.145,3.49473,44.3734,0,86,66,44,2760,10501,5.13434,166,16.9305,0,0,5443,22597646610
481.316,2.07764,44.3734,0,86,66,44,2760,10501,5.13434,166,16.9305,0,0,5443,22599724526
355.472,2.81316,44.3734,0,86,66,44,2760,10501,5.13434,166,16.9305,0,0,5443,22602538035
306.229,3.26553,44.3734,0,86,66,44,2760,10501,5.13434,166,16.9305,0,0,5443,22605803875
452.891,2.20804,44.3734,0,86,66,44,2760,10501,5.13434,166,16.9305,0,0,5443,22608012758
234.101,4.27166,44.3734,0,86,66,44,2760,10501,5.13434,166,16.9305,0,0,5443,22612284209
530.537,1.88488,44.3734,0,86,66,44,2760,10501,5.13434,166,16.9305,0,0,5443,22614169561
583.925,1.71255,44.3734,0,86,66,44,2760,10501,5.13434,166,16.9305,0,0,5443,22615882417
347.902,2.87438,44.3734,0,86,66,44,2760,10501,5.13434,166,16.9305,0,0,5443,22618757043
415.438,2.4071,44.3734,0,86,66,44,2760,10501,5.13434,166,16.9305,0,0,5443,22621164480
360.241,2.77592,44.3734,0,86,66,44,2760,10501,5.13434,166,16.9305,0,0,5443,22623940785
363.413,2.75169,44.3734,0,86,66,44,2760,10501,5.13434,166,16.9305,0,0,5443,22626692685
359.514,2.78154,44.3734,0,86,66,44,2760,10501,5.13434,166,16.9305,0,0,5443,22629474587
363.55,2.75065,44.3734,0,86,66,44,2760,10501,5.13434,166,16.9305,0,0,5443,22632225535
405.669,2.46506,44.3734,0,86,66,44,2760,10501,5.13434,166,16.9305,0,0,5443,22634690714
342.293,2.92147,44.3734,0,86,66,44,2760,10501,5.13434,166,16.9305,0,0,5443,22637612649
266.639,3.7504,44.3734,0,86,66,44,2760,10501,5.13434,166,16.9305,0,0,5443,22641363478
517.424,1.93265,44.3734,0,86,66,44,2760,10501,5.13434,166,16.9305,0,0,5443,22643296466
210.61,4.7481,44.3734,0,86,66,44,2760,10501,5.13434,166,16.9305,0,0,5443,22648044741
2131.65,0.469121,44.3734,0,86,66,44,2760,10501,5.13434,166,16.9305,0,0,5443,22648513911
444.515,2.24964,44.3734,0,86,66,44,2760,10501,5.13434,166,16.9305,0,0,5443,22650763996
289.213,3.45766,44.3734,0,86,66,44,2760,10501,5.13434,166,16.9305,0,0,5443,22654222017
329.106,3.03854,44.3734,0,86,66,44,2760,10501,5.13434,166,16.9305,0,0,5443,22657260984
537.014,1.86215,44.3734,0,86,66,44,2760,10501,5.13434,166,16.9305,0,0,5443,22659123365
270.292,3.6997,44.3734,0,86,66,44,2760,10501,5.13434,166,16.9305,0,0,5443,22662823403
267.244,3.7419,44.3734,0,86,66,44,2760,10501,5.13434,166,16.9305,0,0,5443,22666565596
272.552,3.66902,44.3734,0,86,66,44,2760,10501,5.13434,166,16.9305,0,0,5443,22670234874
1804.05,0.554307,44.3734,0,86,66,44,2760,10501,5.13434,166,16.9305,0,0,5443,22670789546
307.207,3.25513,44.3734,0,86,66,44,2760,10501,5.13434,166,16.9305,0,0,5443,22674045098
448.5,2.22965,44.3734,0,86,66,44,2760,10501,5.13434,166,16.9305,0,0,5443,22676274952
439.137,2.27719,44.3734,0,86,66,44,2760,10501,5.13434,166,16.9305,0,0,5443,22678552558
422.426,2.36728,44.3734,0,86,66,44,2760,10501,5.13434,166,16.9305,0,0,5443,22680920262
385.505,2.594,44.3734,0,86,66,44,2760,10501,5.13434,166,16.9305,0,0,5443,22683514686
322.038,3.10522,44.3734,0,86,66,44,2760,10501,5.13434,166,16.9305,0,0,5443,22686620003
375.267,2.66477,44.3734,0,86,66,44,2760,10501,5.13434,166,16.9305,0,0,5443,22689285131
213.502,4.6838,44.3734,0,86,66,44,2760,10501,5.13434,166,16.9305,0,0,5443,22693969404
1117.08,0.895194,44.3734,0,86,66,44,2760,10501,5.13434,166,16.9305,0,0,5443,22694864771
282.894,3.5349,44.3734,0,86,66,44,2760,10501,5.13434,166,16.9305,0,0,5443,22698400188
843.689,1.18527,44.3734,0,86,66,44,2760,10501,5.13434,166,16.9305,0,0,5443,22699585795
352.502,2.83686,44.3734,0,86,66,44,2760,10501,5.13434,166,16.9305,0,0,5443,22702422852
298.666,3.34822,44.3734,0,86,66,44,2760,10501,5.13434,166,16.9305,0,0,5443,22705771408
325.93,3.06814,44.3734,0,86,66,44,2760,10501,5.13434,166,16.9305,0,0,5443,22708840155
555.071,1.80157,44.3734,0,86,66,44,2760,10501,5.13434,166,16.9305,0,0,5443,22710641870
439.594,2.27483,44.3734,0,86,66,44,2760,10501,5.13434,166,16.9305,0,0,5443,22712917033
359.243,2.78363,44.3734,0,86,66,44,2760,10501,5.13434,166,16.9305,0,0,5443,22715701002
198.743,5.03162,44.3734,0,86,66,44,2760,10501,5.13434,166,16.9305,0,0,5443,22720732979
396.754,2.52045,44.3734,0,86,66,44,2760,10501,5.13434,166,16.9305,0,0,5443,22723253901
1046.89,0.955206,44.3734,0,86,66,44,2760,10501,5.13434,166,16.9305,0,0,5443,22724209269
525.039,1.90462,44.3734,0,86,66,44,2760,10501,5.13434,166,16.9305,0,0,5443,22726114209
384.615,2.6,44.3734,0,86,66,44,2760,10501,5.13434,166,16.9305,0,0,5443,22728714594
363.434,2.75153,44.3734,0,86,66,44,2760,10501,5.13434,166,16.9305,0,0,5443,22731466620
314.929,3.17532,44.3734,0,86,66,44,2760,10501,5.13434,166,16.9305,0,0,5443,22734642111
275.966,3.62363,44.3734,0,86,66,44,2760,10501,5.13434,166,16.9305,0,0,5443,22738266233
467.785,2.13774,44.3734,0,86,66,44,2760,10501,5.13434,166,16.9305,0,0,5443,22740404152
470.466,2.12555,44.3734,0,86,66,44,2760,10501,5.13434,166,16.9305,0,0,5443,22742530031
176.996,5.64984,44.3734,0,86,66,44,2760,10501,5.13434,166,16.9305,0,0,5443,22748180539
1924.79,0.519537,44.3734,0,86,66,44,2760,10501,5.13434,166,16.9305,0,0,5443,22748700210
389.337,2.56847,44.3734,0,86,66,44,2760,10501,5.13434,166,16.9305,0,0,5443,22751269085
469.58,2.12956,44.3734,0,86,66,44,2760,10501,5.13434,166,16.9305,0,0,5443,22753398965
290.213,3.44575,44.3734,0,86,66,44,2760,10501,5.13434,166,16.9305,0,0,5443,22756845311
472.677,2.11561,44.3734,0,86,66,44,2760,10501,5.13434,166,16.9305,0,0,5443,22758961296
386.522,2.58717,44.3734,0,86,66,44,2760,10501,5.13434,166,16.9305,0,0,5443,22761548730
368.915,2.71065,44.3734,0,86,66,44,2760,10501,5.13434,166,16.9305,0,0,5443,22764259706
344.941,2.89905,44.3734,0,86,66,44,2760,10501,5.13434,166,16.9305,0,0,5443,22767158976
369.474,2.70655,44.3734,0,86,66,44,2760,10501,5.13434,166,16.9305,0,0,5443,22769866000
211.139,4.73623,44.3734,0,86,66,44,2760,10501,5.13434,166,16.9305,0,0,5443,22774602429
634.608,1.57578,44.3734,0,86,66,44,2760,10501,5.13434,166,16.9305,0,0,5443,22776178559
561.76,1.78012,44.3734,0,86,66,44,2760,10501,5.13434,166,16.9305,0,0,5443,22777959061
340.683,2.93528,44.3734,0,86,66,44,2760,10501,5.13434,166,16.9305,0,0,5443,22780894612
375.998,2.65959,44.3734,0,86,66,44,2760,10501,5.13434,166,16.9305,0,0,5443,22783554548
325.469,3.07249,44.3734,0,86,66,44,2760,10501,5.13434,166,16.9305,0,0,5443,22786627325
471.259,2.12198,44.3734,0,86,66,44,2760,10501,5.13434,166,16.9305,0,0,5443,22788749771
319.639,3.12853,44.3734,0,86,66,44,2760,10501,5.13434,166,16.9305,0,0,5443,22791878530
371.781,2.68975,44.3734,0,86,66,44,2760,10501,5.13434,166,16.9305,0,0,5443,22794568506
404.201,2.47402,44.3734,0,86,66,44,2760,10501,5.13434,166,16.9305,0,0,5443,22797042916
203.359,4.91741,44.3734,0,86,66,44,2760,10501,5.13434,166,16.9305,0,0,5443,22801960688
1278.79,0.781988,44.3734,0,86,66,44,2760,10501,5.13434,166,16.9305,0,0,5443,22802743050
385.236,2.59581,44.3734,0,86,66,44,2760,10501,5.13434,166,16.9305,0,0,5443,22805339167
381.033,2.62444,44.3734,0,86,66,44,2760,10501,5.13434,166,16.9305,0,0,5443,22807964121
423.525,2.36114,44.3734,0,86,66,44,2760,10501,5.13434,166,16.9305,0,0,5443,22810325546
267.589,3.73708,44.3734,0,86,66,44,2760,10501,5.13434,166,16.9305,0,0,5443,22814062913
547.321,1.82708,44.3734,0,86,66,44,2760,10501,5.13434,166,16.9305,0,0,5443,22815892176
412.86,2.42213,46.8593,0,84,66,44,2760,10501,5.13317,165,16.9199,0,0,5430,22818312690
362.51,2.75854,46.8593,0,84,66,44,2760,10501,5.13317,165,16.9199,0,0,5430,22821071476
370.991,2.69549,46.8593,0,84,66,44,2760,10501,5.13317,165,16.9199,0,0,5430,22823767326
205.914,4.85639,46.8593,0,84,66,44,2760,10501,5.13317,165,16.9199,0,0,5430,22828624278
857.625,1.16601,46.8593,0,84,66,44,2760,10501,5.13317,165,16.9199,0,0,5430,22829790423
491.245,2.03565,46.8593,0,84,66,44,2760,10501,5.13317,165,16.9199,0,0,5430,22831826386
371.808,2.68956,46.8593,0,84,66,44,2760,10501,5.13317,165,16.9199,0,0,5430,22834516265
356.833,2.80243,46.8593,0,84,66,44,2760,10501,5.13317,165,16.9199,0,0,5430,22837319042
342.677,2.9182,46.8593,0,84,66,44,2760,10501,5.13317,165,16.9199,0,0,5430,22840237535
410.456,2.43631,46.8593,0,84,66,44,2760,10501,5.13317,165,16.9199,0,0,5430,22842674165
311.051,3.21491,46.8593,0,84,66,44,2760,10501,5.13317,165,16.9199,0,0,5430,22845889437
430.679,2.32191,46.8593,0,84,66,44,2760,10501,5.13317,165,16.9199,0,0,5430,22848211592
385.831,2.59181,46.8593,0,84,66,44,2760,10501,5.13317,165,16.9199,0,0,5430,22850803939
216.781,4.61294,46.8593,0,84,66,44,2760,10501,5.13317,165,16.9199,0,0,5430,22855417066
507.312,1.97117,46.8593,0,84,66,44,2760,10501,5.13317,165,16.9199,0,0,5430,22857388565
420.382,2.37879,46.8593,0,84,66,44,2760,10501,5.13317,165,16.9199,0,0,5430,22859767645
227.475,4.39608,46.8593,0,84,66,44,2760,10501,5.13317,165,16.9199,0,0,5430,22864164188
668.641,1.49557,46.8593,0,84,66,44,2760,10501,5.13317,165,16.9199,0,0,5430,22865660084
714.08,1.4004,46.8593,0,84,66,44,2760,10501,5.13317,165,16.9199,0,0,5430,22867060785
349.049,2.86492,46.8593,0,84,66,44,2760,10501,5.13317,165,16.9199,0,0,5430,22869926016
364.778,2.74139,46.8593,0,84,66,44,2760,10501,5.13317,165,16.9199,0,0,5430,22872667580
349.721,2.85942,46.8593,0,84,66,44,2760,10501,5.13317,165,16.9199,0,0,5430,22875527320
370.531,2.69883,46.8593,0,84,66,44,2760,10501,5.13317,165,16.9199,0,0,5430,22878226421
243.058,4.11424,46.8593,0,84,66,44,2760,10501,5.13317,165,16.9199,0,0,5430,22882341156
510.277,1.95972,46.8593,0,84,66,44,2760,10501,5.13317,165,16.9199,0,0,5430,22884301289
588.568,1.69904,46.8593,0,84,66,44,2760,10501,5.13317,165,16.9199,0,0,5430,22886000452
347.113,2.8809,46.8593,0,84,66,44,2760,10501,5.13317,165,16.9199,0,0,5430,22888881838
373.142,2.67995,46.8593,0,84,66,44,2760,10501,5.13317,165,16.9199,0,0,5430,22891562284
356.603,2.80424,46.8593,0,84,66,44,2760,10501,5.13317,165,16.9199,0,0,5430,22894366638
354.95,2.8173,46.8593,0,84,66,44,2760,10501,5.13317,165,16.9199,0,0,5430,22897184137
451.954,2.21261,46.8593,0,84,66,44,2760,10501,5.13317,165,16.9199,0,0,5430,22899396990
335.696,2.97889,46.8593,0,84,66,44,2760,10501,5.13317,165,16.9199,0,0,5430,22902376283
294.504,3.39554,46.8593,0,84,66,44,2760,10501,5.13317,165,16.9199,0,0,5430,22905772176
278.5,3.59066,46.8593,0,84,66,44,2760,10501,5.13317,165,16.9199,0,0,5430,22909363239
512.126,1.95264,46.8593,0,84,66,44,2760,10501,5.13317,165,16.9199,0,0,5430,22911316123
483.435,2.06853,46.8593,0,84,66,44,2760,10501,5.13317,165,16.9199,0,0,5430,22913384981
392.491,2.54783,46.8593,0,84,66,44,2760,10501,5.13317,165,16.9199,0,0,5430,22915933163
269.58,3.70947,46.8593,0,84,66,44,2760,10501,5.13317,165,16.9199,0,0,5430,22919643038
536.399,1.86428,46.8593,0,84,66,44,2760,10501,5.13317,165,16.9199,0,0,5430,22921507505
359.237,2.78368,46.8593,0,84,66,44,2760,10501,5.13317,165,16.9199,0,0,5430,22924291550
343.642,2.91,46.8593,0,84,66,44,2760,10501,5.13317,165,16.9199,0,0,5430,22927201879
405.471,2.46627,46.8593,0,84,66,44,2760,10501,5.13317,165,16.9199,0,0,5430,22929668578
206.477,4.84315,46.8593,0,84,66,44,2760,10501,5.13317,165,16.9199,0,0,5430,22934512097
578.205,1.72949,46.8593,0,84,66,44,2760,10501,5.13317,165,16.9199,0,0,5430,22936241886
476.746,2.09755,46.8593,0,84,66,44,2760,10501,5.13317,165,16.9199,0,0,5430,22938339851
538.034,1.85862,46.8593,0,84,66,44,2760,10501,5.13317,165,16.9199,0,0,5430,22940198721
323.16,3.09444,46.8593,0,84,66,44,2760,10501,5.13317,165,16.9199,0,0,5430,22943293469
372.435,2.68503,46.8593,0,84,66,44,2760,10501,5.13317,165,16.9199,0,0,5430,22945978848
383.832,2.60531,46.8593,0,84,66,44,2760,10501,5.13317,165,16.9199,0,0,5430,22948584455
383.723,2.60605,46.8593,0,84,66,44,2760,10501,5.13317,165,16.9199,0,0,5430,22951190947
388.042,2.57704,46.8593,0,84,66,44,2760,10501,5.13317,165,16.9199,0,0,5430,22953768303
329.545,3.03449,46.8593,0,84,66,44,2760,10501,5.13317,165,16.9199,0,0,5430,22956803204
335.436,2.9812,46.8593,0,84,66,44,2760,10501,5.13317,165,16.9199,0,0,5430,22959784612
276.06,3.6224,46.8593,0,84,66,44,2760,10501,5.13317,165,16.9199,0,0,5430,22963407522
350.629,2.85202,46.8593,0,84,66,44,2760,10501,5.13317,165,16.9199,0,0,5430,22966259868
546.614,1.82945,46.8593,0,84,66,44,2760,10501,5.13317,165,16.9199,0,0,5430,22968089536
324.331,3.08327,46.8593,0,84,66,44,2760,10501,5.13317,165,16.9199,0,0,5430,22971173159
751.246,1.33112,46.8593,0,84,66,44,2760,10501,5.13317,165,16.9199,0,0,5430,22972504569
357.165,2.79983,46.8593,0,84,66,44,2760,10501,5.13317,165,16.9199,0,0,5430,22975304971
344.595,2.90195,46.8593,0,84,66,44,2760,10501,5.13317,165,16.9199,0,0,5430,22978207136
376.176,2.65833,46.8593,0,84,66,44,2760,10501,5.13317,165,16.9199,0,0,5430,22980865764
388.183,2.57611,46.8593,0,84,66,44,2760,10501,5.13317,165,16.9199,0,0,5430,22983442226
349.678,2.85977,46.8593,0,84,66,44,2760,10501,5.13317,165,16.9199,0,0,5430,22986302284
295.313,3.38624,46.8593,0,84,66,44,2760,10501,5.13317,165,16.9199,0,0,5430,22989688975
513.107,1.94891,46.8593,0,84,66,44,2760,10501,5.13317,165,16.9199,0,0,5430,22991638118
301.228,3.31975,46.8593,0,84,66,44,2760,10501,5.13317,165,16.9199,0,0,5430,22994958316
493.202,2.02757,46.8593,0,84,66,44,2760,10501,5.13317,165,16.9199,0,0,5430,22996986144
327.693,3.05164,46.8593,0,84,66,44,2760,10501,5.13317,165,16.9199,0,0,5430,23000038084
498.715,2.00515,46.8593,0,84,66,44,2760,10501,5.13317,165,16.9199,0,0,5430,23002043632
346.559,2.88551,46.8593,0,84,66,44,2760,10501,5.13317,165,16.9199,0,0,5430,23004929431
333.332,3.00002,46.8593,0,84,66,44,2760,10501,5.13317,165,16.9199,0,0,5430,23007929869
334.039,2.99366,46.8593,0,84,66,44,2760,10501,5.13317,165,16.9199,0,0,5430,23010923960
534.928,1.86941,46.8593,0,84,66,44,2760,10501,5.13317,165,16.9199,0,0,5430,23012793436
266.277,3.75548,46.8593,0,84,66,44,2760,10501,5.13317,165,16.9199,0,0,5430,23016549265
276.962,3.6106,46.8593,0,84,66,44,2760,10501,5.13317,165,16.9199,0,0,5430,23020160290
1169.56,0.855019,46.8593,0,84,66,44,2760,10501,5.13317,165,16.9199,0,0,5430,23021015906
342.913,2.91619,46.8593,0,84,66,44,2760,10501,5.13317,165,16.9199,0,0,5430,23023932273
214.729,4.65704,46.8593,0,84,66,44,2760,10501,5.13317,165,16.9199,0,0,5430,23028589728
629.526,1.5885,46.8593,0,84,66,44,2760,10501,5.13317,165,16.9199,0,0,5430,23030178590
696.304,1.43615,46.8593,0,84,66,44,2760,10501,5.13317,165,16.9199,0,0,5430,23031615167
358.463,2.78969,46.8593,0,84,66,44,2760,10501,5.13317,165,16.9199,0,0,5430,23034405386
345.772,2.89208,46.8593,0,84,66,44,2760,10501,5.13317,165,16.9199,0,0,5430,23037297637
323.389,3.09225,46.8593,0,84,66,44,2760,10501,5.13317,165,16.9199,0,0,5430,23040390318
198.961,5.02611,46.8593,0,84,66,44,2760,10501,5.13317,165,16.9199,0,0,5430,23045416940
508.707,1.96577,46.8593,0,84,66,44,2760,10501,5.13317,165,16.9199,0,0,5430,23047382948
710.393,1.40767,46.8593,0,84,66,44,2760,10501,5.13317,165,16.9199,0,0,5430,23048791034
344.232,2.90502,46.8593,0,84,66,44,2760,10501,5.13317,165,16.9199,0,0,5430,23051696392
421.793,2.37083,46.8593,0,84,66,44,2760,10501,5.13317,165,16.9199,0,0,5430,23054067645
371.834,2.68937,46.8593,0,84,66,44,2760,10501,5.13317,165,16.9199,0,0,5430,23056757418
366.771,2.7265,46.8593,0,84,66,44,2760,10501,5.13317,165,16.9199,0,0,5430,23059484241
268.823,3.71992,46.8593,0,84,66,44,2760,10501,5.13317,165,16.9199,0,0,5430,23063204491
557.655,1.79322,46.8593,0,84,66,44,2760,10501,5.13317,165,16.9199,0,0,5430,23064998051
189.937,5.26491,46.8593,0,84,66,44,2760,10501,5.13317,165,16.9199,0,0,5430,23070263440
497.929,2.00832,46.8593,0,84,66,44,2760,10501,5.13317,165,16.9199,0,0,5430,23072271989
594.837,1.68113,46.8593,0,84,66,44,2760,10501,5.13317,165,16.9199,0,0,5430,23073953536
578.375,1.72898,46.8593,0,84,66,44,2760,10501,5.13317,165,16.9199,0,0,5430,23075682748
282.027,3.54576,46.8593,0,84,66,44,2760,10501,5.13317,165,16.9199,0,0,5430,23079228839
600.289,1.66586,46.8593,0,84,66,44,2760,10501,5.13317,165,16.9199,0,0,5430,23080895068
290.155,3.44643,46.8593,0,84,66,44,2760,10501,5.13317,165,16.9199,0,0,5430,23084341848
505.23,1.9793,46.8593,0,84,66,44,2760,10501,5.13317,165,16.9199,0,0,5430,23086321433
383.36,2.60851,46.8593,0,84,66,44,2760,10501,5.13317,165,16.9199,0,0,5430,23088930444
340.212,2.93934,46.8593,0,84,66,44,2760,10501,5.13317,165,16.9199,0,0,5430,23091870967
401.863,2.48841,46.8593,0,84,66,44,2760,10501,5.13317,165,16.9199,0,0,5430,23094358993
229.718,4.35317,46.8593,0,84,66,44,2760,10501,5.13317,165,16.9199,0,0,5430,23098712466
380.958,2.62496,46.8593,0,84,66,44,2760,10501,5.13317,165,16.9199,0,0,5430,23101337843
884.813,1.13018,46.8593,0,84,66,44,2760,10501,5.13317,165,16.9199,0,0,5430,23102468112
441.758,2.26368,46.8593,0,84,66,44,2760,10501,5.13317,165,16.9199,0,0,5430,23104732217
338.658,2.95283,46.8593,0,84,66,44,2760,10501,5.13317,165,16.9199,0,0,5430,23107685413
281.176,3.55649,46.8593,0,84,66,44,2760,10501,5.13317,165,16.9199,0,0,5430,23111242206
570.109,1.75405,46.8593,0,84,66,44,2760,10501,5.13317,165,16.9199,0,0,5430,23112996505
335.136,2.98386,46.8593,0,84,66,44,2760,10501,5.13317,165,16.9199,0,0,5430,23115980654
423.711,2.3601,46.8593,0,84,66,44,2760,10501,5.13317,165,16.9199,0,0,5430,23118341176
332.806,3.00476,46.8593,0,84,66,44,2760,10501,5.13317,165,16.9199,0,0,5430,23121346268
331.294,3.01847,46.8593,0,84,66,44,2760,10501,5.13317,165,16.9199,0,0,5430,23124365110
344.933,2.89912,46.8593,0,84,66,44,2760,10501,5.13317,165,16.9199,0,0,5430,23127264457
531.052,1.88305,46.8593,0,84,66,44,2760,10501,5.13317,165,16.9199,0,0,5430,23129148021
369.818,2.70403,46.8593,0,84,66,44,2760,10501,5.13317,165,16.9199,0,0,5430,23131852237
357.701,2.79563,46.8593,0,84,66,44,2760,10501,5.13317,165,16.9199,0,0,5430,23134648149
379.332,2.63621,46.8593,0,84,66,44,2760,10501,5.13317,165,16.9199,0,0,5430,23137284718
408.819,2.44607,46.8593,0,84,66,44,2760,10501,5.13317,165,16.9199,0,0,5430,23139731243
360.462,2.77422,46.8593,0,84,66,44,2760,10501,5.13317,165,16.9199,0,0,5430,23142505683
296.865,3.36854,46.8593,0,84,66,44,2760,10501,5.13317,165,16.9199,0,0,5430,23145874488
516.812,1.93494,46.8593,0,84,66,44,2760,10501,5.13317,165,16.9199,0,0,5430,23147809919
316.384,3.16071,46.8593,0,84,66,44,2760,10501,5.13317,165,16.9199,0,0,5430,23150970814
380.852,2.62569,46.8593,0,84,66,44,2760,10501,5.13317,165,16.9199,0,0,5430,23153596806
469.106,2.13172,46.8593,0,84,66,44,2760,10501,5.13317,165,16.9199,0,0,5430,23155728820
370.127,2.70177,46.8593,0,84,66,44,2760,10501,5.13317,165,16.9199,0,0,5430,23158430912
193.455,5.16917,46.8593,0,84,66,44,2760,10501,5.13317,165,16.9199,0,0,5430,23163600403
1715.49,0.582924,46.8593,0,84,66,44,2760,10501,5.13317,165,16.9199,0,0,5430,23164183365
372.45,2.68493,46.8593,0,84,66,44,2760,10501,5.13317,165,16.9199,0,0,5430,23166868898
286.282,3.49306,46.8593,0,84,66,44,2760,10501,5.13317,165,16.9199,0,0,5430,23170362294
546.392,1.83019,46.8593,0,84,66,44,2760,10501,5.13317,165,16.9199,0,0,5430,23172192770
404.168,2.47422,46.8593,0,84,66,44,2760,10501,5.13317,165,16.9199,0,0,5430,23174667459
258.947,3.86179,46.8593,0,84,66,44,2760,10501,5.13317,165,16.9199,0,0,5430,23178529656
571.661,1.74929,46.8593,0,84,66,44,2760,10501,5.13317,165,16.9199,0,0,5430,23180279129
372.483,2.68469,46.8593,0,84,66,44,2760,10501,5.13317,165,16.9199,0,0,5430,23182964181
406.07,2.46263,46.8593,0,84,66,44,2760,10501,5.13317,165,16.9199,0,0,5430,23185427110
356.772,2.80291,46.8593,0,84,66,44,2760,10501,5.13317,165,16.9199,0,0,5430,23188230377
328.836,3.04103,46.8593,0,84,66,44,2760,10501,5.13317,165,16.9199,0,0,5430,23191271797
377.405,2.64968,46.8593,0,84,66,44,2760,10501,5.13317,165,16.9199,0,0,5430,23193921713
409.834,2.44001,46.8593,0,84,66,44,2760,10501,5.13317,165,16.9199,0,0,5430,23196362113
341.401,2.92911,46.8593,0,84,66,44,2760,10501,5.13317,165,16.9199,0,0,5430,23199291519
373.028,2.68076,46.8593,0,84,66,44,2760,10501,5.13317,165,16.9199,0,0,5430,23201972533
264.042,3.78728,46.8593,0,84,66,44,2760,10501,5.13317,165,16.9199,0,0,5430,23205760180
431.723,2.3163,46.8593,0,84,66,44,2760,10501,5.13317,165,16.9199,0,0,5430,23208076806
747.23,1.33828,46.8593,0,84,66,44,2760,10501,5.13317,165,16.9199,0,0,5430,23209415466
344.359,2.90394,46.8593,0,84,66,44,2760,10501,5.13317,165,16.9199,0,0,5430,23212319718
344.614,2.9018,46.8593,0,84,66,44,2760,10501,5.13317,165,16.9199,0,0,5430,23215221777
427.377,2.33986,46.8593,0,84,66,44,2760,10501,5.13317,165,16.9199,0,0,5430,23217561914
346.17,2.88875,46.8593,0,84,66,44,2760,10501,5.13317,165,16.9199,0,0,5430,23220450992
373.505,2.67734,46.8593,0,84,66,44,2760,10501,5.13317,165,16.9199,0,0,5430,23223128784
358.312,2.79086,46.8593,0,84,66,44,2760,10501,5.13317,165,16.9199,0,0,5430,23225919897
378.33,2.64319,46.8593,0,84,66,44,2760,10501,5.13317,165,16.9199,0,0,5430,23228563458
164.193,6.09041,46.8593,0,84,66,44,2760,10501,5.13317,165,16.9199,0,0,5430,23234654182
614.005,1.62865,46.8593,0,84,66,44,2760,10501,5.13317,165,16.9199,0,0,5430,23236283160
607.893,1.64503,46.8593,0,84,66,44,2760,10501,5.13317,165,16.9199,0,0,5430,23237928475
282.133,3.54443,46.8593,0,84,66,44,2760,10501,5.13317,165,16.9199,0,0,5430,23241473518
684.255,1.46144,46.8593,0,84,66,44,2760,10501,5.13317,165,16.9199,0,0,5430,23242935125
297.062,3.36631,46.8593,0,84,66,44,2760,10501,5.13317,165,16.9199,0,0,5430,23246301690
389.192,2.56942,46.8593,0,84,66,44,2760,10501,5.13317,165,16.9199,0,0,5430,23248871430
387.682,2.57943,46.8593,0,84,66,44,2760,10501,5.13317,165,16.9199,0,0,5430,23251451181
339.855,2.94244,46.8593,0,84,66,44,2760,10501,5.13317,165,16.9199,0,0,5430,23254393953
352.753,2.83485,46.8593,0,84,66,44,2760,10501,5.13317,165,16.9199,0,0,5430,23257229125
365.77,2.73396,46.8593,0,84,66,44,2760,10501,5.13317,165,16.9199,0,0,5430,23259963362
389.472,2.56758,46.8593,0,84,66,44,2760,10501,5.13317,165,16.9199,0,0,5430,23262531314
503.357,1.98666,46.8593,0,84,66,44,2760,10501,5.13317,165,16.9199,0,0,5430,23264518236
342.63,2.9186,46.8593,0,84,66,44,2760,10501,5.13317,165,16.9199,0,0,5430,23267437239
407.751,2.45248,46.8593,0,84,66,44,2760,10501,5.13317,165,16.9199,0,0,5430,23269889860
291.034,3.43603,46.8593,0,84,66,44,2760,10501,5.13317,165,16.9199,0,0,5430,23273326399
471.362,2.12151,46.8593,0,84,66,44,2760,10501,5.13317,165,16.9199,0,0,5430,23275448057
342.652,2.91842,46.8593,0,84,66,44,2760,10501,5.13317,165,16.9199,0,0,5430,23278367020
405.184,2.46802,46.8593,0,84,66,44,2760,10501,5.13317,165,16.9199,0,0,5430,23280835383
376.594,2.65538,46.8593,0,84,66,44,2760,10501,5.13317,165,16.9199,0,0,5430,23283491107
240.937,4.15047,46.8593,0,84,66,44,2760,10501,5.13317,165,16.9199,0,0,5430,23287641958
647.441,1.54454,46.8593,0,84,66,44,2760,10501,5.13317,165,16.9199,0,0,5430,23289186808
425.244,2.35159,46.8593,0,84,66,44,2760,10501,5.13317,165,16.9199,0,0,5430,23291538705
337.595,2.96213,46.8593,0,84,66,44,2760,10501,5.13317,165,16.9199,0,0,5430,23294501247
353.993,2.82491,46.8593,0,84,66,44,2760,10501,5.13317,165,16.9199,0,0,5430,23297326381
344.363,2.90391,46.8593,0,84,66,44,2760,10501,5.13317,165,16.9199,0,0,5430,23300230632
602.508,1.65973,46.8593,0,84,66,44,2760,10501,5.13317,165,16.9199,0,0,5430,23301890707
308.743,3.23894,46.8593,0,84,66,44,2760,10501,5.13317,165,16.9199,0,0,5430,23305130067
446.477,2.23976,46.8593,0,84,66,44,2760,10501,5.13317,165,16.9199,0,0,5430,23307370171
370.606,2.69828,46.8593,0,84,66,44,2760,10501,5.13317,165,16.9199,0,0,5430,23310068598
215.958,4.63052,46.8593,0,84,66,44,2760,10501,5.13317,165,16.9199,0,0,5430,23314699620
771.785,1.2957,46.8593,0,84,66,44,2760,10501,5.13317,165,16.9199,0,0,5430,23315997875
505.178,1.9795,44.2559,0,84,66,44,2760,10501,5.13239,165,16.9167,0,0,5428,23317975365
403.297,2.47956,44.2559,0,84,66,44,2760,10501,5.13239,165,16.9167,0,0,5428,23320455189
308.163,3.24503,44.2559,0,84,66,44,2760,10501,5.13239,165,16.9167,0,0,5428,23323700635
400.646,2.49597,44.2559,0,84,66,44,2760,10501,5.13239,165,16.9167,0,0,5428,23326196892
365.717,2.73435,44.2559,0,84,66,44,2760,10501,5.13239,165,16.9167,0,0,5428,23328931705
299.627,3.33748,44.2559,0,84,66,44,2760,10501,5.13239,165,16.9167,0,0,5428,23332269510
414.172,2.41446,44.2559,0,84,66,44,2760,10501,5.13239,165,16.9167,0,0,5428,23334684399
361.414,2.76691,44.2559,0,84,66,44,2760,10501,5.13239,165,16.9167,0,0,5428,23337451492
325.98,3.06767,44.2559,0,84,66,44,2760,10501,5.13239,165,16.9167,0,0,5428,23340519711
314.218,3.1825,44.2559,0,84,66,44,2760,10501,5.13239,165,16.9167,0,0,5428,23343702386
697.041,1.43464,44.2559,0,84,66,44,2760,10501,5.13239,165,16.9167,0,0,5428,23345137203
430.775,2.32139,44.2559,0,84,66,44,2760,10501,5.13239,165,16.9167,0,0,5428,23347458897
355.763,2.81086,44.2559,0,84,66,44,2760,10501,5.13239,165,16.9167,0,0,5428,23350270078
420.293,2.37929,44.2559,0,84,66,44,2760,10501,5.13239,165,16.9167,0,0,5428,23352649629
335.536,2.9803,44.2559,0,84,66,44,2760,10501,5.13239,165,16.9167,0,0,5428,23355630249
276.653,3.61464,44.2559,0,84,66,44,2760,10501,5.13239,165,16.9167,0,0,5428,23359245236
501.575,1.99372,44.2559,0,84,66,44,2760,10501,5.13239,165,16.9167,0,0,5428,23361239284
328.563,3.04355,44.2559,0,84,66,44,2760,10501,5.13239,165,16.9167,0,0,5428,23364283185
229.97,4.3484,44.2559,0,84,66,44,2760,10501,5.13239,165,16.9167,0,0,5428,23368632091
632.64,1.58068,44.2559,0,84,66,44,2760,10501,5.13239,165,16.9167,0,0,5428,23370212942
575.749,1.73687,44.2559,0,84,66,44,2760,10501,5.13239,165,16.9167,0,0,5428,23371950174
356.416,2.80571,44.2559,0,84,66,44,2760,10501,5.13239,165,16.9167,0,0,5428,23374756240
393.869,2.53891,44.2559,0,84,66,44,2760,10501,5.13239,165,16.9167,0,0,5428,23377295450
372.738,2.68285,44.2559,0,84,66,44,2760,10501,5.13239,165,16.9167,0,0,5428,23379978637
346.384,2.88697,44.2559,0,84,66,44,2760,10501,5.13239,165,16.9167,0,0,5428,23382865946
199.653,5.0087,44.2559,0,84,66,44,2760,10501,5.13239,165,16.9167,0,0,5428,23387875076
1720.71,0.581154,44.2559,0,84,66,44,2760,10501,5.13239,165,16.9167,0,0,5428,23388456567
339.906,2.94199,44.2559,0,84,66,44,2760,10501,5.13239,165,16.9167,0,0,5428,23391398858
299.442,3.33955,44.2559,0,84,66,44,2760,10501,5.13239,165,16.9167,0,0,5428,23394738846
525.314,1.90362,44.2559,0,84,66,44,2760,10501,5.13239,165,16.9167,0,0,5428,23396642689
489.331,2.04361,44.2559,0,84,66,44,2760,10501,5.13239,165,16.9167,0,0,5428,23398686594
386.457,2.58761,44.2559,0,84,66,44,2760,10501,5.13239,165,16.9167,0,0,5428,23401274480
321.045,3.11483,44.2559,0,84,66,44,2760,10501,5.13239,165,16.9167,0,0,5428,23404389767
220.735,4.53032,44.2559,0,84,66,44,2760,10501,5.13239,165,16.9167,0,0,5428,23408920439
607.918,1.64496,44.2559,0,84,66,44,2760,10501,5.13239,165,16.9167,0,0,5428,23410565725
573.714,1.74303,44.2559,0,84,66,44,2760,10501,5.13239,165,16.9167,0,0,5428,23412308967
368.239,2.71563,44.2559,0,84,66,44,2760,10501,5.13239,165,16.9167,0,0,5428,23415024799
210.008,4.76172,44.2559,0,84,66,44,2760,10501,5.13239,165,16.9167,0,0,5428,23419786998
445.337,2.24549,44.2559,0,84,66,44,2760,10501,5.13239,165,16.9167,0,0,5428,23422032612
518.215,1.9297,44.2559,0,84,66,44,2760,10501,5.13239,165,16.9167,0,0,5428,23423962677
386.982,2.5841,44.2559,0,84,66,44,2760,10501,5.13239,165,16.9167,0,0,5428,23426547062
376.335,2.65721,44.2559,0,84,66,44,2760,10501,5.13239,165,16.9167,0,0,5428,23429204584
387.788,2.57873,44.2559,0,84,66,44,2760,10501,5.13239,165,16.9167,0,0,5428,23431783815
400.549,2.49657,44.2559,0,84,66,44,2760,10501,5.13239,165,16.9167,0,0,5428,23434280659
368.476,2.71388,44.2559,0,84,66,44,2760,10501,5.13239,165,16.9167,0,0,5428,23436995020
353.302,2.83044,44.2559,0,84,66,44,2760,10501,5.13239,165,16.9167,0,0,5428,23439825711
351.368,2.84602,44.2559,0,84,66,44,2760,10501,5.13239,165,16.9167,0,0,5428,23442672038
378.265,2.64365,44.2559,0,84,66,44,2760,10501,5.13239,165,16.9167,0,0,5428,23445316060
287.73,3.47548,44.2559,0,84,66,44,2760,10501,5.13239,165,16.9167,0,0,5428,23448791792
534.143,1.87216,44.2559,0,84,66,44,2760,10501,5.13239,165,16.9167,0,0,5428,23450664394
363.681,2.74966,44.2559,0,84,66,44,2760,10501,5.13239,165,16.9167,0,0,5428,23453414246
380.808,2.62599,44.2559,0,84,66,44,2760,10501,5.13239,165,16.9167,0,0,5428,23456040729
302.825,3.30224,44.2559,0,84,66,44,2760,10501,5.13239,165,16.9167,0,0,5428,23459343167
471.806,2.11951,44.2559,0,84,66,44,2760,10501,5.13239,165,16.9167,0,0,5428,23461463037
361.885,2.7633,44.2559,0,84,66,44,2760,10501,5.13239,165,16.9167,0,0,5428,23464226649
344.641,2.90157,44.2559,0,84,66,44,2760,10501,5.13239,165,16.9167,0,0,5428,23467128574
451.438,2.21514,44.2559,0,84,66,44,2760,10501,5.13239,165,16.9167,0,0,5428,23469344158
317.1,3.15358,44.2559,0,84,66,44,2760,10501,5.13239,165,16.9167,0,0,5428,23472497957
245.829,4.06787,44.2559,0,84,66,44,2760,10501,5.13239,165,16.9167,0,0,5428,23476566151
504.801,1.98098,44.2559,0,84,66,44,2760,10501,5.13239,165,16.9167,0,0,5428,23478547468
453.251,2.20628,44.2559,0,84,66,44,2760,10501,5.13239,165,16.9167,0,0,5428,23480754052
280.677,3.56281,44.2559,0,84,66,44,2760,10501,5.13239,165,16.9167,0,0,5428,23484317365
484.575,2.06366,44.2559,0,84,66,44,2760,10501,5.13239,165,16.9167,0,0,5428,23486381376
284.109,3.51977,44.2559,0,84,66,44,2760,10501,5.13239,165,16.9167,0,0,5428,23489901591
526.74,1.89847,44.2559,0,84,66,44,2760,10501,5.13239,165,16.9167,0,0,5428,23491800415
381.54,2.62095,44.2559,0,84,66,44,2760,10501,5.13239,165,16.9167,0,0,5428,23494421657
336.248,2.97399,44.2559,0,84,66,44,2760,10501,5.13239,165,16.9167,0,0,5428,23497395930
345.267,2.89631,44.2559,0,84,66,44,2760,10501,5.13239,165,16.9167,0,0,5428,23500292518
286.275,3.49315,44.2559,0,84,66,44,2760,10501,5.13239,165,16.9167,0,0,5428,23503786165
215.188,4.64711,44.2559,0,84,66,44,2760,10501,5.13239,165,16.9167,0,0,5428,23508433696
2253.88,0.443679,44.2559,0,84,66,44,2760,10501,5.13239,165,16.9167,0,0,5428,23508877481
364.603,2.74271,44.2559,0,84,66,44,2760,10501,5.13239,165,16.9167,0,0,5428,23511620583
335.108,2.98411,44.2559,0,84,66,44,2760,10501,5.13239,165,16.9167,0,0,5428,23514605174
548.977,1.82157,44.2559,0,84,66,44,2760,10501,5.13239,165,16.9167,0,0,5428,23516427033
327.314,3.05517,44.2559,0,84,66,44,2760,10501,5.13239,165,16.9167,0,0,5428,23519482646
469.62,2.12938,44.2559,0,84,66,44,2760,10501,5.13239,165,16.9167,0,0,5428,23521612198
317.278,3.15181,44.2559,0,84,66,44,2760,10501,5.13239,165,16.9167,0,0,5428,23524764353
438.391,2.28107,44.2559,0,84,66,44,2760,10501,5.13239,165,16.9167,0,0,5428,23527045824
266.361,3.75431,44.2559,0,84,66,44,2760,10501,5.13239,165,16.9167,0,0,5428,23530800585
282.837,3.53561,44.2559,0,84,66,44,2760,10501,5.13239,165,16.9167,0,0,5428,23534336531
316.418,3.16038,44.2559,0,84,66,44,2760,10501,5.13239,165,16.9167,0,0,5428,23537497272
755.278,1.32402,44.2559,0,84,66,44,2760,10501,5.13239,165,16.9167,0,0,5428,23538821528
551.264,1.81401,44.2559,0,84,66,44,2760,10501,5.13239,165,16.9167,0,0,5428,23540635839
386.489,2.58739,44.2559,0,84,66,44,2760,10501,5.13239,165,16.9167,0,0,5428,23543223436
307.616,3.2508,44.2559,0,84,66,44,2760,10501,5.13239,165,16.9167,0,0,5428,23546474815
630.94,1.58494,44.2559,0,84,66,44,2760,10501,5.13239,165,16.9167,0,0,5428,23548059964
285.584,3.5016,44.2559,0,84,66,44,2760,10501,5.13239,165,16.9167,0,0,5428,23551562092
166.386,6.01012,44.2559,0,84,66,44,2760,10501,5.13239,165,16.9167,0,0,5428,23557572631
692.83,1.44336,44.2559,0,84,66,44,2760,10501,5.13239,165,16.9167,0,0,5428,23559016314
582.688,1.71618,44.2559,0,84,66,44,2760,10501,5.13239,165,16.9167,0,0,5428,23560732690
205.37,4.86925,44.2559,0,84,66,44,2760,10501,5.13239,165,16.9167,0,0,5428,23565602459
457.782,2.18445,44.2559,0,84,66,44,2760,10501,5.13239,165,16.9167,0,0,5428,23567787197
793.461,1.2603,44.2559,0,84,66,44,2760,10501,5.13239,165,16.9167,0,0,5428,23569047710
374.754,2.66842,44.2559,0,84,66,44,2760,10501,5.13239,165,16.9167,0,0,5428,23571716694
386.274,2.58884,44.2559,0,84,66,44,2760,10501,5.13239,165,16.9167,0,0,5428,23574305782
346.036,2.88988,44.2559,0,84,66,44,2760,10501,5.13239,165,16.9167,0,0,5428,23577196273
328.94,3.04006,44.2559,0,84,66,44,2760,10501,5.13239,165,16.9167,0,0,5428,23580236472
208.562,4.79475,44.2559,0,84,66,44,2760,10501,5.13239,165,16.9167,0,0,5428,23585031749
545.381,1.83358,44.2559,0,84,66,44,2760,10501,5.13239,165,16.9167,0,0,5428,23586865551
285.997,3.49654,44.2559,0,84,66,44,2760,10501,5.13239,165,16.9167,0,0,5428,23590362409
497.063,2.01182,44.2559,0,84,66,44,2760,10501,5.13239,165,16.9167,0,0,5428,23592374564
426.915,2.34239,44.2559,0,84,66,44,2760,10501,5.13239,165,16.9167,0,0,5428,23594717210
355.823,2.81038,44.2559,0,84,66,44,2760,10501,5.13239,165,16.9167,0,0,5428,23597527997
415.341,2.40766,44.2559,0,84,66,44,2760,10501,5.13239,165,16.9167,0,0,5428,23599935963
369.87,2.70365,44.2559,0,84,66,44,2760,10501,5.13239,165,16.9167,0,0,5428,23602639919
372.175,2.68691,44.2559,0,84,66,44,2760,10501,5.13239,165,16.9167,0,0,5428,23605327183
375.566,2.66265,44.2559,0,84,66,44,2760,10501,5.13239,165,16.9167,0,0,5428,23607990176
241.007,4.14926,44.2559,0,84,66,44,2760,10501,5.13239,165,16.9167,0,0,5428,23612139768
480.713,2.08024,44.2559,0,84,66,44,2760,10501,5.13239,165,16.9167,0,0,5428,23614220271
488.765,2.04597,44.2559,0,84,66,44,2760,10501,5.13239,165,16.9167,0,0,5428,23616266551
466.047,2.14571,44.2559,0,84,66,44,2760,10501,5.13239,165,16.9167,0,0,5428,23618412576
319.933,3.12565,44.2559,0,84,66,44,2760,10501,5.13239,165,16.9167,0,0,5428,23621538575
399.484,2.50323,44.2559,0,84,66,44,2760,10501,5.13239,165,16.9167,0,0,5428,23624042294
405.23,2.46774,44.2559,0,84,66,44,2760,10501,5.13239,165,16.9167,0,0,5428,23626510118
348.937,2.86585,44.2559,0,84,66,44,2760,10501,5.13239,165,16.9167,0,0,5428,23629376493
352.743,2.83492,44.2559,0,84,66,44,2760,10501,5.13239,165,16.9167,0,0,5428,23632211771
224.931,4.4458,44.2559,0,84,66,44,2760,10501,5.13239,165,16.9167,0,0,5428,23636657729
259.415,3.85482,44.2559,0,84,66,44,2760,10501,5.13239,165,16.9167,0,0,5428,23640513051
1092.99,0.914925,44.2559,0,84,66,44,2760,10501,5.13239,165,16.9167,0,0,5428,23641428294
626.98,1.59495,44.2559,0,84,66,44,2760,10501,5.13239,165,16.9167,0,0,5428,23643023665
426.124,2.34673,44.2559,0,84,66,44,2760,10501,5.13239,165,16.9167,0,0,5428,23645370532
330.977,3.02136,44.2559,0,84,66,44,2760,10501,5.13239,165,16.9167,0,0,5428,23648392259
376.58,2.65547,44.2559,0,84,66,44,2760,10501,5.13239,165,16.9167,0,0,5428,23651048060
330.365,3.02696,44.2559,0,84,66,44,2760,10501,5.13239,165,16.9167,0,0,5428,23654075374
375.694,2.66174,44.2559,0,84,66,44,2760,10501,5.13239,165,16.9167,0,0,5428,23656737386
396.198,2.52399,44.2559,0,84,66,44,2760,10501,5.13239,165,16.9167,0,0,5428,23659261702
316.81,3.15646,44.2559,0,84,66,44,2760,10501,5.13239,165,16.9167,0,0,5428,23662418462
225.475,4.43508,44.2559,0,84,66,44,2760,10501,5.13239,165,16.9167,0,0,5428,23666853862
669.274,1.49416,44.2559,0,84,66,44,2760,10501,5.13239,165,16.9167,0,0,5428,23668348585
610.086,1.63911,44.2559,0,84,66,44,2760,10501,5.13239,165,16.9167,0,0,5428,23669988044
362.538,2.75833,44.2559,0,84,66,44,2760,10501,5.13239,165,16.9167,0,0,5428,23672746493
257.551,3.88273,44.2559,0,84,66,44,2760,10501,5.13239,165,16.9167,0,0,5428,23676629691
340.886,2.93353,44.2559,0,84,66,44,2760,10501,5.13239,165,16.9167,0,0,5428,23679563454
718.883,1.39105,44.2559,0,84,66,44,2760,10501,5.13239,165,16.9167,0,0,5428,23680954760
284.344,3.51687,44.2559,0,84,66,44,2760,10501,5.13239,165,16.9167,0,0,5428,23684472167
531.617,1.88105,44.2559,0,84,66,44,2760,10501,5.13239,165,16.9167,0,0,5428,23686353375
399.99,2.50007,44.2559,0,84,66,44,2760,10501,5.13239,165,16.9167,0,0,5428,23688853671
295.598,3.38297,44.2559,0,84,66,44,2760,10501,5.13239,165,16.9167,0,0,5428,23692237198
578.298,1.72921,44.2559,0,84,66,44,2760,10501,5.13239,165,16.9167,0,0,5428,23693966766
292.159,3.4228,44.2559,0,84,66,44,2760,10501,5.13239,165,16.9167,0,0,5428,23697389766
475.898,2.10129,44.2559,0,84,66,44,2760,10501,5.13239,165,16.9167,0,0,5428,23699491442
395.085,2.5311,44.2559,0,84,66,44,2760,10501,5.13239,165,16.9167,0,0,5428,23702022980
325.608,3.07118,44.2559,0,84,66,44,2760,10501,5.13239,165,16.9167,0,0,5428,23705094564
342.146,2.92273,44.2559,0,84,66,44,2760,10501,5.13239,165,16.9167,0,0,5428,23708017499
401.865,2.4884,44.2559,0,84,66,44,2760,10501,5.13239,165,16.9167,0,0,5428,23710506419
402.948,2.48171,44.2559,0,84,66,44,2760,10501,5.13239,165,16.9167,0,0,5428,23712988590
304.641,3.28255,44.2559,0,84,66,44,2760,10501,5.13239,165,16.9167,0,0,5428,23716271344
454.864,2.19846,44.2559,0,84,66,44,2760,10501,5.13239,165,16.9167,0,0,5428,23718470053
313.52,3.18959,44.2559,0,84,66,44,2760,10501,5.13239,165,16.9167,0,0,5428,23721659911
474.097,2.10927,44.2559,0,84,66,44,2760,10501,5.13239,165,16.9167,0,0,5428,23723769501
371.238,2.69369,44.2559,0,84,66,44,2760,10501,5.13239,165,16.9167,0,0,5428,23726463505
328.227,3.04667,44.2559,0,84,66,44,2760,10501,5.13239,165,16.9167,0,0,5428,23729510473
391.888,2.55175,44.2559,0,84,66,44,2760,10501,5.13239,165,16.9167,0,0,5428,23732062559
363.314,2.75244,44.2559,0,84,66,44,2760,10501,5.13239,165,16.9167,0,0,5428,23734815316
429.487,2.32836,44.2559,0,84,66,44,2760,10501,5.13239,165,16.9167,0,0,5428,23737143981
305.043,3.27823,44.2559,0,84,66,44,2760,10501,5.13239,165,16.9167,0,0,5428,23740422572
327.9,3.04971,44.2559,0,84,66,44,2760,10501,5.13239,165,16.9167,0,0,5428,23743472761
487.553,2.05106,44.2559,0,84,66,44,2760,10501,5.13239,165,16.9167,0,0,5428,23745524157
402.563,2.48408,44.2559,0,84,66,44,2760,10501,5.13239,165,16.9167,0,0,5428,23748008635
394.129,2.53724,44.2559,0,84,66,44,2760,10501,5.13239,165,16.9167,0,0,5428,23750546105
365.624,2.73505,44.2559,0,84,66,44,2760,10501,5.13239,165,16.9167,0,0,5428,23753281553
334.193,2.99228,44.2559,0,84,66,44,2760,10501,5.13239,165,16.9167,0,0,5428,23756274173
438.586,2.28006,44.2559,0,84,66,44,2760,10501,5.13239,165,16.9167,0,0,5428,23758554664
306.494,3.26271,44.2559,0,84,66,44,2760,10501,5.13239,165,16.9167,0,0,5428,23761817745
288.365,3.46783,44.2559,0,84,66,44,2760,10501,5.13239,165,16.9167,0,0,5428,23765285977
470.794,2.12407,44.2559,0,84,66,44,2760,10501,5.13239,165,16.9167,0,0,5428,23767410462
505.031,1.98008,44.2559,0,84,66,44,2760,10501,5.13239,165,16.9167,0,0,5428,23769390990
197.997,5.05059,44.2559,0,84,66,44,2760,10501,5.13239,165,16.9167,0,0,5428,23774441920
550.826,1.81546,44.2559,0,84,66,44,2760,10501,5.13239,165,16.9167,0,0,5428,23776257799
576.714,1.73396,44.2559,0,84,66,44,2760,10501,5.13239,165,16.9167,0,0,5428,23777992136
325.105,3.07593,44.2559,0,84,66,44,2760,10501,5.13239,165,16.9167,0,0,5428,23781068490
400.702,2.49562,44.2559,0,84,66,44,2760,10501,5.13239,165,16.9167,0,0,5428,23783564535
384.054,2.6038,44.2559,0,84,66,44,2760,10501,5.13239,165,16.9167,0,0,5428,23786168565
351.192,2.84744,44.2559,0,84,66,44,2760,10501,5.13239,165,16.9167,0,0,5428,23789016296
324.466,3.08199,44.2559,0,84,66,44,2760,10501,5.13239,165,16.9167,0,0,5428,23792098746
414.187,2.41437,44.2559,0,84,66,44,2760,10501,5.13239,165,16.9167,0,0,5428,23794513433
404.681,2.47108,44.2559,0,84,66,44,2760,10501,5.13239,165,16.9167,0,0,5428,23796984824
236.377,4.23053,44.2559,0,84,66,44,2760,10501,5.13239,165,16.9167,0,0,5428,23801215688
622.819,1.6056,44.2559,0,84,66,44,2760,10501,5.13239,165,16.9167,0,0,5428,23802821626
413.045,2.42104,44.2559,0,84,66,44,2760,10501,5.13239,165,16.9167,0,0,5428,23805242958
374.017,2.67368,44.2559,0,84,66,44,2760,10501,5.13239,165,16.9167,0,0,5428,23807916981
352.116,2.83997,44.2559,0,84,66,44,2760,10501,5.13239,165,16.9167,0,0,5428,23810757317
308.975,3.2365,44.2559,0,84,66,44,2760,10501,5.13239,165,16.9167,0,0,5428,23813994272
469.833,2.12842,44.2559,0,84,66,44,2760,10501,5.13239,165,16.9167,0,0,5428,23816124892
183.959,5.43599,45.4545,0,85,66,44,2760,10501,5.13239,165,16.9169,0,0,5442,23821559248
2666.85,0.374974,45.4545,0,85,66,44,2760,10501,5.13239,165,16.9169,0,0,5442,23821934165
302.879,3.30165,45.4545,0,85,66,44,2760,10501,5.13239,165,16.9169,0,0,5442,23825236295
300.892,3.32345,45.4545,0,85,66,44,2760,10501,5.13239,165,16.9169,0,0,5442,23828560080
530.5,1.88502,45.4545,0,85,66,44,2760,10501,5.13239,165,16.9169,0,0,5442,23830445413
488.329,2.0478,45.4545,0,85,66,44,2760,10501,5.13239,165,16.9169,0,0,5442,23832493501
401.801,2.4888,45.4545,0,85,66,44,2760,10501,5.13239,165,16.9169,0,0,5442,23834982729
365.129,2.73876,45.4545,0,85,66,44,2760,10501,5.13239,165,16.9169,0,0,5442,23837721716
376.033,2.65934,45.4545,0,85,66,44,2760,10501,5.13239,165,16.9169,0,0,5442,23840381517
257.009,3.89091,45.4545,0,85,66,44,2760,10501,5.13239,165,16.9169,0,0,5442,23844272648
582.359,1.71715,45.4545,0,85,66,44,2760,10501,5.13239,165,16.9169,0,0,5442,23845990264
360.679,2.77255,45.4545,0,85,66,44,2760,10501,5.13239,165,16.9169,0,0,5442,23848762973
362.917,2.75545,45.4545,0,85,66,44,2760,10501,5.13239,165,16.9169,0,0,5442,23851518729
277.088,3.60897,45.4545,0,85,66,44,2760,10501,5.13239,165,16.9169,0,0,5442,23855128158
640.523,1.56123,45.4545,0,85,66,44,2760,10501,5.13239,165,16.9169,0,0,5442,23856689769
277.411,3.60476,45.4545,0,85,66,44,2760,10501,5.13239,165,16.9169,0,0,5442,23860294650
519.471,1.92504,45.4545,0,85,66,44,2760,10501,5.13239,165,16.9169,0,0,5442,23862220128
382.728,2.61282,45.4545,0,85,66,44,2760,10501,5.13239,165,16.9169,0,0,5442,23864833207
357.024,2.80093,45.4545,0,85,66,44,2760,10501,5.13239,165,16.9169,0,0,5442,23867635339
357.577,2.7966,45.4545,0,85,66,44,2760,10501,5.13239,165,16.9169,0,0,5442,23870431337
343.094,2.91465,45.4545,0,85,66,44,2760,10501,5.13239,165,16.9169,0,0,5442,23873346253
401.705,2.48939,45.4545,0,85,66,44,2760,10501,5.13239,165,16.9169,0,0,5442,23875836212
202.244,4.94451,45.4545,0,85,66,44,2760,10501,5.13239,165,16.9169,0,0,5442,23880781013
598.53,1.67076,45.4545,0,85,66,44,2760,10501,5.13239,165,16.9169,0,0,5442,23882452300
470.513,2.12534,45.4545,0,85,66,44,2760,10501,5.13239,165,16.9169,0,0,5442,23884577987
405.887,2.46374,45.4545,0,85,66,44,2760,10501,5.13239,165,16.9169,0,0,5442,23887042215
352.654,2.83564,45.4545,0,85,66,44,2760,10501,5.13239,165,16.9169,0,0,5442,23889878137
340.891,2.93349,45.4545,0,85,66,44,2760,10501,5.13239,165,16.9169,0,0,5442,23892811919
469.015,2.13213,45.4545,0,85,66,44,2760,10501,5.13239,165,16.9169,0,0,5442,23894944587
359.807,2.77927,45.4545,0,85,66,44,2760,10501,5.13239,165,16.9169,0,0,5442,23897724180
391.463,2.55452,45.4545,0,85,66,44,2760,10501,5.13239,165,16.9169,0,0,5442,23900279161
190.6,5.24659,45.4545,0,85,66,44,2760,10501,5.13239,165,16.9169,0,0,5442,23905526116
332.015,3.01191,45.4545,0,85,66,44,2760,10501,5.13239,165,16.9169,0,0,5442,23908538160
533.986,1.87271,45.4545,0,85,66,44,2760,10501,5.13239,165,16.9169,0,0,5442,23910411185
786.654,1.27121,45.4545,0,85,66,44,2760,10501,5.13239,165,16.9169,0,0,5442,23911682699
427.131,2.3412,45.4545,0,85,66,44,2760,10501,5.13239,165,16.9169,0,0,5442,23914024297
425.102,2.35238,45.4545,0,85,66,44,2760,10501,5.13239,165,16.9169,0,0,5442,23916376963
332.536,3.0072,45.4545,0,85,66,44,2760,10501,5.13239,165,16.9169,0,0,5442,23919384458
350.612,2.85215,45.4545,0,85,66,44,2760,10501,5.13239,165,16.9169,0,0,5442,23922236939
353.455,2.82921,45.4545,0,85,66,44,2760,10501,5.13239,165,16.9169,0,0,5442,23925066496
288.849,3.46202,45.4545,0,85,66,44,2760,10501,5.13239,165,16.9169,0,0,5442,23928529036
535.667,1.86683,45.4545,0,85,66,44,2760,10501,5.13239,165,16.9169,0,0,5442,23930396204
253.125,3.95061,45.4545,0,85,66,44,2760,10501,5.13239,165,16.9169,0,0,5442,23934347184
601.352,1.66292,45.4545,0,85,66,44,2760,10501,5.13239,165,16.9169,0,0,5442,23936010317
421.027,2.37515,45.4545,0,85,66,44,2760,10501,5.13239,165,16.9169,0,0,5442,23938385772
346.04,2.88984,45.4545,0,85,66,44,2760,10501,5.13239,165,16.9169,0,0,5442,23941275956
401.489,2.49073,45.4545,0,85,66,44,2760,10501,5.13239,165,16.9169,0,0,5442,23943766991
377.18,2.65125,45.4545,0,85,66,44,2760,10501,5.13239,165,16.9169,0,0,5442,23946418619
398.769,2.50772,45.4545,0,85,66,44,2760,10501,5.13239,165,16.9169,0,0,5442,23948926608
345.619,2.89336,45.4545,0,85,66,44,2760,10501,5.13239,165,16.9169,0,0,5442,23951820282
365.01,2.73965,45.4545,0,85,66,44,2760,10501,5.13239,165,16.9169,0,0,5442,23954560297
325.883,3.06858,45.4545,0,85,66,44,2760,10501,5.13239,165,16.9169,0,0,5442,23957629266
225.054,4.44337,45.4545,0,85,66,44,2760,10501,5.13239,165,16.9169,0,0,5442,23962073176
638.035,1.56731,45.4545,0,85,66,44,2760,10501,5.13239,165,16.9169,0,0,5442,23963640757
500.679,1.99729,45.4545,0,85,66,44,2760,10501,5.13239,165,16.9169,0,0,5442,23965638228
397.368,2.51656,45.4545,0,85,66,44,2760,10501,5.13239,165,16.9169,0,0,5442,23968155198
385.981,2.5908,45.4545,0,85,66,44,2760,10501,5.13239,165,16.9169,0,0,5442,23970746083
343.008,2.91539,45.4545,0,85,66,44,2760,10501,5.13239,165,16.9169,0,0,5442,23973661883
379.607,2.6343,45.4545,0,85,66,44,2760,10501,5.13239,165,16.9169,0,0,5442,23976296568
336.03,2.97593,45.4545,0,85,66,44,2760,10501,5.13239,165,16.9169,0,0,5442,23979272755
404.799,2.47036,45.4545,0,85,66,44,2760,10501,5.13239,165,16.9169,0,0,5442,23981743444
348.246,2.87153,45.4545,0,85,66,44,2760,10501,5.13239,165,16.9169,0,0,5442,23984615330
352.413,2.83758,45.4545,0,85,66,44,2760,10501,5.13239,165,16.9169,0,0,5442,23987453242
407.44,2.45435,45.4545,0,85,66,44,2760,10501,5.13239,165,16.9169,0,0,5442,23989907921
200.584,4.98545,45.4545,0,85,66,44,2760,10501,5.13239,165,16.9169,0,0,5442,23994893801
2642.66,0.378407,45.4545,0,85,66,44,2760,10501,5.13239,165,16.9169,0,0,5442,23995271977
302.035,3.31087,45.4545,0,85,66,44,2760,10501,5.13239,165,16.9169,0,0,5442,23998583358
297.233,3.36436,45.4545,0,85,66,44,2760,10501,5.13239,165,16.9169,0,0,5442,24001948125
648.317,1.54246,45.4545,0,85,66,44,2760,10501,5.13239,165,16.9169,0,0,5442,24003490831
426.591,2.34417,45.4545,0,85,66,44,2760,10501,5.13239,165,16.9169,0,0,5442,24005835391
333.082,3.00226,45.4545,0,85,66,44,2760,10501,5.13239,165,16.9169,0,0,5442,24008837925
459.411,2.1767,45.4545,0,85,66,44,2760,10501,5.13239,165,16.9169,0,0,5442,24011015036
206.501,4.84259,45.4545,0,85,66,44,2760,10501,5.13239,165,16.9169,0,0,5442,24015857892
713.83,1.40089,45.4545,0,85,66,44,2760,10501,5.13239,165,16.9169,0,0,5442,24017258920
671.864,1.4884,45.4545,0,85,66,44,2760,10501,5.13239,165,16.9169,0,0,5442,24018747864
339.268,2.94752,45.4545,0,85,66,44,2760,10501,5.13239,165,16.9169,0,0,5442,24021695675
350.65,2.85185,45.4545,0,85,66,44,2760,10501,5.13239,165,16.9169,0,0,5442,24024547858
469.436,2.13022,45.4545,0,85,66,44,2760,10501,5.13239,165,16.9169,0,0,5442,24026678507
347.149,2.88061,45.4545,0,85,66,44,2760,10501,5.13239,165,16.9169,0,0,5442,24029559315
343.134,2.91431,45.4545,0,85,66,44,2760,10501,5.13239,165,16.9169,0,0,5442,24032473981
407.807,2.45214,45.4545,0,85,66,44,2760,10501,5.13239,165,16.9169,0,0,5442,24034926410
331.404,3.01747,45.4545,0,85,66,44,2760,10501,5.13239,165,16.9169,0,0,5442,24037944155
218.095,4.58516,45.4545,0,85,66,44,2760,10501,5.13239,165,16.9169,0,0,5442,24042529618
282.608,3.53848,45.4545,0,85,66,44,2760,10501,5.13239,165,16.9169,0,0,5442,24046068535
384.156,2.60311,45.4545,0,85,66,44,2760,10501,5.13239,165,16.9169,0,0,5442,24048671882
685.527,1.45873,45.4545,0,85,66,44,2760,10501,5.13239,165,16.9169,0,0,5442,24050130970
621.706,1.60848,45.4545,0,85,66,44,2760,10501,5.13239,165,16.9169,0,0,5442,24051739649
343.714,2.9094,45.4545,0,85,66,44,2760,10501,5.13239,165,16.9169,0,0,5442,24054649411
408.374,2.44874,45.4545,0,85,66,44,2760,10501,5.13239,165,16.9169,0,0,5442,24057098570
329.233,3.03736,45.4545,0,85,66,44,2760,10501,5.13239,165,16.9169,0,0,5442,24060136163
314.2,3.18268,45.4545,0,85,66,44,2760,10501,5.13239,165,16.9169,0,0,5442,24063319386
491.665,2.03391,45.4545,0,85,66,44,2760,10501,5.13239,165,16.9169,0,0,5442,24065353493
252.825,3.95531,45.4545,0,85,66,44,2760,10501,5.13239,165,16.9169,0,0,5442,24069309260
334.166,2.99252,45.4545,0,85,66,44,2760,10501,5.13239,165,16.9169,0,0,5442,24072302188
833.579,1.19965,45.4545,0,85,66,44,2760,10501,5.13239,165,16.9169,0,0,5442,24073502113
380.75,2.6264,45.4545,0,85,66,44,2760,10501,5.13239,165,16.9169,0,0,5442,24076128779
358.492,2.78946,45.4545,0,85,66,44,2760,10501,5.13239,165,16.9169,0,0,5442,24078918546
362.404,2.75935,45.4545,0,85,66,44,2760,10501,5.13239,165,16.9169,0,0,5442,24081678197
278.229,3.59416,45.4545,0,85,66,44,2760,10501,5.13239,165,16.9169,0,0,5442,24085272818
479.565,2.08523,45.4545,0,85,66,44,2760,10501,5.13239,165,16.9169,0,0,5442,24087358321
435.254,2.29751,45.4545,0,85,66,44,2760,10501,5.13239,165,16.9169,0,0,5442,24089656187
348.874,2.86637,45.4545,0,85,66,44,2760,10501,5.13239,165,16.9169,0,0,5442,24092523004
174.446,5.73242,45.4545,0,85,66,44,2760,10501,5.13239,165,16.9169,0,0,5442,24098255640
550.604,1.81619,45.4545,0,85,66,44,2760,10501,5.13239,165,16.9169,0,0,5442,24100072134
566.254,1.76599,45.4545,0,85,66,44,2760,10501,5.13239,165,16.9169,0,0,5442,24101838241
454.713,2.19919,45.4545,0,85,66,44,2760,10501,5.13239,165,16.9169,0,0,5442,24104037796
390.393,2.56152,45.4545,0,85,66,44,2760,10501,5.13239,165,16.9169,0,0,5442,24106599815
326.743,3.06051,45.4545,0,85,66,44,2760,10501,5.13239,165,16.9169,0,0,5442,24109660611
540.553,1.84996,45.4545,0,85,66,44,2760,10501,5.13239,165,16.9169,0,0,5442,24111510875
363.228,2.75309,45.4545,0,85,66,44,2760,10501,5.13239,165,16.9169,0,0,5442,24114264583
321.999,3.1056,45.4545,0,85,66,44,2760,10501,5.13239,165,16.9169,0,0,5442,24117370419
439.035,2.27772,45.4545,0,85,66,44,2760,10501,5.13239,165,16.9169,0,0,5442,24119648659
262.036,3.81626,45.4545,0,85,66,44,2760,10501,5.13239,165,16.9169,0,0,5442,24123465278
563.084,1.77594,45.4545,0,85,66,44,2760,10501,5.13239,165,16.9169,0,0,5442,24125241376
367.727,2.71941,45.4545,0,85,66,44,2760,10501,5.13239,165,16.9169,0,0,5442,24127961237
394.925,2.53212,45.4545,0,85,66,44,2760,10501,5.13239,165,16.9169,0,0,5442,24130493649
395.128,2.53083,45.4545,0,85,66,44,2760,10501,5.13239,165,16.9169,0,0,5442,24133024879
358.079,2.79268,45.4545,0,85,66,44,2760,10501,5.13239,165,16.9169,0,0,5442,24135817742
375.916,2.66017,45.4545,0,85,66,44,2760,10501,5.13239,165,16.9169,0,0,5442,24138478255
340.738,2.93481,45.4545,0,85,66,44,2760,10501,5.13239,165,16.9169,0,0,5442,24141413383
493.297,2.02717,45.4545,0,85,66,44,2760,10501,5.13239,165,16.9169,0,0,5442,24143440826
382.673,2.61319,45.4545,0,85,66,44,2760,10501,5.13239,165,16.9169,0,0,5442,24146054539
188.065,5.31731,45.4545,0,85,66,44,2760,10501,5.13239,165,16.9169,0,0,5442,24151372084
509.585,1.96238,45.4545,0,85,66,44,2760,10501,5.13239,165,16.9169,0,0,5442,24153334871
337.026,2.96713,45.4545,0,85,66,44,2760,10501,5.13239,165,16.9169,0,0,5442,24156302279
421.653,2.37162,45.4545,0,85,66,44,2760,10501,5.13239,165,16.9169,0,0,5442,24158674262
482.079,2.07435,45.4545,0,85,66,44,2760,10501,5.13239,165,16.9169,0,0,5442,24160749073
252.861,3.95475,45.4545,0,85,66,44,2760,10501,5.13239,165,16.9169,0,0,5442,24164704033
835.508,1.19688,45.4545,0,85,66,44,2760,10501,5.13239,165,16.9169,0,0,5442,24165901410
343.048,2.91504,45.4545,0,85,66,44,2760,10501,5.13239,165,16.9169,0,0,5442,24168816700
333.114,3.00198,45.4545,0,85,66,44,2760,10501,5.13239,165,16.9169,0,0,5442,24171818965
421.405,2.37301,45.4545,0,85,66,44,2760,10501,5.13239,165,16.9169,0,0,5442,24174192295
241.66,4.13805,45.4545,0,85,66,44,2760,10501,5.13239,165,16.9169,0,0,5442,24178330655
495.949,2.01634,45.4545,0,85,66,44,2760,10501,5.13239,165,16.9169,0,0,5442,24180347329
396.158,2.52425,45.4545,0,85,66,44,2760,10501,5.13239,165,16.9169,0,0,5442,24182871866
449.107,2.22664,45.4545,0,85,66,44,2760,10501,5.13239,165,16.9169,0,0,5442,24185098807
368.872,2.71097,45.4545,0,85,66,44,2760,10501,5.13239,165,16.9169,0,0,5442,24187810042
350.885,2.84993,45.4545,0,85,66,44,2760,10501,5.13239,165,16.9169,0,0,5442,24190660359
201.846,4.95427,45.4545,0,85,66,44,2760,10501,5.13239,165,16.9169,0,0,5442,24195615219
1492.27,0.670119,45.4545,0,85,66,44,2760,10501,5.13239,165,16.9169,0,0,5442,24196285472
395.125,2.53084,45.4545,0,85,66,44,2760,10501,5.13239,165,16.9169,0,0,5442,24198816663
398.439,2.5098,45.4545,0,85,66,44,2760,10501,5.13239,165,16.9169,0,0,5442,24201326777
249.607,4.0063,45.4545,0,85,66,44,2760,10501,5.13239,165,16.9169,0,0,5442,24205333517
541.062,1.84822,45.4545,0,85,66,44,2760,10501,5.13239,165,16.9169,0,0,5442,24207181974
472.035,2.11848,45.4545,0,85,66,44,2760,10501,5.13239,165,16.9169,0,0,5442,24209300757
197.496,5.0634,45.4545,0,85,66,44,2760,10501,5.13239,165,16.9169,0,0,5442,24214364524
1095.8,0.912579,45.4545,0,85,66,44,2760,10501,5.13239,165,16.9169,0,0,5442,24215277468
452.487,2.21001,45.4545,0,85,66,44,2760,10501,5.13239,165,16.9169,0,0,5442,24217487869
351.735,2.84305,45.4545,0,85,66,44,2760,10501,5.13239,165,16.9169,0,0,5442,24220331254
338.307,2.9559,45.4545,0,85,66,44,2760,10501,5.13239,165,16.9169,0,0,5442,24223287469
408.106,2.45034,45.4545,0,85,66,44,2760,10501,5.13239,165,16.9169,0,0,5442,24225738042
345.684,2.89282,45.4545,0,85,66,44,2760,10501,5.13239,165,16.9169,0,0,5442,24228631187
263.434,3.79602,45.4545,0,85,66,44,2760,10501,5.13239,165,16.9169,0,0,5442,24232427584
661.783,1.51107,45.4545,0,85,66,44,2760,10501,5.13239,165,16.9169,0,0,5442,24233938952
279.703,3.57522,45.4545,0,85,66,44,2760,10501,5.13239,165,16.9169,0,0,5442,24237514506
527.711,1.89498,45.4545,0,85,66,44,2760,10501,5.13239,165,16.9169,0,0,5442,24239410012
396.635,2.52121,45.4545,0,85,66,44,2760,10501,5.13239,165,16.9169,0,0,5442,24241931597
200.31,4.99227,45.4545,0,85,66,44,2760,10501,5.13239,165,16.9169,0,0,5442,24246924198
550.269,1.81729,45.4545,0,85,66,44,2760,10501,5.13239,165,16.9169,0,0,5442,24248741769
596.293,1.67703,45.4545,0,85,66,44,2760,10501,5.13239,165,16.9169,0,0,5442,24250419094
405.764,2.46449,45.4545,0,85,66,44,2760,10501,5.13239,165,16.9169,0,0,5442,24252883908
347.351,2.87893,45.4545,0,85,66,44,2760,10501,5.13239,165,16.9169,0,0,5442,24255763178
266.302,3.75514,45.4545,0,85,66,44,2760,10501,5.13239,165,16.9169,0,0,5442,24259518622
529.711,1.88782,45.4545,0,85,66,44,2760,10501,5.13239,165,16.9169,0,0,5442,24261406840
416.978,2.39821,45.4545,0,85,66,44,2760,10501,5.13239,165,16.9169,0,0,5442,24263805411
377.498,2.64902,45.4545,0,85,66,44,2760,10501,5.13239,165,16.9169,0,0,5442,24266454933
373.469,2.6776,45.4545,0,85,66,44,2760,10501,5.13239,165,16.9169,0,0,5442,24269132965
360.676,2.77257,45.4545,0,85,66,44,2760,10501,5.13239,165,16.9169,0,0,5442,24271905867
348.34,2.87076,45.4545,0,85,66,44,2760,10501,5.13239,165,16.9169,0,0,5442,24274776992
426.598,2.34413,45.4545,0,85,66,44,2760,10501,5.13239,165,16.9169,0,0,5442,24277121523
410.126,2.43828,45.4545,0,85,66,44,2760,10501,5.13239,165,16.9169,0,0,5442,24279560153
258.439,3.86939,45.4545,0,85,66,44,2760,10501,5.13239,165,16.9169,0,0,5442,24283429976
253.16,3.95007,45.4545,0,85,66,44,2760,10501,5.13239,165,16.9169,0,0,5442,24287380436
617.34,1.61985,45.4545,0,85,66,44,2760,10501,5.13239,165,16.9169,0,0,5442,24289000452
447.48,2.23474,45.4545,0,85,66,44,2760,10501,5.13239,165,16.9169,0,0,5442,24291235653
388.146,2.57635,45.4545,0,85,66,44,2760,10501,5.13239,165,16.9169,0,0,5442,24293812335
369.521,2.70621,45.4545,0,85,66,44,2760,10501,5.13239,165,16.9169,0,0,5442,24296518850
326.5,3.06279,45.4545,0,85,66,44,2760,10501,5.13239,165,16.9169,0,0,5442,24299581876
368.832,2.71126,45.4545,0,85,66,44,2760,10501,5.13239,165,16.9169,0,0,5442,24302293621
411.866,2.42798,45.4545,0,85,66,44,2760,10501,5.13239,165,16.9169,0,0,5442,24304721761
479.074,2.08736,45.4545,0,85,66,44,2760,10501,5.13239,165,16.9169,0,0,5442,24306809456
355.011,2.81682,45.4545,0,85,66,44,2760,10501,5.13239,165,16.9169,0,0,5442,24309626657
213.005,4.69474,45.4545,0,85,66,44,2760,10501,5.13239,165,16.9169,0,0,5442,24314321719
424.657,2.35484,45.4545,0,85,66,44,2760,10501,5.13239,165,16.9169,0,0,5442,24316679000
479.691,2.08468,45.0578,0,86,66,44,2760,10501,5.13434,165,16.9136,0,0,5446,24318761888
499.251,2.003,45.0578,0,86,66,44,2760,10501,5.13434,165,16.9136,0,0,5446,24320765359
264.396,3.7822,45.0578,0,86,66,44,2760,10501,5.13434,165,16.9136,0,0,5446,24324547698
455.003,2.19779,45.0578,0,86,66,44,2760,10501,5.13434,165,16.9136,0,0,5446,24326746003
554.349,1.80392,45.0578,0,86,66,44,2760,10501,5.13434,165,16.9136,0,0,5446,24328550054
304.065,3.28877,45.0578,0,86,66,44,2760,10501,5.13434,165,16.9136,0,0,5446,24331839252
575.549,1.73747,45.0578,0,86,66,44,2760,10501,5.13434,165,16.9136,0,0,5446,24333577089
339.475,2.94572,45.0578,0,86,66,44,2760,10501,5.13434,165,16.9136,0,0,5446,24336523179
252.268,3.96404,45.0578,0,86,66,44,2760,10501,5.13434,165,16.9136,0,0,5446,24340487524
545.141,1.83439,45.0578,0,86,66,44,2760,10501,5.13434,165,16.9136,0,0,5446,24342322384
241.697,4.13741,45.0578,0,86,66,44,2760,10501,5.13434,165,16.9136,0,0,5446,24346460013
1534.39,0.651724,45.0578,0,86,66,44,2760,10501,5.13434,165,16.9136,0,0,5446,24347112026
324.173,3.08477,45.0578,0,86,66,44,2760,10501,5.13434,165,16.9136,0,0,5446,24350197178
284.909,3.5099,45.0578,0,86,66,44,2760,10501,5.13434,165,16.9136,0,0,5446,24353717229
397.476,2.51587,45.0578,0,86,66,44,2760,10501,5.13434,165,16.9136,0,0,5446,24356223592
611.719,1.63474,45.0578,0,86,66,44,2760,10501,5.13434,165,16.9136,0,0,5446,24357858753
210.086,4.75995,45.0578,0,86,66,44,2760,10501,5.13434,165,16.9136,0,0,5446,24362619048
560.398,1.78445,45.0578,0,86,66,44,2760,10501,5.13434,165,16.9136,0,0,5446,24364403801
264.943,3.7744,45.0578,0,86,66,44,2760,10501,5.13434,165,16.9136,0,0,5446,24368178707
526.887,1.89794,45.0578,0,86,66,44,2760,10501,5.13434,165,16.9136,0,0,5446,24370076877
644.572,1.55142,45.0578,0,86,66,44,2760,10501,5.13434,165,16.9136,0,0,5446,24371628602
387.919,2.57786,45.0578,0,86,66,44,2760,10501,5.13434,165,16.9136,0,0,5446,24374206939
340.163,2.93976,45.0578,0,86,66,44,2760,10501,5.13434,165,16.9136,0,0,5446,24377146903
429.438,2.32863,45.0578,0,86,66,44,2760,10501,5.13434,165,16.9136,0,0,5446,24379475790
433.745,2.3055,45.0578,0,86,66,44,2760,10501,5.13434,165,16.9136,0,0,5446,24381781502
288.519,3.46598,45.0578,0,86,66,44,2760,10501,5.13434,165,16.9136,0,0,5446,24385247878
433.355,2.30758,45.0578,0,86,66,44,2760,10501,5.13434,165,16.9136,0,0,5446,24387556168
359.973,2.77799,45.0578,0,86,66,44,2760,10501,5.13434,165,16.9136,0,0,5446,24390334675
243.445,4.1077,45.0578,0,86,66,44,2760,10501,5.13434,165,16.9136,0,0,5446,24394442553
634.373,1.57636,45.0578,0,86,66,44,2760,10501,5.13434,165,16.9136,0,0,5446,24396019145
429.773,2.32681,45.0578,0,86,66,44,2760,10501,5.13434,165,16.9136,0,0,5446,24398346291
404.454,2.47247,45.0578,0,86,66,44,2760,10501,5.13434,165,16.9136,0,0,5446,24400819105
346.189,2.8886,45.0578,0,86,66,44,2760,10501,5.13434,165,16.9136,0,0,5446,24403708020
355.71,2.81128,45.0578,0,86,66,44,2760,10501,5.13434,165,16.9136,0,0,5446,24406519624
366.097,2.73151,45.0578,0,86,66,44,2760,10501,5.13434,165,16.9136,0,0,5446,24409251389
405.508,2.46604,45.0578,0,86,66,44,2760,10501,5.13434,165,16.9136,0,0,5446,24411717761
373.78,2.67537,45.0578,0,86,66,44,2760,10501,5.13434,165,16.9136,0,0,5446,24414393447
346.431,2.88658,45.0578,0,86,66,44,2760,10501,5.13434,165,16.9136,0,0,5446,24417280352
200.75,4.98133,45.0578,0,86,66,44,2760,10501,5.13434,165,16.9136,0,0,5446,24422262001
1853.97,0.539383,45.0578,0,86,66,44,2760,10501,5.13434,165,16.9136,0,0,5446,24422801682
292.656,3.41698,45.0578,0,86,66,44,2760,10501,5.13434,165,16.9136,0,0,5446,24426219009
596.464,1.67655,45.0578,0,86,66,44,2760,10501,5.13434,165,16.9136,0,0,5446,24427895729
293.169,3.411,45.0578,0,86,66,44,2760,10501,5.13434,165,16.9136,0,0,5446,24431307286
491.965,2.03266,45.0578,0,86,66,44,2760,10501,5.13434,165,16.9136,0,0,5446,24433340412
322.601,3.09981,45.0578,0,86,66,44,2760,10501,5.13434,165,16.9136,0,0,5446,24436440536
467.69,2.13817,45.0578,0,86,66,44,2760,10501,5.13434,165,16.9136,0,0,5446,24438579089
338.054,2.95811,45.0578,0,86,66,44,2760,10501,5.13434,165,16.9136,0,0,5446,24441537679
315.911,3.16545,45.0578,0,86,66,44,2760,10501,5.13434,165,16.9136,0,0,5446,24444703478
267.215,3.7423,45.0578,0,86,66,44,2760,10501,5.13434,165,16.9136,0,0,5446,24448446277
646.845,1.54596,45.0578,0,86,66,44,2760,10501,5.13434,165,16.9136,0,0,5446,24449992733
479.218,2.08673,45.0578,0,86,66,44,2760,10501,5.13434,165,16.9136,0,0,5446,24452079640
318.248,3.1422,45.0578,0,86,66,44,2760,10501,5.13434,165,16.9136,0,0,5446,24455222419
422.432,2.36724,45.0578,0,86,66,44,2760,10501,5.13434,165,16.9136,0,0,5446,24457589922
339.859,2.9424,45.0578,0,86,66,44,2760,10501,5.13434,165,16.9136,0,0,5446,24460532694
214.535,4.66125,45.0578,0,86,66,44,2760,10501,5.13434,165,16.9136,0,0,5446,24465194428
465.707,2.14727,45.0578,0,86,66,44,2760,10501,5.13434,165,16.9136,0,0,5446,24467341904
1206.89,0.828576,45.0578,0,86,66,44,2760,10501,5.13434,165,16.9136,0,0,5446,24468170778
367.186,2.72342,45.0578,0,86,66,44,2760,10501,5.13434,165,16.9136,0,0,5446,24470894562
224.493,4.45449,45.0578,0,86,66,44,2760,10501,5.13434,165,16.9136,0,0,5446,24475349338
356.384,2.80596,45.0578,0,86,66,44,2760,10501,5.13434,165,16.9136,0,0,5446,24478155807
846.291,1.18163,45.0578,0,86,66,44,2760,10501,5.13434,165,16.9136,0,0,5446,24479337520
320.909,3.11614,45.0578,0,86,66,44,2760,10501,5.13434,165,16.9136,0,0,5446,24482454144
549.032,1.82139,45.0578,0,86,66,44,2760,10501,5.13434,165,16.9136,0,0,5446,24484275744
394.205,2.53675,45.0578,0,86,66,44,2760,10501,5.13434,165,16.9136,0,0,5446,24486812907
337.667,2.96149,45.0578,0,86,66,44,2760,10501,5.13434,165,16.9136,0,0,5446,24489774641
395.704,2.52714,45.0578,0,86,66,44,2760,10501,5.13434,165,16.9136,0,0,5446,24492302120
365.679,2.73464,45.0578,0,86,66,44,2760,10501,5.13434,165,16.9136,0,0,5446,24495037116
376.665,2.65488,45.0578,0,86,66,44,2760,10501,5.13434,165,16.9136,0,0,5446,24497692312
202.418,4.94027,45.0578,0,86,66,44,2760,10501,5.13434,165,16.9136,0,0,5446,24502632997
797.715,1.25358,45.0578,0,86,66,44,2760,10501,5.13434,165,16.9136,0,0,5446,24503886770
397.66,2.51471,45.0578,0,86,66,44,2760,10501,5.13434,165,16.9136,0,0,5446,24506401797
361.581,2.76563,45.0578,0,86,66,44,2760,10501,5.13434,165,16.9136,0,0,5446,24509167939
367.232,2.72307,45.0578,0,86,66,44,2760,10501,5.13434,165,16.9136,0,0,5446,24511891156
358.239,2.79143,45.0578,0,86,66,44,2760,10501,5.13434,165,16.9136,0,0,5446,24514682855
384.728,2.59924,45.0578,0,86,66,44,2760,10501,5.13434,165,16.9136,0,0,5446,24517282443
322.137,3.10427,45.0578,0,86,66,44,2760,10501,5.13434,165,16.9136,0,0,5446,24520387067
392.183,2.54983,45.0578,0,86,66,44,2760,10501,5.13434,165,16.9136,0,0,5446,24522937297
384.563,2.60036,45.0578,0,86,66,44,2760,10501,5.13434,165,16.9136,0,0,5446,24525537837
274.351,3.64496,45.0578,0,86,66,44,2760,10501,5.13434,165,16.9136,0,0,5446,24529183113
608.683,1.64289,45.0578,0,86,66,44,2760,10501,5.13434,165,16.9136,0,0,5446,24530826322
398.164,2.51153,45.0578,0,86,66,44,2760,10501,5.13434,165,16.9136,0,0,5446,24533338205
371.95,2.68853,45.0578,0,86,66,44,2760,10501,5.13434,165,16.9136,0,0,5446,24536027219
339.096,2.94901,45.0578,0,86,66,44,2760,10501,5.13434,165,16.9136,0,0,5446,24538976443
509.365,1.96323,45.0578,0,86,66,44,2760,10501,5.13434,165,16.9136,0,0,5446,24540940019
303.615,3.29365,45.0578,0,86,66,44,2760,10501,5.13434,165,16.9136,0,0,5446,24544234063
384.5,2.60078,45.0578,0,86,66,44,2760,10501,5.13434,165,16.9136,0,0,5446,24546835179
277.373,3.60526,45.0578,0,86,66,44,2760,10501,5.13434,165,16.9136,0,0,5446,24550440849
658.289,1.51909,45.0578,0,86,66,44,2760,10501,5.13434,165,16.9136,0,0,5446,24551960294
244.602,4.08827,45.0578,0,86,66,44,2760,10501,5.13434,165,16.9136,0,0,5446,24556049105
265.399,3.76791,45.0578,0,86,66,44,2760,10501,5.13434,165,16.9136,0,0,5446,24559817271
2689.89,0.371763,45.0578,0,86,66,44,2760,10501,5.13434,165,16.9136,0,0,5446,24560188879
391.993,2.55107,45.0578,0,86,66,44,2760,10501,5.13434,165,16.9136,0,0,5446,24562740504
256.33,3.90122,45.0578,0,86,66,44,2760,10501,5.13434,165,16.9136,0,0,5446,24566642241
366.215,2.73064,45.0578,0,86,66,44,2760,10501,5.13434,165,16.9136,0,0,5446,24569373362
612.768,1.63194,45.0578,0,86,66,44,2760,10501,5.13434,165,16.9136,0,0,5446,24571005571
390.933,2.55798,45.0578,0,86,66,44,2760,10501,5.13434,165,16.9136,0,0,5446,24573563859
346.775,2.88371,45.0578,0,86,66,44,2760,10501,5.13434,165,16.9136,0,0,5446,24576447918
349.826,2.85857,45.0578,0,86,66,44,2760,10501,5.13434,165,16.9136,0,0,5446,24579306831
255.903,3.90774,45.0578,0,86,66,44,2760,10501,5.13434,165,16.9136,0,0,5446,24583215078
578.575,1.72838,45.0578,0,86,66,44,2760,10501,5.13434,165,16.9136,0,0,5446,24584943877
418.812,2.38771,45.0578,0,86,66,44,2760,10501,5.13434,165,16.9136,0,0,5446,24587331755
392.947,2.54487,45.0578,0,86,66,44,2760,10501,5.13434,165,16.9136,0,0,5446,24589876966
209.187,4.7804,45.0578,0,86,66,44,2760,10501,5.13434,165,16.9136,0,0,5446,24594657800
1019.98,0.980408,45.0578,0,86,66,44,2760,10501,5.13434,165,16.9136,0,0,5446,24595638458
447.62,2.23404,45.0578,0,86,66,44,2760,10501,5.13434,165,16.9136,0,0,5446,24597872832
293.866,3.40291,45.0578,0,86,66,44,2760,10501,5.13434,165,16.9136,0,0,5446,24601276245
592.867,1.68672,45.0578,0,86,66,44,2760,10501,5.13434,165,16.9136,0,0,5446,24602963176
352.966,2.83313,45.0578,0,86,66,44,2760,10501,5.13434,165,16.9136,0,0,5446,24605796608
257.73,3.88003,45.0578,0,86,66,44,2760,10501,5.13434,165,16.9136,0,0,5446,24609677114
566.902,1.76397,45.0578,0,86,66,44,2760,10501,5.13434,165,16.9136,0,0,5446,24611441539
423.072,2.36367,45.0578,0,86,66,44,2760,10501,5.13434,165,16.9136,0,0,5446,24613805571
363.121,2.7539,45.0578,0,86,66,44,2760,10501,5.13434,165,16.9136,0,0,5446,24616559721
358.83,2.78683,45.0578,0,86,66,44,2760,10501,5.13434,165,16.9136,0,0,5446,24619346863
338.798,2.95161,45.0578,0,86,66,44,2760,10501,5.13434,165,16.9136,0,0,5446,24622298866
390.772,2.55904,45.0578,0,86,66,44,2760,10501,5.13434,165,16.9136,0,0,5446,24624858078
404.391,2.47285,45.0578,0,86,66,44,2760,10501,5.13434,165,16.9136,0,0,5446,24627331421
318.854,3.13623,45.0578,0,86,66,44,2760,10501,5.13434,165,16.9136,0,0,5446,24630467853
496.555,2.01388,45.0578,0,86,66,44,2760,10501,5.13434,165,16.9136,0,0,5446,24632482065
208.14,4.80445,45.0578,0,86,66,44,2760,10501,5.13434,165,16.9136,0,0,5446,24637286852
446.824,2.23802,45.0578,0,86,66,44,2760,10501,5.13434,165,16.9136,0,0,5446,24639525226
641.498,1.55885,45.0578,0,86,66,44,2760,10501,5.13434,165,16.9136,0,0,5446,24641084355
462.954,2.16004,45.0578,0,86,66,44,2760,10501,5.13434,165,16.9136,0,0,5446,24643244688
249.03,4.01558,45.0578,0,86,66,44,2760,10501,5.13434,165,16.9136,0,0,5446,24647260765
678.846,1.47309,45.0578,0,86,66,44,2760,10501,5.13434,165,16.9136,0,0,5446,24648734152
250.863,3.98624,45.0578,0,86,66,44,2760,10501,5.13434,165,16.9136,0,0,5446,24652720872
1222.19,0.818201,45.0578,0,86,66,44,2760,10501,5.13434,165,16.9136,0,0,5446,24653539121
319.225,3.13259,45.0578,0,86,66,44,2760,10501,5.13434,165,16.9136,0,0,5446,24656672063
405.62,2.46536,45.0578,0,86,66,44,2760,10501,5.13434,165,16.9136,0,0,5446,24659137887
198.723,5.03213,45.0578,0,86,66,44,2760,10501,5.13434,165,16.9136,0,0,5446,24664170383
1351.25,0.740054,45.0578,0,86,66,44,2760,10501,5.13434,165,16.9136,0,0,5446,24664910649
465.513,2.14817,45.0578,0,86,66,44,2760,10501,5.13434,165,16.9136,0,0,5446,24667059154
329.295,3.03679,45.0578,0,86,66,44,2760,10501,5.13434,165,16.9136,0,0,5446,24670096266
366.028,2.73203,45.0578,0,86,66,44,2760,10501,5.13434,165,16.9136,0,0,5446,24672828617
326.012,3.06737,45.0578,0,86,66,44,2760,10501,5.13434,165,16.9136,0,0,5446,24675896211
395.304,2.5297,45.0578,0,86,66,44,2760,10501,5.13434,165,16.9136,0,0,5446,24678426268
477.206,2.09553,45.0578,0,86,66,44,2760,10501,5.13434,165,16.9136,0,0,5446,24680522290
426.495,2.34469,45.0578,0,86,66,44,2760,10501,5.13434,165,16.9136,0,0,5446,24682867417
336.823,2.96892,45.0578,0,86,66,44,2760,10501,5.13434,165,16.9136,0,0,5446,24685836700
173.867,5.75151,45.0578,0,86,66,44,2760,10501,5.13434,165,16.9136,0,0,5446,24691588548
1267.99,0.788652,45.0578,0,86,66,44,2760,10501,5.13434,165,16.9136,0,0,5446,24692377411
463.191,2.15894,45.0578,0,86,66,44,2760,10501,5.13434,165,16.9136,0,0,5446,24694536887
207.615,4.81661,45.0578,0,86,66,44,2760,10501,5.13434,165,16.9136,0,0,5446,24699353809
440.476,2.27027,45.0578,0,86,66,44,2760,10501,5.13434,165,16.9136,0,0,5446,24701624443
708.679,1.41108,45.0578,0,86,66,44,2760,10501,5.13434,165,16.9136,0,0,5446,24703035760
417.724,2.39393,45.0578,0,86,66,44,2760,10501,5.13434,165,16.9136,0,0,5446,24705430004
343.557,2.91072,45.0578,0,86,66,44,2760,10501,5.13434,165,16.9136,0,0,5446,24708341074
376.367,2.65698,45.0578,0,86,66,44,2760,10501,5.13434,165,16.9136,0,0,5446,24710998471
288.478,3.46647,45.0578,0,86,66,44,2760,10501,5.13434,165,16.9136,0,0,5446,24714465309
283.963,3.52159,45.0578,0,86,66,44,2760,10501,5.13434,165,16.9136,0,0,5446,24717987341
712.197,1.4041,45.0578,0,86,66,44,2760,10501,5.13434,165,16.9136,0,0,5446,24719391638
316.467,3.15988,45.0578,0,86,66,44,2760,10501,5.13434,165,16.9136,0,0,5446,24722551860
449.283,2.22577,45.0578,0,86,66,44,2760,10501,5.13434,165,16.9136,0,0,5446,24724777935
312.293,3.20212,45.0578,0,86,66,44,2760,10501,5.13434,165,16.9136,0,0,5446,24727980457
532.229,1.87889,45.0578,0,86,66,44,2760,10501,5.13434,165,16.9136,0,0,5446,24729859607
310.74,3.21813,45.0578,0,86,66,44,2760,10501,5.13434,165,16.9136,0,0,5446,24733078013
502.158,1.9914,45.0578,0,86,66,44,2760,10501,5.13434,165,16.9136,0,0,5446,24735069744
359.841,2.77901,45.0578,0,86,66,44,2760,10501,5.13434,165,16.9136,0,0,5446,24737848972
328.677,3.0425,45.0578,0,86,66,44,2760,10501,5.13434,165,16.9136,0,0,5446,24740891776
201.125,4.97204,45.0578,0,86,66,44,2760,10501,5.13434,165,16.9136,0,0,5446,24745864223
1526.2,0.655224,45.0578,0,86,66,44,2760,10501,5.13434,165,16.9136,0,0,5446,24746519879
326.475,3.06303,45.0578,0,86,66,44,2760,10501,5.13434,165,16.9136,0,0,5446,24749583310
224.461,4.45512,45.0578,0,86,66,44,2760,10501,5.13434,165,16.9136,0,0,5446,24754038806
410.147,2.43815,45.0578,0,86,66,44,2760,10501,5.13434,165,16.9136,0,0,5446,24756477436
1398.14,0.715236,45.0578,0,86,66,44,2760,10501,5.13434,165,16.9136,0,0,5446,24757192816
366.902,2.72552,45.0578,0,86,66,44,2760,10501,5.13434,165,16.9136,0,0,5446,24759918648
380.04,2.6313,45.0578,0,86,66,44,2760,10501,5.13434,165,16.9136,0,0,5446,24762550400
322.394,3.1018,45.0578,0,86,66,44,2760,10501,5.13434,165,16.9136,0,0,5446,24765652534
521.275,1.91837,45.0578,0,86,66,44,2760,10501,5.13434,165,16.9136,0,0,5446,24767571272
204.704,4.8851,45.0578,0,86,66,44,2760,10501,5.13434,165,16.9136,0,0,5446,24772456878
690.791,1.44762,45.0578,0,86,66,44,2760,10501,5.13434,165,16.9136,0,0,5446,24773904860
532.017,1.87964,45.0578,0,86,66,44,2760,10501,5.13434,165,16.9136,0,0,5446,24775784712
386.333,2.58844,45.0578,0,86,66,44,2760,10501,5.13434,165,16.9136,0,0,5446,24778373616
309.702,3.22891,45.0578,0,86,66,44,2760,10501,5.13434,165,16.9136,0,0,5446,24781602735
395.48,2.52858,45.0578,0,86,66,44,2760,10501,5.13434,165,16.9136,0,0,5446,24784131868
281.688,3.55003,45.0578,0,86,66,44,2760,10501,5.13434,165,16.9136,0,0,5446,24787682190
481.067,2.07871,45.0578,0,86,66,44,2760,10501,5.13434,165,16.9136,0,0,5446,24789761087
496.368,2.01464,45.0578,0,86,66,44,2760,10501,5.13434,165,16.9136,0,0,5446,24791776212
356.784,2.80281,45.0578,0,86,66,44,2760,10501,5.13434,165,16.9136,0,0,5446,24794579364
171.545,5.82937,45.0578,0,86,66,44,2760,10501,5.13434,165,16.9136,0,0,5446,24800408994
2642.59,0.378417,45.0578,0,86,66,44,2760,10501,5.13434,165,16.9136,0,0,5446,24800787747
507.54,1.97029,45.0578,0,86,66,44,2760,10501,5.13434,165,16.9136,0,0,5446,24802758448
344.974,2.89877,45.0578,0,86,66,44,2760,10501,5.13434,165,16.9136,0,0,5446,24805657497
417.722,2.39394,45.0578,0,86,66,44,2760,10501,5.13434,165,16.9136,0,0,5446,24808051915
386.755,2.58562,45.0578,0,86,66,44,2760,10501,5.13434,165,16.9136,0,0,5446,24810637713
381.22,2.62316,45.0578,0,86,66,44,2760,10501,5.13434,165,16.9136,0,0,5446,24813261205
255.552,3.9131,45.0578,0,86,66,44,2760,10501,5.13434,165,16.9136,0,0,5446,24817176578
385.769,2.59222,46.2611,0,85,66,44,2760,10501,5.13278,165,16.9124,0,0,5441,24819767377
654.293,1.52837,46.2611,0,85,66,44,2760,10501,5.13278,165,16.9124,0,0,5441,24821295976
426.222,2.34619,46.2611,0,85,66,44,2760,10501,5.13278,165,16.9124,0,0,5441,24823642613
328.367,3.04537,46.2611,0,85,66,44,2760,10501,5.13278,165,16.9124,0,0,5441,24826688235
344.894,2.89944,46.2611,0,85,66,44,2760,10501,5.13278,165,16.9124,0,0,5441,24829587958
425.349,2.35101,46.2611,0,85,66,44,2760,10501,5.13278,165,16.9124,0,0,5441,24831939296
386.356,2.58829,46.2611,0,85,66,44,2760,10501,5.13278,165,16.9124,0,0,5441,24834527912
250.341,3.99455,46.2611,0,85,66,44,2760,10501,5.13278,165,16.9124,0,0,5441,24838522768
556.637,1.7965,46.2611,0,85,66,44,2760,10501,5.13278,165,16.9124,0,0,5441,24840319646
333.339,2.99995,46.2611,0,85,66,44,2760,10501,5.13278,165,16.9124,0,0,5441,24843320151
484.837,2.06255,46.2611,0,85,66,44,2760,10501,5.13278,165,16.9124,0,0,5441,24845382903
401.531,2.49047,46.2611,0,85,66,44,2760,10501,5.13278,165,16.9124,0,0,5441,24847873833
342.319,2.92125,46.2611,0,85,66,44,2760,10501,5.13278,165,16.9124,0,0,5441,24850795490
292.782,3.41551,46.2611,0,85,66,44,2760,10501,5.13278,165,16.9124,0,0,5441,24854211258
492.212,2.03165,46.2611,0,85,66,44,2760,10501,5.13278,165,16.9124,0,0,5441,24856243279
220.284,4.53959,46.2611,0,85,66,44,2760,10501,5.13278,165,16.9124,0,0,5441,24860783268
467.833,2.13752,46.2611,0,85,66,44,2760,10501,5.13278,165,16.9124,0,0,5441,24862921292
323.569,3.09053,46.2611,0,85,66,44,2760,10501,5.13278,165,16.9124,0,0,5441,24866011973
612.306,1.63317,46.2611,0,85,66,44,2760,10501,5.13278,165,16.9124,0,0,5441,24867645567
533.233,1.87535,46.2611,0,85,66,44,2760,10501,5.13278,165,16.9124,0,0,5441,24869521169
404.05,2.47494,46.2611,0,85,66,44,2760,10501,5.13278,165,16.9124,0,0,5441,24871996435
356.256,2.80697,46.2611,0,85,66,44,2760,10501,5.13278,165,16.9124,0,0,5441,24874803818
255.891,3.90791,46.2611,0,85,66,44,2760,10501,5.13278,165,16.9124,0,0,5441,24878712055
621.008,1.61029,46.2611,0,85,66,44,2760,10501,5.13278,165,16.9124,0,0,5441,24880322648
341.606,2.92735,46.2611,0,85,66,44,2760,10501,5.13278,165,16.9124,0,0,5441,24883250477
455.38,2.19597,46.2611,0,85,66,44,2760,10501,5.13278,165,16.9124,0,0,5441,24885446600
195.448,5.11646,46.2611,0,85,66,44,2760,10501,5.13278,165,16.9124,0,0,5441,24890563368
512.293,1.95201,46.2611,0,85,66,44,2760,10501,5.13278,165,16.9124,0,0,5441,24892515847
728.935,1.37186,46.2611,0,85,66,44,2760,10501,5.13278,165,16.9124,0,0,5441,24893887884
330.62,3.02462,46.2611,0,85,66,44,2760,10501,5.13278,165,16.9124,0,0,5441,24896913072
527.136,1.89705,46.2611,0,85,66,44,2760,10501,5.13278,165,16.9124,0,0,5441,24898810415
362.027,2.76223,46.2611,0,85,66,44,2760,10501,5.13278,165,16.9124,0,0,5441,24901572893
466.254,2.14475,46.2611,0,85,66,44,2760,10501,5.13278,165,16.9124,0,0,5441,24903718033
327.963,3.04912,46.2611,0,85,66,44,2760,10501,5.13278,165,16.9124,0,0,5441,24906772664
382.645,2.61339,46.2611,0,85,66,44,2760,10501,5.13278,165,16.9124,0,0,5441,24909386272
365.417,2.7366,46.2611,0,85,66,44,2760,10501,5.13278,165,16.9124,0,0,5441,24912123220
368.893,2.71081,46.2611,0,85,66,44,2760,10501,5.13278,165,16.9124,0,0,5441,24914834359
380.178,2.63035,46.2611,0,85,66,44,2760,10501,5.13278,165,16.9124,0,0,5441,24917465044
426.061,2.34708,46.2611,0,85,66,44,2760,10501,5.13278,165,16.9124,0,0,5441,24919812469
311.446,3.21083,46.2611,0,85,66,44,2760,10501,5.13278,165,16.9124,0,0,5441,24923023827
379.217,2.63701,46.2611,0,85,66,44,2760,10501,5.13278,165,16.9124,0,0,5441,24925661349
351.972,2.84113,46.2611,0,85,66,44,2760,10501,5.13278,165,16.9124,0,0,5441,24928502675
223.15,4.4813,46.2611,0,85,66,44,2760,10501,5.13278,165,16.9124,0,0,5441,24932984423
510.598,1.95849,46.2611,0,85,66,44,2760,10501,5.13278,165,16.9124,0,0,5441,24934943287
290.491,3.44245,46.2611,0,85,66,44,2760,10501,5.13278,165,16.9124,0,0,5441,24938386268
670.244,1.49199,46.2611,0,85,66,44,2760,10501,5.13278,165,16.9124,0,0,5441,24939878520
318.872,3.13606,46.2611,0,85,66,44,2760,10501,5.13278,165,16.9124,0,0,5441,24943014943
536.989,1.86224,46.2611,0,85,66,44,2760,10501,5.13278,165,16.9124,0,0,5441,24944877689
309.398,3.23208,46.2611,0,85,66,44,2760,10501,5.13278,165,16.9124,0,0,5441,24948110028
350.22,2.85535,46.2611,0,85,66,44,2760,10501,5.13278,165,16.9124,0,0,5441,24950965702
339.652,2.94419,46.2611,0,85,66,44,2760,10501,5.13278,165,16.9124,0,0,5441,24953910195
535.033,1.86904,46.2611,0,85,66,44,2760,10501,5.13278,165,16.9124,0,0,5441,24955779508
209.067,4.78315,46.2611,0,85,66,44,2760,10501,5.13278,165,16.9124,0,0,5441,24960563237
557.625,1.79332,46.2611,0,85,66,44,2760,10501,5.13278,165,16.9124,0,0,5441,24962356816
515.679,1.93919,46.2611,0,85,66,44,2760,10501,5.13278,165,16.9124,0,0,5441,24964296372
476.655,2.09795,46.2611,0,85,66,44,2760,10501,5.13278,165,16.9124,0,0,5441,24966394722
256.663,3.89616,46.2611,0,85,66,44,2760,10501,5.13278,165,16.9124,0,0,5441,24970291238
491.851,2.03313,46.2611,0,85,66,44,2760,10501,5.13278,165,16.9124,0,0,5441,24972324575
436.267,2.29217,46.2611,0,85,66,44,2760,10501,5.13278,165,16.9124,0,0,5441,24974617229
372.811,2.68232,46.2611,0,85,66,44,2760,10501,5.13278,165,16.9124,0,0,5441,24977299753
372.928,2.68148,46.2611,0,85,66,44,2760,10501,5.13278,165,16.9124,0,0,5441,24979981583
399.539,2.50288,46.2611,0,85,66,44,2760,10501,5.13278,165,16.9124,0,0,5441,24982484696
208.422,4.79795,46.2611,0,85,66,44,2760,10501,5.13278,165,16.9124,0,0,5441,24987283089
607.79,1.64531,46.2611,0,85,66,44,2760,10501,5.13278,165,16.9124,0,0,5441,24988928616
483.626,2.06771,46.2611,0,85,66,44,2760,10501,5.13278,165,16.9124,0,0,5441,24990996733
314.976,3.17485,46.2611,0,85,66,44,2760,10501,5.13278,165,16.9124,0,0,5441,24994171908
442.324,2.26079,46.2611,0,85,66,44,2760,10501,5.13278,165,16.9124,0,0,5441,24996432859
401.796,2.48882,46.2611,0,85,66,44,2760,10501,5.13278,165,16.9124,0,0,5441,24998922068
399.266,2.50459,46.2611,0,85,66,44,2760,10501,5.13278,165,16.9124,0,0,5441,25001427066
190.929,5.23756,46.2611,0,85,66,44,2760,10501,5.13278,165,16.9124,0,0,5441,25006665069
372.414,2.68519,46.2611,0,85,66,44,2760,10501,5.13278,165,16.9124,0,0,5441,25009350583
614.052,1.62853,46.2611,0,85,66,44,2760,10501,5.13278,165,16.9124,0,0,5441,25010979734
318.316,3.14153,46.2611,0,85,66,44,2760,10501,5.13278,165,16.9124,0,0,5441,25014121455
565.3,1.76897,46.2611,0,85,66,44,2760,10501,5.13278,165,16.9124,0,0,5441,25015890880
375.206,2.66521,46.2611,0,85,66,44,2760,10501,5.13278,165,16.9124,0,0,5441,25018556229
404.613,2.4715,46.2611,0,85,66,44,2760,10501,5.13278,165,16.9124,0,0,5441,25021028188
347.369,2.87878,46.2611,0,85,66,44,2760,10501,5.13278,165,16.9124,0,0,5441,25023907265
371.42,2.69237,46.2611,0,85,66,44,2760,10501,5.13278,165,16.9124,0,0,5441,25026600029
421.349,2.37333,46.2611,0,85,66,44,2760,10501,5.13278,165,16.9124,0,0,5441,25028973696
359.917,2.77842,46.2611,0,85,66,44,2760,10501,5.13278,165,16.9124,0,0,5441,25031752616
277.472,3.60397,46.2611,0,85,66,44,2760,10501,5.13278,165,16.9124,0,0,5441,25035356978
728.578,1.37254,46.2611,0,85,66,44,2760,10501,5.13278,165,16.9124,0,0,5441,25036729976
208.517,4.79577,46.2611,0,85,66,44,2760,10501,5.13278,165,16.9124,0,0,5441,25041526186
635.043,1.5747,46.2611,0,85,66,44,2760,10501,5.13278,165,16.9124,0,0,5441,25043101778
442.183,2.26151,46.2611,0,85,66,44,2760,10501,5.13278,165,16.9124,0,0,5441,25045362921
401.491,2.49072,46.2611,0,85,66,44,2760,10501,5.13278,165,16.9124,0,0,5441,25047853986
380.108,2.63083,46.2611,0,85,66,44,2760,10501,5.13278,165,16.9124,0,0,5441,25050485103
264.217,3.78477,46.2611,0,85,66,44,2760,10501,5.13278,165,16.9124,0,0,5441,25054270096
686.609,1.45643,46.2611,0,85,66,44,2760,10501,5.13278,165,16.9124,0,0,5441,25055726876
392.086,2.55046,46.2611,0,85,66,44,2760,10501,5.13278,165,16.9124,0,0,5441,25058277654
333.476,2.99872,46.2611,0,85,66,44,2760,10501,5.13278,165,16.9124,0,0,5441,25061276804
410.429,2.43648,46.2611,0,85,66,44,2760,10501,5.13278,165,16.9124,0,0,5441,25063713549
204.379,4.89288,46.2611,0,85,66,44,2760,10501,5.13278,165,16.9124,0,0,5441,25068606858
612.999,1.63132,46.2611,0,85,66,44,2760,10501,5.13278,165,16.9124,0,0,5441,25070238577
687.667,1.45419,46.2611,0,85,66,44,2760,10501,5.13278,165,16.9124,0,0,5441,25071692943
344.794,2.90028,46.2611,0,85,66,44,2760,10501,5.13278,165,16.9124,0,0,5441,25074593541
281.996,3.54615,46.2611,0,85,66,44,2760,10501,5.13278,165,16.9124,0,0,5441,25078139987
520.659,1.92064,46.2611,0,85,66,44,2760,10501,5.13278,165,16.9124,0,0,5441,25080061071
361.635,2.76522,46.2611,0,85,66,44,2760,10501,5.13278,165,16.9124,0,0,5441,25082826511
372.063,2.68772,46.2611,0,85,66,44,2760,10501,5.13278,165,16.9124,0,0,5441,25085514553
348.285,2.87121,46.2611,0,85,66,44,2760,10501,5.13278,165,16.9124,0,0,5441,25088386169
349.454,2.86161,46.2611,0,85,66,44,2760,10501,5.13278,165,16.9124,0,0,5441,25091247996
539.597,1.85324,46.2611,0,85,66,44,2760,10501,5.13278,165,16.9124,0,0,5441,25093101520
384.312,2.60205,46.2611,0,85,66,44,2760,10501,5.13278,165,16.9124,0,0,5441,25095704002
429.917,2.32603,46.2611,0,85,66,44,2760,10501,5.13278,165,16.9124,0,0,5441,25098030350
316.446,3.1601,46.2611,0,85,66,44,2760,10501,5.13278,165,16.9124,0,0,5441,25101190591
421.282,2.3737,46.2611,0,85,66,44,2760,10501,5.13278,165,16.9124,0,0,5441,25103564575
333.064,3.00243,46.2611,0,85,66,44,2760,10501,5.13278,165,16.9124,0,0,5441,25106567339
364.151,2.74611,46.2611,0,85,66,44,2760,10501,5.13278,165,16.9124,0,0,5441,25109313768
340.362,2.93805,46.2611,0,85,66,44,2760,10501,5.13278,165,16.9124,0,0,5441,25112252204
439.85,2.2735,46.2611,0,85,66,44,2760,10501,5.13278,165,16.9124,0,0,5441,25114526011
355.085,2.81623,46.2611,0,85,66,44,2760,10501,5.13278,165,16.9124,0,0,5441,25117342693
404.871,2.46992,46.2611,0,85,66,44,2760,10501,5.13278,165,16.9124,0,0,5441,25119812805
399.828,2.50108,46.2611,0,85,66,44,2760,10501,5.13278,165,16.9124,0,0,5441,25122314322
319.42,3.13067,46.2611,0,85,66,44,2760,10501,5.13278,165,16.9124,0,0,5441,25125445379
384.154,2.60313,46.2611,0,85,66,44,2760,10501,5.13278,165,16.9124,0,0,5441,25128048756
361.668,2.76497,46.2611,0,85,66,44,2760,10501,5.13278,165,16.9124,0,0,5441,25130814031
374.862,2.66765,46.2611,0,85,66,44,2760,10501,5.13278,165,16.9124,0,0,5441,25133482025
386.109,2.58994,46.2611,0,85,66,44,2760,10501,5.13278,165,16.9124,0,0,5441,25136072257
357.65,2.79603,46.2611,0,85,66,44,2760,10501,5.13278,165,16.9124,0,0,5441,25138868601
338.16,2.95718,46.2611,0,85,66,44,2760,10501,5.13278,165,16.9124,0,0,5441,25141826095
215.47,4.64102,46.2611,0,85,66,44,2760,10501,5.13278,165,16.9124,0,0,5441,25146467674
246.809,4.05171,46.2611,0,85,66,44,2760,10501,5.13278,165,16.9124,0,0,5441,25150519551
1111.25,0.899886,46.2611,0,85,66,44,2760,10501,5.13278,165,16.9124,0,0,5441,25151419745
409.118,2.44428,46.2611,0,85,66,44,2760,10501,5.13278,165,16.9124,0,0,5441,25153864587
593.296,1.6855,46.2611,0,85,66,44,2760,10501,5.13278,165,16.9124,0,0,5441,25155550240
377.876,2.64637,46.2611,0,85,66,44,2760,10501,5.13278,165,16.9124,0,0,5441,25158196906
279.22,3.5814,46.2611,0,85,66,44,2760,10501,5.13278,165,16.9124,0,0,5441,25161778825
495.415,2.01851,46.2611,0,85,66,44,2760,10501,5.13278,165,16.9124,0,0,5441,25163797556
330.142,3.029,46.2611,0,85,66,44,2760,10501,5.13278,165,16.9124,0,0,5441,25166826985
397.66,2.51471,46.2611,0,85,66,44,2760,10501,5.13278,165,16.9124,0,0,5441,25169341887
391.531,2.55408,46.2611,0,85,66,44,2760,10501,5.13278,165,16.9124,0,0,5441,25171896320
231.711,4.31571,46.2611,0,85,66,44,2760,10501,5.13278,165,16.9124,0,0,5441,25176212667
481.096,2.07859,46.2611,0,85,66,44,2760,10501,5.13278,165,16.9124,0,0,5441,25178291708
500.01,1.99996,46.2611,0,85,66,44,2760,10501,5.13278,165,16.9124,0,0,5441,25180291843
306.547,3.26214,46.2611,0,85,66,44,2760,10501,5.13278,165,16.9124,0,0,5441,25183554405
556.303,1.79758,46.2611,0,85,66,44,2760,10501,5.13278,165,16.9124,0,0,5441,25185352225
340.596,2.93603,46.2611,0,85,66,44,2760,10501,5.13278,165,16.9124,0,0,5441,25188288593
433.693,2.30578,46.2611,0,85,66,44,2760,10501,5.13278,165,16.9124,0,0,5441,25190594681
288.679,3.46405,46.2611,0,85,66,44,2760,10501,5.13278,165,16.9124,0,0,5441,25194059038
416.694,2.39984,46.2611,0,85,66,44,2760,10501,5.13278,165,16.9124,0,0,5441,25196459167
348.022,2.87338,46.2611,0,85,66,44,2760,10501,5.13278,165,16.9124,0,0,5441,25199333081
215.48,4.64081,46.2611,0,85,66,44,2760,10501,5.13278,165,16.9124,0,0,5441,25203974160
1047.8,0.954378,46.2611,0,85,66,44,2760,10501,5.13278,165,16.9124,0,0,5441,25204929039
714.703,1.39918,46.2611,0,85,66,44,2760,10501,5.13278,165,16.9124,0,0,5441,25206328509
420.866,2.37605,46.2611,0,85,66,44,2760,10501,5.13278,165,16.9124,0,0,5441,25208705051
354.743,2.81894,46.2611,0,85,66,44,2760,10501,5.13278,165,16.9124,0,0,5441,25211524280
336.571,2.97114,46.2611,0,85,66,44,2760,10501,5.13278,165,16.9124,0,0,5441,25214496044
379.979,2.63172,46.2611,0,85,66,44,2760,10501,5.13278,165,16.9124,0,0,5441,25217127844
279.629,3.57617,46.2611,0,85,66,44,2760,10501,5.13278,165,16.9124,0,0,5441,25220708224
588.285,1.69985,46.2611,0,85,66,44,2760,10501,5.13278,165,16.9124,0,0,5441,25222408137
337.058,2.96685,46.2611,0,85,66,44,2760,10501,5.13278,165,16.9124,0,0,5441,25225375516
527.698,1.89503,46.2611,0,85,66,44,2760,10501,5.13278,165,16.9124,0,0,5441,25227270926
340.953,2.93296,46.2611,0,85,66,44,2760,10501,5.13278,165,16.9124,0,0,5441,25230204092
323.558,3.09063,46.2611,0,85,66,44,2760,10501,5.13278,165,16.9124,0,0,5441,25233294956
321.969,3.10589,46.2611,0,85,66,44,2760,10501,5.13278,165,16.9124,0,0,5441,25236401311
491.46,2.03475,46.2611,0,85,66,44,2760,10501,5.13278,165,16.9124,0,0,5441,25238436350
375.613,2.66231,46.2611,0,85,66,44,2760,10501,5.13278,165,16.9124,0,0,5441,25241098931
422.678,2.36587,46.2611,0,85,66,44,2760,10501,5.13278,165,16.9124,0,0,5441,25243465251
385.513,2.59394,46.2611,0,85,66,44,2760,10501,5.13278,165,16.9124,0,0,5441,25246059434
324.671,3.08004,46.2611,0,85,66,44,2760,10501,5.13278,165,16.9124,0,0,5441,25249139855
439.806,2.27373,46.2611,0,85,66,44,2760,10501,5.13278,165,16.9124,0,0,5441,25251413817
354.548,2.82049,46.2611,0,85,66,44,2760,10501,5.13278,165,16.9124,0,0,5441,25254234556
332.05,3.01159,46.2611,0,85,66,44,2760,10501,5.13278,165,16.9124,0,0,5441,25257246504
442.271,2.26106,46.2611,0,85,66,44,2760,10501,5.13278,165,16.9124,0,0,5441,25259507887
339.424,2.94617,46.2611,0,85,66,44,2760,10501,5.13278,165,16.9124,0,0,5441,25262454410
394.733,2.53335,46.2611,0,85,66,44,2760,10501,5.13278,165,16.9124,0,0,5441,25264988043
365.618,2.73509,46.2611,0,85,66,44,2760,10501,5.13278,165,16.9124,0,0,5441,25267723655
401.289,2.49197,46.2611,0,85,66,44,2760,10501,5.13278,165,16.9124,0,0,5441,25270215960
312.685,3.19811,46.2611,0,85,66,44,2760,10501,5.13278,165,16.9124,0,0,5441,25273414471
421.677,2.37148,46.2611,0,85,66,44,2760,10501,5.13278,165,16.9124,0,0,5441,25275786330
354.405,2.82163,46.2611,0,85,66,44,2760,10501,5.13278,165,16.9124,0,0,5441,25278608262
283.12,3.53207,46.2611,0,85,66,44,2760,10501,5.13278,165,16.9124,0,0,5441,25282140727
424.739,2.35439,46.2611,0,85,66,44,2760,10501,5.13278,165,16.9124,0,0,5441,25284495383
439.239,2.27666,46.2611,0,85,66,44,2760,10501,5.13278,165,16.9124,0,0,5441,25286772393
397.463,2.51596,46.2611,0,85,66,44,2760,10501,5.13278,165,16.9124,0,0,5441,25289288853
355.452,2.81332,46.2611,0,85,66,44,2760,10501,5.13278,165,16.9124,0,0,5441,25292102390
368.795,2.71153,46.2611,0,85,66,44,2760,10501,5.13278,165,16.9124,0,0,5441,25294814289
367.21,2.72324,46.2611,0,85,66,44,2760,10501,5.13278,165,16.9124,0,0,5441,25297537813
215.303,4.64461,46.2611,0,85,66,44,2760,10501,5.13278,165,16.9124,0,0,5441,25302183018
1208.29,0.827614,46.2611,0,85,66,44,2760,10501,5.13278,165,16.9124,0,0,5441,25303010853
305.608,3.27217,46.2611,0,85,66,44,2760,10501,5.13278,165,16.9124,0,0,5441,25306283521
677.572,1.47586,46.2611,0,85,66,44,2760,10501,5.13278,165,16.9124,0,0,5441,25307759610
207.167,4.82702,46.2611,0,85,66,44,2760,10501,5.13278,165,16.9124,0,0,5441,25312587292
643.013,1.55518,46.2611,0,85,66,44,2760,10501,5.13278,165,16.9124,0,0,5441,25314142479
543.838,1.83878,46.2611,0,85,66,44,2760,10501,5.13278,165,16.9124,0,0,5441,25315981694
284.678,3.51274,46.2611,0,85,66,44,2760,10501,5.13278,165,16.9124,0,0,5441,25319496765
333.146,3.00169,45.3384,0,85,66,44,2760,10501,5.13278,165,16.9084,0,0,5446,25322496635
502.979,1.98815,45.3384,0,85,66,44,2760,10501,5.13278,165,16.9084,0,0,5446,25324485154
307.209,3.25511,45.3384,0,85,66,44,2760,10501,5.13278,165,16.9084,0,0,5446,25327740735
539.88,1.85227,45.3384,0,85,66,44,2760,10501,5.13278,165,16.9084,0,0,5446,25329593153
369.02,2.70988,45.3384,0,85,66,44,2760,10501,5.13278,165,16.9084,0,0,5446,25332303350
353.76,2.82678,45.3384,0,85,66,44,2760,10501,5.13278,165,16.9084,0,0,5446,25335130426
206.846,4.83452,45.3384,0,85,66,44,2760,10501,5.13278,165,16.9084,0,0,5446,25339965310
668.702,1.49543,45.3384,0,85,66,44,2760,10501,5.13278,165,16.9084,0,0,5446,25341461034
509.163,1.96401,45.3384,0,85,66,44,2760,10501,5.13278,165,16.9084,0,0,5446,25343425340
294.813,3.39198,45.3384,0,85,66,44,2760,10501,5.13278,165,16.9084,0,0,5446,25346817830
413.081,2.42083,45.3384,0,85,66,44,2760,10501,5.13278,165,16.9084,0,0,5446,25349238748
409.816,2.44012,45.3384,0,85,66,44,2760,10501,5.13278,165,16.9084,0,0,5446,25351679272
354.132,2.82381,45.3384,0,85,66,44,2760,10501,5.13278,165,16.9084,0,0,5446,25354503444
407.644,2.45312,45.3384,0,85,66,44,2760,10501,5.13278,165,16.9084,0,0,5446,25356956941
365.066,2.73923,45.3384,0,85,66,44,2760,10501,5.13278,165,16.9084,0,0,5446,25359696696
347.952,2.87396,45.3384,0,85,66,44,2760,10501,5.13278,165,16.9084,0,0,5446,25362571034
179.353,5.57559,45.3384,0,85,66,44,2760,10501,5.13278,165,16.9084,0,0,5446,25368147010
883.324,1.13209,45.3384,0,85,66,44,2760,10501,5.13278,165,16.9084,0,0,5446,25369279356
451.691,2.2139,45.3384,0,85,66,44,2760,10501,5.13278,165,16.9084,0,0,5446,25371493729
548.875,1.82191,45.3384,0,85,66,44,2760,10501,5.13278,165,16.9084,0,0,5446,25373315982
329.878,3.03142,45.3384,0,85,66,44,2760,10501,5.13278,165,16.9084,0,0,5446,25376347613
393.772,2.53954,45.3384,0,85,66,44,2760,10501,5.13278,165,16.9084,0,0,5446,25378887574
410,2.43902,45.3384,0,85,66,44,2760,10501,5.13278,165,16.9084,0,0,5446,25381326848
311.257,3.21278,45.3384,0,85,66,44,2760,10501,5.13278,165,16.9084,0,0,5446,25384540005
459.249,2.17747,45.3384,0,85,66,44,2760,10501,5.13278,165,16.9084,0,0,5446,25386717770
386.929,2.58445,45.3384,0,85,66,44,2760,10501,5.13278,165,16.9084,0,0,5446,25389302569
214.441,4.66329,45.3384,0,85,66,44,2760,10501,5.13278,165,16.9084,0,0,5446,25393966322
430.294,2.32399,45.3384,0,85,66,44,2760,10501,5.13278,165,16.9084,0,0,5446,25396290506
326.156,3.06602,45.3384,0,85,66,44,2760,10501,5.13278,165,16.9084,0,0,5446,25399357042
1121.21,0.891895,45.3384,0,85,66,44,2760,10501,5.13278,165,16.9084,0,0,5446,25400249130
331.232,3.01904,45.3384,0,85,66,44,2760,10501,5.13278,165,16.9084,0,0,5446,25403268482
319.691,3.12802,45.3384,0,85,66,44,2760,10501,5.13278,165,16.9084,0,0,5446,25406396799
473.202,2.11326,45.3384,0,85,66,44,2760,10501,5.13278,165,16.9084,0,0,5446,25408510380
333.701,2.9967,45.3384,0,85,66,44,2760,10501,5.13278,165,16.9084,0,0,5446,25411507375
467.415,2.13943,45.3384,0,85,66,44,2760,10501,5.13278,165,16.9084,0,0,5446,25413647120
449.637,2.22402,45.3384,0,85,66,44,2760,10501,5.13278,165,16.9084,0,0,5446,25415871455
182.22,5.48787,45.3384,0,85,66,44,2760,10501,5.13278,165,16.9084,0,0,5446,25421359813
514.768,1.94262,45.3384,0,85,66,44,2760,10501,5.13278,165,16.9084,0,0,5446,25423302426
350.433,2.85362,45.3384,0,85,66,44,2760,10501,5.13278,165,16.9084,0,0,5446,25426156426
500.409,1.99837,45.3384,0,85,66,44,2760,10501,5.13278,165,16.9084,0,0,5446,25428155205
1192.17,0.838807,45.3384,0,85,66,44,2760,10501,5.13278,165,16.9084,0,0,5446,25428994109
370.985,2.69552,45.3384,0,85,66,44,2760,10501,5.13278,165,16.9084,0,0,5446,25431689988
308.411,3.24243,45.3384,0,85,66,44,2760,10501,5.13278,165,16.9084,0,0,5446,25434932712
466.955,2.14153,45.3384,0,85,66,44,2760,10501,5.13278,165,16.9084,0,0,5446,25437074573
360.858,2.77117,45.3384,0,85,66,44,2760,10501,5.13278,165,16.9084,0,0,5446,25439846176
356.727,2.80327,45.3384,0,85,66,44,2760,10501,5.13278,165,16.9084,0,0,5446,25442649694
212.038,4.71613,45.3384,0,85,66,44,2760,10501,5.13278,165,16.9084,0,0,5446,25447366228
494.762,2.02117,45.3384,0,85,66,44,2760,10501,5.13278,165,16.9084,0,0,5446,25449387892
707.739,1.41295,45.3384,0,85,66,44,2760,10501,5.13278,165,16.9084,0,0,5446,25450801074
414.651,2.41167,45.3384,0,85,66,44,2760,10501,5.13278,165,16.9084,0,0,5446,25453213271
211.914,4.71889,45.3384,0,85,66,44,2760,10501,5.13278,165,16.9084,0,0,5446,25457932314
551.747,1.81243,45.3384,0,85,66,44,2760,10501,5.13278,165,16.9084,0,0,5446,25459745039
566.948,1.76383,45.3384,0,85,66,44,2760,10501,5.13278,165,16.9084,0,0,5446,25461509291
353.994,2.8249,45.3384,0,85,66,44,2760,10501,5.13278,165,16.9084,0,0,5446,25464334405
305.199,3.27655,45.3384,0,85,66,44,2760,10501,5.13278,165,16.9084,0,0,5446,25467611371
662.93,1.50846,45.3384,0,85,66,44,2760,10501,5.13278,165,16.9084,0,0,5446,25469120297
365.459,2.73628,45.3384,0,85,66,44,2760,10501,5.13278,165,16.9084,0,0,5446,25471856784
318.276,3.14192,45.3384,0,85,66,44,2760,10501,5.13278,165,16.9084,0,0,5446,25474999159
230.786,4.33302,45.3384,0,85,66,44,2760,10501,5.13278,165,16.9084,0,0,5446,25479332632
686.45,1.45677,45.3384,0,85,66,44,2760,10501,5.13278,165,16.9084,0,0,5446,25480789594
484.009,2.06608,45.3384,0,85,66,44,2760,10501,5.13278,165,16.9084,0,0,5446,25482856000
392.039,2.55077,45.3384,0,85,66,44,2760,10501,5.13278,165,16.9084,0,0,5446,25485407067
309.675,3.2292,45.3384,0,85,66,44,2760,10501,5.13278,165,16.9084,0,0,5446,25488636657
367.762,2.71915,45.3384,0,85,66,44,2760,10501,5.13278,165,16.9084,0,0,5446,25491356075
457.62,2.18522,45.3384,0,85,66,44,2760,10501,5.13278,165,16.9084,0,0,5446,25493541726
383.468,2.60778,45.3384,0,85,66,44,2760,10501,5.13278,165,16.9084,0,0,5446,25496149756
344.573,2.90215,45.3384,0,85,66,44,2760,10501,5.13278,165,16.9084,0,0,5446,25499052402
305.747,3.27068,45.3384,0,85,66,44,2760,10501,5.13278,165,16.9084,0,0,5446,25502323224
477.414,2.09462,45.3384,0,85,66,44,2760,10501,5.13278,165,16.9084,0,0,5446,25504418160
341.344,2.9296,45.3384,0,85,66,44,2760,10501,5.13278,165,16.9084,0,0,5446,25507348124
380.597,2.62745,45.3384,0,85,66,44,2760,10501,5.13278,165,16.9084,0,0,5446,25509975847
389.44,2.56779,45.3384,0,85,66,44,2760,10501,5.13278,165,16.9084,0,0,5446,25512543953
368.575,2.71315,45.3384,0,85,66,44,2760,10501,5.13278,165,16.9084,0,0,5446,25515257390
347.554,2.87725,45.3384,0,85,66,44,2760,10501,5.13278,165,16.9084,0,0,5446,25518134968
396.708,2.52075,45.3384,0,85,66,44,2760,10501,5.13278,165,16.9084,0,0,5446,25520656159
315.414,3.17043,45.3384,0,85,66,44,2760,10501,5.13278,165,16.9084,0,0,5446,25523826872
238.706,4.18925,45.3384,0,85,66,44,2760,10501,5.13278,165,16.9084,0,0,5446,25528016349
399.404,2.50373,45.3384,0,85,66,44,2760,10501,5.13278,165,16.9084,0,0,5446,25530520472
802.04,1.24682,45.3384,0,85,66,44,2760,10501,5.13278,165,16.9084,0,0,5446,25531767553
480.296,2.08205,45.3384,0,85,66,44,2760,10501,5.13278,165,16.9084,0,0,5446,25533850084
434.912,2.29932,45.3384,0,85,66,44,2760,10501,5.13278,165,16.9084,0,0,5446,25536149643
225.913,4.42649,45.3384,0,85,66,44,2760,10501,5.13278,165,16.9084,0,0,5446,25540576551
538.831,1.85587,45.3384,0,85,66,44,2760,10501,5.13278,165,16.9084,0,0,5446,25542432835
331.77,3.01414,45.3384,0,85,66,44,2760,10501,5.13278,165,16.9084,0,0,5446,25545447119
539.558,1.85337,45.3384,0,85,66,44,2760,10501,5.13278,165,16.9084,0,0,5446,25547300961
364,2.74726,45.3384,0,85,66,44,2760,10501,5.13278,165,16.9084,0,0,5446,25550048313
191.53,5.22112,45.3384,0,85,66,44,2760,10501,5.13278,165,16.9084,0,0,5446,25555269825
315.062,3.17398,45.3384,0,85,66,44,2760,10501,5.13278,165,16.9084,0,0,5446,25558444057
1270.84,0.786882,45.3384,0,85,66,44,2760,10501,5.13278,165,16.9084,0,0,5446,25559231267
374.922,2.66722,45.3384,0,85,66,44,2760,10501,5.13278,165,16.9084,0,0,5446,25561898837
432.92,2.3099,45.3384,0,85,66,44,2760,10501,5.13278,165,16.9084,0,0,5446,25564209155
305.576,3.2725,45.3384,0,85,66,44,2760,10501,5.13278,165,16.9084,0,0,5446,25567481871
502.658,1.98942,45.3384,0,85,66,44,2760,10501,5.13278,165,16.9084,0,0,5446,25569471689
367.333,2.72232,45.3384,0,85,66,44,2760,10501,5.13278,165,16.9084,0,0,5446,25572194271
360.065,2.77728,45.3384,0,85,66,44,2760,10501,5.13278,165,16.9084,0,0,5446,25574971855
281.333,3.55451,45.3384,0,85,66,44,2760,10501,5.13278,165,16.9084,0,0,5446,25578526869
243.143,4.1128,45.3384,0,85,66,44,2760,10501,5.13278,165,16.9084,0,0,5446,25582640036
1026.06,0.9746,45.3384,0,85,66,44,2760,10501,5.13278,165,16.9084,0,0,5446,25583614906
481.294,2.07773,45.3384,0,85,66,44,2760,10501,5.13278,165,16.9084,0,0,5446,25585692995
386.138,2.58975,45.3384,0,85,66,44,2760,10501,5.13278,165,16.9084,0,0,5446,25588283072
342.849,2.91673,45.3384,0,85,66,44,2760,10501,5.13278,165,16.9084,0,0,5446,25591200075
375.656,2.66201,45.3384,0,85,66,44,2760,10501,5.13278,165,16.9084,0,0,5446,25593862347
328.382,3.04524,45.3384,0,85,66,44,2760,10501,5.13278,165,16.9084,0,0,5446,25596907950
631.491,1.58355,45.3384,0,85,66,44,2760,10501,5.13278,165,16.9084,0,0,5446,25598491936
337.989,2.95868,45.3384,0,85,66,44,2760,10501,5.13278,165,16.9084,0,0,5446,25601450843
353.265,2.83074,45.3384,0,85,66,44,2760,10501,5.13278,165,16.9084,0,0,5446,25604281910
372.065,2.68771,45.3384,0,85,66,44,2760,10501,5.13278,165,16.9084,0,0,5446,25606969894
361.229,2.76832,45.3384,0,85,66,44,2760,10501,5.13278,165,16.9084,0,0,5446,25609738545
188.023,5.31849,45.3384,0,85,66,44,2760,10501,5.13278,165,16.9084,0,0,5446,25615057542
543.485,1.83998,45.3384,0,85,66,44,2760,10501,5.13278,165,16.9084,0,0,5446,25616897950
612.674,1.63219,45.3384,0,85,66,44,2760,10501,5.13278,165,16.9084,0,0,5446,25618530505
505.272,1.97913,45.3384,0,85,66,44,2760,10501,5.13278,165,16.9084,0,0,5446,25620509908
406.835,2.458,45.3384,0,85,66,44,2760,10501,5.13278,165,16.9084,0,0,5446,25622968087
343.1,2.9146,45.3384,0,85,66,44,2760,10501,5.13278,165,16.9084,0,0,5446,25625883090
219.161,4.56285,45.3384,0,85,66,44,2760,10501,5.13278,165,16.9084,0,0,5446,25630446493
360.097,2.77703,45.3384,0,85,66,44,2760,10501,5.13278,165,16.9084,0,0,5446,25633223943
895.117,1.11717,45.3384,0,85,66,44,2760,10501,5.13278,165,16.9084,0,0,5446,25634341355
325.591,3.07133,45.3384,0,85,66,44,2760,10501,5.13278,165,16.9084,0,0,5446,25637413209
448.853,2.2279,45.3384,0,85,66,44,2760,10501,5.13278,165,16.9084,0,0,5446,25639641236
500.397,1.99841,45.3384,0,85,66,44,2760,10501,5.13278,165,16.9084,0,0,5446,25641639967
357.287,2.79887,45.3384,0,85,66,44,2760,10501,5.13278,165,16.9084,0,0,5446,25644439186
263.838,3.79021,45.3384,0,85,66,44,2760,10501,5.13278,165,16.9084,0,0,5446,25648229871
538.627,1.85657,45.3384,0,85,66,44,2760,10501,5.13278,165,16.9084,0,0,5446,25650086819
486.911,2.05376,45.3384,0,85,66,44,2760,10501,5.13278,165,16.9084,0,0,5446,25652140801
376.286,2.65755,45.3384,0,85,66,44,2760,10501,5.13278,165,16.9084,0,0,5446,25654798727
368.705,2.7122,45.3384,0,85,66,44,2760,10501,5.13278,165,16.9084,0,0,5446,25657511367
318.583,3.1389,45.3384,0,85,66,44,2760,10501,5.13278,165,16.9084,0,0,5446,25660650598
235.2,4.25169,45.3384,0,85,66,44,2760,10501,5.13278,165,16.9084,0,0,5446,25664902847
556.333,1.79748,45.3384,0,85,66,44,2760,10501,5.13278,165,16.9084,0,0,5446,25666700600
604.027,1.65556,45.3384,0,85,66,44,2760,10501,5.13278,165,16.9084,0,0,5446,25668356550
288.063,3.47146,45.3384,0,85,66,44,2760,10501,5.13278,165,16.9084,0,0,5446,25671828320
437.061,2.28801,45.3384,0,85,66,44,2760,10501,5.13278,165,16.9084,0,0,5446,25674116715
376.661,2.65491,45.3384,0,85,66,44,2760,10501,5.13278,165,16.9084,0,0,5446,25676771843
383.385,2.60835,45.3384,0,85,66,44,2760,10501,5.13278,165,16.9084,0,0,5446,25679380517
352.759,2.8348,45.3384,0,85,66,44,2760,10501,5.13278,165,16.9084,0,0,5446,25682215613
264.575,3.77965,45.3384,0,85,66,44,2760,10501,5.13278,165,16.9084,0,0,5446,25685995769
478.347,2.09053,45.3384,0,85,66,44,2760,10501,5.13278,165,16.9084,0,0,5446,25688086436
273.945,3.65036,45.3384,0,85,66,44,2760,10501,5.13278,165,16.9084,0,0,5446,25691737145
411.895,2.4278,45.3384,0,85,66,44,2760,10501,5.13278,165,16.9084,0,0,5446,25694165429
639.51,1.5637,45.3384,0,85,66,44,2760,10501,5.13278,165,16.9084,0,0,5446,25695729337
420.546,2.37786,45.3384,0,85,66,44,2760,10501,5.13278,165,16.9084,0,0,5446,25698107552
345.823,2.89165,45.3384,0,85,66,44,2760,10501,5.13278,165,16.9084,0,0,5446,25700999438
353.577,2.82824,45.3384,0,85,66,44,2760,10501,5.13278,165,16.9084,0,0,5446,25703828014
333.445,2.999,45.3384,0,85,66,44,2760,10501,5.13278,165,16.9084,0,0,5446,25706827635
435.772,2.29478,45.3384,0,85,66,44,2760,10501,5.13278,165,16.9084,0,0,5446,25709122693
233.608,4.28068,45.3384,0,85,66,44,2760,10501,5.13278,165,16.9084,0,0,5446,25713403577
662.981,1.50834,45.3384,0,85,66,44,2760,10501,5.13278,165,16.9084,0,0,5446,25714912243
681.899,1.46649,45.3384,0,85,66,44,2760,10501,5.13278,165,16.9084,0,0,5446,25716379149
283.977,3.52141,45.3384,0,85,66,44,2760,10501,5.13278,165,16.9084,0,0,5446,25719900960
525.702,1.90222,45.3384,0,85,66,44,2760,10501,5.13278,165,16.9084,0,0,5446,25721803456
338.177,2.95703,45.3384,0,85,66,44,2760,10501,5.13278,165,16.9084,0,0,5446,25724760873
333.517,2.99835,45.3384,0,85,66,44,2760,10501,5.13278,165,16.9084,0,0,5446,25727759417
390.165,2.56302,45.3384,0,85,66,44,2760,10501,5.13278,165,16.9084,0,0,5446,25730322820
412.189,2.42607,45.3384,0,85,66,44,2760,10501,5.13278,165,16.9084,0,0,5446,25732749325
362.814,2.75624,45.3384,0,85,66,44,2760,10501,5.13278,165,16.9084,0,0,5446,25735505812
380.683,2.62686,45.3384,0,85,66,44,2760,10501,5.13278,165,16.9084,0,0,5446,25738133064
188.693,5.2996,45.3384,0,85,66,44,2760,10501,5.13278,165,16.9084,0,0,5446,25743433022
474.9,2.10571,45.3384,0,85,66,44,2760,10501,5.13278,165,16.9084,0,0,5446,25745539054
318.715,3.1376,45.3384,0,85,66,44,2760,10501,5.13278,165,16.9084,0,0,5446,25748676987
2074.95,0.481939,45.3384,0,85,66,44,2760,10501,5.13278,165,16.9084,0,0,5446,25749159417
358.598,2.78864,45.3384,0,85,66,44,2760,10501,5.13278,165,16.9084,0,0,5446,25751948145
365.926,2.73279,45.3384,0,85,66,44,2760,10501,5.13278,165,16.9084,0,0,5446,25754681247
377.997,2.64552,45.3384,0,85,66,44,2760,10501,5.13278,165,16.9084,0,0,5446,25757327086
396.959,2.51915,45.3384,0,85,66,44,2760,10501,5.13278,165,16.9084,0,0,5446,25759846854
325.531,3.0719,45.3384,0,85,66,44,2760,10501,5.13278,165,16.9084,0,0,5446,25762918794
390.679,2.55964,45.3384,0,85,66,44,2760,10501,5.13278,165,16.9084,0,0,5446,25765478746
367.884,2.71825,45.3384,0,85,66,44,2760,10501,5.13278,165,16.9084,0,0,5446,25768197472
220.799,4.52901,45.3384,0,85,66,44,2760,10501,5.13278,165,16.9084,0,0,5446,25772726624
574.091,1.74188,45.3384,0,85,66,44,2760,10501,5.13278,165,16.9084,0,0,5446,25774469020
683.616,1.46281,45.3384,0,85,66,44,2760,10501,5.13278,165,16.9084,0,0,5446,25775931934
254.214,3.9337,45.3384,0,85,66,44,2760,10501,5.13278,165,16.9084,0,0,5446,25779865980
523.477,1.91031,45.3384,0,85,66,44,2760,10501,5.13278,165,16.9084,0,0,5446,25781776612
392.333,2.54886,45.3384,0,85,66,44,2760,10501,5.13278,165,16.9084,0,0,5446,25784325775
353.783,2.8266,45.3384,0,85,66,44,2760,10501,5.13278,165,16.9084,0,0,5446,25787152716
283.436,3.52813,45.3384,0,85,66,44,2760,10501,5.13278,165,16.9084,0,0,5446,25790681354
541.411,1.84702,45.3384,0,85,66,44,2760,10501,5.13278,165,16.9084,0,0,5446,25792528571
384.327,2.60195,45.3384,0,85,66,44,2760,10501,5.13278,165,16.9084,0,0,5446,25795130879
184.187,5.42927,45.3384,0,85,66,44,2760,10501,5.13278,165,16.9084,0,0,5446,25800560745
993.708,1.00633,45.3384,0,85,66,44,2760,10501,5.13278,165,16.9084,0,0,5446,25801566942
529.25,1.88947,45.3384,0,85,66,44,2760,10501,5.13278,165,16.9084,0,0,5446,25803457045
265.464,3.76698,45.3384,0,85,66,44,2760,10501,5.13278,165,16.9084,0,0,5446,25807224422
487.782,2.0501,45.3384,0,85,66,44,2760,10501,5.13278,165,16.9084,0,0,5446,25809274808
334.598,2.98866,45.3384,0,85,66,44,2760,10501,5.13278,165,16.9084,0,0,5446,25812263841
549.961,1.81831,45.3384,0,85,66,44,2760,10501,5.13278,165,16.9084,0,0,5446,25814082460
416.399,2.40154,45.3384,0,85,66,44,2760,10501,5.13278,165,16.9084,0,0,5446,25816484330
262.944,3.80309,45.3384,0,85,66,44,2760,10501,5.13278,165,16.9084,0,0,5446,25820289621
409.044,2.44473,44.8454,0,85,66,44,2760,10501,5.12848,166,16.9079,0,0,5444,25822732781
225.252,4.43947,44.8454,0,85,66,44,2760,10501,5.12848,166,16.9079,0,0,5444,25827172632
1424.55,0.701975,44.8454,0,85,66,44,2760,10501,5.12848,166,16.9079,0,0,5444,25827874916
398.677,2.5083,44.8454,0,85,66,44,2760,10501,5.12848,166,16.9079,0,0,5444,25830383548
428.691,2.33268,44.8454,0,85,66,44,2760,10501,5.12848,166,16.9079,0,0,5444,25832716473
400.472,2.49706,44.8454,0,85,66,44,2760,10501,5.12848,166,16.9079,0,0,5444,25835213807
341.574,2.92763,44.8454,0,85,66,44,2760,10501,5.12848,166,16.9079,0,0,5444,25838141790
365.247,2.73787,44.8454,0,85,66,44,2760,10501,5.12848,166,16.9079,0,0,5444,25840879950
292.426,3.41967,44.8454,0,85,66,44,2760,10501,5.12848,166,16.9079,0,0,5444,25844300065
481.559,2.07659,44.8454,0,85,66,44,2760,10501,5.12848,166,16.9079,0,0,5444,25846377039
313.192,3.19292,44.8454,0,85,66,44,2760,10501,5.12848,166,16.9079,0,0,5444,25849570368
322.225,3.10342,44.8454,0,85,66,44,2760,10501,5.12848,166,16.9079,0,0,5444,25852673992
454.006,2.20261,44.8454,0,85,66,44,2760,10501,5.12848,166,16.9079,0,0,5444,25854877075
427.874,2.33714,44.8454,0,85,66,44,2760,10501,5.12848,166,16.9079,0,0,5444,25857214395
352.323,2.83831,44.8454,0,85,66,44,2760,10501,5.12848,166,16.9079,0,0,5444,25860053125
490.341,2.0394,44.8454,0,85,66,44,2760,10501,5.12848,166,16.9079,0,0,5444,25862093049
342.855,2.91669,44.8454,0,85,66,44,2760,10501,5.12848,166,16.9079,0,0,5444,25865009888
401.226,2.49236,44.8454,0,85,66,44,2760,10501,5.12848,166,16.9079,0,0,5444,25867502607
244.817,4.08469,44.8454,0,85,66,44,2760,10501,5.12848,166,16.9079,0,0,5444,25871587706
595.048,1.68054,44.8454,0,85,66,44,2760,10501,5.12848,166,16.9079,0,0,5444,25873268791
324.277,3.08379,44.8454,0,85,66,44,2760,10501,5.12848,166,16.9079,0,0,5444,25876353059
314.685,3.17778,44.8454,0,85,66,44,2760,10501,5.12848,166,16.9079,0,0,5444,25879530954
506.465,1.97447,44.8454,0,85,66,44,2760,10501,5.12848,166,16.9079,0,0,5444,25881505742
519.543,1.92477,44.8454,0,85,66,44,2760,10501,5.12848,166,16.9079,0,0,5444,25883430797
347.526,2.87748,44.8454,0,85,66,44,2760,10501,5.12848,166,16.9079,0,0,5444,25886308615
326.997,3.05813,44.8454,0,85,66,44,2760,10501,5.12848,166,16.9079,0,0,5444,25889367142
497.786,2.00889,44.8454,0,85,66,44,2760,10501,5.12848,166,16.9079,0,0,5444,25891376479
218.473,4.57722,44.8454,0,85,66,44,2760,10501,5.12848,166,16.9079,0,0,5444,25895954114
1093.11,0.914819,44.8454,0,85,66,44,2760,10501,5.12848,166,16.9079,0,0,5444,25896869241
335.651,2.97928,44.8454,0,85,66,44,2760,10501,5.12848,166,16.9079,0,0,5444,25899848908
383,2.61096,44.8454,0,85,66,44,2760,10501,5.12848,166,16.9079,0,0,5444,25902460275
256.27,3.90213,44.8454,0,85,66,44,2760,10501,5.12848,166,16.9079,0,0,5444,25906362964
509.382,1.96316,44.8454,0,85,66,44,2760,10501,5.12848,166,16.9079,0,0,5444,25908326396
327.229,3.05597,44.8454,0,85,66,44,2760,10501,5.12848,166,16.9079,0,0,5444,25911382768
494.254,2.02325,44.8454,0,85,66,44,2760,10501,5.12848,166,16.9079,0,0,5444,25913406346
407.698,2.45279,44.8454,0,85,66,44,2760,10501,5.12848,166,16.9079,0,0,5444,25915859534
296.498,3.3727,44.8454,0,85,66,44,2760,10501,5.12848,166,16.9079,0,0,5444,25919232581
614.869,1.62636,44.8454,0,85,66,44,2760,10501,5.12848,166,16.9079,0,0,5444,25920859280
278.254,3.59384,44.8454,0,85,66,44,2760,10501,5.12848,166,16.9079,0,0,5444,25924453468
521.524,1.91746,44.8454,0,85,66,44,2760,10501,5.12848,166,16.9079,0,0,5444,25926371273
279.173,3.58201,44.8454,0,85,66,44,2760,10501,5.12848,166,16.9079,0,0,5444,25929953721
302.131,3.30982,44.8454,0,85,66,44,2760,10501,5.12848,166,16.9079,0,0,5444,25933264073
425.027,2.35279,44.8454,0,85,66,44,2760,10501,5.12848,166,16.9079,0,0,5444,25935617258
541.708,1.84601,44.8454,0,85,66,44,2760,10501,5.12848,166,16.9079,0,0,5444,25937463416
399.262,2.50462,44.8454,0,85,66,44,2760,10501,5.12848,166,16.9079,0,0,5444,25939968404
363.145,2.75372,44.8454,0,85,66,44,2760,10501,5.12848,166,16.9079,0,0,5444,25942722536
328.944,3.04004,44.8454,0,85,66,44,2760,10501,5.12848,166,16.9079,0,0,5444,25945762879
223.312,4.47804,44.8454,0,85,66,44,2760,10501,5.12848,166,16.9079,0,0,5444,25950241356
1597.93,0.625809,44.8454,0,85,66,44,2760,10501,5.12848,166,16.9079,0,0,5444,25950867166
422.621,2.36619,44.8454,0,85,66,44,2760,10501,5.12848,166,16.9079,0,0,5444,25953233861
396.154,2.52427,44.8454,0,85,66,44,2760,10501,5.12848,166,16.9079,0,0,5444,25955758369
414.886,2.4103,44.8454,0,85,66,44,2760,10501,5.12848,166,16.9079,0,0,5444,25958169095
318.234,3.14234,44.8454,0,85,66,44,2760,10501,5.12848,166,16.9079,0,0,5444,25961311893
396.55,2.52175,44.8454,0,85,66,44,2760,10501,5.12848,166,16.9079,0,0,5444,25963833843
349.7,2.8596,44.8454,0,85,66,44,2760,10501,5.12848,166,16.9079,0,0,5444,25966693988
281.598,3.55117,44.8454,0,85,66,44,2760,10501,5.12848,166,16.9079,0,0,5444,25970245319
706.383,1.41566,44.8454,0,85,66,44,2760,10501,5.12848,166,16.9079,0,0,5444,25971661319
314.535,3.1793,44.8454,0,85,66,44,2760,10501,5.12848,166,16.9079,0,0,5444,25974840916
289.779,3.4509,44.8454,0,85,66,44,2760,10501,5.12848,166,16.9079,0,0,5444,25978292196
524.184,1.90773,44.8454,0,85,66,44,2760,10501,5.12848,166,16.9079,0,0,5444,25980200126
324.112,3.08535,44.8454,0,85,66,44,2760,10501,5.12848,166,16.9079,0,0,5444,25983285883
246.987,4.0488,44.8454,0,85,66,44,2760,10501,5.12848,166,16.9079,0,0,5444,25987335029
356.199,2.80742,44.8454,0,85,66,44,2760,10501,5.12848,166,16.9079,0,0,5444,25990142951
1863.7,0.536566,44.8454,0,85,66,44,2760,10501,5.12848,166,16.9079,0,0,5444,25990679786
377.364,2.64996,44.8454,0,85,66,44,2760,10501,5.12848,166,16.9079,0,0,5444,25993330020
389.488,2.56747,44.8454,0,85,66,44,2760,10501,5.12848,166,16.9079,0,0,5444,25995897799
388.313,2.57524,44.8454,0,85,66,44,2760,10501,5.12848,166,16.9079,0,0,5444,25998473357
305.196,3.27658,44.8454,0,85,66,44,2760,10501,5.12848,166,16.9079,0,0,5444,26001750304
423.708,2.36012,44.8454,0,85,66,44,2760,10501,5.12848,166,16.9079,0,0,5444,26004110816
373.526,2.67719,44.8454,0,85,66,44,2760,10501,5.12848,166,16.9079,0,0,5444,26006788233
409.667,2.441,44.8454,0,85,66,44,2760,10501,5.12848,166,16.9079,0,0,5444,26009229575
209.475,4.77384,44.8454,0,85,66,44,2760,10501,5.12848,166,16.9079,0,0,5444,26014003794
640.767,1.56063,44.8454,0,85,66,44,2760,10501,5.12848,166,16.9079,0,0,5444,26015564538
558.604,1.79018,44.8454,0,85,66,44,2760,10501,5.12848,166,16.9079,0,0,5444,26017355205
255.695,3.91091,44.8454,0,85,66,44,2760,10501,5.12848,166,16.9079,0,0,5444,26021266365
765.09,1.30703,44.8454,0,85,66,44,2760,10501,5.12848,166,16.9079,0,0,5444,26022573707
343.706,2.90946,44.8454,0,85,66,44,2760,10501,5.12848,166,16.9079,0,0,5444,26025483575
345.577,2.89371,44.8454,0,85,66,44,2760,10501,5.12848,166,16.9079,0,0,5444,26028377672
390.935,2.55797,44.8454,0,85,66,44,2760,10501,5.12848,166,16.9079,0,0,5444,26030936008
390.977,2.55769,44.8454,0,85,66,44,2760,10501,5.12848,166,16.9079,0,0,5444,26033494075
366.788,2.72637,44.8454,0,85,66,44,2760,10501,5.12848,166,16.9079,0,0,5444,26036220763
349.554,2.86079,44.8454,0,85,66,44,2760,10501,5.12848,166,16.9079,0,0,5444,26039082071
337.11,2.96639,44.8454,0,85,66,44,2760,10501,5.12848,166,16.9079,0,0,5444,26042048691
391.727,2.5528,44.8454,0,85,66,44,2760,10501,5.12848,166,16.9079,0,0,5444,26044601796
385.699,2.59269,44.8454,0,85,66,44,2760,10501,5.12848,166,16.9079,0,0,5444,26047194989
345.401,2.89518,44.8454,0,85,66,44,2760,10501,5.12848,166,16.9079,0,0,5444,26050090337
410.951,2.43338,44.8454,0,85,66,44,2760,10501,5.12848,166,16.9079,0,0,5444,26052524082
336.972,2.96761,44.8454,0,85,66,44,2760,10501,5.12848,166,16.9079,0,0,5444,26055492057
386.971,2.58417,44.8454,0,85,66,44,2760,10501,5.12848,166,16.9079,0,0,5444,26058076500
378.045,2.64518,44.8454,0,85,66,44,2760,10501,5.12848,166,16.9079,0,0,5444,26060722099
305.375,3.27466,44.8454,0,85,66,44,2760,10501,5.12848,166,16.9079,0,0,5444,26063997036
243.851,4.10086,44.8454,0,85,66,44,2760,10501,5.12848,166,16.9079,0,0,5444,26068098222
592.975,1.68641,44.8454,0,85,66,44,2760,10501,5.12848,166,16.9079,0,0,5444,26069784971
557.036,1.79522,44.8454,0,85,66,44,2760,10501,5.12848,166,16.9079,0,0,5444,26071580647
351.589,2.84423,44.8454,0,85,66,44,2760,10501,5.12848,166,16.9079,0,0,5444,26074425022
407.467,2.45419,44.8454,0,85,66,44,2760,10501,5.12848,166,16.9079,0,0,5444,26076879557
328.438,3.04472,44.8454,0,85,66,44,2760,10501,5.12848,166,16.9079,0,0,5444,26079924592
368.821,2.71134,44.8454,0,85,66,44,2760,10501,5.12848,166,16.9079,0,0,5444,26082636289
359.781,2.77947,44.8454,0,85,66,44,2760,10501,5.12848,166,16.9079,0,0,5444,26085416017
317.998,3.14467,44.8454,0,85,66,44,2760,10501,5.12848,166,16.9079,0,0,5444,26088561056
371.374,2.69271,44.8454,0,85,66,44,2760,10501,5.12848,166,16.9079,0,0,5444,26091254089
237.06,4.21834,44.8454,0,85,66,44,2760,10501,5.12848,166,16.9079,0,0,5444,26095472789
1056.65,0.946387,44.8454,0,85,66,44,2760,10501,5.12848,166,16.9079,0,0,5444,26096419484
482.842,2.07107,44.8454,0,85,66,44,2760,10501,5.12848,166,16.9079,0,0,5444,26098490881
323.987,3.08655,44.8454,0,85,66,44,2760,10501,5.12848,166,16.9079,0,0,5444,26101577764
459.438,2.17657,44.8454,0,85,66,44,2760,10501,5.12848,166,16.9079,0,0,5444,26103754606
335.008,2.985,44.8454,0,85,66,44,2760,10501,5.12848,166,16.9079,0,0,5444,26106739890
392.246,2.54942,44.8454,0,85,66,44,2760,10501,5.12848,166,16.9079,0,0,5444,26109289649
375.012,2.66658,44.8454,0,85,66,44,2760,10501,5.12848,166,16.9079,0,0,5444,26111956566
350.279,2.85487,44.8454,0,85,66,44,2760,10501,5.12848,166,16.9079,0,0,5444,26114811758
391.314,2.55549,44.8454,0,85,66,44,2760,10501,5.12848,166,16.9079,0,0,5444,26117367527
244.485,4.09022,44.8454,0,85,66,44,2760,10501,5.12848,166,16.9079,0,0,5444,26121458213
446.786,2.23821,44.8454,0,85,66,44,2760,10501,5.12848,166,16.9079,0,0,5444,26123696711
556.137,1.79812,44.8454,0,85,66,44,2760,10501,5.12848,166,16.9079,0,0,5444,26125495176
346.448,2.88643,44.8454,0,85,66,44,2760,10501,5.12848,166,16.9079,0,0,5444,26128382033
375.51,2.66304,44.8454,0,85,66,44,2760,10501,5.12848,166,16.9079,0,0,5444,26131045286
199.943,5.00143,44.8454,0,85,66,44,2760,10501,5.12848,166,16.9079,0,0,5444,26136047060
421.41,2.37298,44.8454,0,85,66,44,2760,10501,5.12848,166,16.9079,0,0,5444,26138420342
393.364,2.54217,44.8454,0,85,66,44,2760,10501,5.12848,166,16.9079,0,0,5444,26140962947
619.576,1.61401,44.8454,0,85,66,44,2760,10501,5.12848,166,16.9079,0,0,5444,26142577145
566.124,1.7664,44.8454,0,85,66,44,2760,10501,5.12848,166,16.9079,0,0,5444,26144343907
242.264,4.12774,44.8454,0,85,66,44,2760,10501,5.12848,166,16.9079,0,0,5444,26148472085
647.848,1.54357,44.8454,0,85,66,44,2760,10501,5.12848,166,16.9079,0,0,5444,26150015819
288.535,3.46578,44.8454,0,85,66,44,2760,10501,5.12848,166,16.9079,0,0,5444,26153481936
613.538,1.62989,44.8454,0,85,66,44,2760,10501,5.12848,166,16.9079,0,0,5444,26155112145
401.785,2.48889,44.8454,0,85,66,44,2760,10501,5.12848,166,16.9079,0,0,5444,26157601556
197.18,5.07151,44.8454,0,85,66,44,2760,10501,5.12848,166,16.9079,0,0,5444,26162673284
1253.83,0.797556,44.8454,0,85,66,44,2760,10501,5.12848,166,16.9079,0,0,5444,26163471273
395.089,2.53108,44.8454,0,85,66,44,2760,10501,5.12848,166,16.9079,0,0,5444,26166002569
346.268,2.88793,44.8454,0,85,66,44,2760,10501,5.12848,166,16.9079,0,0,5444,26168890725
372.98,2.68111,44.8454,0,85,66,44,2760,10501,5.12848,166,16.9079,0,0,5444,26171572180
265.955,3.76003,44.8454,0,85,66,44,2760,10501,5.12848,166,16.9079,0,0,5444,26175332644
443.214,2.25625,44.8454,0,85,66,44,2760,10501,5.12848,166,16.9079,0,0,5444,26177589229
514.928,1.94202,44.8454,0,85,66,44,2760,10501,5.12848,166,16.9079,0,0,5444,26179531516
200.697,4.98265,44.8454,0,85,66,44,2760,10501,5.12848,166,16.9079,0,0,5444,26184514491
1351.46,0.739939,44.8454,0,85,66,44,2760,10501,5.12848,166,16.9079,0,0,5444,26185254737
504.529,1.98205,44.8454,0,85,66,44,2760,10501,5.12848,166,16.9079,0,0,5444,26187237122
281.625,3.55082,44.8454,0,85,66,44,2760,10501,5.12848,166,16.9079,0,0,5444,26190788251
384.85,2.59841,44.8454,0,85,66,44,2760,10501,5.12848,166,16.9079,0,0,5444,26193387185
535.218,1.8684,44.8454,0,85,66,44,2760,10501,5.12848,166,16.9079,0,0,5444,26195255709
357.649,2.79604,44.8454,0,85,66,44,2760,10501,5.12848,166,16.9079,0,0,5444,26198052150
211.869,4.71989,44.8454,0,85,66,44,2760,10501,5.12848,166,16.9079,0,0,5444,26202772289
514.322,1.94431,44.8454,0,85,66,44,2760,10501,5.12848,166,16.9079,0,0,5444,26204717066
607.375,1.64643,44.8454,0,85,66,44,2760,10501,5.12848,166,16.9079,0,0,5444,26206363689
389.038,2.57044,44.8454,0,85,66,44,2760,10501,5.12848,166,16.9079,0,0,5444,26208934747
280.892,3.56008,44.8454,0,85,66,44,2760,10501,5.12848,166,16.9079,0,0,5444,26212495155
509.375,1.96319,44.8454,0,85,66,44,2760,10501,5.12848,166,16.9079,0,0,5444,26214458520
336.726,2.96977,44.8454,0,85,66,44,2760,10501,5.12848,166,16.9079,0,0,5444,26217428658
509.105,1.96423,44.8454,0,85,66,44,2760,10501,5.12848,166,16.9079,0,0,5444,26219393167
199.204,5.01998,44.8454,0,85,66,44,2760,10501,5.12848,166,16.9079,0,0,5444,26224413490
544.171,1.83766,44.8454,0,85,66,44,2760,10501,5.12848,166,16.9079,0,0,5444,26226251417
215.898,4.63182,44.8454,0,85,66,44,2760,10501,5.12848,166,16.9079,0,0,5444,26230883669
2192.86,0.456025,44.8454,0,85,66,44,2760,10501,5.12848,166,16.9079,0,0,5444,26231340185
578.063,1.72991,44.8454,0,85,66,44,2760,10501,5.12848,166,16.9079,0,0,5444,26233070301
346.223,2.88831,44.8454,0,85,66,44,2760,10501,5.12848,166,16.9079,0,0,5444,26235958965
370.931,2.69592,44.8454,0,85,66,44,2760,10501,5.12848,166,16.9079,0,0,5444,26238656720
283.342,3.5293,44.8454,0,85,66,44,2760,10501,5.12848,166,16.9079,0,0,5444,26242186012
497.332,2.01073,44.8454,0,85,66,44,2760,10501,5.12848,166,16.9079,0,0,5444,26244197224
422.047,2.36941,44.8454,0,85,66,44,2760,10501,5.12848,166,16.9079,0,0,5444,26246566909
344.446,2.90321,44.8454,0,85,66,44,2760,10501,5.12848,166,16.9079,0,0,5444,26249470344
203.372,4.91711,44.8454,0,85,66,44,2760,10501,5.12848,166,16.9079,0,0,5444,26254387971
383.656,2.6065,44.8454,0,85,66,44,2760,10501,5.12848,166,16.9079,0,0,5444,26256994674
548.285,1.82387,44.8454,0,85,66,44,2760,10501,5.12848,166,16.9079,0,0,5444,26258818909
382.609,2.61364,44.8454,0,85,66,44,2760,10501,5.12848,166,16.9079,0,0,5444,26261432853
536.551,1.86375,44.8454,0,85,66,44,2760,10501,5.12848,166,16.9079,0,0,5444,26263297002
383.949,2.60451,44.8454,0,85,66,44,2760,10501,5.12848,166,16.9079,0,0,5444,26265901811
320.322,3.12186,44.8454,0,85,66,44,2760,10501,5.12848,166,16.9079,0,0,5444,26269024147
458.074,2.18305,44.8454,0,85,66,44,2760,10501,5.12848,166,16.9079,0,0,5444,26271207519
216.306,4.62308,44.8454,0,85,66,44,2760,10501,5.12848,166,16.9079,0,0,5444,26275830915
789.497,1.26663,44.8454,0,85,66,44,2760,10501,5.12848,166,16.9079,0,0,5444,26277097659
532.016,1.87964,44.8454,0,85,66,44,2760,10501,5.12848,166,16.9079,0,0,5444,26278977598
229.629,4.35486,44.8454,0,85,66,44,2760,10501,5.12848,166,16.9079,0,0,5444,26283332898
403.953,2.47553,44.8454,0,85,66,44,2760,10501,5.12848,166,16.9079,0,0,5444,26285808828
482.296,2.07342,44.8454,0,85,66,44,2760,10501,5.12848,166,16.9079,0,0,5444,26287882581
456.946,2.18844,44.8454,0,85,66,44,2760,10501,5.12848,166,16.9079,0,0,5444,26290071202
419.202,2.38548,44.8454,0,85,66,44,2760,10501,5.12848,166,16.9079,0,0,5444,26292457023
325.485,3.07233,44.8454,0,85,66,44,2760,10501,5.12848,166,16.9079,0,0,5444,26295529646
315.477,3.1698,44.8454,0,85,66,44,2760,10501,5.12848,166,16.9079,0,0,5444,26298699724
447.099,2.23664,44.8454,0,85,66,44,2760,10501,5.12848,166,16.9079,0,0,5444,26300936876
355.394,2.81378,44.8454,0,85,66,44,2760,10501,5.12848,166,16.9079,0,0,5444,26303750942
448.093,2.23168,44.8454,0,85,66,44,2760,10501,5.12848,166,16.9079,0,0,5444,26305982940
159.169,6.28264,44.8454,0,85,66,44,2760,10501,5.12848,166,16.9079,0,0,5444,26312266133
512.801,1.95008,44.8454,0,85,66,44,2760,10501,5.12848,166,16.9079,0,0,5444,26314216506
647.058,1.54546,44.8454,0,85,66,44,2760,10501,5.12848,166,16.9079,0,0,5444,26315762145
312.131,3.20378,44.8454,0,85,66,44,2760,10501,5.12848,166,16.9079,0,0,5444,26318966388
354.533,2.82062,44.8454,0,85,66,44,2760,10501,5.12848,166,16.9079,0,0,5444,26321789319
486.898,2.05382,45.4892,0,85,66,44,2760,10501,5.12848,166,16.9038,0,0,5442,26323841350
411.385,2.43081,45.4892,0,85,66,44,2760,10501,5.12848,166,16.9038,0,0,5442,26326272451
192.414,5.19713,45.4892,0,85,66,44,2760,10501,5.12848,166,16.9038,0,0,5442,26331470011
1007.12,0.992928,45.4892,0,85,66,44,2760,10501,5.12848,166,16.9038,0,0,5442,26332463314
548.812,1.82212,45.4892,0,85,66,44,2760,10501,5.12848,166,16.9038,0,0,5442,26334285942
222.848,4.48737,45.4892,0,85,66,44,2760,10501,5.12848,166,16.9038,0,0,5442,26338774709
657.311,1.52135,45.4892,0,85,66,44,2760,10501,5.12848,166,16.9038,0,0,5442,26340296356
458.668,2.18023,45.4892,0,85,66,44,2760,10501,5.12848,166,16.9038,0,0,5442,26342476824
257.955,3.87664,45.4892,0,85,66,44,2760,10501,5.12848,166,16.9038,0,0,5442,26346353753
610.38,1.63832,45.4892,0,85,66,44,2760,10501,5.12848,166,16.9038,0,0,5442,26347992356
410.176,2.43798,45.4892,0,85,66,44,2760,10501,5.12848,166,16.9038,0,0,5442,26350430794
399.332,2.50418,45.4892,0,85,66,44,2760,10501,5.12848,166,16.9038,0,0,5442,26352935369
376.463,2.6563,45.4892,0,85,66,44,2760,10501,5.12848,166,16.9038,0,0,5442,26355591872
314.001,3.1847,45.4892,0,85,66,44,2760,10501,5.12848,166,16.9038,0,0,5442,26358777066
416.036,2.40364,45.4892,0,85,66,44,2760,10501,5.12848,166,16.9038,0,0,5442,26361181051
193.312,5.17298,45.4892,0,85,66,44,2760,10501,5.12848,166,16.9038,0,0,5442,26366354917
2224.86,0.449467,45.4892,0,85,66,44,2760,10501,5.12848,166,16.9038,0,0,5442,26366803750
383.435,2.608,45.4892,0,85,66,44,2760,10501,5.12848,166,16.9038,0,0,5442,26369412222
383.438,2.60798,45.4892,0,85,66,44,2760,10501,5.12848,166,16.9038,0,0,5442,26372020512
292.887,3.41429,45.4892,0,85,66,44,2760,10501,5.12848,166,16.9038,0,0,5442,26375435377
586.481,1.70509,45.4892,0,85,66,44,2760,10501,5.12848,166,16.9038,0,0,5442,26377140569
338.557,2.95372,45.4892,0,85,66,44,2760,10501,5.12848,166,16.9038,0,0,5442,26380094669
430.349,2.32369,45.4892,0,85,66,44,2760,10501,5.12848,166,16.9038,0,0,5442,26382418680
346.662,2.88465,45.4892,0,85,66,44,2760,10501,5.12848,166,16.9038,0,0,5442,26385303652
385.328,2.59519,45.4892,0,85,66,44,2760,10501,5.12848,166,16.9038,0,0,5442,26387899239
398.837,2.50729,45.4892,0,85,66,44,2760,10501,5.12848,166,16.9038,0,0,5442,26390406766
278.943,3.58496,45.4892,0,85,66,44,2760,10501,5.12848,166,16.9038,0,0,5442,26393992195
552.623,1.80955,45.4892,0,85,66,44,2760,10501,5.12848,166,16.9038,0,0,5442,26395801938
358.934,2.78603,45.4892,0,85,66,44,2760,10501,5.12848,166,16.9038,0,0,5442,26398588205
395.772,2.52671,45.4892,0,85,66,44,2760,10501,5.12848,166,16.9038,0,0,5442,26401116146
371.801,2.68961,45.4892,0,85,66,44,2760,10501,5.12848,166,16.9038,0,0,5442,26403805304
188.99,5.29128,45.4892,0,85,66,44,2760,10501,5.12848,166,16.9038,0,0,5442,26409096771
2399.88,0.416687,45.4892,0,85,66,44,2760,10501,5.12848,166,16.9038,0,0,5442,26409513535
302.128,3.30985,45.4892,0,85,66,44,2760,10501,5.12848,166,16.9038,0,0,5442,26412824070
601.157,1.66346,45.4892,0,85,66,44,2760,10501,5.12848,166,16.9038,0,0,5442,26414487712
263.126,3.80046,45.4892,0,85,66,44,2760,10501,5.12848,166,16.9038,0,0,5442,26418288590
485.634,2.05917,45.4892,0,85,66,44,2760,10501,5.12848,166,16.9038,0,0,5442,26420348102
430.934,2.32054,45.4892,0,85,66,44,2760,10501,5.12848,166,16.9038,0,0,5442,26422668892
401.942,2.48792,45.4892,0,85,66,44,2760,10501,5.12848,166,16.9038,0,0,5442,26425157149
260.817,3.8341,45.4892,0,85,66,44,2760,10501,5.12848,166,16.9038,0,0,5442,26428991480
566.618,1.76486,45.4892,0,85,66,44,2760,10501,5.12848,166,16.9038,0,0,5442,26430756712
335.995,2.97623,45.4892,0,85,66,44,2760,10501,5.12848,166,16.9038,0,0,5442,26433733236
405.271,2.46749,45.4892,0,85,66,44,2760,10501,5.12848,166,16.9038,0,0,5442,26436201050
450.562,2.21945,45.4892,0,85,66,44,2760,10501,5.12848,166,16.9038,0,0,5442,26438420846
317.522,3.14938,45.4892,0,85,66,44,2760,10501,5.12848,166,16.9038,0,0,5442,26441570721
202.006,4.95035,45.4892,0,85,66,44,2760,10501,5.12848,166,16.9038,0,0,5442,26446521436
577.572,1.73138,45.4892,0,85,66,44,2760,10501,5.12848,166,16.9038,0,0,5442,26448252975
562.66,1.77727,45.4892,0,85,66,44,2760,10501,5.12848,166,16.9038,0,0,5442,26450030602
424.977,2.35307,45.4892,0,85,66,44,2760,10501,5.12848,166,16.9038,0,0,5442,26452383941
341.248,2.93042,45.4892,0,85,66,44,2760,10501,5.12848,166,16.9038,0,0,5442,26455314684
396.019,2.52513,45.4892,0,85,66,44,2760,10501,5.12848,166,16.9038,0,0,5442,26457840115
387.235,2.58241,45.4892,0,85,66,44,2760,10501,5.12848,166,16.9038,0,0,5442,26460422847
376.639,2.65506,45.4892,0,85,66,44,2760,10501,5.12848,166,16.9038,0,0,5442,26463078205
375.384,2.66394,45.4892,0,85,66,44,2760,10501,5.12848,166,16.9038,0,0,5442,26465742603
362.249,2.76054,45.4892,0,85,66,44,2760,10501,5.12848,166,16.9038,0,0,5442,26468503446
417.092,2.39755,45.4892,0,85,66,44,2760,10501,5.12848,166,16.9038,0,0,5442,26470901306
313.556,3.18922,45.4892,0,85,66,44,2760,10501,5.12848,166,16.9038,0,0,5442,26474090923
233.603,4.28077,45.4892,0,85,66,44,2760,10501,5.12848,166,16.9038,0,0,5442,26478371971
833.74,1.19941,45.4892,0,85,66,44,2760,10501,5.12848,166,16.9038,0,0,5442,26479571857
438.473,2.28064,45.4892,0,85,66,44,2760,10501,5.12848,166,16.9038,0,0,5442,26481852857
345.376,2.8954,45.4892,0,85,66,44,2760,10501,5.12848,166,16.9038,0,0,5442,26484748513
366.925,2.72535,45.4892,0,85,66,44,2760,10501,5.12848,166,16.9038,0,0,5442,26487474278
381.65,2.6202,45.4892,0,85,66,44,2760,10501,5.12848,166,16.9038,0,0,5442,26490094712
352.015,2.84079,45.4892,0,85,66,44,2760,10501,5.12848,166,16.9038,0,0,5442,26492935856
344.623,2.90172,45.4892,0,85,66,44,2760,10501,5.12848,166,16.9038,0,0,5442,26495837809
229.176,4.36345,45.4892,0,85,66,44,2760,10501,5.12848,166,16.9038,0,0,5442,26500201831
580.645,1.72222,45.4892,0,85,66,44,2760,10501,5.12848,166,16.9038,0,0,5442,26501924226
418.142,2.39153,45.4892,0,85,66,44,2760,10501,5.12848,166,16.9038,0,0,5442,26504316162
515.158,1.94115,45.4892,0,85,66,44,2760,10501,5.12848,166,16.9038,0,0,5442,26506257555
364.045,2.74691,45.4892,0,85,66,44,2760,10501,5.12848,166,16.9038,0,0,5442,26509004782
362.51,2.75854,45.4892,0,85,66,44,2760,10501,5.12848,166,16.9038,0,0,5442,26511763644
284.433,3.51577,45.4892,0,85,66,44,2760,10501,5.12848,166,16.9038,0,0,5442,26515279743
296.978,3.36726,45.4892,0,85,66,44,2760,10501,5.12848,166,16.9038,0,0,5442,26518647290
628.241,1.59175,45.4892,0,85,66,44,2760,10501,5.12848,166,16.9038,0,0,5442,26520239401
463.728,2.15644,45.4892,0,85,66,44,2760,10501,5.12848,166,16.9038,0,0,5442,26522396329
435.755,2.29487,45.4892,0,85,66,44,2760,10501,5.12848,166,16.9038,0,0,5442,26524692734
345.746,2.8923,45.4892,0,85,66,44,2760,10501,5.12848,166,16.9038,0,0,5442,26527585447
299.406,3.33995,45.4892,0,85,66,44,2760,10501,5.12848,166,16.9038,0,0,5442,26530925761
557.048,1.79518,45.4892,0,85,66,44,2760,10501,5.12848,166,16.9038,0,0,5442,26532721187
300.888,3.3235,45.4892,0,85,66,44,2760,10501,5.12848,166,16.9038,0,0,5442,26536044982
554.468,1.80353,45.4892,0,85,66,44,2760,10501,5.12848,166,16.9038,0,0,5442,26537848946
316.584,3.15872,45.4892,0,85,66,44,2760,10501,5.12848,166,16.9038,0,0,5442,26541008072
368.568,2.71321,45.4892,0,85,66,44,2760,10501,5.12848,166,16.9038,0,0,5442,26543721481
383.557,2.60717,45.4892,0,85,66,44,2760,10501,5.12848,166,16.9038,0,0,5442,26546328867
454.24,2.20148,45.4892,0,85,66,44,2760,10501,5.12848,166,16.9038,0,0,5442,26548530797
389.953,2.56441,45.4892,0,85,66,44,2760,10501,5.12848,166,16.9038,0,0,5442,26551095460
222.821,4.48791,45.4892,0,85,66,44,2760,10501,5.12848,166,16.9038,0,0,5442,26555583842
1037.15,0.964177,45.4892,0,85,66,44,2760,10501,5.12848,166,16.9038,0,0,5442,26556548221
375.394,2.66387,45.4892,0,85,66,44,2760,10501,5.12848,166,16.9038,0,0,5442,26559212397
369.952,2.70305,45.4892,0,85,66,44,2760,10501,5.12848,166,16.9038,0,0,5442,26561915796
348.191,2.87199,45.4892,0,85,66,44,2760,10501,5.12848,166,16.9038,0,0,5442,26564788114
352.405,2.83764,45.4892,0,85,66,44,2760,10501,5.12848,166,16.9038,0,0,5442,26567626075
347.49,2.87778,45.4892,0,85,66,44,2760,10501,5.12848,166,16.9038,0,0,5442,26570504277
516.637,1.93559,45.4892,0,85,66,44,2760,10501,5.12848,166,16.9038,0,0,5442,26572440122
416.755,2.39949,45.4892,0,85,66,44,2760,10501,5.12848,166,16.9038,0,0,5442,26574839943
357.604,2.79639,45.4892,0,85,66,44,2760,10501,5.12848,166,16.9038,0,0,5442,26577636787
260.621,3.83699,45.4892,0,85,66,44,2760,10501,5.12848,166,16.9038,0,0,5442,26581474013
342.401,2.92055,45.4892,0,85,66,44,2760,10501,5.12848,166,16.9038,0,0,5442,26584394861
315.746,3.16711,45.4892,0,85,66,44,2760,10501,5.12848,166,16.9038,0,0,5442,26587562458
665.718,1.50214,45.4892,0,85,66,44,2760,10501,5.12848,166,16.9038,0,0,5442,26589064701
438.179,2.28217,45.4892,0,85,66,44,2760,10501,5.12848,166,16.9038,0,0,5442,26591347278
388.032,2.57711,45.4892,0,85,66,44,2760,10501,5.12848,166,16.9038,0,0,5442,26593924817
335.919,2.97691,45.4892,0,85,66,44,2760,10501,5.12848,166,16.9038,0,0,5442,26596902032
406.255,2.46151,45.4892,0,85,66,44,2760,10501,5.12848,166,16.9038,0,0,5442,26599363962
412.74,2.42283,45.4892,0,85,66,44,2760,10501,5.12848,166,16.9038,0,0,5442,26601786937
372.33,2.68579,45.4892,0,85,66,44,2760,10501,5.12848,166,16.9038,0,0,5442,26604473047
294.084,3.40039,45.4892,0,85,66,44,2760,10501,5.12848,166,16.9038,0,0,5442,26607873902
450.742,2.21857,45.4892,0,85,66,44,2760,10501,5.12848,166,16.9038,0,0,5442,26610092756
470.085,2.12727,45.4892,0,85,66,44,2760,10501,5.12848,166,16.9038,0,0,5442,26612220279
286.968,3.4847,45.4892,0,85,66,44,2760,10501,5.12848,166,16.9038,0,0,5442,26615705358
472.458,2.11659,45.4892,0,85,66,44,2760,10501,5.12848,166,16.9038,0,0,5442,26617822228
365.564,2.7355,45.4892,0,85,66,44,2760,10501,5.12848,166,16.9038,0,0,5442,26620558089
339.607,2.94458,45.4892,0,85,66,44,2760,10501,5.12848,166,16.9038,0,0,5442,26623503015
408.547,2.4477,45.4892,0,85,66,44,2760,10501,5.12848,166,16.9038,0,0,5442,26625951213
330.003,3.03028,45.4892,0,85,66,44,2760,10501,5.12848,166,16.9038,0,0,5442,26628981729
433.149,2.30867,45.4892,0,85,66,44,2760,10501,5.12848,166,16.9038,0,0,5442,26631290710
311.144,3.21394,45.4892,0,85,66,44,2760,10501,5.12848,166,16.9038,0,0,5442,26634504992
418.298,2.39064,45.4892,0,85,66,44,2760,10501,5.12848,166,16.9038,0,0,5442,26636895957
418.044,2.39209,45.4892,0,85,66,44,2760,10501,5.12848,166,16.9038,0,0,5442,26639288509
301.766,3.31382,45.4892,0,85,66,44,2760,10501,5.12848,166,16.9038,0,0,5442,26642602553
380.923,2.6252,45.4892,0,85,66,44,2760,10501,5.12848,166,16.9038,0,0,5442,26645228065
451.907,2.21284,45.4892,0,85,66,44,2760,10501,5.12848,166,16.9038,0,0,5442,26647441303
224.277,4.45878,45.4892,0,85,66,44,2760,10501,5.12848,166,16.9038,0,0,5442,26651900395
304.101,3.28838,45.4892,0,85,66,44,2760,10501,5.12848,166,16.9038,0,0,5442,26655189333
2552.75,0.391735,45.4892,0,85,66,44,2760,10501,5.12848,166,16.9038,0,0,5442,26655581250
361.616,2.76536,45.4892,0,85,66,44,2760,10501,5.12848,166,16.9038,0,0,5442,26658347016
229.339,4.36036,45.4892,0,85,66,44,2760,10501,5.12848,166,16.9038,0,0,5442,26662707923
746.635,1.33934,45.4892,0,85,66,44,2760,10501,5.12848,166,16.9038,0,0,5442,26664047468
423.509,2.36122,45.4892,0,85,66,44,2760,10501,5.12848,166,16.9038,0,0,5442,26666409077
406.147,2.46216,45.4892,0,85,66,44,2760,10501,5.12848,166,16.9038,0,0,5442,26668871573
372.542,2.68426,45.4892,0,85,66,44,2760,10501,5.12848,166,16.9038,0,0,5442,26671556096
333.616,2.99746,45.4892,0,85,66,44,2760,10501,5.12848,166,16.9038,0,0,5442,26674553765
464.594,2.15242,45.4892,0,85,66,44,2760,10501,5.12848,166,16.9038,0,0,5442,26676706683
230.6,4.33652,45.4892,0,85,66,44,2760,10501,5.12848,166,16.9038,0,0,5442,26681043531
1502.43,0.66559,45.4892,0,85,66,44,2760,10501,5.12848,166,16.9038,0,0,5442,26681709486
274.989,3.63651,45.4892,0,85,66,44,2760,10501,5.12848,166,16.9038,0,0,5442,26685346311
332.065,3.01146,45.4892,0,85,66,44,2760,10501,5.12848,166,16.9038,0,0,5442,26688357999
612.807,1.63183,45.4892,0,85,66,44,2760,10501,5.12848,166,16.9038,0,0,5442,26689990035
324.22,3.08433,45.4892,0,85,66,44,2760,10501,5.12848,166,16.9038,0,0,5442,26693074879
237.142,4.21688,45.4892,0,85,66,44,2760,10501,5.12848,166,16.9038,0,0,5442,26697292069
665.459,1.50272,45.4892,0,85,66,44,2760,10501,5.12848,166,16.9038,0,0,5442,26698795149
474.599,2.10704,45.4892,0,85,66,44,2760,10501,5.12848,166,16.9038,0,0,5442,26700902441
419.249,2.38522,45.4892,0,85,66,44,2760,10501,5.12848,166,16.9038,0,0,5442,26703287964
335.264,2.98272,45.4892,0,85,66,44,2760,10501,5.12848,166,16.9038,0,0,5442,26706271093
399.024,2.50611,45.4892,0,85,66,44,2760,10501,5.12848,166,16.9038,0,0,5442,26708777427
348.248,2.87152,45.4892,0,85,66,44,2760,10501,5.12848,166,16.9038,0,0,5442,26711649236
265.678,3.76395,45.4892,0,85,66,44,2760,10501,5.12848,166,16.9038,0,0,5442,26715413786
589.616,1.69602,45.4892,0,85,66,44,2760,10501,5.12848,166,16.9038,0,0,5442,26717109968
385.004,2.59738,45.4892,0,85,66,44,2760,10501,5.12848,166,16.9038,0,0,5442,26719707642
378.411,2.64263,45.4892,0,85,66,44,2760,10501,5.12848,166,16.9038,0,0,5442,26722350616
355.541,2.81261,45.4892,0,85,66,44,2760,10501,5.12848,166,16.9038,0,0,5442,26725163730
423.19,2.363,45.4892,0,85,66,44,2760,10501,5.12848,166,16.9038,0,0,5442,26727526915
371.476,2.69197,45.4892,0,85,66,44,2760,10501,5.12848,166,16.9038,0,0,5442,26730219188
327.439,3.05401,45.4892,0,85,66,44,2760,10501,5.12848,166,16.9038,0,0,5442,26733273647
449.243,2.22597,45.4892,0,85,66,44,2760,10501,5.12848,166,16.9038,0,0,5442,26735499924
354.977,2.81709,45.4892,0,85,66,44,2760,10501,5.12848,166,16.9038,0,0,5442,26738317279
187.105,5.34458,45.4892,0,85,66,44,2760,10501,5.12848,166,16.9038,0,0,5442,26743662324
523.458,1.91037,45.4892,0,85,66,44,2760,10501,5.12848,166,16.9038,0,0,5442,26745572937
368.791,2.71156,45.4892,0,85,66,44,2760,10501,5.12848,166,16.9038,0,0,5442,26748284759
515.516,1.93981,45.4892,0,85,66,44,2760,10501,5.12848,166,16.9038,0,0,5442,26750225065
338.592,2.95341,45.4892,0,85,66,44,2760,10501,5.12848,166,16.9038,0,0,5442,26753178683
383.553,2.6072,45.4892,0,85,66,44,2760,10501,5.12848,166,16.9038,0,0,5442,26755786310
385.576,2.59352,45.4892,0,85,66,44,2760,10501,5.12848,166,16.9038,0,0,5442,26758380080
365.694,2.73452,45.4892,0,85,66,44,2760,10501,5.12848,166,16.9038,0,0,5442,26761114960
233.175,4.28862,45.4892,0,85,66,44,2760,10501,5.12848,166,16.9038,0,0,5442,26765404018
525.078,1.90448,45.4892,0,85,66,44,2760,10501,5.12848,166,16.9038,0,0,5442,26767308698
217.955,4.5881,45.4892,0,85,66,44,2760,10501,5.12848,166,16.9038,0,0,5442,26771897151
1724.85,0.57976,45.4892,0,85,66,44,2760,10501,5.12848,166,16.9038,0,0,5442,26772477199
350.247,2.85512,45.4892,0,85,66,44,2760,10501,5.12848,166,16.9038,0,0,5442,26775332651
531.069,1.883,45.4892,0,85,66,44,2760,10501,5.12848,166,16.9038,0,0,5442,26777215945
316.557,3.15899,45.4892,0,85,66,44,2760,10501,5.12848,166,16.9038,0,0,5442,26780375331
435.728,2.29501,45.4892,0,85,66,44,2760,10501,5.12848,166,16.9038,0,0,5442,26782670494
426.077,2.34699,45.4892,0,85,66,44,2760,10501,5.12848,166,16.9038,0,0,5442,26785017824
346.93,2.88242,45.4892,0,85,66,44,2760,10501,5.12848,166,16.9038,0,0,5442,26787900632
312.406,3.20096,45.4892,0,85,66,44,2760,10501,5.12848,166,16.9038,0,0,5442,26791101942
553.246,1.80751,45.4892,0,85,66,44,2760,10501,5.12848,166,16.9038,0,0,5442,26792909695
171.409,5.834,45.4892,0,85,66,44,2760,10501,5.12848,166,16.9038,0,0,5442,26798744151
380.278,2.62966,45.4892,0,85,66,44,2760,10501,5.12848,166,16.9038,0,0,5442,26801374250
1880.48,0.531778,45.4892,0,85,66,44,2760,10501,5.12848,166,16.9038,0,0,5442,26801906162
506.976,1.97248,45.4892,0,85,66,44,2760,10501,5.12848,166,16.9038,0,0,5442,26803879055
213.827,4.67669,45.4892,0,85,66,44,2760,10501,5.12848,166,16.9038,0,0,5442,26808556261
1347.87,0.74191,45.4892,0,85,66,44,2760,10501,5.12848,166,16.9038,0,0,5442,26809298286
229.3,4.3611,45.4892,0,85,66,44,2760,10501,5.12848,166,16.9038,0,0,5442,26813659654
1182.6,0.845596,45.4892,0,85,66,44,2760,10501,5.12848,166,16.9038,0,0,5442,26814505538
403.64,2.47746,45.4892,0,85,66,44,2760,10501,5.12848,166,16.9038,0,0,5442,26816983439
338.876,2.95094,45.4892,0,85,66,44,2760,10501,5.12848,166,16.9038,0,0,5442,26819934731
177.24,5.64207,45.4892,0,85,66,44,2760,10501,5.12848,166,16.9038,0,0,5442,26825579142
366.553,2.72812,44.5019,0,85,66,44,2760,10501,5.12848,166,16.9033,0,0,5442,26828305696
1372.37,0.728669,44.5019,0,85,66,44,2760,10501,5.12848,166,16.9033,0,0,5442,26829034480
337.234,2.9653,44.5019,0,85,66,44,2760,10501,5.12848,166,16.9033,0,0,5442,26832000195
357.963,2.79358,44.5019,0,85,66,44,2760,10501,5.12848,166,16.9033,0,0,5442,26834794087
435.845,2.29439,44.5019,0,85,66,44,2760,10501,5.12848,166,16.9033,0,0,5442,26837088828
335.457,2.981,44.5019,0,85,66,44,2760,10501,5.12848,166,16.9033,0,0,5442,26840070131
421.585,2.372,44.5019,0,85,66,44,2760,10501,5.12848,166,16.9033,0,0,5442,26842442461
364.739,2.74169,44.5019,0,85,66,44,2760,10501,5.12848,166,16.9033,0,0,5442,26845184611
368.973,2.71023,44.5019,0,85,66,44,2760,10501,5.12848,166,16.9033,0,0,5442,26847895067
229.39,4.3594,44.5019,0,85,66,44,2760,10501,5.12848,166,16.9033,0,0,5442,26852254762
282.634,3.53815,44.5019,0,85,66,44,2760,10501,5.12848,166,16.9033,0,0,5442,26855793949
1052.59,0.950042,44.5019,0,85,66,44,2760,10501,5.12848,166,16.9033,0,0,5442,26856743308
217.735,4.59274,44.5019,0,85,66,44,2760,10501,5.12848,166,16.9033,0,0,5442,26861336684
590.523,1.69341,44.5019,0,85,66,44,2760,10501,5.12848,166,16.9033,0,0,5442,26863030289
529.948,1.88698,44.5019,0,85,66,44,2760,10501,5.12848,166,16.9033,0,0,5442,26864917718
422,2.36967,44.5019,0,85,66,44,2760,10501,5.12848,166,16.9033,0,0,5442,26867287625
353.793,2.82651,44.5019,0,85,66,44,2760,10501,5.12848,166,16.9033,0,0,5442,26870114383
378.067,2.64503,44.5019,0,85,66,44,2760,10501,5.12848,166,16.9033,0,0,5442,26872759819
357.809,2.79479,44.5019,0,85,66,44,2760,10501,5.12848,166,16.9033,0,0,5442,26875554865
377.83,2.64669,44.5019,0,85,66,44,2760,10501,5.12848,166,16.9033,0,0,5442,26878201983
369.449,2.70674,44.5019,0,85,66,44,2760,10501,5.12848,166,16.9033,0,0,5442,26880908988
342.578,2.91904,44.5019,0,85,66,44,2760,10501,5.12848,166,16.9033,0,0,5442,26883828451
491.395,2.03502,44.5019,0,85,66,44,2760,10501,5.12848,166,16.9033,0,0,5442,26885863914
359.716,2.77997,44.5019,0,85,66,44,2760,10501,5.12848,166,16.9033,0,0,5442,26888644171
352.712,2.83517,44.5019,0,85,66,44,2760,10501,5.12848,166,16.9033,0,0,5442,26891479834
341.419,2.92895,44.5019,0,85,66,44,2760,10501,5.12848,166,16.9033,0,0,5442,26894409068
428.676,2.33276,44.5019,0,85,66,44,2760,10501,5.12848,166,16.9033,0,0,5442,26896742088
387.386,2.5814,44.5019,0,85,66,44,2760,10501,5.12848,166,16.9033,0,0,5442,26899323781
335.554,2.98015,44.5019,0,85,66,44,2760,10501,5.12848,166,16.9033,0,0,5442,26902304305
193.948,5.15603,44.5019,0,85,66,44,2760,10501,5.12848,166,16.9033,0,0,5442,26907460652
626.119,1.59714,44.5019,0,85,66,44,2760,10501,5.12848,166,16.9033,0,0,5442,26909058090
465.586,2.14783,44.5019,0,85,66,44,2760,10501,5.12848,166,16.9033,0,0,5442,26911206384
391.21,2.55617,44.5019,0,85,66,44,2760,10501,5.12848,166,16.9033,0,0,5442,26913763056
313.921,3.18551,44.5019,0,85,66,44,2760,10501,5.12848,166,16.9033,0,0,5442,26916948808
356.117,2.80807,44.5019,0,85,66,44,2760,10501,5.12848,166,16.9033,0,0,5442,26919757143
466.045,2.14572,44.5019,0,85,66,44,2760,10501,5.12848,166,16.9033,0,0,5442,26921903350
362.867,2.75583,44.5019,0,85,66,44,2760,10501,5.12848,166,16.9033,0,0,5442,26924659423
370.585,2.69844,44.5019,0,85,66,44,2760,10501,5.12848,166,16.9033,0,0,5442,26927358216
429.346,2.32913,44.5019,0,85,66,44,2760,10501,5.12848,166,16.9033,0,0,5442,26929687718
253.027,3.95214,44.5019,0,85,66,44,2760,10501,5.12848,166,16.9033,0,0,5442,26933640409
529.816,1.88745,44.5019,0,85,66,44,2760,10501,5.12848,166,16.9033,0,0,5442,26935527934
415.227,2.40832,44.5019,0,85,66,44,2760,10501,5.12848,166,16.9033,0,0,5442,26937936582
402.236,2.4861,44.5019,0,85,66,44,2760,10501,5.12848,166,16.9033,0,0,5442,26940423003
380.998,2.62468,44.5019,0,85,66,44,2760,10501,5.12848,166,16.9033,0,0,5442,26943048159
297.153,3.36527,44.5019,0,85,66,44,2760,10501,5.12848,166,16.9033,0,0,5442,26946413599
486.126,2.05708,44.5019,0,85,66,44,2760,10501,5.12848,166,16.9033,0,0,5442,26948471053
374.278,2.67181,44.5019,0,85,66,44,2760,10501,5.12848,166,16.9033,0,0,5442,26951143181
243.882,4.10034,44.5019,0,85,66,44,2760,10501,5.12848,166,16.9033,0,0,5442,26955244012
703.754,1.42095,44.5019,0,85,66,44,2760,10501,5.12848,166,16.9033,0,0,5442,26956665098
206.812,4.83532,44.5019,0,85,66,44,2760,10501,5.12848,166,16.9033,0,0,5442,26961500867
429.175,2.33005,44.5019,0,85,66,44,2760,10501,5.12848,166,16.9033,0,0,5442,26963927766
933.835,1.07085,44.5019,0,85,66,44,2760,10501,5.12848,166,16.9033,0,0,5442,26964998850
446.224,2.24103,44.5019,0,85,66,44,2760,10501,5.12848,166,16.9033,0,0,5442,26967240185
387.908,2.57793,44.5019,0,85,66,44,2760,10501,5.12848,166,16.9033,0,0,5442,26969818407
375.986,2.65968,44.5019,0,85,66,44,2760,10501,5.12848,166,16.9033,0,0,5442,26972478420
322.942,3.09653,44.5019,0,85,66,44,2760,10501,5.12848,166,16.9033,0,0,5442,26975575293
242.324,4.12671,44.5019,0,85,66,44,2760,10501,5.12848,166,16.9033,0,0,5442,26979702355
1527.07,0.654849,44.5019,0,85,66,44,2760,10501,5.12848,166,16.9033,0,0,5442,26980357454
198.63,5.03449,44.5019,0,85,66,44,2760,10501,5.12848,166,16.9033,0,0,5442,26985392239
683.625,1.46279,44.5019,0,85,66,44,2760,10501,5.12848,166,16.9033,0,0,5442,26986855019
480.591,2.08077,44.5019,0,85,66,44,2760,10501,5.12848,166,16.9033,0,0,5442,26988936368
464.565,2.15255,44.5019,0,85,66,44,2760,10501,5.12848,166,16.9033,0,0,5442,26991089200
343.709,2.90944,44.5019,0,85,66,44,2760,10501,5.12848,166,16.9033,0,0,5442,26993999145
405.077,2.46867,44.5019,0,85,66,44,2760,10501,5.12848,166,16.9033,0,0,5442,26996468045
431.696,2.31644,44.5019,0,85,66,44,2760,10501,5.12848,166,16.9033,0,0,5442,26998784941
335.018,2.98492,44.5019,0,85,66,44,2760,10501,5.12848,166,16.9033,0,0,5442,27001770041
378.311,2.64333,44.5019,0,85,66,44,2760,10501,5.12848,166,16.9033,0,0,5442,27004413640
190.519,5.24881,44.5019,0,85,66,44,2760,10501,5.12848,166,16.9033,0,0,5442,27009662923
2356.92,0.424283,44.5019,0,85,66,44,2760,10501,5.12848,166,16.9033,0,0,5442,27010087370
282.503,3.53978,44.5019,0,85,66,44,2760,10501,5.12848,166,16.9033,0,0,5442,27013627575
581.639,1.71928,44.5019,0,85,66,44,2760,10501,5.12848,166,16.9033,0,0,5442,27015347220
409.005,2.44496,44.5019,0,85,66,44,2760,10501,5.12848,166,16.9033,0,0,5442,27017792418
367.693,2.71966,44.5019,0,85,66,44,2760,10501,5.12848,166,16.9033,0,0,5442,27020512413
365.455,2.73631,44.5019,0,85,66,44,2760,10501,5.12848,166,16.9033,0,0,5442,27023249044
316.479,3.15977,44.5019,0,85,66,44,2760,10501,5.12848,166,16.9033,0,0,5442,27026409275
433.754,2.30545,44.5019,0,85,66,44,2760,10501,5.12848,166,16.9033,0,0,5442,27028715036
324.013,3.0863,44.5019,0,85,66,44,2760,10501,5.12848,166,16.9033,0,0,5442,27031801505
589.005,1.69778,44.5019,0,85,66,44,2760,10501,5.12848,166,16.9033,0,0,5442,27033499687
324.305,3.08352,44.5019,0,85,66,44,2760,10501,5.12848,166,16.9033,0,0,5442,27036583532
248.775,4.0197,44.5019,0,85,66,44,2760,10501,5.12848,166,16.9033,0,0,5442,27040603571
640.76,1.56065,44.5019,0,85,66,44,2760,10501,5.12848,166,16.9033,0,0,5442,27042164489
445.931,2.2425,44.5019,0,85,66,44,2760,10501,5.12848,166,16.9033,0,0,5442,27044407468
329.396,3.03586,44.5019,0,85,66,44,2760,10501,5.12848,166,16.9033,0,0,5442,27047443590
391.699,2.55298,44.5019,0,85,66,44,2760,10501,5.12848,166,16.9033,0,0,5442,27049996907
208.835,4.78848,44.5019,0,85,66,44,2760,10501,5.12848,166,16.9033,0,0,5442,27054785953
1484.33,0.673706,44.5019,0,85,66,44,2760,10501,5.12848,166,16.9033,0,0,5442,27055459822
347.869,2.87464,44.5019,0,85,66,44,2760,10501,5.12848,166,16.9033,0,0,5442,27058334813
415.139,2.40883,44.5019,0,85,66,44,2760,10501,5.12848,166,16.9033,0,0,5442,27060743961
352.15,2.8397,44.5019,0,85,66,44,2760,10501,5.12848,166,16.9033,0,0,5442,27063583980
187.265,5.34003,44.5019,0,85,66,44,2760,10501,5.12848,166,16.9033,0,0,5442,27068924535
697.631,1.43342,44.5019,0,85,66,44,2760,10501,5.12848,166,16.9033,0,0,5442,27070358189
427.696,2.33811,44.5019,0,85,66,44,2760,10501,5.12848,166,16.9033,0,0,5442,27072696806
343.712,2.90942,44.5019,0,85,66,44,2760,10501,5.12848,166,16.9033,0,0,5442,27075606693
373.34,2.67852,44.5019,0,85,66,44,2760,10501,5.12848,166,16.9033,0,0,5442,27078285437
367.752,2.71923,44.5019,0,85,66,44,2760,10501,5.12848,166,16.9033,0,0,5442,27081005029
330.721,3.0237,44.5019,0,85,66,44,2760,10501,5.12848,166,16.9033,0,0,5442,27084029082
449.12,2.22657,44.5019,0,85,66,44,2760,10501,5.12848,166,16.9033,0,0,5442,27086255869
392.512,2.54769,44.5019,0,85,66,44,2760,10501,5.12848,166,16.9033,0,0,5442,27088803926
367.9,2.71813,44.5019,0,85,66,44,2760,10501,5.12848,166,16.9033,0,0,5442,27091522393
263.158,3.79999,44.5019,0,85,66,44,2760,10501,5.12848,166,16.9033,0,0,5442,27095322713
510.708,1.95807,44.5019,0,85,66,44,2760,10501,5.12848,166,16.9033,0,0,5442,27097281087
384.449,2.60113,44.5019,0,85,66,44,2760,10501,5.12848,166,16.9033,0,0,5442,27099882501
222.495,4.49448,44.5019,0,85,66,44,2760,10501,5.12848,166,16.9033,0,0,5442,27104377470
1133.11,0.88253,44.5019,0,85,66,44,2760,10501,5.12848,166,16.9033,0,0,5442,27105260163
444.19,2.25129,44.5019,0,85,66,44,2760,10501,5.12848,166,16.9033,0,0,5442,27107511826
404.832,2.47016,44.5019,0,85,66,44,2760,10501,5.12848,166,16.9033,0,0,5442,27109982486
275.817,3.62559,44.5019,0,85,66,44,2760,10501,5.12848,166,16.9033,0,0,5442,27113608272
451.525,2.21472,44.5019,0,85,66,44,2760,10501,5.12848,166,16.9033,0,0,5442,27115823240
371.528,2.69159,44.5019,0,85,66,44,2760,10501,5.12848,166,16.9033,0,0,5442,27118515187
261.852,3.81895,44.5019,0,85,66,44,2760,10501,5.12848,166,16.9033,0,0,5442,27122337825
516.565,1.93586,44.5019,0,85,66,44,2760,10501,5.12848,166,16.9033,0,0,5442,27124273871
473.002,2.11416,44.5019,0,85,66,44,2760,10501,5.12848,166,16.9033,0,0,5442,27126388269
355.035,2.81662,44.5019,0,85,66,44,2760,10501,5.12848,166,16.9033,0,0,5442,27129205201
202.077,4.94861,44.5019,0,85,66,44,2760,10501,5.12848,166,16.9033,0,0,5442,27134154166
286.523,3.49012,44.5019,0,85,66,44,2760,10501,5.12848,166,16.9033,0,0,5442,27137644620
408.342,2.44893,44.5019,0,85,66,44,2760,10501,5.12848,166,16.9033,0,0,5442,27140093856
1672.08,0.598058,44.5019,0,85,66,44,2760,10501,5.12848,166,16.9033,0,0,5442,27140692242
451.809,2.21332,44.5019,0,85,66,44,2760,10501,5.12848,166,16.9033,0,0,5442,27142905913
401.947,2.48789,44.5019,0,85,66,44,2760,10501,5.12848,166,16.9033,0,0,5442,27145394121
163.047,6.13319,44.5019,0,85,66,44,2760,10501,5.12848,166,16.9033,0,0,5442,27151527809
1296.08,0.771555,44.5019,0,85,66,44,2760,10501,5.12848,166,16.9033,0,0,5442,27152299595
613.976,1.62873,44.5019,0,85,66,44,2760,10501,5.12848,166,16.9033,0,0,5442,27153928794
367.629,2.72013,44.5019,0,85,66,44,2760,10501,5.12848,166,16.9033,0,0,5442,27156649155
326.471,3.06306,44.5019,0,85,66,44,2760,10501,5.12848,166,16.9033,0,0,5442,27159712710
489.564,2.04264,44.5019,0,85,66,44,2760,10501,5.12848,166,16.9033,0,0,5442,27161755538
255.53,3.91344,44.5019,0,85,66,44,2760,10501,5.12848,166,16.9033,0,0,5442,27165669285
580.464,1.72276,44.5019,0,85,66,44,2760,10501,5.12848,166,16.9033,0,0,5442,27167392372
349.487,2.86134,44.5019,0,85,66,44,2760,10501,5.12848,166,16.9033,0,0,5442,27170254152
390.424,2.56132,44.5019,0,85,66,44,2760,10501,5.12848,166,16.9033,0,0,5442,27172815796
314.097,3.18373,44.5019,0,85,66,44,2760,10501,5.12848,166,16.9033,0,0,5442,27175999807
432.805,2.31051,44.5019,0,85,66,44,2760,10501,5.12848,166,16.9033,0,0,5442,27178310625
383.026,2.61079,44.5019,0,85,66,44,2760,10501,5.12848,166,16.9033,0,0,5442,27180921713
381.767,2.6194,44.5019,0,85,66,44,2760,10501,5.12848,166,16.9033,0,0,5442,27183541494
205.704,4.86136,44.5019,0,85,66,44,2760,10501,5.12848,166,16.9033,0,0,5442,27188403186
1313.12,0.761545,44.5019,0,85,66,44,2760,10501,5.12848,166,16.9033,0,0,5442,27189165193
304.693,3.282,44.5019,0,85,66,44,2760,10501,5.12848,166,16.9033,0,0,5442,27192447447
358.985,2.78563,44.5019,0,85,66,44,2760,10501,5.12848,166,16.9033,0,0,5442,27195233388
473.978,2.1098,44.5019,0,85,66,44,2760,10501,5.12848,166,16.9033,0,0,5442,27197343564
471.714,2.11993,44.5019,0,85,66,44,2760,10501,5.12848,166,16.9033,0,0,5442,27199463790
202.975,4.92671,44.5019,0,85,66,44,2760,10501,5.12848,166,16.9033,0,0,5442,27204390985
1029.94,0.970927,44.5019,0,85,66,44,2760,10501,5.12848,166,16.9033,0,0,5442,27205362094
330.035,3.02999,44.5019,0,85,66,44,2760,10501,5.12848,166,16.9033,0,0,5442,27208392417
470.441,2.12567,44.5019,0,85,66,44,2760,10501,5.12848,166,16.9033,0,0,5442,27210518383
354.871,2.81792,44.5019,0,85,66,44,2760,10501,5.12848,166,16.9033,0,0,5442,27213336584
320.393,3.12116,44.5019,0,85,66,44,2760,10501,5.12848,166,16.9033,0,0,5442,27216458266
523.245,1.91115,44.5019,0,85,66,44,2760,10501,5.12848,166,16.9033,0,0,5442,27218369629
357.834,2.79459,44.5019,0,85,66,44,2760,10501,5.12848,166,16.9033,0,0,5442,27221164579
371.716,2.69022,44.5019,0,85,66,44,2760,10501,5.12848,166,16.9033,0,0,5442,27223855217
325.079,3.07617,44.5019,0,85,66,44,2760,10501,5.12848,166,16.9033,0,0,5442,27226931619
296.025,3.37809,44.5019,0,85,66,44,2760,10501,5.12848,166,16.9033,0,0,5442,27230310252
747.987,1.33692,44.5019,0,85,66,44,2760,10501,5.12848,166,16.9033,0,0,5442,27231647278
340.083,2.94045,44.5019,0,85,66,44,2760,10501,5.12848,166,16.9033,0,0,5442,27234588098
435.659,2.29538,44.5019,0,85,66,44,2760,10501,5.12848,166,16.9033,0,0,5442,27236883762
346,2.89017,44.5019,0,85,66,44,2760,10501,5.12848,166,16.9033,0,0,5442,27239774321
368.921,2.71061,44.5019,0,85,66,44,2760,10501,5.12848,166,16.9033,0,0,5442,27242485191
223.536,4.47355,44.5019,0,85,66,44,2760,10501,5.12848,166,16.9033,0,0,5442,27246959083
779.736,1.28249,44.5019,0,85,66,44,2760,10501,5.12848,166,16.9033,0,0,5442,27248242049
238.049,4.20082,44.5019,0,85,66,44,2760,10501,5.12848,166,16.9033,0,0,5442,27252443046
1118.58,0.893991,44.5019,0,85,66,44,2760,10501,5.12848,166,16.9033,0,0,5442,27253337355
172.906,5.78348,44.5019,0,85,66,44,2760,10501,5.12848,166,16.9033,0,0,5442,27259121262
560.326,1.78468,44.5019,0,85,66,44,2760,10501,5.12848,166,16.9033,0,0,5442,27260906158
663.556,1.50703,44.5019,0,85,66,44,2760,10501,5.12848,166,16.9033,0,0,5442,27262413526
348.371,2.8705,44.5019,0,85,66,44,2760,10501,5.12848,166,16.9033,0,0,5442,27265284575
517.65,1.93181,44.5019,0,85,66,44,2760,10501,5.12848,166,16.9033,0,0,5442,27267216602
322.462,3.10114,44.5019,0,85,66,44,2760,10501,5.12848,166,16.9033,0,0,5442,27270318043
331.134,3.01993,44.5019,0,85,66,44,2760,10501,5.12848,166,16.9033,0,0,5442,27273338346
438.271,2.28169,44.5019,0,85,66,44,2760,10501,5.12848,166,16.9033,0,0,5442,27275620308
388.804,2.57199,44.5019,0,85,66,44,2760,10501,5.12848,166,16.9033,0,0,5442,27278192558
380.73,2.62653,44.5019,0,85,66,44,2760,10501,5.12848,166,16.9033,0,0,5442,27280819454
189.215,5.28501,44.5019,0,85,66,44,2760,10501,5.12848,166,16.9033,0,0,5442,27286104796
746.211,1.3401,44.5019,0,85,66,44,2760,10501,5.12848,166,16.9033,0,0,5442,27287445437
560.271,1.78485,44.5019,0,85,66,44,2760,10501,5.12848,166,16.9033,0,0,5442,27289230411
309.701,3.22893,44.5019,0,85,66,44,2760,10501,5.12848,166,16.9033,0,0,5442,27292459635
429.501,2.32828,44.5019,0,85,66,44,2760,10501,5.12848,166,16.9033,0,0,5442,27294788175
375.672,2.6619,44.5019,0,85,66,44,2760,10501,5.12848,166,16.9033,0,0,5442,27297450467
360.459,2.77424,44.5019,0,85,66,44,2760,10501,5.12848,166,16.9033,0,0,5442,27300225099
321.614,3.10932,44.5019,0,85,66,44,2760,10501,5.12848,166,16.9033,0,0,5442,27303334646
480.347,2.08183,44.5019,0,85,66,44,2760,10501,5.12848,166,16.9033,0,0,5442,27305416822
477.879,2.09258,44.5019,0,85,66,44,2760,10501,5.12848,166,16.9033,0,0,5442,27307509729
191.412,5.22434,44.5019,0,85,66,44,2760,10501,5.12848,166,16.9033,0,0,5442,27312734636
724.351,1.38055,44.5019,0,85,66,44,2760,10501,5.12848,166,16.9033,0,0,5442,27314115374
532.117,1.87928,44.5019,0,85,66,44,2760,10501,5.12848,166,16.9033,0,0,5442,27315995111
370.36,2.70007,44.5019,0,85,66,44,2760,10501,5.12848,166,16.9033,0,0,5442,27318695692
268.497,3.72443,44.5019,0,85,66,44,2760,10501,5.12848,166,16.9033,0,0,5442,27322420443
388.229,2.5758,44.5019,0,85,66,44,2760,10501,5.12848,166,16.9033,0,0,5442,27324999655
554.308,1.80405,44.5019,0,85,66,44,2760,10501,5.12848,166,16.9033,0,0,5442,27326805975
384.738,2.59917,44.757,0,85,66,44,2760,10501,5.12848,166,16.8742,0,0,5432,27329403495
352.047,2.84053,44.757,0,85,66,44,2760,10501,5.12848,166,16.8742,0,0,5432,27332244476
390.716,2.5594,44.757,0,85,66,44,2760,10501,5.12848,166,16.8742,0,0,5432,27334804091
186.438,5.3637,44.757,0,85,66,44,2760,10501,5.12848,166,16.8742,0,0,5432,27340168214
526.914,1.89784,44.757,0,85,66,44,2760,10501,5.12848,166,16.8742,0,0,5432,27342066451
564.621,1.7711,44.757,0,85,66,44,2760,10501,5.12848,166,16.8742,0,0,5432,27343838068
401.173,2.49269,44.757,0,85,66,44,2760,10501,5.12848,166,16.8742,0,0,5432,27346331008
348.774,2.86718,44.757,0,85,66,44,2760,10501,5.12848,166,16.8742,0,0,5432,27349198595
395.88,2.52602,44.757,0,85,66,44,2760,10501,5.12848,166,16.8742,0,0,5432,27351724959
304.272,3.28653,44.757,0,85,66,44,2760,10501,5.12848,166,16.8742,0,0,5432,27355012012
457.107,2.18767,44.757,0,85,66,44,2760,10501,5.12848,166,16.8742,0,0,5432,27357199961
350.524,2.85287,44.757,0,85,66,44,2760,10501,5.12848,166,16.8742,0,0,5432,27360053134
391.813,2.55224,44.757,0,85,66,44,2760,10501,5.12848,166,16.8742,0,0,5432,27362605874
333.025,3.00277,44.757,0,85,66,44,2760,10501,5.12848,166,16.8742,0,0,5432,27365608937
307.719,3.24972,44.757,0,85,66,44,2760,10501,5.12848,166,16.8742,0,0,5432,27368858767
731.453,1.36714,44.757,0,85,66,44,2760,10501,5.12848,166,16.8742,0,0,5432,27370226333
328.286,3.04612,44.757,0,85,66,44,2760,10501,5.12848,166,16.8742,0,0,5432,27373273041
405.127,2.46836,44.757,0,85,66,44,2760,10501,5.12848,166,16.8742,0,0,5432,27375741538
275.207,3.63362,44.757,0,85,66,44,2760,10501,5.12848,166,16.8742,0,0,5432,27379375535
499.45,2.0022,44.757,0,85,66,44,2760,10501,5.12848,166,16.8742,0,0,5432,27381378064
226.298,4.41895,44.757,0,85,66,44,2760,10501,5.12848,166,16.8742,0,0,5432,27385797578
1152.38,0.867769,44.757,0,85,66,44,2760,10501,5.12848,166,16.8742,0,0,5432,27386665569
377.915,2.6461,44.757,0,85,66,44,2760,10501,5.12848,166,16.8742,0,0,5432,27389311860
203.399,4.91644,44.757,0,85,66,44,2760,10501,5.12848,166,16.8742,0,0,5432,27394228901
701.631,1.42525,44.757,0,85,66,44,2760,10501,5.12848,166,16.8742,0,0,5432,27395654305
536.631,1.86348,44.757,0,85,66,44,2760,10501,5.12848,166,16.8742,0,0,5432,27397518146
491.045,2.03647,44.757,0,85,66,44,2760,10501,5.12848,166,16.8742,0,0,5432,27399555023
316.328,3.16128,44.757,0,85,66,44,2760,10501,5.12848,166,16.8742,0,0,5432,27402716610
358.39,2.79026,44.757,0,85,66,44,2760,10501,5.12848,166,16.8742,0,0,5432,27405507175
464.951,2.15076,44.757,0,85,66,44,2760,10501,5.12848,166,16.8742,0,0,5432,27407658257
329.727,3.03281,44.757,0,85,66,44,2760,10501,5.12848,166,16.8742,0,0,5432,27410691350
281.836,3.54816,44.757,0,85,66,44,2760,10501,5.12848,166,16.8742,0,0,5432,27414239998
544.615,1.83616,44.757,0,85,66,44,2760,10501,5.12848,166,16.8742,0,0,5432,27416076378
364.981,2.73987,44.757,0,85,66,44,2760,10501,5.12848,166,16.8742,0,0,5432,27418816547
355.954,2.80935,44.757,0,85,66,44,2760,10501,5.12848,166,16.8742,0,0,5432,27421626219
410.875,2.43383,44.757,0,85,66,44,2760,10501,5.12848,166,16.8742,0,0,5432,27424060387
395.72,2.52704,44.757,0,85,66,44,2760,10501,5.12848,166,16.8742,0,0,5432,27426587953
326.415,3.06358,44.757,0,85,66,44,2760,10501,5.12848,166,16.8742,0,0,5432,27429651691
363.583,2.7504,44.757,0,85,66,44,2760,10501,5.12848,166,16.8742,0,0,5432,27432402360
532.033,1.87958,44.757,0,85,66,44,2760,10501,5.12848,166,16.8742,0,0,5432,27434282482
340.134,2.94002,44.757,0,85,66,44,2760,10501,5.12848,166,16.8742,0,0,5432,27437222706
416.046,2.40358,44.757,0,85,66,44,2760,10501,5.12848,166,16.8742,0,0,5432,27439626719
411.003,2.43307,44.757,0,85,66,44,2760,10501,5.12848,166,16.8742,0,0,5432,27442060099
303.354,3.29648,44.757,0,85,66,44,2760,10501,5.12848,166,16.8742,0,0,5432,27445356855
225.818,4.42835,44.757,0,85,66,44,2760,10501,5.12848,166,16.8742,0,0,5432,27449785677
533.094,1.87584,44.757,0,85,66,44,2760,10501,5.12848,166,16.8742,0,0,5432,27451661673
409.06,2.44463,44.757,0,85,66,44,2760,10501,5.12848,166,16.8742,0,0,5432,27454106650
237.496,4.2106,44.757,0,85,66,44,2760,10501,5.12848,166,16.8742,0,0,5432,27458317551
596.03,1.67777,44.757,0,85,66,44,2760,10501,5.12848,166,16.8742,0,0,5432,27459995637
602.327,1.66023,44.757,0,85,66,44,2760,10501,5.12848,166,16.8742,0,0,5432,27461656192
405.206,2.46788,44.757,0,85,66,44,2760,10501,5.12848,166,16.8742,0,0,5432,27464124353
331.932,3.01267,44.757,0,85,66,44,2760,10501,5.12848,166,16.8742,0,0,5432,27467142118
215.261,4.64551,44.757,0,85,66,44,2760,10501,5.12848,166,16.8742,0,0,5432,27471788082
1028.18,0.97259,44.757,0,85,66,44,2760,10501,5.12848,166,16.8742,0,0,5432,27472760730
354.764,2.81878,44.757,0,85,66,44,2760,10501,5.12848,166,16.8742,0,0,5432,27475579950
292.146,3.42294,44.757,0,85,66,44,2760,10501,5.12848,166,16.8742,0,0,5432,27479003219
484.331,2.0647,44.757,0,85,66,44,2760,10501,5.12848,166,16.8742,0,0,5432,27481068260
487.987,2.04923,44.757,0,85,66,44,2760,10501,5.12848,166,16.8742,0,0,5432,27483117800
415.142,2.40881,44.757,0,85,66,44,2760,10501,5.12848,166,16.8742,0,0,5432,27485526920
286.62,3.48893,44.757,0,85,66,44,2760,10501,5.12848,166,16.8742,0,0,5432,27489016182
437.462,2.28591,44.757,0,85,66,44,2760,10501,5.12848,166,16.8742,0,0,5432,27491302403
379.33,2.63622,44.757,0,85,66,44,2760,10501,5.12848,166,16.8742,0,0,5432,27493938934
296.183,3.3763,44.757,0,85,66,44,2760,10501,5.12848,166,16.8742,0,0,5432,27497315586
567.71,1.76146,44.757,0,85,66,44,2760,10501,5.12848,166,16.8742,0,0,5432,27499077319
255.664,3.91139,44.757,0,85,66,44,2760,10501,5.12848,166,16.8742,0,0,5432,27502989018
418.983,2.38673,44.757,0,85,66,44,2760,10501,5.12848,166,16.8742,0,0,5432,27505376560
346.602,2.88515,44.757,0,85,66,44,2760,10501,5.12848,166,16.8742,0,0,5432,27508261878
706.287,1.41586,44.757,0,85,66,44,2760,10501,5.12848,166,16.8742,0,0,5432,27509678157
328.098,3.04787,44.757,0,85,66,44,2760,10501,5.12848,166,16.8742,0,0,5432,27512726260
402.965,2.4816,44.757,0,85,66,44,2760,10501,5.12848,166,16.8742,0,0,5432,27515208180
202.481,4.93874,44.757,0,85,66,44,2760,10501,5.12848,166,16.8742,0,0,5432,27520147490
608.669,1.64293,44.757,0,85,66,44,2760,10501,5.12848,166,16.8742,0,0,5432,27521790729
546.183,1.83089,44.757,0,85,66,44,2760,10501,5.12848,166,16.8742,0,0,5432,27523621858
351.934,2.84144,44.757,0,85,66,44,2760,10501,5.12848,166,16.8742,0,0,5432,27526463665
327.76,3.05102,44.757,0,85,66,44,2760,10501,5.12848,166,16.8742,0,0,5432,27529515095
324.805,3.07877,44.757,0,85,66,44,2760,10501,5.12848,166,16.8742,0,0,5432,27532594044
590.152,1.69448,44.757,0,85,66,44,2760,10501,5.12848,166,16.8742,0,0,5432,27534288852
468.392,2.13497,44.757,0,85,66,44,2760,10501,5.12848,166,16.8742,0,0,5432,27536424135
236.306,4.23181,44.757,0,85,66,44,2760,10501,5.12848,166,16.8742,0,0,5432,27540656307
555.226,1.80107,44.757,0,85,66,44,2760,10501,5.12848,166,16.8742,0,0,5432,27542457704
368.539,2.71342,44.757,0,85,66,44,2760,10501,5.12848,166,16.8742,0,0,5432,27545171526
415.914,2.40434,44.757,0,85,66,44,2760,10501,5.12848,166,16.8742,0,0,5432,27547576097
389.662,2.56633,44.757,0,85,66,44,2760,10501,5.12848,166,16.8742,0,0,5432,27550142713
316.274,3.16182,44.757,0,85,66,44,2760,10501,5.12848,166,16.8742,0,0,5432,27553304896
318.206,3.14262,44.757,0,85,66,44,2760,10501,5.12848,166,16.8742,0,0,5432,27556448050
508.468,1.96669,44.757,0,85,66,44,2760,10501,5.12848,166,16.8742,0,0,5432,27558414953
334.96,2.98543,44.757,0,85,66,44,2760,10501,5.12848,166,16.8742,0,0,5432,27561400736
477.32,2.09503,44.757,0,85,66,44,2760,10501,5.12848,166,16.8742,0,0,5432,27563496028
333.045,3.0026,44.757,0,85,66,44,2760,10501,5.12848,166,16.8742,0,0,5432,27566498927
403.065,2.48099,44.757,0,85,66,44,2760,10501,5.12848,166,16.8742,0,0,5432,27568980271
350.646,2.85188,44.757,0,85,66,44,2760,10501,5.12848,166,16.8742,0,0,5432,27571832501
385.564,2.59361,44.757,0,85,66,44,2760,10501,5.12848,166,16.8742,0,0,5432,27574426358
314.069,3.18401,44.757,0,85,66,44,2760,10501,5.12848,166,16.8742,0,0,5432,27577610792
423.347,2.36213,44.757,0,85,66,44,2760,10501,5.12848,166,16.8742,0,0,5432,27579973276
257.425,3.88462,44.757,0,85,66,44,2760,10501,5.12848,166,16.8742,0,0,5432,27583858137
306.992,3.25742,44.757,0,85,66,44,2760,10501,5.12848,166,16.8742,0,0,5432,27587115843
748.44,1.33611,44.757,0,85,66,44,2760,10501,5.12848,166,16.8742,0,0,5432,27588452263
326.988,3.05822,44.757,0,85,66,44,2760,10501,5.12848,166,16.8742,0,0,5432,27591510866
389.102,2.57002,44.757,0,85,66,44,2760,10501,5.12848,166,16.8742,0,0,5432,27594081145
496.406,2.01448,44.757,0,85,66,44,2760,10501,5.12848,166,16.8742,0,0,5432,27596095973
367.47,2.72131,44.757,0,85,66,44,2760,10501,5.12848,166,16.8742,0,0,5432,27598817709
365.078,2.73914,44.757,0,85,66,44,2760,10501,5.12848,166,16.8742,0,0,5432,27601557013
398.378,2.51018,44.757,0,85,66,44,2760,10501,5.12848,166,16.8742,0,0,5432,27604067491
274.45,3.64365,44.757,0,85,66,44,2760,10501,5.12848,166,16.8742,0,0,5432,27607711460
246.355,4.05918,44.757,0,85,66,44,2760,10501,5.12848,166,16.8742,0,0,5432,27611770915
1464.18,0.682975,44.757,0,85,66,44,2760,10501,5.12848,166,16.8742,0,0,5432,27612453928
233.319,4.28597,44.757,0,85,66,44,2760,10501,5.12848,166,16.8742,0,0,5432,27616740438
642.279,1.55696,44.757,0,85,66,44,2760,10501,5.12848,166,16.8742,0,0,5432,27618297625
199.128,5.0219,44.757,0,85,66,44,2760,10501,5.12848,166,16.8742,0,0,5432,27623320034
374.589,2.66959,44.757,0,85,66,44,2760,10501,5.12848,166,16.8742,0,0,5432,27625989932
401.042,2.49351,44.757,0,85,66,44,2760,10501,5.12848,166,16.8742,0,0,5432,27628483651
373.743,2.67564,44.757,0,85,66,44,2760,10501,5.12848,166,16.8742,0,0,5432,27631159549
373.763,2.67549,44.757,0,85,66,44,2760,10501,5.12848,166,16.8742,0,0,5432,27633835379
1483.59,0.674042,44.757,0,85,66,44,2760,10501,5.12848,166,16.8742,0,0,5432,27634509835
298.265,3.35272,44.757,0,85,66,44,2760,10501,5.12848,166,16.8742,0,0,5432,27637862813
496.536,2.01395,44.757,0,85,66,44,2760,10501,5.12848,166,16.8742,0,0,5432,27639877179
383.8,2.60552,44.757,0,85,66,44,2760,10501,5.12848,166,16.8742,0,0,5432,27642482921
331.127,3.01999,44.757,0,85,66,44,2760,10501,5.12848,166,16.8742,0,0,5432,27645503349
457.679,2.18494,44.757,0,85,66,44,2760,10501,5.12848,166,16.8742,0,0,5432,27647688606
329.937,3.03088,44.757,0,85,66,44,2760,10501,5.12848,166,16.8742,0,0,5432,27650719862
369.704,2.70487,44.757,0,85,66,44,2760,10501,5.12848,166,16.8742,0,0,5432,27653425020
206.381,4.8454,44.757,0,85,66,44,2760,10501,5.12848,166,16.8742,0,0,5432,27658270895
354.671,2.81952,44.757,0,85,66,44,2760,10501,5.12848,166,16.8742,0,0,5432,27661090913
748.068,1.33678,44.757,0,85,66,44,2760,10501,5.12848,166,16.8742,0,0,5432,27662427612
347.425,2.87832,44.757,0,85,66,44,2760,10501,5.12848,166,16.8742,0,0,5432,27665306421
531.965,1.87982,44.757,0,85,66,44,2760,10501,5.12848,166,16.8742,0,0,5432,27667186590
412.758,2.42273,44.757,0,85,66,44,2760,10501,5.12848,166,16.8742,0,0,5432,27669609662
348.562,2.86893,44.757,0,85,66,44,2760,10501,5.12848,166,16.8742,0,0,5432,27672478835
247.712,4.03694,44.757,0,85,66,44,2760,10501,5.12848,166,16.8742,0,0,5432,27676516298
288.708,3.46371,44.757,0,85,66,44,2760,10501,5.12848,166,16.8742,0,0,5432,27679980300
637.468,1.56871,44.757,0,85,66,44,2760,10501,5.12848,166,16.8742,0,0,5432,27681549429
567.666,1.7616,44.757,0,85,66,44,2760,10501,5.12848,166,16.8742,0,0,5432,27683311171
336.404,2.97262,44.757,0,85,66,44,2760,10501,5.12848,166,16.8742,0,0,5432,27686284176
420.897,2.37588,44.757,0,85,66,44,2760,10501,5.12848,166,16.8742,0,0,5432,27688660361
262.265,3.81294,44.757,0,85,66,44,2760,10501,5.12848,166,16.8742,0,0,5432,27692473721
518.184,1.92982,44.757,0,85,66,44,2760,10501,5.12848,166,16.8742,0,0,5432,27694403863
477.179,2.09565,44.757,0,85,66,44,2760,10501,5.12848,166,16.8742,0,0,5432,27696499770
328.318,3.04582,44.757,0,85,66,44,2760,10501,5.12848,166,16.8742,0,0,5432,27699546074
443.501,2.25479,44.757,0,85,66,44,2760,10501,5.12848,166,16.8742,0,0,5432,27701801025
207.904,4.80992,44.757,0,85,66,44,2760,10501,5.12848,166,16.8742,0,0,5432,27706611495
728.45,1.37278,44.757,0,85,66,44,2760,10501,5.12848,166,16.8742,0,0,5432,27707984551
493.393,2.02678,44.757,0,85,66,44,2760,10501,5.12848,166,16.8742,0,0,5432,27710011581
386.327,2.58848,44.757,0,85,66,44,2760,10501,5.12848,166,16.8742,0,0,5432,27712600312
275.541,3.62923,44.757,0,85,66,44,2760,10501,5.12848,166,16.8742,0,0,5432,27716229829
288.82,3.46237,44.757,0,85,66,44,2760,10501,5.12848,166,16.8742,0,0,5432,27719692657
691.861,1.44538,44.757,0,85,66,44,2760,10501,5.12848,166,16.8742,0,0,5432,27721138254
317.093,3.15365,44.757,0,85,66,44,2760,10501,5.12848,166,16.8742,0,0,5432,27724292264
500.963,1.99615,44.757,0,85,66,44,2760,10501,5.12848,166,16.8742,0,0,5432,27726288802
529.681,1.88793,44.757,0,85,66,44,2760,10501,5.12848,166,16.8742,0,0,5432,27728176943
305.318,3.27527,44.757,0,85,66,44,2760,10501,5.12848,166,16.8742,0,0,5432,27731452534
493.958,2.02446,44.757,0,85,66,44,2760,10501,5.12848,166,16.8742,0,0,5432,27733477314
260.571,3.83773,44.757,0,85,66,44,2760,10501,5.12848,166,16.8742,0,0,5432,27737315318
528.241,1.89307,44.757,0,85,66,44,2760,10501,5.12848,166,16.8742,0,0,5432,27739208728
411.727,2.42879,44.757,0,85,66,44,2760,10501,5.12848,166,16.8742,0,0,5432,27741637849
217.104,4.60608,44.757,0,85,66,44,2760,10501,5.12848,166,16.8742,0,0,5432,27746244494
356.411,2.80575,44.757,0,85,66,44,2760,10501,5.12848,166,16.8742,0,0,5432,27749050550
1104.13,0.905694,44.757,0,85,66,44,2760,10501,5.12848,166,16.8742,0,0,5432,27749956513
275.8,3.62581,44.757,0,85,66,44,2760,10501,5.12848,166,16.8742,0,0,5432,27753582626
557.524,1.79365,44.757,0,85,66,44,2760,10501,5.12848,166,16.8742,0,0,5432,27755376581
368.35,2.71481,44.757,0,85,66,44,2760,10501,5.12848,166,16.8742,0,0,5432,27758091634
304.331,3.2859,44.757,0,85,66,44,2760,10501,5.12848,166,16.8742,0,0,5432,27761378043
449.861,2.22291,44.757,0,85,66,44,2760,10501,5.12848,166,16.8742,0,0,5432,27763601243
273.175,3.66066,44.757,0,85,66,44,2760,10501,5.12848,166,16.8742,0,0,5432,27767262356
779.28,1.28324,44.757,0,85,66,44,2760,10501,5.12848,166,16.8742,0,0,5432,27768545803
196.009,5.10181,44.757,0,85,66,44,2760,10501,5.12848,166,16.8742,0,0,5432,27773648071
654.387,1.52815,44.757,0,85,66,44,2760,10501,5.12848,166,16.8742,0,0,5432,27775176440
482.043,2.0745,44.757,0,85,66,44,2760,10501,5.12848,166,16.8742,0,0,5432,27777251347
337.976,2.95879,44.757,0,85,66,44,2760,10501,5.12848,166,16.8742,0,0,5432,27780210331
377.694,2.64765,44.757,0,85,66,44,2760,10501,5.12848,166,16.8742,0,0,5432,27782858391
335.777,2.97817,44.757,0,85,66,44,2760,10501,5.12848,166,16.8742,0,0,5432,27785836819
502.748,1.98907,44.757,0,85,66,44,2760,10501,5.12848,166,16.8742,0,0,5432,27787826347
364.543,2.74316,44.757,0,85,66,44,2760,10501,5.12848,166,16.8742,0,0,5432,27790569709
337.071,2.96673,44.757,0,85,66,44,2760,10501,5.12848,166,16.8742,0,0,5432,27793537011
328.366,3.04538,44.757,0,85,66,44,2760,10501,5.12848,166,16.8742,0,0,5432,27796582623
307.962,3.24716,44.757,0,85,66,44,2760,10501,5.12848,166,16.8742,0,0,5432,27799830175
276.21,3.62043,44.757,0,85,66,44,2760,10501,5.12848,166,16.8742,0,0,5432,27803450835
623.678,1.60339,44.757,0,85,66,44,2760,10501,5.12848,166,16.8742,0,0,5432,27805054534
484.887,2.06234,44.757,0,85,66,44,2760,10501,5.12848,166,16.8742,0,0,5432,27807117132
422.797,2.3652,44.757,0,85,66,44,2760,10501,5.12848,166,16.8742,0,0,5432,27809482712
200.81,4.97982,44.757,0,85,66,44,2760,10501,5.12848,166,16.8742,0,0,5432,27814462841
697.542,1.43361,44.757,0,85,66,44,2760,10501,5.12848,166,16.8742,0,0,5432,27815896630
613.914,1.62889,44.757,0,85,66,44,2760,10501,5.12848,166,16.8742,0,0,5432,27817525906
337.192,2.96567,44.757,0,85,66,44,2760,10501,5.12848,166,16.8742,0,0,5432,27820491823
425.838,2.34831,44.757,0,85,66,44,2760,10501,5.12848,166,16.8742,0,0,5432,27822840585
207.073,4.82921,44.757,0,85,66,44,2760,10501,5.12848,166,16.8742,0,0,5432,27827672844
460.598,2.17109,45.1654,0,84,65,44,2760,10501,5.12848,166,16.873,0,0,5443,27829841407
638.956,1.56505,45.1654,0,84,65,44,2760,10501,5.12848,166,16.873,0,0,5443,27831406854
332.542,3.00714,45.1654,0,84,65,44,2760,10501,5.12848,166,16.873,0,0,5443,27834414379
496.278,2.015,45.1654,0,84,65,44,2760,10501,5.12848,166,16.873,0,0,5443,27836429601
388.677,2.57283,45.1654,0,84,65,44,2760,10501,5.12848,166,16.873,0,0,5443,27839002745
350.219,2.85536,45.1654,0,84,65,44,2760,10501,5.12848,166,16.873,0,0,5443,27841858389
371.265,2.6935,45.1654,0,84,65,44,2760,10501,5.12848,166,16.873,0,0,5443,27844552220
329.815,3.03201,45.1654,0,84,65,44,2760,10501,5.12848,166,16.873,0,0,5443,27847584698
361.756,2.7643,45.1654,0,84,65,44,2760,10501,5.12848,166,16.873,0,0,5443,27850349166
210.176,4.75792,45.1654,0,84,65,44,2760,10501,5.12848,166,16.873,0,0,5443,27855107451
794.212,1.25911,45.1654,0,84,65,44,2760,10501,5.12848,166,16.873,0,0,5443,27856366744
549.423,1.82009,45.1654,0,84,65,44,2760,10501,5.12848,166,16.873,0,0,5443,27858187238
425.809,2.34847,45.1654,0,84,65,44,2760,10501,5.12848,166,16.873,0,0,5443,27860536028
367.082,2.72419,45.1654,0,84,65,44,2760,10501,5.12848,166,16.873,0,0,5443,27863260476
332.716,3.00556,45.1654,0,84,65,44,2760,10501,5.12848,166,16.873,0,0,5443,27866266596
372.59,2.68392,45.1654,0,84,65,44,2760,10501,5.12848,166,16.873,0,0,5443,27868950793
383.792,2.60558,45.1654,0,84,65,44,2760,10501,5.12848,166,16.873,0,0,5443,27871556602
400.096,2.4994,45.1654,0,84,65,44,2760,10501,5.12848,166,16.873,0,0,5443,27874056234
210.172,4.75802,45.1654,0,84,65,44,2760,10501,5.12848,166,16.873,0,0,5443,27878814606
484.78,2.06279,45.1654,0,84,65,44,2760,10501,5.12848,166,16.873,0,0,5443,27880877896
599.967,1.66676,45.1654,0,84,65,44,2760,10501,5.12848,166,16.873,0,0,5443,27882544847
397.863,2.51343,45.1654,0,84,65,44,2760,10501,5.12848,166,16.873,0,0,5443,27885058537
337.099,2.96648,45.1654,0,84,65,44,2760,10501,5.12848,166,16.873,0,0,5443,27888025339
386.67,2.58618,45.1654,0,84,65,44,2760,10501,5.12848,166,16.873,0,0,5443,27890611849
364.945,2.74014,45.1654,0,84,65,44,2760,10501,5.12848,166,16.873,0,0,5443,27893352326
364.758,2.74154,45.1654,0,84,65,44,2760,10501,5.12848,166,16.873,0,0,5443,27896094207
390.577,2.56032,45.1654,0,84,65,44,2760,10501,5.12848,166,16.873,0,0,5443,27898655005
413.198,2.42015,45.1654,0,84,65,44,2760,10501,5.12848,166,16.873,0,0,5443,27901075567
374.512,2.67014,45.1654,0,84,65,44,2760,10501,5.12848,166,16.873,0,0,5443,27903746081
223.517,4.47393,45.1654,0,84,65,44,2760,10501,5.12848,166,16.873,0,0,5443,27908220529
421.154,2.37443,45.1654,0,84,65,44,2760,10501,5.12848,166,16.873,0,0,5443,27910595100
535.102,1.8688,45.1654,0,84,65,44,2760,10501,5.12848,166,16.873,0,0,5443,27912464172
495.597,2.01777,45.1654,0,84,65,44,2760,10501,5.12848,166,16.873,0,0,5443,27914482394
329.099,3.0386,45.1654,0,84,65,44,2760,10501,5.12848,166,16.873,0,0,5443,27917521391
263.566,3.79411,45.1654,0,84,65,44,2760,10501,5.12848,166,16.873,0,0,5443,27921315798
495.179,2.01947,45.1654,0,84,65,44,2760,10501,5.12848,166,16.873,0,0,5443,27923335856
422.693,2.36578,45.1654,0,84,65,44,2760,10501,5.12848,166,16.873,0,0,5443,27925701869
378.014,2.64541,45.1654,0,84,65,44,2760,10501,5.12848,166,16.873,0,0,5443,27928347515
363.652,2.74988,45.1654,0,84,65,44,2760,10501,5.12848,166,16.873,0,0,5443,27931097743
219.863,4.54828,45.1654,0,84,65,44,2760,10501,5.12848,166,16.873,0,0,5443,27935646357
662.111,1.51032,45.1654,0,84,65,44,2760,10501,5.12848,166,16.873,0,0,5443,27937157033
552.788,1.80901,45.1654,0,84,65,44,2760,10501,5.12848,166,16.873,0,0,5443,27938966325
207.166,4.82705,45.1654,0,84,65,44,2760,10501,5.12848,166,16.873,0,0,5443,27943793949
1206.92,0.828556,45.1654,0,84,65,44,2760,10501,5.12848,166,16.873,0,0,5443,27944622852
455.645,2.19469,45.1654,0,84,65,44,2760,10501,5.12848,166,16.873,0,0,5443,27946817763
376.017,2.65946,45.1654,0,84,65,44,2760,10501,5.12848,166,16.873,0,0,5443,27949477593
381.532,2.62101,45.1654,0,84,65,44,2760,10501,5.12848,166,16.873,0,0,5443,27952098787
338.311,2.95586,45.1654,0,84,65,44,2760,10501,5.12848,166,16.873,0,0,5443,27955055098
358.563,2.78891,45.1654,0,84,65,44,2760,10501,5.12848,166,16.873,0,0,5443,27957844288
372.407,2.68524,45.1654,0,84,65,44,2760,10501,5.12848,166,16.873,0,0,5443,27960529888
406.6,2.45942,45.1654,0,84,65,44,2760,10501,5.12848,166,16.873,0,0,5443,27962989596
388.08,2.57679,45.1654,0,84,65,44,2760,10501,5.12848,166,16.873,0,0,5443,27965566645
355.901,2.80977,45.1654,0,84,65,44,2760,10501,5.12848,166,16.873,0,0,5443,27968376701
324.992,3.077,45.1654,0,84,65,44,2760,10501,5.12848,166,16.873,0,0,5443,27971453997
448.029,2.232,45.1654,0,84,65,44,2760,10501,5.12848,166,16.873,0,0,5443,27973686399
377.283,2.65053,45.1654,0,84,65,44,2760,10501,5.12848,166,16.873,0,0,5443,27976337459
378.71,2.64054,45.1654,0,84,65,44,2760,10501,5.12848,166,16.873,0,0,5443,27978978077
366.448,2.7289,45.1654,0,84,65,44,2760,10501,5.12848,166,16.873,0,0,5443,27981707410
384.036,2.60392,45.1654,0,84,65,44,2760,10501,5.12848,166,16.873,0,0,5443,27984311574
149.61,6.68405,45.1654,0,84,65,44,2760,10501,5.12848,166,16.873,0,0,5443,27990995992
423.561,2.36094,45.1654,0,84,65,44,2760,10501,5.12848,166,16.873,0,0,5443,27993357254
961.951,1.03955,45.1654,0,84,65,44,2760,10501,5.12848,166,16.873,0,0,5443,27994397039
495.769,2.01707,45.1654,0,84,65,44,2760,10501,5.12848,166,16.873,0,0,5443,27996414511
402.065,2.48716,45.1654,0,84,65,44,2760,10501,5.12848,166,16.873,0,0,5443,27998901893
393.184,2.54334,45.1654,0,84,65,44,2760,10501,5.12848,166,16.873,0,0,5443,28001445690
365.376,2.73691,45.1654,0,84,65,44,2760,10501,5.12848,166,16.873,0,0,5443,28004182936
373.858,2.67481,45.1654,0,84,65,44,2760,10501,5.12848,166,16.873,0,0,5443,28006858084
374.055,2.67341,45.1654,0,84,65,44,2760,10501,5.12848,166,16.873,0,0,5443,28009531713
298.342,3.35185,45.1654,0,84,65,44,2760,10501,5.12848,166,16.873,0,0,5443,28012884095
469.913,2.12805,45.1654,0,84,65,44,2760,10501,5.12848,166,16.873,0,0,5443,28015012484
256.755,3.89476,45.1654,0,84,65,44,2760,10501,5.12848,166,16.873,0,0,5443,28018907461
607.389,1.64639,45.1654,0,84,65,44,2760,10501,5.12848,166,16.873,0,0,5443,28020554161
419.833,2.3819,45.1654,0,84,65,44,2760,10501,5.12848,166,16.873,0,0,5443,28022936222
401.764,2.48903,45.1654,0,84,65,44,2760,10501,5.12848,166,16.873,0,0,5443,28025425614
323.97,3.08671,45.1654,0,84,65,44,2760,10501,5.12848,166,16.873,0,0,5443,28028512583
339.688,2.94388,45.1654,0,84,65,44,2760,10501,5.12848,166,16.873,0,0,5443,28031456875
251.393,3.97784,45.1654,0,84,65,44,2760,10501,5.12848,166,16.873,0,0,5443,28035434951
804.571,1.2429,45.1654,0,84,65,44,2760,10501,5.12848,166,16.873,0,0,5443,28036678156
417.062,2.39773,45.1654,0,84,65,44,2760,10501,5.12848,166,16.873,0,0,5443,28039076218
348.093,2.8728,45.1654,0,84,65,44,2760,10501,5.12848,166,16.873,0,0,5443,28041949430
309.317,3.23293,45.1654,0,84,65,44,2760,10501,5.12848,166,16.873,0,0,5443,28045182606
326.41,3.06363,45.1654,0,84,65,44,2760,10501,5.12848,166,16.873,0,0,5443,28048246825
580.021,1.72408,45.1654,0,84,65,44,2760,10501,5.12848,166,16.873,0,0,5443,28049971143
344.816,2.9001,45.1654,0,84,65,44,2760,10501,5.12848,166,16.873,0,0,5443,28052871664
404.575,2.47173,45.1654,0,84,65,44,2760,10501,5.12848,166,16.873,0,0,5443,28055343574
372.595,2.68388,45.1654,0,84,65,44,2760,10501,5.12848,166,16.873,0,0,5443,28058027780
305.207,3.27647,45.1654,0,84,65,44,2760,10501,5.12848,166,16.873,0,0,5443,28061304659
468.913,2.13259,45.1654,0,84,65,44,2760,10501,5.12848,166,16.873,0,0,5443,28063437472
326.724,3.06069,45.1654,0,84,65,44,2760,10501,5.12848,166,16.873,0,0,5443,28066498565
526.882,1.89796,45.1654,0,84,65,44,2760,10501,5.12848,166,16.873,0,0,5443,28068396744
327.899,3.04972,45.1654,0,84,65,44,2760,10501,5.12848,166,16.873,0,0,5443,28071446866
369.588,2.70572,45.1654,0,84,65,44,2760,10501,5.12848,166,16.873,0,0,5443,28074152986
280.016,3.57123,45.1654,0,84,65,44,2760,10501,5.12848,166,16.873,0,0,5443,28077724434
549.507,1.81981,45.1654,0,84,65,44,2760,10501,5.12848,166,16.873,0,0,5443,28079544630
348.86,2.86648,45.1654,0,84,65,44,2760,10501,5.12848,166,16.873,0,0,5443,28082411496
480.569,2.08087,45.1654,0,84,65,44,2760,10501,5.12848,166,16.873,0,0,5443,28084492912
298.237,3.35304,45.1654,0,84,65,44,2760,10501,5.12848,166,16.873,0,0,5443,28087846448
473.883,2.11022,45.1654,0,84,65,44,2760,10501,5.12848,166,16.873,0,0,5443,28089956711
365.832,2.7335,45.1654,0,84,65,44,2760,10501,5.12848,166,16.873,0,0,5443,28092690477
404.511,2.47212,45.1654,0,84,65,44,2760,10501,5.12848,166,16.873,0,0,5443,28095163079
356.528,2.80483,45.1654,0,84,65,44,2760,10501,5.12848,166,16.873,0,0,5443,28097968164
214.967,4.65187,45.1654,0,84,65,44,2760,10501,5.12848,166,16.873,0,0,5443,28102620340
453.693,2.20413,45.1654,0,84,65,44,2760,10501,5.12848,166,16.873,0,0,5443,28104824789
447.358,2.23534,45.1654,0,84,65,44,2760,10501,5.12848,166,16.873,0,0,5443,28107060470
332.643,3.00623,45.1654,0,84,65,44,2760,10501,5.12848,166,16.873,0,0,5443,28110066966
394.334,2.53592,45.1654,0,84,65,44,2760,10501,5.12848,166,16.873,0,0,5443,28112603292
335.092,2.98425,45.1654,0,84,65,44,2760,10501,5.12848,166,16.873,0,0,5443,28115587796
370.726,2.69741,45.1654,0,84,65,44,2760,10501,5.12848,166,16.873,0,0,5443,28118285695
234.887,4.25737,45.1654,0,84,65,44,2760,10501,5.12848,166,16.873,0,0,5443,28122543377
775.804,1.28899,45.1654,0,84,65,44,2760,10501,5.12848,166,16.873,0,0,5443,28123832564
299.054,3.34387,45.1654,0,84,65,44,2760,10501,5.12848,166,16.873,0,0,5443,28127176725
421.465,2.37268,45.1654,0,84,65,44,2760,10501,5.12848,166,16.873,0,0,5443,28129549853
447.873,2.23278,45.1654,0,84,65,44,2760,10501,5.12848,166,16.873,0,0,5443,28131782871
427.738,2.33788,45.1654,0,84,65,44,2760,10501,5.12848,166,16.873,0,0,5443,28134120998
334.751,2.98729,45.1654,0,84,65,44,2760,10501,5.12848,166,16.873,0,0,5443,28137108521
403.383,2.47904,45.1654,0,84,65,44,2760,10501,5.12848,166,16.873,0,0,5443,28139587922
310.453,3.2211,45.1654,0,84,65,44,2760,10501,5.12848,166,16.873,0,0,5443,28142809358
529.778,1.88758,45.1654,0,84,65,44,2760,10501,5.12848,166,16.873,0,0,5443,28144697248
372.673,2.68332,45.1654,0,84,65,44,2760,10501,5.12848,166,16.873,0,0,5443,28147380858
337.961,2.95892,45.1654,0,84,65,44,2760,10501,5.12848,166,16.873,0,0,5443,28150340092
322.955,3.0964,45.1654,0,84,65,44,2760,10501,5.12848,166,16.873,0,0,5443,28153436774
301.626,3.31536,45.1654,0,84,65,44,2760,10501,5.12848,166,16.873,0,0,5443,28156752597
537.55,1.86029,45.1654,0,84,65,44,2760,10501,5.12848,166,16.873,0,0,5443,28158613006
376.493,2.65609,45.1654,0,84,65,44,2760,10501,5.12848,166,16.873,0,0,5443,28161269403
394.635,2.53399,45.1654,0,84,65,44,2760,10501,5.12848,166,16.873,0,0,5443,28163803883
472.509,2.11636,45.1654,0,84,65,44,2760,10501,5.12848,166,16.873,0,0,5443,28165920473
287.417,3.47926,45.1654,0,84,65,44,2760,10501,5.12848,166,16.873,0,0,5443,28169400100
458.229,2.18231,45.1654,0,84,65,44,2760,10501,5.12848,166,16.873,0,0,5443,28171582847
356.069,2.80844,45.1654,0,84,65,44,2760,10501,5.12848,166,16.873,0,0,5443,28174391509
384.973,2.59759,45.1654,0,84,65,44,2760,10501,5.12848,166,16.873,0,0,5443,28176989433
374.213,2.67227,45.1654,0,84,65,44,2760,10501,5.12848,166,16.873,0,0,5443,28179661994
197.822,5.05506,45.1654,0,84,65,44,2760,10501,5.12848,166,16.873,0,0,5443,28184717462
624.086,1.60234,45.1654,0,84,65,44,2760,10501,5.12848,166,16.873,0,0,5443,28186320276
895.935,1.11615,45.1654,0,84,65,44,2760,10501,5.12848,166,16.873,0,0,5443,28187436554
302.127,3.30987,45.1654,0,84,65,44,2760,10501,5.12848,166,16.873,0,0,5443,28190746714
506.867,1.9729,45.1654,0,84,65,44,2760,10501,5.12848,166,16.873,0,0,5443,28192719770
330.628,3.02454,45.1654,0,84,65,44,2760,10501,5.12848,166,16.873,0,0,5443,28195744747
422.803,2.36517,45.1654,0,84,65,44,2760,10501,5.12848,166,16.873,0,0,5443,28198110366
355.737,2.81107,45.1654,0,84,65,44,2760,10501,5.12848,166,16.873,0,0,5443,28200921653
296.19,3.37621,45.1654,0,84,65,44,2760,10501,5.12848,166,16.873,0,0,5443,28204298141
469.065,2.1319,45.1654,0,84,65,44,2760,10501,5.12848,166,16.873,0,0,5443,28206430579
207.113,4.82829,45.1654,0,84,65,44,2760,10501,5.12848,166,16.873,0,0,5443,28211259184
1658.45,0.602973,45.1654,0,84,65,44,2760,10501,5.12848,166,16.873,0,0,5443,28211862387
381.491,2.62129,45.1654,0,84,65,44,2760,10501,5.12848,166,16.873,0,0,5443,28214484081
357.538,2.7969,45.1654,0,84,65,44,2760,10501,5.12848,166,16.873,0,0,5443,28217281204
372.951,2.68132,45.1654,0,84,65,44,2760,10501,5.12848,166,16.873,0,0,5443,28219962852
373.604,2.67663,45.1654,0,84,65,44,2760,10501,5.12848,166,16.873,0,0,5443,28222639769
325.395,3.07319,45.1654,0,84,65,44,2760,10501,5.12848,166,16.873,0,0,5443,28225713276
175.303,5.70442,45.1654,0,84,65,44,2760,10501,5.12848,166,16.873,0,0,5443,28231418555
421.24,2.37394,45.1654,0,84,65,44,2760,10501,5.12848,166,16.873,0,0,5443,28233792924
194.644,5.13758,45.1654,0,84,65,44,2760,10501,5.12848,166,16.873,0,0,5443,28238930751
2013.68,0.496604,45.1654,0,84,65,44,2760,10501,5.12848,166,16.873,0,0,5443,28239427642
273.25,3.65965,45.1654,0,84,65,44,2760,10501,5.12848,166,16.873,0,0,5443,28243087699
187.238,5.34079,45.1654,0,84,65,44,2760,10501,5.12848,166,16.873,0,0,5443,28248428869
682.11,1.46604,45.1654,0,84,65,44,2760,10501,5.12848,166,16.873,0,0,5443,28249895216
470.236,2.12659,45.1654,0,84,65,44,2760,10501,5.12848,166,16.873,0,0,5443,28252022278
463.191,2.15894,45.1654,0,84,65,44,2760,10501,5.12848,166,16.873,0,0,5443,28254181390
358.011,2.79321,45.1654,0,84,65,44,2760,10501,5.12848,166,16.873,0,0,5443,28256975070
367.362,2.72211,45.1654,0,84,65,44,2760,10501,5.12848,166,16.873,0,0,5443,28259697431
270.826,3.69241,45.1654,0,84,65,44,2760,10501,5.12848,166,16.873,0,0,5443,28263390258
347.934,2.87411,45.1654,0,84,65,44,2760,10501,5.12848,166,16.873,0,0,5443,28266264624
292.965,3.41337,45.1654,0,84,65,44,2760,10501,5.12848,166,16.873,0,0,5443,28269678277
761.455,1.31327,45.1654,0,84,65,44,2760,10501,5.12848,166,16.873,0,0,5443,28270991918
461.495,2.16687,45.1654,0,84,65,44,2760,10501,5.12848,166,16.873,0,0,5443,28273159116
418.468,2.38967,45.1654,0,84,65,44,2760,10501,5.12848,166,16.873,0,0,5443,28275549110
263.734,3.7917,45.1654,0,84,65,44,2760,10501,5.12848,166,16.873,0,0,5443,28279341391
570.344,1.75333,45.1654,0,84,65,44,2760,10501,5.12848,166,16.873,0,0,5443,28281095114
334.145,2.99272,45.1654,0,84,65,44,2760,10501,5.12848,166,16.873,0,0,5443,28284088244
247.661,4.03777,45.1654,0,84,65,44,2760,10501,5.12848,166,16.873,0,0,5443,28288126620
593.964,1.6836,45.1654,0,84,65,44,2760,10501,5.12848,166,16.873,0,0,5443,28289810821
244.395,4.09173,45.1654,0,84,65,44,2760,10501,5.12848,166,16.873,0,0,5443,28293902824
524.284,1.90736,45.1654,0,84,65,44,2760,10501,5.12848,166,16.873,0,0,5443,28295810629
441.142,2.26685,45.1654,0,84,65,44,2760,10501,5.12848,166,16.873,0,0,5443,28298077917
430.906,2.32069,45.1654,0,84,65,44,2760,10501,5.12848,166,16.873,0,0,5443,28300398909
378.49,2.64208,45.1654,0,84,65,44,2760,10501,5.12848,166,16.873,0,0,5443,28303041363
371.991,2.68824,45.1654,0,84,65,44,2760,10501,5.12848,166,16.873,0,0,5443,28305730011
344.087,2.90624,45.1654,0,84,65,44,2760,10501,5.12848,166,16.873,0,0,5443,28308636427
432.317,2.31312,45.1654,0,84,65,44,2760,10501,5.12848,166,16.873,0,0,5443,28310950062
229.813,4.35136,45.1654,0,84,65,44,2760,10501,5.12848,166,16.873,0,0,5443,28315301747
267.628,3.73653,45.1654,0,84,65,44,2760,10501,5.12848,166,16.873,0,0,5443,28319038585
667.354,1.49845,45.1654,0,84,65,44,2760,10501,5.12848,166,16.873,0,0,5443,28320537232
532.922,1.87645,45.1654,0,84,65,44,2760,10501,5.12848,166,16.873,0,0,5443,28322414170
389.423,2.5679,45.1654,0,84,65,44,2760,10501,5.12848,166,16.873,0,0,5443,28324982314
403.733,2.47688,45.1654,0,84,65,44,2760,10501,5.12848,166,16.873,0,0,5443,28327459571
366.444,2.72893,45.1654,0,84,65,44,2760,10501,5.12848,166,16.873,0,0,5443,28330191403
407.698,2.4528,45.6853,0,84,65,44,2760,10501,5.12848,166,16.8618,0,0,5444,28332642120
317.983,3.14482,45.6853,0,84,65,44,2760,10501,5.12848,166,16.8618,0,0,5444,28335787159
312.572,3.19926,45.6853,0,84,65,44,2760,10501,5.12848,166,16.8618,0,0,5444,28338986719
428.984,2.33109,45.6853,0,84,65,44,2760,10501,5.12848,166,16.8618,0,0,5444,28341318124
418.196,2.39123,45.6853,0,84,65,44,2760,10501,5.12848,166,16.8618,0,0,5444,28343709676
336.367,2.97295,45.6853,0,84,65,44,2760,10501,5.12848,166,16.8618,0,0,5444,28346683065
291.213,3.43391,45.6853,0,84,65,44,2760,10501,5.12848,166,16.8618,0,0,5444,28350117440
411.405,2.4307,45.6853,0,84,65,44,2760,10501,5.12848,166,16.8618,0,0,5444,28352548349
709.133,1.41017,45.6853,0,84,65,44,2760,10501,5.12848,166,16.8618,0,0,5444,28353958906
343.01,2.91537,45.6853,0,84,65,44,2760,10501,5.12848,166,16.8618,0,0,5444,28356874562
408.138,2.45015,45.6853,0,84,65,44,2760,10501,5.12848,166,16.8618,0,0,5444,28359325029
194.864,5.13178,45.6853,0,84,65,44,2760,10501,5.12848,166,16.8618,0,0,5444,28364457288
1012.65,0.987504,45.6853,0,84,65,44,2760,10501,5.12848,166,16.8618,0,0,5444,28365445033
240.489,4.1582,45.6853,0,84,65,44,2760,10501,5.12848,166,16.8618,0,0,5444,28369603664
746.131,1.34025,45.6853,0,84,65,44,2760,10501,5.12848,166,16.8618,0,0,5444,28370944238
300.592,3.32677,45.6853,0,84,65,44,2760,10501,5.12848,166,16.8618,0,0,5444,28374271273
655.678,1.52514,45.6853,0,84,65,44,2760,10501,5.12848,166,16.8618,0,0,5444,28375796671
373.712,2.67586,45.6853,0,84,65,44,2760,10501,5.12848,166,16.8618,0,0,5444,28378472972
306.227,3.26555,45.6853,0,84,65,44,2760,10501,5.12848,166,16.8618,0,0,5444,28381738736
432.078,2.3144,45.6853,0,84,65,44,2760,10501,5.12848,166,16.8618,0,0,5444,28384053468
344.775,2.90044,45.6853,0,84,65,44,2760,10501,5.12848,166,16.8618,0,0,5444,28386954239
424.122,2.35781,45.6853,0,84,65,44,2760,10501,5.12848,166,16.8618,0,0,5444,28389312511
418.313,2.39055,45.6853,0,84,65,44,2760,10501,5.12848,166,16.8618,0,0,5444,28391703284
374.916,2.66726,45.6853,0,84,65,44,2760,10501,5.12848,166,16.8618,0,0,5444,28394370864
317.439,3.15021,45.6853,0,84,65,44,2760,10501,5.12848,166,16.8618,0,0,5444,28397521374
174.084,5.74435,45.6853,0,84,65,44,2760,10501,5.12848,166,16.8618,0,0,5444,28403266202
1914.83,0.522239,45.6853,0,84,65,44,2760,10501,5.12848,166,16.8618,0,0,5444,28403788864
525.971,1.90125,45.6853,0,84,65,44,2760,10501,5.12848,166,16.8618,0,0,5444,28405690438
374.258,2.67196,45.6853,0,84,65,44,2760,10501,5.12848,166,16.8618,0,0,5444,28408362749
326.508,3.06271,45.6853,0,84,65,44,2760,10501,5.12848,166,16.8618,0,0,5444,28411425756
480.469,2.0813,45.6853,0,84,65,44,2760,10501,5.12848,166,16.8618,0,0,5444,28413507326
289.393,3.45551,45.6853,0,84,65,44,2760,10501,5.12848,166,16.8618,0,0,5444,28416963241
363.55,2.75065,45.6853,0,84,65,44,2760,10501,5.12848,166,16.8618,0,0,5444,28419714266
579.507,1.72561,45.6853,0,84,65,44,2760,10501,5.12848,166,16.8618,0,0,5444,28421439959
320.668,3.11849,45.6853,0,84,65,44,2760,10501,5.12848,166,16.8618,0,0,5444,28424558804
313.19,3.19295,45.6853,0,84,65,44,2760,10501,5.12848,166,16.8618,0,0,5444,28427752085
480.413,2.08154,45.6853,0,84,65,44,2760,10501,5.12848,166,16.8618,0,0,5444,28429834049
469.902,2.1281,45.6853,0,84,65,44,2760,10501,5.12848,166,16.8618,0,0,5444,28431962409
290.467,3.44273,45.6853,0,84,65,44,2760,10501,5.12848,166,16.8618,0,0,5444,28435405583
435.411,2.29668,45.6853,0,84,65,44,2760,10501,5.12848,166,16.8618,0,0,5444,28437702478
462.941,2.1601,45.6853,0,84,65,44,2760,10501,5.12848,166,16.8618,0,0,5444,28439862906
324.566,3.08104,45.6853,0,84,65,44,2760,10501,5.12848,166,16.8618,0,0,5444,28442944405
379.281,2.63657,45.6853,0,84,65,44,2760,10501,5.12848,166,16.8618,0,0,5444,28445581157
316.248,3.16208,45.6853,0,84,65,44,2760,10501,5.12848,166,16.8618,0,0,5444,28448743475
527.96,1.89408,45.6853,0,84,65,44,2760,10501,5.12848,166,16.8618,0,0,5444,28450637933
235.11,4.25334,45.6853,0,84,65,44,2760,10501,5.12848,166,16.8618,0,0,5444,28454891596
487.302,2.05212,45.6853,0,84,65,44,2760,10501,5.12848,166,16.8618,0,0,5444,28456944021
580.234,1.72344,45.6853,0,84,65,44,2760,10501,5.12848,166,16.8618,0,0,5444,28458667752
315.468,3.16989,45.6853,0,84,65,44,2760,10501,5.12848,166,16.8618,0,0,5444,28461837935
402.78,2.48275,45.6853,0,84,65,44,2760,10501,5.12848,166,16.8618,0,0,5444,28464321115
359.597,2.78089,45.6853,0,84,65,44,2760,10501,5.12848,166,16.8618,0,0,5444,28467102324
378.589,2.64139,45.6853,0,84,65,44,2760,10501,5.12848,166,16.8618,0,0,5444,28469743904
373.364,2.67835,45.6853,0,84,65,44,2760,10501,5.12848,166,16.8618,0,0,5444,28472422427
350.807,2.85057,45.6853,0,84,65,44,2760,10501,5.12848,166,16.8618,0,0,5444,28475273407
375.851,2.66063,45.6853,0,84,65,44,2760,10501,5.12848,166,16.8618,0,0,5444,28477934516
276.142,3.62132,45.6853,0,84,65,44,2760,10501,5.12848,166,16.8618,0,0,5444,28481556090
355.31,2.81444,45.6853,0,84,65,44,2760,10501,5.12848,166,16.8618,0,0,5444,28484371070
657.423,1.52109,45.6853,0,84,65,44,2760,10501,5.12848,166,16.8618,0,0,5444,28485892429
251.085,3.98272,45.6853,0,84,65,44,2760,10501,5.12848,166,16.8618,0,0,5444,28489875563
755.328,1.32393,45.6853,0,84,65,44,2760,10501,5.12848,166,16.8618,0,0,5444,28491199809
336.793,2.96919,45.6853,0,84,65,44,2760,10501,5.12848,166,16.8618,0,0,5444,28494169217
397.206,2.51758,45.6853,0,84,65,44,2760,10501,5.12848,166,16.8618,0,0,5444,28496687196
299.675,3.33695,45.6853,0,84,65,44,2760,10501,5.12848,166,16.8618,0,0,5444,28500024434
425.137,2.35219,45.6853,0,84,65,44,2760,10501,5.12848,166,16.8618,0,0,5444,28502377003
357.371,2.79821,45.6853,0,84,65,44,2760,10501,5.12848,166,16.8618,0,0,5444,28505175502
229.169,4.36359,45.6853,0,84,65,44,2760,10501,5.12848,166,16.8618,0,0,5444,28509539553
538.965,1.85541,45.6853,0,84,65,44,2760,10501,5.12848,166,16.8618,0,0,5444,28511395125
510.638,1.95834,45.6853,0,84,65,44,2760,10501,5.12848,166,16.8618,0,0,5444,28513353748
435.879,2.29421,45.6853,0,84,65,44,2760,10501,5.12848,166,16.8618,0,0,5444,28515648374
327.366,3.05469,45.6853,0,84,65,44,2760,10501,5.12848,166,16.8618,0,0,5444,28518703486
492.676,2.02973,45.6853,0,84,65,44,2760,10501,5.12848,166,16.8618,0,0,5444,28520733430
310.16,3.22415,45.6853,0,84,65,44,2760,10501,5.12848,166,16.8618,0,0,5444,28523957885
370.992,2.69548,45.6853,0,84,65,44,2760,10501,5.12848,166,16.8618,0,0,5444,28526653687
460.796,2.17016,45.6853,0,84,65,44,2760,10501,5.12848,166,16.8618,0,0,5444,28528824174
402.197,2.48634,45.6853,0,84,65,44,2760,10501,5.12848,166,16.8618,0,0,5444,28531310825
207.454,4.82034,45.6853,0,84,65,44,2760,10501,5.12848,166,16.8618,0,0,5444,28536131545
308.327,3.24331,45.6853,0,84,65,44,2760,10501,5.12848,166,16.8618,0,0,5444,28539375164
1791.01,0.558345,45.6853,0,84,65,44,2760,10501,5.12848,166,16.8618,0,0,5444,28539933875
430.239,2.32429,45.6853,0,84,65,44,2760,10501,5.12848,166,16.8618,0,0,5444,28542258405
378.909,2.63916,45.6853,0,84,65,44,2760,10501,5.12848,166,16.8618,0,0,5444,28544898023
374.855,2.6677,45.6853,0,84,65,44,2760,10501,5.12848,166,16.8618,0,0,5444,28547565978
358.329,2.79073,45.6853,0,84,65,44,2760,10501,5.12848,166,16.8618,0,0,5444,28550356938
413.803,2.41661,45.6853,0,84,65,44,2760,10501,5.12848,166,16.8618,0,0,5444,28552773961
370.766,2.69712,45.6853,0,84,65,44,2760,10501,5.12848,166,16.8618,0,0,5444,28555471398
328.043,3.04838,45.6853,0,84,65,44,2760,10501,5.12848,166,16.8618,0,0,5444,28558520040
215.785,4.63423,45.6853,0,84,65,44,2760,10501,5.12848,166,16.8618,0,0,5444,28563154542
383.503,2.60754,45.6853,0,84,65,44,2760,10501,5.12848,166,16.8618,0,0,5444,28565762418
648.746,1.54144,45.6853,0,84,65,44,2760,10501,5.12848,166,16.8618,0,0,5444,28567304288
537.677,1.85985,45.6853,0,84,65,44,2760,10501,5.12848,166,16.8618,0,0,5444,28569164321
370.671,2.69781,45.6853,0,84,65,44,2760,10501,5.12848,166,16.8618,0,0,5444,28571862508
285.514,3.50245,45.6853,0,84,65,44,2760,10501,5.12848,166,16.8618,0,0,5444,28575365328
423.79,2.35966,45.6853,0,84,65,44,2760,10501,5.12848,166,16.8618,0,0,5444,28577725148
470.813,2.12399,45.6853,0,84,65,44,2760,10501,5.12848,166,16.8618,0,0,5444,28579849451
338.313,2.95584,45.6853,0,84,65,44,2760,10501,5.12848,166,16.8618,0,0,5444,28582805598
385.479,2.59417,45.6853,0,84,65,44,2760,10501,5.12848,166,16.8618,0,0,5444,28585400090
176.067,5.67967,45.6853,0,84,65,44,2760,10501,5.12848,166,16.8618,0,0,5444,28591080118
393.805,2.53933,45.6853,0,84,65,44,2760,10501,5.12848,166,16.8618,0,0,5444,28593619732
605.261,1.65218,45.6853,0,84,65,44,2760,10501,5.12848,166,16.8618,0,0,5444,28595272317
767.1,1.30361,45.6853,0,84,65,44,2760,10501,5.12848,166,16.8618,0,0,5444,28596576361
344.219,2.90513,45.6853,0,84,65,44,2760,10501,5.12848,166,16.8618,0,0,5444,28599481824
377.424,2.64954,45.6853,0,84,65,44,2760,10501,5.12848,166,16.8618,0,0,5444,28602131605
377.501,2.649,45.6853,0,84,65,44,2760,10501,5.12848,166,16.8618,0,0,5444,28604780849
346.787,2.88362,45.6853,0,84,65,44,2760,10501,5.12848,166,16.8618,0,0,5444,28607664830
207.772,4.81297,45.6853,0,84,65,44,2760,10501,5.12848,166,16.8618,0,0,5444,28612478252
1072.18,0.932675,45.6853,0,84,65,44,2760,10501,5.12848,166,16.8618,0,0,5444,28613411187
303.429,3.29566,45.6853,0,84,65,44,2760,10501,5.12848,166,16.8618,0,0,5444,28616707154
518.412,1.92897,45.6853,0,84,65,44,2760,10501,5.12848,166,16.8618,0,0,5444,28618636450
476.083,2.10048,45.6853,0,84,65,44,2760,10501,5.12848,166,16.8618,0,0,5444,28620737319
223.251,4.47926,45.6853,0,84,65,44,2760,10501,5.12848,166,16.8618,0,0,5444,28625221297
477.638,2.09364,45.6853,0,84,65,44,2760,10501,5.12848,166,16.8618,0,0,5444,28627310867
579.171,1.72661,45.6853,0,84,65,44,2760,10501,5.12848,166,16.8618,0,0,5444,28629037772
339.087,2.9491,45.6853,0,84,65,44,2760,10501,5.12848,166,16.8618,0,0,5444,28631987179
388.682,2.5728,45.6853,0,84,65,44,2760,10501,5.12848,166,16.8618,0,0,5444,28634560294
390.358,2.56175,45.6853,0,84,65,44,2760,10501,5.12848,166,16.8618,0,0,5444,28637122352
375.059,2.66624,45.6853,0,84,65,44,2760,10501,5.12848,166,16.8618,0,0,5444,28639789067
176.697,5.65941,45.6853,0,84,65,44,2760,10501,5.12848,166,16.8618,0,0,5444,28645448834
2023.12,0.494286,45.6853,0,84,65,44,2760,10501,5.12848,166,16.8618,0,0,5444,28645943351
419.356,2.38461,45.6853,0,84,65,44,2760,10501,5.12848,166,16.8618,0,0,5444,28648328326
418.94,2.38698,45.6853,0,84,65,44,2760,10501,5.12848,166,16.8618,0,0,5444,28650715541
337.223,2.9654,45.6853,0,84,65,44,2760,10501,5.12848,166,16.8618,0,0,5444,28653681179
407.365,2.4548,45.6853,0,84,65,44,2760,10501,5.12848,166,16.8618,0,0,5444,28656136358
344.942,2.89904,45.6853,0,84,65,44,2760,10501,5.12848,166,16.8618,0,0,5444,28659035667
199.783,5.00543,45.6853,0,84,65,44,2760,10501,5.12848,166,16.8618,0,0,5444,28664041461
2114.48,0.472929,45.6853,0,84,65,44,2760,10501,5.12848,166,16.8618,0,0,5444,28664514467
426.649,2.34385,45.6853,0,84,65,44,2760,10501,5.12848,166,16.8618,0,0,5444,28666858719
212.691,4.70165,45.6853,0,84,65,44,2760,10501,5.12848,166,16.8618,0,0,5444,28671560782
486.711,2.05461,45.6853,0,84,65,44,2760,10501,5.12848,166,16.8618,0,0,5444,28673615668
557.879,1.7925,45.6853,0,84,65,44,2760,10501,5.12848,166,16.8618,0,0,5444,28675408469
460.486,2.17162,45.6853,0,84,65,44,2760,10501,5.12848,166,16.8618,0,0,5444,28677580494
366.934,2.72528,45.6853,0,84,65,44,2760,10501,5.12848,166,16.8618,0,0,5444,28680306038
357.414,2.79787,45.6853,0,84,65,44,2760,10501,5.12848,166,16.8618,0,0,5444,28683104209
368.663,2.71251,45.6853,0,84,65,44,2760,10501,5.12848,166,16.8618,0,0,5444,28685817041
385.215,2.59595,45.6853,0,84,65,44,2760,10501,5.12848,166,16.8618,0,0,5444,28688413311
368.222,2.71575,45.6853,0,84,65,44,2760,10501,5.12848,166,16.8618,0,0,5444,28691129412
322.299,3.10271,45.6853,0,84,65,44,2760,10501,5.12848,166,16.8618,0,0,5444,28694232699
266.756,3.74874,45.6853,0,84,65,44,2760,10501,5.12848,166,16.8618,0,0,5444,28697981855
439.323,2.27623,45.6853,0,84,65,44,2760,10501,5.12848,166,16.8618,0,0,5444,28700258479
538.05,1.85856,45.6853,0,84,65,44,2760,10501,5.12848,166,16.8618,0,0,5444,28702117157
464.967,2.15069,45.6853,0,84,65,44,2760,10501,5.12848,166,16.8618,0,0,5444,28704268220
356.084,2.80833,45.6853,0,84,65,44,2760,10501,5.12848,166,16.8618,0,0,5444,28707076844
407.705,2.45276,45.6853,0,84,65,44,2760,10501,5.12848,166,16.8618,0,0,5444,28709530090
376.935,2.65297,45.6853,0,84,65,44,2760,10501,5.12848,166,16.8618,0,0,5444,28712183285
293.135,3.41139,45.6853,0,84,65,44,2760,10501,5.12848,166,16.8618,0,0,5444,28715594948
223.443,4.47542,45.6853,0,84,65,44,2760,10501,5.12848,166,16.8618,0,0,5444,28720070984
2195.69,0.455438,45.6853,0,84,65,44,2760,10501,5.12848,166,16.8618,0,0,5444,28720526210
308.48,3.2417,45.6853,0,84,65,44,2760,10501,5.12848,166,16.8618,0,0,5444,28723768349
500.833,1.99667,45.6853,0,84,65,44,2760,10501,5.12848,166,16.8618,0,0,5444,28725765377
405.331,2.46712,45.6853,0,84,65,44,2760,10501,5.12848,166,16.8618,0,0,5444,28728232922
292.287,3.4213,45.6853,0,84,65,44,2760,10501,5.12848,166,16.8618,0,0,5444,28731654595
462.879,2.16039,45.6853,0,84,65,44,2760,10501,5.12848,166,16.8618,0,0,5444,28733815197
429.89,2.32617,45.6853,0,84,65,44,2760,10501,5.12848,166,16.8618,0,0,5444,28736141842
316.475,3.15981,45.6853,0,84,65,44,2760,10501,5.12848,166,16.8618,0,0,5444,28739301987
363.284,2.75267,45.6853,0,84,65,44,2760,10501,5.12848,166,16.8618,0,0,5444,28742054907
466.358,2.14427,45.6853,0,84,65,44,2760,10501,5.12848,166,16.8618,0,0,5444,28744199604
410.933,2.43349,45.6853,0,84,65,44,2760,10501,5.12848,166,16.8618,0,0,5444,28746633321
174.533,5.72957,45.6853,0,84,65,44,2760,10501,5.12848,166,16.8618,0,0,5444,28752363312
508.081,1.96819,45.6853,0,84,65,44,2760,10501,5.12848,166,16.8618,0,0,5444,28754332061
1774.08,0.563673,45.6853,0,84,65,44,2760,10501,5.12848,166,16.8618,0,0,5444,28754896061
374.068,2.67331,45.6853,0,84,65,44,2760,10501,5.12848,166,16.8618,0,0,5444,28757569709
419.932,2.38134,45.6853,0,84,65,44,2760,10501,5.12848,166,16.8618,0,0,5444,28759951241
277.967,3.59755,45.6853,0,84,65,44,2760,10501,5.12848,166,16.8618,0,0,5444,28763549478
364.562,2.74302,45.6853,0,84,65,44,2760,10501,5.12848,166,16.8618,0,0,5444,28766292618
479.032,2.08754,45.6853,0,84,65,44,2760,10501,5.12848,166,16.8618,0,0,5444,28768380487
322.48,3.10097,45.6853,0,84,65,44,2760,10501,5.12848,166,16.8618,0,0,5444,28771481755
388.566,2.57357,45.6853,0,84,65,44,2760,10501,5.12848,166,16.8618,0,0,5444,28774055822
359.147,2.78437,45.6853,0,84,65,44,2760,10501,5.12848,166,16.8618,0,0,5444,28776840406
363.21,2.75323,45.6853,0,84,65,44,2760,10501,5.12848,166,16.8618,0,0,5444,28779594038
414.937,2.41,45.6853,0,84,65,44,2760,10501,5.12848,166,16.8618,0,0,5444,28782004321
385.248,2.59573,45.6853,0,84,65,44,2760,10501,5.12848,166,16.8618,0,0,5444,28784600341
312.153,3.20356,45.6853,0,84,65,44,2760,10501,5.12848,166,16.8618,0,0,5444,28787804218
260.47,3.83922,45.6853,0,84,65,44,2760,10501,5.12848,166,16.8618,0,0,5444,28791643847
643.722,1.55347,45.6853,0,84,65,44,2760,10501,5.12848,166,16.8618,0,0,5444,28793197611
381.28,2.62274,45.6853,0,84,65,44,2760,10501,5.12848,166,16.8618,0,0,5444,28795820584
358.918,2.78615,45.6853,0,84,65,44,2760,10501,5.12848,166,16.8618,0,0,5444,28798607101
450.453,2.21999,45.6853,0,84,65,44,2760,10501,5.12848,166,16.8618,0,0,5444,28800827340
264.463,3.78124,45.6853,0,84,65,44,2760,10501,5.12848,166,16.8618,0,0,5444,28804608948
403.328,2.47937,45.6853,0,84,65,44,2760,10501,5.12848,166,16.8618,0,0,5444,28807088608
316.197,3.16259,45.6853,0,84,65,44,2760,10501,5.12848,166,16.8618,0,0,5444,28810251599
502.855,1.98864,45.6853,0,84,65,44,2760,10501,5.12848,166,16.8618,0,0,5444,28812240715
485.831,2.05833,45.6853,0,84,65,44,2760,10501,5.12848,166,16.8618,0,0,5444,28814299399
312.059,3.20452,45.6853,0,84,65,44,2760,10501,5.12848,166,16.8618,0,0,5444,28817504392
411.369,2.43091,45.6853,0,84,65,44,2760,10501,5.12848,166,16.8618,0,0,5444,28819935483
299.919,3.33423,45.6853,0,84,65,44,2760,10501,5.12848,166,16.8618,0,0,5444,28823269990
370.837,2.6966,45.6853,0,84,65,44,2760,10501,5.12848,166,16.8618,0,0,5444,28825967004
470.606,2.12492,45.6853,0,84,65,44,2760,10501,5.12848,166,16.8618,0,0,5444,28828092297
423.799,2.35961,45.6853,0,84,65,44,2760,10501,5.12848,166,16.8618,0,0,5444,28830455088
291.539,3.43007,45.4082,0,84,65,44,2760,10501,5.12848,165,16.8662,0,0,5435,28833882675
414.848,2.41052,45.4082,0,84,65,44,2760,10501,5.12848,165,16.8662,0,0,5435,28836293525
457.957,2.18361,45.4082,0,84,65,44,2760,10501,5.12848,165,16.8662,0,0,5435,28838477464
330.206,3.02841,45.4082,0,84,65,44,2760,10501,5.12848,165,16.8662,0,0,5435,28841506143
329.132,3.0383,45.4082,0,84,65,44,2760,10501,5.12848,165,16.8662,0,0,5435,28844544745
508.958,1.9648,45.4082,0,84,65,44,2760,10501,5.12848,165,16.8662,0,0,5435,28846509879
325.548,3.07175,45.4082,0,84,65,44,2760,10501,5.12848,165,16.8662,0,0,5435,28849581906
287.234,3.48148,45.4082,0,84,65,44,2760,10501,5.12848,165,16.8662,0,0,5435,28853063850
603.421,1.65722,45.4082,0,84,65,44,2760,10501,5.12848,165,16.8662,0,0,5435,28854721281
357.958,2.79362,45.4082,0,84,65,44,2760,10501,5.12848,165,16.8662,0,0,5435,28857515144
309.253,3.2336,45.4082,0,84,65,44,2760,10501,5.12848,165,16.8662,0,0,5435,28860749070
235.583,4.2448,45.4082,0,84,65,44,2760,10501,5.12848,165,16.8662,0,0,5435,28864994262
538.808,1.85595,45.4082,0,84,65,44,2760,10501,5.12848,165,16.8662,0,0,5435,28866850449
449.14,2.22648,45.4082,0,84,65,44,2760,10501,5.12848,165,16.8662,0,0,5435,28869077293
410.807,2.43424,45.4082,0,84,65,44,2760,10501,5.12848,165,16.8662,0,0,5435,28871511770
415.801,2.40499,45.4082,0,84,65,44,2760,10501,5.12848,165,16.8662,0,0,5435,28873917130
365.89,2.73306,45.4082,0,84,65,44,2760,10501,5.12848,165,16.8662,0,0,5435,28876650597
339.839,2.94257,45.4082,0,84,65,44,2760,10501,5.12848,165,16.8662,0,0,5435,28879593398
404.519,2.47207,45.4082,0,84,65,44,2760,10501,5.12848,165,16.8662,0,0,5435,28882065971
183.25,5.45702,45.4082,0,84,65,44,2760,10501,5.12848,165,16.8662,0,0,5435,28887523415
583.329,1.7143,45.4082,0,84,65,44,2760,10501,5.12848,165,16.8662,0,0,5435,28889237992
562.968,1.7763,45.4082,0,84,65,44,2760,10501,5.12848,165,16.8662,0,0,5435,28891014610
425.976,2.34755,45.4082,0,84,65,44,2760,10501,5.12848,165,16.8662,0,0,5435,28893362400
207.882,4.81041,45.4082,0,84,65,44,2760,10501,5.12848,165,16.8662,0,0,5435,28898173158
721.922,1.38519,45.4082,0,84,65,44,2760,10501,5.12848,165,16.8662,0,0,5435,28899558407
453.828,2.20348,45.4082,0,84,65,44,2760,10501,5.12848,165,16.8662,0,0,5435,28901762356
488.852,2.04561,45.4082,0,84,65,44,2760,10501,5.12848,165,16.8662,0,0,5435,28903808166
266.546,3.7517,45.4082,0,84,65,44,2760,10501,5.12848,165,16.8662,0,0,5435,28907560254
528.73,1.89132,45.4082,0,84,65,44,2760,10501,5.12848,165,16.8662,0,0,5435,28909452164
238.08,4.20027,45.4082,0,84,65,44,2760,10501,5.12848,165,16.8662,0,0,5435,28913652440
605.272,1.65215,45.4082,0,84,65,44,2760,10501,5.12848,165,16.8662,0,0,5435,28915304890
445.774,2.24329,45.4082,0,84,65,44,2760,10501,5.12848,165,16.8662,0,0,5435,28917548638
404.028,2.47507,45.4082,0,84,65,44,2760,10501,5.12848,165,16.8662,0,0,5435,28920023914
284.463,3.5154,45.4082,0,84,65,44,2760,10501,5.12848,165,16.8662,0,0,5435,28923539859
562.42,1.77803,45.4082,0,84,65,44,2760,10501,5.12848,165,16.8662,0,0,5435,28925318025
393.644,2.54036,45.4082,0,84,65,44,2760,10501,5.12848,165,16.8662,0,0,5435,28927858861
377.44,2.64943,45.4082,0,84,65,44,2760,10501,5.12848,165,16.8662,0,0,5435,28930508594
323.407,3.09208,45.4082,0,84,65,44,2760,10501,5.12848,165,16.8662,0,0,5435,28933600910
374.472,2.67043,45.4082,0,84,65,44,2760,10501,5.12848,165,16.8662,0,0,5435,28936271577
224.602,4.45232,45.4082,0,84,65,44,2760,10501,5.12848,165,16.8662,0,0,5435,28940724237
611.632,1.63497,45.4082,0,84,65,44,2760,10501,5.12848,165,16.8662,0,0,5435,28942359619
419.035,2.38644,45.4082,0,84,65,44,2760,10501,5.12848,165,16.8662,0,0,5435,28944746324
418.728,2.38819,45.4082,0,84,65,44,2760,10501,5.12848,165,16.8662,0,0,5435,28947135097
215.819,4.6335,45.4082,0,84,65,44,2760,10501,5.12848,165,16.8662,0,0,5435,28951768801
968.789,1.03222,45.4082,0,84,65,44,2760,10501,5.12848,165,16.8662,0,0,5435,28952801355
337.061,2.96682,45.4082,0,84,65,44,2760,10501,5.12848,165,16.8662,0,0,5435,28955768474
398.152,2.5116,45.4082,0,84,65,44,2760,10501,5.12848,165,16.8662,0,0,5435,28958280376
368.082,2.71678,45.4082,0,84,65,44,2760,10501,5.12848,165,16.8662,0,0,5435,28960997420
201.69,4.95811,45.4082,0,84,65,44,2760,10501,5.12848,165,16.8662,0,0,5435,28965956000
1067.28,0.936964,45.4082,0,84,65,44,2760,10501,5.12848,165,16.8662,0,0,5435,28966893051
298.006,3.35563,45.4082,0,84,65,44,2760,10501,5.12848,165,16.8662,0,0,5435,28970249241
655.55,1.52544,45.4082,0,84,65,44,2760,10501,5.12848,165,16.8662,0,0,5435,28971774869
375.839,2.66072,45.4082,0,84,65,44,2760,10501,5.12848,165,16.8662,0,0,5435,28974436026
256.077,3.90507,45.4082,0,84,65,44,2760,10501,5.12848,165,16.8662,0,0,5435,28978341341
668.019,1.49696,45.4082,0,84,65,44,2760,10501,5.12848,165,16.8662,0,0,5435,28979838718
382.812,2.61225,45.4082,0,84,65,44,2760,10501,5.12848,165,16.8662,0,0,5435,28982451152
387.429,2.58112,45.4082,0,84,65,44,2760,10501,5.12848,165,16.8662,0,0,5435,28985032566
399.355,2.50404,45.4082,0,84,65,44,2760,10501,5.12848,165,16.8662,0,0,5435,28987537054
332.403,3.0084,45.4082,0,84,65,44,2760,10501,5.12848,165,16.8662,0,0,5435,28990545694
282.6,3.53857,45.4082,0,84,65,44,2760,10501,5.12848,165,16.8662,0,0,5435,28994084583
420.412,2.37862,45.4082,0,84,65,44,2760,10501,5.12848,165,16.8662,0,0,5435,28996463653
511.532,1.95491,45.4082,0,84,65,44,2760,10501,5.12848,165,16.8662,0,0,5435,28998418662
411.042,2.43284,45.4082,0,84,65,44,2760,10501,5.12848,165,16.8662,0,0,5435,29000851840
321.513,3.1103,45.4082,0,84,65,44,2760,10501,5.12848,165,16.8662,0,0,5435,29003962454
263.884,3.78954,45.4082,0,84,65,44,2760,10501,5.12848,165,16.8662,0,0,5435,29007752313
521.403,1.9179,45.4082,0,84,65,44,2760,10501,5.12848,165,16.8662,0,0,5435,29009670502
391.497,2.5543,45.4082,0,84,65,44,2760,10501,5.12848,165,16.8662,0,0,5435,29012225088
237.947,4.20261,45.4082,0,84,65,44,2760,10501,5.12848,165,16.8662,0,0,5435,29016428201
484.473,2.0641,45.4082,0,84,65,44,2760,10501,5.12848,165,16.8662,0,0,5435,29018492501
385.363,2.59495,45.4082,0,84,65,44,2760,10501,5.12848,165,16.8662,0,0,5435,29021087925
462.441,2.16244,45.4082,0,84,65,44,2760,10501,5.12848,165,16.8662,0,0,5435,29023250681
293.006,3.41289,45.4082,0,84,65,44,2760,10501,5.12848,165,16.8662,0,0,5435,29026663892
655.059,1.52658,45.4082,0,84,65,44,2760,10501,5.12848,165,16.8662,0,0,5435,29028190799
346.575,2.88538,45.4082,0,84,65,44,2760,10501,5.12848,165,16.8662,0,0,5435,29031076474
425.634,2.34944,45.4082,0,84,65,44,2760,10501,5.12848,165,16.8662,0,0,5435,29033426322
394.733,2.53335,45.4082,0,84,65,44,2760,10501,5.12848,165,16.8662,0,0,5435,29035960032
333.888,2.99501,45.4082,0,84,65,44,2760,10501,5.12848,165,16.8662,0,0,5435,29038955412
377.618,2.64818,45.4082,0,84,65,44,2760,10501,5.12848,165,16.8662,0,0,5435,29041603828
351.21,2.8473,45.4082,0,84,65,44,2760,10501,5.12848,165,16.8662,0,0,5435,29044451415
223.868,4.46692,45.4082,0,84,65,44,2760,10501,5.12848,165,16.8662,0,0,5435,29048918681
622.957,1.60525,45.4082,0,84,65,44,2760,10501,5.12848,165,16.8662,0,0,5435,29050524331
488.916,2.04534,45.4082,0,84,65,44,2760,10501,5.12848,165,16.8662,0,0,5435,29052570006
372.118,2.68732,45.4082,0,84,65,44,2760,10501,5.12848,165,16.8662,0,0,5435,29055257827
342.157,2.92264,45.4082,0,84,65,44,2760,10501,5.12848,165,16.8662,0,0,5435,29058180570
397.669,2.51465,45.4082,0,84,65,44,2760,10501,5.12848,165,16.8662,0,0,5435,29060695645
502.559,1.98982,45.4082,0,84,65,44,2760,10501,5.12848,165,16.8662,0,0,5435,29062685750
339.283,2.94739,45.4082,0,84,65,44,2760,10501,5.12848,165,16.8662,0,0,5435,29065633417
323.33,3.09281,45.4082,0,84,65,44,2760,10501,5.12848,165,16.8662,0,0,5435,29068726656
482.05,2.07447,45.4082,0,84,65,44,2760,10501,5.12848,165,16.8662,0,0,5435,29070801322
196.065,5.10035,45.4082,0,84,65,44,2760,10501,5.12848,165,16.8662,0,0,5435,29075902148
586.454,1.70516,45.4082,0,84,65,44,2760,10501,5.12848,165,16.8662,0,0,5435,29077607657
524.316,1.90725,45.4082,0,84,65,44,2760,10501,5.12848,165,16.8662,0,0,5435,29079515269
359.012,2.78542,45.4082,0,84,65,44,2760,10501,5.12848,165,16.8662,0,0,5435,29082300873
308.871,3.2376,45.4082,0,84,65,44,2760,10501,5.12848,165,16.8662,0,0,5435,29085538819
632.99,1.5798,45.4082,0,84,65,44,2760,10501,5.12848,165,16.8662,0,0,5435,29087119016
344.598,2.90194,45.4082,0,84,65,44,2760,10501,5.12848,165,16.8662,0,0,5435,29090021258
365.234,2.73797,45.4082,0,84,65,44,2760,10501,5.12848,165,16.8662,0,0,5435,29092759581
349.177,2.86387,45.4082,0,84,65,44,2760,10501,5.12848,165,16.8662,0,0,5435,29095623851
423.232,2.36277,45.4082,0,84,65,44,2760,10501,5.12848,165,16.8662,0,0,5435,29097986882
225.787,4.42895,45.4082,0,84,65,44,2760,10501,5.12848,165,16.8662,0,0,5435,29102416128
496.219,2.01524,45.4082,0,84,65,44,2760,10501,5.12848,165,16.8662,0,0,5435,29104431599
490.517,2.03867,45.4082,0,84,65,44,2760,10501,5.12848,165,16.8662,0,0,5435,29106470639
338.559,2.9537,45.4082,0,84,65,44,2760,10501,5.12848,165,16.8662,0,0,5435,29109424758
414.395,2.41316,45.4082,0,84,65,44,2760,10501,5.12848,165,16.8662,0,0,5435,29111838234
364.205,2.74571,45.4082,0,84,65,44,2760,10501,5.12848,165,16.8662,0,0,5435,29114584345
393.775,2.53952,45.4082,0,84,65,44,2760,10501,5.12848,165,16.8662,0,0,5435,29117124306
364.908,2.74042,45.4082,0,84,65,44,2760,10501,5.12848,165,16.8662,0,0,5435,29119864946
359.623,2.78069,45.4082,0,84,65,44,2760,10501,5.12848,165,16.8662,0,0,5435,29122646040
368.352,2.71479,45.4082,0,84,65,44,2760,10501,5.12848,165,16.8662,0,0,5435,29125361228
204.589,4.88785,45.4082,0,84,65,44,2760,10501,5.12848,165,16.8662,0,0,5435,29130249508
1498.29,0.667427,45.4082,0,84,65,44,2760,10501,5.12848,165,16.8662,0,0,5435,29130917098
490.728,2.03779,45.4082,0,84,65,44,2760,10501,5.12848,165,16.8662,0,0,5435,29132955128
330.404,3.0266,45.4082,0,84,65,44,2760,10501,5.12848,165,16.8662,0,0,5435,29135982191
369.388,2.70718,45.4082,0,84,65,44,2760,10501,5.12848,165,16.8662,0,0,5435,29138689446
363.819,2.74862,45.4082,0,84,65,44,2760,10501,5.12848,165,16.8662,0,0,5435,29141438443
336.178,2.97462,45.4082,0,84,65,44,2760,10501,5.12848,165,16.8662,0,0,5435,29144413552
315.61,3.16847,45.4082,0,84,65,44,2760,10501,5.12848,165,16.8662,0,0,5435,29147582294
656.075,1.52421,45.4082,0,84,65,44,2760,10501,5.12848,165,16.8662,0,0,5435,29149106874
319.144,3.13338,45.4082,0,84,65,44,2760,10501,5.12848,165,16.8662,0,0,5435,29152240682
198.77,5.03094,45.4082,0,84,65,44,2760,10501,5.12848,165,16.8662,0,0,5435,29157272226
776.592,1.28768,45.4082,0,84,65,44,2760,10501,5.12848,165,16.8662,0,0,5435,29158560193
271.17,3.68773,45.4082,0,84,65,44,2760,10501,5.12848,165,16.8662,0,0,5435,29162248365
542.861,1.84209,45.4082,0,84,65,44,2760,10501,5.12848,165,16.8662,0,0,5435,29164090639
633.538,1.57844,45.4082,0,84,65,44,2760,10501,5.12848,165,16.8662,0,0,5435,29165669423
317.224,3.15235,45.4082,0,84,65,44,2760,10501,5.12848,165,16.8662,0,0,5435,29168822038
376.337,2.6572,45.4082,0,84,65,44,2760,10501,5.12848,165,16.8662,0,0,5435,29171479724
368.45,2.71407,45.4082,0,84,65,44,2760,10501,5.12848,165,16.8662,0,0,5435,29174194114
263.669,3.79263,45.4082,0,84,65,44,2760,10501,5.12848,165,16.8662,0,0,5435,29177987030
731.746,1.36659,45.4082,0,84,65,44,2760,10501,5.12848,165,16.8662,0,0,5435,29179353970
201.26,4.96869,45.4082,0,84,65,44,2760,10501,5.12848,165,16.8662,0,0,5435,29184323042
443.17,2.25647,45.4082,0,84,65,44,2760,10501,5.12848,165,16.8662,0,0,5435,29186579897
702.285,1.42392,45.4082,0,84,65,44,2760,10501,5.12848,165,16.8662,0,0,5435,29188004098
480.103,2.08289,45.4082,0,84,65,44,2760,10501,5.12848,165,16.8662,0,0,5435,29190087322
307.596,3.25101,45.4082,0,84,65,44,2760,10501,5.12848,165,16.8662,0,0,5435,29193338672
414.876,2.41036,45.4082,0,84,65,44,2760,10501,5.12848,165,16.8662,0,0,5435,29195749350
394.594,2.53425,45.4082,0,84,65,44,2760,10501,5.12848,165,16.8662,0,0,5435,29198283858
319.094,3.13387,45.4082,0,84,65,44,2760,10501,5.12848,165,16.8662,0,0,5435,29201418233
462.995,2.15985,45.4082,0,84,65,44,2760,10501,5.12848,165,16.8662,0,0,5435,29203578440
349.023,2.86514,45.4082,0,84,65,44,2760,10501,5.12848,165,16.8662,0,0,5435,29206443864
221.903,4.50648,45.4082,0,84,65,44,2760,10501,5.12848,165,16.8662,0,0,5435,29210950718
388.618,2.57322,45.4082,0,84,65,44,2760,10501,5.12848,165,16.8662,0,0,5435,29213524487
561.6,1.78063,45.4082,0,84,65,44,2760,10501,5.12848,165,16.8662,0,0,5435,29215305297
349.314,2.86275,45.4082,0,84,65,44,2760,10501,5.12848,165,16.8662,0,0,5435,29218168403
431.165,2.3193,45.4082,0,84,65,44,2760,10501,5.12848,165,16.8662,0,0,5435,29220487895
326.999,3.05811,45.4082,0,84,65,44,2760,10501,5.12848,165,16.8662,0,0,5435,29223546335
549.688,1.81922,45.4082,0,84,65,44,2760,10501,5.12848,165,16.8662,0,0,5435,29225365886
252.304,3.96348,45.4082,0,84,65,44,2760,10501,5.12848,165,16.8662,0,0,5435,29229329693
495.776,2.01704,45.4082,0,84,65,44,2760,10501,5.12848,165,16.8662,0,0,5435,29231347184
406.904,2.45758,45.4082,0,84,65,44,2760,10501,5.12848,165,16.8662,0,0,5435,29233804949
267.316,3.74089,45.4082,0,84,65,44,2760,10501,5.12848,165,16.8662,0,0,5435,29237546316
576.88,1.73346,45.4082,0,84,65,44,2760,10501,5.12848,165,16.8662,0,0,5435,29239280134
402.407,2.48505,45.4082,0,84,65,44,2760,10501,5.12848,165,16.8662,0,0,5435,29241765372
341.845,2.9253,45.4082,0,84,65,44,2760,10501,5.12848,165,16.8662,0,0,5435,29244691076
406.831,2.45802,45.4082,0,84,65,44,2760,10501,5.12848,165,16.8662,0,0,5435,29247149341
427.631,2.33846,45.4082,0,84,65,44,2760,10501,5.12848,165,16.8662,0,0,5435,29249488084
333.931,2.99463,45.4082,0,84,65,44,2760,10501,5.12848,165,16.8662,0,0,5435,29252483060
383.043,2.61067,45.4082,0,84,65,44,2760,10501,5.12848,165,16.8662,0,0,5435,29255094042
371.462,2.69206,45.4082,0,84,65,44,2760,10501,5.12848,165,16.8662,0,0,5435,29257786440
328.985,3.03965,45.4082,0,84,65,44,2760,10501,5.12848,165,16.8662,0,0,5435,29260826437
174.828,5.71992,45.4082,0,84,65,44,2760,10501,5.12848,165,16.8662,0,0,5435,29266546687
537.397,1.86082,45.4082,0,84,65,44,2760,10501,5.12848,165,16.8662,0,0,5435,29268407933
736.921,1.357,45.4082,0,84,65,44,2760,10501,5.12848,165,16.8662,0,0,5435,29269765132
428.643,2.33294,45.4082,0,84,65,44,2760,10501,5.12848,165,16.8662,0,0,5435,29272098413
264.419,3.78188,45.4082,0,84,65,44,2760,10501,5.12848,165,16.8662,0,0,5435,29275880752
260.379,3.84055,45.4082,0,84,65,44,2760,10501,5.12848,165,16.8662,0,0,5435,29279721651
2069.75,0.483151,45.4082,0,84,65,44,2760,10501,5.12848,165,16.8662,0,0,5435,29280205061
445.916,2.24258,45.4082,0,84,65,44,2760,10501,5.12848,165,16.8662,0,0,5435,29282448175
305.048,3.27817,45.4082,0,84,65,44,2760,10501,5.12848,165,16.8662,0,0,5435,29285726747
477.489,2.09429,45.4082,0,84,65,44,2760,10501,5.12848,165,16.8662,0,0,5435,29287821356
237.622,4.20836,45.4082,0,84,65,44,2760,10501,5.12848,165,16.8662,0,0,5435,29292029940
412.801,2.42248,45.4082,0,84,65,44,2760,10501,5.12848,165,16.8662,0,0,5435,29294452734
311.491,3.21037,45.4082,0,84,65,44,2760,10501,5.12848,165,16.8662,0,0,5435,29297663486
579.755,1.72487,45.4082,0,84,65,44,2760,10501,5.12848,165,16.8662,0,0,5435,29299388525
429.663,2.3274,45.4082,0,84,65,44,2760,10501,5.12848,165,16.8662,0,0,5435,29301716276
378.67,2.64082,45.4082,0,84,65,44,2760,10501,5.12848,165,16.8662,0,0,5435,29304357452
398.379,2.51017,45.4082,0,84,65,44,2760,10501,5.12848,165,16.8662,0,0,5435,29306868075
390.182,2.5629,45.4082,0,84,65,44,2760,10501,5.12848,165,16.8662,0,0,5435,29309431354
320.818,3.11703,45.4082,0,84,65,44,2760,10501,5.12848,165,16.8662,0,0,5435,29312548488
227.118,4.403,45.4082,0,84,65,44,2760,10501,5.12848,165,16.8662,0,0,5435,29316951838
311.893,3.20622,45.4082,0,84,65,44,2760,10501,5.12848,165,16.8662,0,0,5435,29320158504
733.522,1.36329,45.4082,0,84,65,44,2760,10501,5.12848,165,16.8662,0,0,5435,29321521992
277.408,3.60479,45.4082,0,84,65,44,2760,10501,5.12848,165,16.8662,0,0,5435,29325127219
2725.49,0.366906,45.4082,0,84,65,44,2760,10501,5.12848,165,16.8662,0,0,5435,29325493962
262.25,3.81316,45.4082,0,84,65,44,2760,10501,5.12848,165,16.8662,0,0,5435,29329307677
569.753,1.75515,45.4082,0,84,65,44,2760,10501,5.12848,165,16.8662,0,0,5435,29331064813
351.363,2.84606,45.2685,0,85,65,44,2760,10501,5.12848,165,16.8715,0,0,5433,29333909496
290.888,3.43775,45.2685,0,85,65,44,2760,10501,5.12848,165,16.8715,0,0,5433,29337347650
557.864,1.79255,45.2685,0,85,65,44,2760,10501,5.12848,165,16.8715,0,0,5433,29339140422
364.792,2.74129,45.2685,0,85,65,44,2760,10501,5.12848,165,16.8715,0,0,5433,29341882015
228.476,4.37683,45.2685,0,85,65,44,2760,10501,5.12848,165,16.8715,0,0,5433,29346259460
615.885,1.62368,45.2685,0,85,65,44,2760,10501,5.12848,165,16.8715,0,0,5433,29347883236
549.511,1.8198,45.2685,0,85,65,44,2760,10501,5.12848,165,16.8715,0,0,5433,29349703345
382.936,2.6114,45.2685,0,85,65,44,2760,10501,5.12848,165,16.8715,0,0,5433,29352315155
228.443,4.37746,45.2685,0,85,65,44,2760,10501,5.12848,165,16.8715,0,0,5433,29356692975
606.843,1.64787,45.2685,0,85,65,44,2760,10501,5.12848,165,16.8715,0,0,5433,29358341088
284.85,3.51062,45.2685,0,85,65,44,2760,10501,5.12848,165,16.8715,0,0,5433,29361852236
611.129,1.63631,45.2685,0,85,65,44,2760,10501,5.12848,165,16.8715,0,0,5433,29363488704
430.64,2.32213,45.2685,0,85,65,44,2760,10501,5.12848,165,16.8715,0,0,5433,29365811167
335.617,2.97959,45.2685,0,85,65,44,2760,10501,5.12848,165,16.8715,0,0,5433,29368791104
474.612,2.10698,45.2685,0,85,65,44,2760,10501,5.12848,165,16.8715,0,0,5433,29370898540
225.402,4.43651,45.2685,0,85,65,44,2760,10501,5.12848,165,16.8715,0,0,5433,29375335430
556.727,1.79621,45.2685,0,85,65,44,2760,10501,5.12848,165,16.8715,0,0,5433,29377131885
578.054,1.72994,45.2685,0,85,65,44,2760,10501,5.12848,165,16.8715,0,0,5433,29378862116
272.826,3.66533,45.2685,0,85,65,44,2760,10501,5.12848,165,16.8715,0,0,5433,29382527778
532.235,1.87887,45.2685,0,85,65,44,2760,10501,5.12848,165,16.8715,0,0,5433,29384406899
338.846,2.9512,45.2685,0,85,65,44,2760,10501,5.12848,165,16.8715,0,0,5433,29387358460
455.771,2.19408,45.2685,0,85,65,44,2760,10501,5.12848,165,16.8715,0,0,5433,29389552813
323.037,3.09562,45.2685,0,85,65,44,2760,10501,5.12848,165,16.8715,0,0,5433,29392648764
223.557,4.47314,45.2685,0,85,65,44,2760,10501,5.12848,165,16.8715,0,0,5433,29397122530
274.724,3.64002,45.2685,0,85,65,44,2760,10501,5.12848,165,16.8715,0,0,5433,29400762931
618.111,1.61783,45.2685,0,85,65,44,2760,10501,5.12848,165,16.8715,0,0,5433,29402381207
553.682,1.80609,45.2685,0,85,65,44,2760,10501,5.12848,165,16.8715,0,0,5433,29404187499
402.007,2.48752,45.2685,0,85,65,44,2760,10501,5.12848,165,16.8715,0,0,5433,29406675333
216.819,4.61214,45.2685,0,85,65,44,2760,10501,5.12848,165,16.8715,0,0,5433,29411287796
340.915,2.93328,45.2685,0,85,65,44,2760,10501,5.12848,165,16.8715,0,0,5433,29414221404
455.139,2.19713,45.2685,0,85,65,44,2760,10501,5.12848,165,16.8715,0,0,5433,29416418959
774.533,1.2911,45.2685,0,85,65,44,2760,10501,5.12848,165,16.8715,0,0,5433,29417710281
400.313,2.49805,45.2685,0,85,65,44,2760,10501,5.12848,165,16.8715,0,0,5433,29420208673
390.087,2.56353,45.2685,0,85,65,44,2760,10501,5.12848,165,16.8715,0,0,5433,29422772529
261.44,3.82497,45.2685,0,85,65,44,2760,10501,5.12848,165,16.8715,0,0,5433,29426597764
297.664,3.3595,45.2685,0,85,65,44,2760,10501,5.12848,165,16.8715,0,0,5433,29429957483
708.544,1.41135,45.2685,0,85,65,44,2760,10501,5.12848,165,16.8715,0,0,5433,29431369174
424.899,2.3535,45.2685,0,85,65,44,2760,10501,5.12848,165,16.8715,0,0,5433,29433723109
398.841,2.50727,45.2685,0,85,65,44,2760,10501,5.12848,165,16.8715,0,0,5433,29436230704
379.56,2.63463,45.2685,0,85,65,44,2760,10501,5.12848,165,16.8715,0,0,5433,29438865610
357.466,2.79747,45.2685,0,85,65,44,2760,10501,5.12848,165,16.8715,0,0,5433,29441663415
349.793,2.85884,45.2685,0,85,65,44,2760,10501,5.12848,165,16.8715,0,0,5433,29444522550
220.568,4.53374,45.2685,0,85,65,44,2760,10501,5.12848,165,16.8715,0,0,5433,29449056732
1199.95,0.833365,45.2685,0,85,65,44,2760,10501,5.12848,165,16.8715,0,0,5433,29449890548
266.859,3.7473,45.2685,0,85,65,44,2760,10501,5.12848,165,16.8715,0,0,5433,29453638204
618.563,1.61665,45.2685,0,85,65,44,2760,10501,5.12848,165,16.8715,0,0,5433,29455255114
409.58,2.44152,45.2685,0,85,65,44,2760,10501,5.12848,165,16.8715,0,0,5433,29457697004
372.92,2.68154,45.2685,0,85,65,44,2760,10501,5.12848,165,16.8715,0,0,5433,29460378796
363.007,2.75477,45.2685,0,85,65,44,2760,10501,5.12848,165,16.8715,0,0,5433,29463133860
429.228,2.32976,45.2685,0,85,65,44,2760,10501,5.12848,165,16.8715,0,0,5433,29465464121
338.093,2.95776,45.2685,0,85,65,44,2760,10501,5.12848,165,16.8715,0,0,5433,29468422106
381.361,2.62218,45.2685,0,85,65,44,2760,10501,5.12848,165,16.8715,0,0,5433,29471044646
377.276,2.65058,45.2685,0,85,65,44,2760,10501,5.12848,165,16.8715,0,0,5433,29473695639
323.011,3.09587,45.2685,0,85,65,44,2760,10501,5.12848,165,16.8715,0,0,5433,29476792051
252.388,3.96215,45.2685,0,85,65,44,2760,10501,5.12848,165,16.8715,0,0,5433,29480754502
476.345,2.09932,45.2685,0,85,65,44,2760,10501,5.12848,165,16.8715,0,0,5433,29482854054
229.004,4.36673,45.2685,0,85,65,44,2760,10501,5.12848,165,16.8715,0,0,5433,29487221124
352.724,2.83508,45.2685,0,85,65,44,2760,10501,5.12848,165,16.8715,0,0,5433,29490056652
587.684,1.7016,45.2685,0,85,65,44,2760,10501,5.12848,165,16.8715,0,0,5433,29491758652
582.581,1.7165,45.2685,0,85,65,44,2760,10501,5.12848,165,16.8715,0,0,5433,29493475402
451.611,2.2143,45.2685,0,85,65,44,2760,10501,5.12848,165,16.8715,0,0,5433,29495689976
377.303,2.65039,45.2685,0,85,65,44,2760,10501,5.12848,165,16.8715,0,0,5433,29498340402
300.21,3.33101,45.2685,0,85,65,44,2760,10501,5.12848,165,16.8715,0,0,5433,29501671899
375.31,2.66446,45.2685,0,85,65,44,2760,10501,5.12848,165,16.8715,0,0,5433,29504336806
270.28,3.69987,45.2685,0,85,65,44,2760,10501,5.12848,165,16.8715,0,0,5433,29508036960
484.074,2.0658,45.2685,0,85,65,44,2760,10501,5.12848,165,16.8715,0,0,5433,29510103212
437.199,2.28729,45.2685,0,85,65,44,2760,10501,5.12848,165,16.8715,0,0,5433,29512390732
370.533,2.69881,45.2685,0,85,65,44,2760,10501,5.12848,165,16.8715,0,0,5433,29515090034
382.862,2.61191,45.2685,0,85,65,44,2760,10501,5.12848,165,16.8715,0,0,5433,29517702112
206.443,4.84394,45.2685,0,85,65,44,2760,10501,5.12848,165,16.8715,0,0,5433,29522546641
1613.43,0.619799,45.2685,0,85,65,44,2760,10501,5.12848,165,16.8715,0,0,5433,29523166720
276.976,3.61042,45.2685,0,85,65,44,2760,10501,5.12848,165,16.8715,0,0,5433,29526777582
253.276,3.94827,45.2685,0,85,65,44,2760,10501,5.12848,165,16.8715,0,0,5433,29530726215
2742.08,0.364686,45.2685,0,85,65,44,2760,10501,5.12848,165,16.8715,0,0,5433,29531090871
274.927,3.63733,45.2685,0,85,65,44,2760,10501,5.12848,165,16.8715,0,0,5433,29534728782
230.121,4.34553,45.2685,0,85,65,44,2760,10501,5.12848,165,16.8715,0,0,5433,29539074554
1281.9,0.780093,45.2685,0,85,65,44,2760,10501,5.12848,165,16.8715,0,0,5433,29539854830
481.044,2.07881,45.2685,0,85,65,44,2760,10501,5.12848,165,16.8715,0,0,5433,29541934073
260.097,3.84473,45.2685,0,85,65,44,2760,10501,5.12848,165,16.8715,0,0,5433,29545778991
585.797,1.70708,45.2685,0,85,65,44,2760,10501,5.12848,165,16.8715,0,0,5433,29547486328
366.229,2.73053,45.2685,0,85,65,44,2760,10501,5.12848,165,16.8715,0,0,5433,29550217324
386.026,2.5905,45.2685,0,85,65,44,2760,10501,5.12848,165,16.8715,0,0,5433,29552808132
342.335,2.92112,45.2685,0,85,65,44,2760,10501,5.12848,165,16.8715,0,0,5433,29555729673
369.152,2.70891,45.2685,0,85,65,44,2760,10501,5.12848,165,16.8715,0,0,5433,29558439110
257.737,3.87993,45.2685,0,85,65,44,2760,10501,5.12848,165,16.8715,0,0,5433,29562319260
565.773,1.76749,45.2685,0,85,65,44,2760,10501,5.12848,165,16.8715,0,0,5433,29564087099
316.599,3.15857,45.2685,0,85,65,44,2760,10501,5.12848,165,16.8715,0,0,5433,29567245955
471.357,2.12153,45.2685,0,85,65,44,2760,10501,5.12848,165,16.8715,0,0,5433,29569367777
406.974,2.45716,45.2685,0,85,65,44,2760,10501,5.12848,165,16.8715,0,0,5433,29571825302
303.132,3.29889,45.2685,0,85,65,44,2760,10501,5.12848,165,16.8715,0,0,5433,29575124499
453.63,2.20444,45.2685,0,85,65,44,2760,10501,5.12848,165,16.8715,0,0,5433,29577347517
418.521,2.38937,45.2685,0,85,65,44,2760,10501,5.12848,165,16.8715,0,0,5433,29579719058
310.859,3.2169,45.2685,0,85,65,44,2760,10501,5.12848,165,16.8715,0,0,5433,29582936243
469.705,2.12899,45.2685,0,85,65,44,2760,10501,5.12848,165,16.8715,0,0,5433,29585065594
194.434,5.14313,45.2685,0,85,65,44,2760,10501,5.12848,165,16.8715,0,0,5433,29590209152
1144.6,0.873664,45.2685,0,85,65,44,2760,10501,5.12848,165,16.8715,0,0,5433,29591082951
367.854,2.71847,45.2685,0,85,65,44,2760,10501,5.12848,165,16.8715,0,0,5433,29593801706
460.681,2.1707,45.2685,0,85,65,44,2760,10501,5.12848,165,16.8715,0,0,5433,29595972712
375.369,2.66404,45.2685,0,85,65,44,2760,10501,5.12848,165,16.8715,0,0,5433,29598637215
314.179,3.1829,45.2685,0,85,65,44,2760,10501,5.12848,165,16.8715,0,0,5433,29601820332
451.836,2.21319,45.2685,0,85,65,44,2760,10501,5.12848,165,16.8715,0,0,5433,29604033868
305.612,3.27212,45.2685,0,85,65,44,2760,10501,5.12848,165,16.8715,0,0,5433,29607306286
512.303,1.95197,45.2685,0,85,65,44,2760,10501,5.12848,165,16.8715,0,0,5433,29609258659
358.753,2.78743,45.2685,0,85,65,44,2760,10501,5.12848,165,16.8715,0,0,5433,29612046349
241.195,4.14602,45.2685,0,85,65,44,2760,10501,5.12848,165,16.8715,0,0,5433,29616192710
436.654,2.29014,45.2685,0,85,65,44,2760,10501,5.12848,165,16.8715,0,0,5433,29618483336
424.522,2.35559,45.2685,0,85,65,44,2760,10501,5.12848,165,16.8715,0,0,5433,29620839155
402.325,2.48555,45.2685,0,85,65,44,2760,10501,5.12848,165,16.8715,0,0,5433,29623325008
492.987,2.02845,45.2685,0,85,65,44,2760,10501,5.12848,165,16.8715,0,0,5433,29625353875
309.939,3.22644,45.2685,0,85,65,44,2760,10501,5.12848,165,16.8715,0,0,5433,29628580560
357.012,2.80103,45.2685,0,85,65,44,2760,10501,5.12848,165,16.8715,0,0,5433,29631381934
374.48,2.67037,45.2685,0,85,65,44,2760,10501,5.12848,165,16.8715,0,0,5433,29634052610
407.692,2.45283,45.2685,0,85,65,44,2760,10501,5.12848,165,16.8715,0,0,5433,29636505866
277.835,3.59926,45.2685,0,85,65,44,2760,10501,5.12848,165,16.8715,0,0,5433,29640105343
251.487,3.97635,45.2685,0,85,65,44,2760,10501,5.12848,165,16.8715,0,0,5433,29644082083
626.98,1.59495,45.2685,0,85,65,44,2760,10501,5.12848,165,16.8715,0,0,5433,29645677348
518.225,1.92966,45.2685,0,85,65,44,2760,10501,5.12848,165,16.8715,0,0,5433,29647607317
420.984,2.37539,45.2685,0,85,65,44,2760,10501,5.12848,165,16.8715,0,0,5433,29649982955
305.58,3.27247,45.2685,0,85,65,44,2760,10501,5.12848,165,16.8715,0,0,5433,29653255757
337.602,2.96207,45.2685,0,85,65,44,2760,10501,5.12848,165,16.8715,0,0,5433,29656218194
544.199,1.83756,45.2685,0,85,65,44,2760,10501,5.12848,165,16.8715,0,0,5433,29658056025
399.984,2.5001,45.2685,0,85,65,44,2760,10501,5.12848,165,16.8715,0,0,5433,29660556609
352.587,2.83618,45.2685,0,85,65,44,2760,10501,5.12848,165,16.8715,0,0,5433,29663393176
410.034,2.43882,45.2685,0,85,65,44,2760,10501,5.12848,165,16.8715,0,0,5433,29665832172
421.995,2.3697,45.2685,0,85,65,44,2760,10501,5.12848,165,16.8715,0,0,5433,29668202357
282.961,3.53406,45.2685,0,85,65,44,2760,10501,5.12848,165,16.8715,0,0,5433,29671736601
388.174,2.57616,45.2685,0,85,65,44,2760,10501,5.12848,165,16.8715,0,0,5433,29674313053
447.326,2.23551,45.2685,0,85,65,44,2760,10501,5.12848,165,16.8715,0,0,5433,29676548994
348.602,2.8686,45.2685,0,85,65,44,2760,10501,5.12848,165,16.8715,0,0,5433,29679417860
414.382,2.41323,45.2685,0,85,65,44,2760,10501,5.12848,165,16.8715,0,0,5433,29681831393
360.866,2.77111,45.2685,0,85,65,44,2760,10501,5.12848,165,16.8715,0,0,5433,29684602785
343.026,2.91523,45.2685,0,85,65,44,2760,10501,5.12848,165,16.8715,0,0,5433,29687518258
233.492,4.28281,45.2685,0,85,65,44,2760,10501,5.12848,165,16.8715,0,0,5433,29691801604
748.558,1.3359,45.2685,0,85,65,44,2760,10501,5.12848,165,16.8715,0,0,5433,29693137746
229.945,4.34887,45.2685,0,85,65,44,2760,10501,5.12848,165,16.8715,0,0,5433,29697486892
834.455,1.19839,45.2685,0,85,65,44,2760,10501,5.12848,165,16.8715,0,0,5433,29698685682
387.206,2.58261,45.2685,0,85,65,44,2760,10501,5.12848,165,16.8715,0,0,5433,29701268568
389.497,2.56741,45.2685,0,85,65,44,2760,10501,5.12848,165,16.8715,0,0,5433,29703836308
326.199,3.06561,45.2685,0,85,65,44,2760,10501,5.12848,165,16.8715,0,0,5433,29706902257
467.404,2.13948,45.2685,0,85,65,44,2760,10501,5.12848,165,16.8715,0,0,5433,29709042156
301.015,3.32209,45.2685,0,85,65,44,2760,10501,5.12848,165,16.8715,0,0,5433,29712364547
481.461,2.07701,45.2685,0,85,65,44,2760,10501,5.12848,165,16.8715,0,0,5433,29714442021
342.2,2.92227,45.2685,0,85,65,44,2760,10501,5.12848,165,16.8715,0,0,5433,29717364456
395.337,2.52949,45.2685,0,85,65,44,2760,10501,5.12848,165,16.8715,0,0,5433,29719894397
240.234,4.1626,45.2685,0,85,65,44,2760,10501,5.12848,165,16.8715,0,0,5433,29724057345
564.416,1.77174,45.2685,0,85,65,44,2760,10501,5.12848,165,16.8715,0,0,5433,29725829261
244.323,4.09294,45.2685,0,85,65,44,2760,10501,5.12848,165,16.8715,0,0,5433,29729922677
399.927,2.50046,45.2685,0,85,65,44,2760,10501,5.12848,165,16.8715,0,0,5433,29732423531
703.406,1.42165,45.2685,0,85,65,44,2760,10501,5.12848,165,16.8715,0,0,5433,29733845281
303.258,3.29752,45.2685,0,85,65,44,2760,10501,5.12848,165,16.8715,0,0,5433,29737143305
571.328,1.75031,45.2685,0,85,65,44,2760,10501,5.12848,165,16.8715,0,0,5433,29738893941
369.726,2.70471,45.2685,0,85,65,44,2760,10501,5.12848,165,16.8715,0,0,5433,29741598946
306.385,3.26387,45.2685,0,85,65,44,2760,10501,5.12848,165,16.8715,0,0,5433,29744863037
493.888,2.02475,45.2685,0,85,65,44,2760,10501,5.12848,165,16.8715,0,0,5433,29746888143
222.932,4.48568,45.2685,0,85,65,44,2760,10501,5.12848,165,16.8715,0,0,5433,29751374150
642.112,1.55736,45.2685,0,85,65,44,2760,10501,5.12848,165,16.8715,0,0,5433,29752931857
531.818,1.88034,45.2685,0,85,65,44,2760,10501,5.12848,165,16.8715,0,0,5433,29754812574
314.712,3.17751,45.2685,0,85,65,44,2760,10501,5.12848,165,16.8715,0,0,5433,29757990373
330.183,3.02862,45.2685,0,85,65,44,2760,10501,5.12848,165,16.8715,0,0,5433,29761019321
340.207,2.93939,45.2685,0,85,65,44,2760,10501,5.12848,165,16.8715,0,0,5433,29763959026
554.252,1.80423,45.2685,0,85,65,44,2760,10501,5.12848,165,16.8715,0,0,5433,29765763578
374.223,2.6722,45.2685,0,85,65,44,2760,10501,5.12848,165,16.8715,0,0,5433,29768436129
341.809,2.92561,45.2685,0,85,65,44,2760,10501,5.12848,165,16.8715,0,0,5433,29771362112
444.949,2.24745,45.2685,0,85,65,44,2760,10501,5.12848,165,16.8715,0,0,5433,29773609890
237.97,4.20222,45.2685,0,85,65,44,2760,10501,5.12848,165,16.8715,0,0,5433,29777812407
640.467,1.56136,45.2685,0,85,65,44,2760,10501,5.12848,165,16.8715,0,0,5433,29779374036
361.913,2.76309,45.2685,0,85,65,44,2760,10501,5.12848,165,16.8715,0,0,5433,29782137399
410.609,2.43541,45.2685,0,85,65,44,2760,10501,5.12848,165,16.8715,0,0,5433,29784573154
253.087,3.95121,45.2685,0,85,65,44,2760,10501,5.12848,165,16.8715,0,0,5433,29788524806
276.779,3.61299,45.2685,0,85,65,44,2760,10501,5.12848,165,16.8715,0,0,5433,29792138274
427.695,2.33812,45.2685,0,85,65,44,2760,10501,5.12848,165,16.8715,0,0,5433,29794476478
315.212,3.17246,45.2685,0,85,65,44,2760,10501,5.12848,165,16.8715,0,0,5433,29797649431
565.964,1.7669,45.2685,0,85,65,44,2760,10501,5.12848,165,16.8715,0,0,5433,29799416625
733.206,1.36387,45.2685,0,85,65,44,2760,10501,5.12848,165,16.8715,0,0,5433,29800780883
183.489,5.44992,45.2685,0,85,65,44,2760,10501,5.12848,165,16.8715,0,0,5433,29806231085
709.249,1.40994,45.2685,0,85,65,44,2760,10501,5.12848,165,16.8715,0,0,5433,29807641364
613.335,1.63043,45.2685,0,85,65,44,2760,10501,5.12848,165,16.8715,0,0,5433,29809272073
394.216,2.53668,45.2685,0,85,65,44,2760,10501,5.12848,165,16.8715,0,0,5433,29811809196
330.823,3.02276,45.2685,0,85,65,44,2760,10501,5.12848,165,16.8715,0,0,5433,29814832173
358.673,2.78805,45.2685,0,85,65,44,2760,10501,5.12848,165,16.8715,0,0,5433,29817620633
432.378,2.31279,45.2685,0,85,65,44,2760,10501,5.12848,165,16.8715,0,0,5433,29819933682
373.962,2.67407,45.2685,0,85,65,44,2760,10501,5.12848,165,16.8715,0,0,5433,29822608070
346.341,2.88733,45.2685,0,85,65,44,2760,10501,5.12848,165,16.8715,0,0,5433,29825495715
366.235,2.73049,45.2685,0,85,65,44,2760,10501,5.12848,165,16.8715,0,0,5433,29828226509
408.007,2.45094,45.2685,0,85,65,44,2760,10501,5.12848,165,16.8715,0,0,5433,29830677928
270.9,3.6914,45.2685,0,85,65,44,2760,10501,5.12848,165,16.8715,0,0,5433,29834371264
619.322,1.61467,45.1327,0,85,65,44,2760,10501,5.12848,166,16.8706,0,0,5444,29835984646
364.363,2.74451,45.1327,0,85,65,44,2760,10501,5.12848,166,16.8706,0,0,5444,29838729267
346.041,2.88983,45.1327,0,85,65,44,2760,10501,5.12848,166,16.8706,0,0,5444,29841619413
213.414,4.68574,45.1327,0,85,65,44,2760,10501,5.12848,166,16.8706,0,0,5444,29846305657
869.449,1.15015,45.1327,0,85,65,44,2760,10501,5.12848,166,16.8706,0,0,5444,29847456013
483.871,2.06667,45.1327,0,85,65,44,2760,10501,5.12848,166,16.8706,0,0,5444,29849522967
367.939,2.71784,45.1327,0,85,65,44,2760,10501,5.12848,166,16.8706,0,0,5444,29852241290
377.487,2.6491,45.1327,0,85,65,44,2760,10501,5.12848,166,16.8706,0,0,5444,29854890600
207.696,4.81474,45.1327,0,85,65,44,2760,10501,5.12848,166,16.8706,0,0,5444,29859705830
648.774,1.54137,45.1327,0,85,65,44,2760,10501,5.12848,166,16.8706,0,0,5444,29861247401
582.235,1.71752,45.1327,0,85,65,44,2760,10501,5.12848,166,16.8706,0,0,5444,29862965372
330.443,3.02624,45.1327,0,85,65,44,2760,10501,5.12848,166,16.8706,0,0,5444,29865991888
483.069,2.0701,45.1327,0,85,65,44,2760,10501,5.12848,166,16.8706,0,0,5444,29868062284
396.624,2.52128,45.1327,0,85,65,44,2760,10501,5.12848,166,16.8706,0,0,5444,29870584014
361.94,2.76289,45.1327,0,85,65,44,2760,10501,5.12848,166,16.8706,0,0,5444,29873347241
253.398,3.94635,45.1327,0,85,65,44,2760,10501,5.12848,166,16.8706,0,0,5444,29877293971
617.736,1.61881,45.1327,0,85,65,44,2760,10501,5.12848,166,16.8706,0,0,5444,29878913044
294.546,3.39506,45.1327,0,85,65,44,2760,10501,5.12848,166,16.8706,0,0,5444,29882308553
548.375,1.82357,45.1327,0,85,65,44,2760,10501,5.12848,166,16.8706,0,0,5444,29884132364
321.414,3.11125,45.1327,0,85,65,44,2760,10501,5.12848,166,16.8706,0,0,5444,29887243902
323.629,3.08996,45.1327,0,85,65,44,2760,10501,5.12848,166,16.8706,0,0,5444,29890334343
621.268,1.60961,45.1327,0,85,65,44,2760,10501,5.12848,166,16.8706,0,0,5444,29891944185
277.708,3.60091,45.1327,0,85,65,44,2760,10501,5.12848,166,16.8706,0,0,5444,29895545422
463.384,2.15804,45.1327,0,85,65,44,2760,10501,5.12848,166,16.8706,0,0,5444,29897703716
430.12,2.32493,45.1327,0,85,65,44,2760,10501,5.12848,166,16.8706,0,0,5444,29900028939
332.423,3.00822,45.1327,0,85,65,44,2760,10501,5.12848,166,16.8706,0,0,5444,29903037617
386.473,2.5875,45.1327,0,85,65,44,2760,10501,5.12848,166,16.8706,0,0,5444,29905625435
399.464,2.50335,45.1327,0,85,65,44,2760,10501,5.12848,166,16.8706,0,0,5444,29908128981
196.393,5.09184,45.1327,0,85,65,44,2760,10501,5.12848,166,16.8706,0,0,5444,29913221172
565.567,1.76814,45.1327,0,85,65,44,2760,10501,5.12848,166,16.8706,0,0,5444,29914989664
594.184,1.68298,45.1327,0,85,65,44,2760,10501,5.12848,166,16.8706,0,0,5444,29916672874
473.174,2.11339,45.1327,0,85,65,44,2760,10501,5.12848,166,16.8706,0,0,5444,29918786551
325.871,3.0687,45.1327,0,85,65,44,2760,10501,5.12848,166,16.8706,0,0,5444,29921855597
290.679,3.44022,45.1327,0,85,65,44,2760,10501,5.12848,166,16.8706,0,0,5444,29925296329
574.16,1.74167,45.1327,0,85,65,44,2760,10501,5.12848,166,16.8706,0,0,5444,29927038205
301.564,3.31604,45.1327,0,85,65,44,2760,10501,5.12848,166,16.8706,0,0,5444,29930354614
479.797,2.08421,45.1327,0,85,65,44,2760,10501,5.12848,166,16.8706,0,0,5444,29932439060
334.484,2.98968,45.1327,0,85,65,44,2760,10501,5.12848,166,16.8706,0,0,5444,29935444401
392.905,2.54514,45.1327,0,85,65,44,2760,10501,5.12848,166,16.8706,0,0,5444,29937989920
386.847,2.585,45.1327,0,85,65,44,2760,10501,5.12848,166,16.8706,0,0,5444,29940575315
397.657,2.51473,45.1327,0,85,65,44,2760,10501,5.12848,166,16.8706,0,0,5444,29943090390
372.718,2.68299,45.1327,0,85,65,44,2760,10501,5.12848,166,16.8706,0,0,5444,29945773634
359.487,2.78174,45.1327,0,85,65,44,2760,10501,5.12848,166,16.8706,0,0,5444,29948555747
385.603,2.59334,45.1327,0,85,65,44,2760,10501,5.12848,166,16.8706,0,0,5444,29951149373
273.265,3.65945,45.1327,0,85,65,44,2760,10501,5.12848,166,16.8706,0,0,5444,29954809362
510.711,1.95806,45.1327,0,85,65,44,2760,10501,5.12848,166,16.8706,0,0,5444,29956767697
416.947,2.39839,45.1327,0,85,65,44,2760,10501,5.12848,166,16.8706,0,0,5444,29959166316
337.97,2.95884,45.1327,0,85,65,44,2760,10501,5.12848,166,16.8706,0,0,5444,29962125435
426.413,2.34515,45.1327,0,85,65,44,2760,10501,5.12848,166,16.8706,0,0,5444,29964470947
291.797,3.42704,45.1327,0,85,65,44,2760,10501,5.12848,166,16.8706,0,0,5444,29967898283
261.466,3.82459,45.1327,0,85,65,44,2760,10501,5.12848,166,16.8706,0,0,5444,29971723403
653.774,1.52958,45.1327,0,85,65,44,2760,10501,5.12848,166,16.8706,0,0,5444,29973253272
314.294,3.18173,45.1327,0,85,65,44,2760,10501,5.12848,166,16.8706,0,0,5444,29976435244
599.978,1.66673,45.1327,0,85,65,44,2760,10501,5.12848,166,16.8706,0,0,5444,29978102262
263.019,3.80201,45.1327,0,85,65,44,2760,10501,5.12848,166,16.8706,0,0,5444,29981904621
680.681,1.46912,45.1327,0,85,65,44,2760,10501,5.12848,166,16.8706,0,0,5444,29983374151
322.754,3.09834,45.1327,0,85,65,44,2760,10501,5.12848,166,16.8706,0,0,5444,29986472823
472.074,2.11831,45.1327,0,85,65,44,2760,10501,5.12848,166,16.8706,0,0,5444,29988591375
353.79,2.82654,45.1327,0,85,65,44,2760,10501,5.12848,166,16.8706,0,0,5444,29991418364
252.7,3.95727,45.1327,0,85,65,44,2760,10501,5.12848,166,16.8706,0,0,5444,29995375940
572.494,1.74674,45.1327,0,85,65,44,2760,10501,5.12848,166,16.8706,0,0,5444,29997122903
282.338,3.54186,45.1327,0,85,65,44,2760,10501,5.12848,166,16.8706,0,0,5444,30000665080
